Valor nulo: -9999.9															
Fecha (GMT)	Altura Signif. del Oleaje (Hm0)(m)	Altura signif. de cruce por cero (H1/3)(m)	Periodo Medio(s)	Periodo Medio Tm02(s)	Periodo de Pico(s)	Altura Máxima del Oleaje(m)	Periodo de la Ola Maxima(s)	Canal de obtencion de los datos	Direcc. Media de Proced.(0=N,90=E)	Direccion Media en el Pico Espectral(0=N,90=E)	Dispersión angular en toda la banda resuelta(grados)	Dispersión angular en el pico de energía espectral(grados)	Canal de obtencion de los datos	Temperatura del Agua(ºC)	Canal de obtencion de los datos
2025 02 19 00	1.15	1.07	6.27	5.87	6.78	1.56	6.16	1	158	102	-9999.9	62	1	16.5	3
2025 02 19 01	1.17	1.07	6.76	6.02	6.91	2.0	7.62	1	159	127	-9999.9	71	1	16.3	3
2025 02 19 02	1.22	1.11	6.68	5.92	7.92	1.66	8.54	1	144	229	-9999.9	62	1	16.5	3
2025 02 19 03	1.18	1.09	6.87	5.99	8.37	2.04	7.94	1	189	225	-9999.9	34	1	16.5	3
2025 02 19 04	1.27	1.16	6.53	5.92	7.59	2.05	8.64	1	197	232	-9999.9	44	1	16.5	3
2025 02 19 05	1.23	1.1	7.11	6.54	8.81	1.69	8.13	1	205	213	-9999.9	38	1	16.5	3
2025 02 19 06	1.19	1.07	6.45	6.11	7.46	1.57	6.36	1	183	234	-9999.9	65	1	16.3	3
2025 02 19 07	1.19	1.08	6.36	6.0	7.34	1.6	7.6	1	171	112	-9999.9	60	1	16.4	3
2025 02 19 08	1.02	0.94	6.31	5.75	7.31	1.41	5.53	1	157	110	-9999.9	67	1	16.2	3
2025 02 19 09	0.94	0.83	5.86	5.47	7.45	1.38	7.28	1	157	166	-9999.9	62	1	16.1	3
2025 02 19 10	1.11	1.01	6.13	5.8	8.0	1.64	10.04	1	157	189	-9999.9	34	1	16.2	3
2025 02 19 11	0.76	0.68	5.75	5.29	9.3	0.98	7.3	1	118	210	-9999.9	65	1	16.3	3
2025 02 19 12	0.75	0.68	6.34	5.52	8.42	1.07	7.09	1	142	212	-9999.9	50	1	16.4	3
2025 02 19 13	0.81	0.72	6.35	5.87	6.64	1.13	7.91	1	148	111	-9999.9	72	1	16.6	3
2025 02 19 14	0.77	0.68	6.04	5.38	11.29	1.29	8.32	1	169	225	-9999.9	32	1	16.7	3
2025 02 19 15	0.88	0.82	6.62	5.78	9.93	1.17	9.68	1	190	235	-9999.9	18	1	16.6	3
2025 02 19 16	0.96	0.9	6.76	5.97	9.95	1.35	7.96	1	200	231	-9999.9	25	1	16.7	3
2025 02 19 17	1.02	0.94	6.41	5.79	9.01	1.55	11.35	1	205	233	-9999.9	35	1	16.7	3
2025 02 19 18	1.15	1.05	6.42	6.0	9.07	1.47	7.32	1	203	235	-9999.9	38	1	16.5	3
2025 02 19 19	1.09	1.01	6.33	6.11	8.72	1.57	7.01	1	192	207	-9999.9	44	1	16.3	3
2025 02 19 20	1.03	0.94	6.88	6.47	9.25	1.51	7.34	1	175	179	-9999.9	45	1	16.3	3
2025 02 19 21	1.02	0.91	6.49	6.1	8.74	1.71	9.64	1	190	207	-9999.9	42	1	16.1	3
2025 02 19 22	1.01	0.93	6.36	6.09	9.77	1.5	9.93	1	177	181	-9999.9	55	1	16.2	3
2025 02 19 23	0.79	0.71	6.29	5.91	9.16	1.22	11.89	1	164	207	-9999.9	55	1	16.4	3
2025 02 20 00	0.85	0.75	6.0	5.74	10.22	1.29	7.86	1	172	230	-9999.9	50	1	16.4	3
2025 02 20 01	0.73	0.67	6.83	5.87	11.84	0.94	9.15	1	180	277	-9999.9	71	1	16.4	3
2025 02 20 02	0.65	0.58	6.02	5.41	10.05	1.04	8.96	1	177	231	-9999.9	49	1	16.2	3
2025 02 20 03	0.71	0.66	6.19	5.49	9.75	0.93	10.16	1	187	232	-9999.9	32	1	16.6	3
2025 02 20 04	0.74	0.68	6.55	5.62	10.26	1.2	12.25	1	192	208	-9999.9	45	1	16.6	3
2025 02 20 05	0.82	0.73	6.86	6.3	9.86	1.24	9.72	1	204	218	-9999.9	30	1	16.6	3
2025 02 20 06	0.76	0.72	6.76	5.92	8.8	1.28	7.56	1	212	235	-9999.9	51	1	16.2	3
2025 02 20 07	0.69	0.63	6.15	5.56	8.45	1.0	7.46	1	181	206	-9999.9	51	1	16.4	3
2025 02 20 08	0.74	0.68	6.38	5.7	8.54	1.03	7.61	1	199	217	-9999.9	41	1	16.2	3
2025 02 20 09	0.81	0.73	6.44	5.88	8.44	1.28	7.65	1	197	210	-9999.9	31	1	16.2	3
2025 02 20 10	0.71	0.65	6.23	5.52	10.59	0.99	11.22	1	188	183	-9999.9	48	1	16.2	3
2025 02 20 11	0.85	0.76	5.65	4.91	7.7	1.23	8.68	1	188	195	-9999.9	59	1	16.2	3
2025 02 20 12	0.72	0.63	4.92	4.36	7.66	1.09	9.81	1	115	173	-9999.9	65	1	16.4	3
2025 02 20 13	0.66	0.58	4.94	4.38	8.24	1.18	8.21	1	100	202	-9999.9	61	1	16.4	3
2025 02 20 14	0.77	0.68	4.44	4.02	4.27	1.06	4.02	1	101	89	-9999.9	35	1	16.5	3
2025 02 20 15	0.81	0.68	4.24	3.78	8.37	1.13	10.53	1	118	230	-9999.9	48	1	16.6	3
2025 02 20 16	0.85	0.71	4.12	3.82	8.22	1.13	11.13	1	129	231	-9999.9	42	1	16.8	3
2025 02 20 17	0.9	0.73	4.2	3.8	8.78	1.06	4.79	1	139	222	-9999.9	51	1	16.7	3
2025 02 20 18	0.81	0.7	4.22	3.7	6.55	1.08	7.41	1	133	209	-9999.9	53	1	16.7	3
2025 02 20 19	0.9	0.74	4.29	3.95	6.54	1.15	7.48	1	157	222	-9999.9	38	1	16.5	3
2025 02 20 20	0.81	0.69	4.17	3.85	4.08	1.22	4.43	1	91	74	-9999.9	20	1	16.4	3
2025 02 20 21	0.69	0.57	4.47	4.08	10.22	0.97	11.41	1	137	202	-9999.9	46	1	16.2	3
2025 02 20 22	0.61	0.53	4.25	3.76	7.94	0.98	11.63	1	115	177	-9999.9	47	1	16.3	3
2025 02 20 23	0.61	0.5	4.2	3.4	10.18	0.84	3.9	1	108	194	-9999.9	56	1	16.3	3
2025 02 21 00	0.86	0.74	4.19	3.9	4.53	1.09	4.75	1	81	66	-9999.9	20	1	16.3	3
2025 02 21 01	0.86	0.76	4.25	3.93	4.94	1.38	5.37	1	72	64	-9999.9	27	1	16.4	3
2025 02 21 02	1.09	0.99	4.21	3.99	4.99	1.82	4.51	1	78	79	-9999.9	25	1	16.5	3
2025 02 21 03	1.04	0.92	3.97	3.74	4.74	1.55	4.85	1	76	79	-9999.9	29	1	16.6	3
2025 02 21 04	1.08	0.95	3.94	3.55	4.83	1.66	4.55	1	83	75	-9999.9	27	1	16.6	3
2025 02 21 05	1.06	0.92	3.9	3.51	4.72	1.44	4.56	1	88	81	-9999.9	32	1	16.6	3
2025 02 21 06	1.1	0.97	3.96	3.63	4.82	1.65	4.52	1	90	78	-9999.9	28	1	16.5	3
2025 02 21 07	1.11	0.94	3.82	3.62	4.72	1.78	3.74	1	89	76	-9999.9	26	1	16.5	3
2025 02 21 08	1.13	0.99	4.0	3.72	5.09	1.66	4.58	1	92	86	-9999.9	22	1	16.5	3
2025 02 21 09	1.08	0.96	3.95	3.58	4.81	1.65	4.67	1	87	76	-9999.9	29	1	16.5	3
2025 02 21 10	1.11	0.96	4.0	3.82	4.84	1.65	5.0	1	72	72	-9999.9	17	1	16.4	3
2025 02 21 11	1.05	0.91	4.0	3.66	4.89	1.55	5.13	1	81	66	-9999.9	23	1	16.5	3
2025 02 21 12	0.95	0.82	4.0	3.54	4.92	1.41	3.99	1	89	79	-9999.9	31	1	16.5	3
2025 02 21 13	0.75	0.63	3.69	3.15	8.46	1.1	5.89	1	83	208	-9999.9	53	1	16.5	3
2025 02 21 14	0.87	0.76	3.89	3.47	4.7	1.39	5.41	1	85	72	-9999.9	20	1	16.5	3
2025 02 21 15	0.86	0.73	3.84	3.33	4.69	1.13	5.12	1	95	75	-9999.9	30	1	16.5	3
2025 02 21 16	0.82	0.68	3.86	3.43	4.84	1.1	4.4	1	110	80	-9999.9	29	1	16.5	3
2025 02 21 17	0.79	0.68	3.87	3.27	9.95	1.18	4.88	1	118	224	-9999.9	41	1	16.5	3
2025 02 21 18	0.82	0.69	4.29	3.69	8.47	1.23	7.33	1	158	233	-9999.9	37	1	16.5	3
2025 02 21 19	0.75	0.66	4.7	3.83	11.36	0.97	9.17	1	162	232	-9999.9	45	1	16.5	3
2025 02 21 20	0.76	0.65	4.94	4.24	8.6	0.97	6.79	1	158	225	-9999.9	39	1	16.5	3
2025 02 21 21	0.76	0.68	5.79	5.23	10.87	1.09	11.43	1	159	221	-9999.9	48	1	16.9	3
2025 02 21 22	0.75	0.65	5.68	5.15	11.4	1.22	12.51	1	120	205	-9999.9	71	1	16.7	3
2025 02 21 23	0.65	0.57	6.54	5.6	19.75	0.95	14.18	1	174	206	-9999.9	51	1	16.5	3
2025 02 22 00	0.57	0.49	6.16	5.47	18.92	0.86	14.32	1	121	77	-9999.9	79	1	16.5	3
2025 02 22 01	0.67	0.62	6.7	5.88	17.1	1.02	16.68	1	154	181	-9999.9	63	1	16.4	3
2025 02 22 02	0.81	0.69	5.58	4.58	16.53	1.3	16.73	1	150	174	-9999.9	44	1	16.6	3
2025 02 22 03	0.74	0.6	4.41	3.61	18.56	1.05	15.88	1	172	219	-9999.9	73	1	16.5	3
2025 02 22 04	0.85	0.7	4.53	3.76	15.88	1.18	16.77	1	166	191	-9999.9	67	1	16.6	3
2025 02 22 05	0.86	0.71	4.31	3.62	17.31	1.17	8.99	1	183	161	-9999.9	60	1	16.7	3
2025 02 22 06	0.94	0.76	4.38	3.54	19.66	1.21	11.54	1	205	202	-9999.9	72	1	16.6	3
2025 02 22 07	0.83	0.67	4.01	3.48	15.86	1.12	11.68	1	186	182	-9999.9	53	1	16.6	3
2025 02 22 08	1.01	0.81	4.44	3.77	15.78	1.35	12.75	1	209	198	-9999.9	50	1	16.6	3
2025 02 22 09	0.95	0.83	4.9	4.19	13.79	1.26	8.44	1	215	208	-9999.9	54	1	16.5	3
2025 02 22 10	0.93	0.78	5.36	4.7	15.32	1.18	6.15	1	214	187	-9999.9	40	1	16.4	3
2025 02 22 11	0.9	0.78	5.25	4.65	12.34	1.3	9.79	1	216	230	-9999.9	42	1	16.4	3
2025 02 22 12	0.83	0.72	5.86	5.14	15.27	1.09	9.58	1	209	207	-9999.9	55	1	16.5	3
2025 02 22 13	0.83	0.74	5.33	4.17	10.37	1.49	6.49	1	204	212	-9999.9	38	1	16.6	3
2025 02 22 14	0.93	0.79	5.15	4.31	10.7	1.39	13.93	1	208	223	-9999.9	34	1	16.6	3
2025 02 22 15	0.75	0.66	5.6	4.4	15.65	1.05	8.66	1	195	189	-9999.9	75	1	16.6	3
2025 02 22 16	0.66	0.56	5.42	4.46	15.56	0.86	12.69	1	194	177	-9999.9	58	1	16.8	3
2025 02 22 17	0.77	0.64	5.07	4.3	13.15	1.19	12.96	1	200	200	-9999.9	58	1	16.6	3
2025 02 22 18	0.83	0.72	4.78	3.86	10.49	1.22	9.61	1	216	224	-9999.9	39	1	16.5	3
2025 02 22 19	0.85	0.72	4.88	4.23	8.71	1.22	9.93	1	217	217	-9999.9	36	1	16.5	3
2025 02 22 20	0.87	0.76	5.04	4.57	10.58	1.28	7.79	1	221	222	-9999.9	31	1	16.4	3
2025 02 22 21	0.82	0.7	4.89	4.28	11.4	1.1	8.87	1	213	227	-9999.9	31	1	16.2	3
2025 02 22 22	0.66	0.58	5.11	4.54	12.88	0.97	8.23	1	199	196	-9999.9	44	1	16.3	3
2025 02 22 23	0.73	0.66	5.48	4.84	9.46	1.19	8.51	1	191	204	-9999.9	52	1	16.4	3
2025 02 23 00	0.7	0.63	5.88	5.4	10.39	1.06	7.64	1	190	222	-9999.9	57	1	16.5	3
2025 02 23 01	0.7	0.6	5.62	5.16	14.17	1.02	7.66	1	188	196	-9999.9	53	1	16.6	3
2025 02 23 02	0.69	0.62	6.37	5.29	14.59	1.25	8.5	1	195	206	-9999.9	68	1	16.6	3
2025 02 23 03	0.64	0.6	6.66	5.49	15.28	1.0	13.1	1	199	217	-9999.9	61	1	16.5	3
2025 02 23 04	0.58	0.52	6.4	4.89	15.3	0.78	14.97	1	190	190	-9999.9	74	1	16.5	3
2025 02 23 05	0.53	0.44	6.31	4.7	16.34	0.84	11.06	1	211	187	-9999.9	65	1	16.5	3
2025 02 23 06	0.46	0.43	6.3	5.26	13.06	0.78	14.44	1	185	174	-9999.9	65	1	16.5	3
2025 02 23 07	0.58	0.54	7.06	6.24	13.73	0.89	12.76	1	209	216	-9999.9	58	1	16.4	3
2025 02 23 08	0.56	0.5	6.71	5.68	12.37	0.81	10.04	1	214	219	-9999.9	33	1	16.3	3
2025 02 23 09	0.58	0.55	7.97	6.49	12.29	0.81	10.86	1	214	228	-9999.9	32	1	16.5	3
2025 02 23 10	0.57	0.53	6.54	5.93	12.67	0.85	8.97	1	200	214	-9999.9	40	1	16.5	3
2025 02 23 11	0.67	0.59	5.6	5.07	12.53	0.92	8.06	1	217	222	-9999.9	40	1	16.5	3
2025 02 23 12	0.87	0.76	5.15	4.7	10.04	1.36	8.6	1	221	223	-9999.9	38	1	16.5	3
2025 02 23 13	0.86	0.77	5.39	4.79	12.11	1.22	11.78	1	219	221	-9999.9	33	1	16.5	3
2025 02 23 14	0.83	0.77	5.9	5.17	9.49	1.18	8.93	1	209	218	-9999.9	31	1	16.7	3
2025 02 23 15	0.76	0.7	5.59	4.82	9.86	1.13	9.98	1	213	208	-9999.9	33	1	16.6	3
2025 02 23 16	0.77	0.69	5.83	5.07	10.48	1.31	9.23	1	212	217	-9999.9	44	1	16.7	3
2025 02 23 17	0.61	0.57	5.9	4.98	10.57	0.83	10.28	1	170	186	-9999.9	48	1	16.6	3
2025 02 23 18	0.58	0.54	6.16	5.41	9.95	0.85	8.72	1	197	224	-9999.9	56	1	16.5	3
2025 02 23 19	0.56	0.55	6.74	5.73	10.5	0.77	9.37	1	210	228	-9999.9	39	1	16.4	3
2025 02 23 20	0.62	0.58	6.4	5.52	13.21	1.03	11.96	1	210	217	-9999.9	21	1	16.3	3
2025 02 23 21	0.65	0.59	6.1	5.16	11.33	0.98	10.49	1	212	227	-9999.9	31	1	16.3	3
2025 02 23 22	0.67	0.57	5.35	4.48	11.29	1.08	9.89	1	214	214	-9999.9	29	1	16.3	3
2025 02 23 23	0.66	0.58	5.4	4.41	10.28	0.99	10.42	1	213	230	-9999.9	33	1	16.3	3
2025 02 24 00	0.6	0.52	5.02	4.34	13.1	0.91	8.95	1	195	282	-9999.9	73	1	16.2	3
2025 02 24 01	0.49	0.42	5.25	4.77	11.89	0.67	9.11	1	114	204	-9999.9	78	1	16.4	3
2025 02 24 02	0.6	0.55	6.1	5.03	13.23	0.92	8.24	1	160	189	-9999.9	57	1	16.3	3
2025 02 24 03	0.54	0.45	4.5	4.01	10.58	0.76	9.04	1	121	202	-9999.9	66	1	16.4	3
2025 02 24 04	0.57	0.51	4.55	4.09	12.37	0.77	5.58	1	107	202	-9999.9	65	1	16.4	3
2025 02 24 05	0.61	0.51	4.14	3.95	12.33	0.77	5.06	1	100	194	-9999.9	54	1	16.5	3
2025 02 24 06	0.61	0.53	3.74	3.4	4.14	0.87	3.55	1	85	84	-9999.9	28	1	16.5	3
2025 02 24 07	0.65	0.55	3.47	3.19	3.48	0.89	3.05	1	83	74	-9999.9	18	1	16.4	3
2025 02 24 08	0.66	0.55	3.59	3.18	7.05	0.81	9.53	1	100	208	-9999.9	64	1	16.3	3
2025 02 24 09	0.69	0.57	3.55	3.08	4.63	1.05	3.94	1	90	87	-9999.9	35	1	16.3	3
2025 02 24 10	0.7	0.57	3.66	3.13	4.82	0.99	7.86	1	98	84	-9999.9	47	1	16.3	3
2025 02 24 11	0.77	0.63	3.49	3.28	4.53	1.0	3.89	1	103	85	-9999.9	30	1	16.4	3
2025 02 24 12	0.77	0.65	3.79	3.44	6.68	0.99	3.57	1	110	112	-9999.9	53	1	16.5	3
2025 02 24 13	0.76	0.67	3.9	3.55	5.19	1.07	7.55	1	97	83	-9999.9	40	1	16.4	3
2025 02 24 14	0.74	0.64	4.01	3.41	8.12	1.25	8.22	1	113	219	-9999.9	64	1	16.3	3
2025 02 24 15	0.69	0.57	3.96	3.31	9.41	1.0	6.71	1	127	207	-9999.9	43	1	16.3	3
2025 02 24 16	0.67	0.58	4.32	3.97	5.14	0.91	5.83	1	81	78	-9999.9	33	1	16.3	3
2025 02 24 17	0.74	0.63	3.83	3.43	8.27	1.04	9.08	1	114	152	-9999.9	69	1	16.2	3
2025 02 24 18	0.6	0.52	4.31	3.82	7.35	0.97	4.98	1	122	78	-9999.9	62	1	16.2	3
2025 02 24 19	0.66	0.58	4.11	3.66	4.28	0.96	5.09	1	74	70	-9999.9	31	1	16.4	3
2025 02 24 20	0.53	0.44	4.34	3.66	8.95	0.72	5.41	1	105	218	-9999.9	60	1	16.3	3
2025 02 24 21	0.61	0.53	5.21	4.6	9.79	1.05	10.27	1	169	232	-9999.9	27	1	16.2	3
2025 02 24 22	0.56	0.49	5.58	4.97	12.27	0.83	11.0	1	184	220	-9999.9	24	1	16.3	3
2025 02 24 23	0.64	0.58	6.89	5.94	11.0	0.87	7.36	1	209	233	-9999.9	26	1	16.2	3
2025 02 25 00	0.62	0.57	6.93	5.99	12.96	0.99	9.86	1	186	203	-9999.9	53	1	16.4	3
2025 02 25 01	0.48	0.43	6.7	6.07	7.55	0.74	7.94	1	116	102	-9999.9	63	1	16.3	3
2025 02 25 02	0.42	0.38	6.54	5.53	11.35	0.57	7.45	1	175	199	-9999.9	55	1	16.0	3
2025 02 25 03	0.46	0.42	6.12	5.26	16.24	0.72	19.94	1	171	189	-9999.9	56	1	16.0	3
2025 02 25 04	0.44	0.38	6.71	5.35	13.23	0.55	9.24	1	172	177	-9999.9	56	1	16.3	3
2025 02 25 05	0.42	0.38	6.8	5.18	17.0	0.63	14.38	1	169	179	-9999.9	65	1	16.2	3
2025 02 25 06	0.38	0.36	7.35	5.78	15.45	0.57	11.42	1	140	4	-9999.9	72	1	16.3	3
2025 02 25 07	0.36	0.33	6.94	5.35	14.24	0.48	12.47	1	180	219	-9999.9	73	1	16.5	3
2025 02 25 08	0.38	0.35	5.94	4.81	11.9	0.55	11.8	1	177	205	-9999.9	53	1	16.5	3
2025 02 25 09	0.42	0.35	5.19	4.0	14.37	0.62	13.55	1	195	214	-9999.9	61	1	16.4	3
2025 02 25 10	0.54	0.41	3.87	3.07	12.86	0.72	6.37	1	210	228	-9999.9	42	1	16.4	3
2025 02 25 11	0.58	0.45	3.94	3.22	15.44	0.84	12.82	1	206	175	-9999.9	69	1	16.4	3
2025 02 25 12	0.58	0.46	4.16	3.3	14.87	0.84	12.85	1	203	71	-9999.9	76	1	16.4	3
2025 02 25 13	0.62	0.49	4.45	3.55	18.25	0.92	14.23	1	214	355	-9999.9	70	1	16.4	3
2025 02 25 14	0.72	0.6	3.86	3.34	13.21	1.03	7.64	1	207	197	-9999.9	56	1	16.3	3
2025 02 25 15	0.76	0.63	4.02	3.3	8.59	1.07	3.55	1	191	192	-9999.9	63	1	16.2	3
2025 02 25 16	0.62	0.52	4.81	4.05	14.24	0.93	17.93	1	196	206	-9999.9	67	1	16.4	3
2025 02 25 17	0.54	0.46	4.53	3.89	11.44	0.86	10.83	1	190	187	-9999.9	75	1	16.3	3
2025 02 25 18	0.49	0.41	4.76	3.73	14.29	0.66	10.96	1	194	176	-9999.9	71	1	16.4	3
2025 02 25 19	0.64	0.5	3.74	2.94	14.81	0.91	7.94	1	210	190	-9999.9	53	1	16.3	3
2025 02 25 20	0.61	0.47	3.62	2.99	14.37	0.81	8.42	1	208	168	-9999.9	67	1	16.3	3
2025 02 25 21	0.6	0.47	3.53	2.88	12.53	0.83	11.87	1	193	185	-9999.9	65	1	16.2	3
2025 02 25 22	0.51	0.41	3.71	3.0	14.01	0.7	10.18	1	190	114	-9999.9	76	1	16.3	3
2025 02 25 23	0.57	0.5	4.93	3.97	12.37	0.97	8.75	1	197	198	-9999.9	55	1	16.3	3
2025 02 26 00	0.69	0.58	4.72	4.11	10.56	1.0	6.74	1	221	230	-9999.9	34	1	16.0	3
2025 02 26 01	0.54	0.46	5.07	4.29	14.21	0.82	8.29	1	168	128	-9999.9	64	1	16.1	3
2025 02 26 02	0.51	0.47	6.11	4.93	10.57	0.67	8.99	1	168	327	-9999.9	64	1	16.1	3
2025 02 26 03	0.54	0.48	6.23	5.35	11.53	0.73	9.33	1	228	261	-9999.9	74	1	16.1	3
2025 02 26 04	0.62	0.54	6.02	5.2	12.69	0.94	13.11	1	83	333	-9999.9	50	1	16.1	3
2025 02 26 05	0.49	0.42	4.95	4.09	13.99	0.71	10.74	1	182	193	-9999.9	38	1	15.9	3
2025 02 26 06	0.42	0.37	5.04	4.4	13.17	0.56	10.66	1	201	189	-9999.9	52	1	16.0	3
2025 02 26 07	0.38	0.32	4.88	3.88	14.28	0.51	14.55	1	195	175	-9999.9	52	1	16.2	3
2025 02 26 08	0.34	0.29	5.16	4.19	12.89	0.54	11.36	1	177	196	-9999.9	55	1	16.1	3
2025 02 26 09	0.34	0.28	5.04	4.61	14.03	0.61	13.51	1	190	198	-9999.9	50	1	16.1	3
2025 02 26 10	0.38	0.34	6.64	5.67	14.02	0.57	11.95	1	199	208	-9999.9	30	1	16.2	3
2025 02 26 11	0.44	0.43	7.15	6.04	12.32	0.65	11.48	1	201	225	-9999.9	29	1	16.2	3
2025 02 26 12	0.49	0.48	7.47	6.37	12.04	0.73	10.37	1	205	211	-9999.9	39	1	16.2	3
2025 02 26 13	0.58	0.53	7.58	6.69	17.26	0.76	12.3	1	225	344	-9999.9	50	1	16.3	3
2025 02 26 14	0.48	0.45	6.24	5.05	11.16	0.85	12.07	1	186	204	-9999.9	59	1	15.4	3
2025 02 26 15	0.51	0.46	5.24	4.56	10.63	0.75	9.33	1	180	121	-9999.9	76	1	15.7	3
2025 02 26 16	0.49	0.46	6.47	5.98	10.81	0.7	10.64	1	237	265	-9999.9	72	1	16.3	3
2025 02 26 17	0.53	0.46	5.87	5.24	10.65	0.86	10.01	1	186	245	-9999.9	68	1	16.3	3
2025 02 26 18	0.71	0.61	5.89	5.03	14.64	0.9	9.26	1	44	326	-9999.9	73	1	16.2	3
2025 02 26 19	0.49	0.44	5.03	4.39	7.63	0.8	8.78	1	197	173	-9999.9	66	1	16.3	3
2025 02 26 20	0.44	0.38	4.8	4.37	8.88	0.68	5.21	1	152	198	-9999.9	41	1	15.9	3
2025 02 26 21	0.44	0.38	4.51	3.56	10.54	0.62	10.75	1	143	224	-9999.9	28	1	16.1	3
2025 02 26 22	0.6	0.5	4.24	3.66	6.24	0.8	5.93	1	101	117	-9999.9	59	1	16.1	3
2025 02 26 23	0.67	0.56	4.13	3.61	10.79	0.98	4.56	1	123	218	-9999.9	32	1	16.1	3
2025 02 27 00	0.49	0.42	4.29	3.71	9.64	0.7	7.39	1	122	207	-9999.9	47	1	16.1	3
2025 02 27 01	0.51	0.43	5.35	4.62	15.81	0.71	11.77	1	122	338	-9999.9	64	1	16.2	3
2025 02 27 02	0.54	0.49	7.66	6.55	22.19	1.03	12.82	1	12	341	-9999.9	67	1	-9999.9	-9999.9
2025 02 27 03	0.41	0.39	7.3	6.6	10.42	0.6	9.35	1	139	187	-9999.9	75	1	16.1	3
2025 02 27 04	0.51	0.47	6.56	5.61	11.17	0.78	9.92	1	320	323	-9999.9	69	1	15.9	3
2025 02 27 05	0.56	0.49	6.86	5.5	12.51	0.72	16.53	1	349	320	-9999.9	57	1	16.0	3
2025 02 27 06	0.36	0.3	4.24	3.17	12.19	0.51	11.14	1	186	203	-9999.9	65	1	15.8	3
2025 02 27 07	0.31	0.26	4.62	3.78	12.27	0.47	9.32	1	190	213	-9999.9	40	1	16.1	3
2025 02 27 08	0.34	0.28	4.85	3.95	12.7	0.62	9.77	1	209	227	-9999.9	52	1	16.2	3
2025 02 27 09	0.34	0.3	4.79	3.12	12.66	0.53	13.13	1	187	222	-9999.9	59	1	16.1	3
2025 02 27 10	0.38	0.29	3.32	2.66	11.69	0.67	11.39	1	183	238	-9999.9	71	1	16.2	3
2025 02 27 11	0.42	0.34	4.46	3.41	11.91	0.66	11.3	1	214	231	-9999.9	34	1	16.2	3
2025 02 27 12	0.41	0.38	6.15	4.62	10.91	0.7	7.97	1	211	239	-9999.9	64	1	16.3	3
2025 02 27 13	0.42	0.38	8.16	6.06	23.32	0.62	10.23	1	242	344	-9999.9	75	1	16.3	3
2025 02 27 14	0.44	0.38	7.27	5.62	22.34	0.55	13.87	1	205	294	-9999.9	76	1	16.1	3
2025 02 27 15	0.42	0.38	6.01	5.18	7.4	0.79	5.82	1	181	201	-9999.9	58	1	16.1	3
2025 02 27 16	0.44	0.4	5.39	4.24	9.05	0.66	7.4	1	188	197	-9999.9	54	1	15.8	3
2025 02 27 17	0.41	0.37	5.98	5.07	10.0	0.6	10.18	1	193	187	-9999.9	54	1	16.2	3
2025 02 27 18	0.38	0.35	5.72	5.08	9.03	0.5	11.13	1	180	193	-9999.9	71	1	16.3	3
2025 02 27 19	0.48	0.41	5.39	4.61	15.59	0.68	4.69	1	200	320	-9999.9	81	1	16.1	3
2025 02 27 20	0.34	0.29	3.88	3.21	11.33	0.51	5.31	1	171	211	-9999.9	41	1	16.2	3
2025 02 27 21	0.29	0.24	4.66	4.02	10.94	0.38	6.32	1	159	201	-9999.9	47	1	16.1	3
2025 02 27 22	0.34	0.3	4.73	4.09	10.57	0.53	7.64	1	141	227	-9999.9	51	1	16.1	3
2025 02 27 23	0.34	0.3	4.91	4.24	12.08	0.5	8.6	1	142	221	-9999.9	49	1	16.1	3
2025 02 28 00	0.34	0.27	3.75	3.24	9.65	0.51	6.03	1	135	246	-9999.9	63	1	16.2	3
2025 02 28 01	0.41	0.34	4.28	3.5	11.23	0.56	10.06	1	142	215	-9999.9	69	1	16.4	3
2025 02 28 02	0.42	0.35	4.12	3.5	10.3	0.62	7.13	1	142	186	-9999.9	69	1	16.3	3
2025 02 28 03	0.38	0.35	4.45	3.98	4.26	0.55	4.18	1	111	92	-9999.9	43	1	-9999.9	-9999.9
2025 02 28 04	0.36	0.34	5.81	5.0	8.66	0.5	9.54	1	121	101	-9999.9	64	1	16.0	3
2025 02 28 05	0.41	0.35	4.72	3.87	9.33	0.64	10.17	1	135	201	-9999.9	62	1	15.8	3
2025 02 28 06	0.42	0.37	3.91	3.43	4.65	0.64	3.78	1	73	90	-9999.9	43	1	15.9	3
2025 02 28 07	0.38	0.31	3.25	2.66	9.8	0.55	6.4	1	154	220	-9999.9	47	1	15.8	3
2025 02 28 08	0.34	0.28	4.05	3.31	10.06	0.52	10.46	1	193	233	-9999.9	42	1	16.1	3
2025 02 28 09	0.44	0.34	2.84	2.28	4.4	0.6	9.36	1	206	77	-9999.9	74	1	16.1	3
2025 02 28 10	0.42	0.35	3.85	3.14	5.42	0.59	4.72	1	134	78	-9999.9	23	1	16.1	3
2025 02 28 11	0.53	0.45	3.58	3.12	6.6	0.85	7.3	1	159	216	-9999.9	27	1	16.1	3
2025 02 28 12	0.57	0.49	4.16	3.52	6.1	0.75	5.92	1	163	164	-9999.9	69	1	16.1	3
2025 02 28 13	0.49	0.41	4.06	3.68	5.59	0.69	6.26	1	140	97	-9999.9	34	1	16.1	3
2025 02 28 14	0.53	0.47	4.34	3.74	5.95	0.7	6.07	1	130	92	-9999.9	37	1	16.1	3
2025 02 28 15	0.61	0.52	4.09	3.68	6.56	0.8	8.69	1	182	197	-9999.9	51	1	16.0	3
2025 02 28 16	0.69	0.6	4.84	4.54	6.38	1.05	6.82	1	140	87	-9999.9	38	1	16.1	3
2025 02 28 17	0.89	0.81	4.93	4.58	5.8	1.5	6.48	1	169	179	-9999.9	56	1	15.7	3
2025 02 28 18	0.94	0.88	5.52	5.16	6.49	1.53	5.6	1	142	101	-9999.9	52	1	15.7	3
2025 02 28 19	1.02	0.94	5.33	5.08	5.9	1.29	5.11	1	117	100	-9999.9	43	1	16.0	3
2025 02 28 20	0.9	0.82	5.04	4.56	6.21	1.34	5.58	1	112	95	-9999.9	48	1	15.9	3
2025 02 28 21	0.69	0.66	5.35	4.57	6.54	1.28	7.06	1	116	94	-9999.9	65	1	15.9	3
2025 02 28 22	0.7	0.61	4.54	3.8	6.46	1.07	5.98	1	109	118	-9999.9	65	1	15.9	3
2025 02 28 23	0.72	0.66	5.02	4.56	6.64	1.13	5.07	1	128	110	-9999.9	60	1	15.9	3
2025 03 01 00	0.73	0.64	4.7	4.16	7.05	0.97	6.45	1	130	133	-9999.9	62	1	15.9	3
2025 03 01 01	0.82	0.72	5.14	4.17	8.59	1.04	7.45	1	177	138	-9999.9	59	1	15.8	3
2025 03 01 02	0.76	0.69	5.46	4.97	6.82	1.18	6.82	1	167	169	-9999.9	66	1	15.8	3
2025 03 01 03	0.75	0.67	5.19	4.79	7.27	1.09	5.31	1	150	128	-9999.9	57	1	15.9	3
2025 03 01 04	0.79	0.73	5.66	5.32	8.3	1.11	7.51	1	134	102	-9999.9	42	1	15.4	3
2025 03 01 05	0.73	0.68	6.18	5.67	8.2	0.96	7.61	1	125	79	-9999.9	51	1	15.7	3
2025 03 01 06	0.98	0.92	6.45	5.96	8.07	1.62	7.81	1	91	80	-9999.9	47	1	15.6	3
2025 03 01 07	0.71	0.62	5.32	4.85	8.51	1.03	7.95	1	118	80	-9999.9	64	1	15.8	3
2025 03 01 08	0.61	0.57	5.12	4.24	8.43	0.8	8.73	1	178	144	-9999.9	68	1	15.6	3
2025 03 01 09	0.65	0.61	6.18	5.24	8.27	0.93	8.42	1	133	106	-9999.9	58	1	15.9	3
2025 03 01 10	0.76	0.71	5.83	5.21	7.67	1.3	7.54	1	103	96	-9999.9	32	1	16.0	3
2025 03 01 11	0.74	0.68	4.8	4.11	7.72	1.03	6.47	1	121	97	-9999.9	40	1	16.0	3
2025 03 01 12	0.65	0.59	5.19	4.33	7.72	1.13	7.8	1	126	93	-9999.9	40	1	16.0	3
2025 03 01 13	0.56	0.52	5.46	4.3	7.3	0.89	7.24	1	166	117	-9999.9	61	1	16.0	3
2025 03 01 14	0.58	0.56	5.86	4.63	7.84	0.9	6.75	1	174	170	-9999.9	59	1	16.1	3
2025 03 01 15	0.6	0.53	5.71	4.82	10.66	0.91	6.64	1	190	220	-9999.9	57	1	16.0	3
2025 03 01 16	0.56	0.52	4.86	4.09	7.38	0.86	6.19	1	194	183	-9999.9	50	1	15.4	3
2025 03 01 17	0.62	0.56	4.76	4.1	7.96	0.8	6.88	1	194	189	-9999.9	62	1	15.3	3
2025 03 01 18	0.65	0.6	5.0	4.53	8.02	0.91	6.93	1	184	153	-9999.9	62	1	15.4	3
2025 03 01 19	0.53	0.48	5.59	5.33	7.03	0.77	7.06	1	122	86	-9999.9	44	1	16.0	3
2025 03 01 20	0.62	0.54	4.8	4.25	7.99	0.84	9.07	1	119	94	-9999.9	49	1	15.7	3
2025 03 01 21	0.56	0.5	4.96	4.3	7.98	0.73	6.43	1	165	152	-9999.9	60	1	16.0	3
2025 03 01 22	0.42	0.4	5.98	4.95	8.18	0.69	8.95	1	187	169	-9999.9	65	1	15.7	3
2025 03 01 23	0.44	0.4	5.23	4.76	6.98	0.59	6.9	1	115	102	-9999.9	53	1	15.8	3
2025 03 02 00	0.48	0.45	5.26	4.65	7.62	0.74	6.25	1	120	106	-9999.9	48	1	15.8	3
2025 03 02 01	0.42	0.38	5.66	4.79	7.69	0.74	7.13	1	176	147	-9999.9	51	1	15.8	3
2025 03 02 02	0.53	0.48	6.3	5.78	7.26	0.77	8.56	1	190	151	-9999.9	60	1	15.8	3
2025 03 02 03	0.51	0.48	6.17	5.4	7.84	0.74	7.57	1	159	112	-9999.9	59	1	15.7	3
2025 03 02 04	0.57	0.52	5.96	5.2	6.95	0.8	6.11	1	152	163	-9999.9	52	1	15.6	3
2025 03 02 05	0.61	0.55	5.36	5.06	7.78	0.93	7.58	1	148	144	-9999.9	58	1	15.4	3
2025 03 02 06	0.71	0.64	5.49	5.07	6.56	1.29	5.72	1	107	107	-9999.9	53	1	15.6	3
2025 03 02 07	0.73	0.69	5.33	5.04	6.43	1.14	6.82	1	100	131	-9999.9	61	1	15.9	3
2025 03 02 08	0.69	0.6	4.62	4.16	4.93	1.25	5.1	1	81	107	-9999.9	43	1	15.8	3
2025 03 02 09	0.53	0.43	3.51	2.78	5.95	0.74	4.07	1	124	182	-9999.9	63	1	15.8	3
2025 03 02 10	0.72	0.62	3.95	3.36	7.66	1.09	7.81	1	76	73	-9999.9	38	1	15.8	3
2025 03 02 11	1.07	0.98	4.76	4.37	6.65	1.48	4.74	1	80	86	-9999.9	37	1	16.0	3
2025 03 02 12	1.08	0.93	4.43	4.04	6.5	1.63	6.1	1	95	97	-9999.9	32	1	15.9	3
2025 03 02 13	1.2	1.12	4.92	4.38	6.71	1.9	5.77	1	88	83	-9999.9	25	1	16.5	3
2025 03 02 14	0.94	0.84	4.34	3.98	6.6	1.45	5.95	1	100	95	-9999.9	33	1	16.3	3
2025 03 02 15	0.91	0.82	4.54	4.18	6.59	1.52	6.78	1	102	106	-9999.9	57	1	16.1	3
2025 03 02 16	0.74	0.68	4.86	4.39	6.4	0.99	6.24	1	89	89	-9999.9	31	1	16.2	3
2025 03 02 17	0.86	0.8	4.91	4.8	6.66	1.28	5.39	1	81	89	-9999.9	28	1	15.8	3
2025 03 02 18	0.93	0.88	5.41	4.99	6.99	1.78	6.21	1	89	78	-9999.9	39	1	15.6	3
2025 03 02 19	1.01	0.97	5.88	5.73	7.26	1.51	6.45	1	85	80	-9999.9	29	1	15.7	3
2025 03 02 20	1.15	1.09	5.44	5.15	7.07	2.09	6.64	1	92	99	-9999.9	29	1	15.9	3
2025 03 02 21	0.69	0.59	3.79	3.38	7.29	1.06	7.0	1	80	78	-9999.9	33	1	15.6	3
2025 03 02 22	1.0	0.88	4.23	3.85	6.59	1.39	6.24	1	73	83	-9999.9	41	1	15.9	3
2025 03 02 23	0.84	0.73	3.69	3.34	5.57	1.28	6.06	1	79	67	-9999.9	32	1	15.9	3
2025 03 03 00	1.09	0.97	3.9	3.61	5.25	1.72	4.18	1	83	82	-9999.9	23	1	16.0	3
2025 03 03 01	0.98	0.86	3.76	3.38	5.23	1.44	3.59	1	95	91	-9999.9	38	1	16.0	3
2025 03 03 02	1.0	0.86	3.79	3.43	6.04	1.32	4.34	1	94	91	-9999.9	35	1	16.0	3
2025 03 03 03	1.18	1.06	4.27	3.97	5.47	1.83	5.38	1	94	105	-9999.9	45	1	16.0	3
2025 03 03 04	1.21	1.1	4.67	4.36	6.99	1.74	6.95	1	94	101	-9999.9	24	1	15.9	3
2025 03 03 05	1.37	1.25	5.42	5.16	7.65	2.27	6.02	1	87	93	-9999.9	24	1	15.8	3
2025 03 03 06	1.66	1.56	5.92	5.73	7.76	2.51	6.3	1	80	80	-9999.9	23	1	15.5	3
2025 03 03 07	1.33	1.28	6.63	6.14	7.5	2.19	6.93	1	82	73	-9999.9	39	1	15.7	3
2025 03 03 08	1.74	1.7	6.84	6.3	8.26	2.91	7.29	1	85	85	-9999.9	32	1	15.9	3
2025 03 03 09	0.82	0.74	5.0	4.32	7.96	1.23	6.6	1	83	80	-9999.9	41	1	15.7	3
2025 03 03 10	0.88	0.78	4.82	4.15	8.21	1.19	10.63	1	96	93	-9999.9	37	1	16.1	3
2025 03 03 11	1.0	0.96	5.8	4.93	7.86	1.5	8.0	1	97	93	-9999.9	25	1	16.3	3
2025 03 03 12	1.49	1.38	5.52	5.31	7.81	2.16	6.62	1	88	89	-9999.9	24	1	16.6	3
2025 03 03 13	1.42	1.3	4.98	4.71	7.54	2.08	7.58	1	92	95	-9999.9	30	1	16.6	3
2025 03 03 14	1.29	1.15	4.77	4.38	7.82	2.23	5.94	1	96	100	-9999.9	27	1	16.9	3
2025 03 03 15	1.27	1.14	4.97	4.45	8.15	1.87	6.46	1	103	112	-9999.9	26	1	16.8	3
2025 03 03 16	1.11	1.01	4.67	4.25	8.28	1.65	6.92	1	95	91	-9999.9	31	1	16.7	3
2025 03 03 17	1.04	0.91	4.65	4.34	8.12	1.28	5.17	1	98	112	-9999.9	29	1	16.4	3
2025 03 03 18	1.21	1.1	5.33	4.99	7.32	1.59	6.75	1	79	74	-9999.9	31	1	15.8	3
2025 03 03 19	0.91	0.84	6.09	5.58	7.78	1.58	6.96	1	69	71	-9999.9	42	1	16.2	3
2025 03 03 20	0.79	0.72	5.54	5.09	6.79	1.16	7.63	1	87	101	-9999.9	31	1	16.3	3
2025 03 03 21	0.81	0.7	4.06	3.54	6.57	1.25	4.63	1	68	67	-9999.9	39	1	15.9	3
2025 03 03 22	1.04	0.92	4.36	4.16	7.23	1.45	6.82	1	60	64	-9999.9	28	1	16.2	3
2025 03 03 23	0.81	0.7	3.89	3.55	6.05	1.36	6.32	1	83	90	-9999.9	42	1	16.4	3
2025 03 04 00	0.99	0.88	4.25	3.82	7.01	1.41	4.31	1	92	96	-9999.9	22	1	16.7	3
2025 03 04 01	1.07	0.9	3.67	3.32	5.69	1.54	5.11	1	87	99	-9999.9	33	1	16.5	3
2025 03 04 02	0.88	0.73	4.01	3.33	9.59	1.12	12.88	1	104	177	-9999.9	69	1	16.2	3
2025 03 04 03	0.92	0.74	3.6	3.04	6.97	1.29	4.31	1	99	99	-9999.9	48	1	16.3	3
2025 03 04 04	0.92	0.75	3.41	3.06	5.23	1.28	6.25	1	92	74	-9999.9	54	1	16.3	3
2025 03 04 05	1.03	0.89	4.01	3.77	6.22	1.54	5.88	1	101	98	-9999.9	38	1	16.4	3
2025 03 04 06	0.96	0.85	4.13	3.72	5.23	1.46	5.94	1	86	90	-9999.9	26	1	16.3	3
2025 03 04 07	0.81	0.68	3.88	3.65	6.2	1.06	5.83	1	81	76	-9999.9	35	1	16.3	3
2025 03 04 08	0.7	0.63	4.79	4.01	7.85	0.98	5.27	1	88	85	-9999.9	45	1	16.1	3
2025 03 04 09	0.81	0.74	4.82	4.47	6.64	1.36	5.8	1	77	75	-9999.9	31	1	16.1	3
2025 03 04 10	0.75	0.66	4.69	3.89	6.63	1.11	6.03	1	118	143	-9999.9	71	1	16.0	3
2025 03 04 11	0.79	0.77	5.13	4.44	7.03	1.28	7.12	1	93	87	-9999.9	44	1	16.2	3
2025 03 04 12	0.9	0.81	4.4	3.88	7.13	1.22	6.55	1	91	87	-9999.9	39	1	16.6	3
2025 03 04 13	1.4	1.3	5.11	4.64	6.94	2.12	6.42	1	81	85	-9999.9	20	1	16.7	3
2025 03 04 14	1.24	1.11	4.44	4.15	6.53	1.88	5.73	1	80	71	-9999.9	27	1	16.9	3
2025 03 04 15	1.23	1.1	4.71	4.18	7.0	1.69	5.38	1	97	105	-9999.9	48	1	17.1	3
2025 03 04 16	1.26	1.12	4.75	4.51	7.52	2.24	7.72	1	95	98	-9999.9	24	1	16.8	3
2025 03 04 17	1.4	1.3	5.56	5.18	7.33	1.93	5.5	1	95	96	-9999.9	21	1	16.8	3
2025 03 04 18	1.38	1.28	5.34	5.2	7.75	2.64	7.0	1	88	94	-9999.9	22	1	16.5	3
2025 03 04 19	1.44	1.3	5.01	4.58	7.42	2.12	5.74	1	81	87	-9999.9	26	1	16.6	3
2025 03 04 20	1.34	1.21	5.12	4.95	7.81	2.24	6.87	1	72	80	-9999.9	33	1	16.3	3
2025 03 04 21	1.47	1.34	4.95	4.61	6.2	2.52	5.28	1	74	74	-9999.9	20	1	16.4	3
2025 03 04 22	0.97	0.85	4.02	3.69	6.35	1.3	7.63	1	75	93	-9999.9	43	1	16.4	3
2025 03 04 23	0.83	0.69	3.66	3.09	7.59	1.09	6.31	1	96	90	-9999.9	60	1	16.3	3
2025 03 05 00	1.34	1.22	4.19	3.71	5.95	1.82	5.52	1	75	63	-9999.9	36	1	16.5	3
2025 03 05 01	1.71	1.53	4.3	3.97	6.69	2.82	5.28	1	85	79	-9999.9	45	1	16.7	3
2025 03 05 02	1.4	1.25	4.17	3.64	6.2	2.06	6.61	1	108	117	-9999.9	57	1	16.6	3
2025 03 05 03	1.5	1.34	4.45	4.01	6.95	2.14	8.5	1	98	97	-9999.9	31	1	16.6	3
2025 03 05 04	1.52	1.38	4.44	3.93	6.77	2.22	7.77	1	97	95	-9999.9	39	1	16.6	3
2025 03 05 05	1.46	1.31	4.48	3.93	6.64	2.3	5.37	1	102	102	-9999.9	34	1	16.7	3
2025 03 05 06	1.43	1.29	4.44	3.99	6.26	2.18	5.33	1	91	83	-9999.9	39	1	16.7	3
2025 03 05 07	1.41	1.26	4.77	4.43	6.47	2.09	5.41	1	90	94	-9999.9	29	1	16.7	3
2025 03 05 08	1.38	1.25	4.68	4.38	6.61	2.12	5.5	1	87	89	-9999.9	31	1	16.7	3
2025 03 05 09	1.14	1.0	4.42	4.06	5.88	1.85	5.06	1	78	74	-9999.9	38	1	16.7	3
2025 03 05 10	1.09	0.96	4.63	4.09	7.49	1.67	7.01	1	95	98	-9999.9	46	1	16.5	3
2025 03 05 11	1.5	1.34	4.62	4.45	7.47	2.26	6.11	1	83	77	-9999.9	23	1	16.5	3
2025 03 05 12	1.56	1.41	4.85	4.44	7.79	2.74	6.48	1	86	93	-9999.9	29	1	16.7	3
2025 03 05 13	1.4	1.29	4.82	4.4	7.26	2.49	6.4	1	88	89	-9999.9	27	1	16.7	3
2025 03 05 14	1.25	1.11	4.68	4.21	6.85	1.69	5.91	1	96	101	-9999.9	40	1	16.7	3
2025 03 05 15	1.02	0.91	4.75	4.28	7.81	1.54	6.41	1	101	107	-9999.9	66	1	16.7	3
2025 03 05 16	0.78	0.71	5.09	4.54	6.55	1.18	4.97	1	102	97	-9999.9	48	1	16.7	3
2025 03 05 17	0.71	0.65	5.27	4.71	7.65	1.0	6.15	1	114	105	-9999.9	33	1	16.7	3
2025 03 05 18	0.75	0.71	5.38	5.02	7.35	1.36	5.9	1	104	95	-9999.9	32	1	16.7	3
2025 03 05 19	0.71	0.66	5.29	4.85	6.82	1.16	6.45	1	101	91	-9999.9	32	1	16.7	3
2025 03 05 20	0.71	0.64	5.18	4.68	6.94	0.96	6.08	1	102	104	-9999.9	31	1	16.7	3
2025 03 05 21	0.53	0.47	4.83	4.28	7.3	0.74	6.95	1	98	88	-9999.9	24	1	16.5	3
2025 03 05 22	0.57	0.53	5.13	4.5	6.89	0.97	5.75	1	106	89	-9999.9	50	1	16.4	3
2025 03 05 23	0.53	0.48	4.74	4.15	7.09	0.84	5.77	1	112	97	-9999.9	43	1	16.4	3
2025 03 06 00	0.74	0.7	5.44	4.95	7.36	1.14	7.5	1	99	96	-9999.9	35	1	16.4	3
2025 03 06 01	0.65	0.6	5.65	4.96	6.89	1.02	6.52	1	114	106	-9999.9	60	1	16.5	3
2025 03 06 02	0.73	0.65	4.75	4.55	7.08	1.22	6.76	1	90	92	-9999.9	49	1	16.6	3
2025 03 06 03	0.73	0.69	5.27	4.63	7.37	1.08	7.18	1	88	82	-9999.9	31	1	16.7	3
2025 03 06 04	0.72	0.64	4.52	3.85	6.9	1.1	5.88	1	92	92	-9999.9	29	1	16.9	3
2025 03 06 05	0.6	0.53	4.52	3.81	6.88	0.95	5.73	1	102	103	-9999.9	44	1	16.9	3
2025 03 06 06	0.61	0.56	4.69	4.28	7.03	0.97	6.54	1	102	92	-9999.9	35	1	16.8	3
2025 03 06 07	0.67	0.63	5.41	4.88	7.35	1.08	7.24	1	97	96	-9999.9	30	1	16.9	3
2025 03 06 08	0.64	0.58	5.27	4.93	6.96	0.88	7.73	1	108	105	-9999.9	44	1	16.9	3
2025 03 06 09	0.72	0.66	5.19	4.8	6.52	1.07	5.39	1	105	90	-9999.9	35	1	16.9	3
2025 03 06 10	0.73	0.67	5.08	4.56	6.77	1.13	5.44	1	105	96	-9999.9	33	1	16.9	3
2025 03 06 11	0.53	0.49	5.02	4.48	7.8	1.01	6.91	1	109	101	-9999.9	50	1	16.7	3
2025 03 06 12	0.6	0.54	4.73	4.27	7.46	0.94	5.61	1	86	84	-9999.9	38	1	16.6	3
2025 03 06 13	0.54	0.45	3.64	3.09	5.85	0.74	6.17	1	122	84	-9999.9	42	1	16.6	3
2025 03 06 14	0.54	0.46	3.49	2.94	5.55	0.84	3.3	1	145	89	-9999.9	48	1	16.7	3
2025 03 06 15	0.6	0.51	3.41	2.88	3.85	0.83	4.24	1	200	189	-9999.9	66	1	16.8	3
2025 03 06 16	0.7	0.59	3.55	3.11	3.97	1.01	4.33	1	210	236	-9999.9	41	1	16.8	3
2025 03 06 17	0.7	0.6	3.49	3.2	4.24	1.05	3.83	1	217	230	-9999.9	23	1	16.7	3
2025 03 06 18	0.69	0.58	3.27	3.0	4.18	1.09	3.65	1	223	240	-9999.9	21	1	16.9	3
2025 03 06 19	0.7	0.57	3.07	2.74	3.78	1.02	4.35	1	221	224	-9999.9	43	1	16.9	3
2025 03 06 20	0.62	0.52	3.28	2.76	3.46	0.85	5.49	1	204	215	-9999.9	48	1	16.9	3
2025 03 06 21	0.56	0.45	3.65	3.18	7.19	0.75	8.81	1	185	100	-9999.9	65	1	16.8	3
2025 03 06 22	0.49	0.42	3.72	3.23	6.77	0.69	3.57	1	164	98	-9999.9	62	1	16.7	3
2025 03 06 23	0.44	0.38	4.23	3.58	12.83	0.65	6.2	1	169	151	-9999.9	78	1	16.7	3
2025 03 07 00	0.41	0.36	4.16	3.43	5.87	0.68	4.69	1	137	85	-9999.9	60	1	16.7	3
2025 03 07 01	0.41	0.35	4.09	3.52	8.78	0.56	7.15	1	143	95	-9999.9	41	1	16.6	3
2025 03 07 02	0.36	0.32	4.03	3.25	6.35	0.51	7.75	1	131	112	-9999.9	56	1	16.6	3
2025 03 07 03	0.41	0.35	3.89	3.41	6.1	0.68	6.01	1	144	95	-9999.9	50	1	16.6	3
2025 03 07 04	0.31	0.28	5.08	4.4	8.25	0.5	7.63	1	109	98	-9999.9	43	1	16.6	3
2025 03 07 05	0.31	0.27	4.53	4.15	6.02	0.67	4.16	1	109	89	-9999.9	39	1	16.8	3
2025 03 07 06	0.29	0.27	4.63	3.73	5.54	0.5	6.03	1	132	104	-9999.9	63	1	16.7	3
2025 03 07 07	0.26	0.22	5.11	4.37	6.85	0.4	7.25	1	162	132	-9999.9	70	1	16.6	3
2025 03 07 08	0.29	0.25	4.84	4.31	7.74	0.43	5.9	1	190	145	-9999.9	71	1	16.6	3
2025 03 07 09	0.34	0.29	4.27	3.54	6.93	0.52	6.91	1	137	103	-9999.9	50	1	16.8	3
2025 03 07 10	0.44	0.37	3.57	3.04	5.89	0.62	6.71	1	138	171	-9999.9	64	1	16.7	3
2025 03 07 11	0.44	0.39	4.04	3.37	6.12	0.65	6.7	1	120	106	-9999.9	50	1	16.7	3
2025 03 07 12	0.51	0.46	4.21	3.91	7.12	0.82	4.32	1	153	86	-9999.9	54	1	16.8	3
2025 03 07 13	0.48	0.42	3.97	3.41	5.19	0.71	5.38	1	169	198	-9999.9	58	1	16.7	3
2025 03 07 14	0.53	0.45	3.53	3.17	4.53	0.69	3.79	1	178	204	-9999.9	50	1	16.6	3
2025 03 07 15	0.64	0.53	3.06	2.72	3.07	0.84	6.22	1	203	228	-9999.9	38	1	16.8	3
2025 03 07 16	0.58	0.49	3.39	2.94	4.44	0.87	4.56	1	186	181	-9999.9	65	1	16.6	3
2025 03 07 17	0.61	0.53	3.59	3.09	5.25	0.73	3.13	1	189	218	-9999.9	49	1	16.7	3
2025 03 07 18	0.83	0.73	3.74	3.47	5.12	1.19	4.52	1	223	236	-9999.9	32	1	16.6	3
2025 03 07 19	0.83	0.74	4.36	3.9	5.3	1.18	4.99	1	216	224	-9999.9	17	1	16.6	3
2025 03 07 20	0.78	0.7	3.94	3.59	5.75	1.23	5.54	1	218	233	-9999.9	30	1	16.6	3
2025 03 07 21	0.64	0.57	4.38	3.74	6.21	0.93	6.38	1	189	223	-9999.9	39	1	16.6	3
2025 03 07 22	0.69	0.62	4.19	3.6	5.69	0.93	6.14	1	200	210	-9999.9	48	1	16.7	3
2025 03 07 23	1.05	0.96	4.5	4.0	6.26	1.59	5.8	1	213	218	-9999.9	21	1	16.6	3
2025 03 08 00	0.99	0.94	4.87	4.29	6.97	1.36	6.22	1	208	212	-9999.9	36	1	16.6	3
2025 03 08 01	0.87	0.8	4.78	4.28	7.61	1.22	5.38	1	202	209	-9999.9	38	1	16.6	3
2025 03 08 02	0.94	0.86	4.57	4.06	7.73	1.3	8.37	1	206	216	-9999.9	31	1	16.5	3
2025 03 08 03	0.84	0.7	4.26	3.68	8.23	1.3	6.25	1	193	206	-9999.9	57	1	16.7	3
2025 03 08 04	0.72	0.62	3.95	3.33	8.37	1.02	7.66	1	176	213	-9999.9	54	1	17.0	3
2025 03 08 05	0.86	0.75	4.19	3.65	8.34	1.26	8.58	1	186	231	-9999.9	45	1	16.9	3
2025 03 08 06	1.07	0.93	3.84	3.42	7.7	1.58	7.11	1	200	232	-9999.9	42	1	16.9	3
2025 03 08 07	1.16	0.98	4.01	3.55	7.49	1.66	5.68	1	203	237	-9999.9	39	1	16.9	3
2025 03 08 08	1.41	1.28	4.39	4.02	8.07	2.01	5.28	1	210	232	-9999.9	40	1	16.8	3
2025 03 08 09	1.48	1.32	4.46	4.03	7.75	2.11	7.27	1	208	229	-9999.9	37	1	16.8	3
2025 03 08 10	1.43	1.28	4.71	4.26	8.4	1.9	4.48	1	206	207	-9999.9	42	1	16.8	3
2025 03 08 11	1.62	1.49	5.53	4.78	9.04	2.46	7.61	1	208	216	-9999.9	32	1	16.8	3
2025 03 08 12	1.83	1.64	5.49	5.03	9.06	2.88	8.7	1	214	224	-9999.9	34	1	16.7	3
2025 03 08 13	1.45	1.32	4.82	4.42	9.03	2.38	6.9	1	201	199	-9999.9	38	1	16.7	3
2025 03 08 14	1.78	1.69	5.92	5.15	9.67	2.69	8.91	1	213	220	-9999.9	24	1	16.6	3
2025 03 08 15	1.59	1.37	4.7	4.38	9.91	2.38	8.26	1	218	216	-9999.9	35	1	16.6	3
2025 03 08 16	1.46	1.27	4.65	4.3	9.48	2.58	7.86	1	213	212	-9999.9	41	1	16.6	3
2025 03 08 17	1.42	1.24	4.73	4.07	9.68	2.29	7.98	1	218	221	-9999.9	45	1	16.7	3
2025 03 08 18	1.81	1.66	5.46	5.19	10.43	2.96	9.53	1	226	231	-9999.9	32	1	16.8	3
2025 03 08 19	1.88	1.73	5.93	5.28	10.88	2.65	9.02	1	223	219	-9999.9	27	1	16.7	3
2025 03 08 20	1.96	1.82	5.81	5.14	10.5	2.66	9.09	1	221	225	-9999.9	27	1	16.6	3
2025 03 08 21	2.23	2.02	6.0	5.49	10.14	3.28	10.4	1	220	228	-9999.9	21	1	16.6	3
2025 03 08 22	1.82	1.64	5.31	4.96	9.95	2.76	9.18	1	220	219	-9999.9	23	1	16.6	3
2025 03 08 23	1.96	1.8	5.96	5.46	10.34	2.74	6.84	1	213	220	-9999.9	24	1	16.6	3
2025 03 09 00	2.16	2.03	6.56	5.69	9.99	2.97	7.61	1	211	214	-9999.9	25	1	16.6	3
2025 03 09 01	1.88	1.67	5.93	5.43	10.74	2.82	7.15	1	208	209	-9999.9	22	1	16.6	3
2025 03 09 02	1.82	1.6	5.66	5.41	10.39	3.0	11.32	1	211	212	-9999.9	22	1	16.6	3
2025 03 09 03	1.82	1.56	5.11	4.9	10.92	2.71	7.2	1	212	217	-9999.9	22	1	16.6	3
2025 03 09 04	1.76	1.54	5.13	4.6	10.83	2.41	7.22	1	220	220	-9999.9	23	1	16.5	3
2025 03 09 05	1.61	1.37	4.93	4.59	11.35	2.31	10.52	1	216	221	-9999.9	27	1	16.5	3
2025 03 09 06	1.49	1.26	4.45	4.21	9.9	2.43	8.31	1	217	226	-9999.9	28	1	16.5	3
2025 03 09 07	1.37	1.2	5.16	4.2	11.44	1.98	10.79	1	215	218	-9999.9	48	1	16.5	3
2025 03 09 08	1.34	1.19	5.36	4.59	11.12	2.26	8.63	1	216	227	-9999.9	28	1	16.5	3
2025 03 09 09	1.48	1.33	5.72	4.66	11.44	2.25	9.67	1	220	226	-9999.9	36	1	16.4	3
2025 03 09 10	1.66	1.52	6.03	5.01	10.99	2.35	11.17	1	221	220	-9999.9	34	1	-9999.9	-9999.9
2025 03 09 11	1.27	1.2	6.15	5.41	9.34	1.92	8.66	1	207	195	-9999.9	43	1	16.4	3
2025 03 09 12	1.82	1.6	5.03	4.9	8.38	3.51	7.5	1	213	226	-9999.9	39	1	16.4	3
2025 03 09 13	1.91	1.71	5.37	5.04	7.62	2.76	6.97	1	196	203	-9999.9	52	1	16.4	3
2025 03 09 14	1.83	1.68	5.97	5.44	8.82	2.41	6.51	1	210	212	-9999.9	33	1	16.5	3
2025 03 09 15	2.2	1.98	5.64	5.23	6.67	2.86	7.82	1	219	222	-9999.9	35	1	16.4	3
2025 03 09 16	2.08	1.93	5.09	4.78	6.23	3.24	5.34	1	224	229	-9999.9	28	1	16.5	3
2025 03 09 17	1.57	1.44	4.98	4.61	7.44	2.38	8.15	1	220	217	-9999.9	27	1	16.4	3
2025 03 09 18	1.46	1.26	4.69	4.28	8.47	1.9	7.12	1	215	222	-9999.9	22	1	16.4	3
2025 03 09 19	1.31	1.14	4.83	4.14	8.3	2.06	6.4	1	213	227	-9999.9	27	1	16.4	3
2025 03 09 20	1.58	1.39	4.92	4.4	9.21	2.24	7.18	1	222	226	-9999.9	38	1	16.5	3
2025 03 09 21	1.75	1.55	4.97	4.59	8.72	2.67	8.34	1	224	224	-9999.9	25	1	16.6	3
2025 03 09 22	1.98	1.8	5.07	4.54	8.78	2.99	8.67	1	220	232	-9999.9	30	1	16.6	3
2025 03 09 23	1.33	1.2	4.59	4.09	7.17	2.06	6.66	1	215	219	-9999.9	35	1	16.6	3
2025 03 10 00	1.61	1.43	4.84	4.38	7.5	2.47	7.48	1	207	204	-9999.9	34	1	16.5	3
2025 03 10 01	1.73	1.54	5.08	4.76	8.0	2.46	8.32	1	199	189	-9999.9	36	1	16.4	3
2025 03 10 02	1.74	1.55	5.45	5.01	8.37	2.25	7.19	1	199	198	-9999.9	26	1	16.4	3
2025 03 10 03	1.58	1.39	5.19	4.87	8.4	2.23	6.95	1	211	214	-9999.9	24	1	16.4	3
2025 03 10 04	1.57	1.4	5.21	4.91	8.87	2.05	6.02	1	213	215	-9999.9	25	1	16.2	3
2025 03 10 05	1.51	1.33	4.71	4.62	8.0	2.56	8.21	1	216	214	-9999.9	24	1	16.2	3
2025 03 10 06	1.14	0.94	4.07	3.62	9.32	1.59	6.96	1	221	237	-9999.9	37	1	16.3	3
2025 03 10 07	1.11	0.91	3.86	3.35	8.31	1.62	8.51	1	216	233	-9999.9	45	1	16.2	3
2025 03 10 08	1.02	0.82	3.97	3.43	8.8	1.4	4.73	1	219	232	-9999.9	36	1	16.2	3
2025 03 10 09	1.02	0.85	4.01	3.41	9.13	1.45	6.64	1	211	224	-9999.9	42	1	16.2	3
2025 03 10 10	1.14	0.95	4.49	3.84	9.4	1.57	10.5	1	217	226	-9999.9	46	1	16.2	3
2025 03 10 11	1.12	1.0	5.74	4.63	9.2	1.57	9.66	1	209	213	-9999.9	42	1	16.3	3
2025 03 10 12	2.09	1.93	5.8	5.31	8.07	3.43	6.67	1	219	224	-9999.9	24	1	16.2	3
2025 03 10 13	1.8	1.67	5.39	4.71	8.33	2.24	7.54	1	215	213	-9999.9	32	1	16.2	3
2025 03 10 14	1.65	1.51	5.55	5.16	7.81	3.06	8.27	1	199	210	-9999.9	51	1	16.1	3
2025 03 10 15	1.53	1.37	5.44	4.76	7.39	2.2	7.25	1	193	188	-9999.9	43	1	16.2	3
2025 03 10 16	1.69	1.52	4.88	4.57	8.32	2.44	6.57	1	199	203	-9999.9	43	1	16.1	3
2025 03 10 17	1.44	1.28	4.47	4.28	7.41	2.28	6.84	1	222	223	-9999.9	34	1	16.2	3
2025 03 10 18	2.38	2.3	6.59	6.23	9.08	3.62	9.1	1	231	230	-9999.9	24	1	16.1	3
2025 03 10 19	1.68	1.45	4.91	4.74	7.87	2.38	7.67	1	224	220	-9999.9	36	1	16.0	3
2025 03 10 20	1.64	1.46	5.22	4.71	8.9	2.16	7.14	1	227	228	-9999.9	21	1	16.1	3
2025 03 10 21	1.58	1.43	4.98	4.49	8.54	2.33	9.0	1	230	239	-9999.9	29	1	16.1	3
2025 03 10 22	1.51	1.38	4.93	4.33	8.61	2.48	8.39	1	227	236	-9999.9	25	1	16.3	3
2025 03 10 23	1.82	1.67	5.23	4.81	8.95	2.53	7.17	1	230	230	-9999.9	24	1	16.2	3
2025 03 11 00	1.29	1.14	5.01	4.21	7.42	1.89	9.05	1	212	219	-9999.9	50	1	16.2	3
2025 03 11 01	1.65	1.46	5.17	4.65	7.72	2.49	7.41	1	212	214	-9999.9	39	1	-9999.9	-9999.9
2025 03 11 02	1.58	1.42	5.01	4.62	8.37	2.12	7.58	1	189	192	-9999.9	52	1	16.1	3
2025 03 11 03	1.52	1.37	5.35	4.87	7.88	2.42	6.99	1	199	188	-9999.9	34	1	16.1	3
2025 03 11 04	1.67	1.46	5.02	4.65	8.28	2.58	9.23	1	206	210	-9999.9	40	1	16.1	3
2025 03 11 05	1.68	1.5	5.22	4.68	8.69	2.6	7.45	1	212	223	-9999.9	22	1	16.1	3
2025 03 11 06	1.51	1.34	4.98	4.57	6.66	2.36	7.43	1	226	223	-9999.9	25	1	16.1	3
2025 03 11 07	1.63	1.47	4.82	4.41	6.59	2.25	6.74	1	220	227	-9999.9	24	1	16.1	3
2025 03 11 08	1.29	1.15	4.42	4.02	8.42	2.37	9.4	1	220	224	-9999.9	32	1	16.1	3
2025 03 11 09	1.06	0.9	4.16	3.68	9.02	1.56	8.27	1	222	230	-9999.9	43	1	16.1	3
2025 03 11 10	0.87	0.74	4.4	3.55	9.9	1.17	7.14	1	213	217	-9999.9	53	1	16.4	3
2025 03 11 11	0.93	0.82	4.8	4.13	8.96	1.43	8.98	1	210	187	-9999.9	52	1	16.4	3
2025 03 11 12	0.96	0.83	5.4	4.71	8.95	1.33	8.02	1	221	198	-9999.9	55	1	16.5	3
2025 03 11 13	1.21	1.12	5.27	4.5	8.14	1.85	7.93	1	212	218	-9999.9	36	1	16.4	3
2025 03 11 14	1.45	1.31	4.97	4.63	7.58	1.83	7.09	1	207	206	-9999.9	37	1	16.0	3
2025 03 11 15	1.11	0.98	5.31	4.86	7.34	1.61	6.74	1	196	194	-9999.9	54	1	-9999.9	-9999.9
2025 03 11 16	1.25	1.13	5.66	5.25	8.03	1.79	9.68	1	200	204	-9999.9	41	1	16.2	3
2025 03 11 17	1.04	0.9	5.01	4.36	8.0	1.76	8.58	1	201	200	-9999.9	50	1	16.2	3
2025 03 11 18	1.07	0.92	4.77	4.14	8.97	1.55	7.78	1	214	209	-9999.9	63	1	16.2	3
2025 03 11 19	0.93	0.81	4.57	3.96	7.49	1.31	7.15	1	212	210	-9999.9	41	1	16.2	3
2025 03 11 20	0.96	0.83	4.49	3.96	7.68	1.35	6.12	1	228	227	-9999.9	36	1	16.3	3
2025 03 11 21	1.05	0.84	4.48	3.9	11.15	1.32	8.24	1	229	228	-9999.9	74	1	16.2	3
2025 03 11 22	0.94	0.78	4.06	3.41	7.49	1.24	7.0	1	230	241	-9999.9	37	1	16.3	3
2025 03 11 23	1.41	1.29	4.95	4.38	7.21	2.0	5.85	1	221	231	-9999.9	23	1	16.1	3
2025 03 12 00	1.74	1.57	5.23	4.7	7.07	2.77	6.47	1	225	228	-9999.9	22	1	15.9	3
2025 03 12 01	1.37	1.23	5.31	4.78	7.6	1.99	7.31	1	204	205	-9999.9	43	1	16.2	3
2025 03 12 02	0.9	0.84	5.37	4.78	7.11	1.42	6.29	1	184	167	-9999.9	42	1	15.9	3
2025 03 12 03	1.01	0.91	5.25	4.75	6.72	1.39	7.5	1	190	173	-9999.9	55	1	16.0	3
2025 03 12 04	1.02	0.91	5.01	4.79	7.04	1.5	6.7	1	187	162	-9999.9	40	1	16.0	3
2025 03 12 05	0.97	0.85	4.52	4.02	6.82	1.46	4.61	1	207	206	-9999.9	35	1	16.0	3
2025 03 12 06	1.09	1.0	5.4	5.07	7.3	1.71	6.57	1	223	225	-9999.9	23	1	16.0	3
2025 03 12 07	0.7	0.6	4.64	4.23	7.14	1.09	7.18	1	222	225	-9999.9	37	1	16.0	3
2025 03 12 08	0.6	0.53	4.4	3.59	7.27	0.93	5.75	1	211	210	-9999.9	44	1	16.0	3
2025 03 12 09	0.61	0.52	4.02	3.44	8.03	0.87	7.58	1	220	230	-9999.9	22	1	16.0	3
2025 03 12 10	0.67	0.55	3.61	3.02	8.36	1.18	7.42	1	217	225	-9999.9	31	1	16.0	3
2025 03 12 11	0.66	0.56	3.92	3.28	7.48	0.98	6.73	1	215	222	-9999.9	44	1	16.1	3
2025 03 12 12	0.81	0.69	3.76	3.33	7.53	1.08	6.61	1	221	225	-9999.9	40	1	16.1	3
2025 03 12 13	0.75	0.67	4.35	3.69	6.76	1.09	7.12	1	224	231	-9999.9	38	1	16.1	3
2025 03 12 14	0.86	0.79	4.32	3.69	7.52	1.53	6.62	1	203	203	-9999.9	43	1	15.6	3
2025 03 12 15	0.94	0.84	4.43	3.98	7.28	1.32	5.56	1	206	200	-9999.9	46	1	15.8	3
2025 03 12 16	0.7	0.62	5.03	4.48	7.59	0.94	5.82	1	180	176	-9999.9	47	1	-9999.9	-9999.9
2025 03 12 17	0.83	0.71	4.09	3.64	6.17	1.19	5.55	1	206	174	-9999.9	50	1	-9999.9	-9999.9
2025 03 12 18	0.89	0.75	4.04	3.49	6.65	1.26	7.78	1	210	200	-9999.9	45	1	16.1	3
2025 03 12 19	0.93	0.78	3.64	3.26	3.71	1.43	4.03	1	221	205	-9999.9	38	1	16.2	3
2025 03 12 20	0.88	0.72	3.38	3.06	3.77	1.39	6.51	1	225	235	-9999.9	43	1	16.2	3
2025 03 12 21	0.82	0.68	3.52	3.06	4.93	1.04	3.69	1	226	226	-9999.9	48	1	16.2	3
2025 03 12 22	0.81	0.69	3.77	3.54	6.93	1.09	5.33	1	218	230	-9999.9	35	1	16.2	3
2025 03 12 23	0.73	0.62	3.78	3.18	7.16	1.15	6.23	1	224	234	-9999.9	42	1	16.2	3
2025 03 13 00	0.96	0.86	4.5	3.98	7.17	1.46	5.09	1	218	222	-9999.9	25	1	16.0	3
2025 03 13 01	1.13	0.98	4.09	3.74	6.39	1.68	6.09	1	218	231	-9999.9	35	1	15.9	3
2025 03 13 02	0.98	0.88	4.8	4.41	6.42	1.45	6.18	1	199	223	-9999.9	41	1	16.2	3
2025 03 13 03	0.79	0.72	4.79	4.27	6.31	1.19	7.88	1	156	139	-9999.9	50	1	15.9	3
2025 03 13 04	0.95	0.87	4.7	4.28	5.99	1.48	5.26	1	183	154	-9999.9	47	1	15.9	3
2025 03 13 05	0.96	0.86	4.3	3.9	6.45	1.49	5.88	1	198	206	-9999.9	39	1	15.9	3
2025 03 13 06	1.17	1.0	3.71	3.38	4.12	1.65	6.13	1	204	211	-9999.9	40	1	15.8	3
2025 03 13 07	1.34	1.19	4.08	3.9	4.22	1.92	4.68	1	201	198	-9999.9	33	1	15.8	3
2025 03 13 08	1.35	1.18	4.12	3.62	4.66	2.03	4.23	1	212	213	-9999.9	41	1	16.0	3
2025 03 13 09	1.17	0.99	3.85	3.27	5.91	1.81	5.32	1	212	239	-9999.9	50	1	16.0	3
2025 03 13 10	1.33	1.13	4.06	3.61	6.54	2.0	6.59	1	226	237	-9999.9	27	1	16.0	3
2025 03 13 11	1.4	1.19	4.04	3.62	6.4	1.76	6.32	1	231	234	-9999.9	36	1	-9999.9	-9999.9
2025 03 13 12	1.53	1.34	4.38	3.81	8.1	2.2	5.58	1	226	228	-9999.9	41	1	16.4	3
2025 03 13 13	2.19	1.99	5.56	4.95	7.92	3.0	7.1	1	228	230	-9999.9	28	1	16.1	3
2025 03 13 14	2.56	2.34	5.98	5.46	8.33	4.06	7.8	1	221	229	-9999.9	17	1	15.9	3
2025 03 13 15	2.73	2.53	6.32	5.7	8.67	4.55	8.39	1	218	214	-9999.9	31	1	-9999.9	-9999.9
2025 03 13 16	2.22	2.03	6.56	6.23	9.11	3.29	7.78	1	191	194	-9999.9	29	1	-9999.9	-9999.9
2025 03 13 17	2.54	2.36	7.04	6.25	9.58	3.56	10.34	1	214	214	-9999.9	19	1	-9999.9	-9999.9
2025 03 13 18	2.0	1.83	5.93	5.28	10.26	2.92	8.72	1	212	221	-9999.9	25	1	15.9	3
2025 03 13 19	1.95	1.78	5.91	5.09	10.5	2.72	9.98	1	211	217	-9999.9	28	1	16.1	3
2025 03 13 20	1.78	1.55	5.41	4.6	10.17	2.65	8.51	1	220	216	-9999.9	33	1	16.2	3
2025 03 13 21	1.73	1.56	5.44	4.99	10.98	2.77	7.19	1	222	222	-9999.9	32	1	16.1	3
2025 03 13 22	1.56	1.35	5.7	4.89	10.97	2.43	7.23	1	215	214	-9999.9	31	1	16.1	3
2025 03 13 23	1.6	1.47	6.35	5.2	10.75	2.26	10.1	1	220	226	-9999.9	31	1	16.1	3
2025 03 14 00	1.42	1.23	5.65	4.81	10.86	2.56	10.27	1	213	219	-9999.9	36	1	16.2	3
2025 03 14 01	1.72	1.52	5.58	5.0	10.18	2.29	9.6	1	217	221	-9999.9	41	1	15.9	3
2025 03 14 02	1.87	1.71	6.57	5.53	10.29	3.07	9.37	1	220	226	-9999.9	36	1	-9999.9	-9999.9
2025 03 14 03	1.45	1.37	7.04	6.63	10.77	2.37	12.22	1	198	205	-9999.9	32	1	-9999.9	-9999.9
2025 03 14 04	1.43	1.32	6.56	6.12	9.95	2.52	11.34	1	183	182	-9999.9	50	1	-9999.9	-9999.9
2025 03 14 05	1.73	1.58	6.61	5.7	11.89	3.09	10.04	1	199	213	-9999.9	33	1	15.8	3
2025 03 14 06	1.73	1.54	6.26	5.73	12.66	2.49	8.12	1	205	207	-9999.9	36	1	15.8	3
2025 03 14 07	1.3	1.15	5.58	4.82	11.07	1.9	10.42	1	206	219	-9999.9	37	1	15.7	3
2025 03 14 08	1.64	1.5	6.86	6.36	13.86	2.31	14.39	1	218	212	-9999.9	32	1	15.7	3
2025 03 14 09	1.37	1.2	6.25	5.55	14.23	2.19	12.51	1	216	217	-9999.9	29	1	15.9	3
2025 03 14 10	1.4	1.23	6.31	5.21	14.2	1.97	13.54	1	208	206	-9999.9	39	1	15.9	3
2025 03 14 11	1.23	1.09	6.62	4.93	14.09	1.66	11.79	1	213	195	-9999.9	34	1	16.2	3
2025 03 14 12	1.06	0.97	8.52	7.43	13.28	1.59	12.0	1	219	227	-9999.9	48	1	16.9	3
2025 03 14 13	1.32	1.26	8.19	7.34	11.48	2.09	11.68	1	215	219	-9999.9	35	1	16.9	3
2025 03 14 14	1.45	1.34	6.86	5.93	11.01	2.11	9.52	1	217	224	-9999.9	39	1	16.3	3
2025 03 14 15	1.31	1.2	6.54	5.59	9.85	1.87	9.02	1	210	217	-9999.9	41	1	16.1	3
2025 03 14 16	1.51	1.39	6.79	5.95	9.28	2.28	8.32	1	201	209	-9999.9	31	1	16.1	3
2025 03 14 17	1.14	1.07	7.12	6.57	11.18	1.59	11.98	1	177	185	-9999.9	58	1	-9999.9	-9999.9
2025 03 14 18	1.16	1.0	5.57	5.03	9.67	1.65	6.04	1	206	197	-9999.9	62	1	16.0	3
2025 03 14 19	1.37	1.25	6.1	5.37	12.06	2.31	9.48	1	211	211	-9999.9	38	1	15.8	3
2025 03 14 20	0.94	0.8	5.49	4.75	13.76	1.76	11.35	1	203	182	-9999.9	69	1	15.9	3
2025 03 14 21	1.1	0.9	5.07	4.53	13.97	1.8	11.03	1	225	205	-9999.9	40	1	15.9	3
2025 03 14 22	0.9	0.76	6.05	5.16	14.22	1.35	14.54	1	204	198	-9999.9	50	1	16.0	3
2025 03 14 23	1.03	0.91	5.67	4.67	12.09	1.62	10.02	1	227	219	-9999.9	42	1	16.1	3
2025 03 15 00	0.95	0.85	5.82	4.33	13.1	1.55	11.6	1	222	217	-9999.9	49	1	16.1	3
2025 03 15 01	1.06	0.97	6.23	6.06	11.87	1.75	9.71	1	217	215	-9999.9	42	1	16.0	3
2025 03 15 02	1.4	1.27	6.46	5.93	9.04	2.15	8.69	1	219	226	-9999.9	31	1	15.8	3
2025 03 15 03	1.29	1.16	6.16	5.83	11.18	1.92	9.1	1	201	210	-9999.9	55	1	15.6	3
2025 03 15 04	1.06	0.98	6.06	5.64	8.66	1.57	8.81	1	199	195	-9999.9	51	1	-9999.9	-9999.9
2025 03 15 05	1.21	1.09	6.22	5.76	11.89	1.7	13.52	1	209	218	-9999.9	32	1	15.8	3
2025 03 15 06	1.18	1.07	5.5	5.14	9.01	2.08	7.37	1	204	206	-9999.9	51	1	15.6	3
2025 03 15 07	1.41	1.23	5.65	5.11	10.15	2.07	10.66	1	214	225	-9999.9	38	1	15.7	3
2025 03 15 08	1.11	1.01	5.5	4.72	12.02	1.56	7.47	1	214	213	-9999.9	31	1	15.6	3
2025 03 15 09	1.03	0.89	5.05	4.46	11.52	1.56	6.62	1	224	212	-9999.9	47	1	15.9	3
2025 03 15 10	0.97	0.82	4.47	4.0	11.36	1.66	9.7	1	221	207	-9999.9	51	1	15.8	3
2025 03 15 11	0.94	0.78	5.24	4.54	12.29	1.34	11.76	1	214	215	-9999.9	43	1	16.5	3
2025 03 15 12	0.93	0.82	5.58	4.29	12.03	1.26	7.89	1	225	214	-9999.9	51	1	16.8	3
2025 03 15 13	0.98	0.87	5.79	4.63	10.74	1.38	10.06	1	225	205	-9999.9	63	1	16.9	3
2025 03 15 14	1.17	1.05	6.67	5.81	11.63	1.59	11.01	1	230	239	-9999.9	61	1	16.8	3
2025 03 15 15	1.11	1.0	6.0	5.21	10.77	1.69	9.32	1	222	221	-9999.9	44	1	16.4	3
2025 03 15 16	1.14	1.03	6.0	5.6	10.87	1.63	10.3	1	211	210	-9999.9	30	1	16.0	3
2025 03 15 17	1.14	1.03	5.53	4.95	8.77	1.67	9.52	1	202	216	-9999.9	42	1	15.9	3
2025 03 15 18	0.95	0.86	6.23	5.78	10.25	1.37	8.1	1	202	229	-9999.9	30	1	16.1	3
2025 03 15 19	0.91	0.81	6.11	5.51	11.1	1.41	10.76	1	208	235	-9999.9	53	1	16.0	3
2025 03 15 20	1.02	0.87	5.23	4.74	12.48	1.63	12.55	1	210	218	-9999.9	38	1	15.6	3
2025 03 15 21	0.71	0.59	4.13	3.48	11.49	1.08	6.76	1	228	219	-9999.9	36	1	15.9	3
2025 03 15 22	0.83	0.68	4.47	3.77	11.9	1.17	10.07	1	218	217	-9999.9	32	1	16.0	3
2025 03 15 23	0.81	0.65	3.94	3.38	12.29	1.16	10.85	1	219	222	-9999.9	31	1	16.0	3
2025 03 16 00	0.93	0.76	4.08	3.56	12.45	1.47	9.23	1	219	236	-9999.9	26	1	16.0	3
2025 03 16 01	0.99	0.8	4.64	4.04	12.25	1.52	9.41	1	218	215	-9999.9	30	1	16.0	3
2025 03 16 02	0.86	0.76	5.25	4.07	11.13	1.47	10.22	1	225	237	-9999.9	40	1	16.2	3
2025 03 16 03	0.96	0.79	4.8	4.06	10.79	1.31	8.78	1	216	226	-9999.9	39	1	16.3	3
2025 03 16 04	1.06	0.93	4.97	4.38	11.03	1.52	10.54	1	212	223	-9999.9	36	1	16.0	3
2025 03 16 05	0.9	0.79	4.78	4.24	9.8	1.25	6.71	1	198	204	-9999.9	37	1	16.1	3
2025 03 16 06	0.96	0.84	4.95	4.35	10.39	1.39	11.22	1	198	192	-9999.9	57	1	15.7	3
2025 03 16 07	0.87	0.78	4.85	4.15	10.59	1.45	4.46	1	196	218	-9999.9	44	1	15.7	3
2025 03 16 08	1.08	0.94	4.72	3.99	10.97	1.44	8.2	1	207	220	-9999.9	32	1	15.8	3
2025 03 16 09	0.83	0.68	3.78	3.3	9.84	1.39	3.39	1	211	207	-9999.9	53	1	15.9	3
2025 03 16 10	0.81	0.62	3.81	3.17	23.75	1.3	22.15	1	211	221	-9999.9	67	1	16.1	3
2025 03 16 11	0.78	0.6	3.94	3.22	12.18	0.96	11.89	1	215	195	-9999.9	64	1	16.5	3
2025 03 16 12	0.77	0.6	3.72	3.1	13.29	1.04	6.09	1	232	239	-9999.9	76	1	16.8	3
2025 03 16 13	0.79	0.63	3.86	3.22	11.2	1.08	14.0	1	218	196	-9999.9	39	1	16.8	3
2025 03 16 14	0.81	0.68	4.12	3.49	8.32	1.08	5.8	1	219	208	-9999.9	67	1	16.6	3
2025 03 16 15	0.86	0.73	4.3	3.71	7.36	1.18	9.26	1	215	209	-9999.9	59	1	16.3	3
2025 03 16 16	0.81	0.7	4.8	4.4	10.36	1.11	10.99	1	222	207	-9999.9	43	1	16.6	3
2025 03 16 17	0.79	0.72	4.81	4.29	8.19	1.2	10.81	1	210	219	-9999.9	55	1	16.6	3
2025 03 16 18	0.62	0.55	4.81	4.4	5.8	0.8	4.09	1	200	195	-9999.9	56	1	16.3	3
2025 03 16 19	0.75	0.67	4.54	4.09	5.26	1.43	4.71	1	201	199	-9999.9	53	1	16.1	3
2025 03 16 20	0.81	0.72	4.35	3.71	5.83	1.26	5.69	1	202	215	-9999.9	36	1	16.0	3
2025 03 16 21	0.62	0.54	4.32	3.75	5.87	0.9	5.14	1	222	215	-9999.9	55	1	16.1	3
2025 03 16 22	0.48	0.4	4.11	3.52	6.53	0.72	4.94	1	208	233	-9999.9	37	1	16.3	3
2025 03 16 23	0.51	0.45	4.79	4.09	7.41	0.74	5.48	1	219	243	-9999.9	36	1	16.2	3
2025 03 17 00	0.48	0.42	4.7	3.73	10.65	0.7	7.57	1	204	227	-9999.9	55	1	16.9	3
2025 03 17 01	0.57	0.48	4.73	3.93	10.49	0.8	8.78	1	199	233	-9999.9	57	1	16.9	3
2025 03 17 02	0.54	0.5	5.73	4.63	7.86	0.88	4.96	1	222	215	-9999.9	55	1	17.0	3
2025 03 17 03	0.69	0.6	4.66	3.88	6.93	1.03	6.84	1	210	221	-9999.9	45	1	16.7	3
2025 03 17 04	0.7	0.59	4.34	3.76	7.59	0.93	6.58	1	216	248	-9999.9	64	1	16.5	3
2025 03 17 05	0.81	0.75	4.8	4.42	6.41	1.59	6.27	1	207	213	-9999.9	34	1	16.3	3
2025 03 17 06	0.79	0.75	5.37	5.04	6.21	1.26	5.7	1	182	191	-9999.9	62	1	-9999.9	-9999.9
2025 03 17 07	0.88	0.8	5.06	4.83	7.52	1.28	5.99	1	201	207	-9999.9	43	1	16.3	3
2025 03 17 08	1.03	0.95	4.83	4.53	7.27	1.63	6.7	1	198	222	-9999.9	29	1	16.0	3
2025 03 17 09	0.77	0.68	4.73	4.19	7.05	1.34	6.85	1	208	208	-9999.9	32	1	16.1	3
2025 03 17 10	0.71	0.66	5.07	4.24	8.01	1.1	7.96	1	215	226	-9999.9	34	1	16.1	3
2025 03 17 11	0.64	0.52	3.84	3.34	8.06	0.89	6.1	1	197	237	-9999.9	53	1	16.3	3
2025 03 17 12	0.73	0.63	4.14	3.48	7.94	0.98	4.8	1	202	237	-9999.9	44	1	16.6	3
2025 03 17 13	0.69	0.59	4.1	3.59	7.5	0.98	6.06	1	145	228	-9999.9	42	1	16.8	3
2025 03 17 14	0.67	0.6	4.63	4.11	6.24	1.05	5.66	1	122	211	-9999.9	49	1	16.8	3
2025 03 17 15	0.79	0.73	4.69	4.29	7.11	1.21	5.02	1	172	231	-9999.9	37	1	16.5	3
2025 03 17 16	0.84	0.78	4.91	4.55	6.97	1.32	6.47	1	203	227	-9999.9	37	1	16.4	3
2025 03 17 17	0.95	0.84	4.49	4.14	6.42	1.65	5.89	1	207	215	-9999.9	32	1	16.5	3
2025 03 17 18	1.06	0.96	4.65	4.34	5.59	1.73	4.81	1	207	213	-9999.9	34	1	16.3	3
2025 03 17 19	0.97	0.91	5.2	4.91	7.14	1.6	6.65	1	201	214	-9999.9	36	1	16.3	3
2025 03 17 20	1.0	0.89	4.68	4.28	7.17	1.39	5.87	1	182	196	-9999.9	35	1	16.1	3
2025 03 17 21	1.34	1.19	5.11	4.63	8.33	2.12	7.44	1	208	224	-9999.9	20	1	16.2	3
2025 03 17 22	1.31	1.15	4.37	3.9	8.48	2.49	6.87	1	213	223	-9999.9	23	1	16.4	3
2025 03 17 23	1.41	1.2	4.52	4.08	9.08	2.07	8.16	1	210	228	-9999.9	25	1	16.3	3
2025 03 18 00	1.91	1.61	5.19	4.78	10.11	2.61	10.25	1	210	229	-9999.9	31	1	16.4	3
2025 03 18 01	2.31	1.92	5.24	5.04	9.71	3.71	12.48	1	213	230	-9999.9	26	1	16.4	3
2025 03 18 02	2.43	2.11	6.01	5.43	11.43	3.47	9.54	1	219	232	-9999.9	29	1	16.5	3
2025 03 18 03	2.5	2.23	6.25	5.64	11.47	3.59	10.4	1	216	209	-9999.9	33	1	16.3	3
2025 03 18 04	2.33	2.1	6.93	6.01	10.4	3.04	9.91	1	213	211	-9999.9	34	1	16.3	3
2025 03 18 05	2.47	2.22	6.16	5.67	9.54	3.54	7.43	1	182	180	-9999.9	37	1	15.9	3
2025 03 18 06	1.92	1.74	7.04	6.45	10.54	2.5	13.76	1	197	176	-9999.9	63	1	16.0	3
2025 03 18 07	1.93	1.77	7.06	6.35	12.23	2.64	7.44	1	204	204	-9999.9	30	1	16.1	3
2025 03 18 08	2.04	1.88	7.21	6.58	11.5	3.36	10.46	1	208	217	-9999.9	27	1	-9999.9	-9999.9
2025 03 18 09	1.76	1.62	6.21	5.63	11.11	2.83	11.76	1	213	217	-9999.9	33	1	16.1	3
2025 03 18 10	1.73	1.58	6.37	5.45	13.36	2.62	10.6	1	214	201	-9999.9	34	1	16.3	3
2025 03 18 11	1.55	1.37	5.75	4.94	11.65	2.29	12.05	1	218	220	-9999.9	35	1	16.4	3
2025 03 18 12	1.39	1.24	5.67	4.49	10.95	2.02	11.44	1	209	216	-9999.9	36	1	16.4	3
2025 03 18 13	1.35	1.11	5.46	4.64	11.66	1.91	9.99	1	211	218	-9999.9	38	1	16.4	3
2025 03 18 14	1.21	1.06	5.88	4.68	10.23	1.57	10.89	1	212	209	-9999.9	43	1	16.5	3
2025 03 18 15	1.24	1.06	5.13	4.6	9.18	1.95	9.67	1	194	182	-9999.9	49	1	16.4	3
2025 03 18 16	1.29	1.17	6.43	5.49	10.2	1.82	9.57	1	208	212	-9999.9	43	1	16.4	3
2025 03 18 17	1.55	1.42	6.05	5.33	9.87	2.19	9.62	1	209	213	-9999.9	43	1	16.2	3
2025 03 18 18	1.2	1.05	6.76	6.31	9.64	1.67	10.51	1	194	218	-9999.9	53	1	16.2	3
2025 03 18 19	1.16	1.08	6.8	6.44	9.93	1.67	7.89	1	182	202	-9999.9	47	1	16.2	3
2025 03 18 20	1.24	1.14	6.61	5.89	10.66	1.61	10.31	1	197	216	-9999.9	35	1	16.1	3
2025 03 18 21	1.42	1.31	7.02	6.28	10.09	2.3	10.46	1	210	211	-9999.9	28	1	16.1	3
2025 03 18 22	0.84	0.79	5.94	5.32	12.36	1.46	9.88	1	198	205	-9999.9	24	1	16.2	3
2025 03 18 23	0.84	0.78	7.15	6.04	11.13	1.12	8.92	1	210	232	-9999.9	40	1	16.3	3
2025 03 19 00	0.84	0.8	7.61	6.78	11.75	1.35	11.4	1	209	220	-9999.9	41	1	16.7	3
2025 03 19 01	0.86	0.77	6.81	6.25	11.33	1.21	9.83	1	214	224	-9999.9	37	1	16.7	3
2025 03 19 02	0.88	0.84	7.64	6.08	10.42	1.26	10.0	1	218	238	-9999.9	37	1	16.8	3
2025 03 19 03	0.98	0.89	5.99	5.44	11.26	2.16	9.64	1	218	225	-9999.9	32	1	16.8	3
2025 03 19 04	1.09	0.99	6.48	5.79	9.21	1.69	7.43	1	214	226	-9999.9	39	1	16.8	3
2025 03 19 05	1.1	0.98	6.06	5.15	9.92	1.74	10.87	1	194	214	-9999.9	41	1	16.8	3
2025 03 19 06	1.06	0.94	5.23	4.71	8.58	1.3	4.6	1	163	214	-9999.9	37	1	16.3	3
2025 03 19 07	1.08	0.96	4.72	4.4	6.21	1.42	8.1	1	146	219	-9999.9	43	1	16.0	3
2025 03 19 08	1.11	0.99	4.89	4.71	4.78	1.84	5.28	1	103	78	-9999.9	34	1	16.3	3
2025 03 19 09	1.09	0.93	4.46	4.23	4.81	1.57	5.08	1	92	65	-9999.9	25	1	16.2	3
2025 03 19 10	0.91	0.74	4.26	3.37	9.68	1.27	8.33	1	154	226	-9999.9	45	1	15.9	3
2025 03 19 11	0.83	0.7	3.73	3.4	5.33	1.1	3.26	1	81	80	-9999.9	49	1	16.1	3
2025 03 19 12	0.81	0.7	3.96	3.47	4.66	1.04	5.22	1	104	91	-9999.9	29	1	16.8	3
2025 03 19 13	0.98	0.78	3.6	3.17	7.41	1.25	4.21	1	106	226	-9999.9	35	1	16.5	3
2025 03 19 14	1.04	0.86	3.6	3.12	4.43	1.55	4.59	1	96	87	-9999.9	38	1	16.4	3
2025 03 19 15	1.02	0.84	3.76	3.24	9.53	1.33	7.96	1	109	240	-9999.9	46	1	16.5	3
2025 03 19 16	1.24	1.09	4.21	3.64	5.1	1.98	4.71	1	100	92	-9999.9	45	1	16.6	3
2025 03 19 17	1.45	1.28	4.29	4.06	5.95	2.32	5.48	1	89	92	-9999.9	38	1	16.7	3
2025 03 19 18	1.42	1.26	4.5	4.1	6.82	1.89	5.38	1	106	96	-9999.9	64	1	16.7	3
2025 03 19 19	1.4	1.22	4.34	4.09	5.28	1.97	5.72	1	95	91	-9999.9	34	1	16.8	3
2025 03 19 20	0.89	0.76	4.55	3.86	7.16	1.07	5.34	1	107	91	-9999.9	68	1	16.6	3
2025 03 19 21	1.14	1.01	4.73	4.04	7.39	1.99	8.21	1	100	98	-9999.9	44	1	16.2	3
2025 03 19 22	1.37	1.24	4.5	4.22	6.47	2.1	6.61	1	73	62	-9999.9	45	1	16.4	3
2025 03 19 23	1.18	1.06	4.89	4.05	8.9	1.58	7.05	1	152	236	-9999.9	31	1	16.7	3
2025 03 20 00	1.46	1.34	4.83	4.45	7.46	2.04	5.79	1	88	92	-9999.9	31	1	16.8	3
2025 03 20 01	1.4	1.26	5.04	4.35	7.17	2.0	7.07	1	110	99	-9999.9	46	1	16.8	3
2025 03 20 02	1.4	1.22	4.91	4.48	7.81	1.92	8.71	1	125	99	-9999.9	42	1	16.9	3
2025 03 20 03	1.36	1.26	5.46	4.52	8.54	2.21	7.52	1	150	141	-9999.9	72	1	16.8	3
2025 03 20 04	1.4	1.29	5.97	5.34	8.15	2.04	7.42	1	128	103	-9999.9	47	1	16.9	3
2025 03 20 05	1.61	1.56	7.08	5.99	8.67	2.41	9.16	1	129	119	-9999.9	46	1	16.9	3
2025 03 20 06	1.51	1.4	6.46	5.99	8.95	2.16	7.45	1	140	112	-9999.9	53	1	16.8	3
2025 03 20 07	1.91	1.76	7.11	6.58	8.41	2.95	8.56	1	146	120	-9999.9	57	1	16.9	3
2025 03 20 08	2.24	2.12	7.34	6.85	9.27	3.36	8.91	1	200	184	-9999.9	61	1	16.9	3
2025 03 20 09	1.66	1.57	6.67	5.84	10.19	2.83	7.53	1	182	190	-9999.9	58	1	16.7	3
2025 03 20 10	2.31	2.15	7.39	7.1	9.46	3.36	10.57	1	186	149	-9999.9	58	1	16.7	3
2025 03 20 11	2.38	2.24	7.1	6.64	9.54	3.75	9.06	1	188	192	-9999.9	52	1	16.8	3
2025 03 20 12	2.09	2.01	7.62	6.63	9.37	3.25	9.48	1	172	127	-9999.9	62	1	16.7	3
2025 03 20 13	2.19	2.07	7.76	6.99	9.54	3.31	10.26	1	148	220	-9999.9	48	1	16.8	3
2025 03 20 14	1.98	1.76	6.6	6.07	10.48	2.73	11.1	1	152	231	-9999.9	43	1	16.7	3
2025 03 20 15	1.82	1.71	6.95	5.96	10.04	2.57	7.73	1	160	219	-9999.9	39	1	16.9	3
2025 03 20 16	1.6	1.5	6.94	6.0	9.32	2.72	8.68	1	149	110	-9999.9	43	1	17.0	3
2025 03 20 17	1.86	1.73	7.13	6.7	10.45	3.74	9.86	1	186	213	-9999.9	38	1	17.0	3
2025 03 20 18	1.61	1.5	6.14	5.15	8.45	2.17	7.88	1	192	136	-9999.9	62	1	16.9	3
2025 03 20 19	1.29	1.14	5.13	4.31	8.77	1.81	7.77	1	167	93	-9999.9	56	1	16.7	3
2025 03 20 20	1.49	1.36	5.23	4.86	9.52	2.61	9.94	1	166	130	-9999.9	69	1	16.5	3
2025 03 20 21	1.57	1.43	5.15	4.54	10.32	2.4	7.73	1	194	197	-9999.9	45	1	16.6	3
2025 03 20 22	1.37	1.21	4.62	3.97	10.58	2.32	8.45	1	183	207	-9999.9	36	1	16.5	3
2025 03 20 23	1.4	1.2	4.88	4.2	10.44	1.96	8.24	1	183	212	-9999.9	54	1	16.9	3
2025 03 21 00	1.5	1.31	4.89	4.28	10.03	2.11	8.33	1	193	213	-9999.9	40	1	16.9	3
2025 03 21 01	1.47	1.31	4.78	4.16	7.74	2.06	8.83	1	214	227	-9999.9	61	1	16.8	3
2025 03 21 02	1.44	1.32	5.32	4.45	10.12	2.2	7.89	1	206	208	-9999.9	38	1	16.8	3
2025 03 21 03	1.96	1.81	6.06	5.42	9.97	3.18	8.9	1	224	223	-9999.9	28	1	16.6	3
2025 03 21 04	1.96	1.87	5.88	5.45	9.83	3.01	9.93	1	224	224	-9999.9	27	1	16.7	3
2025 03 21 05	1.96	1.82	6.58	5.66	9.98	2.72	10.31	1	219	216	-9999.9	27	1	16.8	3
2025 03 21 06	1.85	1.7	6.04	5.22	9.62	2.67	8.2	1	218	232	-9999.9	28	1	16.5	3
2025 03 21 07	1.75	1.65	6.14	5.25	10.23	2.52	9.42	1	211	218	-9999.9	30	1	16.2	3
2025 03 21 08	1.92	1.79	5.98	5.42	10.57	2.89	7.48	1	214	217	-9999.9	31	1	16.2	3
2025 03 21 09	1.65	1.54	5.4	4.9	9.89	2.59	9.48	1	212	216	-9999.9	33	1	16.2	3
2025 03 21 10	1.61	1.43	5.41	4.74	9.96	2.75	7.52	1	205	214	-9999.9	27	1	16.3	3
2025 03 21 11	1.64	1.46	5.89	5.15	10.22	2.46	9.08	1	213	226	-9999.9	33	1	16.5	3
2025 03 21 12	1.35	1.16	4.58	3.98	8.79	2.19	8.54	1	217	225	-9999.9	39	1	16.6	3
2025 03 21 13	1.37	1.15	4.6	4.17	10.87	1.89	10.56	1	218	213	-9999.9	36	1	16.7	3
2025 03 21 14	1.33	1.12	4.69	4.13	10.62	1.72	9.32	1	221	224	-9999.9	41	1	17.0	3
2025 03 21 15	1.59	1.42	4.9	4.24	8.73	2.4	6.1	1	222	217	-9999.9	42	1	17.0	3
2025 03 21 16	1.47	1.28	5.04	4.45	11.02	2.12	5.87	1	214	218	-9999.9	31	1	16.9	3
2025 03 21 17	1.94	1.75	5.21	4.83	8.13	2.73	5.79	1	218	225	-9999.9	31	1	16.5	3
2025 03 21 18	1.55	1.37	5.0	4.45	9.43	2.6	7.47	1	211	237	-9999.9	47	1	16.4	3
2025 03 21 19	1.66	1.47	5.35	4.87	8.59	2.33	7.42	1	215	207	-9999.9	45	1	16.6	3
2025 03 21 20	1.5	1.32	4.97	4.41	8.11	2.1	7.73	1	205	184	-9999.9	48	1	-9999.9	-9999.9
2025 03 21 21	1.62	1.43	5.07	4.66	8.86	2.3	8.52	1	204	204	-9999.9	40	1	16.7	3
2025 03 21 22	1.74	1.55	5.25	4.75	9.02	2.39	7.1	1	209	201	-9999.9	36	1	16.8	3
2025 03 21 23	1.43	1.25	5.02	4.4	10.42	2.01	8.8	1	211	215	-9999.9	37	1	16.7	3
2025 03 22 00	1.34	1.21	4.73	4.08	9.17	2.35	10.12	1	217	219	-9999.9	32	1	16.7	3
2025 03 22 01	1.31	1.13	4.75	4.01	9.13	1.99	9.97	1	222	213	-9999.9	33	1	16.6	3
2025 03 22 02	1.29	1.19	5.33	4.37	10.49	1.87	9.34	1	221	222	-9999.9	44	1	16.6	3
2025 03 22 03	1.16	1.06	5.11	4.18	10.08	1.88	9.9	1	220	224	-9999.9	41	1	16.7	3
2025 03 22 04	1.08	0.97	5.26	4.59	8.36	1.79	8.06	1	219	226	-9999.9	41	1	16.6	3
2025 03 22 05	1.14	1.04	6.09	5.64	10.33	1.75	9.15	1	219	217	-9999.9	29	1	16.6	3
2025 03 22 06	0.94	0.86	5.51	4.73	10.04	1.32	9.53	1	211	210	-9999.9	41	1	16.6	3
2025 03 22 07	1.47	1.4	5.95	5.38	7.96	2.38	7.05	1	218	228	-9999.9	30	1	16.5	3
2025 03 22 08	1.66	1.54	6.11	5.63	8.99	2.37	8.83	1	218	220	-9999.9	27	1	16.5	3
2025 03 22 09	1.49	1.34	5.19	4.87	7.87	2.42	6.91	1	216	230	-9999.9	24	1	16.4	3
2025 03 22 10	1.36	1.25	5.64	4.82	7.68	2.15	7.21	1	204	208	-9999.9	49	1	16.1	3
2025 03 22 11	1.27	1.13	5.37	4.81	7.78	2.0	5.77	1	212	217	-9999.9	42	1	16.5	3
2025 03 22 12	1.26	1.11	5.24	4.68	8.47	1.95	7.53	1	209	202	-9999.9	38	1	-9999.9	-9999.9
2025 03 22 13	1.08	0.95	5.1	4.46	8.81	1.59	10.38	1	224	218	-9999.9	50	1	16.7	3
2025 03 22 14	1.04	0.88	4.75	4.1	10.58	1.51	7.3	1	225	223	-9999.9	57	1	-9999.9	-9999.9
2025 03 22 15	1.23	1.06	4.51	3.87	10.73	1.54	11.05	1	224	210	-9999.9	47	1	-9999.9	-9999.9
2025 03 22 16	1.17	1.05	4.79	3.88	7.42	2.11	6.26	1	220	220	-9999.9	37	1	16.6	3
2025 03 22 17	1.55	1.42	4.78	4.38	6.24	2.42	5.67	1	219	226	-9999.9	22	1	16.3	3
2025 03 22 18	1.69	1.55	4.88	4.4	6.3	2.58	6.11	1	226	229	-9999.9	30	1	16.2	3
2025 03 22 19	1.6	1.43	5.21	4.46	6.85	2.27	6.44	1	222	233	-9999.9	28	1	16.2	3
2025 03 22 20	1.37	1.25	5.09	4.31	7.31	1.77	7.15	1	213	212	-9999.9	50	1	16.3	3
2025 03 22 21	1.27	1.16	5.3	4.56	6.6	2.16	6.65	1	205	187	-9999.9	40	1	16.5	3
2025 03 22 22	1.24	1.13	4.9	4.3	6.91	2.09	7.03	1	209	210	-9999.9	38	1	-9999.9	-9999.9
2025 03 22 23	1.29	1.17	4.86	4.11	6.89	1.72	8.29	1	208	193	-9999.9	50	1	-9999.9	-9999.9
2025 03 23 00	1.13	1.02	4.48	4.1	7.01	1.58	7.49	1	215	222	-9999.9	53	1	16.5	3
2025 03 23 01	1.23	1.11	4.87	4.38	7.06	1.93	7.26	1	216	215	-9999.9	32	1	16.5	3
2025 03 23 02	0.94	0.81	4.29	3.68	7.54	1.23	13.77	1	204	196	-9999.9	66	1	16.4	3
2025 03 23 03	0.99	0.87	4.61	3.93	7.48	1.47	8.28	1	214	218	-9999.9	37	1	16.5	3
2025 03 23 04	1.02	0.91	4.49	3.82	7.76	1.48	5.8	1	216	205	-9999.9	46	1	16.6	3
2025 03 23 05	0.93	0.83	4.39	3.74	6.45	1.51	5.03	1	214	231	-9999.9	41	1	16.5	3
2025 03 23 06	1.2	1.04	3.99	3.63	6.47	1.99	4.72	1	219	232	-9999.9	48	1	16.5	3
2025 03 23 07	1.34	1.21	4.68	4.11	6.42	1.84	5.29	1	223	232	-9999.9	34	1	16.4	3
2025 03 23 08	1.36	1.23	4.61	4.25	6.23	2.42	5.29	1	219	223	-9999.9	35	1	16.3	3
2025 03 23 09	1.43	1.3	4.83	4.23	6.16	1.99	6.66	1	228	229	-9999.9	24	1	16.3	3
2025 03 23 10	1.49	1.35	4.93	4.5	6.39	2.23	5.61	1	214	218	-9999.9	32	1	16.2	3
2025 03 23 11	1.26	1.16	5.05	4.41	6.83	1.85	6.68	1	205	197	-9999.9	43	1	16.1	3
2025 03 23 12	1.34	1.19	4.59	4.2	7.08	2.29	6.34	1	199	188	-9999.9	39	1	16.1	3
2025 03 23 13	1.36	1.21	4.53	3.84	7.1	2.17	6.94	1	212	211	-9999.9	33	1	16.1	3
2025 03 23 14	1.17	1.05	4.72	4.03	7.13	1.71	6.85	1	225	235	-9999.9	46	1	16.6	3
2025 03 23 15	1.1	0.92	4.17	3.54	7.1	1.67	5.31	1	232	224	-9999.9	43	1	16.6	3
2025 03 23 16	1.09	0.94	4.51	3.8	6.78	1.73	6.12	1	229	205	-9999.9	37	1	16.7	3
2025 03 23 17	1.08	0.89	4.19	3.63	6.7	1.36	5.02	1	220	225	-9999.9	38	1	16.4	3
2025 03 23 18	1.36	1.23	4.61	4.06	6.89	2.06	5.23	1	220	224	-9999.9	31	1	16.1	3
2025 03 23 19	1.28	1.11	4.34	3.99	6.82	1.58	7.28	1	218	215	-9999.9	33	1	16.0	3
2025 03 23 20	1.21	1.09	4.29	3.76	6.84	1.85	5.95	1	211	207	-9999.9	39	1	16.0	3
2025 03 23 21	1.06	0.94	4.51	3.92	6.94	1.78	6.56	1	213	214	-9999.9	48	1	16.3	3
2025 03 23 22	0.95	0.85	4.99	4.57	6.93	1.59	6.92	1	212	196	-9999.9	49	1	16.4	3
2025 03 23 23	0.85	0.77	4.99	4.75	6.75	1.38	5.36	1	199	188	-9999.9	48	1	16.5	3
2025 03 24 00	0.93	0.84	5.13	4.83	6.89	1.47	6.35	1	202	210	-9999.9	48	1	16.6	3
2025 03 24 01	0.74	0.68	4.63	4.26	5.74	0.98	5.52	1	188	199	-9999.9	67	1	16.6	3
2025 03 24 02	0.69	0.63	5.0	4.59	6.43	1.01	7.37	1	191	164	-9999.9	60	1	16.6	3
2025 03 24 03	0.64	0.56	4.92	4.61	7.45	1.05	7.35	1	196	194	-9999.9	56	1	16.5	3
2025 03 24 04	0.62	0.54	4.8	4.51	7.42	1.02	5.34	1	196	185	-9999.9	53	1	16.5	3
2025 03 24 05	0.56	0.5	4.98	4.52	7.2	0.9	5.94	1	202	220	-9999.9	46	1	16.5	3
2025 03 24 06	0.51	0.46	5.16	4.53	7.69	0.71	6.39	1	203	216	-9999.9	48	1	16.5	3
2025 03 24 07	0.51	0.47	5.33	4.89	7.53	0.72	6.89	1	194	215	-9999.9	42	1	16.4	3
2025 03 24 08	0.51	0.47	5.54	4.82	7.05	0.69	6.23	1	198	202	-9999.9	46	1	16.4	3
2025 03 24 09	0.53	0.48	5.28	4.86	7.42	0.83	6.35	1	198	193	-9999.9	49	1	16.6	3
2025 03 24 10	0.77	0.67	4.15	3.79	6.72	1.13	6.2	1	212	218	-9999.9	49	1	16.5	3
2025 03 24 11	0.91	0.8	4.24	4.02	6.01	1.31	6.64	1	218	218	-9999.9	32	1	16.5	3
2025 03 24 12	0.98	0.88	4.21	4.01	6.72	1.38	6.16	1	224	241	-9999.9	39	1	16.5	3
2025 03 24 13	0.94	0.85	4.72	4.08	5.96	1.42	6.96	1	217	222	-9999.9	34	1	16.6	3
2025 03 24 14	0.86	0.77	4.46	3.88	5.91	1.17	6.04	1	207	209	-9999.9	33	1	16.7	3
2025 03 24 15	0.77	0.71	4.43	3.75	6.32	1.28	4.91	1	206	208	-9999.9	42	1	16.6	3
2025 03 24 16	0.7	0.62	4.08	3.36	6.86	1.15	5.48	1	201	192	-9999.9	50	1	16.6	3
2025 03 24 17	0.57	0.53	4.4	3.66	6.28	0.77	7.85	1	218	226	-9999.9	45	1	16.6	3
2025 03 24 18	0.53	0.45	4.34	3.78	6.27	0.71	6.62	1	187	100	-9999.9	61	1	16.7	3
2025 03 24 19	0.49	0.44	4.49	3.66	7.25	0.73	6.7	1	214	212	-9999.9	60	1	16.7	3
2025 03 24 20	0.44	0.4	4.61	3.98	6.79	0.62	5.95	1	219	234	-9999.9	40	1	16.6	3
2025 03 24 21	0.56	0.5	4.42	4.02	5.46	0.82	5.61	1	223	233	-9999.9	27	1	16.4	3
2025 03 24 22	0.61	0.55	4.22	3.87	5.53	0.89	5.22	1	222	229	-9999.9	27	1	16.1	3
2025 03 24 23	0.56	0.47	3.86	3.41	6.7	1.1	6.37	1	212	212	-9999.9	38	1	16.1	3
2025 03 25 00	0.44	0.4	4.93	4.12	6.26	0.55	5.98	1	176	201	-9999.9	58	1	16.4	3
2025 03 25 01	0.49	0.44	4.49	3.94	5.43	0.72	4.78	1	136	140	-9999.9	57	1	16.3	3
2025 03 25 02	0.51	0.43	3.86	3.22	9.08	0.73	9.2	1	164	335	-9999.9	73	1	16.4	3
2025 03 25 03	0.54	0.45	3.57	3.04	5.02	0.73	10.37	1	167	154	-9999.9	52	1	16.5	3
2025 03 25 04	0.56	0.42	3.37	2.93	17.08	0.69	4.5	1	180	312	-9999.9	71	1	16.5	3
2025 03 25 05	0.51	0.4	3.05	2.68	6.05	0.6	2.58	1	198	223	-9999.9	59	1	16.6	3
2025 03 25 06	0.49	0.4	2.83	2.4	2.57	0.66	4.5	1	200	195	-9999.9	37	1	16.6	3
2025 03 25 07	0.48	0.38	2.9	2.47	2.66	0.69	2.38	1	215	198	-9999.9	40	1	16.6	3
2025 03 25 08	0.48	0.4	3.09	2.53	2.94	0.7	2.64	1	212	208	-9999.9	46	1	16.6	3
2025 03 25 09	0.51	0.42	2.81	2.46	2.65	0.75	4.23	1	208	210	-9999.9	34	1	16.6	3
2025 03 25 10	0.56	0.46	3.29	2.84	4.71	0.76	5.61	1	205	214	-9999.9	55	1	16.7	3
2025 03 25 11	0.61	0.51	3.55	2.94	5.92	0.85	7.05	1	217	235	-9999.9	53	1	16.7	3
2025 03 25 12	0.48	0.4	3.97	3.24	7.0	0.66	9.88	1	215	239	-9999.9	61	1	16.7	3
2025 03 25 13	0.79	0.69	3.68	3.39	5.01	1.28	5.77	1	211	217	-9999.9	33	1	16.6	3
2025 03 25 14	0.85	0.73	3.72	3.35	4.45	1.42	3.86	1	210	208	-9999.9	29	1	16.5	3
2025 03 25 15	0.61	0.53	4.07	3.53	6.07	0.8	4.85	1	180	143	-9999.9	62	1	16.3	3
2025 03 25 16	0.46	0.4	4.15	3.58	4.45	0.66	4.42	1	178	158	-9999.9	57	1	16.2	3
2025 03 25 17	0.49	0.45	3.96	3.54	4.99	0.81	4.92	1	183	183	-9999.9	51	1	16.2	3
2025 03 25 18	0.34	0.29	3.78	3.31	5.03	0.58	5.18	1	173	224	-9999.9	66	1	16.5	3
2025 03 25 19	0.31	0.28	4.44	3.58	7.09	0.53	5.69	1	220	223	-9999.9	28	1	16.5	3
2025 03 25 20	0.29	0.26	4.38	3.84	5.71	0.41	6.11	1	186	192	-9999.9	72	1	16.5	3
2025 03 25 21	0.31	0.29	4.54	4.15	6.14	0.44	6.12	1	180	157	-9999.9	64	1	16.3	3
2025 03 25 22	0.31	0.27	4.33	3.88	5.41	0.38	6.27	1	211	201	-9999.9	62	1	16.2	3
2025 03 25 23	0.34	0.29	4.18	3.82	5.7	0.44	6.21	1	202	212	-9999.9	58	1	16.2	3
2025 03 26 00	0.38	0.33	3.64	3.32	4.72	0.51	3.37	1	200	202	-9999.9	59	1	15.6	3
2025 03 26 01	0.31	0.29	4.34	3.93	5.09	0.43	4.93	1	164	141	-9999.9	60	1	16.3	3
2025 03 26 02	0.31	0.29	5.06	4.09	9.48	0.51	7.85	1	145	331	-9999.9	43	1	16.2	3
2025 03 26 03	0.36	0.32	4.47	4.0	9.48	0.51	5.44	1	139	310	-9999.9	79	1	16.2	3
2025 03 26 04	0.38	0.32	4.43	3.94	13.93	0.59	6.71	1	99	334	-9999.9	47	1	16.2	3
2025 03 26 05	0.31	0.27	4.06	3.54	15.8	0.43	6.18	1	169	330	-9999.9	78	1	16.2	3
2025 03 26 06	0.26	0.23	3.72	3.02	5.02	0.43	4.65	1	194	220	-9999.9	57	1	16.2	3
2025 03 26 07	0.26	0.22	4.29	3.78	6.75	0.4	5.74	1	191	227	-9999.9	52	1	16.2	3
2025 03 26 08	0.26	0.23	4.24	3.54	8.32	0.37	5.39	1	195	221	-9999.9	28	1	16.5	3
2025 03 26 09	0.26	0.2	3.5	2.89	5.42	0.35	8.5	1	186	216	-9999.9	46	1	16.4	3
2025 03 26 10	0.31	0.27	2.94	2.28	2.06	0.4	4.3	1	200	198	-9999.9	49	1	16.5	3
2025 03 26 11	0.31	0.26	4.19	3.09	19.46	0.45	9.22	1	241	347	-9999.9	63	1	17.0	3
2025 03 26 12	0.31	0.27	4.33	3.31	8.95	0.52	7.59	1	232	184	-9999.9	69	1	16.8	3
2025 03 26 13	0.36	0.31	3.28	2.57	3.09	0.49	1.89	1	201	224	-9999.9	59	1	16.3	3
2025 03 26 14	0.38	0.32	3.36	2.64	4.01	0.55	5.45	1	206	198	-9999.9	67	1	16.4	3
2025 03 26 15	0.41	0.36	4.46	3.63	5.97	0.67	8.89	1	175	160	-9999.9	61	1	16.4	3
2025 03 26 16	0.42	0.35	4.18	3.37	10.57	0.64	5.67	1	202	349	-9999.9	69	1	16.4	3
2025 03 26 17	0.38	0.31	3.97	3.45	6.91	0.49	7.1	1	177	287	-9999.9	79	1	16.3	3
2025 03 26 18	0.36	0.31	3.8	3.02	7.48	0.53	15.34	1	208	199	-9999.9	69	1	15.9	3
2025 03 26 19	0.31	0.26	3.72	3.14	7.14	0.42	7.79	1	231	223	-9999.9	42	1	16.4	3
2025 03 26 20	0.29	0.23	3.26	2.87	4.15	0.37	3.73	1	216	196	-9999.9	55	1	16.3	3
2025 03 26 21	0.22	0.2	4.08	3.28	4.37	0.34	3.71	1	197	190	-9999.9	67	1	16.0	3
2025 03 26 22	0.26	0.21	4.32	3.93	6.71	0.33	6.6	1	163	149	-9999.9	70	1	16.5	3
2025 03 26 23	0.29	0.26	4.26	3.59	6.88	0.49	3.37	1	194	201	-9999.9	63	1	16.2	3
2025 03 27 00	0.34	0.28	3.45	3.08	9.06	0.47	3.63	1	210	220	-9999.9	49	1	15.8	3
2025 03 27 01	0.29	0.26	4.9	3.9	13.91	0.43	14.33	1	63	326	-9999.9	63	1	-9999.9	-9999.9
2025 03 27 02	0.26	0.24	4.57	3.93	6.23	0.41	7.42	1	161	167	-9999.9	61	1	16.2	3
2025 03 27 03	0.31	0.26	4.71	4.15	8.36	0.43	5.78	1	176	35	-9999.9	75	1	16.2	3
2025 03 27 04	0.41	0.33	4.22	3.32	12.42	0.49	9.47	1	137	333	-9999.9	40	1	16.3	3
2025 03 27 05	0.36	0.28	5.02	3.72	16.67	0.48	13.24	1	309	316	-9999.9	47	1	16.5	3
2025 03 27 06	0.26	0.22	3.08	2.41	3.26	0.35	1.88	1	183	96	-9999.9	79	1	16.4	3
2025 03 27 07	0.29	0.22	2.89	2.44	2.1	0.35	4.45	1	198	213	-9999.9	53	1	16.6	3
2025 03 27 08	0.29	0.22	3.43	2.68	8.29	0.35	11.22	1	188	222	-9999.9	38	1	16.5	3
2025 03 27 09	0.29	0.22	2.91	2.35	3.1	0.36	12.53	1	178	114	-9999.9	58	1	16.7	3
2025 03 27 10	0.29	0.24	3.16	2.62	3.78	0.39	2.78	1	173	105	-9999.9	37	1	16.7	3
2025 03 27 11	0.34	0.27	3.43	2.91	9.04	0.47	4.4	1	192	205	-9999.9	56	1	16.7	3
2025 03 27 12	0.31	0.27	4.13	3.12	10.04	0.42	4.56	1	195	200	-9999.9	60	1	16.8	3
2025 03 27 13	0.34	0.26	4.34	3.51	17.13	0.48	14.44	1	244	335	-9999.9	59	1	16.3	3
2025 03 27 14	0.38	0.31	4.35	3.45	10.68	0.6	9.47	1	206	348	-9999.9	69	1	16.1	3
2025 03 27 15	0.46	0.4	4.87	3.78	8.98	0.66	11.11	1	210	187	-9999.9	64	1	16.3	3
2025 03 27 16	0.36	0.31	3.88	3.32	5.29	0.51	5.7	1	174	77	-9999.9	53	1	16.8	3
2025 03 27 17	0.34	0.31	4.63	3.99	8.26	0.55	8.2	1	201	165	-9999.9	72	1	16.7	3
2025 03 27 18	0.44	0.38	3.75	3.22	6.44	0.6	3.35	1	191	197	-9999.9	52	1	16.5	3
2025 03 27 19	0.34	0.29	4.21	3.45	7.14	0.49	6.6	1	204	223	-9999.9	28	1	16.3	3
2025 03 27 20	0.26	0.21	3.6	3.17	4.71	0.37	5.12	1	170	186	-9999.9	59	1	16.4	3
2025 03 27 21	0.34	0.28	6.49	5.78	16.67	0.45	13.09	1	348	332	-9999.9	48	1	16.6	3
2025 03 27 22	0.22	0.19	4.64	3.98	9.68	0.29	10.87	1	174	231	-9999.9	53	1	16.5	3
2025 03 27 23	0.29	0.26	5.19	4.16	11.3	0.4	8.31	1	198	230	-9999.9	74	1	16.5	3
2025 03 28 00	0.26	0.24	5.07	4.0	10.4	0.36	7.07	1	182	182	-9999.9	58	1	16.3	3
2025 03 28 01	0.29	0.24	4.24	3.78	15.66	0.48	13.65	1	205	349	-9999.9	48	1	16.0	3
2025 03 28 03	0.26	0.23	5.43	4.59	9.43	0.36	6.63	1	183	170	-9999.9	79	1	16.4	3
2025 03 28 04	0.29	0.26	4.75	3.84	9.96	0.46	8.27	1	266	330	-9999.9	38	1	16.2	3
2025 03 28 05	0.31	0.28	5.66	4.4	14.28	0.44	11.72	1	333	326	-9999.9	53	1	16.2	3
2025 03 28 06	0.26	0.21	4.27	2.99	12.22	0.32	13.47	1	186	241	-9999.9	55	1	16.3	3
2025 03 28 07	0.29	0.26	4.25	3.46	4.75	0.46	5.24	1	138	100	-9999.9	54	1	16.3	3
2025 03 28 08	0.18	0.16	3.83	2.89	12.2	0.26	5.69	1	184	206	-9999.9	48	1	16.4	3
2025 03 28 09	0.22	0.21	6.99	5.0	16.66	0.32	16.15	1	349	336	-9999.9	46	1	16.6	3
2025 03 28 10	0.29	0.25	4.92	4.02	8.34	0.43	6.98	1	194	211	-9999.9	18	1	16.6	3
2025 03 28 11	0.26	0.21	3.52	2.55	9.32	0.34	11.8	1	211	220	-9999.9	52	1	16.6	3
2025 03 28 12	0.31	0.24	3.41	2.6	7.32	0.39	6.66	1	210	215	-9999.9	70	1	16.6	3
2025 03 28 13	0.36	0.3	4.14	3.19	14.81	0.61	9.19	1	198	187	-9999.9	75	1	16.4	3
2025 03 28 14	0.42	0.32	4.18	3.54	23.07	0.68	13.39	1	248	293	-9999.9	78	1	16.2	3
2025 03 28 15	0.41	0.32	4.5	3.38	16.78	0.61	7.91	1	230	349	-9999.9	58	1	16.0	3
2025 03 28 16	0.34	0.29	4.77	4.35	7.67	0.62	5.94	1	196	204	-9999.9	38	1	16.7	3
2025 03 28 17	0.34	0.29	4.41	3.78	8.71	0.55	5.34	1	211	286	-9999.9	73	1	16.7	3
2025 03 28 18	0.41	0.32	3.28	2.97	8.48	0.55	7.35	1	202	200	-9999.9	55	1	16.7	3
2025 03 28 19	0.31	0.24	3.52	2.87	17.93	0.39	14.0	1	222	294	-9999.9	50	1	16.5	3
2025 03 28 20	0.29	0.22	3.09	2.7	3.18	0.37	2.57	1	169	130	-9999.9	57	1	16.5	3
2025 03 28 21	0.29	0.26	6.28	4.57	15.46	0.47	11.39	1	344	327	-9999.9	55	1	16.7	3
2025 03 28 22	0.29	0.24	4.61	3.84	19.85	0.42	10.74	1	57	338	-9999.9	46	1	16.7	3
2025 03 28 23	0.29	0.25	4.47	3.46	7.95	0.64	7.24	1	181	210	-9999.9	36	1	16.6	3
2025 03 29 00	0.29	0.25	5.79	4.02	16.8	0.42	13.55	1	335	329	-9999.9	55	1	16.6	3
2025 03 29 01	0.26	0.23	4.07	2.75	10.97	0.39	8.8	1	184	185	-9999.9	57	1	16.4	3
2025 03 29 02	0.36	0.31	4.77	4.37	6.75	0.55	8.35	1	161	140	-9999.9	25	1	16.6	3
2025 03 29 03	0.26	0.23	6.05	5.17	9.1	0.32	7.93	1	148	173	-9999.9	72	1	-9999.9	-9999.9
2025 03 29 04	0.29	0.27	5.53	4.39	10.18	0.49	9.72	1	254	308	-9999.9	64	1	16.2	3
2025 03 29 05	0.31	0.27	4.43	3.66	12.74	0.45	12.51	1	280	341	-9999.9	71	1	16.1	3
2025 03 29 06	0.31	0.27	5.67	4.55	12.41	0.39	11.04	1	330	319	-9999.9	60	1	16.3	3
2025 03 29 07	0.26	0.21	3.73	2.89	10.93	0.4	9.07	1	226	214	-9999.9	42	1	16.4	3
2025 03 29 08	0.22	0.21	4.16	2.89	10.75	0.4	9.63	1	195	235	-9999.9	49	1	16.4	3
2025 03 29 09	0.18	0.16	4.12	2.95	12.08	0.25	6.09	1	208	213	-9999.9	46	1	16.3	3
2025 03 29 10	0.31	0.29	4.95	4.34	8.17	0.52	7.86	1	201	217	-9999.9	16	1	16.4	3
2025 03 29 11	0.31	0.26	4.78	3.98	9.64	0.5	10.0	1	207	226	-9999.9	27	1	16.5	3
2025 03 29 12	0.34	0.31	5.3	4.14	8.35	0.48	7.09	1	216	227	-9999.9	14	1	16.6	3
2025 03 29 13	0.26	0.24	5.74	4.18	9.43	0.42	8.75	1	197	221	-9999.9	36	1	16.8	3
2025 03 29 14	0.31	0.29	6.37	5.0	11.56	0.4	12.39	1	312	305	-9999.9	72	1	16.4	3
2025 03 29 15	0.41	0.37	6.69	5.51	8.61	0.6	10.75	1	231	179	-9999.9	59	1	16.0	3
2025 03 29 16	0.46	0.42	5.6	4.62	9.0	0.8	7.54	1	216	249	-9999.9	65	1	16.4	3
2025 03 29 17	0.41	0.37	5.65	4.52	10.47	0.55	9.6	1	248	321	-9999.9	44	1	16.2	3
2025 03 29 18	0.41	0.35	4.97	4.27	9.76	0.54	7.32	1	206	332	-9999.9	37	1	16.8	3
2025 03 29 19	0.36	0.3	4.11	3.43	6.36	0.52	7.41	1	184	208	-9999.9	42	1	16.7	3
2025 03 29 20	0.22	0.21	3.97	2.98	5.55	0.32	6.67	1	167	191	-9999.9	73	1	16.4	3
2025 03 29 21	0.29	0.23	4.58	3.9	15.53	0.45	14.16	1	32	327	-9999.9	58	1	16.6	3
2025 03 29 22	0.34	0.3	6.23	4.76	19.99	0.45	7.02	1	16	342	-9999.9	53	1	16.9	3
2025 03 29 23	0.29	0.25	4.53	4.09	7.75	0.42	9.19	1	154	221	-9999.9	29	1	16.9	3
2025 03 30 00	0.26	0.22	4.12	3.49	5.41	0.37	6.47	1	131	76	-9999.9	30	1	16.7	3
2025 03 30 01	0.31	0.29	8.8	6.55	19.99	0.4	16.9	1	331	337	-9999.9	54	1	16.6	3
2025 03 30 02	0.38	0.34	8.87	6.71	17.96	0.49	15.81	1	2	344	-9999.9	65	1	16.3	3
2025 03 30 03	0.31	0.29	6.08	4.63	13.87	0.43	10.78	1	239	339	-9999.9	53	1	16.0	3
2025 03 30 04	0.48	0.41	4.58	4.09	11.03	0.61	7.06	1	46	341	-9999.9	44	1	16.2	3
2025 03 30 05	0.64	0.57	4.36	4.11	4.35	0.91	4.48	1	54	77	-9999.9	34	1	16.4	3
2025 03 30 06	0.72	0.66	4.2	3.89	4.76	1.04	4.09	1	74	87	-9999.9	31	1	16.1	3
2025 03 30 07	0.66	0.55	3.18	2.91	4.47	0.89	5.14	1	81	101	-9999.9	48	1	16.1	3
2025 03 30 08	0.71	0.58	3.62	2.88	9.74	1.16	4.01	1	90	310	-9999.9	75	1	16.1	3
2025 03 30 09	1.16	1.08	4.7	4.12	6.83	1.67	6.02	1	81	91	-9999.9	32	1	16.5	3
2025 03 30 10	1.43	1.35	4.87	4.36	6.67	2.13	6.07	1	82	84	-9999.9	26	1	16.6	3
2025 03 30 11	1.38	1.22	4.05	3.95	6.35	2.24	5.93	1	89	94	-9999.9	34	1	16.6	3
2025 03 30 12	1.21	1.04	4.13	3.71	6.84	1.99	5.45	1	91	96	-9999.9	36	1	16.7	3
2025 03 30 13	1.31	1.18	4.18	3.88	6.28	2.02	4.39	1	91	98	-9999.9	34	1	16.8	3
2025 03 30 14	1.36	1.21	4.56	4.21	6.5	2.03	5.08	1	90	97	-9999.9	25	1	16.7	3
2025 03 30 15	1.13	1.02	4.69	4.34	6.57	1.71	5.2	1	85	92	-9999.9	30	1	16.5	3
2025 03 30 16	1.44	1.29	4.99	4.94	6.72	2.11	5.08	1	79	78	-9999.9	27	1	16.0	3
2025 03 30 17	1.41	1.31	5.27	4.78	7.4	2.28	5.25	1	83	85	-9999.9	32	1	15.7	3
2025 03 30 18	1.68	1.61	5.7	5.53	7.05	2.7	6.82	1	77	78	-9999.9	29	1	16.3	3
2025 03 30 19	1.53	1.41	5.08	4.76	6.74	2.41	5.97	1	75	81	-9999.9	29	1	16.1	3
2025 03 30 20	1.01	0.84	3.99	3.3	8.85	1.34	4.77	1	103	57	-9999.9	71	1	15.9	3
2025 03 30 21	1.54	1.45	5.06	4.49	6.7	2.42	6.27	1	81	88	-9999.9	26	1	16.6	3
2025 03 30 22	1.56	1.42	4.73	4.24	7.05	2.38	5.36	1	88	86	-9999.9	31	1	16.4	3
2025 03 30 23	1.66	1.49	4.47	3.89	6.95	2.87	7.54	1	86	87	-9999.9	34	1	16.4	3
2025 03 31 00	1.34	1.12	3.85	3.39	6.52	1.91	4.88	1	100	88	-9999.9	53	1	16.2	3
2025 03 31 01	1.24	1.03	3.69	3.31	7.31	1.99	5.0	1	103	108	-9999.9	46	1	16.3	3
2025 03 31 02	1.29	1.1	3.84	3.56	7.55	1.86	4.41	1	99	106	-9999.9	27	1	16.2	3
2025 03 31 03	1.49	1.32	4.29	4.13	5.2	2.28	5.24	1	87	87	-9999.9	33	1	16.3	3
2025 03 31 04	1.5	1.34	4.45	4.34	6.56	2.68	6.29	1	92	94	-9999.9	24	1	16.2	3
2025 03 31 05	1.29	1.2	4.87	4.53	6.04	2.14	5.82	1	71	68	-9999.9	20	1	15.7	3
2025 03 31 06	1.46	1.4	5.71	5.27	7.66	2.12	7.85	1	69	71	-9999.9	26	1	15.8	3
2025 03 31 07	2.01	1.84	5.86	5.45	6.83	2.55	6.58	1	78	76	-9999.9	26	1	16.1	3
2025 03 31 08	1.24	1.11	4.31	3.63	6.86	1.82	6.15	1	81	83	-9999.9	28	1	15.8	3
2025 03 31 09	1.11	0.94	3.79	3.2	6.5	1.41	6.8	1	77	81	-9999.9	55	1	16.1	3
2025 03 31 10	1.41	1.27	4.26	3.84	6.68	1.99	5.38	1	78	93	-9999.9	33	1	16.1	3
2025 03 31 11	1.46	1.3	4.18	3.85	6.46	2.02	5.95	1	79	88	-9999.9	34	1	16.4	3
2025 03 31 12	1.24	1.08	4.05	3.58	6.31	1.82	4.44	1	78	71	-9999.9	37	1	16.3	3
2025 03 31 13	0.98	0.86	3.74	3.19	6.73	1.59	6.15	1	92	100	-9999.9	45	1	16.2	3
2025 03 31 14	1.18	1.06	4.25	3.78	6.53	1.69	4.02	1	89	95	-9999.9	35	1	16.5	3
2025 03 31 15	1.11	0.98	4.24	4.12	6.58	1.77	4.71	1	94	93	-9999.9	25	1	16.3	3
2025 03 31 16	0.81	0.71	3.97	3.64	4.94	1.38	4.67	1	84	84	-9999.9	39	1	16.2	3
2025 03 31 17	0.82	0.74	4.36	4.13	7.26	1.15	4.7	1	79	82	-9999.9	30	1	15.6	3
2025 03 31 18	0.66	0.66	5.33	4.91	7.07	1.2	7.02	1	62	75	-9999.9	53	1	15.8	3
2025 03 31 19	0.95	0.88	5.53	5.18	6.98	1.32	6.93	1	74	75	-9999.9	27	1	16.3	3
2025 03 31 20	0.51	0.43	3.75	3.29	6.29	0.73	5.67	1	63	60	-9999.9	41	1	15.9	3
2025 03 31 21	0.56	0.49	4.45	3.7	6.67	0.73	6.17	1	89	83	-9999.9	27	1	16.2	3
2025 03 31 22	0.41	0.37	4.46	3.66	6.9	0.6	6.65	1	95	126	-9999.9	58	1	16.2	3
2025 03 31 23	0.64	0.59	5.16	4.82	6.15	0.99	6.27	1	86	86	-9999.9	24	1	16.4	3
2025 04 01 00	0.62	0.57	4.74	4.21	5.64	0.92	5.37	1	95	101	-9999.9	31	1	16.4	3
2025 04 01 01	0.53	0.46	4.34	4.07	5.61	0.77	4.73	1	90	80	-9999.9	33	1	16.3	3
2025 04 01 02	0.49	0.45	5.2	4.88	5.92	0.69	5.47	1	99	84	-9999.9	35	1	16.4	3
2025 04 01 03	0.38	0.36	5.3	4.75	6.25	0.58	5.47	1	102	99	-9999.9	29	1	16.2	3
2025 04 01 04	0.46	0.43	5.8	5.32	6.23	0.56	6.18	1	78	83	-9999.9	39	1	16.1	3
2025 04 01 05	0.41	0.36	5.19	4.39	9.17	0.58	6.87	1	78	99	-9999.9	65	1	15.3	3
2025 04 01 06	0.44	0.41	4.49	3.6	6.24	0.67	5.35	1	144	93	-9999.9	53	1	15.7	3
2025 04 01 07	0.34	0.31	4.69	4.24	5.66	0.47	5.08	1	154	104	-9999.9	61	1	16.2	3
2025 04 01 08	0.41	0.38	4.54	4.09	5.84	0.56	5.92	1	108	85	-9999.9	35	1	16.2	3
2025 04 01 09	0.41	0.33	4.35	3.93	7.73	0.51	8.33	1	132	207	-9999.9	53	1	16.3	3
2025 04 01 10	0.29	0.24	3.7	3.11	7.12	0.51	5.46	1	183	204	-9999.9	31	1	16.2	3
2025 04 01 11	0.29	0.26	4.5	3.63	5.71	0.73	3.82	1	110	164	-9999.9	63	1	16.4	3
2025 04 01 12	0.29	0.26	3.9	2.87	5.39	0.42	8.1	1	134	129	-9999.9	63	1	16.4	3
2025 04 01 13	0.31	0.28	4.2	3.31	7.6	0.6	6.34	1	163	173	-9999.9	74	1	16.5	3
2025 04 01 14	0.29	0.27	4.63	3.38	7.95	0.54	6.41	1	196	207	-9999.9	50	1	16.6	3
2025 04 01 15	0.29	0.25	3.96	3.23	8.24	0.63	4.8	1	186	212	-9999.9	38	1	16.5	3
2025 04 01 16	0.29	0.23	3.32	2.82	5.26	0.43	5.55	1	204	189	-9999.9	50	1	16.0	3
2025 04 01 17	0.29	0.23	4.05	3.63	6.28	0.37	8.28	1	211	75	-9999.9	71	1	16.3	3
2025 04 01 18	0.31	0.29	4.88	3.93	6.9	0.51	8.67	1	232	199	-9999.9	67	1	16.3	3
2025 04 01 19	0.31	0.28	4.5	3.88	9.32	0.5	7.37	1	237	326	-9999.9	52	1	16.1	3
2025 04 01 20	0.31	0.28	4.4	3.4	12.7	0.51	4.09	1	207	325	-9999.9	48	1	16.2	3
2025 04 01 21	0.26	0.22	3.52	2.61	4.93	0.41	5.2	1	224	263	-9999.9	62	1	16.2	3
2025 04 01 22	0.26	0.23	3.85	3.43	7.0	0.41	5.65	1	164	169	-9999.9	63	1	16.4	3
2025 04 01 23	0.18	0.16	3.58	2.83	4.89	0.3	4.72	1	185	201	-9999.9	63	1	16.5	3
2025 04 02 00	0.18	0.16	5.06	3.93	9.4	0.25	5.95	1	120	338	-9999.9	75	1	16.5	3
2025 04 02 01	0.22	0.18	4.53	4.34	11.52	0.3	7.72	1	140	228	-9999.9	36	1	16.4	3
2025 04 02 02	0.18	0.15	5.25	4.48	11.83	0.27	12.75	1	183	216	-9999.9	32	1	16.4	3
2025 04 02 03	0.22	0.2	5.01	4.21	10.54	0.28	9.38	1	172	210	-9999.9	42	1	16.4	3
2025 04 02 04	0.29	0.24	3.39	2.42	10.7	0.44	10.98	1	207	223	-9999.9	62	1	16.3	3
2025 04 02 05	0.34	0.26	3.64	2.98	16.32	0.39	11.4	1	211	343	-9999.9	48	1	15.7	3
2025 04 02 06	0.41	0.33	3.58	2.95	11.14	0.63	4.73	1	202	321	-9999.9	77	1	15.7	3
2025 04 02 07	0.34	0.3	4.04	3.29	6.77	0.47	6.58	1	165	150	-9999.9	74	1	-9999.9	-9999.9
2025 04 02 08	0.38	0.32	3.76	3.36	9.47	0.54	3.84	1	238	326	-9999.9	50	1	16.4	3
2025 04 02 09	0.54	0.44	3.4	3.12	3.49	0.92	3.45	1	191	171	-9999.9	54	1	16.2	3
2025 04 02 10	0.51	0.41	3.17	2.91	3.11	0.8	5.93	1	206	209	-9999.9	60	1	16.4	3
2025 04 02 11	0.38	0.32	3.11	2.58	2.89	0.53	5.56	1	217	244	-9999.9	47	1	16.5	3
2025 04 02 12	0.42	0.34	3.64	3.02	13.23	0.55	14.21	1	221	308	-9999.9	69	1	16.6	3
2025 04 02 13	0.48	0.39	3.24	2.75	6.08	0.67	5.4	1	217	242	-9999.9	55	1	16.5	3
2025 04 02 14	0.54	0.43	3.43	2.91	12.9	0.77	6.79	1	221	150	-9999.9	79	1	16.6	3
2025 04 02 15	0.61	0.5	3.33	2.93	4.94	0.97	4.07	1	220	228	-9999.9	32	1	16.6	3
2025 04 02 16	0.77	0.67	3.98	3.52	5.45	0.98	4.23	1	217	228	-9999.9	31	1	16.4	3
2025 04 02 17	0.67	0.61	4.18	3.74	5.3	1.12	5.31	1	208	210	-9999.9	31	1	16.3	3
2025 04 02 18	0.73	0.67	5.08	4.6	5.86	1.3	5.22	1	199	198	-9999.9	47	1	-9999.9	-9999.9
2025 04 02 19	0.58	0.53	4.78	4.41	5.65	0.83	5.5	1	184	172	-9999.9	54	1	16.5	3
2025 04 02 20	0.58	0.53	5.04	4.41	5.67	0.81	5.04	1	192	187	-9999.9	56	1	16.4	3
2025 04 02 21	0.6	0.53	4.61	4.15	6.15	1.0	5.61	1	199	202	-9999.9	38	1	16.4	3
2025 04 02 22	0.49	0.47	4.79	4.26	6.75	0.82	6.06	1	176	189	-9999.9	40	1	16.2	3
2025 04 02 23	0.48	0.45	5.39	4.58	6.78	0.7	8.4	1	218	223	-9999.9	44	1	16.6	3
2025 04 03 00	0.36	0.32	5.01	4.37	7.3	0.53	13.27	1	194	220	-9999.9	46	1	16.5	3
2025 04 03 01	0.48	0.41	6.18	5.58	14.52	0.76	8.99	1	212	339	-9999.9	75	1	16.6	3
2025 04 03 02	0.38	0.36	5.38	4.53	8.01	0.62	7.33	1	216	233	-9999.9	25	1	16.5	3
2025 04 03 03	0.48	0.46	5.87	5.3	7.49	0.87	7.66	1	211	231	-9999.9	24	1	16.4	3
2025 04 03 04	0.51	0.47	5.74	4.69	7.23	0.84	7.71	1	218	231	-9999.9	32	1	16.4	3
2025 04 03 05	0.61	0.58	6.3	5.4	7.11	0.95	6.64	1	228	227	-9999.9	36	1	16.6	3
2025 04 03 06	0.58	0.53	6.45	6.18	8.09	0.86	7.7	1	235	216	-9999.9	72	1	16.6	3
2025 04 03 07	0.71	0.65	6.04	5.66	6.85	0.96	6.76	1	212	218	-9999.9	35	1	16.2	3
2025 04 03 08	0.92	0.83	5.4	5.12	7.83	1.61	8.48	1	209	220	-9999.9	33	1	16.1	3
2025 04 03 09	0.98	0.89	5.62	5.33	7.33	1.66	7.59	1	200	191	-9999.9	39	1	16.1	3
2025 04 03 10	0.73	0.64	5.19	4.73	7.6	1.01	6.22	1	176	201	-9999.9	46	1	16.1	3
2025 04 03 11	0.89	0.79	4.89	4.28	8.31	1.31	8.7	1	192	224	-9999.9	27	1	16.0	3
2025 04 03 12	0.72	0.63	4.84	4.19	8.83	1.0	9.2	1	193	221	-9999.9	36	1	16.0	3
2025 04 03 13	0.71	0.61	4.43	4.04	7.01	1.17	5.93	1	141	213	-9999.9	47	1	16.5	3
2025 04 03 14	0.81	0.63	4.07	3.81	11.06	1.29	9.79	1	169	224	-9999.9	32	1	16.2	3
2025 04 03 15	0.83	0.68	4.21	3.98	11.42	1.5	11.1	1	171	219	-9999.9	42	1	16.8	3
2025 04 03 16	0.99	0.87	4.63	4.19	10.48	1.98	7.78	1	176	204	-9999.9	37	1	16.6	3
2025 04 03 17	0.96	0.82	4.81	4.17	9.87	1.55	9.07	1	189	209	-9999.9	36	1	16.4	3
2025 04 03 18	1.05	0.93	5.28	4.61	9.18	1.57	8.84	1	208	220	-9999.9	40	1	16.4	3
2025 04 03 19	0.93	0.8	5.03	4.49	5.03	1.24	7.78	1	104	117	-9999.9	58	1	16.1	3
2025 04 03 20	0.92	0.8	4.87	4.52	5.29	1.3	5.44	1	96	105	-9999.9	56	1	16.3	3
2025 04 03 21	0.81	0.72	5.11	4.53	7.96	1.19	7.84	1	148	198	-9999.9	47	1	16.3	3
2025 04 03 22	0.72	0.62	4.38	3.68	8.47	0.97	8.21	1	190	207	-9999.9	39	1	16.2	3
2025 04 03 23	0.66	0.56	4.09	3.56	9.29	1.13	8.73	1	190	210	-9999.9	37	1	16.1	3
2025 04 04 00	0.71	0.66	5.76	4.8	9.81	0.94	6.83	1	185	246	-9999.9	55	1	16.5	3
2025 04 04 01	0.64	0.56	5.1	4.55	9.46	0.94	7.33	1	149	214	-9999.9	66	1	16.5	3
2025 04 04 02	0.64	0.56	5.04	4.23	6.51	0.88	6.36	1	120	80	-9999.9	66	1	16.6	3
2025 04 04 03	0.64	0.6	5.91	5.37	9.13	0.91	7.8	1	131	230	-9999.9	41	1	16.7	3
2025 04 04 04	0.69	0.63	5.6	4.82	9.83	1.15	6.71	1	160	225	-9999.9	31	1	16.6	3
2025 04 04 05	0.88	0.83	6.11	5.45	6.92	1.25	6.12	1	161	152	-9999.9	70	1	16.5	3
2025 04 04 06	1.08	1.01	6.16	5.49	7.44	1.77	8.07	1	204	231	-9999.9	40	1	16.6	3
2025 04 04 07	1.02	0.92	5.33	4.76	8.33	1.88	7.16	1	205	215	-9999.9	43	1	16.6	3
2025 04 04 08	1.22	1.14	5.75	4.98	8.22	1.83	9.21	1	200	222	-9999.9	38	1	15.9	3
2025 04 04 09	1.49	1.35	5.46	4.73	9.39	2.31	7.95	1	203	213	-9999.9	29	1	16.2	3
2025 04 04 10	1.38	1.29	5.29	4.76	9.55	2.87	7.54	1	194	214	-9999.9	28	1	16.1	3
2025 04 04 11	1.67	1.49	5.16	4.77	9.73	2.48	7.76	1	205	216	-9999.9	26	1	16.1	3
2025 04 04 12	1.57	1.4	4.95	4.34	9.77	2.66	7.44	1	207	224	-9999.9	30	1	16.1	3
2025 04 04 13	1.37	1.18	4.68	3.93	9.89	1.94	8.25	1	205	229	-9999.9	37	1	16.6	3
2025 04 04 14	1.95	1.78	5.63	4.98	10.58	2.72	8.51	1	223	222	-9999.9	25	1	16.6	3
2025 04 04 15	1.76	1.63	5.93	5.26	10.45	2.51	9.05	1	218	222	-9999.9	27	1	16.5	3
2025 04 04 16	2.04	1.93	6.36	5.74	11.01	3.25	10.92	1	223	229	-9999.9	16	1	16.3	3
2025 04 04 17	2.02	1.88	5.95	5.39	11.02	3.11	8.53	1	225	226	-9999.9	22	1	16.3	3
2025 04 04 18	2.49	2.3	6.44	6.05	10.9	3.31	7.96	1	219	217	-9999.9	21	1	16.3	3
2025 04 04 19	1.86	1.75	6.48	5.57	10.44	2.42	9.81	1	211	224	-9999.9	31	1	15.9	3
2025 04 04 20	1.34	1.26	6.43	5.69	10.66	1.94	9.7	1	205	224	-9999.9	53	1	-9999.9	-9999.9
2025 04 04 21	1.49	1.39	6.72	6.24	9.97	2.18	8.52	1	203	200	-9999.9	48	1	16.4	3
2025 04 04 22	1.57	1.45	6.29	5.96	11.06	2.24	10.79	1	207	210	-9999.9	30	1	16.5	3
2025 04 04 23	1.42	1.29	6.58	6.1	10.76	2.29	8.92	1	214	216	-9999.9	27	1	16.5	3
2025 04 05 00	1.26	1.18	6.4	5.95	10.9	2.26	10.53	1	217	223	-9999.9	41	1	16.7	3
2025 04 05 01	1.06	0.98	6.56	5.78	10.17	1.55	10.16	1	221	218	-9999.9	39	1	16.7	3
2025 04 05 02	1.02	0.93	6.78	5.9	10.82	1.49	8.29	1	214	221	-9999.9	34	1	16.5	3
2025 04 05 03	0.97	0.92	6.68	5.8	11.06	1.44	8.51	1	213	211	-9999.9	34	1	16.4	3
2025 04 05 04	0.91	0.83	6.59	5.94	10.53	1.31	10.05	1	209	220	-9999.9	25	1	16.4	3
2025 04 05 05	1.02	0.95	6.73	6.15	10.27	1.59	6.78	1	222	228	-9999.9	24	1	16.2	3
2025 04 05 06	1.12	1.04	7.4	6.5	10.41	1.63	7.77	1	224	232	-9999.9	24	1	16.2	3
2025 04 05 07	0.93	0.89	7.0	6.53	10.39	1.43	8.25	1	214	219	-9999.9	34	1	16.5	3
2025 04 05 08	0.99	0.94	7.03	6.22	9.3	1.31	8.63	1	207	217	-9999.9	36	1	16.2	3
2025 04 05 09	1.57	1.47	6.49	6.4	9.99	2.18	7.31	1	219	218	-9999.9	16	1	16.4	3
2025 04 05 10	1.46	1.39	6.3	5.73	9.43	2.1	8.7	1	213	216	-9999.9	26	1	16.4	3
2025 04 05 11	1.07	0.96	5.65	5.14	9.35	1.58	8.93	1	210	210	-9999.9	33	1	16.6	3
2025 04 05 12	0.9	0.84	5.89	5.53	8.95	1.34	8.92	1	203	219	-9999.9	38	1	16.8	3
2025 04 05 13	0.93	0.86	6.08	5.34	9.43	1.68	7.41	1	198	209	-9999.9	41	1	16.4	3
2025 04 05 14	0.79	0.72	6.53	5.78	9.38	1.58	8.0	1	191	191	-9999.9	43	1	16.6	3
2025 04 05 15	0.83	0.78	6.66	5.82	8.96	1.29	8.46	1	220	217	-9999.9	39	1	16.6	3
2025 04 05 16	0.83	0.79	7.04	6.12	9.12	1.11	9.43	1	219	221	-9999.9	27	1	16.6	3
2025 04 05 17	0.83	0.76	6.14	5.47	9.07	1.23	7.53	1	214	221	-9999.9	37	1	16.5	3
2025 04 05 18	0.92	0.84	5.84	5.2	9.16	1.37	9.08	1	217	212	-9999.9	29	1	16.3	3
2025 04 05 19	0.7	0.65	5.89	4.83	8.55	1.01	8.61	1	207	210	-9999.9	36	1	16.3	3
2025 04 05 20	0.75	0.69	6.07	5.52	8.98	1.17	7.44	1	192	197	-9999.9	46	1	16.5	3
2025 04 05 21	0.67	0.66	6.68	5.68	8.33	1.04	7.01	1	203	192	-9999.9	56	1	16.5	3
2025 04 05 22	0.64	0.59	6.36	5.78	9.06	0.93	8.7	1	205	197	-9999.9	44	1	16.5	3
2025 04 05 23	0.72	0.67	6.03	5.47	8.7	1.13	9.67	1	199	185	-9999.9	57	1	16.4	3
2025 04 06 00	0.62	0.59	6.47	5.59	8.64	0.94	7.35	1	204	195	-9999.9	54	1	16.3	3
2025 04 06 01	0.51	0.5	5.85	5.0	8.41	0.8	9.25	1	198	205	-9999.9	36	1	16.2	3
2025 04 06 02	0.49	0.45	5.51	4.74	8.33	0.86	8.29	1	192	213	-9999.9	40	1	16.3	3
2025 04 06 03	0.48	0.44	6.57	5.35	9.63	0.7	12.34	1	223	256	-9999.9	70	1	16.3	3
2025 04 06 04	0.46	0.41	6.83	5.85	13.36	0.62	8.78	1	233	190	-9999.9	80	1	16.3	3
2025 04 06 05	0.42	0.39	5.82	5.12	8.81	0.58	8.73	1	198	225	-9999.9	56	1	16.4	3
2025 04 06 06	0.42	0.39	6.12	5.18	9.29	0.58	6.73	1	218	228	-9999.9	33	1	16.3	3
2025 04 06 07	0.44	0.43	6.42	5.35	7.82	0.84	7.13	1	210	229	-9999.9	24	1	16.2	3
2025 04 06 08	0.44	0.4	5.38	4.63	8.08	0.67	6.86	1	210	225	-9999.9	42	1	16.3	3
2025 04 06 09	0.44	0.4	5.39	4.4	8.36	0.74	7.96	1	208	215	-9999.9	43	1	16.5	3
2025 04 06 10	0.69	0.63	5.14	4.34	7.51	0.96	5.7	1	212	225	-9999.9	31	1	16.5	3
2025 04 06 11	0.71	0.63	4.6	4.04	7.4	1.01	8.36	1	218	218	-9999.9	29	1	16.5	3
2025 04 06 12	0.65	0.58	4.46	3.71	6.84	0.95	8.29	1	213	218	-9999.9	28	1	16.6	3
2025 04 06 13	0.54	0.47	4.28	3.73	8.54	0.82	7.43	1	194	200	-9999.9	50	1	16.6	3
2025 04 06 14	0.54	0.49	4.97	4.19	7.54	0.89	6.94	1	192	196	-9999.9	57	1	16.6	3
2025 04 06 15	0.49	0.42	4.37	3.63	8.34	0.74	7.53	1	195	211	-9999.9	37	1	16.5	3
2025 04 06 16	0.42	0.36	4.62	3.78	8.18	0.65	6.88	1	201	206	-9999.9	59	1	16.7	3
2025 04 06 17	0.42	0.38	4.81	4.03	7.78	0.64	8.59	1	221	255	-9999.9	51	1	16.8	3
2025 04 06 18	0.34	0.32	5.43	4.41	8.03	0.62	6.86	1	201	200	-9999.9	61	1	16.6	3
2025 04 06 19	0.42	0.38	4.98	4.4	7.2	0.65	6.77	1	209	216	-9999.9	40	1	16.3	3
2025 04 06 20	0.53	0.47	5.1	4.56	7.11	0.66	7.72	1	218	225	-9999.9	29	1	16.3	3
2025 04 06 21	0.49	0.42	4.54	4.16	6.48	0.76	7.03	1	211	220	-9999.9	35	1	16.3	3
2025 04 06 22	0.51	0.46	4.42	4.09	7.0	0.81	5.83	1	217	211	-9999.9	34	1	16.3	3
2025 04 06 23	0.41	0.36	4.44	3.76	7.01	0.77	6.47	1	194	202	-9999.9	30	1	16.3	3
2025 04 07 00	0.36	0.33	5.14	4.48	11.74	0.52	6.65	1	193	335	-9999.9	50	1	16.6	3
2025 04 07 01	0.38	0.34	5.53	4.69	14.19	0.71	7.1	1	217	328	-9999.9	43	1	16.5	3
2025 04 07 02	0.29	0.26	4.14	3.46	6.21	0.49	4.95	1	170	200	-9999.9	49	1	16.5	3
2025 04 07 03	0.31	0.29	5.55	4.4	16.04	0.46	5.53	1	181	321	-9999.9	50	1	16.6	3
2025 04 07 04	0.36	0.32	5.81	5.0	16.49	0.53	9.0	1	240	326	-9999.9	49	1	16.6	3
2025 04 07 05	0.34	0.31	5.5	4.41	17.94	0.52	7.0	1	232	337	-9999.9	64	1	16.6	3
2025 04 07 06	0.31	0.27	3.55	2.81	6.55	0.5	6.68	1	178	228	-9999.9	45	1	16.7	3
2025 04 07 07	0.29	0.25	3.93	3.14	6.3	0.43	5.55	1	200	234	-9999.9	45	1	16.7	3
2025 04 07 08	0.29	0.27	4.82	3.78	7.56	0.41	7.39	1	204	225	-9999.9	37	1	16.8	3
2025 04 07 09	0.41	0.37	5.4	4.83	6.86	0.56	6.91	1	217	223	-9999.9	22	1	16.7	3
2025 04 07 10	0.44	0.4	5.76	5.23	8.13	0.72	7.47	1	215	221	-9999.9	23	1	16.7	3
2025 04 07 11	0.48	0.42	5.42	5.0	8.04	0.71	7.87	1	197	217	-9999.9	47	1	17.1	3
2025 04 07 12	0.57	0.51	5.53	4.94	7.65	0.77	6.84	1	213	223	-9999.9	25	1	17.0	3
2025 04 07 13	0.74	0.69	5.6	4.78	7.74	1.13	9.33	1	216	230	-9999.9	23	1	16.9	3
2025 04 07 14	0.79	0.71	5.04	4.45	7.64	1.32	7.32	1	209	215	-9999.9	25	1	17.0	3
2025 04 07 15	0.53	0.47	6.06	5.24	10.51	0.72	11.94	1	202	201	-9999.9	62	1	17.1	3
2025 04 07 16	0.7	0.62	5.83	5.11	11.41	1.07	7.39	1	203	204	-9999.9	32	1	17.2	3
2025 04 07 17	0.66	0.59	5.87	5.18	11.15	0.96	8.88	1	215	218	-9999.9	27	1	16.9	3
2025 04 07 18	0.49	0.41	4.08	3.36	9.0	0.78	8.61	1	172	217	-9999.9	33	1	16.7	3
2025 04 07 19	0.58	0.48	4.04	3.51	10.8	0.88	10.16	1	175	224	-9999.9	37	1	16.8	3
2025 04 07 20	0.75	0.63	4.2	3.72	8.57	1.18	9.26	1	191	237	-9999.9	30	1	16.9	3
2025 04 07 21	0.83	0.68	3.93	3.58	6.88	1.38	6.93	1	166	232	-9999.9	35	1	16.9	3
2025 04 07 22	0.92	0.77	4.07	3.78	10.18	1.38	7.78	1	175	218	-9999.9	38	1	16.7	3
2025 04 07 23	0.92	0.77	4.13	3.59	9.27	1.3	7.62	1	171	217	-9999.9	45	1	16.5	3
2025 04 08 00	0.75	0.63	3.73	3.34	3.7	1.19	4.17	1	93	68	-9999.9	30	1	16.7	3
2025 04 08 01	0.84	0.73	4.15	3.83	4.27	1.08	4.15	1	67	68	-9999.9	21	1	16.7	3
2025 04 08 02	0.72	0.63	3.71	3.54	4.09	1.05	3.86	1	66	53	-9999.9	23	1	16.3	3
2025 04 08 03	0.76	0.65	3.77	3.56	4.67	1.03	3.48	1	76	69	-9999.9	23	1	16.4	3
2025 04 08 04	0.98	0.86	4.18	3.92	4.73	1.3	4.4	1	67	67	-9999.9	18	1	16.8	3
2025 04 08 05	0.93	0.82	3.88	3.65	4.68	1.26	4.51	1	72	80	-9999.9	28	1	16.9	3
2025 04 08 06	0.98	0.85	3.8	3.64	4.75	1.2	4.09	1	79	81	-9999.9	25	1	16.9	3
2025 04 08 07	1.04	0.92	3.65	3.37	4.85	1.48	4.02	1	79	79	-9999.9	24	1	16.9	3
2025 04 08 08	1.11	0.96	3.57	3.22	4.81	1.59	4.37	1	86	81	-9999.9	38	1	16.8	3
2025 04 08 09	1.09	0.94	3.58	3.23	4.7	1.39	4.56	1	83	85	-9999.9	32	1	16.9	3
2025 04 08 10	1.08	0.93	3.49	3.16	4.48	1.48	3.85	1	85	90	-9999.9	31	1	16.9	3
2025 04 08 11	1.04	0.89	3.62	3.27	4.51	1.46	3.7	1	86	84	-9999.9	28	1	17.0	3
2025 04 08 12	1.0	0.87	3.4	3.04	3.98	1.39	3.83	1	89	89	-9999.9	36	1	17.0	3
2025 04 08 13	1.02	0.89	3.51	3.15	3.84	1.43	3.72	1	84	77	-9999.9	30	1	17.0	3
2025 04 08 14	1.0	0.85	3.39	3.07	3.75	1.46	4.46	1	85	77	-9999.9	36	1	16.9	3
2025 04 08 15	0.98	0.83	3.45	3.03	3.76	1.93	3.5	1	83	78	-9999.9	37	1	16.9	3
2025 04 08 16	0.93	0.82	3.31	2.94	3.62	1.37	4.02	1	87	83	-9999.9	28	1	16.9	3
2025 04 08 17	0.82	0.67	3.02	2.83	3.67	1.08	3.64	1	80	79	-9999.9	45	1	17.1	3
2025 04 08 18	0.88	0.71	3.07	2.68	3.41	1.09	3.45	1	99	93	-9999.9	42	1	-9999.9	-9999.9
2025 04 08 19	0.86	0.67	3.34	2.79	23.43	1.06	10.53	1	96	103	-9999.9	73	1	17.0	3
2025 04 08 20	0.77	0.61	3.19	2.67	10.12	0.99	4.33	1	85	221	-9999.9	65	1	17.1	3
2025 04 08 21	0.9	0.68	3.23	2.79	11.21	1.23	5.13	1	107	226	-9999.9	76	1	17.1	3
2025 04 08 22	0.95	0.78	3.61	3.01	5.24	1.13	5.22	1	91	93	-9999.9	50	1	17.0	3
2025 04 08 23	1.1	0.94	4.13	3.57	6.93	1.44	7.34	1	96	86	-9999.9	36	1	17.1	3
2025 04 09 00	1.23	1.03	4.27	3.86	6.83	1.86	9.62	1	96	89	-9999.9	44	1	17.0	3
2025 04 09 01	1.26	1.08	4.42	3.9	9.25	1.73	9.29	1	102	134	-9999.9	70	1	16.9	3
2025 04 09 02	1.26	1.06	4.13	3.59	5.31	1.56	7.96	1	95	101	-9999.9	46	1	16.7	3
2025 04 09 03	1.02	0.9	4.14	3.6	8.44	2.01	7.8	1	88	106	-9999.9	56	1	16.5	3
2025 04 09 04	1.21	1.1	4.97	4.29	7.6	1.81	7.09	1	76	87	-9999.9	32	1	16.6	3
2025 04 09 05	1.11	0.96	4.12	3.58	7.65	1.56	7.98	1	74	79	-9999.9	33	1	16.5	3
2025 04 09 06	1.06	0.9	4.57	3.73	9.29	1.56	7.13	1	97	196	-9999.9	67	1	16.8	3
2025 04 09 07	1.04	0.87	4.1	3.38	10.07	1.67	5.95	1	95	231	-9999.9	58	1	16.8	3
2025 04 09 08	1.1	0.92	4.06	3.39	9.54	1.27	14.78	1	99	239	-9999.9	50	1	16.9	3
2025 04 09 09	1.09	0.87	3.73	3.26	10.37	1.51	11.39	1	102	243	-9999.9	54	1	16.9	3
2025 04 09 10	1.06	0.91	4.21	3.42	10.72	1.65	6.02	1	98	237	-9999.9	43	1	16.9	3
2025 04 09 11	1.18	0.93	4.07	3.57	12.26	1.59	10.33	1	118	219	-9999.9	55	1	16.9	3
2025 04 09 12	1.25	1.04	4.37	3.76	10.27	1.67	8.9	1	115	217	-9999.9	44	1	17.0	3
2025 04 09 13	1.41	1.2	4.38	3.96	7.1	2.17	9.02	1	120	104	-9999.9	40	1	17.0	3
2025 04 09 14	1.29	1.11	4.35	3.87	7.46	1.78	6.3	1	106	119	-9999.9	55	1	17.0	3
2025 04 09 15	1.29	1.07	3.91	3.62	4.61	1.73	8.29	1	101	96	-9999.9	44	1	16.9	3
2025 04 09 16	1.16	0.98	3.88	3.33	6.34	2.03	4.42	1	94	104	-9999.9	44	1	16.8	3
2025 04 09 17	1.09	0.93	4.23	3.63	11.99	1.54	5.09	1	110	229	-9999.9	39	1	16.9	3
2025 04 09 18	1.1	0.9	4.04	3.35	12.86	1.5	12.55	1	109	190	-9999.9	54	1	16.7	3
2025 04 09 19	1.16	0.99	3.87	3.51	4.84	1.66	3.4	1	80	79	-9999.9	34	1	16.9	3
2025 04 09 20	1.35	1.15	3.82	3.63	5.16	1.67	3.92	1	81	84	-9999.9	31	1	17.1	3
2025 04 09 21	1.27	1.1	3.8	3.43	4.48	1.96	5.02	1	85	74	-9999.9	44	1	17.1	3
2025 04 09 22	1.24	1.07	3.75	3.35	3.76	1.75	4.38	1	91	90	-9999.9	34	1	17.1	3
2025 04 09 23	1.38	1.2	4.03	3.69	4.3	2.31	4.74	1	93	87	-9999.9	38	1	17.1	3
2025 04 10 00	1.18	1.0	4.0	3.72	5.69	1.63	4.41	1	106	101	-9999.9	49	1	17.0	3
2025 04 10 01	1.25	1.05	4.05	3.82	5.81	1.77	8.74	1	101	100	-9999.9	35	1	17.0	3
2025 04 10 02	1.29	1.14	4.39	3.95	5.82	1.91	8.18	1	106	93	-9999.9	34	1	17.0	3
2025 04 10 03	1.04	0.88	3.73	3.37	4.01	1.36	4.59	1	87	75	-9999.9	32	1	17.0	3
2025 04 10 04	1.03	0.85	4.12	3.61	9.32	1.47	8.66	1	111	224	-9999.9	44	1	16.8	3
2025 04 10 05	0.94	0.72	3.56	2.97	11.15	1.29	8.14	1	137	223	-9999.9	47	1	16.6	3
2025 04 10 06	0.82	0.67	4.15	3.27	8.93	1.15	8.73	1	90	274	-9999.9	70	1	16.6	3
2025 04 10 07	0.91	0.71	3.66	3.03	7.73	1.14	5.02	1	91	78	-9999.9	62	1	16.9	3
2025 04 10 08	1.04	0.88	3.76	3.38	6.75	1.46	4.54	1	75	76	-9999.9	39	1	16.9	3
2025 04 10 09	1.28	1.14	3.99	3.54	5.52	2.0	4.69	1	80	87	-9999.9	36	1	17.0	3
2025 04 10 10	1.28	1.14	3.97	3.6	6.5	1.97	7.44	1	87	101	-9999.9	30	1	17.2	3
2025 04 10 11	1.29	1.12	3.9	3.5	4.44	1.86	5.32	1	93	83	-9999.9	33	1	17.3	3
2025 04 10 12	1.33	1.14	4.08	3.77	5.12	1.88	5.59	1	92	83	-9999.9	33	1	17.3	3
2025 04 10 13	1.49	1.34	4.39	4.14	4.85	2.37	5.34	1	99	92	-9999.9	31	1	17.2	3
2025 04 10 14	1.69	1.5	4.56	4.3	5.4	2.13	6.17	1	87	82	-9999.9	30	1	17.2	3
2025 04 10 15	1.49	1.33	4.26	3.8	5.31	1.93	4.69	1	90	79	-9999.9	38	1	17.1	3
2025 04 10 16	1.36	1.2	4.17	3.75	5.71	2.0	5.81	1	75	69	-9999.9	34	1	16.8	3
2025 04 10 17	1.21	1.0	4.0	3.53	6.83	1.69	8.23	1	88	78	-9999.9	58	1	17.0	3
2025 04 10 18	1.51	1.33	4.19	3.84	6.2	2.31	5.55	1	84	82	-9999.9	37	1	16.7	3
2025 04 10 19	1.74	1.5	4.25	4.11	6.05	2.58	6.02	1	74	79	-9999.9	30	1	16.9	3
2025 04 10 20	1.49	1.3	4.44	3.94	6.98	2.38	5.5	1	91	90	-9999.9	43	1	17.2	3
2025 04 10 21	1.58	1.46	4.49	3.93	7.61	2.82	7.02	1	90	90	-9999.9	36	1	17.2	3
2025 04 10 22	1.71	1.49	4.63	4.09	8.02	2.35	5.0	1	96	106	-9999.9	35	1	17.2	3
2025 04 10 23	1.68	1.48	4.48	4.0	7.6	2.55	5.14	1	99	102	-9999.9	40	1	17.2	3
2025 04 11 00	1.73	1.54	4.28	4.01	8.6	2.72	8.99	1	98	92	-9999.9	37	1	17.1	3
2025 04 11 01	1.93	1.69	4.89	4.5	6.72	2.47	6.02	1	96	99	-9999.9	36	1	17.1	3
2025 04 11 02	1.97	1.8	5.05	4.54	7.58	3.15	7.84	1	97	107	-9999.9	31	1	17.1	3
2025 04 11 03	1.96	1.78	4.75	4.45	7.25	2.99	6.96	1	91	91	-9999.9	33	1	17.0	3
2025 04 11 04	1.67	1.46	4.49	4.13	6.72	2.99	7.04	1	82	94	-9999.9	44	1	16.9	3
2025 04 11 05	1.62	1.48	4.38	3.9	6.56	2.65	5.15	1	90	90	-9999.9	36	1	16.9	3
2025 04 11 06	1.36	1.18	4.65	3.93	9.45	1.83	9.48	1	90	103	-9999.9	44	1	16.8	3
2025 04 11 07	1.31	1.13	4.21	3.74	9.72	1.96	7.78	1	79	93	-9999.9	52	1	16.7	3
2025 04 11 08	1.34	1.21	4.94	4.1	9.89	2.43	8.77	1	93	96	-9999.9	48	1	16.9	3
2025 04 11 09	1.78	1.57	5.05	4.51	9.51	2.41	7.85	1	95	101	-9999.9	31	1	16.9	3
2025 04 11 10	1.69	1.52	4.93	4.34	8.31	3.17	7.77	1	100	96	-9999.9	34	1	17.0	3
2025 04 11 11	1.47	1.27	4.5	4.05	8.28	2.29	8.13	1	93	100	-9999.9	37	1	17.0	3
2025 04 11 12	1.65	1.46	4.92	4.5	9.84	2.48	6.39	1	98	108	-9999.9	33	1	17.1	3
2025 04 11 13	1.72	1.56	5.11	4.65	10.07	2.61	8.47	1	99	97	-9999.9	36	1	17.1	3
2025 04 11 14	1.74	1.61	5.28	4.94	8.98	2.69	6.76	1	99	98	-9999.9	28	1	17.0	3
2025 04 11 15	1.41	1.26	5.3	4.84	10.14	2.47	8.11	1	86	97	-9999.9	28	1	17.0	3
2025 04 11 16	1.26	1.09	5.01	4.42	9.85	1.94	9.69	1	96	102	-9999.9	50	1	17.0	3
2025 04 11 17	0.99	0.92	5.03	4.38	9.76	1.78	9.72	1	68	82	-9999.9	41	1	16.7	3
2025 04 11 18	1.16	1.01	4.7	4.02	8.31	1.68	9.08	1	90	86	-9999.9	40	1	16.6	3
2025 04 11 19	0.96	0.84	4.35	3.59	8.49	1.45	5.4	1	73	73	-9999.9	48	1	16.7	3
2025 04 11 20	1.12	1.01	5.16	4.36	8.09	1.62	7.24	1	80	82	-9999.9	34	1	17.0	3
2025 04 11 21	1.16	1.02	4.91	4.26	8.28	1.87	8.49	1	82	87	-9999.9	37	1	17.1	3
2025 04 11 22	1.2	1.04	4.28	3.83	7.78	1.98	6.45	1	92	92	-9999.9	40	1	17.0	3
2025 04 11 23	1.13	1.0	4.4	3.77	7.8	1.69	7.55	1	97	97	-9999.9	37	1	17.2	3
2025 04 12 00	1.09	0.94	4.1	3.76	8.37	1.6	4.85	1	87	94	-9999.9	36	1	17.2	3
2025 04 12 01	1.06	0.95	4.25	3.91	7.62	1.84	7.06	1	96	91	-9999.9	45	1	17.1	3
2025 04 12 02	1.16	1.03	4.64	4.29	8.8	1.77	7.16	1	92	99	-9999.9	23	1	17.2	3
2025 04 12 03	0.88	0.77	4.56	4.04	8.08	1.46	6.62	1	79	88	-9999.9	33	1	17.0	3
2025 04 12 04	1.02	0.94	5.91	5.96	8.34	1.64	8.51	1	86	91	-9999.9	35	1	17.0	3
2025 04 12 05	1.01	0.92	5.0	4.67	7.53	1.45	5.66	1	71	84	-9999.9	32	1	16.9	3
2025 04 12 06	0.72	0.64	4.45	3.73	6.69	1.01	5.83	1	78	84	-9999.9	54	1	16.8	3
2025 04 12 07	0.77	0.69	4.75	4.31	8.2	1.32	6.82	1	81	80	-9999.9	26	1	17.0	3
2025 04 12 08	0.61	0.55	4.31	3.4	6.84	0.85	7.2	1	101	100	-9999.9	38	1	17.0	3
2025 04 12 09	0.69	0.6	4.15	3.4	6.93	1.04	7.86	1	92	82	-9999.9	40	1	17.0	3
2025 04 12 10	0.72	0.63	4.16	3.36	6.41	1.05	6.17	1	95	88	-9999.9	30	1	17.1	3
2025 04 12 11	0.62	0.55	4.07	3.54	6.59	0.84	5.23	1	94	87	-9999.9	49	1	17.3	3
2025 04 12 12	0.64	0.55	4.21	3.78	6.04	1.06	6.97	1	111	88	-9999.9	42	1	17.5	3
2025 04 12 13	0.69	0.6	4.49	4.14	6.55	1.14	6.66	1	99	96	-9999.9	33	1	17.4	3
2025 04 12 14	0.74	0.66	4.69	4.32	6.64	1.02	6.34	1	107	98	-9999.9	47	1	17.4	3
2025 04 12 15	0.95	0.84	5.33	5.0	7.48	1.44	7.14	1	80	91	-9999.9	50	1	17.1	3
2025 04 12 16	0.87	0.8	5.81	5.36	7.18	1.47	5.38	1	84	84	-9999.9	37	1	17.1	3
2025 04 12 17	0.77	0.71	5.63	5.34	5.99	1.03	6.2	1	82	72	-9999.9	46	1	17.2	3
2025 04 12 18	0.79	0.71	4.96	4.37	6.02	1.09	4.96	1	75	75	-9999.9	35	1	16.8	3
2025 04 12 19	0.67	0.62	4.83	4.18	6.38	0.97	6.82	1	87	76	-9999.9	29	1	17.1	3
2025 04 12 20	0.48	0.43	4.17	3.45	6.76	0.73	6.19	1	121	99	-9999.9	57	1	17.1	3
2025 04 12 21	0.44	0.38	4.08	3.56	6.96	0.76	5.99	1	115	127	-9999.9	63	1	17.1	3
2025 04 12 22	0.48	0.4	4.19	3.82	9.11	0.65	9.16	1	174	227	-9999.9	30	1	17.2	3
2025 04 12 23	0.38	0.33	4.32	3.91	9.47	0.56	5.93	1	175	241	-9999.9	40	1	17.0	3
2025 04 13 00	0.41	0.35	5.1	4.23	10.62	0.52	10.69	1	182	232	-9999.9	29	1	17.0	3
2025 04 13 01	0.41	0.37	5.35	4.72	9.12	0.65	8.5	1	182	216	-9999.9	55	1	17.1	3
2025 04 13 02	0.41	0.37	5.48	4.72	7.43	0.55	7.73	1	170	187	-9999.9	63	1	17.2	3
2025 04 13 03	0.48	0.44	5.97	5.35	6.8	0.8	9.32	1	170	193	-9999.9	59	1	17.2	3
2025 04 13 04	0.46	0.44	6.22	5.57	7.66	0.62	6.76	1	76	80	-9999.9	73	1	17.1	3
2025 04 13 05	0.44	0.41	5.85	5.35	10.01	0.6	8.98	1	95	326	-9999.9	44	1	17.1	3
2025 04 13 06	0.41	0.36	4.94	4.48	14.99	0.55	9.6	1	88	333	-9999.9	41	1	16.7	3
2025 04 13 07	0.41	0.35	5.56	4.72	9.72	0.55	8.03	1	120	181	-9999.9	52	1	17.0	3
2025 04 13 08	0.31	0.27	4.31	3.4	7.2	0.59	2.56	1	183	180	-9999.9	71	1	17.2	3
2025 04 13 09	0.29	0.24	4.31	3.41	10.19	0.4	10.16	1	187	220	-9999.9	42	1	17.2	3
2025 04 13 10	0.31	0.26	4.35	3.74	8.39	0.43	8.07	1	161	226	-9999.9	47	1	17.3	3
2025 04 13 11	0.34	0.3	4.57	3.45	8.44	0.52	9.9	1	175	216	-9999.9	51	1	17.3	3
2025 04 13 12	0.36	0.29	3.29	2.58	9.03	0.57	7.97	1	208	209	-9999.9	57	1	17.3	3
2025 04 13 13	0.41	0.33	3.27	2.56	9.15	0.52	6.77	1	217	187	-9999.9	53	1	17.4	3
2025 04 13 14	0.44	0.37	3.84	2.92	8.53	0.76	7.25	1	220	215	-9999.9	58	1	17.5	3
2025 04 13 15	0.49	0.41	4.13	3.4	8.25	0.68	7.79	1	225	210	-9999.9	60	1	17.5	3
2025 04 13 16	0.49	0.42	3.6	2.88	6.81	0.65	6.84	1	201	197	-9999.9	47	1	17.1	3
2025 04 13 17	0.42	0.38	4.57	3.67	7.68	0.62	6.43	1	210	201	-9999.9	53	1	17.2	3
2025 04 13 18	0.42	0.36	4.62	4.0	11.2	0.63	10.31	1	193	324	-9999.9	63	1	16.8	3
2025 04 13 19	0.36	0.32	3.62	3.02	5.84	0.53	6.72	1	203	203	-9999.9	44	1	16.9	3
2025 04 13 20	0.38	0.32	3.39	2.78	7.26	0.49	8.1	1	204	208	-9999.9	41	1	16.9	3
2025 04 13 21	0.26	0.22	3.48	2.57	6.91	0.38	6.53	1	210	214	-9999.9	54	1	17.3	3
2025 04 13 22	0.31	0.24	3.27	2.8	9.2	0.51	6.84	1	202	234	-9999.9	57	1	17.3	3
2025 04 13 23	0.38	0.3	2.98	2.57	3.27	0.55	2.55	1	206	144	-9999.9	38	1	17.3	3
2025 04 14 00	0.38	0.3	2.85	2.45	3.15	0.59	4.88	1	222	218	-9999.9	54	1	17.3	3
2025 04 14 01	0.41	0.33	3.08	2.5	3.25	0.54	2.83	1	210	195	-9999.9	68	1	17.4	3
2025 04 14 02	0.48	0.38	3.17	2.65	4.74	0.6	2.78	1	211	205	-9999.9	64	1	17.4	3
2025 04 14 03	0.44	0.38	3.11	2.66	3.44	0.61	4.12	1	209	203	-9999.9	50	1	17.2	3
2025 04 14 04	0.57	0.49	3.34	2.89	3.36	0.75	3.56	1	205	203	-9999.9	17	1	16.8	3
2025 04 14 05	0.49	0.41	3.67	3.18	9.44	0.63	6.72	1	196	185	-9999.9	78	1	16.9	3
2025 04 14 06	0.48	0.41	3.94	3.33	4.17	0.66	4.4	1	210	167	-9999.9	62	1	17.0	3
2025 04 14 07	0.54	0.45	3.76	3.23	4.52	0.86	3.18	1	211	194	-9999.9	69	1	16.7	3
2025 04 14 08	0.56	0.48	3.5	3.05	4.2	0.9	3.81	1	220	215	-9999.9	38	1	17.1	3
2025 04 14 09	0.49	0.42	3.36	2.92	4.83	0.82	4.4	1	229	239	-9999.9	37	1	17.2	3
2025 04 14 10	0.44	0.39	3.75	2.9	5.28	0.57	4.91	1	205	193	-9999.9	65	1	17.2	3
2025 04 14 11	0.46	0.38	3.61	2.91	7.6	0.67	7.26	1	206	198	-9999.9	70	1	17.5	3
2025 04 14 12	0.44	0.38	3.44	2.83	5.19	0.77	5.08	1	211	207	-9999.9	60	1	17.4	3
2025 04 14 13	0.48	0.41	3.6	2.94	5.94	0.74	5.74	1	221	227	-9999.9	44	1	17.4	3
2025 04 14 14	0.44	0.4	4.07	3.34	7.0	0.68	7.81	1	210	209	-9999.9	38	1	17.4	3
2025 04 14 15	0.54	0.46	3.7	3.18	5.71	0.85	5.32	1	217	208	-9999.9	50	1	17.2	3
2025 04 14 16	0.62	0.54	3.52	3.06	4.87	0.85	4.11	1	200	199	-9999.9	45	1	16.8	3
2025 04 14 17	0.57	0.49	3.9	3.39	4.75	0.81	6.64	1	200	170	-9999.9	63	1	16.8	3
2025 04 14 18	0.64	0.53	4.06	3.59	12.1	0.83	4.57	1	201	336	-9999.9	57	1	16.9	3
2025 04 14 19	0.74	0.62	3.66	3.16	4.67	1.1	4.04	1	207	192	-9999.9	48	1	17.0	3
2025 04 14 20	0.57	0.48	3.22	2.86	3.93	0.82	4.12	1	197	190	-9999.9	62	1	16.9	3
2025 04 14 21	0.81	0.66	3.29	2.88	5.21	1.02	3.34	1	227	204	-9999.9	53	1	17.3	3
2025 04 14 22	0.85	0.7	3.5	3.01	5.2	1.32	5.6	1	223	216	-9999.9	40	1	17.4	3
2025 04 14 23	0.9	0.77	3.49	3.07	4.17	1.29	4.11	1	226	240	-9999.9	40	1	17.3	3
2025 04 15 00	0.69	0.59	3.35	2.88	5.17	1.01	4.7	1	229	220	-9999.9	45	1	17.3	3
2025 04 15 01	0.74	0.63	3.62	3.11	6.1	1.28	5.66	1	221	226	-9999.9	32	1	17.3	3
2025 04 15 02	0.78	0.69	3.91	3.38	5.67	1.31	5.93	1	222	234	-9999.9	38	1	17.3	3
2025 04 15 03	0.88	0.75	3.97	3.39	5.48	1.43	4.92	1	220	224	-9999.9	40	1	17.1	3
2025 04 15 04	0.76	0.72	4.61	4.25	5.76	1.21	5.47	1	198	199	-9999.9	37	1	16.3	3
2025 04 15 05	0.84	0.78	5.01	4.66	5.91	1.37	5.57	1	202	184	-9999.9	57	1	16.8	3
2025 04 15 06	0.78	0.72	4.83	4.28	5.99	1.18	5.51	1	202	194	-9999.9	51	1	17.0	3
2025 04 15 07	0.79	0.7	4.8	4.54	5.27	1.12	5.51	1	187	174	-9999.9	46	1	16.9	3
2025 04 15 08	0.81	0.7	4.48	3.89	6.11	1.21	6.69	1	220	224	-9999.9	39	1	17.1	3
2025 04 15 09	0.75	0.67	4.54	4.14	5.77	1.15	5.18	1	215	218	-9999.9	46	1	17.2	3
2025 04 15 10	0.64	0.55	3.79	3.2	6.15	0.95	6.78	1	215	224	-9999.9	40	1	17.3	3
2025 04 15 11	0.69	0.55	3.99	3.14	10.35	0.84	8.32	1	227	303	-9999.9	71	1	17.4	3
2025 04 15 12	0.69	0.55	3.83	3.15	8.04	0.98	3.42	1	230	251	-9999.9	60	1	17.4	3
2025 04 15 13	0.72	0.6	3.6	2.97	5.2	1.15	5.11	1	226	245	-9999.9	49	1	17.4	3
2025 04 15 14	0.93	0.79	3.81	3.19	5.87	1.68	6.33	1	228	226	-9999.9	37	1	17.2	3
2025 04 15 15	1.02	0.85	4.57	3.65	11.53	1.43	5.86	1	236	351	-9999.9	72	1	17.1	3
2025 04 15 16	1.25	1.1	3.94	3.63	5.64	1.94	6.07	1	212	210	-9999.9	40	1	16.7	3
2025 04 15 17	1.17	1.01	4.44	3.89	6.94	1.67	6.79	1	199	157	-9999.9	61	1	16.8	3
2025 04 15 18	1.06	0.96	4.72	4.1	6.54	1.7	5.03	1	198	184	-9999.9	44	1	17.0	3
2025 04 15 19	0.98	0.92	4.87	4.48	5.86	1.55	4.68	1	196	191	-9999.9	42	1	17.0	3
2025 04 15 20	1.04	0.95	4.5	4.24	5.76	1.76	5.13	1	201	195	-9999.9	40	1	16.8	3
2025 04 15 21	0.92	0.84	4.88	4.57	6.16	1.49	6.82	1	210	220	-9999.9	47	1	17.2	3
2025 04 15 22	0.9	0.82	5.38	4.63	7.21	1.13	6.61	1	225	221	-9999.9	30	1	17.3	3
2025 04 15 23	0.62	0.56	5.01	4.7	6.42	1.04	6.44	1	220	215	-9999.9	55	1	17.2	3
2025 04 16 00	0.46	0.42	5.19	4.44	7.55	0.73	7.62	1	204	216	-9999.9	50	1	17.3	3
2025 04 16 01	0.56	0.5	5.57	5.33	7.22	0.97	7.14	1	213	218	-9999.9	38	1	17.3	3
2025 04 16 02	0.77	0.74	6.12	5.56	7.09	1.2	6.7	1	218	220	-9999.9	31	1	17.1	3
2025 04 16 03	0.78	0.73	5.9	5.43	7.14	1.23	6.17	1	217	215	-9999.9	41	1	17.3	3
2025 04 16 04	0.89	0.82	5.65	5.24	6.81	1.33	8.03	1	216	209	-9999.9	40	1	17.1	3
2025 04 16 05	0.96	0.88	5.49	5.15	6.93	1.4	6.68	1	193	175	-9999.9	54	1	16.6	3
2025 04 16 06	0.93	0.87	5.43	5.07	6.82	1.7	6.72	1	198	176	-9999.9	57	1	16.9	3
2025 04 16 07	0.91	0.87	5.59	5.15	6.89	1.51	5.95	1	196	205	-9999.9	49	1	17.0	3
2025 04 16 08	0.78	0.71	5.0	4.59	6.88	1.14	5.35	1	180	164	-9999.9	66	1	17.0	3
2025 04 16 09	0.74	0.67	5.19	4.69	6.53	1.04	5.77	1	194	216	-9999.9	49	1	17.1	3
2025 04 16 10	0.53	0.46	4.66	4.24	6.79	0.72	6.03	1	221	245	-9999.9	38	1	17.2	3
2025 04 16 11	0.58	0.52	5.6	4.54	17.09	0.84	5.43	1	217	96	-9999.9	80	1	17.3	3
2025 04 16 12	0.57	0.45	4.39	3.53	20.51	0.9	5.98	1	262	329	-9999.9	69	1	17.4	3
2025 04 16 13	0.51	0.41	4.49	3.66	12.96	0.68	7.55	1	230	215	-9999.9	73	1	17.4	3
2025 04 16 14	0.58	0.49	4.13	3.45	7.55	0.81	7.06	1	205	219	-9999.9	49	1	17.1	3
2025 04 16 15	0.66	0.55	3.69	3.17	6.42	0.92	4.12	1	215	204	-9999.9	52	1	17.1	3
2025 04 16 16	0.65	0.53	4.2	3.66	7.99	1.01	10.39	1	222	211	-9999.9	50	1	17.4	3
2025 04 16 17	0.58	0.52	4.12	3.65	5.88	0.97	6.31	1	176	167	-9999.9	55	1	17.0	3
2025 04 16 18	0.67	0.59	4.58	4.09	6.85	0.9	6.3	1	174	152	-9999.9	54	1	17.1	3
2025 04 16 19	0.77	0.69	4.37	3.81	7.21	1.18	5.96	1	189	205	-9999.9	64	1	17.1	3
2025 04 16 20	0.79	0.66	3.69	3.41	5.43	1.27	5.93	1	207	203	-9999.9	52	1	17.1	3
2025 04 16 21	0.75	0.62	3.57	3.16	5.2	1.06	4.83	1	212	189	-9999.9	66	1	17.2	3
2025 04 16 22	0.73	0.61	3.6	3.07	13.39	0.91	5.16	1	231	246	-9999.9	72	1	17.3	3
2025 04 16 23	0.64	0.51	3.56	2.86	16.58	0.93	5.94	1	228	328	-9999.9	65	1	17.3	3
2025 04 17 00	0.62	0.49	3.48	2.84	23.42	0.77	8.9	1	239	9	-9999.9	66	1	17.4	3
2025 04 17 01	0.51	0.43	3.47	2.71	5.43	0.75	4.63	1	210	196	-9999.9	68	1	17.4	3
2025 04 17 02	0.57	0.47	3.19	2.82	4.43	0.96	4.25	1	208	199	-9999.9	51	1	17.2	3
2025 04 17 03	0.64	0.51	3.68	3.19	5.96	0.83	5.22	1	220	232	-9999.9	53	1	17.2	3
2025 04 17 04	0.66	0.54	3.91	3.41	6.48	0.94	5.05	1	225	209	-9999.9	55	1	17.3	3
2025 04 17 05	0.57	0.5	4.13	3.5	5.51	0.8	2.98	1	206	191	-9999.9	46	1	17.2	3
2025 04 17 06	0.73	0.63	4.02	3.4	5.4	1.06	5.85	1	190	177	-9999.9	47	1	16.7	3
2025 04 17 07	0.78	0.66	4.12	3.57	4.89	0.99	3.68	1	182	156	-9999.9	61	1	17.1	3
2025 04 17 08	0.74	0.64	4.05	3.59	4.79	1.12	5.22	1	181	150	-9999.9	44	1	17.1	3
2025 04 17 09	0.81	0.68	3.82	3.42	4.47	1.04	3.38	1	197	116	-9999.9	61	1	17.1	3
2025 04 17 10	0.73	0.61	3.62	3.13	4.18	1.12	3.59	1	202	168	-9999.9	61	1	17.2	3
2025 04 17 11	0.61	0.5	3.39	2.88	4.97	0.85	6.79	1	221	190	-9999.9	57	1	17.4	3
2025 04 17 12	0.65	0.53	3.1	2.68	3.53	0.83	4.06	1	219	221	-9999.9	46	1	17.2	3
2025 04 17 13	0.64	0.51	3.48	2.9	12.24	0.8	3.35	1	230	339	-9999.9	55	1	17.4	3
2025 04 17 14	0.46	0.4	3.58	2.98	7.28	0.74	6.81	1	208	223	-9999.9	54	1	17.2	3
2025 04 17 15	0.58	0.51	3.53	3.09	5.31	0.76	5.79	1	208	216	-9999.9	45	1	17.1	3
2025 04 17 16	0.6	0.52	3.65	3.06	5.64	0.92	6.53	1	205	216	-9999.9	33	1	17.1	3
2025 04 17 17	0.41	0.36	4.25	3.52	7.33	0.63	8.24	1	207	183	-9999.9	62	1	17.3	3
2025 04 17 18	0.46	0.43	4.9	4.11	6.32	0.72	5.83	1	182	134	-9999.9	55	1	17.3	3
2025 04 17 19	0.48	0.44	4.8	4.21	5.99	0.71	6.18	1	175	161	-9999.9	59	1	17.2	3
2025 04 17 20	0.53	0.47	4.85	3.99	12.03	0.81	7.44	1	178	332	-9999.9	36	1	17.2	3
2025 04 17 21	0.49	0.43	5.65	4.57	14.28	0.65	4.97	1	250	319	-9999.9	41	1	17.3	3
2025 04 17 22	0.38	0.34	4.37	3.78	7.78	0.65	5.44	1	193	236	-9999.9	62	1	17.5	3
2025 04 17 23	0.41	0.35	6.55	5.35	15.04	0.51	9.12	1	288	314	-9999.9	41	1	17.3	3
2025 04 18 00	0.44	0.38	7.79	6.13	16.67	0.51	14.78	1	343	331	-9999.9	53	1	17.2	3
2025 04 18 01	0.22	0.22	4.61	3.47	7.0	0.39	5.62	1	159	202	-9999.9	63	1	17.1	3
2025 04 18 02	0.22	0.22	4.86	3.78	6.68	0.37	5.85	1	179	231	-9999.9	52	1	17.1	3
2025 04 18 03	0.26	0.24	4.72	3.85	7.57	0.39	7.68	1	192	224	-9999.9	56	1	17.1	3
2025 04 18 04	0.31	0.27	4.89	4.27	7.31	0.47	5.85	1	184	196	-9999.9	60	1	16.9	3
2025 04 18 05	0.42	0.37	8.45	6.51	16.67	0.5	10.08	1	293	324	-9999.9	53	1	17.1	3
2025 04 18 06	0.36	0.33	6.67	5.26	11.2	0.53	6.48	1	4	335	-9999.9	62	1	16.8	3
2025 04 18 07	0.38	0.33	4.63	4.17	6.74	0.63	5.52	1	195	188	-9999.9	47	1	16.5	3
2025 04 18 08	0.38	0.37	5.72	4.81	7.23	0.64	6.66	1	166	147	-9999.9	64	1	16.9	3
2025 04 18 09	0.42	0.38	5.64	5.0	12.36	0.58	9.73	1	109	336	-9999.9	33	1	17.1	3
2025 04 18 10	0.41	0.34	4.45	3.76	9.45	0.5	4.51	1	166	232	-9999.9	66	1	17.0	3
2025 04 18 11	0.41	0.36	5.39	4.31	12.34	0.56	9.62	1	30	334	-9999.9	42	1	17.5	3
2025 04 18 12	0.31	0.26	4.98	4.34	12.95	0.41	7.71	1	234	309	-9999.9	79	1	17.4	3
2025 04 18 13	0.34	0.29	3.68	2.59	5.27	0.43	10.76	1	207	205	-9999.9	63	1	17.4	3
2025 04 18 14	0.46	0.38	3.31	2.72	7.34	0.66	6.8	1	198	218	-9999.9	43	1	16.8	3
2025 04 18 15	0.53	0.45	3.23	2.85	3.22	0.68	3.34	1	229	235	-9999.9	16	1	17.0	3
2025 04 18 16	0.53	0.44	3.25	2.84	3.04	0.73	3.01	1	232	236	-9999.9	18	1	17.0	3
2025 04 18 17	0.56	0.45	3.08	2.8	7.4	0.81	3.21	1	226	227	-9999.9	44	1	16.9	3
2025 04 18 18	0.38	0.33	4.57	3.42	12.62	0.54	13.59	1	184	339	-9999.9	26	1	17.0	3
2025 04 18 19	0.31	0.29	4.99	3.58	9.55	0.44	11.98	1	160	337	-9999.9	43	1	17.4	3
2025 04 18 20	0.36	0.31	4.15	3.43	10.91	0.6	8.08	1	182	333	-9999.9	28	1	17.2	3
2025 04 18 21	0.38	0.31	4.04	3.08	14.21	0.57	5.71	1	220	324	-9999.9	45	1	17.3	3
2025 04 18 22	0.36	0.3	3.52	2.86	13.02	0.55	13.72	1	227	325	-9999.9	28	1	17.5	3
2025 04 18 23	0.48	0.36	3.09	2.59	23.67	0.7	11.7	1	226	353	-9999.9	73	1	17.3	3
2025 04 19 00	0.58	0.44	3.18	2.65	21.27	0.73	11.13	1	225	133	-9999.9	75	1	17.3	3
2025 04 19 01	0.58	0.45	3.13	2.62	16.87	0.74	2.89	1	236	323	-9999.9	73	1	17.4	3
2025 04 19 02	0.48	0.37	3.22	2.76	22.29	0.68	3.62	1	243	353	-9999.9	62	1	17.2	3
2025 04 19 03	0.56	0.44	3.4	2.69	8.7	0.73	3.96	1	221	209	-9999.9	69	1	17.1	3
2025 04 19 04	0.64	0.55	3.54	3.11	4.97	1.06	4.59	1	221	232	-9999.9	41	1	17.1	3
2025 04 19 05	0.77	0.67	3.59	3.18	4.66	1.19	4.89	1	223	213	-9999.9	46	1	17.1	3
2025 04 19 06	0.93	0.84	3.69	3.29	4.8	1.59	4.62	1	218	220	-9999.9	35	1	16.9	3
2025 04 19 07	0.86	0.75	3.84	3.33	4.94	1.25	4.8	1	210	206	-9999.9	38	1	16.5	3
2025 04 19 08	0.72	0.63	4.43	4.05	4.99	1.37	4.76	1	202	170	-9999.9	48	1	16.9	3
2025 04 19 09	0.72	0.63	4.59	4.05	6.44	1.06	11.35	1	197	212	-9999.9	54	1	16.5	3
2025 04 19 10	0.75	0.65	4.62	4.1	6.15	1.26	5.14	1	194	191	-9999.9	51	1	16.9	3
2025 04 19 11	0.69	0.58	4.29	3.52	6.07	1.06	5.3	1	206	183	-9999.9	56	1	17.1	3
2025 04 19 12	0.83	0.68	4.36	3.57	23.23	1.22	4.96	1	222	155	-9999.9	74	1	-9999.9	-9999.9
2025 04 19 13	0.85	0.69	3.65	3.0	7.1	1.07	5.6	1	248	245	-9999.9	54	1	17.2	3
2025 04 19 14	0.77	0.62	4.33	3.42	23.97	1.02	4.0	1	225	149	-9999.9	72	1	17.2	3
2025 04 19 15	0.93	0.82	3.9	3.45	5.68	1.23	5.27	1	221	230	-9999.9	34	1	16.5	3
2025 04 19 16	1.07	0.95	3.83	3.52	4.34	1.69	4.54	1	224	230	-9999.9	36	1	16.4	3
2025 04 19 17	0.92	0.78	3.75	3.35	5.85	1.2	4.92	1	216	218	-9999.9	45	1	16.2	3
2025 04 19 18	0.71	0.59	3.95	3.41	6.11	0.97	5.72	1	200	185	-9999.9	49	1	16.7	3
2025 04 19 19	0.72	0.62	4.34	3.85	9.16	0.95	5.41	1	210	320	-9999.9	66	1	17.0	3
2025 04 19 20	0.76	0.68	4.42	3.86	5.39	1.23	5.55	1	215	220	-9999.9	56	1	17.0	3
2025 04 19 21	0.84	0.74	4.38	3.7	6.22	1.13	4.23	1	210	178	-9999.9	53	1	16.9	3
2025 04 19 22	0.75	0.68	4.81	4.16	6.65	1.13	6.15	1	201	198	-9999.9	52	1	16.7	3
2025 04 19 23	0.77	0.68	4.69	4.13	6.31	0.95	5.87	1	196	180	-9999.9	60	1	17.0	3
2025 04 20 00	0.76	0.66	4.67	4.18	6.38	1.07	7.46	1	215	202	-9999.9	50	1	16.9	3
2025 04 20 01	0.51	0.45	5.19	4.51	7.67	0.67	5.94	1	208	237	-9999.9	67	1	16.9	3
2025 04 20 02	0.58	0.52	5.63	5.16	12.53	0.84	8.26	1	217	321	-9999.9	61	1	16.9	3
2025 04 20 03	0.69	0.62	5.49	5.03	7.78	1.14	14.01	1	226	221	-9999.9	42	1	16.9	3
2025 04 20 04	0.62	0.58	5.15	4.51	6.23	0.88	5.63	1	219	228	-9999.9	44	1	16.8	3
2025 04 20 05	0.62	0.55	4.73	4.32	6.93	0.92	6.88	1	215	210	-9999.9	61	1	16.8	3
2025 04 20 06	0.77	0.67	4.18	3.52	6.08	1.11	6.67	1	208	196	-9999.9	44	1	16.6	3
2025 04 20 07	0.87	0.74	3.85	3.46	5.36	1.28	5.46	1	210	212	-9999.9	29	1	16.6	3
2025 04 20 08	0.81	0.71	3.99	3.5	5.87	1.28	4.34	1	213	213	-9999.9	44	1	16.4	3
2025 04 20 09	0.94	0.82	4.41	3.8	7.06	1.37	4.95	1	202	205	-9999.9	46	1	16.2	3
2025 04 20 10	0.85	0.74	4.17	3.5	5.5	1.08	7.22	1	199	185	-9999.9	54	1	16.2	3
2025 04 20 11	0.82	0.72	4.26	3.73	6.04	1.25	4.32	1	199	192	-9999.9	59	1	16.1	3
2025 04 20 12	0.87	0.76	4.74	3.99	7.09	1.31	7.97	1	218	209	-9999.9	50	1	16.7	3
2025 04 20 13	0.78	0.67	4.75	4.08	10.26	1.06	7.52	1	223	264	-9999.9	72	1	16.9	3
2025 04 20 14	0.76	0.66	4.78	3.97	16.02	1.29	10.88	1	224	283	-9999.9	73	1	17.1	3
2025 04 20 15	0.7	0.58	4.35	3.9	9.83	1.06	5.28	1	206	231	-9999.9	75	1	17.0	3
2025 04 20 16	0.87	0.76	4.12	3.67	5.08	1.18	7.24	1	212	210	-9999.9	45	1	16.5	3
2025 04 20 17	0.84	0.77	4.06	3.52	6.2	1.24	5.13	1	212	216	-9999.9	40	1	16.2	3
2025 04 20 18	0.79	0.69	3.92	3.46	5.9	1.12	3.79	1	205	215	-9999.9	32	1	16.1	3
2025 04 20 19	0.66	0.57	4.07	3.42	5.51	1.15	4.76	1	187	182	-9999.9	66	1	16.6	3
2025 04 20 20	0.64	0.55	4.29	3.8	5.33	0.9	6.25	1	202	160	-9999.9	38	1	17.0	3
2025 04 20 21	0.65	0.56	4.16	3.61	6.25	0.94	5.35	1	194	178	-9999.9	64	1	17.0	3
2025 04 20 22	0.67	0.58	3.99	3.54	5.74	0.95	5.66	1	193	155	-9999.9	55	1	16.9	3
2025 04 20 23	0.64	0.56	4.07	3.44	6.04	0.94	8.11	1	191	160	-9999.9	58	1	16.7	3
2025 04 21 00	0.61	0.51	3.98	3.42	6.14	0.75	6.02	1	199	174	-9999.9	57	1	16.8	3
2025 04 21 01	0.6	0.53	4.27	3.56	6.21	0.92	4.83	1	192	179	-9999.9	52	1	16.8	3
2025 04 21 02	0.54	0.45	4.12	3.4	7.4	0.74	5.58	1	206	204	-9999.9	49	1	16.9	3
2025 04 21 03	0.48	0.41	3.97	3.2	9.63	0.65	6.43	1	190	236	-9999.9	68	1	16.8	3
2025 04 21 04	0.42	0.37	4.77	4.0	15.21	0.58	6.14	1	184	322	-9999.9	56	1	16.8	3
2025 04 21 05	0.48	0.43	4.39	3.86	6.57	0.67	6.52	1	205	227	-9999.9	46	1	16.6	3
2025 04 21 06	0.38	0.34	4.67	3.98	6.72	0.76	4.95	1	203	225	-9999.9	51	1	16.5	3
2025 04 21 07	0.44	0.39	4.74	4.34	7.81	0.72	7.25	1	199	211	-9999.9	48	1	16.7	3
2025 04 21 08	0.46	0.44	5.71	4.66	6.74	0.78	5.13	1	198	214	-9999.9	39	1	16.6	3
2025 04 21 09	0.6	0.53	4.73	4.2	5.85	0.88	5.94	1	210	214	-9999.9	39	1	16.6	3
2025 04 21 10	0.64	0.56	4.51	4.1	6.97	1.22	4.81	1	212	223	-9999.9	31	1	16.8	3
2025 04 21 11	0.58	0.5	4.64	4.1	7.42	0.88	6.57	1	197	182	-9999.9	49	1	16.8	3
2025 04 21 12	0.54	0.49	4.62	3.83	8.01	0.8	6.79	1	196	190	-9999.9	51	1	17.0	3
2025 04 21 13	0.51	0.45	4.67	3.93	8.84	0.73	5.66	1	177	191	-9999.9	53	1	17.1	3
2025 04 21 14	0.53	0.46	4.8	4.33	9.92	0.85	5.93	1	152	294	-9999.9	76	1	17.2	3
2025 04 21 15	0.44	0.35	4.44	3.56	23.26	0.62	14.65	1	165	345	-9999.9	80	1	16.8	3
2025 04 21 16	0.46	0.38	4.87	3.92	14.62	0.6	6.32	1	237	342	-9999.9	43	1	17.1	3
2025 04 21 17	0.46	0.38	4.21	3.44	15.37	0.66	6.44	1	211	296	-9999.9	74	1	16.9	3
2025 04 21 18	0.57	0.47	3.52	3.15	7.18	0.88	4.62	1	219	214	-9999.9	43	1	16.5	3
2025 04 21 19	0.51	0.44	3.99	3.27	9.37	0.73	6.6	1	206	235	-9999.9	34	1	16.5	3
2025 04 21 20	0.41	0.34	3.76	3.28	5.5	0.5	5.31	1	191	171	-9999.9	71	1	16.5	3
2025 04 21 21	0.38	0.34	4.21	3.54	8.76	0.63	5.64	1	188	157	-9999.9	62	1	16.6	3
2025 04 21 22	0.36	0.35	5.06	4.22	7.21	0.56	5.69	1	167	130	-9999.9	67	1	17.1	3
2025 04 21 23	0.41	0.35	4.46	4.02	7.77	0.48	6.28	1	157	10	-9999.9	79	1	17.0	3
2025 04 22 00	0.42	0.38	4.96	4.12	12.46	0.65	10.03	1	201	334	-9999.9	38	1	16.9	3
2025 04 22 01	0.38	0.32	4.25	3.52	14.24	0.64	11.35	1	166	327	-9999.9	41	1	16.7	3
2025 04 22 02	0.34	0.28	5.0	4.04	16.55	0.42	17.47	1	281	312	-9999.9	42	1	16.9	3
2025 04 22 03	0.34	0.29	6.44	4.76	16.67	0.42	15.43	1	319	321	-9999.9	47	1	16.8	3
2025 04 22 04	0.31	0.28	4.95	3.93	15.7	0.48	11.62	1	110	325	-9999.9	45	1	16.9	3
2025 04 22 05	0.29	0.23	4.23	3.14	19.82	0.43	12.98	1	181	329	-9999.9	56	1	16.9	3
2025 04 22 06	0.31	0.26	3.25	2.68	5.52	0.43	3.09	1	190	166	-9999.9	59	1	16.7	3
2025 04 22 07	0.29	0.23	4.0	3.2	19.85	0.35	4.42	1	213	330	-9999.9	57	1	16.8	3
2025 04 22 08	0.31	0.27	4.0	3.28	6.47	0.76	5.6	1	185	74	-9999.9	44	1	16.8	3
2025 04 22 09	0.34	0.3	3.66	3.1	5.41	0.49	5.8	1	199	180	-9999.9	55	1	16.6	3
2025 04 22 10	0.57	0.49	3.85	3.47	6.73	0.91	4.66	1	205	212	-9999.9	46	1	16.9	3
2025 04 22 11	0.53	0.44	3.35	2.92	4.53	0.8	4.64	1	215	226	-9999.9	43	1	16.9	3
2025 04 22 12	0.42	0.35	4.0	3.32	4.94	0.58	7.22	1	187	136	-9999.9	57	1	16.9	3
2025 04 22 13	0.48	0.39	3.44	2.91	5.51	0.69	7.06	1	193	201	-9999.9	61	1	17.1	3
2025 04 22 14	0.49	0.42	4.17	3.53	7.09	0.69	5.66	1	208	236	-9999.9	67	1	17.2	3
2025 04 22 15	0.46	0.38	3.74	3.16	5.05	0.59	7.29	1	212	195	-9999.9	65	1	17.3	3
2025 04 22 16	0.48	0.37	3.65	3.11	20.65	0.77	17.18	1	223	330	-9999.9	61	1	17.2	3
2025 04 22 17	0.41	0.34	4.24	3.43	10.08	0.6	5.24	1	212	229	-9999.9	65	1	17.1	3
2025 04 22 18	0.46	0.37	4.49	3.89	19.1	0.69	7.64	1	201	349	-9999.9	62	1	17.1	3
2025 04 22 19	0.41	0.33	3.46	2.97	5.37	0.56	4.0	1	204	199	-9999.9	47	1	16.7	3
2025 04 22 20	0.44	0.38	3.81	3.15	5.75	0.63	5.16	1	201	220	-9999.9	34	1	16.6	3
2025 04 22 21	0.38	0.32	3.33	2.96	4.34	0.61	2.87	1	200	197	-9999.9	37	1	16.5	3
2025 04 22 22	0.34	0.29	3.79	3.31	6.32	0.54	4.77	1	186	216	-9999.9	60	1	16.7	3
2025 04 22 23	0.34	0.3	4.76	3.86	6.23	0.59	3.56	1	100	116	-9999.9	72	1	17.1	3
2025 04 23 00	0.34	0.32	4.93	4.24	8.99	0.54	6.56	1	205	335	-9999.9	35	1	17.0	3
2025 04 23 01	0.42	0.37	4.75	4.03	10.98	0.52	6.54	1	206	331	-9999.9	30	1	16.9	3
2025 04 23 02	0.49	0.41	4.97	4.11	12.48	0.62	10.7	1	102	327	-9999.9	36	1	16.7	3
2025 04 23 03	0.44	0.37	5.02	4.06	14.27	0.54	8.99	1	267	318	-9999.9	46	1	17.1	3
2025 04 23 04	0.38	0.3	5.28	4.25	16.67	0.44	4.87	1	295	319	-9999.9	47	1	17.1	3
2025 04 23 05	0.36	0.31	6.49	4.86	16.67	0.46	15.21	1	310	321	-9999.9	48	1	17.1	3
2025 04 23 06	0.22	0.18	3.81	3.34	4.86	0.26	2.64	1	158	165	-9999.9	69	1	16.9	3
2025 04 23 07	0.36	0.32	2.84	2.6	2.81	0.66	3.38	1	90	81	-9999.9	29	1	16.9	3
2025 04 23 08	0.58	0.5	3.16	2.92	3.41	0.96	3.35	1	76	73	-9999.9	19	1	17.0	3
2025 04 23 09	0.86	0.75	3.5	3.37	3.97	1.36	3.98	1	79	76	-9999.9	20	1	17.2	3
2025 04 23 10	0.93	0.82	3.7	3.48	4.33	1.37	4.76	1	84	82	-9999.9	27	1	17.2	3
2025 04 23 11	1.13	1.01	4.06	3.83	4.98	1.46	4.86	1	84	84	-9999.9	22	1	17.0	3
2025 04 23 12	1.21	1.06	4.14	3.93	5.11	1.79	4.77	1	71	71	-9999.9	27	1	16.5	3
2025 04 23 13	1.13	1.02	4.04	3.75	4.85	1.72	4.68	1	77	71	-9999.9	36	1	16.5	3
2025 04 23 14	0.78	0.69	3.6	3.3	5.08	1.07	3.82	1	75	64	-9999.9	28	1	16.6	3
2025 04 23 15	1.0	0.89	3.81	3.51	5.22	1.52	5.18	1	80	75	-9999.9	21	1	16.8	3
2025 04 23 16	0.85	0.74	3.3	3.02	4.82	1.35	4.53	1	87	96	-9999.9	45	1	16.7	3
2025 04 23 17	1.28	1.14	4.2	4.06	4.92	1.96	4.58	1	58	59	-9999.9	24	1	17.2	3
2025 04 23 18	0.86	0.75	3.67	3.31	4.73	1.17	4.05	1	78	65	-9999.9	37	1	17.1	3
2025 04 23 19	0.89	0.77	3.55	3.37	4.51	1.62	4.43	1	80	75	-9999.9	28	1	17.3	3
2025 04 23 20	0.76	0.67	3.28	2.97	3.95	1.17	3.87	1	83	81	-9999.9	24	1	17.2	3
2025 04 23 21	0.73	0.62	3.13	2.78	3.68	0.93	4.95	1	87	86	-9999.9	25	1	17.3	3
2025 04 23 22	0.65	0.57	3.23	2.9	3.76	0.99	4.16	1	78	84	-9999.9	37	1	17.2	3
2025 04 23 23	0.77	0.68	3.53	3.3	3.81	1.34	3.75	1	80	86	-9999.9	24	1	17.3	3
2025 04 24 00	0.73	0.64	3.88	3.78	4.54	1.11	4.68	1	57	70	-9999.9	27	1	17.0	3
2025 04 24 01	0.54	0.47	3.82	3.3	5.23	0.71	5.66	1	68	77	-9999.9	33	1	16.9	3
2025 04 24 02	0.56	0.46	3.25	2.92	4.88	0.7	4.09	1	78	79	-9999.9	46	1	16.9	3
2025 04 24 03	0.62	0.55	3.77	3.38	5.57	0.93	5.45	1	67	67	-9999.9	22	1	16.8	3
2025 04 24 04	0.66	0.57	3.48	3.16	4.54	0.87	4.01	1	62	63	-9999.9	24	1	16.9	3
2025 04 24 05	0.56	0.5	3.46	3.03	4.79	0.93	4.71	1	63	75	-9999.9	36	1	17.1	3
2025 04 24 06	0.92	0.81	3.91	3.68	5.03	1.21	3.64	1	74	83	-9999.9	33	1	17.4	3
2025 04 24 07	0.97	0.86	3.6	3.4	4.82	1.59	4.51	1	81	88	-9999.9	29	1	17.4	3
2025 04 24 08	0.9	0.79	3.35	3.08	4.75	1.47	4.31	1	82	80	-9999.9	37	1	17.4	3
2025 04 24 09	0.95	0.83	3.54	3.15	4.01	1.26	4.7	1	86	84	-9999.9	27	1	17.4	3
2025 04 24 10	0.98	0.88	3.61	3.28	3.85	1.62	4.16	1	88	80	-9999.9	31	1	17.4	3
2025 04 24 11	0.93	0.8	3.48	3.18	4.46	1.47	4.41	1	85	91	-9999.9	44	1	17.3	3
2025 04 24 12	0.98	0.87	3.73	3.47	4.52	1.76	4.58	1	90	96	-9999.9	31	1	17.4	3
2025 04 24 13	0.87	0.76	3.6	3.34	4.41	1.41	5.32	1	76	77	-9999.9	29	1	17.0	3
2025 04 24 14	0.78	0.68	3.46	3.11	4.55	0.98	4.42	1	82	85	-9999.9	20	1	17.2	3
2025 04 24 15	1.02	0.93	4.6	4.38	5.08	1.6	5.35	1	69	69	-9999.9	29	1	17.3	3
2025 04 24 16	0.66	0.57	3.66	3.22	4.75	0.89	4.92	1	67	69	-9999.9	19	1	17.1	3
2025 04 24 17	0.81	0.69	3.44	3.17	4.41	1.25	5.9	1	76	83	-9999.9	40	1	17.0	3
2025 04 24 18	0.72	0.63	3.49	3.22	4.52	1.12	4.41	1	66	62	-9999.9	36	1	17.6	3
2025 04 24 19	0.74	0.64	3.51	3.14	4.39	1.0	4.85	1	80	75	-9999.9	27	1	17.4	3
2025 04 24 20	0.66	0.55	2.97	2.6	2.72	0.95	3.03	1	83	71	-9999.9	36	1	17.4	3
2025 04 24 21	0.72	0.58	3.03	2.7	3.25	0.97	3.36	1	92	98	-9999.9	35	1	17.3	3
2025 04 24 22	0.65	0.52	2.88	2.62	2.96	0.79	2.79	1	82	87	-9999.9	44	1	17.3	3
2025 04 24 23	0.64	0.53	3.01	2.76	3.02	0.94	3.35	1	74	65	-9999.9	35	1	17.2	3
2025 04 25 00	0.71	0.6	3.16	3.02	3.79	1.18	3.96	1	82	83	-9999.9	33	1	17.2	3
2025 04 25 01	0.54	0.49	4.33	3.66	4.68	0.87	3.97	1	67	95	-9999.9	51	1	-9999.9	-9999.9
2025 04 25 02	0.66	0.61	4.73	4.43	5.22	1.36	5.38	1	51	60	-9999.9	33	1	17.0	3
2025 04 25 03	0.73	0.69	4.91	4.68	5.25	1.24	5.6	1	70	70	-9999.9	32	1	17.3	3
2025 04 25 04	0.54	0.46	4.84	4.09	14.05	0.68	7.0	1	37	322	-9999.9	47	1	17.3	3
2025 04 25 05	0.36	0.31	3.03	2.64	3.39	0.55	3.71	1	79	84	-9999.9	44	1	17.2	3
2025 04 25 06	0.29	0.24	3.12	2.54	2.93	0.36	3.2	1	91	81	-9999.9	46	1	17.2	3
2025 04 25 07	0.36	0.3	2.81	2.5	2.66	0.52	2.78	1	77	82	-9999.9	28	1	17.2	3
2025 04 25 08	0.38	0.31	3.04	2.47	3.16	0.55	1.88	1	81	77	-9999.9	57	1	17.1	3
2025 04 25 09	0.31	0.26	3.95	3.43	5.91	0.43	4.27	1	122	70	-9999.9	44	1	17.2	3
2025 04 25 10	0.36	0.3	4.26	3.78	8.29	0.62	7.75	1	157	215	-9999.9	15	1	17.4	3
2025 04 25 11	0.26	0.23	4.49	3.72	7.12	0.37	5.67	1	146	213	-9999.9	41	1	17.6	3
2025 04 25 12	0.38	0.33	7.77	6.01	16.67	0.51	12.61	1	341	315	-9999.9	51	1	18.0	3
2025 04 25 13	0.38	0.32	5.78	5.08	19.84	0.49	12.53	1	253	341	-9999.9	61	1	16.9	3
2025 04 25 14	0.44	0.38	4.44	3.74	7.68	0.83	8.01	1	194	207	-9999.9	46	1	17.4	3
2025 04 25 15	0.36	0.31	4.84	4.72	7.89	0.51	10.98	1	190	217	-9999.9	69	1	17.4	3
2025 04 25 16	0.38	0.35	5.46	4.81	8.29	0.63	9.57	1	155	309	-9999.9	74	1	17.5	3
2025 04 25 17	0.46	0.37	4.44	3.76	14.23	0.55	10.96	1	188	204	-9999.9	49	1	17.4	3
2025 04 25 18	0.41	0.34	4.47	3.59	13.64	0.57	9.78	1	203	193	-9999.9	59	1	17.2	3
2025 04 25 19	0.34	0.28	4.54	3.75	14.04	0.55	12.41	1	212	172	-9999.9	63	1	17.0	3
2025 04 25 20	0.29	0.26	5.07	3.59	11.53	0.49	8.45	1	203	213	-9999.9	54	1	16.7	3
2025 04 25 21	0.36	0.29	4.13	3.25	14.16	0.51	13.22	1	202	213	-9999.9	53	1	17.2	3
2025 04 25 22	0.41	0.33	4.56	3.48	13.57	0.48	9.84	1	199	201	-9999.9	61	1	17.0	3
2025 04 25 23	0.42	0.36	3.87	3.15	12.26	0.62	5.62	1	198	199	-9999.9	65	1	17.0	3
2025 04 26 00	0.46	0.39	4.38	3.63	13.83	0.72	12.56	1	234	314	-9999.9	69	1	16.5	3
2025 04 26 01	0.51	0.45	4.95	4.2	10.98	0.73	10.04	1	245	311	-9999.9	65	1	16.9	3
2025 04 26 02	0.42	0.38	4.93	4.32	11.17	0.6	8.44	1	163	179	-9999.9	73	1	-9999.9	-9999.9
2025 04 26 03	0.49	0.45	5.54	4.88	11.85	0.79	10.72	1	205	213	-9999.9	68	1	17.0	3
2025 04 26 04	0.58	0.51	4.23	3.56	7.92	0.86	6.39	1	205	308	-9999.9	65	1	16.9	3
2025 04 26 05	0.6	0.48	3.52	3.1	8.38	0.85	5.36	1	202	164	-9999.9	76	1	16.9	3
2025 04 26 06	0.67	0.54	3.41	2.77	8.49	1.06	5.69	1	221	160	-9999.9	74	1	17.1	3
2025 04 26 07	0.71	0.57	3.46	3.06	7.5	1.06	4.04	1	215	228	-9999.9	54	1	17.0	3
2025 04 26 08	0.48	0.38	3.39	2.79	12.16	0.74	3.41	1	211	215	-9999.9	70	1	16.9	3
2025 04 26 09	0.46	0.37	4.43	3.59	13.7	0.66	15.08	1	207	201	-9999.9	51	1	17.3	3
2025 04 26 10	0.46	0.39	4.37	3.35	14.16	0.72	11.69	1	209	195	-9999.9	48	1	17.1	3
2025 04 26 11	0.54	0.46	4.74	3.94	12.83	0.85	12.25	1	208	210	-9999.9	44	1	17.1	3
2025 04 26 12	0.61	0.54	4.93	3.92	11.58	0.98	8.48	1	207	183	-9999.9	58	1	17.0	3
2025 04 26 13	0.62	0.53	4.95	4.1	9.1	1.01	10.87	1	215	213	-9999.9	68	1	16.6	3
2025 04 26 14	0.58	0.52	5.32	4.73	7.54	0.91	9.92	1	209	196	-9999.9	59	1	16.4	3
2025 04 26 15	0.65	0.59	5.51	4.48	8.97	1.01	8.27	1	177	21	-9999.9	75	1	-9999.9	-9999.9
2025 04 26 16	0.57	0.51	5.48	4.88	6.71	0.84	6.84	1	188	140	-9999.9	68	1	17.3	3
2025 04 26 17	0.71	0.61	5.53	4.69	12.73	1.1	10.22	1	234	322	-9999.9	62	1	17.2	3
2025 04 26 18	0.6	0.5	4.57	3.83	14.18	0.9	10.41	1	211	295	-9999.9	59	1	17.4	3
2025 04 26 19	0.46	0.4	4.51	3.63	13.33	0.62	11.19	1	219	218	-9999.9	44	1	16.9	3
2025 04 26 20	0.41	0.33	4.23	3.34	12.46	0.53	9.19	1	214	219	-9999.9	42	1	17.0	3
2025 04 26 21	0.38	0.3	3.81	3.17	12.75	0.48	3.99	1	207	196	-9999.9	51	1	16.7	3
2025 04 26 22	0.41	0.32	4.42	3.78	12.44	0.6	11.71	1	211	217	-9999.9	33	1	16.7	3
2025 04 26 23	0.38	0.33	4.7	3.78	12.21	0.67	11.35	1	199	216	-9999.9	37	1	16.7	3
2025 04 27 00	0.42	0.4	7.72	5.87	16.48	0.57	13.88	1	234	336	-9999.9	50	1	17.1	3
2025 04 27 01	0.49	0.44	6.26	4.88	12.46	0.74	11.31	1	298	334	-9999.9	55	1	16.8	3
2025 04 27 02	0.48	0.41	5.1	4.35	10.76	0.85	9.84	1	216	337	-9999.9	73	1	16.6	3
2025 04 27 03	0.49	0.45	5.11	4.48	8.73	0.66	6.15	1	212	331	-9999.9	61	1	16.4	3
2025 04 27 04	0.64	0.56	6.19	5.74	9.76	0.95	6.96	1	244	311	-9999.9	63	1	16.6	3
2025 04 27 05	0.61	0.53	5.4	4.95	12.48	0.87	9.38	1	234	331	-9999.9	36	1	16.8	3
2025 04 27 06	0.53	0.45	4.91	4.33	11.6	0.64	8.9	1	71	329	-9999.9	58	1	16.5	3
2025 04 27 07	0.49	0.42	4.0	3.57	4.48	0.64	4.37	1	73	88	-9999.9	49	1	17.1	3
2025 04 27 08	0.58	0.5	3.67	3.39	4.37	0.8	4.2	1	79	91	-9999.9	34	1	17.4	3
2025 04 27 09	0.9	0.82	3.7	3.46	4.52	1.64	3.84	1	79	82	-9999.9	23	1	17.5	3
2025 04 27 10	0.95	0.84	3.47	3.34	4.05	1.3	3.57	1	76	68	-9999.9	29	1	17.6	3
2025 04 27 11	1.09	0.95	3.84	3.51	5.02	1.56	5.11	1	88	85	-9999.9	32	1	17.7	3
2025 04 27 12	0.96	0.83	3.75	3.5	4.94	1.29	5.57	1	86	88	-9999.9	30	1	17.7	3
2025 04 27 13	0.89	0.76	3.93	3.73	4.18	1.22	4.27	1	91	86	-9999.9	23	1	17.5	3
2025 04 27 14	0.91	0.8	4.38	4.14	4.48	1.44	4.97	1	83	78	-9999.9	30	1	16.3	3
2025 04 27 15	0.88	0.78	4.54	4.36	5.03	1.43	5.21	1	66	72	-9999.9	28	1	16.4	3
2025 04 27 16	0.85	0.75	4.73	4.44	5.2	1.13	5.12	1	64	80	-9999.9	35	1	16.6	3
2025 04 27 17	0.93	0.85	4.98	4.86	5.44	1.34	6.07	1	64	76	-9999.9	38	1	17.5	3
2025 04 27 18	1.09	0.97	4.33	4.2	4.88	1.68	5.39	1	83	81	-9999.9	23	1	17.0	3
2025 04 27 19	0.67	0.58	3.23	2.91	4.72	0.99	4.65	1	77	87	-9999.9	46	1	17.2	3
2025 04 27 20	0.73	0.59	3.45	2.9	5.47	0.98	5.75	1	82	74	-9999.9	38	1	17.3	3
2025 04 27 21	0.93	0.78	3.37	3.18	4.54	1.26	4.72	1	69	87	-9999.9	34	1	17.2	3
2025 04 27 22	1.01	0.87	3.43	3.06	4.61	1.31	3.76	1	76	82	-9999.9	42	1	17.3	3
2025 04 27 23	1.11	0.93	3.36	3.04	4.08	1.51	3.23	1	83	82	-9999.9	34	1	17.2	3
2025 04 28 00	1.12	0.99	3.45	3.14	3.98	1.54	3.39	1	81	90	-9999.9	46	1	17.2	3
2025 04 28 01	1.24	1.09	3.89	3.69	4.4	1.78	4.27	1	81	74	-9999.9	22	1	17.2	3
2025 04 28 02	1.24	1.15	4.1	3.86	4.75	2.09	4.84	1	83	86	-9999.9	25	1	17.1	3
2025 04 28 03	1.4	1.27	4.6	4.4	5.39	2.17	4.98	1	73	74	-9999.9	20	1	16.5	3
2025 04 28 04	1.34	1.21	4.52	4.35	5.56	1.88	5.11	1	73	77	-9999.9	16	1	15.9	3
2025 04 28 05	1.24	1.15	5.16	4.89	5.61	1.89	5.54	1	72	77	-9999.9	37	1	16.7	3
2025 04 28 06	1.38	1.25	4.67	4.55	5.8	1.9	5.48	1	83	96	-9999.9	36	1	16.7	3
2025 04 28 07	1.1	0.96	3.99	3.24	6.29	1.92	5.02	1	92	87	-9999.9	39	1	16.4	3
2025 04 28 08	1.42	1.25	4.32	3.8	6.65	2.02	6.07	1	71	64	-9999.9	34	1	16.8	3
2025 04 28 09	1.43	1.25	4.19	3.67	6.51	2.16	6.09	1	82	82	-9999.9	37	1	16.7	3
2025 04 28 10	1.65	1.41	4.13	3.78	6.28	3.03	5.94	1	97	92	-9999.9	36	1	16.7	3
2025 04 28 11	1.63	1.44	4.23	3.69	6.37	2.24	5.75	1	99	96	-9999.9	31	1	16.7	3
2025 04 28 12	1.63	1.45	4.35	3.83	6.86	2.27	6.8	1	103	97	-9999.9	30	1	16.8	3
2025 04 28 13	1.61	1.42	4.34	3.94	7.74	2.24	5.13	1	101	97	-9999.9	29	1	16.6	3
2025 04 28 14	1.45	1.32	4.34	4.04	7.2	1.94	6.3	1	102	97	-9999.9	26	1	16.7	3
2025 04 28 15	1.51	1.36	4.52	4.21	6.7	2.2	5.08	1	88	96	-9999.9	24	1	16.7	3
2025 04 28 16	1.52	1.36	4.63	4.24	7.19	2.36	5.32	1	83	93	-9999.9	33	1	16.8	3
2025 04 28 17	1.26	1.11	4.44	3.9	6.98	1.67	5.84	1	86	92	-9999.9	50	1	16.6	3
2025 04 28 18	2.09	1.98	5.76	5.35	7.32	3.05	6.68	1	79	84	-9999.9	26	1	16.5	3
2025 04 28 19	1.61	1.43	4.5	3.98	7.74	2.46	6.59	1	92	93	-9999.9	38	1	16.5	3
2025 04 28 20	1.32	1.14	4.16	3.7	7.3	1.86	5.26	1	68	70	-9999.9	37	1	16.4	3
2025 04 28 21	1.69	1.53	4.77	4.34	7.84	2.61	7.52	1	84	94	-9999.9	38	1	16.7	3
2025 04 28 22	1.38	1.18	3.98	3.64	6.85	2.07	5.81	1	75	74	-9999.9	42	1	16.8	3
2025 04 28 23	1.55	1.35	4.37	3.8	7.03	2.1	6.92	1	105	102	-9999.9	33	1	16.5	3
2025 04 29 00	1.69	1.47	4.42	3.96	8.09	2.43	6.48	1	106	108	-9999.9	27	1	16.5	3
2025 04 29 01	1.83	1.69	4.76	4.16	8.23	2.39	7.03	1	103	104	-9999.9	25	1	16.5	3
2025 04 29 02	1.92	1.74	4.83	4.36	7.68	3.19	6.59	1	100	95	-9999.9	41	1	16.4	3
2025 04 29 03	2.02	1.85	5.12	4.59	8.83	3.43	6.25	1	88	89	-9999.9	21	1	16.3	3
2025 04 29 04	2.05	1.85	5.34	4.91	7.96	3.53	7.67	1	94	97	-9999.9	20	1	16.3	3
2025 04 29 05	1.9	1.72	4.84	4.77	8.44	2.87	8.28	1	87	91	-9999.9	19	1	16.2	3
2025 04 29 06	1.42	1.27	4.44	4.07	8.19	2.26	6.72	1	75	76	-9999.9	26	1	16.2	3
2025 04 29 07	2.39	2.17	5.56	5.38	8.28	3.71	7.44	1	74	74	-9999.9	15	1	16.2	3
2025 04 29 08	1.96	1.8	5.5	4.88	8.13	3.43	6.52	1	81	82	-9999.9	28	1	16.2	3
2025 04 29 09	2.03	1.85	5.68	4.9	8.11	3.44	7.19	1	86	88	-9999.9	25	1	16.5	3
2025 04 29 10	1.9	1.73	5.24	5.1	7.77	2.68	7.11	1	87	92	-9999.9	20	1	16.4	3
2025 04 29 11	1.7	1.54	5.14	4.78	8.09	2.85	8.65	1	93	99	-9999.9	36	1	16.4	3
2025 04 29 12	1.53	1.39	5.18	4.79	8.29	2.1	7.71	1	102	102	-9999.9	29	1	16.4	3
2025 04 29 13	1.52	1.39	5.67	4.94	8.93	2.26	8.19	1	104	99	-9999.9	26	1	16.4	3
2025 04 29 14	1.41	1.31	5.44	4.82	9.04	2.11	7.4	1	102	103	-9999.9	25	1	16.5	3
2025 04 29 15	1.52	1.41	6.37	5.66	9.05	2.63	8.62	1	101	104	-9999.9	19	1	16.4	3
2025 04 29 16	1.22	1.13	6.15	5.76	8.95	2.08	9.59	1	81	88	-9999.9	30	1	16.0	3
2025 04 29 17	1.82	1.73	7.16	6.91	9.1	2.48	9.06	1	84	92	-9999.9	28	1	16.1	3
2025 04 29 18	1.48	1.4	7.19	6.81	9.07	2.14	8.23	1	75	83	-9999.9	41	1	16.3	3
2025 04 29 19	1.18	1.11	5.87	5.39	8.33	1.69	7.8	1	75	83	-9999.9	25	1	16.1	3
2025 04 29 20	0.97	0.84	5.01	4.09	9.26	1.37	10.17	1	112	95	-9999.9	42	1	16.0	3
2025 04 29 21	1.34	1.21	5.79	5.18	9.86	2.1	8.46	1	86	95	-9999.9	28	1	16.9	3
2025 04 29 22	1.91	1.84	6.86	6.2	9.04	3.16	7.09	1	86	88	-9999.9	23	1	17.2	3
2025 04 29 23	1.82	1.69	5.74	5.52	8.83	2.79	6.18	1	92	101	-9999.9	23	1	17.3	3
2025 04 30 00	1.43	1.33	4.97	4.42	7.86	2.34	6.52	1	95	88	-9999.9	27	1	17.1	3
2025 04 30 01	1.47	1.34	5.09	4.61	8.91	1.94	8.47	1	99	105	-9999.9	33	1	17.0	3
2025 04 30 02	1.55	1.48	5.98	4.98	9.09	2.11	8.2	1	98	99	-9999.9	19	1	17.2	3
2025 04 30 03	1.73	1.63	6.21	5.82	9.05	2.47	8.23	1	97	100	-9999.9	19	1	17.0	3
2025 04 30 04	1.59	1.5	6.36	5.79	8.79	2.2	8.8	1	96	104	-9999.9	23	1	16.7	3
2025 04 30 05	1.72	1.65	6.85	6.1	9.12	2.28	8.16	1	88	95	-9999.9	26	1	16.5	3
2025 04 30 06	1.78	1.71	6.92	6.34	9.22	3.1	7.6	1	87	97	-9999.9	34	1	16.5	3
2025 04 30 07	1.82	1.7	7.04	6.7	8.53	3.1	7.56	1	84	86	-9999.9	37	1	16.6	3
2025 04 30 08	1.88	1.74	6.56	6.2	9.08	3.37	7.18	1	80	88	-9999.9	27	1	16.8	3
2025 04 30 09	1.37	1.31	6.46	5.66	8.54	2.18	8.15	1	96	92	-9999.9	35	1	16.3	3
2025 04 30 10	1.27	1.22	6.77	6.42	8.21	1.91	6.84	1	73	71	-9999.9	38	1	16.9	3
2025 04 30 11	1.23	1.15	6.11	5.8	8.6	1.74	7.09	1	100	101	-9999.9	25	1	16.9	3
2025 04 30 12	1.56	1.48	6.57	6.47	8.63	2.34	7.21	1	91	92	-9999.9	18	1	17.1	3
2025 04 30 13	1.58	1.48	6.59	6.23	8.13	2.36	7.74	1	97	96	-9999.9	31	1	17.5	3
2025 04 30 14	1.47	1.35	6.64	6.49	8.32	2.4	7.84	1	103	97	-9999.9	22	1	17.2	3
2025 04 30 15	1.06	0.99	6.67	6.54	8.58	1.45	8.09	1	103	102	-9999.9	21	1	17.1	3
2025 04 30 16	1.17	1.1	6.89	6.44	8.65	1.66	7.87	1	92	99	-9999.9	33	1	16.8	3
2025 04 30 17	1.4	1.34	7.34	6.83	8.63	2.2	8.36	1	77	80	-9999.9	29	1	-9999.9	-9999.9
2025 04 30 18	1.11	1.06	7.08	6.7	8.97	1.61	8.77	1	81	78	-9999.9	52	1	16.6	3
2025 04 30 19	1.34	1.25	7.04	6.75	9.01	2.14	8.44	1	91	90	-9999.9	26	1	16.6	3
2025 04 30 20	1.08	0.99	6.43	6.02	9.08	1.5	8.32	1	79	74	-9999.9	25	1	16.6	3
2025 04 30 21	1.05	0.99	6.91	6.08	9.11	1.47	8.99	1	91	95	-9999.9	30	1	17.0	3
2025 04 30 22	1.22	1.18	6.85	6.46	9.16	1.69	8.56	1	114	101	-9999.9	28	1	17.3	3
2025 04 30 23	1.19	1.14	7.11	6.42	8.76	1.6	8.88	1	98	100	-9999.9	31	1	17.2	3
2025 05 01 00	1.58	1.57	6.78	6.39	8.3	2.39	7.37	1	94	93	-9999.9	25	1	17.3	3
2025 05 01 01	1.06	0.98	5.58	5.13	7.72	1.53	7.45	1	108	105	-9999.9	32	1	17.2	3
2025 05 01 02	1.09	1.0	6.08	5.4	8.32	1.68	8.63	1	115	114	-9999.9	44	1	17.1	3
2025 05 01 03	1.17	1.15	6.46	5.9	8.38	1.94	7.68	1	115	108	-9999.9	37	1	17.1	3
2025 05 01 04	1.18	1.1	6.15	5.68	8.27	1.74	7.8	1	125	113	-9999.9	39	1	17.0	3
2025 05 01 05	1.12	1.08	6.58	5.92	8.71	1.83	8.12	1	115	108	-9999.9	32	1	16.9	3
2025 05 01 06	0.97	0.88	5.46	4.83	8.11	1.69	8.47	1	156	155	-9999.9	61	1	16.4	3
2025 05 01 07	0.93	0.83	5.08	4.68	8.41	1.49	8.12	1	134	121	-9999.9	52	1	16.4	3
2025 05 01 08	0.9	0.81	5.66	5.08	8.08	1.42	5.61	1	85	82	-9999.9	75	1	16.6	3
2025 05 01 09	0.95	0.83	4.96	4.62	7.78	1.26	7.31	1	87	119	-9999.9	52	1	16.6	3
2025 05 01 10	0.92	0.83	4.62	4.07	6.82	1.26	6.14	1	144	138	-9999.9	68	1	16.4	3
2025 05 01 11	1.08	0.95	4.87	4.76	6.75	1.74	7.0	1	72	70	-9999.9	31	1	17.8	3
2025 05 01 12	0.93	0.82	3.86	3.77	5.91	1.26	5.35	1	87	86	-9999.9	30	1	17.7	3
2025 05 01 13	0.84	0.75	3.76	3.42	5.35	1.37	4.93	1	91	93	-9999.9	26	1	17.8	3
2025 05 01 14	0.89	0.76	3.54	3.23	6.11	1.37	6.65	1	113	141	-9999.9	58	1	17.8	3
2025 05 01 15	0.77	0.63	3.65	3.13	7.38	1.28	7.71	1	126	152	-9999.9	58	1	17.7	3
2025 05 01 16	0.81	0.7	3.92	3.6	7.6	1.11	3.69	1	93	94	-9999.9	56	1	17.8	3
2025 05 01 17	0.76	0.67	3.73	3.46	3.93	1.18	3.34	1	95	97	-9999.9	32	1	17.7	3
2025 05 01 18	0.81	0.73	5.02	4.8	4.98	1.59	6.03	1	71	64	-9999.9	37	1	17.8	3
2025 05 01 19	0.54	0.46	5.79	5.04	13.64	0.88	11.78	1	57	325	-9999.9	38	1	17.1	3
2025 05 01 20	0.67	0.57	4.61	4.15	7.68	1.23	4.63	1	67	69	-9999.9	40	1	16.9	3
2025 05 01 21	0.53	0.48	5.36	4.8	7.95	0.99	7.39	1	109	89	-9999.9	59	1	17.1	3
2025 05 01 22	0.36	0.32	4.46	3.63	7.85	0.59	7.31	1	156	128	-9999.9	71	1	17.0	3
2025 05 01 23	0.46	0.44	4.94	3.94	7.22	0.72	8.48	1	85	86	-9999.9	50	1	17.5	3
2025 05 02 00	0.65	0.6	5.73	5.35	6.91	0.89	5.58	1	74	84	-9999.9	32	1	17.5	3
2025 05 02 01	0.62	0.57	4.75	4.63	5.98	1.03	5.74	1	87	79	-9999.9	34	1	17.6	3
2025 05 02 02	0.46	0.41	4.89	4.25	7.07	0.64	7.76	1	153	154	-9999.9	64	1	17.5	3
2025 05 02 03	0.46	0.41	5.67	5.05	7.59	0.62	7.55	1	203	217	-9999.9	46	1	17.2	3
2025 05 02 04	0.56	0.51	6.28	5.78	7.75	0.81	7.97	1	200	217	-9999.9	46	1	17.3	3
2025 05 02 05	0.62	0.59	6.22	5.7	7.37	0.99	8.02	1	208	223	-9999.9	38	1	17.3	3
2025 05 02 06	0.67	0.63	6.42	6.07	7.91	1.07	8.07	1	210	222	-9999.9	27	1	17.4	3
2025 05 02 07	0.81	0.76	6.06	5.58	8.32	1.15	6.74	1	213	216	-9999.9	27	1	17.2	3
2025 05 02 08	0.83	0.74	5.11	4.51	8.4	1.3	7.94	1	217	221	-9999.9	30	1	17.3	3
2025 05 02 09	0.75	0.67	4.7	4.06	8.36	1.02	8.27	1	206	211	-9999.9	46	1	17.3	3
2025 05 02 10	0.78	0.67	3.97	3.68	4.65	1.23	4.64	1	180	130	-9999.9	63	1	16.7	3
2025 05 02 11	0.97	0.89	4.29	3.89	5.32	1.74	5.3	1	213	218	-9999.9	28	1	16.6	3
2025 05 02 12	1.08	0.95	4.69	4.23	6.66	1.57	4.39	1	216	222	-9999.9	45	1	16.8	3
2025 05 02 13	0.78	0.71	4.96	4.32	8.12	1.1	7.24	1	186	211	-9999.9	59	1	17.3	3
2025 05 02 14	1.52	1.39	6.16	5.69	8.3	2.31	8.37	1	227	229	-9999.9	30	1	17.3	3
2025 05 02 15	1.61	1.49	5.99	5.34	9.13	2.47	8.25	1	228	225	-9999.9	39	1	17.4	3
2025 05 02 16	1.85	1.72	6.33	5.8	9.34	2.58	8.47	1	229	223	-9999.9	38	1	17.2	3
2025 05 02 17	1.99	1.87	6.4	5.96	9.63	3.4	8.75	1	226	225	-9999.9	24	1	17.3	3
2025 05 02 18	1.47	1.33	6.1	5.7	9.04	2.46	8.69	1	216	219	-9999.9	45	1	17.8	3
2025 05 02 19	0.98	0.94	6.37	6.0	9.57	1.64	8.23	1	202	197	-9999.9	55	1	17.3	3
2025 05 02 20	1.17	1.08	5.76	5.31	9.16	1.66	5.79	1	194	203	-9999.9	38	1	16.8	3
2025 05 02 21	1.21	1.08	5.88	5.39	9.13	1.69	8.64	1	199	213	-9999.9	36	1	17.3	3
2025 05 02 22	0.82	0.75	5.46	4.54	9.98	1.19	8.27	1	197	211	-9999.9	21	1	17.3	3
2025 05 02 23	0.79	0.69	5.18	4.87	9.48	1.33	10.58	1	212	217	-9999.9	39	1	17.6	3
2025 05 03 00	0.7	0.63	5.76	4.92	9.74	1.11	9.19	1	205	210	-9999.9	31	1	17.5	3
2025 05 03 01	0.72	0.66	5.72	4.52	9.93	1.17	9.06	1	200	222	-9999.9	31	1	17.5	3
2025 05 03 02	0.64	0.55	4.79	4.25	9.31	0.93	6.95	1	213	233	-9999.9	22	1	17.4	3
2025 05 03 03	0.54	0.51	5.44	4.07	8.99	0.87	8.9	1	202	230	-9999.9	34	1	17.4	3
2025 05 03 04	0.73	0.7	6.65	5.23	9.58	1.18	8.22	1	227	233	-9999.9	22	1	17.3	3
2025 05 03 05	0.72	0.65	5.4	4.58	8.71	1.02	7.35	1	220	232	-9999.9	27	1	17.3	3
2025 05 03 06	0.69	0.61	5.4	4.88	8.93	1.15	7.6	1	226	231	-9999.9	30	1	17.3	3
2025 05 03 07	0.73	0.66	6.14	5.48	7.36	1.09	7.84	1	229	219	-9999.9	37	1	17.1	3
2025 05 03 08	0.81	0.75	5.52	4.99	7.7	1.22	6.89	1	211	222	-9999.9	25	1	17.0	3
2025 05 03 09	0.97	0.89	5.16	4.5	7.64	1.32	7.19	1	214	211	-9999.9	20	1	17.1	3
2025 05 03 10	0.92	0.85	5.49	4.89	7.44	1.25	7.21	1	198	212	-9999.9	36	1	16.8	3
2025 05 03 11	0.83	0.77	4.95	4.57	7.57	1.2	7.45	1	198	224	-9999.9	23	1	16.7	3
2025 05 03 12	0.97	0.88	4.48	4.09	7.5	1.42	6.05	1	218	226	-9999.9	23	1	16.7	3
2025 05 03 13	0.65	0.56	4.03	3.49	7.81	0.89	5.86	1	205	198	-9999.9	46	1	16.8	3
2025 05 03 14	0.6	0.53	4.4	3.86	7.46	0.91	7.2	1	220	226	-9999.9	33	1	17.3	3
2025 05 03 15	0.84	0.73	4.24	3.92	7.92	1.09	5.72	1	226	237	-9999.9	24	1	17.3	3
2025 05 03 16	0.86	0.76	4.1	3.86	6.99	1.12	6.66	1	225	235	-9999.9	41	1	17.3	3
2025 05 03 17	0.98	0.87	4.52	4.24	7.02	1.37	5.39	1	227	239	-9999.9	26	1	17.3	3
2025 05 03 18	1.03	0.9	4.2	3.99	6.19	1.28	5.74	1	223	216	-9999.9	42	1	17.2	3
2025 05 03 19	0.69	0.59	4.02	3.56	6.3	1.16	5.26	1	208	208	-9999.9	51	1	17.3	3
2025 05 03 20	0.56	0.49	4.85	4.05	9.62	0.78	5.58	1	197	296	-9999.9	72	1	17.5	3
2025 05 03 21	0.65	0.59	4.68	4.06	6.72	0.94	8.32	1	198	177	-9999.9	57	1	17.3	3
2025 05 03 22	0.64	0.57	4.34	3.9	6.28	1.0	6.08	1	186	189	-9999.9	52	1	17.1	3
2025 05 03 23	0.58	0.52	3.97	3.37	7.28	0.98	6.8	1	195	193	-9999.9	46	1	16.8	3
2025 05 04 00	0.49	0.43	4.07	3.44	6.16	0.72	5.19	1	186	205	-9999.9	51	1	17.4	3
2025 05 04 01	0.54	0.48	5.24	4.43	6.92	0.75	6.54	1	217	204	-9999.9	52	1	17.3	3
2025 05 04 02	0.54	0.47	4.75	4.21	7.55	0.77	5.84	1	220	208	-9999.9	48	1	17.5	3
2025 05 04 03	0.48	0.4	3.49	2.95	7.74	0.64	7.33	1	214	238	-9999.9	43	1	17.3	3
2025 05 04 04	0.41	0.35	4.13	3.25	7.44	0.62	7.96	1	203	253	-9999.9	56	1	17.3	3
2025 05 04 05	0.54	0.5	4.49	3.64	7.63	0.75	6.06	1	220	238	-9999.9	43	1	17.1	3
2025 05 04 06	0.57	0.51	4.17	3.34	6.74	0.88	6.51	1	211	232	-9999.9	37	1	17.2	3
2025 05 04 07	0.69	0.59	3.76	3.12	7.12	0.93	8.17	1	206	199	-9999.9	57	1	17.3	3
2025 05 04 08	0.62	0.52	4.12	3.54	7.01	1.07	7.37	1	209	224	-9999.9	51	1	17.2	3
2025 05 04 09	0.86	0.78	4.94	4.54	7.57	1.14	7.96	1	207	210	-9999.9	29	1	17.1	3
2025 05 04 10	0.88	0.79	4.38	3.88	7.38	1.21	6.14	1	205	194	-9999.9	44	1	17.1	3
2025 05 04 11	0.78	0.7	4.27	3.74	6.45	1.28	6.38	1	199	203	-9999.9	42	1	17.1	3
2025 05 04 12	0.81	0.74	4.92	4.46	6.58	1.13	6.91	1	201	216	-9999.9	35	1	17.1	3
2025 05 04 13	0.9	0.82	4.54	4.15	6.1	1.44	5.81	1	226	231	-9999.9	27	1	17.0	3
2025 05 04 14	0.79	0.69	4.71	4.34	7.63	1.26	6.73	1	205	198	-9999.9	44	1	17.1	3
2025 05 04 15	0.6	0.54	4.3	3.66	5.9	0.84	3.27	1	223	220	-9999.9	41	1	17.2	3
2025 05 04 16	0.49	0.43	4.0	3.51	7.77	0.71	3.95	1	213	210	-9999.9	54	1	17.3	3
2025 05 04 17	0.57	0.47	3.52	3.08	7.45	1.04	5.57	1	221	226	-9999.9	45	1	17.0	3
2025 05 04 18	0.61	0.52	3.93	3.38	6.63	1.0	4.17	1	218	218	-9999.9	48	1	17.2	3
2025 05 04 19	0.62	0.51	3.84	3.38	8.13	0.82	5.75	1	219	201	-9999.9	60	1	17.2	3
2025 05 04 20	0.57	0.51	4.33	3.72	6.03	0.91	4.4	1	215	193	-9999.9	57	1	17.7	3
2025 05 04 21	0.49	0.42	4.33	3.77	10.38	0.76	8.66	1	209	330	-9999.9	74	1	17.4	3
2025 05 04 22	0.57	0.5	4.69	4.05	7.39	0.85	5.76	1	203	200	-9999.9	52	1	17.2	3
2025 05 04 23	0.57	0.5	4.38	3.76	5.91	0.81	6.23	1	209	194	-9999.9	38	1	17.2	3
2025 05 05 00	0.51	0.45	3.78	3.29	5.28	0.75	4.98	1	188	191	-9999.9	58	1	16.8	3
2025 05 05 01	0.53	0.47	3.85	3.42	6.45	0.79	4.85	1	187	202	-9999.9	54	1	16.9	3
2025 05 05 02	0.46	0.39	4.41	3.59	12.15	0.63	5.95	1	220	323	-9999.9	25	1	17.4	3
2025 05 05 03	0.44	0.39	4.34	3.37	10.48	0.69	7.38	1	220	295	-9999.9	60	1	17.3	3
2025 05 05 04	0.41	0.34	3.58	3.01	6.45	0.54	7.46	1	215	223	-9999.9	52	1	17.0	3
2025 05 05 05	0.41	0.35	3.72	3.03	6.67	0.78	7.6	1	218	229	-9999.9	32	1	16.9	3
2025 05 05 06	0.46	0.39	3.76	3.41	6.07	0.75	5.42	1	219	222	-9999.9	46	1	16.9	3
2025 05 05 07	0.41	0.36	3.71	2.97	5.96	0.56	4.06	1	213	227	-9999.9	49	1	16.9	3
2025 05 05 08	0.46	0.38	3.95	3.24	7.66	0.63	11.1	1	206	196	-9999.9	61	1	17.2	3
2025 05 05 09	0.53	0.46	4.0	3.38	6.16	0.77	4.54	1	204	189	-9999.9	58	1	17.0	3
2025 05 05 10	0.74	0.66	3.77	3.27	5.19	1.14	5.77	1	216	221	-9999.9	30	1	17.0	3
2025 05 05 11	0.58	0.51	3.66	3.25	5.11	0.73	4.27	1	191	157	-9999.9	51	1	17.0	3
2025 05 05 12	0.53	0.46	4.03	3.49	5.67	0.69	6.67	1	186	194	-9999.9	60	1	17.2	3
2025 05 05 13	0.58	0.53	4.3	3.73	5.43	0.91	5.25	1	160	131	-9999.9	49	1	17.2	3
2025 05 05 14	0.49	0.43	4.06	3.3	5.41	0.76	5.7	1	190	204	-9999.9	57	1	17.4	3
2025 05 05 15	0.46	0.4	3.94	3.26	9.19	0.82	5.62	1	206	326	-9999.9	53	1	17.4	3
2025 05 05 16	0.36	0.3	4.11	3.27	14.46	0.53	8.71	1	202	321	-9999.9	40	1	17.3	3
2025 05 05 17	0.48	0.41	3.62	3.19	5.65	0.77	5.92	1	202	203	-9999.9	45	1	16.9	3
2025 05 05 18	0.54	0.45	3.2	3.03	3.44	0.86	3.36	1	221	225	-9999.9	29	1	17.0	3
2025 05 05 19	0.54	0.46	3.16	2.9	3.56	0.83	3.67	1	219	216	-9999.9	37	1	17.0	3
2025 05 05 20	0.48	0.41	3.4	3.03	3.41	0.72	4.24	1	216	216	-9999.9	38	1	17.1	3
2025 05 05 21	0.42	0.36	3.24	2.71	3.74	0.6	4.99	1	206	196	-9999.9	44	1	17.2	3
2025 05 05 22	0.41	0.34	5.06	4.09	12.49	0.52	7.12	1	242	337	-9999.9	36	1	17.4	3
2025 05 05 23	0.42	0.36	4.56	3.76	12.49	0.57	4.87	1	213	331	-9999.9	41	1	17.3	3
2025 05 06 00	0.46	0.39	4.51	3.65	12.65	0.68	4.91	1	204	330	-9999.9	35	1	16.9	3
2025 05 06 01	0.42	0.38	3.76	3.14	5.16	0.77	5.11	1	179	135	-9999.9	60	1	16.8	3
2025 05 06 02	0.38	0.34	3.72	3.13	5.74	0.51	3.39	1	188	157	-9999.9	60	1	16.8	3
2025 05 06 03	0.34	0.29	3.36	2.93	4.74	0.48	4.71	1	169	160	-9999.9	51	1	16.8	3
2025 05 06 04	0.36	0.29	3.47	2.81	12.24	0.48	4.13	1	185	315	-9999.9	46	1	16.7	3
2025 05 06 05	0.42	0.33	3.03	2.61	5.2	0.57	2.26	1	205	167	-9999.9	65	1	16.8	3
2025 05 06 06	0.48	0.38	2.83	2.38	2.32	0.65	2.55	1	204	204	-9999.9	34	1	16.9	3
2025 05 06 07	0.51	0.41	2.84	2.43	3.02	0.62	3.33	1	211	194	-9999.9	49	1	17.1	3
2025 05 06 08	0.53	0.41	2.9	2.54	2.76	0.84	2.56	1	198	211	-9999.9	31	1	17.1	3
2025 05 06 09	0.46	0.38	3.38	2.69	6.46	0.57	4.96	1	217	218	-9999.9	64	1	17.4	3
2025 05 06 10	0.42	0.36	3.74	3.08	5.88	0.63	6.04	1	192	199	-9999.9	47	1	17.1	3
2025 05 06 11	0.49	0.44	3.61	3.02	5.45	0.72	4.97	1	204	213	-9999.9	43	1	17.1	3
2025 05 06 12	0.44	0.39	3.9	3.25	5.41	0.64	4.93	1	206	179	-9999.9	49	1	17.2	3
2025 05 06 13	0.48	0.43	4.61	4.06	8.04	0.68	4.67	1	188	212	-9999.9	65	1	17.2	3
2025 05 06 14	0.44	0.41	4.52	4.0	5.25	0.74	5.42	1	147	151	-9999.9	46	1	17.2	3
2025 05 06 15	0.44	0.38	4.44	3.68	10.13	0.61	4.86	1	201	337	-9999.9	45	1	17.1	3
2025 05 06 16	0.41	0.34	4.31	3.41	10.22	0.63	3.94	1	179	264	-9999.9	72	1	17.2	3
2025 05 06 17	0.36	0.3	4.37	3.46	11.53	0.49	12.22	1	259	321	-9999.9	75	1	17.0	3
2025 05 06 18	0.26	0.23	3.6	2.57	3.98	0.45	5.51	1	157	130	-9999.9	51	1	16.8	3
2025 05 06 19	0.38	0.32	3.13	2.83	3.87	0.54	4.26	1	214	209	-9999.9	32	1	16.8	3
2025 05 06 20	0.42	0.37	3.3	2.98	3.78	0.62	3.24	1	219	222	-9999.9	27	1	16.8	3
2025 05 06 21	0.49	0.41	3.18	2.97	3.13	0.68	4.24	1	227	227	-9999.9	24	1	16.8	3
2025 05 06 22	0.29	0.24	3.08	2.44	2.42	0.45	2.0	1	202	224	-9999.9	45	1	16.8	3
2025 05 06 23	0.38	0.34	6.13	4.21	12.49	0.59	10.92	1	308	328	-9999.9	47	1	17.5	3
2025 05 07 00	0.29	0.23	3.72	3.5	3.89	0.35	4.39	1	166	118	-9999.9	47	1	16.9	3
2025 05 07 01	0.38	0.34	6.83	5.08	14.35	0.44	13.37	1	26	338	-9999.9	49	1	17.1	3
2025 05 07 02	0.38	0.34	7.09	5.08	14.05	0.49	12.69	1	323	329	-9999.9	50	1	17.0	3
2025 05 07 03	0.29	0.24	5.31	4.23	14.65	0.39	12.63	1	28	328	-9999.9	59	1	16.9	3
2025 05 07 04	0.34	0.32	8.05	5.1	14.3	0.46	9.99	1	324	321	-9999.9	49	1	17.3	3
2025 05 07 05	0.31	0.29	8.58	5.48	16.66	0.38	12.92	1	327	324	-9999.9	51	1	17.4	3
2025 05 07 06	0.29	0.22	5.15	3.78	19.69	0.38	8.2	1	351	322	-9999.9	57	1	17.3	3
2025 05 07 07	0.22	0.2	3.23	2.45	3.92	0.32	3.01	1	165	109	-9999.9	59	1	17.4	3
2025 05 07 08	0.31	0.24	3.21	2.87	6.84	0.63	6.61	1	165	120	-9999.9	40	1	17.5	3
2025 05 07 09	0.29	0.25	3.49	2.76	5.69	0.46	4.07	1	186	226	-9999.9	47	1	17.5	3
2025 05 07 10	0.36	0.31	4.74	3.82	16.19	0.53	6.73	1	177	348	-9999.9	57	1	17.7	3
2025 05 07 11	0.41	0.34	5.48	4.62	14.31	0.48	3.98	1	38	340	-9999.9	40	1	18.0	3
2025 05 07 12	0.42	0.38	4.21	3.62	5.3	0.63	4.15	1	192	199	-9999.9	45	1	17.0	3
2025 05 07 13	0.44	0.37	3.58	3.08	4.98	0.56	5.29	1	200	202	-9999.9	46	1	17.1	3
2025 05 07 14	0.36	0.31	3.87	3.46	4.59	0.51	5.3	1	166	120	-9999.9	36	1	16.8	3
2025 05 07 15	0.36	0.31	4.25	3.78	8.45	0.5	4.81	1	141	155	-9999.9	72	1	17.1	3
2025 05 07 16	0.42	0.36	5.01	3.89	12.27	0.62	4.58	1	42	341	-9999.9	45	1	17.4	3
2025 05 07 17	0.38	0.33	6.27	4.43	14.85	0.48	13.57	1	311	323	-9999.9	38	1	17.3	3
2025 05 07 18	0.26	0.22	4.86	3.85	19.94	0.36	19.46	1	207	308	-9999.9	48	1	17.2	3
2025 05 07 19	0.26	0.21	3.49	3.09	4.68	0.35	4.75	1	190	201	-9999.9	49	1	16.9	3
2025 05 07 20	0.29	0.25	3.88	3.2	9.14	0.44	5.22	1	225	228	-9999.9	35	1	17.1	3
2025 05 07 21	0.29	0.24	3.72	3.27	6.5	0.42	4.51	1	222	153	-9999.9	69	1	17.1	3
2025 05 07 22	0.31	0.27	3.53	3.28	4.28	0.45	4.44	1	199	201	-9999.9	50	1	17.1	3
2025 05 07 23	0.31	0.26	3.52	3.09	4.21	0.51	4.33	1	197	203	-9999.9	58	1	17.0	3
2025 05 08 00	0.34	0.32	7.36	5.0	11.58	0.4	8.48	1	331	331	-9999.9	36	1	17.3	3
2025 05 08 01	0.34	0.3	6.78	5.19	11.13	0.46	9.08	1	357	332	-9999.9	25	1	17.2	3
2025 05 08 02	0.22	0.19	4.24	3.7	5.46	0.34	5.7	1	142	76	-9999.9	55	1	16.9	3
2025 05 08 03	0.42	0.36	7.2	5.32	12.5	0.51	8.77	1	343	330	-9999.9	41	1	17.2	3
2025 05 08 04	0.38	0.31	5.79	4.58	12.88	0.42	11.09	1	3	335	-9999.9	34	1	17.3	3
2025 05 08 05	0.41	0.36	7.73	5.6	14.23	0.45	9.53	1	334	320	-9999.9	44	1	17.3	3
2025 05 08 06	0.34	0.28	7.15	5.1	16.66	0.42	15.85	1	334	327	-9999.9	54	1	17.5	3
2025 05 08 07	0.31	0.25	4.5	3.43	16.67	0.39	9.03	1	13	328	-9999.9	49	1	17.6	3
2025 05 08 08	0.26	0.21	3.54	2.99	10.06	0.36	4.65	1	200	236	-9999.9	34	1	17.5	3
2025 05 08 09	0.31	0.26	3.57	3.0	9.9	0.66	7.2	1	216	230	-9999.9	32	1	17.8	3
2025 05 08 10	0.26	0.21	3.86	3.13	8.12	0.35	13.04	1	213	211	-9999.9	59	1	17.7	3
2025 05 08 11	0.31	0.25	4.45	3.58	16.65	0.44	13.83	1	241	337	-9999.9	55	1	17.6	3
2025 05 08 12	0.34	0.29	5.3	3.82	14.39	0.56	14.21	1	287	332	-9999.9	48	1	16.7	3
2025 05 08 13	0.36	0.29	3.24	2.81	6.72	0.48	4.21	1	197	205	-9999.9	58	1	16.9	3
2025 05 08 14	0.36	0.31	4.67	3.85	10.99	0.46	9.5	1	236	340	-9999.9	33	1	17.3	3
2025 05 08 15	0.29	0.27	5.21	4.23	8.15	0.48	7.45	1	360	335	-9999.9	34	1	17.5	3
2025 05 08 16	0.38	0.33	4.65	3.91	11.2	0.52	10.29	1	39	337	-9999.9	29	1	17.4	3
2025 05 08 17	0.36	0.32	6.01	4.79	11.11	0.5	11.68	1	341	325	-9999.9	38	1	17.5	3
2025 05 08 18	0.38	0.33	6.54	4.81	14.29	0.55	13.32	1	292	319	-9999.9	38	1	17.4	3
2025 05 08 19	0.36	0.31	7.66	5.55	16.65	0.39	14.57	1	335	326	-9999.9	54	1	17.5	3
2025 05 08 20	0.38	0.34	7.47	5.08	16.65	0.53	4.15	1	328	333	-9999.9	50	1	17.4	3
2025 05 08 21	0.26	0.25	4.3	3.6	6.54	0.48	3.37	1	74	98	-9999.9	67	1	17.4	3
2025 05 08 22	0.22	0.2	4.12	3.54	6.53	0.31	5.98	1	143	108	-9999.9	54	1	17.4	3
2025 05 08 23	0.22	0.18	3.95	3.7	6.45	0.32	7.56	1	193	110	-9999.9	51	1	17.0	3
2025 05 09 00	0.41	0.36	7.47	5.68	12.5	0.54	7.87	1	346	338	-9999.9	42	1	17.1	3
2025 05 09 01	0.22	0.19	5.19	4.63	6.17	0.27	4.98	1	85	72	-9999.9	40	1	17.4	3
2025 05 09 02	0.36	0.34	10.72	6.67	12.5	0.41	11.56	1	344	339	-9999.9	42	1	17.1	3
2025 05 09 03	0.29	0.26	7.55	5.98	9.97	0.4	8.82	1	340	332	-9999.9	39	1	17.2	3
2025 05 09 04	0.36	0.34	6.67	4.79	12.38	0.53	4.88	1	335	338	-9999.9	44	1	17.3	3
2025 05 09 05	0.38	0.32	5.94	4.63	12.42	0.47	6.32	1	308	331	-9999.9	40	1	17.4	3
2025 05 09 06	0.41	0.34	3.82	2.84	8.07	0.55	8.16	1	243	284	-9999.9	66	1	17.6	3
2025 05 09 07	0.42	0.34	3.73	2.96	13.9	0.69	7.51	1	249	322	-9999.9	40	1	17.5	3
2025 05 09 08	0.41	0.33	3.21	2.58	6.23	0.58	1.97	1	199	192	-9999.9	71	1	17.5	3
2025 05 09 09	0.34	0.27	3.22	2.78	5.47	0.48	8.87	1	196	164	-9999.9	67	1	17.5	3
2025 05 09 10	0.31	0.27	3.63	3.04	6.24	0.45	5.36	1	204	230	-9999.9	50	1	17.5	3
2025 05 09 11	0.36	0.31	4.75	3.93	9.89	0.56	5.83	1	238	201	-9999.9	72	1	17.7	3
2025 05 09 12	0.38	0.33	5.21	4.05	14.49	0.49	5.79	1	271	330	-9999.9	46	1	17.5	3
2025 05 09 13	0.49	0.41	3.68	3.31	5.91	0.79	5.96	1	208	203	-9999.9	27	1	16.9	3
2025 05 09 14	0.51	0.44	4.52	4.03	5.84	0.7	5.37	1	211	204	-9999.9	57	1	17.2	3
2025 05 09 15	0.36	0.32	4.59	3.89	7.51	0.6	5.75	1	193	336	-9999.9	47	1	17.7	3
2025 05 09 16	0.41	0.37	4.83	3.96	8.46	0.57	7.21	1	203	330	-9999.9	37	1	17.6	3
2025 05 09 17	0.41	0.37	4.77	3.96	11.99	0.62	7.24	1	177	342	-9999.9	50	1	17.0	3
2025 05 09 18	0.42	0.36	5.19	4.29	14.21	0.58	4.47	1	313	322	-9999.9	46	1	17.8	3
2025 05 09 19	0.36	0.3	5.49	4.42	16.65	0.45	6.34	1	274	322	-9999.9	53	1	17.4	3
2025 05 09 20	0.29	0.24	4.64	3.78	18.5	0.39	5.07	1	197	330	-9999.9	52	1	17.5	3
2025 05 09 21	0.29	0.26	4.93	4.16	6.87	0.38	6.61	1	173	248	-9999.9	58	1	17.5	3
2025 05 09 22	0.22	0.21	4.42	3.54	6.24	0.36	5.55	1	183	215	-9999.9	61	1	17.5	3
2025 05 09 23	0.31	0.29	4.41	4.03	6.08	0.46	6.23	1	187	219	-9999.9	40	1	17.0	3
2025 05 10 00	0.36	0.33	9.56	6.33	16.65	0.45	12.83	1	330	340	-9999.9	54	1	17.4	3
2025 05 10 01	0.36	0.33	5.67	4.86	11.02	0.46	5.22	1	174	347	-9999.9	71	1	16.5	3
2025 05 10 02	0.26	0.24	5.31	4.86	5.82	0.33	6.46	1	167	155	-9999.9	62	1	17.2	3
2025 05 10 03	0.34	0.31	6.06	5.0	9.94	0.46	6.71	1	355	337	-9999.9	50	1	17.1	3
2025 05 10 04	0.34	0.32	5.29	4.41	8.3	0.49	5.55	1	207	335	-9999.9	26	1	17.5	3
2025 05 10 05	0.38	0.33	5.73	4.43	11.11	0.52	13.46	1	350	332	-9999.9	21	1	17.4	3
2025 05 10 06	0.41	0.34	6.81	5.0	12.5	0.43	9.74	1	324	324	-9999.9	39	1	17.5	3
2025 05 10 07	0.38	0.35	8.3	5.48	16.66	0.48	15.97	1	297	316	-9999.9	53	1	17.3	3
2025 05 10 08	0.22	0.2	5.07	3.7	19.7	0.31	13.93	1	232	325	-9999.9	55	1	17.4	3
2025 05 10 09	0.29	0.26	5.19	4.31	17.91	0.39	6.83	1	280	339	-9999.9	50	1	17.5	3
2025 05 10 10	0.29	0.24	5.69	4.88	16.64	0.4	5.0	1	177	329	-9999.9	54	1	17.7	3
2025 05 10 11	0.29	0.25	4.54	3.41	11.81	0.4	9.28	1	205	207	-9999.9	60	1	17.5	3
2025 05 10 12	0.31	0.26	5.34	4.48	19.38	0.39	7.56	1	227	338	-9999.9	60	1	17.5	3
2025 05 10 13	0.38	0.33	6.46	4.81	14.28	0.52	12.2	1	302	328	-9999.9	48	1	17.3	3
2025 05 10 14	0.38	0.35	4.87	3.57	7.31	0.79	11.18	1	203	167	-9999.9	53	1	17.4	3
2025 05 10 15	0.38	0.34	5.29	3.98	10.0	0.57	8.28	1	266	343	-9999.9	49	1	17.4	3
2025 05 10 16	0.31	0.28	4.42	3.7	7.34	0.5	7.24	1	209	324	-9999.9	70	1	17.4	3
2025 05 10 17	0.42	0.35	4.87	4.0	11.1	0.56	7.95	1	241	336	-9999.9	30	1	17.7	3
2025 05 10 18	0.36	0.33	5.25	4.13	11.05	0.53	8.2	1	274	327	-9999.9	43	1	17.7	3
2025 05 10 19	0.36	0.31	4.78	3.6	16.01	0.63	8.06	1	258	322	-9999.9	52	1	17.6	3
2025 05 10 20	0.31	0.27	4.78	3.62	16.63	0.43	7.59	1	256	327	-9999.9	51	1	17.5	3
2025 05 10 21	0.29	0.25	4.69	3.46	17.38	0.44	8.08	1	212	323	-9999.9	79	1	17.4	3
2025 05 10 22	0.26	0.23	4.53	3.78	8.7	0.38	6.1	1	182	218	-9999.9	53	1	17.4	3
2025 05 10 23	0.26	0.22	4.75	3.85	8.08	0.35	6.53	1	186	252	-9999.9	61	1	17.4	3
2025 05 11 00	0.34	0.28	6.38	5.41	19.98	0.54	10.44	1	264	329	-9999.9	56	1	17.4	3
2025 05 11 01	0.41	0.37	8.56	6.46	14.29	0.45	12.63	1	329	341	-9999.9	47	1	17.3	3
2025 05 11 02	0.34	0.31	4.28	3.48	9.63	0.51	6.08	1	201	199	-9999.9	44	1	16.7	3
2025 05 11 03	0.34	0.31	4.52	4.04	5.95	0.49	4.37	1	162	146	-9999.9	56	1	17.0	3
2025 05 11 04	0.34	0.3	4.86	4.14	9.19	0.47	10.21	1	242	337	-9999.9	32	1	17.1	3
2025 05 11 05	0.46	0.39	4.98	4.2	11.1	0.61	7.95	1	221	338	-9999.9	40	1	17.2	3
2025 05 11 06	0.42	0.37	5.31	4.22	12.48	0.56	8.74	1	322	325	-9999.9	50	1	17.3	3
2025 05 11 07	0.41	0.33	5.3	4.23	13.04	0.48	11.24	1	316	318	-9999.9	41	1	17.2	3
2025 05 11 08	0.31	0.28	4.12	3.34	4.6	0.48	4.72	1	141	144	-9999.9	68	1	17.2	3
2025 05 11 09	0.34	0.27	3.69	2.83	14.17	0.45	1.87	1	252	328	-9999.9	57	1	17.2	3
2025 05 11 10	0.44	0.32	3.44	2.86	24.29	0.52	11.54	1	247	350	-9999.9	71	1	17.3	3
2025 05 11 11	0.42	0.35	2.99	2.45	2.39	0.58	5.67	1	222	229	-9999.9	43	1	17.4	3
2025 05 11 12	0.44	0.37	3.23	2.69	4.54	0.62	3.76	1	221	245	-9999.9	49	1	17.3	3
2025 05 11 13	0.49	0.39	3.23	2.78	4.54	0.58	4.66	1	219	214	-9999.9	63	1	17.0	3
2025 05 11 14	0.42	0.35	3.51	2.89	6.0	0.64	3.98	1	161	152	-9999.9	63	1	17.2	3
2025 05 11 15	0.34	0.31	3.77	3.14	5.05	0.57	8.28	1	203	169	-9999.9	64	1	17.5	3
2025 05 11 16	0.41	0.36	3.87	3.32	4.82	0.59	4.6	1	223	223	-9999.9	72	1	17.3	3
2025 05 11 17	0.44	0.37	4.26	3.58	9.73	0.57	8.17	1	246	335	-9999.9	38	1	17.4	3
2025 05 11 18	0.48	0.4	3.74	2.99	4.92	0.76	4.64	1	200	206	-9999.9	61	1	16.9	3
2025 05 11 19	0.38	0.32	3.79	2.99	12.47	0.57	4.67	1	221	323	-9999.9	30	1	17.8	3
2025 05 11 20	0.41	0.32	3.74	3.12	14.81	0.58	14.76	1	254	326	-9999.9	48	1	17.4	3
2025 05 11 21	0.36	0.29	4.82	3.85	16.66	0.43	8.18	1	266	335	-9999.9	51	1	17.4	3
2025 05 11 22	0.31	0.27	3.55	3.02	4.14	0.52	4.21	1	179	185	-9999.9	56	1	17.4	3
2025 05 11 23	0.22	0.19	3.67	3.02	4.4	0.29	3.9	1	193	224	-9999.9	53	1	17.3	3
2025 05 12 00	0.29	0.26	4.2	3.68	5.46	0.51	4.57	1	190	143	-9999.9	51	1	16.9	3
2025 05 12 01	0.34	0.29	5.45	4.41	16.39	0.44	4.97	1	273	331	-9999.9	53	1	17.4	3
2025 05 12 02	0.42	0.35	5.15	4.36	10.76	0.54	3.05	1	284	335	-9999.9	47	1	17.1	3
2025 05 12 03	0.49	0.43	4.28	3.63	5.49	0.62	4.78	1	191	216	-9999.9	52	1	16.4	3
2025 05 12 04	0.49	0.43	3.86	3.46	4.83	0.7	4.95	1	201	185	-9999.9	52	1	16.9	3
2025 05 12 05	0.54	0.48	4.05	3.7	5.02	0.77	3.98	1	176	158	-9999.9	58	1	17.0	3
2025 05 12 06	0.61	0.53	3.72	3.45	4.9	0.93	4.1	1	180	195	-9999.9	56	1	17.2	3
2025 05 12 07	0.51	0.43	3.97	3.46	5.72	0.69	4.76	1	164	230	-9999.9	74	1	17.4	3
2025 05 12 08	0.48	0.39	3.97	3.46	14.1	0.72	5.53	1	196	317	-9999.9	44	1	17.4	3
2025 05 12 09	0.42	0.34	4.77	3.91	16.66	0.53	9.45	1	243	327	-9999.9	49	1	17.5	3
2025 05 12 10	0.36	0.3	4.97	3.75	20.0	0.5	12.56	1	255	329	-9999.9	57	1	17.7	3
2025 05 12 11	0.31	0.25	3.59	2.85	19.46	0.44	9.36	1	217	319	-9999.9	62	1	17.7	3
2025 05 12 12	0.34	0.28	3.37	2.91	6.33	0.6	5.62	1	205	212	-9999.9	63	1	17.1	3
2025 05 12 13	0.46	0.4	3.62	2.85	5.4	0.65	5.03	1	210	227	-9999.9	34	1	17.1	3
2025 05 12 14	0.38	0.33	4.24	3.32	8.93	0.52	5.36	1	285	337	-9999.9	35	1	17.7	3
2025 05 12 15	0.31	0.28	4.45	3.5	5.91	0.45	8.22	1	206	156	-9999.9	68	1	17.5	3
2025 05 12 16	0.36	0.32	4.65	3.85	6.25	0.44	11.34	1	221	98	-9999.9	75	1	17.3	3
2025 05 12 17	0.38	0.34	4.61	3.85	8.01	0.51	6.37	1	209	328	-9999.9	46	1	17.3	3
2025 05 12 18	0.46	0.38	4.02	3.22	10.89	0.64	8.76	1	219	332	-9999.9	39	1	17.1	3
2025 05 12 19	0.41	0.34	3.45	2.79	4.26	0.73	3.72	1	169	155	-9999.9	63	1	17.0	3
2025 05 12 20	0.38	0.32	3.6	2.83	16.64	0.52	10.34	1	243	325	-9999.9	67	1	17.6	3
2025 05 12 21	0.41	0.31	3.62	3.12	17.61	0.51	4.75	1	234	324	-9999.9	61	1	17.5	3
2025 05 12 22	0.34	0.28	4.58	3.67	19.81	0.43	4.82	1	210	335	-9999.9	56	1	17.4	3
2025 05 12 23	0.29	0.25	4.5	3.84	7.86	0.41	7.21	1	164	226	-9999.9	64	1	17.5	3
2025 05 13 00	0.26	0.23	4.07	3.49	6.5	0.36	7.0	1	186	176	-9999.9	69	1	17.4	3
2025 05 13 01	0.26	0.24	4.57	3.85	6.84	0.4	6.05	1	190	190	-9999.9	50	1	17.1	3
2025 05 13 02	0.38	0.35	7.11	5.78	12.52	0.46	10.54	1	310	330	-9999.9	39	1	17.1	3
2025 05 13 03	0.36	0.32	5.69	4.93	10.0	0.48	8.24	1	279	331	-9999.9	26	1	16.6	3
2025 05 13 04	0.31	0.29	4.85	4.09	9.57	0.61	11.54	1	209	338	-9999.9	65	1	16.7	3
2025 05 13 05	0.44	0.38	3.67	3.01	8.81	0.64	3.72	1	200	339	-9999.9	39	1	17.0	3
2025 05 13 06	0.51	0.46	3.98	3.5	5.79	0.71	5.27	1	212	240	-9999.9	47	1	17.3	3
2025 05 13 07	0.6	0.5	3.54	3.04	4.55	0.89	5.03	1	200	100	-9999.9	69	1	17.2	3
2025 05 13 08	0.53	0.44	3.52	3.05	5.81	0.71	3.62	1	173	175	-9999.9	56	1	17.3	3
2025 05 13 09	0.31	0.29	4.42	3.7	8.32	0.46	4.6	1	171	195	-9999.9	51	1	17.6	3
2025 05 13 10	0.29	0.27	4.65	3.9	5.94	0.47	4.76	1	138	101	-9999.9	64	1	17.5	3
2025 05 13 11	0.39	0.38	2.6	2.8	3.8	0.68	-9999.9	3	198	-9999.9	44	-9999.9	3	17.6	3
2025 05 13 12	0.28	0.27	2.7	3.1	6.1	0.44	-9999.9	3	205	-9999.9	48	-9999.9	3	17.7	3
2025 05 13 13	0.51	0.48	3.0	3.1	5.7	0.78	-9999.9	3	220	-9999.9	36	-9999.9	3	17.4	3
2025 05 13 14	0.49	0.46	2.8	3.3	5.5	0.87	-9999.9	3	214	-9999.9	37	-9999.9	3	17.4	3
2025 05 13 16	0.3	0.28	2.9	3.5	5.3	0.56	-9999.9	3	191	-9999.9	56	-9999.9	3	17.5	3
2025 05 13 18	0.42	0.4	3.4	3.7	4.7	0.66	-9999.9	3	184	-9999.9	51	-9999.9	3	17.6	3
2025 05 13 19	0.35	0.33	3.2	3.4	4.6	0.63	-9999.9	3	166	-9999.9	58	-9999.9	3	17.5	3
2025 05 13 20	0.34	0.33	2.9	3.2	5.3	0.57	-9999.9	3	195	-9999.9	53	-9999.9	3	17.7	3
2025 05 13 21	0.31	0.3	2.7	3.1	5.1	0.47	-9999.9	3	215	-9999.9	50	-9999.9	3	17.7	3
2025 05 13 22	0.29	0.27	3.3	3.6	17.3	0.48	-9999.9	3	208	-9999.9	53	-9999.9	3	17.6	3
2025 05 13 23	0.3	0.29	3.6	3.7	4.0	0.56	-9999.9	3	184	-9999.9	53	-9999.9	3	17.5	3
2025 05 14 00	0.3	0.29	3.9	3.9	5.1	0.56	-9999.9	3	205	-9999.9	46	-9999.9	3	17.4	3
2025 05 14 01	0.29	0.28	3.7	4.0	5.1	0.44	-9999.9	3	206	-9999.9	46	-9999.9	3	17.3	3
2025 05 14 02	0.3	0.29	3.6	3.8	4.9	0.47	-9999.9	3	217	-9999.9	44	-9999.9	3	17.5	3
2025 05 14 03	0.29	0.28	3.7	3.9	4.8	0.47	-9999.9	3	196	-9999.9	45	-9999.9	3	16.8	3
2025 05 14 04	0.4	0.38	3.4	3.6	4.7	0.65	-9999.9	3	198	-9999.9	42	-9999.9	3	16.1	3
2025 05 14 05	0.42	0.41	3.3	3.8	4.9	0.66	-9999.9	3	199	-9999.9	43	-9999.9	3	16.2	3
2025 05 14 06	0.39	0.39	4.3	4.4	5.0	0.72	-9999.9	3	179	-9999.9	58	-9999.9	3	17.3	3
2025 05 14 07	0.48	0.46	4.3	4.4	5.0	0.8	-9999.9	3	167	-9999.9	62	-9999.9	3	17.6	3
2025 05 14 08	0.49	0.47	3.3	3.6	5.2	0.81	-9999.9	3	201	-9999.9	50	-9999.9	3	16.1	3
2025 05 14 09	0.32	0.3	3.5	3.8	5.5	0.56	-9999.9	3	184	-9999.9	60	-9999.9	3	17.4	3
2025 05 14 10	0.36	0.34	2.5	3.1	5.1	0.71	-9999.9	3	204	-9999.9	56	-9999.9	3	16.9	3
2025 05 14 11	0.47	0.45	2.7	2.8	5.8	0.77	-9999.9	3	232	-9999.9	39	-9999.9	3	16.5	3
2025 05 14 12	0.54	0.53	2.7	3.0	4.8	1.03	-9999.9	3	236	-9999.9	35	-9999.9	3	16.8	3
2025 05 14 13	0.62	0.61	2.8	3.1	4.5	0.97	-9999.9	3	227	-9999.9	33	-9999.9	3	16.8	3
2025 05 14 14	0.76	0.75	3.0	3.1	4.7	1.28	-9999.9	3	228	-9999.9	32	-9999.9	3	16.7	3
2025 05 14 15	0.67	0.66	3.0	3.3	5.2	1.12	-9999.9	3	211	-9999.9	37	-9999.9	3	16.1	3
2025 05 23 04	0.41	0.38	2.9	3.0	3.6	0.79	-9999.9	3	206	-9999.9	56	-9999.9	3	18.0	3
2025 05 23 05	0.33	0.32	3.3	3.3	4.1	0.57	-9999.9	3	194	-9999.9	60	-9999.9	3	18.1	3
2025 05 23 06	0.29	0.28	3.2	3.3	4.1	0.53	-9999.9	3	161	-9999.9	57	-9999.9	3	17.8	3
2025 05 23 07	0.28	0.26	3.4	3.6	6.9	0.46	-9999.9	3	169	-9999.9	56	-9999.9	3	17.9	3
2025 05 23 08	0.38	0.36	3.4	3.5	5.6	0.59	-9999.9	3	158	-9999.9	57	-9999.9	3	18.1	3
2025 05 23 09	0.45	0.42	3.1	3.2	5.2	0.78	-9999.9	3	132	-9999.9	49	-9999.9	3	17.8	3
2025 05 23 10	0.47	0.45	3.4	3.6	4.9	0.72	-9999.9	3	135	-9999.9	48	-9999.9	3	17.7	3
2025 05 23 11	0.52	0.5	3.5	3.5	3.5	0.98	-9999.9	3	108	-9999.9	49	-9999.9	3	17.4	3
2025 05 23 12	0.55	0.52	3.9	4.2	5.4	0.83	-9999.9	3	183	-9999.9	53	-9999.9	3	16.6	3
2025 05 23 13	0.52	0.5	4.4	4.4	5.5	0.87	-9999.9	3	141	-9999.9	58	-9999.9	3	16.5	3
2025 05 23 14	0.55	0.52	5.0	4.9	5.8	0.92	-9999.9	3	136	-9999.9	57	-9999.9	3	17.4	3
2025 05 23 15	0.72	0.7	3.9	3.9	4.7	1.16	-9999.9	3	90	-9999.9	41	-9999.9	3	17.4	3
2025 05 23 16	0.44	0.42	3.6	3.9	6.2	0.63	-9999.9	3	105	-9999.9	52	-9999.9	3	16.8	3
2025 05 23 17	0.6	0.57	3.4	3.6	5.6	0.95	-9999.9	3	76	-9999.9	40	-9999.9	3	17.3	3
2025 05 23 18	0.7	0.67	4.0	4.2	5.8	1.24	-9999.9	3	89	-9999.9	38	-9999.9	3	17.6	3
2025 05 23 19	0.73	0.69	3.5	3.8	5.7	1.21	-9999.9	3	75	-9999.9	44	-9999.9	3	17.6	3
2025 05 23 20	0.67	0.64	3.3	3.5	6.3	1.21	-9999.9	3	93	-9999.9	44	-9999.9	3	17.4	3
2025 05 23 21	0.57	0.54	2.9	3.4	6.4	0.98	-9999.9	3	106	-9999.9	57	-9999.9	3	17.7	3
2025 05 23 22	0.71	0.66	3.4	3.8	6.7	1.26	-9999.9	3	88	-9999.9	41	-9999.9	3	17.6	3
2025 05 23 23	0.84	0.79	3.9	4.0	7.5	1.3	-9999.9	3	88	-9999.9	38	-9999.9	3	17.5	3
2025 05 24 00	0.7	0.66	3.5	3.7	7.4	1.25	-9999.9	3	69	-9999.9	40	-9999.9	3	17.4	3
2025 05 24 01	0.78	0.76	5.3	5.4	7.5	1.33	-9999.9	3	74	-9999.9	40	-9999.9	3	16.9	3
2025 05 24 02	0.84	0.82	5.5	5.3	7.0	1.28	-9999.9	3	72	-9999.9	38	-9999.9	3	17.1	3
2025 05 24 03	0.91	0.86	4.6	4.5	6.7	1.44	-9999.9	3	68	-9999.9	31	-9999.9	3	17.1	3
2025 05 24 04	0.81	0.78	4.7	4.6	7.2	1.2	-9999.9	3	64	-9999.9	32	-9999.9	3	17.1	3
2025 05 24 05	0.77	0.73	4.3	4.4	7.2	1.18	-9999.9	3	68	-9999.9	31	-9999.9	3	17.6	3
2025 05 24 06	0.76	0.72	4.1	4.1	7.0	1.07	-9999.9	3	65	-9999.9	28	-9999.9	3	17.8	3
2025 05 24 07	1.11	1.06	4.5	4.5	6.9	1.77	-9999.9	3	80	-9999.9	27	-9999.9	3	18.1	3
2025 05 24 08	0.87	0.83	3.5	3.7	6.8	1.61	-9999.9	3	89	-9999.9	40	-9999.9	3	17.7	3
2025 05 24 09	0.81	0.77	3.4	3.5	6.6	1.17	-9999.9	3	88	-9999.9	38	-9999.9	3	17.7	3
2025 05 24 10	0.84	0.8	3.5	3.6	6.6	1.31	-9999.9	3	90	-9999.9	33	-9999.9	3	17.7	3
2025 05 24 11	0.82	0.8	4.2	4.1	6.5	1.46	-9999.9	3	92	-9999.9	31	-9999.9	3	17.8	3
2025 05 24 12	0.71	0.68	3.8	3.8	6.1	1.18	-9999.9	3	82	-9999.9	32	-9999.9	3	17.8	3
2025 05 24 13	0.78	0.73	4.4	4.5	6.6	1.31	-9999.9	3	77	-9999.9	28	-9999.9	3	17.2	3
2025 05 24 14	0.82	0.78	5.3	5.3	6.3	1.37	-9999.9	3	77	-9999.9	38	-9999.9	3	17.3	3
2025 05 24 15	0.76	0.74	5.3	5.2	6.2	1.36	-9999.9	3	72	-9999.9	40	-9999.9	3	17.5	3
2025 05 24 16	0.91	0.87	5.1	5.0	6.2	1.36	-9999.9	3	70	-9999.9	30	-9999.9	3	17.5	3
2025 05 24 17	0.84	0.81	4.8	4.9	7.7	1.81	-9999.9	3	66	-9999.9	31	-9999.9	3	17.6	3
2025 05 24 18	0.6	0.56	3.6	3.8	7.8	0.97	-9999.9	3	97	-9999.9	38	-9999.9	3	17.7	3
2025 05 24 19	0.53	0.49	3.5	3.7	7.9	0.88	-9999.9	3	89	-9999.9	38	-9999.9	3	17.8	3
2025 05 24 20	0.73	0.67	3.2	3.6	8.0	1.31	-9999.9	3	91	-9999.9	41	-9999.9	3	17.6	3
2025 05 24 21	0.77	0.72	3.4	3.5	8.0	1.12	-9999.9	3	100	-9999.9	42	-9999.9	3	17.5	3
2025 05 24 22	0.68	0.62	3.0	3.3	7.9	0.93	-9999.9	3	94	-9999.9	43	-9999.9	3	17.7	3
2025 05 24 23	0.74	0.7	3.3	3.4	8.0	1.11	-9999.9	3	93	-9999.9	32	-9999.9	3	17.7	3
2025 05 25 00	0.71	0.67	3.6	3.7	8.0	1.06	-9999.9	3	94	-9999.9	32	-9999.9	3	17.6	3
2025 05 25 01	0.6	0.56	3.5	3.5	7.4	0.96	-9999.9	3	86	-9999.9	36	-9999.9	3	17.5	3
2025 05 25 03	0.75	0.73	5.3	5.1	7.5	1.46	-9999.9	3	74	-9999.9	32	-9999.9	3	17.2	3
2025 05 25 04	0.74	0.7	4.6	4.6	6.7	1.23	-9999.9	3	74	-9999.9	37	-9999.9	3	17.2	3
2025 05 25 05	0.57	0.54	3.8	3.8	7.1	0.92	-9999.9	3	67	-9999.9	32	-9999.9	3	17.4	3
2025 05 25 06	0.38	0.36	2.5	2.8	6.8	0.64	-9999.9	3	80	-9999.9	44	-9999.9	3	17.4	3
2025 05 25 07	0.48	0.45	3.0	3.1	5.6	0.78	-9999.9	3	82	-9999.9	36	-9999.9	3	17.7	3
2025 05 25 08	0.56	0.53	3.2	3.5	6.1	0.85	-9999.9	3	88	-9999.9	40	-9999.9	3	17.6	3
2025 05 25 09	0.64	0.6	2.9	3.2	5.0	0.92	-9999.9	3	78	-9999.9	39	-9999.9	3	17.7	3
2025 05 25 10	0.59	0.56	2.7	2.9	3.3	1.1	-9999.9	3	80	-9999.9	38	-9999.9	3	17.8	3
2025 05 25 11	0.62	0.58	2.9	3.0	3.0	1.08	-9999.9	3	88	-9999.9	32	-9999.9	3	17.7	3
2025 05 25 12	0.57	0.54	3.1	3.2	3.5	0.99	-9999.9	3	83	-9999.9	34	-9999.9	3	17.8	3
2025 05 25 13	0.52	0.5	3.4	3.4	4.8	0.98	-9999.9	3	80	-9999.9	35	-9999.9	3	17.4	3
2025 05 25 14	0.58	0.56	4.4	4.3	5.2	0.98	-9999.9	3	79	-9999.9	36	-9999.9	3	17.1	3
2025 05 25 15	0.56	0.53	5.0	4.9	5.8	1.0	-9999.9	3	71	-9999.9	39	-9999.9	3	17.7	3
2025 05 25 16	0.56	0.55	4.4	4.5	5.4	0.97	-9999.9	3	82	-9999.9	40	-9999.9	3	17.5	3
2025 05 25 17	0.48	0.47	3.7	3.8	4.6	0.89	-9999.9	3	67	-9999.9	33	-9999.9	3	17.4	3
2025 05 25 18	0.42	0.4	2.5	2.7	5.0	0.69	-9999.9	3	75	-9999.9	45	-9999.9	3	17.4	3
2025 05 25 19	0.27	0.26	2.3	2.7	5.1	0.45	-9999.9	3	89	-9999.9	49	-9999.9	3	17.6	3
2025 05 25 20	0.37	0.35	2.9	3.2	4.9	0.57	-9999.9	3	95	-9999.9	37	-9999.9	3	17.7	3
2025 05 25 21	0.36	0.35	3.1	3.5	3.9	0.59	-9999.9	3	117	-9999.9	45	-9999.9	3	17.6	3
2025 05 25 22	0.32	0.3	2.7	3.4	9.6	0.47	-9999.9	3	155	-9999.9	61	-9999.9	3	17.5	3
2025 05 25 23	0.29	0.27	2.6	3.4	21.9	0.45	-9999.9	3	131	-9999.9	55	-9999.9	3	17.7	3
2025 05 26 00	0.32	0.31	2.5	2.8	5.4	0.59	-9999.9	3	123	-9999.9	46	-9999.9	3	17.7	3
2025 05 26 01	0.32	0.3	2.8	2.9	3.0	0.59	-9999.9	3	115	-9999.9	42	-9999.9	3	17.6	3
2025 05 26 02	0.31	0.29	3.1	3.3	6.8	0.54	-9999.9	3	120	-9999.9	58	-9999.9	3	17.5	3
2025 05 26 03	-9999.9	-9999.9	-9999.9	-9999.9	-9999.9	-9999.9	-9999.9	3	-9999.9	-9999.9	-9999.9	-9999.9	3	17.2	3
2025 05 26 04	0.42	0.41	4.3	4.3	4.7	0.81	-9999.9	3	91	-9999.9	50	-9999.9	3	17.4	3
2025 05 26 05	0.49	0.48	3.9	4.0	4.4	0.75	-9999.9	3	78	-9999.9	42	-9999.9	3	17.4	3
2025 05 26 06	0.36	0.35	3.3	3.4	3.8	0.68	-9999.9	3	78	-9999.9	44	-9999.9	3	17.5	3
2025 05 26 07	0.27	0.26	2.7	3.4	6.4	0.45	-9999.9	3	163	-9999.9	56	-9999.9	3	17.6	3
2025 05 26 08	0.29	0.27	3.2	3.8	8.5	0.57	-9999.9	3	164	-9999.9	49	-9999.9	3	17.4	3
2025 05 26 09	0.27	0.25	3.3	3.5	9.3	0.41	-9999.9	3	117	-9999.9	47	-9999.9	3	17.5	3
2025 05 26 10	0.36	0.33	3.2	3.5	8.1	0.62	-9999.9	3	183	-9999.9	43	-9999.9	3	17.7	3
2025 05 26 11	0.24	0.21	3.0	3.6	6.9	0.36	-9999.9	3	192	-9999.9	52	-9999.9	3	17.8	3
2025 05 26 12	0.27	0.26	2.5	3.1	6.9	0.51	-9999.9	3	175	-9999.9	55	-9999.9	3	17.6	3
2025 05 26 13	0.3	0.27	3.0	3.3	6.8	0.47	-9999.9	3	150	-9999.9	46	-9999.9	3	17.7	3
2025 05 26 14	0.36	0.32	3.3	3.5	7.7	0.56	-9999.9	3	145	-9999.9	50	-9999.9	3	17.4	3
2025 05 26 15	0.4	0.37	3.9	3.9	4.9	0.59	-9999.9	3	105	-9999.9	53	-9999.9	3	17.1	3
2025 05 26 16	0.45	0.43	4.7	4.9	5.5	0.77	-9999.9	3	82	-9999.9	49	-9999.9	3	17.7	3
2025 05 26 17	0.47	0.44	3.7	3.8	4.4	0.75	-9999.9	3	71	-9999.9	46	-9999.9	3	17.1	3
2025 05 26 18	0.41	0.39	3.0	3.2	4.5	0.68	-9999.9	3	75	-9999.9	50	-9999.9	3	17.2	3
2025 05 26 19	0.33	0.31	2.2	2.5	2.9	0.55	-9999.9	3	113	-9999.9	56	-9999.9	3	17.3	3
2025 05 26 20	0.34	0.33	2.8	3.2	4.2	0.67	-9999.9	3	101	-9999.9	45	-9999.9	3	17.5	3
2025 05 26 21	0.35	0.34	2.7	2.9	3.9	0.54	-9999.9	3	101	-9999.9	48	-9999.9	3	17.7	3
2025 05 26 22	0.4	0.38	2.7	3.1	7.1	0.68	-9999.9	3	110	-9999.9	46	-9999.9	3	17.6	3
2025 05 26 23	0.32	0.31	2.3	2.6	6.4	0.51	-9999.9	3	116	-9999.9	52	-9999.9	3	17.4	3
2025 05 27 00	0.35	0.34	2.2	2.7	7.9	1.0	-9999.9	3	134	-9999.9	51	-9999.9	3	17.6	3
2025 05 27 01	0.36	0.35	2.3	2.5	3.2	0.55	-9999.9	3	105	-9999.9	40	-9999.9	3	17.6	3
2025 05 27 02	0.42	0.39	2.8	2.9	3.1	0.6	-9999.9	3	100	-9999.9	35	-9999.9	3	17.6	3
2025 05 27 03	0.41	0.38	2.8	3.1	3.9	0.68	-9999.9	3	118	-9999.9	43	-9999.9	3	17.5	3
2025 05 27 04	0.41	0.39	3.7	3.8	4.5	0.76	-9999.9	3	98	-9999.9	50	-9999.9	3	17.1	3
2025 05 27 05	0.51	0.5	4.1	4.2	4.8	0.8	-9999.9	3	85	-9999.9	47	-9999.9	3	17.3	3
2025 05 27 06	0.53	0.5	3.7	3.7	4.2	0.73	-9999.9	3	85	-9999.9	46	-9999.9	3	17.2	3
2025 05 27 07	0.45	0.43	2.9	3.2	3.8	0.82	-9999.9	3	155	-9999.9	49	-9999.9	3	16.8	3
2025 05 27 08	0.5	0.48	3.1	3.3	4.1	0.93	-9999.9	3	78	-9999.9	43	-9999.9	3	18.2	3
2025 05 27 09	0.46	0.43	2.7	2.9	3.6	0.73	-9999.9	3	107	-9999.9	42	-9999.9	3	17.7	3
2025 05 27 10	0.41	0.39	2.4	2.6	4.9	0.71	-9999.9	3	96	-9999.9	42	-9999.9	3	18.3	3
2025 05 27 11	0.56	0.53	2.5	2.6	2.8	0.84	-9999.9	3	101	-9999.9	37	-9999.9	3	18.1	3
2025 05 27 12	0.54	0.53	2.1	2.3	3.8	0.95	-9999.9	3	80	-9999.9	42	-9999.9	3	17.8	3
2025 05 27 13	0.45	0.44	2.4	2.8	3.3	0.76	-9999.9	3	88	-9999.9	48	-9999.9	3	17.7	3
2025 05 27 14	0.55	0.52	2.9	3.0	3.6	0.9	-9999.9	3	91	-9999.9	38	-9999.9	3	18.0	3
2025 05 27 15	0.61	0.59	3.0	3.1	3.6	0.96	-9999.9	3	72	-9999.9	33	-9999.9	3	17.9	3
2025 05 27 16	0.51	0.45	3.0	2.9	6.1	0.84	-9999.9	3	94	-9999.9	54	-9999.9	3	-9999.9	-9999.9
2025 05 27 17	0.61	0.58	4.1	4.2	4.8	0.94	-9999.9	3	75	-9999.9	43	-9999.9	3	17.7	3
2025 05 27 18	0.5	0.48	3.0	3.0	3.8	0.78	-9999.9	3	76	-9999.9	40	-9999.9	3	17.3	3
2025 05 27 19	0.54	0.51	2.8	2.9	4.4	0.85	-9999.9	3	66	-9999.9	43	-9999.9	3	17.5	3
2025 05 27 20	0.46	0.44	2.5	2.6	3.2	0.78	-9999.9	3	80	-9999.9	42	-9999.9	3	17.9	3
2025 05 27 21	0.61	0.58	3.1	3.2	4.2	1.21	-9999.9	3	67	-9999.9	32	-9999.9	3	18.5	3
2025 05 27 22	0.67	0.64	2.7	2.8	3.6	1.08	-9999.9	3	88	-9999.9	37	-9999.9	3	18.3	3
2025 05 27 23	0.68	0.67	2.4	2.6	3.0	1.19	-9999.9	3	84	-9999.9	35	-9999.9	3	18.1	3
2025 05 28 00	0.62	0.6	2.2	2.4	3.7	1.07	-9999.9	3	76	-9999.9	37	-9999.9	3	17.8	3
2025 05 28 01	0.56	0.53	2.3	2.5	8.3	0.93	-9999.9	3	85	-9999.9	41	-9999.9	3	17.9	3
2025 05 28 02	0.54	0.53	2.4	2.6	2.8	0.83	-9999.9	3	91	-9999.9	34	-9999.9	3	18.1	3
2025 05 28 03	0.57	0.55	2.8	2.8	3.6	0.91	-9999.9	3	87	-9999.9	34	-9999.9	3	18.0	3
2025 05 28 04	0.69	0.67	2.9	3.0	3.7	1.26	-9999.9	3	76	-9999.9	35	-9999.9	3	18.2	3
2025 05 28 05	0.5	0.47	2.7	2.8	3.9	0.78	-9999.9	3	58	-9999.9	43	-9999.9	3	17.4	3
2025 05 28 06	0.55	0.49	3.3	3.5	4.7	0.88	-9999.9	3	96	-9999.9	48	-9999.9	3	17.6	3
2025 05 28 07	0.52	0.51	2.4	2.7	3.8	1.01	-9999.9	3	93	-9999.9	47	-9999.9	3	17.4	3
2025 05 28 08	0.68	0.65	2.7	2.8	3.8	1.06	-9999.9	3	68	-9999.9	39	-9999.9	3	17.5	3
2025 05 28 09	0.7	0.68	2.5	2.7	3.8	1.26	-9999.9	3	72	-9999.9	36	-9999.9	3	17.5	3
2025 05 28 10	0.74	0.71	2.5	2.7	3.5	1.31	-9999.9	3	76	-9999.9	31	-9999.9	3	17.5	3
2025 05 28 11	0.67	0.66	2.2	2.4	2.7	1.31	-9999.9	3	88	-9999.9	40	-9999.9	3	17.4	3
2025 05 28 13	0.65	0.63	2.3	2.5	5.0	1.1	-9999.9	3	109	-9999.9	43	-9999.9	3	17.6	3
2025 05 28 14	0.74	0.7	2.6	2.8	3.3	1.03	-9999.9	3	96	-9999.9	38	-9999.9	3	17.4	3
2025 05 28 15	0.7	0.68	2.9	3.0	3.5	1.27	-9999.9	3	79	-9999.9	33	-9999.9	3	17.5	3
2025 05 28 16	0.72	0.68	3.0	3.1	3.6	1.06	-9999.9	3	76	-9999.9	32	-9999.9	3	17.4	3
2025 05 28 17	0.53	0.5	4.2	4.1	5.2	1.05	-9999.9	3	75	-9999.9	42	-9999.9	3	17.0	3
2025 05 28 18	0.57	0.55	4.0	4.0	5.4	1.1	-9999.9	3	77	-9999.9	39	-9999.9	3	17.0	3
2025 05 28 19	0.58	0.56	3.5	3.5	4.7	1.06	-9999.9	3	59	-9999.9	37	-9999.9	3	17.9	3
2025 05 28 20	0.51	0.49	2.6	2.7	3.1	0.89	-9999.9	3	75	-9999.9	37	-9999.9	3	17.9	3
2025 05 28 21	0.51	0.49	2.5	2.7	16.1	0.91	-9999.9	3	84	-9999.9	47	-9999.9	3	17.9	3
2025 05 28 22	0.7	0.67	2.8	3.0	4.1	1.12	-9999.9	3	76	-9999.9	35	-9999.9	3	18.0	3
2025 05 28 23	0.72	0.7	2.6	2.7	4.1	1.39	-9999.9	3	86	-9999.9	35	-9999.9	3	18.0	3
2025 05 29 00	0.67	0.64	2.4	2.5	2.8	1.08	-9999.9	3	82	-9999.9	37	-9999.9	3	17.9	3
2025 05 29 01	0.53	0.51	2.3	2.5	2.6	0.85	-9999.9	3	89	-9999.9	40	-9999.9	3	17.8	3
2025 05 29 02	0.63	0.61	2.6	2.7	3.1	1.17	-9999.9	3	76	-9999.9	32	-9999.9	3	18.2	3
2025 05 29 03	0.69	0.66	2.8	2.9	3.4	1.32	-9999.9	3	91	-9999.9	34	-9999.9	3	18.0	3
2025 05 29 04	0.66	0.64	3.0	3.1	3.7	1.12	-9999.9	3	81	-9999.9	33	-9999.9	3	17.9	3
2025 05 29 05	0.59	0.57	2.9	3.0	3.9	1.01	-9999.9	3	61	-9999.9	36	-9999.9	3	17.3	3
2025 05 29 06	0.53	0.51	3.0	3.0	3.8	0.84	-9999.9	3	52	-9999.9	32	-9999.9	3	17.0	3
2025 05 29 07	0.66	0.64	4.1	4.1	5.1	1.22	-9999.9	3	87	-9999.9	41	-9999.9	3	17.6	3
2025 05 29 08	0.72	0.7	2.8	3.1	4.1	1.23	-9999.9	3	87	-9999.9	39	-9999.9	3	17.3	3
2025 05 29 09	0.79	0.76	2.9	3.0	3.8	1.14	-9999.9	3	70	-9999.9	36	-9999.9	3	17.6	3
2025 05 29 10	0.74	0.7	2.7	2.9	3.7	1.15	-9999.9	3	67	-9999.9	36	-9999.9	3	17.7	3
2025 05 29 11	0.85	0.82	2.8	3.0	3.6	1.43	-9999.9	3	65	-9999.9	30	-9999.9	3	17.7	3
2025 05 29 12	0.65	0.64	2.3	2.6	6.6	1.21	-9999.9	3	94	-9999.9	43	-9999.9	3	17.7	3
2025 05 29 13	0.64	0.62	2.3	2.6	3.6	1.1	-9999.9	3	111	-9999.9	43	-9999.9	3	17.7	3
2025 05 29 14	0.6	0.57	2.4	2.6	3.0	0.91	-9999.9	3	108	-9999.9	37	-9999.9	3	17.8	3
2025 05 29 15	0.58	0.56	2.4	2.5	2.8	0.92	-9999.9	3	100	-9999.9	30	-9999.9	3	17.9	3
2025 05 29 16	0.55	0.53	2.8	2.9	3.1	0.95	-9999.9	3	81	-9999.9	30	-9999.9	3	17.7	3
2025 05 29 18	0.45	0.43	5.2	4.9	7.7	0.72	-9999.9	3	106	-9999.9	53	-9999.9	3	17.8	3
2025 05 29 19	0.47	0.45	3.6	3.7	4.9	0.79	-9999.9	3	82	-9999.9	42	-9999.9	3	17.3	3
2025 05 29 20	0.37	0.36	2.2	2.4	3.1	0.68	-9999.9	3	73	-9999.9	50	-9999.9	3	17.3	3
2025 05 29 21	0.39	0.38	2.4	2.7	4.1	0.67	-9999.9	3	82	-9999.9	49	-9999.9	3	17.6	3
2025 05 29 22	0.52	0.48	2.5	2.8	7.4	0.98	-9999.9	3	83	-9999.9	44	-9999.9	3	17.8	3
2025 05 29 23	0.58	0.57	2.7	3.0	5.0	1.05	-9999.9	3	73	-9999.9	39	-9999.9	3	17.8	3
2025 05 30 00	0.7	0.69	2.9	3.0	4.2	1.06	-9999.9	3	87	-9999.9	36	-9999.9	3	17.7	3
2025 05 30 01	0.58	0.56	2.4	2.7	3.4	1.05	-9999.9	3	84	-9999.9	43	-9999.9	3	17.8	3
2025 05 30 02	0.47	0.46	2.2	2.5	17.1	0.77	-9999.9	3	92	-9999.9	42	-9999.9	3	17.8	3
2025 05 30 03	0.49	0.48	2.5	2.6	3.1	0.76	-9999.9	3	96	-9999.9	34	-9999.9	3	17.8	3
2025 05 30 04	0.55	0.52	2.8	2.9	3.3	0.92	-9999.9	3	88	-9999.9	31	-9999.9	3	17.7	3
2025 05 30 05	0.45	0.44	2.8	2.9	3.5	0.8	-9999.9	3	74	-9999.9	39	-9999.9	3	17.5	3
2025 05 30 06	0.45	0.43	2.9	2.9	3.5	0.72	-9999.9	3	68	-9999.9	35	-9999.9	3	16.4	3
2025 05 30 07	0.5	0.48	2.8	3.0	3.8	0.89	-9999.9	3	74	-9999.9	33	-9999.9	3	16.6	3
2025 05 30 08	0.51	0.49	3.9	3.9	4.8	0.94	-9999.9	3	76	-9999.9	47	-9999.9	3	17.5	3
2025 05 30 09	0.51	0.5	3.1	3.3	4.1	0.83	-9999.9	3	66	-9999.9	37	-9999.9	3	17.2	3
2025 05 30 10	0.45	0.44	2.4	2.8	12.6	0.83	-9999.9	3	93	-9999.9	55	-9999.9	3	17.0	3
2025 05 30 11	0.66	0.63	3.1	3.3	4.1	1.29	-9999.9	3	60	-9999.9	32	-9999.9	3	18.1	3
2025 05 30 12	0.6	0.59	2.9	3.0	3.8	0.97	-9999.9	3	79	-9999.9	30	-9999.9	3	18.2	3
2025 05 30 13	0.44	0.43	2.3	2.6	8.9	0.73	-9999.9	3	99	-9999.9	47	-9999.9	3	17.9	3
2025 05 30 14	0.54	0.52	2.5	2.7	3.2	1.02	-9999.9	3	101	-9999.9	36	-9999.9	3	18.1	3
2025 05 30 15	0.45	0.44	2.2	2.4	2.3	0.71	-9999.9	3	95	-9999.9	37	-9999.9	3	18.0	3
2025 05 30 16	0.41	0.41	2.3	2.6	4.1	0.65	-9999.9	3	93	-9999.9	44	-9999.9	3	17.8	3
2025 05 30 17	0.47	0.44	2.9	2.9	3.2	0.64	-9999.9	3	65	-9999.9	33	-9999.9	3	17.9	3
2025 05 30 18	0.47	0.44	4.4	4.1	7.9	0.71	-9999.9	3	63	-9999.9	49	-9999.9	3	18.3	3
2025 05 30 19	0.38	0.36	4.0	4.0	5.0	0.55	-9999.9	3	83	-9999.9	51	-9999.9	3	18.1	3
2025 05 30 20	0.48	0.46	3.6	3.5	4.4	0.75	-9999.9	3	72	-9999.9	42	-9999.9	3	17.6	3
2025 05 30 21	0.34	0.32	2.6	2.8	4.5	0.52	-9999.9	3	60	-9999.9	51	-9999.9	3	17.5	3
2025 05 30 22	0.35	0.34	2.2	2.6	6.7	0.68	-9999.9	3	85	-9999.9	55	-9999.9	3	17.7	3
2025 05 30 23	0.35	0.35	2.4	2.6	3.6	0.65	-9999.9	3	67	-9999.9	46	-9999.9	3	18.0	3
2025 05 31 00	0.61	0.6	3.6	3.8	5.0	1.39	-9999.9	3	79	-9999.9	27	-9999.9	3	18.1	3
2025 05 31 01	0.62	0.6	2.9	3.0	4.1	1.08	-9999.9	3	88	-9999.9	36	-9999.9	3	17.9	3
2025 05 31 02	0.6	0.58	2.5	2.7	3.2	1.1	-9999.9	3	91	-9999.9	40	-9999.9	3	17.9	3
2025 05 31 03	0.45	0.44	2.2	2.4	2.5	0.73	-9999.9	3	92	-9999.9	40	-9999.9	3	18.0	3
2025 05 31 04	0.49	0.48	2.3	2.5	2.8	0.81	-9999.9	3	88	-9999.9	32	-9999.9	3	18.0	3
2025 05 31 05	0.52	0.51	2.6	2.7	3.1	0.9	-9999.9	3	85	-9999.9	32	-9999.9	3	17.9	3
2025 05 31 06	0.53	0.52	2.8	2.9	3.4	0.93	-9999.9	3	74	-9999.9	34	-9999.9	3	18.0	3
2025 05 31 07	0.45	0.43	2.8	2.9	3.6	0.66	-9999.9	3	75	-9999.9	35	-9999.9	3	17.2	3
2025 05 31 08	0.51	0.49	2.5	2.8	3.4	0.76	-9999.9	3	75	-9999.9	46	-9999.9	3	17.4	3
2025 05 31 09	0.63	0.61	3.7	3.8	4.6	1.31	-9999.9	3	73	-9999.9	41	-9999.9	3	17.7	3
2025 05 31 10	0.55	0.52	2.9	3.2	4.2	0.93	-9999.9	3	81	-9999.9	43	-9999.9	3	17.4	3
2025 05 31 11	0.36	0.34	3.0	3.2	6.7	0.61	-9999.9	3	149	-9999.9	62	-9999.9	3	17.7	3
2025 05 31 12	0.46	0.44	2.6	2.8	3.6	0.76	-9999.9	3	80	-9999.9	48	-9999.9	3	17.6	3
2025 05 31 13	0.48	0.47	2.4	2.6	3.5	0.77	-9999.9	3	67	-9999.9	40	-9999.9	3	17.9	3
2025 05 31 14	0.5	0.49	2.4	2.8	12.4	0.86	-9999.9	3	125	-9999.9	49	-9999.9	3	18.2	3
2025 05 31 16	0.49	0.47	2.2	2.4	5.1	0.74	-9999.9	3	81	-9999.9	43	-9999.9	3	18.2	3
2025 05 31 17	0.56	0.54	2.4	2.7	3.2	1.02	-9999.9	3	84	-9999.9	41	-9999.9	3	18.5	3
2025 05 31 18	0.46	0.44	3.1	3.1	3.5	0.82	-9999.9	3	69	-9999.9	34	-9999.9	3	18.6	3
2025 05 31 19	0.45	0.42	3.5	3.6	4.0	0.68	-9999.9	3	57	-9999.9	40	-9999.9	3	18.0	3
2025 05 31 20	0.35	0.32	2.9	3.1	4.5	0.56	-9999.9	3	96	-9999.9	51	-9999.9	3	17.9	3
2025 05 31 21	0.37	0.35	2.7	2.9	4.3	0.67	-9999.9	3	72	-9999.9	45	-9999.9	3	18.0	3
2025 05 31 22	0.34	0.31	2.4	2.9	10.0	0.57	-9999.9	3	92	-9999.9	56	-9999.9	3	17.9	3
2025 05 31 23	0.42	0.4	2.6	2.8	3.8	0.76	-9999.9	3	65	-9999.9	44	-9999.9	3	18.3	3
2025 06 01 00	0.41	0.39	2.6	2.8	4.5	0.67	-9999.9	3	71	-9999.9	44	-9999.9	3	18.2	3
2025 06 01 01	0.65	0.62	3.5	3.5	4.5	1.03	-9999.9	3	71	-9999.9	27	-9999.9	3	18.6	3
2025 06 01 02	0.77	0.74	3.1	3.2	4.1	1.26	-9999.9	3	79	-9999.9	30	-9999.9	3	18.5	3
2025 06 01 03	0.62	0.6	2.5	2.7	3.5	0.93	-9999.9	3	85	-9999.9	39	-9999.9	3	18.4	3
2025 06 01 04	0.56	0.54	2.4	2.6	2.8	1.04	-9999.9	3	88	-9999.9	41	-9999.9	3	18.4	3
2025 06 01 05	0.6	0.58	2.7	2.8	3.3	1.02	-9999.9	3	100	-9999.9	37	-9999.9	3	18.3	3
2025 06 01 06	0.57	0.55	2.7	2.9	3.2	0.99	-9999.9	3	97	-9999.9	41	-9999.9	3	18.3	3
2025 06 01 07	0.61	0.59	2.9	3.0	3.6	1.13	-9999.9	3	92	-9999.9	41	-9999.9	3	18.9	3
2025 06 01 08	0.57	0.53	2.8	3.0	3.8	0.92	-9999.9	3	80	-9999.9	43	-9999.9	3	17.1	3
2025 06 01 09	0.57	0.56	2.9	3.0	3.5	1.02	-9999.9	3	55	-9999.9	43	-9999.9	3	17.4	3
2025 06 01 10	0.46	0.43	3.2	3.4	8.1	0.72	-9999.9	3	119	-9999.9	49	-9999.9	3	17.8	3
2025 06 01 11	0.4	0.38	3.0	3.5	5.2	0.66	-9999.9	3	199	-9999.9	60	-9999.9	3	18.4	3
2025 06 01 12	0.41	0.39	3.1	3.1	3.8	0.56	-9999.9	3	98	-9999.9	63	-9999.9	3	18.1	3
2025 06 01 13	0.32	0.29	3.2	3.7	9.2	0.71	-9999.9	3	187	-9999.9	57	-9999.9	3	18.4	3
2025 06 01 14	0.37	0.34	3.1	3.9	9.7	0.57	-9999.9	3	182	-9999.9	45	-9999.9	3	18.7	3
2025 06 01 15	0.33	0.32	2.2	2.8	4.6	0.54	-9999.9	3	106	-9999.9	53	-9999.9	3	18.9	3
2025 06 01 16	0.35	0.34	2.5	3.0	4.4	0.6	-9999.9	3	156	-9999.9	55	-9999.9	3	19.0	3
2025 06 01 17	0.36	0.34	3.4	3.6	6.3	0.58	-9999.9	3	157	-9999.9	61	-9999.9	3	19.2	3
2025 06 01 18	0.42	0.39	3.9	4.0	9.5	0.66	-9999.9	3	192	-9999.9	42	-9999.9	3	19.3	3
2025 06 01 19	0.26	0.25	3.4	3.7	6.7	0.4	-9999.9	3	136	-9999.9	56	-9999.9	3	19.0	3
2025 06 01 20	0.23	0.22	3.1	3.5	4.9	0.38	-9999.9	3	144	-9999.9	58	-9999.9	3	18.5	3
2025 06 01 21	0.3	0.29	3.5	3.7	5.6	0.46	-9999.9	3	153	-9999.9	54	-9999.9	3	18.6	3
2025 06 01 22	0.29	0.27	3.1	3.5	8.5	0.48	-9999.9	3	164	-9999.9	60	-9999.9	3	18.0	3
2025 06 01 23	0.23	0.22	2.9	3.3	5.0	0.4	-9999.9	3	126	-9999.9	60	-9999.9	3	18.4	3
2025 06 02 00	0.24	0.21	3.2	3.3	13.4	0.35	-9999.9	3	162	-9999.9	57	-9999.9	3	18.8	3
2025 06 02 01	0.18	0.17	3.2	3.6	6.7	0.27	-9999.9	3	154	-9999.9	59	-9999.9	3	18.8	3
2025 06 02 02	0.18	0.19	2.1	3.0	7.4	0.35	-9999.9	3	182	-9999.9	52	-9999.9	3	18.8	3
2025 06 02 03	0.35	0.34	2.3	2.6	2.7	0.66	-9999.9	3	219	-9999.9	31	-9999.9	3	18.7	3
2025 06 02 04	0.29	0.29	2.4	2.5	3.1	0.49	-9999.9	3	222	-9999.9	37	-9999.9	3	18.7	3
2025 06 02 05	0.25	0.23	2.7	3.1	9.0	0.49	-9999.9	3	213	-9999.9	44	-9999.9	3	18.7	3
2025 06 02 06	0.28	0.27	2.8	3.2	6.5	0.5	-9999.9	3	207	-9999.9	49	-9999.9	3	18.7	3
2025 06 02 07	0.27	0.26	2.5	3.1	7.2	0.52	-9999.9	3	195	-9999.9	53	-9999.9	3	18.8	3
2025 06 02 08	0.32	0.3	2.9	3.4	8.3	0.48	-9999.9	3	196	-9999.9	43	-9999.9	3	17.3	3
2025 06 02 09	0.46	0.44	2.9	3.1	5.0	0.86	-9999.9	3	197	-9999.9	38	-9999.9	3	17.4	3
2025 06 02 10	0.68	0.67	3.3	3.3	3.8	1.18	-9999.9	3	195	-9999.9	29	-9999.9	3	17.5	3
2025 06 02 11	0.53	0.5	3.1	3.2	4.3	0.86	-9999.9	3	196	-9999.9	35	-9999.9	3	18.1	3
2025 06 02 12	0.56	0.54	3.1	3.3	3.8	0.83	-9999.9	3	198	-9999.9	32	-9999.9	3	17.7	3
2025 06 02 13	0.47	0.45	2.9	3.0	3.2	0.8	-9999.9	3	220	-9999.9	45	-9999.9	3	17.8	3
2025 06 02 14	0.49	0.48	3.0	3.2	4.3	0.72	-9999.9	3	204	-9999.9	47	-9999.9	3	17.8	3
2025 06 02 15	0.68	0.65	3.4	3.5	4.2	1.07	-9999.9	3	216	-9999.9	28	-9999.9	3	17.9	3
2025 06 02 16	0.83	0.8	3.7	3.7	4.6	1.48	-9999.9	3	222	-9999.9	26	-9999.9	3	18.3	3
2025 06 02 17	0.58	0.56	3.4	3.5	4.9	0.93	-9999.9	3	225	-9999.9	38	-9999.9	3	18.3	3
2025 06 02 18	0.67	0.64	3.3	3.5	4.8	1.03	-9999.9	3	228	-9999.9	29	-9999.9	3	18.1	3
2025 06 02 19	0.62	0.6	3.2	3.3	4.4	1.0	-9999.9	3	215	-9999.9	31	-9999.9	3	18.1	3
2025 06 02 20	0.37	0.36	3.5	3.6	4.5	0.63	-9999.9	3	180	-9999.9	53	-9999.9	3	19.2	3
2025 06 02 21	0.4	0.38	3.9	4.1	5.7	0.64	-9999.9	3	159	-9999.9	54	-9999.9	3	18.5	3
2025 06 02 22	0.41	0.38	3.3	3.3	4.5	0.59	-9999.9	3	181	-9999.9	53	-9999.9	3	18.1	3
2025 06 02 23	0.41	0.39	2.7	2.9	4.3	0.67	-9999.9	3	183	-9999.9	44	-9999.9	3	17.9	3
2025 06 03 00	0.39	0.38	2.5	2.8	2.9	0.71	-9999.9	3	186	-9999.9	49	-9999.9	3	17.9	3
2025 06 03 01	0.42	0.4	2.5	2.7	3.0	0.72	-9999.9	3	210	-9999.9	41	-9999.9	3	18.9	3
2025 06 03 02	0.57	0.55	2.8	2.8	3.3	1.0	-9999.9	3	221	-9999.9	35	-9999.9	3	18.5	3
2025 06 03 03	0.56	0.54	2.6	2.8	3.3	0.89	-9999.9	3	219	-9999.9	34	-9999.9	3	18.5	3
2025 06 03 04	0.57	0.54	2.7	3.0	3.7	0.88	-9999.9	3	223	-9999.9	33	-9999.9	3	18.4	3
2025 06 03 05	0.81	0.78	3.2	3.3	3.6	1.17	-9999.9	3	221	-9999.9	29	-9999.9	3	18.1	3
2025 06 03 06	0.8	0.77	3.1	3.3	3.9	1.27	-9999.9	3	221	-9999.9	31	-9999.9	3	18.1	3
2025 06 03 07	0.77	0.74	3.2	3.4	6.9	1.08	-9999.9	3	220	-9999.9	37	-9999.9	3	18.1	3
2025 06 03 08	0.84	0.79	3.2	3.4	6.1	1.23	-9999.9	3	208	-9999.9	38	-9999.9	3	17.7	3
2025 06 03 09	1.21	1.15	3.9	3.9	5.0	1.71	-9999.9	3	212	-9999.9	31	-9999.9	3	17.4	3
2025 06 03 10	1.04	1.01	3.6	3.8	4.6	1.51	-9999.9	3	200	-9999.9	36	-9999.9	3	17.3	3
2025 06 03 11	0.83	0.79	3.5	3.8	5.1	1.38	-9999.9	3	179	-9999.9	46	-9999.9	3	17.6	3
2025 06 03 12	-9999.9	-9999.9	-9999.9	-9999.9	-9999.9	-9999.9	-9999.9	3	-9999.9	-9999.9	-9999.9	-9999.9	3	18.5	3
2025 06 03 14	0.62	0.59	3.1	3.3	5.9	1.04	-9999.9	3	197	-9999.9	46	-9999.9	3	18.0	3
2025 06 03 15	0.5	0.47	3.4	3.7	6.4	0.88	-9999.9	3	207	-9999.9	52	-9999.9	3	18.2	3
2025 06 03 16	0.55	0.52	3.3	3.6	8.2	0.82	-9999.9	3	208	-9999.9	43	-9999.9	3	17.6	3
2025 06 03 17	0.55	0.51	2.9	3.4	5.1	0.81	-9999.9	3	218	-9999.9	41	-9999.9	3	17.7	3
2025 06 03 18	0.68	0.63	3.2	3.5	7.8	1.18	-9999.9	3	223	-9999.9	31	-9999.9	3	17.4	3
2025 06 03 19	0.58	0.56	3.2	3.4	4.5	0.94	-9999.9	3	217	-9999.9	37	-9999.9	3	17.3	3
2025 06 03 20	0.55	0.53	3.0	3.3	5.2	0.83	-9999.9	3	202	-9999.9	40	-9999.9	3	17.3	3
2025 06 03 21	0.4	0.38	3.6	3.7	4.7	0.77	-9999.9	3	155	-9999.9	53	-9999.9	3	18.0	3
2025 06 03 22	0.48	0.46	3.7	3.9	7.1	0.71	-9999.9	3	153	-9999.9	52	-9999.9	3	18.1	3
2025 06 03 23	0.49	0.47	3.2	3.2	5.0	0.69	-9999.9	3	174	-9999.9	50	-9999.9	3	17.8	3
2025 06 04 00	0.59	0.55	2.9	3.0	5.5	0.93	-9999.9	3	193	-9999.9	48	-9999.9	3	17.2	3
2025 06 04 01	0.64	0.6	3.0	3.1	5.9	1.04	-9999.9	3	181	-9999.9	47	-9999.9	3	17.1	3
2025 06 04 03	0.65	0.62	2.7	2.9	4.1	1.11	-9999.9	3	198	-9999.9	45	-9999.9	3	17.9	3
2025 06 04 04	0.7	0.66	2.7	3.0	3.8	1.17	-9999.9	3	210	-9999.9	40	-9999.9	3	17.7	3
2025 06 04 05	0.64	0.6	2.8	3.0	7.0	0.97	-9999.9	3	218	-9999.9	43	-9999.9	3	17.8	3
2025 06 04 06	0.53	0.5	2.9	3.1	4.3	0.83	-9999.9	3	203	-9999.9	43	-9999.9	3	17.8	3
2025 06 04 07	0.56	0.53	3.0	3.2	4.0	0.88	-9999.9	3	204	-9999.9	36	-9999.9	3	17.4	3
2025 06 04 08	0.45	0.43	3.0	3.4	7.2	0.78	-9999.9	3	208	-9999.9	42	-9999.9	3	17.7	3
2025 06 04 09	0.43	0.42	3.4	3.9	6.6	0.65	-9999.9	3	204	-9999.9	48	-9999.9	3	17.6	3
2025 06 04 10	0.61	0.56	3.3	3.7	8.7	1.18	-9999.9	3	210	-9999.9	37	-9999.9	3	17.5	3
2025 06 04 11	0.57	0.53	3.4	4.1	6.6	0.89	-9999.9	3	161	-9999.9	46	-9999.9	3	17.2	3
2025 06 04 12	0.53	0.51	3.6	4.1	5.8	0.84	-9999.9	3	187	-9999.9	54	-9999.9	3	-9999.9	-9999.9
2025 06 04 13	0.58	0.56	4.1	4.4	5.7	0.97	-9999.9	3	176	-9999.9	49	-9999.9	3	18.1	3
2025 06 04 14	0.52	0.49	3.6	3.8	9.0	0.88	-9999.9	3	187	-9999.9	54	-9999.9	3	-9999.9	-9999.9
2025 06 04 15	0.39	0.36	2.8	3.0	5.2	0.61	-9999.9	3	189	-9999.9	54	-9999.9	3	17.3	3
2025 06 04 16	0.39	0.37	3.3	3.6	8.3	0.63	-9999.9	3	204	-9999.9	51	-9999.9	3	18.1	3
2025 06 04 17	0.36	0.34	3.0	3.3	6.9	0.6	-9999.9	3	194	-9999.9	61	-9999.9	3	17.8	3
2025 06 04 18	0.36	0.34	2.7	3.4	9.5	0.54	-9999.9	3	195	-9999.9	48	-9999.9	3	17.5	3
2025 06 04 19	0.47	0.46	3.0	3.4	5.0	0.77	-9999.9	3	220	-9999.9	31	-9999.9	3	17.1	3
2025 06 04 20	0.5	0.47	3.0	3.3	5.4	0.75	-9999.9	3	225	-9999.9	32	-9999.9	3	17.1	3
2025 06 04 21	0.37	0.36	2.8	3.2	4.8	0.72	-9999.9	3	205	-9999.9	42	-9999.9	3	17.1	3
2025 06 04 22	0.33	0.31	3.3	3.6	14.8	0.62	-9999.9	3	161	-9999.9	55	-9999.9	3	17.3	3
2025 06 04 23	0.29	0.27	3.4	3.8	4.5	0.47	-9999.9	3	160	-9999.9	54	-9999.9	3	17.2	3
2025 06 05 00	0.31	0.29	3.7	3.7	4.9	0.49	-9999.9	3	153	-9999.9	58	-9999.9	3	17.6	3
2025 06 05 01	0.34	0.32	3.7	3.7	4.6	0.59	-9999.9	3	166	-9999.9	58	-9999.9	3	17.5	3
2025 06 05 02	0.4	0.38	3.3	3.4	4.6	0.61	-9999.9	3	185	-9999.9	62	-9999.9	3	17.5	3
2025 06 05 03	0.38	0.37	2.6	2.9	4.7	0.6	-9999.9	3	168	-9999.9	55	-9999.9	3	-9999.9	-9999.9
2025 06 05 04	0.36	0.35	2.4	2.7	4.8	0.55	-9999.9	3	176	-9999.9	54	-9999.9	3	18.1	3
2025 06 05 05	0.41	0.4	2.3	2.6	3.5	0.73	-9999.9	3	189	-9999.9	50	-9999.9	3	17.9	3
2025 06 05 06	0.34	0.33	2.2	2.7	4.9	0.56	-9999.9	3	193	-9999.9	52	-9999.9	3	17.9	3
2025 06 05 07	0.37	0.36	2.4	2.9	7.5	0.71	-9999.9	3	213	-9999.9	47	-9999.9	3	17.5	3
2025 06 05 08	0.4	0.36	2.8	3.2	8.6	0.69	-9999.9	3	208	-9999.9	40	-9999.9	3	17.5	3
2025 06 05 09	0.33	0.31	3.0	3.4	5.6	0.52	-9999.9	3	188	-9999.9	52	-9999.9	3	17.6	3
2025 06 05 10	0.33	0.33	2.9	3.2	5.6	0.77	-9999.9	3	194	-9999.9	48	-9999.9	3	17.5	3
2025 06 05 11	0.33	0.32	3.2	3.4	4.7	0.58	-9999.9	3	165	-9999.9	46	-9999.9	3	17.3	3
2025 06 05 12	0.33	0.32	3.0	3.1	4.8	0.58	-9999.9	3	182	-9999.9	46	-9999.9	3	17.5	3
2025 06 05 13	0.4	0.38	3.8	3.9	7.3	0.69	-9999.9	3	174	-9999.9	52	-9999.9	3	18.3	3
2025 06 05 14	0.39	0.37	3.6	3.5	4.5	0.7	-9999.9	3	170	-9999.9	56	-9999.9	3	18.3	3
2025 06 05 15	0.39	0.37	3.6	3.6	5.0	0.6	-9999.9	3	167	-9999.9	61	-9999.9	3	17.9	3
2025 06 05 16	0.4	0.36	3.4	3.7	11.0	0.6	-9999.9	3	149	-9999.9	64	-9999.9	3	17.7	3
2025 06 05 17	0.32	0.3	3.0	3.4	7.7	0.53	-9999.9	3	185	-9999.9	57	-9999.9	3	18.7	3
2025 06 05 18	0.34	0.32	3.4	3.9	10.1	0.63	-9999.9	3	188	-9999.9	59	-9999.9	3	17.9	3
2025 06 05 19	0.38	0.35	3.0	3.4	6.9	0.7	-9999.9	3	178	-9999.9	59	-9999.9	3	17.4	3
2025 06 05 20	0.38	0.36	3.2	3.5	5.8	0.58	-9999.9	3	200	-9999.9	47	-9999.9	3	17.3	3
2025 06 05 21	0.39	0.36	2.8	3.0	5.1	0.56	-9999.9	3	211	-9999.9	41	-9999.9	3	17.1	3
2025 06 05 22	0.34	0.33	3.0	3.1	9.9	0.63	-9999.9	3	210	-9999.9	46	-9999.9	3	17.1	3
2025 06 05 23	0.3	0.28	3.0	3.4	8.0	0.57	-9999.9	3	128	-9999.9	60	-9999.9	3	17.7	3
2025 06 06 00	0.27	0.25	3.3	3.6	4.5	0.47	-9999.9	3	134	-9999.9	55	-9999.9	3	17.8	3
2025 06 06 01	0.29	0.27	4.0	4.0	4.6	0.47	-9999.9	3	136	-9999.9	58	-9999.9	3	17.9	3
2025 06 06 02	0.29	0.28	3.3	3.4	4.1	0.45	-9999.9	3	146	-9999.9	56	-9999.9	3	17.2	3
2025 06 06 03	0.27	0.26	3.4	3.5	3.9	0.41	-9999.9	3	151	-9999.9	65	-9999.9	3	17.5	3
2025 06 06 04	0.25	0.24	3.4	3.4	3.8	0.48	-9999.9	3	121	-9999.9	60	-9999.9	3	17.9	3
2025 06 06 05	0.23	0.22	3.6	3.6	5.4	0.34	-9999.9	3	166	-9999.9	67	-9999.9	3	17.8	3
2025 06 06 06	0.24	0.23	3.7	3.9	6.2	0.37	-9999.9	3	181	-9999.9	63	-9999.9	3	17.9	3
2025 06 06 07	0.24	0.22	3.8	3.9	6.4	0.39	-9999.9	3	163	-9999.9	64	-9999.9	3	18.2	3
2025 06 06 08	0.34	0.33	4.9	5.0	7.6	0.54	-9999.9	3	207	-9999.9	48	-9999.9	3	18.6	3
2025 06 06 09	0.31	0.3	4.1	4.3	6.3	0.48	-9999.9	3	209	-9999.9	46	-9999.9	3	17.5	3
2025 06 06 10	0.43	0.42	4.8	4.9	6.4	0.67	-9999.9	3	214	-9999.9	52	-9999.9	3	18.3	3
2025 06 06 11	0.38	0.36	4.3	4.7	7.2	0.7	-9999.9	3	196	-9999.9	51	-9999.9	3	18.1	3
2025 06 06 12	0.32	0.31	4.3	4.2	5.8	0.57	-9999.9	3	175	-9999.9	64	-9999.9	3	18.1	3
2025 06 06 13	0.36	0.35	4.6	4.4	5.4	0.62	-9999.9	3	169	-9999.9	58	-9999.9	3	18.0	3
2025 06 06 14	0.44	0.43	5.1	4.9	5.6	0.92	-9999.9	3	166	-9999.9	59	-9999.9	3	18.3	3
2025 06 06 15	0.47	0.46	4.3	4.3	5.5	0.76	-9999.9	3	140	-9999.9	59	-9999.9	3	18.5	3
2025 06 06 16	0.43	0.39	4.4	4.4	7.0	0.57	-9999.9	3	131	-9999.9	65	-9999.9	3	17.9	3
2025 06 06 17	0.35	0.33	3.8	3.9	5.8	0.54	-9999.9	3	107	-9999.9	60	-9999.9	3	18.2	3
2025 06 06 18	0.33	0.32	4.7	4.5	8.6	0.53	-9999.9	3	131	-9999.9	60	-9999.9	3	18.5	3
2025 06 06 19	0.27	0.26	4.0	4.2	5.6	0.43	-9999.9	3	123	-9999.9	62	-9999.9	3	18.0	3
2025 06 06 20	0.28	0.27	4.1	4.1	6.2	0.37	-9999.9	3	97	-9999.9	55	-9999.9	3	17.9	3
2025 06 06 21	0.36	0.34	4.3	4.3	5.4	0.53	-9999.9	3	213	-9999.9	48	-9999.9	3	17.5	3
2025 06 06 22	0.47	0.45	4.2	4.3	5.3	0.81	-9999.9	3	227	-9999.9	32	-9999.9	3	17.4	3
2025 06 06 23	0.32	0.29	3.5	3.6	5.1	0.5	-9999.9	3	173	-9999.9	55	-9999.9	3	17.4	3
2025 06 07 00	0.28	0.27	3.6	3.8	5.2	0.49	-9999.9	3	192	-9999.9	52	-9999.9	3	17.4	3
2025 06 07 01	0.26	0.25	3.8	3.9	4.7	0.38	-9999.9	3	146	-9999.9	50	-9999.9	3	17.1	3
2025 06 07 02	0.28	0.27	4.1	4.1	4.7	0.44	-9999.9	3	120	-9999.9	54	-9999.9	3	17.9	3
2025 06 07 03	0.35	0.33	3.6	3.6	4.1	0.61	-9999.9	3	104	-9999.9	55	-9999.9	3	17.8	3
2025 06 07 04	0.36	0.34	3.8	3.7	4.1	0.61	-9999.9	3	76	-9999.9	54	-9999.9	3	17.8	3
2025 06 07 05	0.33	0.31	3.2	3.2	3.4	0.55	-9999.9	3	73	-9999.9	47	-9999.9	3	18.3	3
2025 06 07 06	0.34	0.32	3.3	3.5	8.7	0.46	-9999.9	3	92	-9999.9	50	-9999.9	3	18.0	3
2025 06 07 07	0.38	0.36	3.3	3.3	4.4	0.61	-9999.9	3	80	-9999.9	38	-9999.9	3	18.0	3
2025 06 07 08	0.36	0.34	2.9	3.0	3.7	0.65	-9999.9	3	80	-9999.9	43	-9999.9	3	18.4	3
2025 06 07 09	0.37	0.35	2.7	2.9	3.2	0.73	-9999.9	3	84	-9999.9	51	-9999.9	3	19.2	3
2025 06 07 10	0.43	0.4	2.9	3.1	6.3	0.65	-9999.9	3	80	-9999.9	45	-9999.9	3	18.6	3
2025 06 07 11	0.43	0.41	3.1	3.1	3.1	0.69	-9999.9	3	76	-9999.9	42	-9999.9	3	18.5	3
2025 06 07 12	0.37	0.34	3.2	3.3	5.0	0.54	-9999.9	3	127	-9999.9	46	-9999.9	3	17.3	3
2025 06 07 13	0.36	0.35	3.9	3.9	4.3	0.67	-9999.9	3	95	-9999.9	55	-9999.9	3	17.6	3
2025 06 07 14	0.37	0.35	4.2	4.1	5.4	0.65	-9999.9	3	119	-9999.9	58	-9999.9	3	18.1	3
2025 06 07 15	0.47	0.45	4.3	4.2	4.6	0.76	-9999.9	3	125	-9999.9	55	-9999.9	3	17.9	3
2025 06 07 16	0.55	0.52	3.9	3.8	4.3	0.9	-9999.9	3	73	-9999.9	45	-9999.9	3	17.4	3
2025 06 07 17	0.5	0.5	3.8	3.6	4.0	0.76	-9999.9	3	75	-9999.9	45	-9999.9	3	18.1	3
2025 06 07 18	0.45	0.41	3.7	3.8	6.1	0.78	-9999.9	3	79	-9999.9	50	-9999.9	3	17.8	3
2025 06 07 19	0.39	0.37	3.3	3.3	4.1	0.56	-9999.9	3	72	-9999.9	41	-9999.9	3	17.8	3
2025 06 07 20	0.44	0.42	3.1	3.2	3.6	0.83	-9999.9	3	74	-9999.9	37	-9999.9	3	17.9	3
2025 06 07 21	0.53	0.51	2.9	3.0	3.3	0.84	-9999.9	3	73	-9999.9	35	-9999.9	3	17.6	3
2025 06 07 22	0.44	0.42	3.2	3.3	3.7	0.74	-9999.9	3	82	-9999.9	40	-9999.9	3	17.4	3
2025 06 07 23	0.54	0.52	2.9	3.0	3.6	0.84	-9999.9	3	94	-9999.9	35	-9999.9	3	17.3	3
2025 06 08 00	0.64	0.63	3.4	3.4	3.9	1.12	-9999.9	3	69	-9999.9	36	-9999.9	3	17.1	3
2025 06 08 01	0.45	0.43	3.2	3.3	3.7	0.72	-9999.9	3	55	-9999.9	40	-9999.9	3	16.6	3
2025 06 08 02	0.42	0.4	3.2	3.3	4.5	0.7	-9999.9	3	67	-9999.9	38	-9999.9	3	16.9	3
2025 06 08 03	0.4	0.38	3.9	3.9	4.9	0.99	-9999.9	3	74	-9999.9	43	-9999.9	3	17.6	3
2025 06 08 04	0.56	0.54	3.6	3.7	4.6	1.04	-9999.9	3	82	-9999.9	40	-9999.9	3	17.6	3
2025 06 08 05	0.65	0.62	3.8	3.9	4.5	1.21	-9999.9	3	60	-9999.9	40	-9999.9	3	17.6	3
2025 06 08 06	0.58	0.56	3.4	3.4	4.1	1.08	-9999.9	3	70	-9999.9	34	-9999.9	3	18.0	3
2025 06 08 07	0.55	0.53	3.3	3.4	4.0	0.82	-9999.9	3	72	-9999.9	33	-9999.9	3	18.8	3
2025 06 08 08	0.66	0.64	3.3	3.3	3.9	1.32	-9999.9	3	85	-9999.9	31	-9999.9	3	18.9	3
2025 06 08 09	0.67	0.65	3.0	3.1	3.6	1.08	-9999.9	3	78	-9999.9	30	-9999.9	3	18.9	3
2025 06 08 10	0.61	0.6	2.8	2.9	3.4	1.07	-9999.9	3	76	-9999.9	31	-9999.9	3	19.2	3
2025 06 08 11	0.56	0.54	2.9	3.0	3.4	0.95	-9999.9	3	61	-9999.9	32	-9999.9	3	19.3	3
2025 06 08 12	0.62	0.59	3.1	3.2	3.5	0.98	-9999.9	3	83	-9999.9	30	-9999.9	3	19.1	3
2025 06 08 13	0.6	0.58	3.4	3.5	3.9	0.97	-9999.9	3	62	-9999.9	37	-9999.9	3	18.4	3
2025 06 08 14	0.44	0.4	3.0	3.2	4.6	0.68	-9999.9	3	60	-9999.9	44	-9999.9	3	17.8	3
2025 06 08 15	0.46	0.45	3.9	3.9	4.7	0.83	-9999.9	3	80	-9999.9	47	-9999.9	3	18.1	3
2025 06 08 16	0.84	0.83	4.1	4.1	4.9	1.41	-9999.9	3	74	-9999.9	31	-9999.9	3	17.9	3
2025 06 08 17	0.71	0.67	4.0	4.0	4.7	1.11	-9999.9	3	51	-9999.9	40	-9999.9	3	18.3	3
2025 06 08 18	0.77	0.74	3.5	3.5	3.9	1.3	-9999.9	3	54	-9999.9	31	-9999.9	3	18.3	3
2025 06 08 19	0.77	0.75	3.5	3.5	4.5	1.27	-9999.9	3	60	-9999.9	29	-9999.9	3	18.4	3
2025 06 08 20	0.86	0.83	3.5	3.5	4.3	1.47	-9999.9	3	69	-9999.9	27	-9999.9	3	18.5	3
2025 06 08 21	0.83	0.81	2.8	2.9	3.8	1.58	-9999.9	3	72	-9999.9	29	-9999.9	3	18.6	3
2025 06 08 22	0.83	0.79	2.8	2.9	3.5	1.44	-9999.9	3	77	-9999.9	32	-9999.9	3	18.6	3
2025 06 08 23	0.85	0.82	3.0	3.0	3.6	1.25	-9999.9	3	71	-9999.9	30	-9999.9	3	18.5	3
2025 06 09 00	0.94	0.91	3.2	3.3	4.1	1.72	-9999.9	3	75	-9999.9	29	-9999.9	3	18.7	3
2025 06 09 01	1.06	1.02	3.5	3.6	4.2	2.07	-9999.9	3	70	-9999.9	25	-9999.9	3	18.6	3
2025 06 09 02	0.87	0.85	3.1	3.3	4.2	1.52	-9999.9	3	64	-9999.9	36	-9999.9	3	18.4	3
2025 06 09 03	0.6	0.58	2.7	2.8	4.1	0.94	-9999.9	3	75	-9999.9	41	-9999.9	3	17.7	3
2025 06 09 04	0.55	0.53	2.6	2.7	2.9	0.9	-9999.9	3	54	-9999.9	40	-9999.9	3	17.6	3
2025 06 09 05	0.52	0.5	2.8	2.9	4.3	0.87	-9999.9	3	75	-9999.9	42	-9999.9	3	17.8	3
2025 06 09 06	0.54	0.52	2.9	3.0	4.0	0.88	-9999.9	3	54	-9999.9	38	-9999.9	3	17.7	3
2025 06 09 07	0.48	0.45	2.7	2.9	6.0	0.73	-9999.9	3	77	-9999.9	41	-9999.9	3	17.8	3
2025 06 09 08	0.62	0.58	2.6	2.8	5.8	1.14	-9999.9	3	78	-9999.9	39	-9999.9	3	18.0	3
2025 06 09 09	0.57	0.54	2.5	3.0	5.8	0.98	-9999.9	3	94	-9999.9	50	-9999.9	3	18.1	3
2025 06 09 10	0.63	0.59	2.8	3.0	6.2	0.98	-9999.9	3	86	-9999.9	52	-9999.9	3	18.3	3
2025 06 09 11	0.74	0.7	3.0	3.2	6.2	1.2	-9999.9	3	83	-9999.9	42	-9999.9	3	18.2	3
2025 06 09 12	0.77	0.71	3.1	3.2	6.6	1.15	-9999.9	3	83	-9999.9	35	-9999.9	3	18.3	3
2025 06 09 13	0.69	0.65	3.4	3.5	6.5	1.11	-9999.9	3	87	-9999.9	35	-9999.9	3	18.4	3
2025 06 09 14	0.5	0.47	3.6	3.6	5.8	0.71	-9999.9	3	68	-9999.9	48	-9999.9	3	17.9	3
2025 06 09 15	0.52	0.49	3.0	3.1	6.5	0.83	-9999.9	3	68	-9999.9	40	-9999.9	3	17.9	3
2025 06 09 16	0.68	0.64	3.7	3.8	6.2	1.09	-9999.9	3	74	-9999.9	37	-9999.9	3	18.0	3
2025 06 09 17	0.97	0.94	4.5	4.6	6.4	1.64	-9999.9	3	57	-9999.9	31	-9999.9	3	18.1	3
2025 06 09 18	0.72	0.68	3.6	3.7	6.6	1.11	-9999.9	3	68	-9999.9	36	-9999.9	3	18.3	3
2025 06 09 19	0.7	0.66	3.4	3.5	6.3	1.0	-9999.9	3	65	-9999.9	35	-9999.9	3	18.2	3
2025 06 09 20	0.84	0.78	3.4	3.4	5.9	1.2	-9999.9	3	75	-9999.9	32	-9999.9	3	18.1	3
2025 06 09 21	1.03	0.98	3.4	3.4	6.4	1.63	-9999.9	3	80	-9999.9	33	-9999.9	3	18.2	3
2025 06 09 22	0.92	0.86	3.1	3.3	6.7	1.31	-9999.9	3	84	-9999.9	37	-9999.9	3	18.7	3
2025 06 09 23	0.87	0.83	3.4	3.6	7.0	1.43	-9999.9	3	88	-9999.9	37	-9999.9	3	18.9	3
2025 06 10 00	0.89	0.85	3.5	3.5	5.8	1.52	-9999.9	3	80	-9999.9	35	-9999.9	3	18.8	3
2025 06 10 01	0.82	0.78	3.7	3.9	6.8	1.32	-9999.9	3	92	-9999.9	33	-9999.9	3	18.7	3
2025 06 10 02	0.97	0.92	3.6	3.8	6.1	1.6	-9999.9	3	82	-9999.9	32	-9999.9	3	18.7	3
2025 06 10 03	0.89	0.83	3.7	3.7	6.5	1.42	-9999.9	3	59	-9999.9	31	-9999.9	3	17.5	3
2025 06 10 04	0.9	0.85	3.6	4.0	6.8	1.6	-9999.9	3	73	-9999.9	28	-9999.9	3	17.5	3
2025 06 10 05	0.48	0.47	3.5	3.8	5.5	0.85	-9999.9	3	86	-9999.9	39	-9999.9	3	17.4	3
2025 06 10 06	0.58	0.55	2.4	2.7	8.1	0.94	-9999.9	3	85	-9999.9	51	-9999.9	3	17.7	3
2025 06 10 07	0.55	0.51	2.5	2.7	5.4	0.89	-9999.9	3	76	-9999.9	47	-9999.9	3	17.6	3
2025 06 10 08	0.64	0.61	3.1	3.3	6.1	1.05	-9999.9	3	84	-9999.9	46	-9999.9	3	17.9	3
2025 06 10 09	0.72	0.68	2.8	3.1	5.5	1.23	-9999.9	3	75	-9999.9	37	-9999.9	3	18.1	3
2025 06 10 10	0.76	0.7	2.6	3.0	5.4	1.3	-9999.9	3	84	-9999.9	43	-9999.9	3	18.3	3
2025 06 10 11	0.76	0.71	2.8	3.1	5.5	1.27	-9999.9	3	84	-9999.9	39	-9999.9	3	18.2	3
2025 06 10 12	0.7	0.68	3.1	3.3	4.6	1.04	-9999.9	3	86	-9999.9	40	-9999.9	3	18.4	3
2025 06 10 13	0.6	0.57	3.3	3.5	4.9	0.97	-9999.9	3	100	-9999.9	39	-9999.9	3	18.4	3
2025 06 10 14	0.5	0.47	3.2	3.4	5.3	0.87	-9999.9	3	101	-9999.9	48	-9999.9	3	18.5	3
2025 06 10 15	0.4	0.38	4.4	4.3	6.6	0.72	-9999.9	3	96	-9999.9	53	-9999.9	3	17.9	3
2025 06 10 16	0.33	0.31	3.9	4.1	7.0	0.58	-9999.9	3	128	-9999.9	46	-9999.9	3	18.0	3
2025 06 10 17	0.51	0.49	4.4	4.4	6.4	0.76	-9999.9	3	89	-9999.9	41	-9999.9	3	17.8	3
2025 06 10 18	0.33	0.32	3.5	3.7	7.3	0.6	-9999.9	3	116	-9999.9	53	-9999.9	3	17.8	3
2025 06 10 19	0.31	0.29	3.9	4.0	6.8	0.53	-9999.9	3	86	-9999.9	44	-9999.9	3	18.0	3
2025 06 10 20	0.36	0.35	4.0	4.5	6.0	0.59	-9999.9	3	91	-9999.9	44	-9999.9	3	18.3	3
2025 06 10 21	0.4	0.39	3.8	4.4	6.2	0.7	-9999.9	3	90	-9999.9	39	-9999.9	3	17.8	3
2025 06 10 22	0.44	0.42	3.5	3.8	6.3	0.73	-9999.9	3	110	-9999.9	41	-9999.9	3	18.1	3
2025 06 10 23	0.35	0.33	4.2	4.2	6.6	0.59	-9999.9	3	122	-9999.9	49	-9999.9	3	18.0	3
2025 06 11 00	0.34	0.34	4.6	4.8	6.4	0.48	-9999.9	3	114	-9999.9	44	-9999.9	3	18.2	3
2025 06 11 01	0.31	0.3	3.1	4.1	7.0	0.52	-9999.9	3	118	-9999.9	43	-9999.9	3	18.1	3
2025 06 11 02	0.28	0.27	4.3	4.7	7.2	0.47	-9999.9	3	100	-9999.9	44	-9999.9	3	18.0	3
2025 06 11 03	0.3	0.29	3.5	3.7	7.3	0.45	-9999.9	3	144	-9999.9	45	-9999.9	3	17.2	3
2025 06 11 04	0.3	0.29	5.0	5.1	7.4	0.52	-9999.9	3	91	-9999.9	40	-9999.9	3	17.6	3
2025 06 11 05	0.33	0.32	5.1	5.2	7.2	0.57	-9999.9	3	85	-9999.9	39	-9999.9	3	17.8	3
2025 06 11 06	0.38	0.38	4.9	5.0	6.8	0.53	-9999.9	3	110	-9999.9	45	-9999.9	3	17.8	3
2025 06 11 07	0.35	0.33	4.1	4.5	6.8	0.48	-9999.9	3	83	-9999.9	45	-9999.9	3	17.9	3
2025 06 11 08	0.27	0.23	3.2	3.4	14.7	0.4	-9999.9	3	219	-9999.9	59	-9999.9	3	17.3	3
2025 06 11 09	0.32	0.3	3.0	3.1	4.3	0.5	-9999.9	3	239	-9999.9	45	-9999.9	3	17.5	3
2025 06 11 10	0.34	0.32	3.4	3.5	8.3	0.6	-9999.9	3	220	-9999.9	44	-9999.9	3	17.7	3
2025 06 11 11	0.37	0.35	2.7	2.9	5.1	0.58	-9999.9	3	234	-9999.9	46	-9999.9	3	17.6	3
2025 06 11 12	0.33	0.32	2.6	3.2	6.8	0.52	-9999.9	3	191	-9999.9	44	-9999.9	3	17.8	3
2025 06 11 13	0.34	0.33	2.6	3.0	18.3	0.54	-9999.9	3	227	-9999.9	46	-9999.9	3	17.9	3
2025 06 11 14	0.28	0.27	2.7	3.2	8.1	0.44	-9999.9	3	196	-9999.9	53	-9999.9	3	17.9	3
2025 06 11 15	0.2	0.19	3.4	3.5	7.6	0.34	-9999.9	3	152	-9999.9	61	-9999.9	3	17.9	3
2025 06 11 16	0.22	0.21	3.2	3.3	8.7	0.33	-9999.9	3	181	-9999.9	52	-9999.9	3	17.9	3
2025 06 11 17	0.26	0.24	3.0	3.0	6.3	0.45	-9999.9	3	176	-9999.9	48	-9999.9	3	17.6	3
2025 06 11 18	0.27	0.26	2.4	2.8	3.9	0.58	-9999.9	3	172	-9999.9	57	-9999.9	3	16.6	3
2025 06 11 19	0.25	0.24	2.4	2.6	3.6	0.41	-9999.9	3	144	-9999.9	63	-9999.9	3	17.3	3
2025 06 11 20	0.23	0.22	2.3	2.6	6.3	0.36	-9999.9	3	231	-9999.9	61	-9999.9	3	17.7	3
2025 06 11 21	0.18	0.18	2.3	2.8	4.2	0.31	-9999.9	3	162	-9999.9	58	-9999.9	3	17.9	3
2025 06 11 22	0.22	0.21	2.7	3.2	4.4	0.36	-9999.9	3	109	-9999.9	47	-9999.9	3	18.3	3
2025 06 11 23	0.21	0.21	2.2	2.9	3.5	0.4	-9999.9	3	151	-9999.9	40	-9999.9	3	18.1	3
2025 06 12 00	0.17	0.17	2.2	2.7	5.4	0.29	-9999.9	3	183	-9999.9	52	-9999.9	3	18.6	3
2025 06 12 01	0.15	0.15	2.2	2.8	5.8	0.28	-9999.9	3	173	-9999.9	46	-9999.9	3	18.3	3
2025 06 12 02	0.19	0.18	2.8	3.5	6.2	0.31	-9999.9	3	151	-9999.9	48	-9999.9	3	18.2	3
2025 06 12 03	0.2	0.19	3.2	3.4	5.9	0.38	-9999.9	3	188	-9999.9	43	-9999.9	3	16.3	3
2025 06 12 04	0.4	0.38	2.9	3.2	4.7	0.68	-9999.9	3	218	-9999.9	28	-9999.9	3	16.0	3
2025 06 12 05	0.31	0.3	3.7	3.6	4.6	0.54	-9999.9	3	194	-9999.9	50	-9999.9	3	16.8	3
2025 06 12 06	0.36	0.35	4.0	4.0	4.8	0.67	-9999.9	3	156	-9999.9	56	-9999.9	3	17.3	3
2025 06 12 07	0.47	0.44	4.2	4.1	7.5	0.75	-9999.9	3	132	-9999.9	63	-9999.9	3	17.5	3
2025 06 12 08	0.36	0.34	3.4	3.7	7.4	0.63	-9999.9	3	137	-9999.9	60	-9999.9	3	17.3	3
2025 06 12 09	0.29	0.28	3.2	3.4	4.8	0.42	-9999.9	3	198	-9999.9	55	-9999.9	3	16.9	3
2025 06 12 10	0.37	0.36	3.5	3.7	5.7	0.56	-9999.9	3	213	-9999.9	44	-9999.9	3	17.6	3
2025 06 12 11	0.33	0.31	2.9	3.2	8.0	0.52	-9999.9	3	231	-9999.9	42	-9999.9	3	17.0	3
2025 06 12 12	0.4	0.37	2.8	3.0	9.4	0.62	-9999.9	3	232	-9999.9	40	-9999.9	3	17.1	3
2025 06 12 13	0.37	0.35	2.5	2.7	3.5	0.55	-9999.9	3	238	-9999.9	38	-9999.9	3	17.1	3
2025 06 12 14	0.62	0.59	2.8	3.1	4.6	1.24	-9999.9	3	257	-9999.9	28	-9999.9	3	17.3	3
2025 06 12 15	0.44	0.42	2.8	3.1	3.8	0.82	-9999.9	3	219	-9999.9	43	-9999.9	3	17.6	3
2025 06 12 16	0.41	0.4	3.0	3.1	4.7	0.65	-9999.9	3	194	-9999.9	49	-9999.9	3	17.1	3
2025 06 12 17	0.35	0.34	3.1	3.1	4.5	0.64	-9999.9	3	191	-9999.9	47	-9999.9	3	17.6	3
2025 06 12 18	0.45	0.42	3.5	3.4	6.1	0.65	-9999.9	3	188	-9999.9	49	-9999.9	3	17.7	3
2025 06 12 19	0.4	0.4	2.9	3.2	4.3	0.71	-9999.9	3	138	-9999.9	60	-9999.9	3	17.6	3
2025 06 12 20	0.34	0.32	2.7	3.0	4.4	0.51	-9999.9	3	163	-9999.9	60	-9999.9	3	17.4	3
2025 06 12 21	0.34	0.33	2.6	3.0	4.7	0.58	-9999.9	3	199	-9999.9	58	-9999.9	3	17.8	3
2025 06 12 22	0.29	0.28	2.9	3.4	4.3	0.59	-9999.9	3	188	-9999.9	57	-9999.9	3	17.9	3
2025 06 12 23	0.29	0.29	2.3	2.9	4.9	0.55	-9999.9	3	159	-9999.9	56	-9999.9	3	18.6	3
2025 06 13 00	0.31	0.3	2.2	2.4	2.7	0.47	-9999.9	3	202	-9999.9	44	-9999.9	3	18.9	3
2025 06 13 01	0.32	0.31	2.4	2.7	4.8	0.56	-9999.9	3	211	-9999.9	39	-9999.9	3	18.0	3
2025 06 13 02	0.31	0.29	2.4	2.9	5.1	0.54	-9999.9	3	210	-9999.9	42	-9999.9	3	18.7	3
2025 06 13 03	0.31	0.3	2.6	3.1	5.1	0.48	-9999.9	3	204	-9999.9	47	-9999.9	3	19.5	3
2025 06 13 04	0.53	0.5	2.9	3.2	5.2	1.0	-9999.9	3	210	-9999.9	35	-9999.9	3	-9999.9	3
2025 06 13 05	0.63	0.61	3.9	3.8	5.4	0.87	-9999.9	3	208	-9999.9	28	-9999.9	3	-9999.9	3
2025 06 13 07	0.52	0.5	4.2	4.3	5.6	0.84	-9999.9	3	166	-9999.9	55	-9999.9	3	17.2	3
2025 06 13 08	0.59	0.56	3.6	3.8	5.1	1.09	-9999.9	3	175	-9999.9	52	-9999.9	3	16.7	3
2025 06 13 09	0.38	0.36	3.2	3.2	5.7	0.66	-9999.9	3	167	-9999.9	60	-9999.9	3	16.6	3
2025 06 13 10	0.35	0.32	3.2	3.5	8.7	0.52	-9999.9	3	209	-9999.9	52	-9999.9	3	17.7	3
2025 06 13 11	0.36	0.34	3.1	3.2	8.3	0.59	-9999.9	3	211	-9999.9	40	-9999.9	3	17.3	3
2025 06 13 12	0.36	0.33	3.1	3.2	4.3	0.52	-9999.9	3	222	-9999.9	35	-9999.9	3	17.5	3
2025 06 13 13	0.36	0.34	3.1	3.1	4.2	0.62	-9999.9	3	222	-9999.9	35	-9999.9	3	17.9	3
2025 06 13 14	0.37	0.34	2.9	3.1	5.8	0.55	-9999.9	3	220	-9999.9	42	-9999.9	3	18.2	3
2025 06 13 15	0.47	0.44	3.1	3.4	6.1	0.84	-9999.9	3	232	-9999.9	34	-9999.9	3	17.7	3
2025 06 13 16	0.34	0.33	3.4	3.8	4.9	0.6	-9999.9	3	191	-9999.9	54	-9999.9	3	18.5	3
2025 06 13 17	0.29	0.27	3.5	3.7	5.4	0.52	-9999.9	3	153	-9999.9	59	-9999.9	3	18.3	3
2025 06 13 18	0.43	0.41	4.1	4.2	5.4	0.74	-9999.9	3	171	-9999.9	54	-9999.9	3	17.5	3
2025 06 13 19	0.47	0.45	3.6	3.7	4.4	0.85	-9999.9	3	151	-9999.9	56	-9999.9	3	17.6	3
2025 06 13 20	0.48	0.46	3.3	3.3	5.8	0.84	-9999.9	3	175	-9999.9	52	-9999.9	3	17.5	3
2025 06 13 21	0.33	0.31	3.2	3.3	4.4	0.5	-9999.9	3	168	-9999.9	63	-9999.9	3	17.4	3
2025 06 13 22	0.4	0.38	3.6	3.7	5.7	0.67	-9999.9	3	161	-9999.9	56	-9999.9	3	17.6	3
2025 06 13 23	0.3	0.29	3.4	3.5	4.8	0.51	-9999.9	3	123	-9999.9	56	-9999.9	3	18.0	3
2025 06 14 00	0.3	0.29	3.5	3.6	4.3	0.48	-9999.9	3	109	-9999.9	49	-9999.9	3	19.6	3
2025 06 14 01	0.21	0.2	3.9	4.1	5.6	0.36	-9999.9	3	148	-9999.9	59	-9999.9	3	19.4	3
2025 06 14 02	0.25	0.24	4.5	4.5	6.0	0.39	-9999.9	3	137	-9999.9	56	-9999.9	3	19.0	3
2025 06 14 03	0.27	0.26	4.7	4.7	5.6	0.4	-9999.9	3	187	-9999.9	58	-9999.9	3	19.8	3
2025 06 14 04	0.3	0.29	4.5	4.8	6.1	0.48	-9999.9	3	210	-9999.9	49	-9999.9	3	19.6	3
2025 06 14 05	0.43	0.43	4.3	4.4	5.9	0.71	-9999.9	3	213	-9999.9	45	-9999.9	3	-9999.9	3
2025 06 14 06	0.57	0.54	4.0	4.1	5.6	0.91	-9999.9	3	207	-9999.9	33	-9999.9	3	-9999.9	3
2025 06 14 07	0.49	0.46	4.8	4.9	8.6	0.78	-9999.9	3	174	-9999.9	59	-9999.9	3	18.4	3
2025 06 14 08	0.5	0.48	4.4	4.4	6.7	0.76	-9999.9	3	187	-9999.9	56	-9999.9	3	17.2	3
2025 06 14 09	0.44	0.41	3.7	3.9	5.9	0.79	-9999.9	3	188	-9999.9	50	-9999.9	3	16.7	3
2025 06 14 10	0.42	0.39	4.2	4.5	8.6	0.71	-9999.9	3	202	-9999.9	35	-9999.9	3	17.0	3
2025 06 14 11	0.32	0.3	3.8	4.3	6.7	0.58	-9999.9	3	136	-9999.9	58	-9999.9	3	19.1	3
2025 06 14 12	0.38	0.36	4.3	4.7	9.6	0.66	-9999.9	3	211	-9999.9	45	-9999.9	3	18.9	3
2025 06 14 13	0.36	0.34	3.7	4.0	5.9	0.71	-9999.9	3	219	-9999.9	42	-9999.9	3	18.1	3
2025 06 14 14	0.43	0.41	4.2	4.3	8.5	0.62	-9999.9	3	220	-9999.9	36	-9999.9	3	18.2	3
2025 06 14 15	0.48	0.46	3.7	3.8	5.9	0.68	-9999.9	3	228	-9999.9	39	-9999.9	3	18.2	3
2025 06 14 16	0.51	0.48	3.6	3.8	5.4	0.81	-9999.9	3	227	-9999.9	41	-9999.9	3	18.3	3
2025 06 14 17	0.4	0.37	5.2	5.0	7.7	0.61	-9999.9	3	168	-9999.9	62	-9999.9	3	19.3	3
2025 06 14 18	0.44	0.43	4.8	4.8	6.9	0.75	-9999.9	3	151	-9999.9	53	-9999.9	3	18.0	3
2025 06 14 19	0.59	0.58	4.7	4.6	5.0	1.07	-9999.9	3	144	-9999.9	53	-9999.9	3	17.7	3
2025 06 14 20	0.49	0.47	3.7	3.7	5.1	0.78	-9999.9	3	147	-9999.9	56	-9999.9	3	17.7	3
2025 06 14 21	0.42	0.39	3.2	3.4	4.9	0.71	-9999.9	3	141	-9999.9	60	-9999.9	3	17.7	3
2025 06 14 22	0.34	0.32	3.6	3.8	9.3	0.52	-9999.9	3	120	-9999.9	58	-9999.9	3	17.8	3
2025 06 14 23	0.31	0.29	3.9	3.9	4.6	0.5	-9999.9	3	102	-9999.9	57	-9999.9	3	17.9	3
2025 06 15 00	0.35	0.33	3.9	3.9	5.9	0.53	-9999.9	3	102	-9999.9	43	-9999.9	3	19.3	3
2025 06 15 01	0.23	0.22	3.6	3.8	6.0	0.4	-9999.9	3	120	-9999.9	51	-9999.9	3	19.8	3
2025 06 15 02	0.24	0.23	4.3	4.5	6.2	0.36	-9999.9	3	169	-9999.9	51	-9999.9	3	18.6	3
2025 06 15 03	0.24	0.23	4.5	4.5	6.8	0.4	-9999.9	3	173	-9999.9	54	-9999.9	3	18.1	3
2025 06 15 04	0.24	0.23	4.9	5.1	6.4	0.35	-9999.9	3	166	-9999.9	62	-9999.9	3	19.6	3
2025 06 15 06	0.42	0.41	4.9	4.7	7.9	0.79	-9999.9	3	217	-9999.9	41	-9999.9	3	-9999.9	3
2025 06 15 07	0.44	0.43	4.2	4.5	6.0	0.69	-9999.9	3	188	-9999.9	51	-9999.9	3	17.4	3
2025 06 15 08	0.48	0.46	4.6	4.7	5.6	0.92	-9999.9	3	150	-9999.9	61	-9999.9	3	18.1	3
2025 06 15 09	0.47	0.45	4.5	4.5	5.6	0.79	-9999.9	3	138	-9999.9	58	-9999.9	3	17.5	3
2025 06 15 10	0.56	0.53	3.9	4.0	6.1	1.01	-9999.9	3	192	-9999.9	50	-9999.9	3	17.5	3
2025 06 15 11	0.43	0.41	4.9	5.1	6.9	0.73	-9999.9	3	130	-9999.9	66	-9999.9	3	18.7	3
2025 06 15 12	0.36	0.34	3.9	4.1	8.7	0.62	-9999.9	3	179	-9999.9	57	-9999.9	3	18.9	3
2025 06 15 13	0.31	0.29	4.6	4.5	6.2	0.49	-9999.9	3	173	-9999.9	55	-9999.9	3	18.2	3
2025 06 15 14	0.41	0.4	5.0	5.0	8.8	0.61	-9999.9	3	220	-9999.9	42	-9999.9	3	18.8	3
2025 06 15 15	0.41	0.38	3.3	4.2	8.2	0.73	-9999.9	3	230	-9999.9	45	-9999.9	3	18.8	3
2025 06 15 16	0.46	0.43	3.5	4.0	5.9	0.7	-9999.9	3	220	-9999.9	43	-9999.9	3	18.9	3
2025 06 15 17	0.58	0.56	3.2	3.4	5.3	0.88	-9999.9	3	193	-9999.9	43	-9999.9	3	18.5	3
2025 06 15 18	0.58	0.53	4.2	4.1	9.1	0.81	-9999.9	3	94	-9999.9	58	-9999.9	3	19.0	3
2025 06 15 19	0.5	0.47	4.2	4.3	5.6	0.85	-9999.9	3	103	-9999.9	52	-9999.9	3	18.0	3
2025 06 15 20	0.59	0.57	4.2	4.2	4.9	0.9	-9999.9	3	130	-9999.9	54	-9999.9	3	18.1	3
2025 06 15 21	0.53	0.5	3.2	3.4	4.3	0.91	-9999.9	3	77	-9999.9	47	-9999.9	3	18.0	3
2025 06 15 22	0.51	0.49	3.1	3.2	4.1	0.74	-9999.9	3	70	-9999.9	38	-9999.9	3	18.2	3
2025 06 15 23	0.74	0.7	3.5	3.6	4.0	1.08	-9999.9	3	70	-9999.9	32	-9999.9	3	18.9	3
2025 06 16 00	0.77	0.74	3.2	3.3	3.7	1.41	-9999.9	3	81	-9999.9	29	-9999.9	3	18.4	3
2025 06 16 01	0.66	0.63	2.9	3.0	3.6	1.05	-9999.9	3	84	-9999.9	32	-9999.9	3	18.6	3
2025 06 16 02	0.55	0.53	2.5	2.7	3.2	0.94	-9999.9	3	78	-9999.9	38	-9999.9	3	19.0	3
2025 06 16 03	0.51	0.48	2.5	2.7	2.9	0.92	-9999.9	3	95	-9999.9	39	-9999.9	3	18.6	3
2025 06 16 04	0.55	0.53	2.6	2.7	3.1	0.91	-9999.9	3	86	-9999.9	39	-9999.9	3	19.0	3
2025 06 16 05	0.65	0.62	3.0	3.1	3.3	1.09	-9999.9	3	81	-9999.9	33	-9999.9	3	19.6	3
2025 06 16 06	0.64	0.62	3.0	3.0	3.4	1.28	-9999.9	3	79	-9999.9	35	-9999.9	3	19.3	3
2025 06 16 07	0.69	0.66	3.1	3.2	3.5	1.09	-9999.9	3	68	-9999.9	29	-9999.9	3	17.6	3
2025 06 16 08	0.61	0.59	2.9	3.0	3.3	0.98	-9999.9	3	64	-9999.9	38	-9999.9	3	17.7	3
2025 06 16 09	0.71	0.68	3.7	3.7	4.4	1.08	-9999.9	3	79	-9999.9	41	-9999.9	3	18.0	3
2025 06 16 10	0.69	0.64	3.1	3.2	4.1	1.09	-9999.9	3	71	-9999.9	36	-9999.9	3	18.4	3
2025 06 16 11	0.74	0.71	2.9	3.1	3.7	1.43	-9999.9	3	65	-9999.9	39	-9999.9	3	18.4	3
2025 06 16 12	0.58	0.57	2.4	2.5	5.9	1.06	-9999.9	3	73	-9999.9	44	-9999.9	3	18.4	3
2025 06 16 13	0.52	0.51	2.2	2.4	2.7	0.84	-9999.9	3	85	-9999.9	44	-9999.9	3	18.8	3
2025 06 16 14	0.68	0.66	2.3	2.5	2.9	1.19	-9999.9	3	75	-9999.9	36	-9999.9	3	18.6	3
2025 06 16 15	0.66	0.64	2.4	2.5	3.1	1.18	-9999.9	3	86	-9999.9	34	-9999.9	3	18.8	3
2025 06 16 16	0.82	0.78	2.6	2.7	3.0	1.53	-9999.9	3	85	-9999.9	34	-9999.9	3	18.9	3
2025 06 16 17	0.7	0.68	2.7	2.8	3.3	1.19	-9999.9	3	98	-9999.9	32	-9999.9	3	19.2	3
2025 06 16 18	0.69	0.68	2.6	2.8	3.4	1.14	-9999.9	3	83	-9999.9	34	-9999.9	3	18.6	3
2025 06 16 19	0.64	0.63	3.1	3.2	3.8	1.12	-9999.9	3	66	-9999.9	36	-9999.9	3	18.5	3
2025 06 16 20	0.47	0.44	2.6	2.8	4.1	0.75	-9999.9	3	62	-9999.9	46	-9999.9	3	17.8	3
2025 06 16 21	0.56	0.53	2.3	2.5	2.3	1.04	-9999.9	3	74	-9999.9	44	-9999.9	3	18.0	3
2025 06 16 22	0.58	0.57	3.3	3.4	4.5	1.06	-9999.9	3	57	-9999.9	33	-9999.9	3	18.8	3
2025 06 16 23	0.54	0.52	2.5	2.7	10.7	1.12	-9999.9	3	83	-9999.9	52	-9999.9	3	18.1	3
2025 06 17 00	0.66	0.64	3.5	3.5	4.7	0.97	-9999.9	3	73	-9999.9	32	-9999.9	3	19.1	3
2025 06 17 01	0.75	0.71	3.3	3.4	4.5	1.35	-9999.9	3	80	-9999.9	29	-9999.9	3	19.1	3
2025 06 17 02	0.83	0.8	3.1	3.1	3.8	1.51	-9999.9	3	82	-9999.9	35	-9999.9	3	19.1	3
2025 06 17 03	0.64	0.62	2.7	2.8	3.4	1.04	-9999.9	3	93	-9999.9	39	-9999.9	3	19.0	3
2025 06 17 04	0.61	0.59	2.7	2.8	3.2	0.92	-9999.9	3	97	-9999.9	38	-9999.9	3	18.9	3
2025 06 17 05	0.56	0.54	2.5	2.7	2.8	0.88	-9999.9	3	83	-9999.9	38	-9999.9	3	18.7	3
2025 06 17 06	0.66	0.63	2.9	3.0	3.3	0.95	-9999.9	3	84	-9999.9	34	-9999.9	3	19.1	3
2025 06 17 07	0.69	0.67	3.1	3.2	4.2	1.2	-9999.9	3	87	-9999.9	33	-9999.9	3	19.1	3
2025 06 17 08	0.84	0.79	3.4	3.5	4.8	1.57	-9999.9	3	68	-9999.9	33	-9999.9	3	17.9	3
2025 06 17 09	0.69	0.65	3.0	3.1	3.7	1.08	-9999.9	3	57	-9999.9	32	-9999.9	3	18.2	3
2025 06 17 10	0.75	0.72	3.5	3.5	5.4	1.28	-9999.9	3	72	-9999.9	31	-9999.9	3	18.5	3
2025 06 17 11	0.54	0.52	2.6	3.1	5.0	0.87	-9999.9	3	71	-9999.9	46	-9999.9	3	18.5	3
2025 06 17 12	0.64	0.62	3.3	3.5	4.8	1.0	-9999.9	3	67	-9999.9	36	-9999.9	3	18.6	3
2025 06 17 13	0.57	0.55	3.2	3.4	4.0	1.14	-9999.9	3	87	-9999.9	50	-9999.9	3	18.7	3
2025 06 17 14	0.68	0.64	3.0	3.2	5.8	1.14	-9999.9	3	81	-9999.9	36	-9999.9	3	18.8	3
2025 06 17 15	0.64	0.59	2.5	2.7	4.1	0.95	-9999.9	3	83	-9999.9	42	-9999.9	3	19.0	3
2025 06 17 16	0.55	0.51	2.4	2.6	8.9	0.83	-9999.9	3	97	-9999.9	46	-9999.9	3	19.2	3
2025 06 17 17	0.53	0.5	2.5	2.8	7.3	0.82	-9999.9	3	82	-9999.9	42	-9999.9	3	19.2	3
2025 06 17 18	0.57	0.54	2.6	2.9	7.1	1.04	-9999.9	3	90	-9999.9	35	-9999.9	3	19.2	3
2025 06 17 19	0.47	0.44	3.1	3.1	3.4	0.81	-9999.9	3	82	-9999.9	33	-9999.9	3	19.1	3
2025 06 17 20	0.39	0.37	3.5	3.8	6.9	0.6	-9999.9	3	70	-9999.9	36	-9999.9	3	18.3	3
2025 06 17 21	0.3	0.28	2.4	2.7	4.0	0.54	-9999.9	3	93	-9999.9	50	-9999.9	3	18.2	3
2025 06 17 22	0.39	0.38	2.8	3.0	3.9	0.64	-9999.9	3	90	-9999.9	52	-9999.9	3	18.7	3
2025 06 17 23	0.53	0.5	3.4	3.5	4.2	0.86	-9999.9	3	63	-9999.9	39	-9999.9	3	18.9	3
2025 06 18 00	0.39	0.38	3.2	3.4	5.4	0.62	-9999.9	3	73	-9999.9	39	-9999.9	3	19.1	3
2025 06 18 01	0.29	0.28	3.6	3.9	5.8	0.51	-9999.9	3	80	-9999.9	43	-9999.9	3	19.2	3
2025 06 18 02	0.33	0.32	4.1	4.5	5.7	0.51	-9999.9	3	91	-9999.9	33	-9999.9	3	19.2	3
2025 06 18 03	0.31	0.3	4.5	4.4	5.4	0.56	-9999.9	3	84	-9999.9	38	-9999.9	3	19.2	3
2025 06 18 04	0.28	0.27	4.0	4.0	5.8	0.5	-9999.9	3	107	-9999.9	45	-9999.9	3	19.1	3
2025 06 18 05	0.29	0.28	3.8	4.1	5.8	0.55	-9999.9	3	102	-9999.9	42	-9999.9	3	19.0	3
2025 06 18 06	0.32	0.3	4.4	4.6	6.1	0.53	-9999.9	3	110	-9999.9	42	-9999.9	3	18.9	3
2025 06 18 07	0.32	0.3	3.7	3.7	7.3	0.52	-9999.9	3	112	-9999.9	44	-9999.9	3	19.1	3
2025 06 18 08	0.41	0.38	2.9	3.1	4.2	0.88	-9999.9	3	72	-9999.9	41	-9999.9	3	-9999.9	3
2025 06 18 09	0.35	0.33	2.9	3.3	5.9	0.53	-9999.9	3	90	-9999.9	57	-9999.9	3	17.0	3
2025 06 18 10	0.38	0.36	3.5	3.7	7.8	0.55	-9999.9	3	83	-9999.9	42	-9999.9	3	17.4	3
2025 06 18 11	0.42	0.41	3.8	3.9	5.0	0.68	-9999.9	3	79	-9999.9	34	-9999.9	3	18.2	3
2025 06 18 12	0.52	0.51	3.4	3.5	4.2	0.75	-9999.9	3	94	-9999.9	41	-9999.9	3	18.1	3
2025 06 18 13	0.52	0.5	3.4	3.5	4.1	0.82	-9999.9	3	55	-9999.9	37	-9999.9	3	17.6	3
2025 06 18 14	0.51	0.49	3.3	3.5	6.2	0.83	-9999.9	3	72	-9999.9	37	-9999.9	3	19.3	3
2025 06 18 15	0.4	0.38	2.6	2.9	5.4	0.6	-9999.9	3	93	-9999.9	48	-9999.9	3	19.8	3
2025 06 18 16	0.31	0.29	2.4	2.9	10.2	0.56	-9999.9	3	134	-9999.9	48	-9999.9	3	19.6	3
2025 06 18 17	0.34	0.33	2.4	2.6	7.7	0.62	-9999.9	3	125	-9999.9	51	-9999.9	3	19.0	3
2025 06 18 18	0.43	0.4	2.8	3.3	7.9	0.84	-9999.9	3	132	-9999.9	46	-9999.9	3	19.2	3
2025 06 18 19	0.39	0.37	2.3	2.6	3.0	0.61	-9999.9	3	97	-9999.9	41	-9999.9	3	19.1	3
2025 06 18 20	0.39	0.38	3.4	3.2	3.3	0.64	-9999.9	3	85	-9999.9	40	-9999.9	3	18.7	3
2025 06 18 21	0.29	0.27	3.1	3.2	3.9	0.46	-9999.9	3	61	-9999.9	40	-9999.9	3	17.7	3
2025 06 18 22	0.27	0.26	2.8	3.0	4.2	0.53	-9999.9	3	98	-9999.9	51	-9999.9	3	18.0	3
2025 06 18 23	0.37	0.35	3.6	3.7	4.5	0.74	-9999.9	3	71	-9999.9	41	-9999.9	3	17.9	3
2025 06 19 00	0.37	0.35	3.3	3.5	4.2	0.58	-9999.9	3	75	-9999.9	44	-9999.9	3	18.6	3
2025 06 19 01	0.4	0.38	3.0	3.2	3.8	0.79	-9999.9	3	77	-9999.9	47	-9999.9	3	19.0	3
2025 06 19 02	0.67	0.65	3.6	3.6	4.2	1.23	-9999.9	3	69	-9999.9	30	-9999.9	3	19.1	3
2025 06 19 03	0.79	0.76	3.2	3.3	4.0	1.26	-9999.9	3	72	-9999.9	30	-9999.9	3	19.5	3
2025 06 19 04	0.63	0.6	2.6	2.8	3.7	1.25	-9999.9	3	84	-9999.9	36	-9999.9	3	19.4	3
2025 06 19 05	0.48	0.47	2.4	2.6	2.8	0.78	-9999.9	3	76	-9999.9	36	-9999.9	3	19.3	3
2025 06 19 06	0.45	0.43	2.6	2.8	4.3	0.7	-9999.9	3	84	-9999.9	38	-9999.9	3	20.2	3
2025 06 19 07	0.54	0.52	2.7	2.8	3.2	0.87	-9999.9	3	89	-9999.9	33	-9999.9	3	20.4	3
2025 06 19 08	0.58	0.55	2.9	3.1	4.3	0.89	-9999.9	3	102	-9999.9	36	-9999.9	3	20.1	3
2025 06 19 09	0.59	0.57	2.9	3.0	3.3	0.96	-9999.9	3	68	-9999.9	31	-9999.9	3	18.5	3
2025 06 19 10	0.51	0.49	2.8	2.9	3.4	0.76	-9999.9	3	55	-9999.9	36	-9999.9	3	18.2	3
2025 06 19 11	0.42	0.4	3.0	3.1	3.9	0.85	-9999.9	3	63	-9999.9	39	-9999.9	3	18.7	3
2025 06 19 12	0.41	0.38	2.5	2.8	7.8	0.67	-9999.9	3	78	-9999.9	46	-9999.9	3	18.5	3
2025 06 19 13	0.35	0.35	2.1	2.5	27.5	0.58	-9999.9	3	116	-9999.9	63	-9999.9	3	19.5	3
2025 06 19 15	-9999.9	-9999.9	-9999.9	-9999.9	-9999.9	-9999.9	-9999.9	3	-9999.9	-9999.9	-9999.9	-9999.9	3	19.7	3
2025 06 19 16	0.56	0.54	2.4	2.6	3.0	0.92	-9999.9	3	80	-9999.9	35	-9999.9	3	19.9	3
2025 06 19 17	0.39	0.38	2.4	2.7	7.0	0.57	-9999.9	3	94	-9999.9	49	-9999.9	3	19.9	3
2025 06 19 18	0.58	0.55	2.5	2.7	3.9	0.91	-9999.9	3	81	-9999.9	37	-9999.9	3	20.3	3
2025 06 19 19	0.61	0.61	2.5	2.7	3.0	1.05	-9999.9	3	80	-9999.9	33	-9999.9	3	20.4	3
2025 06 19 20	0.64	0.62	2.7	2.8	3.3	1.07	-9999.9	3	85	-9999.9	30	-9999.9	3	20.0	3
2025 06 19 21	0.63	0.61	2.9	2.9	3.3	1.22	-9999.9	3	84	-9999.9	30	-9999.9	3	20.0	3
2025 06 19 22	0.45	0.44	2.7	2.7	3.2	0.75	-9999.9	3	56	-9999.9	43	-9999.9	3	18.8	3
2025 06 19 23	0.46	0.44	2.8	2.8	4.3	0.71	-9999.9	3	74	-9999.9	36	-9999.9	3	18.7	3
2025 06 20 00	0.41	0.4	2.2	2.5	8.0	0.68	-9999.9	3	56	-9999.9	49	-9999.9	3	18.9	3
2025 06 20 01	0.43	0.42	2.2	2.6	6.6	0.67	-9999.9	3	75	-9999.9	51	-9999.9	3	18.9	3
2025 06 20 02	0.7	0.67	3.1	3.3	4.6	1.13	-9999.9	3	58	-9999.9	33	-9999.9	3	19.3	3
2025 06 20 03	0.54	0.52	2.6	2.8	4.4	0.91	-9999.9	3	80	-9999.9	40	-9999.9	3	19.1	3
2025 06 20 04	0.61	0.59	2.4	2.6	4.0	0.99	-9999.9	3	88	-9999.9	40	-9999.9	3	19.5	3
2025 06 20 05	0.56	0.54	2.3	2.5	3.0	0.98	-9999.9	3	76	-9999.9	39	-9999.9	3	19.8	3
2025 06 20 06	0.57	0.54	2.4	2.6	6.7	0.89	-9999.9	3	78	-9999.9	38	-9999.9	3	20.0	3
2025 06 20 07	0.69	0.67	2.8	2.9	3.4	1.08	-9999.9	3	97	-9999.9	33	-9999.9	3	19.7	3
2025 06 20 08	0.58	0.56	2.7	2.9	3.7	0.96	-9999.9	3	85	-9999.9	37	-9999.9	3	20.3	3
2025 06 20 09	0.66	0.64	2.7	2.8	3.4	1.01	-9999.9	3	80	-9999.9	32	-9999.9	3	20.1	3
2025 06 20 10	0.69	0.66	2.6	2.8	3.2	1.11	-9999.9	3	84	-9999.9	38	-9999.9	3	19.8	3
2025 06 20 11	0.52	0.5	2.5	2.8	6.7	0.88	-9999.9	3	86	-9999.9	50	-9999.9	3	19.9	3
2025 06 20 12	0.49	0.47	2.3	2.7	9.4	0.79	-9999.9	3	98	-9999.9	54	-9999.9	3	20.0	3
2025 06 20 13	0.47	0.46	2.2	2.6	23.5	0.83	-9999.9	3	94	-9999.9	54	-9999.9	3	20.2	3
2025 06 20 14	0.46	0.44	2.4	2.8	8.0	0.92	-9999.9	3	154	-9999.9	48	-9999.9	3	20.1	3
2025 06 20 15	0.32	0.31	2.3	3.0	8.4	0.54	-9999.9	3	162	-9999.9	60	-9999.9	3	20.0	3
2025 06 20 16	0.41	0.39	2.5	3.1	8.7	0.75	-9999.9	3	130	-9999.9	48	-9999.9	3	20.3	3
2025 06 20 17	0.46	0.45	2.1	2.4	2.4	0.76	-9999.9	3	102	-9999.9	48	-9999.9	3	19.7	3
2025 06 20 18	0.51	0.48	2.2	2.6	10.6	0.8	-9999.9	3	95	-9999.9	48	-9999.9	3	20.1	3
2025 06 20 19	0.56	0.55	2.4	2.6	3.0	0.94	-9999.9	3	73	-9999.9	38	-9999.9	3	20.1	3
2025 06 20 20	0.65	0.62	2.6	2.8	3.4	0.94	-9999.9	3	80	-9999.9	40	-9999.9	3	20.3	3
2025 06 20 21	0.65	0.63	2.7	2.9	3.1	1.12	-9999.9	3	80	-9999.9	34	-9999.9	3	20.4	3
2025 06 20 22	0.62	0.59	2.8	2.9	3.2	1.17	-9999.9	3	78	-9999.9	32	-9999.9	3	20.3	3
2025 06 20 23	0.5	0.49	2.6	2.8	3.1	1.0	-9999.9	3	69	-9999.9	42	-9999.9	3	20.1	3
2025 06 21 00	0.6	0.58	2.6	2.8	4.0	1.11	-9999.9	3	81	-9999.9	39	-9999.9	3	19.6	3
2025 06 21 01	0.48	0.46	2.2	2.5	3.6	0.78	-9999.9	3	81	-9999.9	50	-9999.9	3	19.6	3
2025 06 21 02	0.48	0.45	2.4	2.8	16.4	0.65	-9999.9	3	102	-9999.9	58	-9999.9	3	19.5	3
2025 06 21 03	0.39	0.38	2.9	3.2	4.9	0.64	-9999.9	3	81	-9999.9	45	-9999.9	3	19.0	3
2025 06 21 04	0.28	0.26	3.1	3.4	8.1	0.46	-9999.9	3	152	-9999.9	55	-9999.9	3	19.4	3
2025 06 21 05	0.3	0.28	3.1	3.3	4.3	0.47	-9999.9	3	138	-9999.9	53	-9999.9	3	19.3	3
2025 06 21 06	0.31	0.28	3.0	3.7	8.7	0.68	-9999.9	3	180	-9999.9	46	-9999.9	3	19.3	3
2025 06 21 07	0.36	0.32	2.5	3.1	8.0	0.71	-9999.9	3	177	-9999.9	41	-9999.9	3	19.3	3
2025 06 21 08	0.46	0.43	2.5	2.8	8.9	0.87	-9999.9	3	87	-9999.9	43	-9999.9	3	19.6	3
2025 06 21 09	0.5	0.48	2.8	2.9	3.3	0.9	-9999.9	3	95	-9999.9	42	-9999.9	3	19.7	3
2025 06 21 10	0.52	0.49	3.0	3.1	4.4	0.86	-9999.9	3	98	-9999.9	42	-9999.9	3	19.7	3
2025 06 21 11	0.41	0.38	3.2	3.4	5.3	0.83	-9999.9	3	102	-9999.9	52	-9999.9	3	19.2	3
2025 06 21 12	0.35	0.33	3.2	3.6	8.6	0.51	-9999.9	3	192	-9999.9	52	-9999.9	3	19.5	3
2025 06 21 13	0.31	0.3	3.3	3.7	5.5	0.49	-9999.9	3	114	-9999.9	53	-9999.9	3	18.7	3
2025 06 21 14	0.46	0.43	3.1	3.9	8.1	0.7	-9999.9	3	179	-9999.9	50	-9999.9	3	19.4	3
2025 06 21 15	-9999.9	-9999.9	-9999.9	-9999.9	-9999.9	-9999.9	-9999.9	3	-9999.9	-9999.9	-9999.9	-9999.9	3	20.0	3
2025 06 21 16	-9999.9	-9999.9	-9999.9	-9999.9	-9999.9	-9999.9	-9999.9	3	-9999.9	-9999.9	-9999.9	-9999.9	3	20.1	3
2025 06 21 17	0.48	0.45	4.3	4.6	6.6	0.79	-9999.9	3	226	-9999.9	54	-9999.9	3	19.5	3
2025 06 21 18	0.46	0.43	3.0	3.4	7.2	0.74	-9999.9	3	138	-9999.9	44	-9999.9	3	19.0	3
2025 06 21 19	0.45	0.42	3.0	3.4	7.7	0.75	-9999.9	3	153	-9999.9	46	-9999.9	3	19.2	3
2025 06 21 20	0.4	0.38	3.3	3.9	6.7	0.57	-9999.9	3	190	-9999.9	47	-9999.9	3	19.3	3
2025 06 21 21	0.39	0.38	4.1	4.1	5.8	0.63	-9999.9	3	198	-9999.9	48	-9999.9	3	19.6	3
2025 06 21 22	0.4	0.37	3.8	4.0	5.4	0.6	-9999.9	3	190	-9999.9	57	-9999.9	3	19.7	3
2025 06 21 23	0.41	0.39	4.3	4.2	8.5	0.69	-9999.9	3	192	-9999.9	55	-9999.9	3	19.5	3
2025 06 22 00	0.42	0.39	3.5	3.7	5.6	0.63	-9999.9	3	211	-9999.9	44	-9999.9	3	19.1	3
2025 06 22 01	0.33	0.31	4.3	4.3	9.1	0.49	-9999.9	3	180	-9999.9	52	-9999.9	3	18.8	3
2025 06 22 02	0.38	0.36	4.7	4.7	9.4	0.65	-9999.9	3	188	-9999.9	48	-9999.9	3	19.3	3
2025 06 22 03	0.37	0.34	3.9	4.1	7.9	0.63	-9999.9	3	198	-9999.9	47	-9999.9	3	18.7	3
2025 06 22 04	0.3	0.27	3.5	3.8	9.4	0.52	-9999.9	3	210	-9999.9	42	-9999.9	3	18.1	3
2025 06 22 05	0.33	0.3	3.7	3.7	10.0	0.46	-9999.9	3	218	-9999.9	46	-9999.9	3	18.7	3
2025 06 22 06	0.36	0.33	4.8	4.8	9.1	0.52	-9999.9	3	222	-9999.9	44	-9999.9	3	19.0	3
2025 06 22 07	0.35	0.33	4.9	4.7	10.1	0.51	-9999.9	3	229	-9999.9	53	-9999.9	3	19.3	3
2025 06 22 08	0.39	0.36	5.4	5.4	7.2	0.58	-9999.9	3	228	-9999.9	44	-9999.9	3	19.8	3
2025 06 22 09	0.41	0.38	4.8	5.0	8.7	0.62	-9999.9	3	223	-9999.9	34	-9999.9	3	19.1	3
2025 06 22 10	0.4	0.39	4.8	4.8	6.7	0.63	-9999.9	3	210	-9999.9	43	-9999.9	3	18.8	3
2025 06 22 11	0.49	0.47	4.4	4.4	6.5	0.69	-9999.9	3	217	-9999.9	42	-9999.9	3	19.3	3
2025 06 22 12	0.47	0.43	3.8	4.0	7.9	0.74	-9999.9	3	181	-9999.9	50	-9999.9	3	18.3	3
2025 06 22 13	0.53	0.5	4.7	4.6	5.1	0.83	-9999.9	3	124	-9999.9	55	-9999.9	3	18.6	3
2025 06 22 14	0.54	0.53	5.2	5.2	7.0	0.96	-9999.9	3	139	-9999.9	54	-9999.9	3	18.4	3
2025 06 22 15	0.8	0.77	4.3	4.2	4.7	1.38	-9999.9	3	91	-9999.9	45	-9999.9	3	18.4	3
2025 06 22 16	0.73	0.7	3.6	3.6	4.4	1.08	-9999.9	3	61	-9999.9	39	-9999.9	3	18.2	3
2025 06 22 17	0.54	0.5	3.0	3.1	5.8	0.82	-9999.9	3	103	-9999.9	44	-9999.9	3	18.4	3
2025 06 22 18	0.54	0.5	2.8	3.1	7.5	1.0	-9999.9	3	119	-9999.9	43	-9999.9	3	18.5	3
2025 06 22 19	0.47	0.47	2.4	2.9	4.0	0.83	-9999.9	3	121	-9999.9	45	-9999.9	3	19.1	3
2025 06 22 20	0.44	0.41	2.4	2.7	10.7	0.69	-9999.9	3	116	-9999.9	51	-9999.9	3	19.1	3
2025 06 22 21	0.45	0.43	2.4	2.7	6.8	0.68	-9999.9	3	98	-9999.9	47	-9999.9	3	19.1	3
2025 06 22 22	0.59	0.54	3.1	3.3	4.3	0.81	-9999.9	3	117	-9999.9	42	-9999.9	3	19.3	3
2025 06 22 23	0.52	0.48	3.2	3.4	8.3	0.81	-9999.9	3	154	-9999.9	43	-9999.9	3	19.5	3
2025 06 23 00	0.48	0.45	3.5	3.5	6.4	0.72	-9999.9	3	162	-9999.9	46	-9999.9	3	19.4	3
2025 06 23 01	0.6	0.55	3.1	3.4	6.5	0.93	-9999.9	3	159	-9999.9	46	-9999.9	3	19.1	3
2025 06 23 02	0.52	0.49	3.3	3.4	7.4	0.81	-9999.9	3	158	-9999.9	56	-9999.9	3	18.5	3
2025 06 23 03	0.4	0.38	3.6	3.8	4.7	0.59	-9999.9	3	130	-9999.9	55	-9999.9	3	18.1	3
2025 06 23 04	0.46	0.43	3.8	3.9	4.9	0.71	-9999.9	3	176	-9999.9	51	-9999.9	3	18.3	3
2025 06 23 05	0.36	0.35	3.8	4.1	5.1	0.52	-9999.9	3	127	-9999.9	59	-9999.9	3	18.8	3
2025 06 23 06	0.34	0.32	3.8	4.4	8.6	0.53	-9999.9	3	214	-9999.9	43	-9999.9	3	19.0	3
2025 06 23 07	0.36	0.34	2.9	3.7	8.1	0.71	-9999.9	3	210	-9999.9	48	-9999.9	3	18.9	3
2025 06 23 08	0.36	0.34	4.4	4.5	9.4	0.69	-9999.9	3	200	-9999.9	53	-9999.9	3	19.0	3
2025 06 23 09	0.35	0.34	3.1	3.5	6.2	0.55	-9999.9	3	163	-9999.9	57	-9999.9	3	19.0	3
2025 06 23 10	0.4	0.39	4.7	4.8	8.2	0.57	-9999.9	3	215	-9999.9	43	-9999.9	3	19.0	3
2025 06 23 11	0.47	0.46	4.1	4.3	6.0	0.76	-9999.9	3	172	-9999.9	55	-9999.9	3	19.2	3
2025 06 23 12	0.52	0.51	4.5	4.6	5.9	0.84	-9999.9	3	161	-9999.9	52	-9999.9	3	19.4	3
2025 06 23 13	0.58	0.55	4.3	4.5	6.0	0.89	-9999.9	3	161	-9999.9	52	-9999.9	3	19.2	3
2025 06 23 14	0.54	0.52	5.1	5.1	6.6	0.76	-9999.9	3	125	-9999.9	62	-9999.9	3	18.7	3
2025 06 23 15	0.59	0.57	5.6	5.4	6.5	1.1	-9999.9	3	143	-9999.9	58	-9999.9	3	18.8	3
2025 06 23 16	0.8	0.77	4.7	4.7	6.2	1.31	-9999.9	3	98	-9999.9	47	-9999.9	3	19.0	3
2025 06 23 17	0.63	0.61	4.9	4.7	6.6	1.2	-9999.9	3	83	-9999.9	50	-9999.9	3	19.0	3
2025 06 23 18	0.6	0.58	4.5	4.8	6.5	1.0	-9999.9	3	111	-9999.9	44	-9999.9	3	19.1	3
2025 06 23 19	0.68	0.66	4.9	5.2	6.4	1.06	-9999.9	3	84	-9999.9	35	-9999.9	3	19.0	3
2025 06 23 20	0.66	0.64	4.8	4.8	6.1	0.91	-9999.9	3	107	-9999.9	42	-9999.9	3	18.5	3
2025 06 23 21	0.52	0.51	4.4	4.7	6.6	0.81	-9999.9	3	114	-9999.9	46	-9999.9	3	18.6	3
2025 06 23 22	0.55	0.54	4.7	5.0	6.6	0.89	-9999.9	3	128	-9999.9	50	-9999.9	3	18.9	3
2025 06 23 23	0.55	0.53	5.4	5.3	6.6	0.83	-9999.9	3	126	-9999.9	47	-9999.9	3	18.9	3
2025 06 24 00	0.56	0.55	5.1	5.5	6.7	0.9	-9999.9	3	141	-9999.9	53	-9999.9	3	19.0	3
2025 06 24 01	0.51	0.5	4.7	5.5	6.7	0.91	-9999.9	3	131	-9999.9	53	-9999.9	3	19.0	3
2025 06 24 02	0.65	0.62	4.5	4.5	6.8	1.11	-9999.9	3	179	-9999.9	45	-9999.9	3	18.6	3
2025 06 24 04	0.64	0.62	5.7	5.7	6.8	0.97	-9999.9	3	98	-9999.9	43	-9999.9	3	19.0	3
2025 06 24 05	0.74	0.71	5.3	5.2	6.7	1.11	-9999.9	3	100	-9999.9	52	-9999.9	3	18.5	3
2025 06 24 06	0.64	0.62	4.8	5.1	6.9	1.02	-9999.9	3	70	-9999.9	36	-9999.9	3	18.2	3
2025 06 24 07	0.53	0.52	4.9	5.0	6.6	0.87	-9999.9	3	86	-9999.9	51	-9999.9	3	18.3	3
2025 06 24 08	0.56	0.55	5.0	5.2	6.4	1.19	-9999.9	3	108	-9999.9	54	-9999.9	3	18.4	3
2025 06 24 09	0.59	0.57	4.6	4.9	6.2	0.93	-9999.9	3	77	-9999.9	41	-9999.9	3	19.0	3
2025 06 24 10	0.6	0.57	3.9	4.3	6.5	1.08	-9999.9	3	116	-9999.9	45	-9999.9	3	18.6	3
2025 06 24 11	0.52	0.5	4.0	4.4	6.6	0.82	-9999.9	3	155	-9999.9	49	-9999.9	3	18.6	3
2025 06 24 12	0.47	0.45	3.5	4.1	7.1	0.79	-9999.9	3	194	-9999.9	49	-9999.9	3	18.4	3
2025 06 24 13	0.48	0.45	3.7	3.8	6.4	0.83	-9999.9	3	193	-9999.9	42	-9999.9	3	18.6	3
2025 06 24 15	-9999.9	-9999.9	-9999.9	-9999.9	-9999.9	-9999.9	-9999.9	3	-9999.9	-9999.9	-9999.9	-9999.9	3	17.9	3
2025 06 24 16	0.4	0.39	4.6	4.4	6.2	0.64	-9999.9	3	163	-9999.9	54	-9999.9	3	18.3	3
2025 06 24 17	0.41	0.39	3.5	3.7	6.3	0.68	-9999.9	3	149	-9999.9	64	-9999.9	3	18.2	3
2025 06 24 18	0.28	0.26	3.0	3.6	8.6	0.43	-9999.9	3	140	-9999.9	65	-9999.9	3	18.4	3
2025 06 24 19	0.32	0.3	2.5	2.9	5.9	0.51	-9999.9	3	202	-9999.9	55	-9999.9	3	18.5	3
2025 06 24 20	0.29	0.27	4.3	4.7	8.6	0.49	-9999.9	3	161	-9999.9	58	-9999.9	3	19.8	3
2025 06 24 21	0.26	0.25	3.1	3.5	5.5	0.4	-9999.9	3	153	-9999.9	52	-9999.9	3	20.1	3
2025 06 24 22	0.23	0.21	3.0	3.3	6.4	0.34	-9999.9	3	192	-9999.9	51	-9999.9	3	18.7	3
2025 06 24 23	0.25	0.23	3.0	3.3	6.4	0.48	-9999.9	3	202	-9999.9	51	-9999.9	3	18.5	3
2025 06 25 00	0.22	0.2	2.8	3.2	6.9	0.35	-9999.9	3	200	-9999.9	48	-9999.9	3	18.4	3
2025 06 25 01	0.24	0.23	3.1	3.6	6.4	0.43	-9999.9	3	184	-9999.9	52	-9999.9	3	17.9	3
2025 06 25 02	0.31	0.29	3.4	3.7	6.5	0.53	-9999.9	3	191	-9999.9	48	-9999.9	3	18.0	3
2025 06 25 03	0.36	0.34	3.5	3.5	4.2	0.59	-9999.9	3	198	-9999.9	40	-9999.9	3	16.8	3
2025 06 25 04	0.4	0.38	3.4	3.5	4.3	0.59	-9999.9	3	188	-9999.9	45	-9999.9	3	16.0	3
2025 06 25 05	0.34	0.32	4.2	4.3	4.7	0.53	-9999.9	3	184	-9999.9	60	-9999.9	3	17.5	3
2025 06 25 06	0.45	0.43	4.0	4.2	4.8	0.83	-9999.9	3	168	-9999.9	59	-9999.9	3	17.7	3
2025 06 25 07	0.42	0.41	3.5	3.7	4.9	0.66	-9999.9	3	155	-9999.9	59	-9999.9	3	17.9	3
2025 06 25 08	0.36	0.34	3.1	3.3	5.3	0.52	-9999.9	3	219	-9999.9	44	-9999.9	3	18.0	3
2025 06 25 09	0.37	0.35	2.8	2.9	5.3	0.58	-9999.9	3	214	-9999.9	50	-9999.9	3	17.6	3
2025 06 25 10	0.35	0.32	2.7	2.9	8.7	0.57	-9999.9	3	204	-9999.9	41	-9999.9	3	17.9	3
2025 06 25 11	0.42	0.38	2.9	3.1	7.9	0.63	-9999.9	3	216	-9999.9	35	-9999.9	3	17.9	3
2025 06 25 12	0.37	0.35	2.5	2.6	2.6	0.56	-9999.9	3	224	-9999.9	40	-9999.9	3	18.0	3
2025 06 25 13	0.43	0.41	2.5	3.1	7.8	0.8	-9999.9	3	228	-9999.9	41	-9999.9	3	18.2	3
2025 06 25 14	0.37	0.34	2.8	3.3	7.6	0.61	-9999.9	3	214	-9999.9	46	-9999.9	3	17.8	3
2025 06 25 15	0.4	0.36	3.0	3.2	7.9	0.93	-9999.9	3	200	-9999.9	46	-9999.9	3	17.1	3
2025 06 25 17	0.35	0.33	3.3	3.4	5.9	0.56	-9999.9	3	178	-9999.9	51	-9999.9	3	17.7	3
2025 06 25 18	0.45	0.42	3.4	3.6	7.9	1.05	-9999.9	3	196	-9999.9	59	-9999.9	3	17.6	3
2025 06 25 19	0.27	0.25	2.8	3.2	13.0	0.39	-9999.9	3	254	-9999.9	67	-9999.9	3	18.4	3
2025 06 25 20	0.34	0.33	2.4	2.7	3.8	0.71	-9999.9	3	220	-9999.9	45	-9999.9	3	17.9	3
2025 06 25 21	0.21	0.2	2.7	3.2	4.2	0.39	-9999.9	3	173	-9999.9	60	-9999.9	3	18.6	3
2025 06 25 22	0.25	0.25	2.4	2.9	3.8	0.46	-9999.9	3	176	-9999.9	54	-9999.9	3	18.5	3
2025 06 25 23	0.24	0.23	2.3	2.7	3.7	0.44	-9999.9	3	206	-9999.9	48	-9999.9	3	18.2	3
2025 06 26 00	0.21	0.2	2.5	2.9	5.5	0.34	-9999.9	3	207	-9999.9	46	-9999.9	3	18.1	3
2025 06 26 01	0.22	0.21	2.6	3.4	6.0	0.4	-9999.9	3	216	-9999.9	43	-9999.9	3	18.1	3
2025 06 26 02	0.27	0.26	3.0	3.5	4.7	0.45	-9999.9	3	203	-9999.9	45	-9999.9	3	17.9	3
2025 06 26 03	0.25	0.24	3.5	3.7	4.4	0.5	-9999.9	3	187	-9999.9	45	-9999.9	3	17.5	3
2025 06 26 04	0.34	0.32	3.7	3.8	4.5	0.61	-9999.9	3	206	-9999.9	36	-9999.9	3	16.8	3
2025 06 26 05	0.37	0.36	3.5	3.4	4.5	0.58	-9999.9	3	191	-9999.9	48	-9999.9	3	16.4	3
2025 06 26 06	0.36	0.34	4.5	4.5	6.9	0.57	-9999.9	3	170	-9999.9	60	-9999.9	3	17.6	3
2025 06 26 07	0.45	0.42	4.2	4.2	7.2	0.69	-9999.9	3	145	-9999.9	58	-9999.9	3	17.6	3
2025 06 26 08	0.38	0.37	3.0	3.1	4.1	0.69	-9999.9	3	163	-9999.9	57	-9999.9	3	16.9	3
2025 06 26 09	0.33	0.32	3.7	4.2	5.6	0.59	-9999.9	3	214	-9999.9	44	-9999.9	3	18.0	3
2025 06 26 10	0.32	0.3	3.4	4.2	7.0	0.68	-9999.9	3	194	-9999.9	39	-9999.9	3	17.8	3
2025 06 26 11	0.28	0.26	3.6	4.2	7.4	0.49	-9999.9	3	208	-9999.9	45	-9999.9	3	18.2	3
2025 06 26 12	0.36	0.33	3.7	3.9	9.0	0.55	-9999.9	3	181	-9999.9	43	-9999.9	3	18.6	3
2025 06 26 13	0.32	0.31	3.7	3.9	5.3	0.59	-9999.9	3	225	-9999.9	44	-9999.9	3	19.0	3
2025 06 26 14	0.31	0.3	4.1	4.3	7.8	0.51	-9999.9	3	213	-9999.9	48	-9999.9	3	19.7	3
2025 06 26 15	0.33	0.32	3.7	3.7	5.4	0.62	-9999.9	3	184	-9999.9	51	-9999.9	3	19.9	3
2025 06 26 16	0.36	0.34	4.9	4.7	12.8	0.59	-9999.9	3	140	-9999.9	57	-9999.9	3	17.8	3
2025 06 26 17	0.3	0.29	4.6	4.6	5.4	0.46	-9999.9	3	152	-9999.9	59	-9999.9	3	17.7	3
2025 06 26 18	0.41	0.4	3.9	4.0	4.5	0.92	-9999.9	3	101	-9999.9	61	-9999.9	3	18.0	3
2025 06 26 19	0.38	0.35	3.0	3.4	5.4	0.59	-9999.9	3	83	-9999.9	54	-9999.9	3	17.2	3
2025 06 26 20	0.41	0.38	3.0	3.2	8.7	0.59	-9999.9	3	77	-9999.9	55	-9999.9	3	18.4	3
2025 06 26 21	0.33	0.31	2.6	3.0	8.3	0.67	-9999.9	3	113	-9999.9	52	-9999.9	3	19.1	3
2025 06 26 22	0.36	0.34	2.9	3.0	4.5	0.69	-9999.9	3	93	-9999.9	43	-9999.9	3	19.1	3
2025 06 26 23	0.52	0.51	2.7	2.8	4.0	1.06	-9999.9	3	97	-9999.9	39	-9999.9	3	18.5	3
2025 06 27 00	0.49	0.48	2.3	2.4	2.6	0.84	-9999.9	3	88	-9999.9	40	-9999.9	3	18.7	3
2025 06 27 01	0.43	0.43	2.0	2.2	2.3	0.77	-9999.9	3	99	-9999.9	42	-9999.9	3	18.3	3
2025 06 27 02	0.48	0.47	2.1	2.4	2.4	0.9	-9999.9	3	87	-9999.9	37	-9999.9	3	18.2	3
2025 06 27 03	0.48	0.47	2.5	2.6	3.0	0.77	-9999.9	3	85	-9999.9	36	-9999.9	3	18.2	3
2025 06 27 04	0.56	0.55	2.7	2.8	3.3	1.09	-9999.9	3	79	-9999.9	34	-9999.9	3	18.1	3
2025 06 27 05	0.46	0.45	2.3	2.6	3.2	0.86	-9999.9	3	76	-9999.9	40	-9999.9	3	17.8	3
2025 06 27 06	0.55	0.53	2.4	2.6	3.5	0.87	-9999.9	3	76	-9999.9	40	-9999.9	3	16.9	3
2025 06 27 07	0.56	0.52	3.3	3.4	4.3	0.99	-9999.9	3	80	-9999.9	43	-9999.9	3	18.0	3
2025 06 27 08	0.58	0.56	2.7	2.9	5.2	0.89	-9999.9	3	85	-9999.9	40	-9999.9	3	17.5	3
2025 06 27 09	0.48	0.46	2.6	2.9	10.8	0.72	-9999.9	3	148	-9999.9	53	-9999.9	3	-9999.9	-9999.9
2025 06 27 10	0.49	0.46	2.5	2.7	6.1	0.95	-9999.9	3	59	-9999.9	44	-9999.9	3	17.8	3
2025 06 27 11	-9999.9	-9999.9	-9999.9	-9999.9	-9999.9	-9999.9	-9999.9	3	-9999.9	-9999.9	-9999.9	-9999.9	3	18.2	3
2025 06 27 12	0.48	0.45	2.2	2.4	15.8	0.82	-9999.9	3	94	-9999.9	47	-9999.9	3	18.5	3
2025 06 27 13	0.58	0.58	2.1	2.3	2.6	1.05	-9999.9	3	85	-9999.9	36	-9999.9	3	18.7	3
2025 06 27 14	0.65	0.64	2.2	2.4	2.9	1.08	-9999.9	3	87	-9999.9	35	-9999.9	3	18.8	3
2025 06 27 15	0.67	0.65	2.8	2.9	6.5	0.98	-9999.9	3	101	-9999.9	31	-9999.9	3	18.9	3
2025 06 27 16	0.75	0.72	3.1	3.1	3.4	1.18	-9999.9	3	86	-9999.9	30	-9999.9	3	18.8	3
2025 06 27 17	0.61	0.59	2.6	3.0	3.7	1.32	-9999.9	3	62	-9999.9	44	-9999.9	3	18.2	3
2025 06 27 18	0.49	0.47	2.4	2.7	4.8	0.71	-9999.9	3	97	-9999.9	45	-9999.9	3	17.8	3
2025 06 27 19	0.46	0.46	2.2	2.4	2.5	0.77	-9999.9	3	75	-9999.9	45	-9999.9	3	17.8	3
2025 06 27 20	0.46	0.45	2.8	3.0	6.1	0.72	-9999.9	3	58	-9999.9	44	-9999.9	3	18.1	3
2025 06 27 21	0.42	0.41	2.2	2.3	2.2	0.8	-9999.9	3	86	-9999.9	49	-9999.9	3	18.3	3
2025 06 27 22	0.46	0.45	2.5	2.7	2.7	0.7	-9999.9	3	51	-9999.9	36	-9999.9	3	18.6	3
2025 06 27 23	0.58	0.57	2.8	3.0	3.9	0.89	-9999.9	3	69	-9999.9	35	-9999.9	3	18.8	3
2025 06 28 00	0.73	0.71	2.7	2.8	3.2	1.06	-9999.9	3	70	-9999.9	33	-9999.9	3	18.8	3
2025 06 28 01	0.59	0.57	2.3	2.5	2.9	0.89	-9999.9	3	82	-9999.9	36	-9999.9	3	18.8	3
2025 06 28 02	0.55	0.54	2.2	2.4	2.5	0.92	-9999.9	3	79	-9999.9	34	-9999.9	3	18.8	3
2025 06 28 03	0.59	0.58	2.4	2.6	2.9	1.05	-9999.9	3	89	-9999.9	33	-9999.9	3	18.8	3
2025 06 28 04	0.57	0.55	2.8	2.8	3.2	0.99	-9999.9	3	87	-9999.9	32	-9999.9	3	18.7	3
2025 06 28 05	0.68	0.65	3.0	3.1	3.5	1.05	-9999.9	3	74	-9999.9	32	-9999.9	3	18.6	3
2025 06 28 06	0.7	0.68	3.6	3.6	4.1	1.35	-9999.9	3	75	-9999.9	34	-9999.9	3	17.5	3
2025 06 28 07	0.46	0.44	2.7	2.8	4.5	0.72	-9999.9	3	87	-9999.9	52	-9999.9	3	17.5	3
2025 06 28 08	0.64	0.6	3.5	3.5	4.3	1.07	-9999.9	3	71	-9999.9	36	-9999.9	3	18.5	3
2025 06 28 10	0.45	0.44	2.2	2.3	2.2	0.78	-9999.9	3	74	-9999.9	51	-9999.9	3	-9999.9	-9999.9
2025 06 28 11	0.54	0.51	2.4	2.6	4.4	0.83	-9999.9	3	70	-9999.9	43	-9999.9	3	18.1	3
2025 06 28 12	0.7	0.67	2.4	2.6	2.8	1.06	-9999.9	3	80	-9999.9	37	-9999.9	3	18.0	3
2025 06 28 13	0.61	0.59	2.3	2.5	3.2	1.0	-9999.9	3	81	-9999.9	42	-9999.9	3	18.3	3
2025 06 28 14	0.56	0.55	2.1	2.3	5.4	1.02	-9999.9	3	89	-9999.9	39	-9999.9	3	18.4	3
2025 06 28 15	0.65	0.62	2.3	2.6	3.4	1.04	-9999.9	3	81	-9999.9	36	-9999.9	3	18.6	3
2025 06 28 16	0.57	0.56	2.5	2.6	2.7	0.97	-9999.9	3	82	-9999.9	36	-9999.9	3	18.6	3
2025 06 28 17	0.57	0.55	2.9	2.9	3.3	0.97	-9999.9	3	78	-9999.9	34	-9999.9	3	18.6	3
2025 06 28 18	0.57	0.53	3.9	4.1	4.9	0.99	-9999.9	3	73	-9999.9	50	-9999.9	3	17.9	3
2025 06 28 19	0.49	0.47	2.8	2.9	4.7	0.7	-9999.9	3	93	-9999.9	42	-9999.9	3	18.2	3
2025 06 28 20	-9999.9	-9999.9	-9999.9	-9999.9	-9999.9	-9999.9	-9999.9	3	-9999.9	-9999.9	-9999.9	-9999.9	3	17.8	3
2025 06 28 21	0.47	0.46	2.7	2.8	3.9	0.8	-9999.9	3	60	-9999.9	43	-9999.9	3	18.2	3
2025 06 28 22	0.43	0.42	2.2	2.5	19.4	0.68	-9999.9	3	69	-9999.9	47	-9999.9	3	18.5	3
2025 06 28 23	0.49	0.48	2.3	2.7	5.8	0.83	-9999.9	3	87	-9999.9	49	-9999.9	3	18.5	3
2025 06 29 00	0.77	0.74	3.0	3.1	3.5	1.24	-9999.9	3	74	-9999.9	27	-9999.9	3	18.7	3
2025 06 29 01	0.7	0.68	2.8	2.9	3.8	1.17	-9999.9	3	81	-9999.9	35	-9999.9	3	18.7	3
2025 06 29 02	0.64	0.63	2.4	2.7	3.1	1.08	-9999.9	3	86	-9999.9	36	-9999.9	3	18.7	3
2025 06 29 03	0.62	0.6	2.4	2.6	3.0	0.99	-9999.9	3	84	-9999.9	33	-9999.9	3	18.7	3
2025 06 29 04	0.65	0.63	2.9	2.9	3.5	1.18	-9999.9	3	97	-9999.9	32	-9999.9	3	18.6	3
2025 06 29 05	0.62	0.61	2.9	2.9	3.4	0.96	-9999.9	3	86	-9999.9	35	-9999.9	3	18.5	3
2025 06 29 06	0.57	0.55	2.8	2.9	3.7	0.9	-9999.9	3	65	-9999.9	37	-9999.9	3	17.6	3
2025 06 29 07	0.61	0.59	3.0	3.1	3.8	1.0	-9999.9	3	65	-9999.9	32	-9999.9	3	17.7	3
2025 06 29 08	0.85	0.81	4.8	4.8	5.5	1.51	-9999.9	3	74	-9999.9	40	-9999.9	3	18.6	3
2025 06 29 09	0.74	0.72	3.9	3.9	4.7	1.54	-9999.9	3	70	-9999.9	34	-9999.9	3	18.5	3
2025 06 29 10	0.71	0.69	3.1	3.1	3.9	1.29	-9999.9	3	79	-9999.9	31	-9999.9	3	18.4	3
2025 06 29 11	0.58	0.57	2.7	2.9	4.1	0.94	-9999.9	3	68	-9999.9	42	-9999.9	3	18.1	3
2025 06 29 12	0.6	0.57	2.6	2.8	6.5	0.98	-9999.9	3	78	-9999.9	36	-9999.9	3	18.6	3
2025 06 29 13	0.52	0.5	2.3	2.6	11.3	0.93	-9999.9	3	86	-9999.9	41	-9999.9	3	18.6	3
2025 06 29 14	0.54	0.53	2.2	2.4	3.7	0.92	-9999.9	3	92	-9999.9	41	-9999.9	3	18.7	3
2025 06 29 15	0.43	0.4	2.3	2.7	8.1	0.71	-9999.9	3	122	-9999.9	46	-9999.9	3	18.7	3
2025 06 29 16	0.58	0.55	2.4	2.7	3.8	0.88	-9999.9	3	98	-9999.9	36	-9999.9	3	18.6	3
2025 06 29 17	0.56	0.55	2.7	2.8	3.5	0.95	-9999.9	3	84	-9999.9	33	-9999.9	3	18.6	3
2025 06 29 18	0.55	0.52	3.9	3.9	4.8	1.09	-9999.9	3	64	-9999.9	48	-9999.9	3	18.0	3
2025 06 29 19	0.39	0.38	3.1	3.1	4.3	0.65	-9999.9	3	57	-9999.9	35	-9999.9	3	18.1	3
2025 06 29 20	0.5	0.48	3.7	3.7	4.8	0.77	-9999.9	3	81	-9999.9	37	-9999.9	3	17.8	3
2025 06 29 21	0.45	0.43	3.1	3.2	4.7	0.66	-9999.9	3	52	-9999.9	35	-9999.9	3	17.9	3
2025 06 29 22	0.43	0.41	2.3	2.5	2.9	0.82	-9999.9	3	53	-9999.9	41	-9999.9	3	18.0	3
2025 06 29 23	-9999.9	-9999.9	-9999.9	-9999.9	-9999.9	-9999.9	-9999.9	3	-9999.9	-9999.9	-9999.9	-9999.9	3	18.3	3
2025 06 30 00	0.53	0.49	3.0	3.1	4.9	1.04	-9999.9	3	74	-9999.9	33	-9999.9	3	19.0	3
2025 06 30 01	0.62	0.6	2.7	2.9	3.2	1.09	-9999.9	3	78	-9999.9	38	-9999.9	3	18.7	3
2025 06 30 02	0.57	0.55	2.5	2.7	3.0	0.9	-9999.9	3	85	-9999.9	39	-9999.9	3	18.5	3
2025 06 30 03	0.5	0.49	2.2	2.4	2.6	0.77	-9999.9	3	82	-9999.9	41	-9999.9	3	18.6	3
2025 06 30 04	0.46	0.44	2.3	2.5	2.8	0.79	-9999.9	3	75	-9999.9	38	-9999.9	3	18.7	3
2025 06 30 05	0.54	0.52	2.8	2.8	3.2	0.9	-9999.9	3	97	-9999.9	33	-9999.9	3	18.5	3
2025 06 30 06	0.61	0.59	3.1	3.1	3.6	0.84	-9999.9	3	67	-9999.9	34	-9999.9	3	18.4	3
2025 06 30 07	0.66	0.65	3.3	3.4	4.0	1.03	-9999.9	3	68	-9999.9	30	-9999.9	3	16.6	3
2025 06 30 08	0.52	0.49	2.9	2.9	4.2	0.72	-9999.9	3	60	-9999.9	37	-9999.9	3	16.9	3
2025 06 30 09	0.59	0.56	4.1	4.1	5.0	1.24	-9999.9	3	71	-9999.9	41	-9999.9	3	18.6	3
2025 06 30 10	0.75	0.73	3.8	3.8	4.5	1.13	-9999.9	3	67	-9999.9	30	-9999.9	3	18.2	3
2025 06 30 11	0.74	0.71	3.5	3.6	4.4	1.28	-9999.9	3	73	-9999.9	34	-9999.9	3	18.2	3
2025 06 30 12	0.49	0.47	2.4	2.6	5.9	0.88	-9999.9	3	71	-9999.9	39	-9999.9	3	18.7	3
2025 06 30 13	0.53	0.5	2.3	2.5	3.0	0.88	-9999.9	3	63	-9999.9	38	-9999.9	3	18.6	3
2025 06 30 14	0.53	0.5	2.3	2.5	19.2	0.92	-9999.9	3	79	-9999.9	35	-9999.9	3	18.9	3
2025 06 30 15	0.44	0.4	2.5	2.9	7.8	0.75	-9999.9	3	120	-9999.9	50	-9999.9	3	18.8	3
2025 06 30 16	0.53	0.5	2.3	2.5	6.7	0.91	-9999.9	3	90	-9999.9	36	-9999.9	3	18.9	3
2025 06 30 17	0.5	0.5	2.3	2.5	2.9	1.04	-9999.9	3	80	-9999.9	41	-9999.9	3	19.1	3
2025 06 30 18	0.51	0.48	2.6	2.7	3.1	0.88	-9999.9	3	89	-9999.9	33	-9999.9	3	19.0	3
2025 06 30 19	0.36	0.34	2.5	2.7	3.3	0.71	-9999.9	3	67	-9999.9	50	-9999.9	3	18.1	3
2025 06 30 20	0.26	0.25	2.3	2.5	2.8	0.4	-9999.9	3	90	-9999.9	52	-9999.9	3	18.2	3
2025 06 30 21	0.41	0.38	2.6	2.8	7.4	0.77	-9999.9	3	127	-9999.9	46	-9999.9	3	18.1	3
2025 06 30 22	0.31	0.3	2.6	2.9	3.9	0.52	-9999.9	3	75	-9999.9	44	-9999.9	3	18.1	3
2025 06 30 23	0.39	0.38	2.8	3.0	3.1	0.66	-9999.9	3	57	-9999.9	38	-9999.9	3	18.9	3
2025 07 01 00	0.41	0.39	3.1	3.2	4.3	0.62	-9999.9	3	59	-9999.9	37	-9999.9	3	18.8	3
2025 07 01 01	0.54	0.52	3.6	3.7	4.6	0.9	-9999.9	3	77	-9999.9	30	-9999.9	3	19.7	3
2025 07 01 02	0.54	0.51	3.0	3.1	4.0	0.88	-9999.9	3	88	-9999.9	34	-9999.9	3	19.9	3
2025 07 01 03	0.59	0.57	2.7	2.8	3.3	0.94	-9999.9	3	77	-9999.9	34	-9999.9	3	19.8	3
2025 07 01 04	0.54	0.52	2.5	2.7	3.2	0.86	-9999.9	3	84	-9999.9	36	-9999.9	3	19.5	3
2025 07 01 05	0.59	0.58	3.0	3.0	3.4	1.05	-9999.9	3	76	-9999.9	32	-9999.9	3	19.7	3
2025 07 01 06	0.7	0.67	3.1	3.2	3.6	1.02	-9999.9	3	85	-9999.9	32	-9999.9	3	19.8	3
2025 07 01 07	0.71	0.68	3.2	3.2	3.7	1.3	-9999.9	3	67	-9999.9	32	-9999.9	3	18.9	3
2025 07 01 08	0.65	0.6	2.9	3.1	4.2	0.98	-9999.9	3	62	-9999.9	35	-9999.9	3	17.1	3
2025 07 01 09	0.54	0.51	3.2	3.2	4.4	0.77	-9999.9	3	60	-9999.9	35	-9999.9	3	17.5	3
2025 07 01 10	0.47	0.44	3.3	3.4	6.7	1.03	-9999.9	3	73	-9999.9	36	-9999.9	3	18.1	3
2025 07 01 11	0.57	0.54	2.6	2.7	3.4	0.9	-9999.9	3	79	-9999.9	41	-9999.9	3	18.1	3
2025 07 01 12	0.6	0.58	3.3	3.4	4.2	1.02	-9999.9	3	49	-9999.9	37	-9999.9	3	18.5	3
2025 07 01 13	0.3	0.27	3.1	3.7	21.4	0.47	-9999.9	3	180	-9999.9	64	-9999.9	3	19.0	3
2025 07 01 14	0.48	0.46	2.6	2.9	5.2	0.77	-9999.9	3	79	-9999.9	38	-9999.9	3	19.2	3
2025 07 01 15	0.36	0.33	2.3	3.1	8.2	0.9	-9999.9	3	187	-9999.9	51	-9999.9	3	19.5	3
2025 07 01 16	0.38	0.34	2.5	3.1	8.7	0.61	-9999.9	3	142	-9999.9	52	-9999.9	3	19.4	3
2025 07 01 17	0.48	0.47	2.4	2.5	2.9	0.88	-9999.9	3	72	-9999.9	36	-9999.9	3	20.0	3
2025 07 01 18	0.58	0.55	2.7	2.8	7.4	1.1	-9999.9	3	94	-9999.9	33	-9999.9	3	20.3	3
2025 07 01 19	0.53	0.51	2.6	2.7	3.2	0.95	-9999.9	3	76	-9999.9	32	-9999.9	3	19.7	3
2025 07 01 20	0.43	0.41	2.3	2.7	7.7	0.65	-9999.9	3	79	-9999.9	45	-9999.9	3	19.7	3
2025 07 01 21	0.44	0.43	2.4	2.5	2.4	0.71	-9999.9	3	73	-9999.9	40	-9999.9	3	19.2	3
2025 07 01 22	0.47	0.45	2.3	2.6	4.9	0.89	-9999.9	3	80	-9999.9	45	-9999.9	3	19.0	3
2025 07 01 23	0.51	0.48	2.7	2.8	3.9	0.76	-9999.9	3	67	-9999.9	42	-9999.9	3	18.9	3
2025 07 02 00	0.58	0.55	3.5	3.8	5.0	1.06	-9999.9	3	59	-9999.9	37	-9999.9	3	19.9	3
2025 07 02 01	0.74	0.71	3.8	3.8	4.9	1.21	-9999.9	3	72	-9999.9	29	-9999.9	3	20.2	3
2025 07 02 02	0.78	0.76	3.4	3.5	4.3	1.42	-9999.9	3	82	-9999.9	30	-9999.9	3	20.0	3
2025 07 02 03	0.7	0.68	2.8	3.0	4.0	1.27	-9999.9	3	78	-9999.9	34	-9999.9	3	20.3	3
2025 07 02 04	0.65	0.63	2.7	2.8	3.3	1.12	-9999.9	3	75	-9999.9	35	-9999.9	3	20.3	3
2025 07 02 05	0.59	0.57	2.7	2.8	3.4	1.04	-9999.9	3	72	-9999.9	36	-9999.9	3	21.0	3
2025 07 02 06	0.66	0.62	3.1	3.2	3.9	0.99	-9999.9	3	73	-9999.9	37	-9999.9	3	20.6	3
2025 07 02 07	0.73	0.7	3.4	3.4	3.9	1.03	-9999.9	3	84	-9999.9	31	-9999.9	3	20.6	3
2025 07 02 08	0.73	0.7	3.6	3.5	3.9	1.08	-9999.9	3	60	-9999.9	31	-9999.9	3	19.5	3
2025 07 02 09	0.54	0.52	4.0	4.0	4.4	1.01	-9999.9	3	72	-9999.9	44	-9999.9	3	19.2	3
2025 07 02 10	0.44	0.41	2.5	3.0	7.7	0.86	-9999.9	3	127	-9999.9	44	-9999.9	3	19.4	3
2025 07 02 11	0.4	0.36	2.6	3.8	28.5	0.6	-9999.9	3	121	-9999.9	64	-9999.9	3	19.3	3
2025 07 02 12	0.47	0.44	4.1	4.3	8.9	0.73	-9999.9	3	146	-9999.9	55	-9999.9	3	19.4	3
2025 07 02 14	0.5	0.45	2.5	2.9	7.7	0.8	-9999.9	3	158	-9999.9	48	-9999.9	3	20.6	3
2025 07 02 15	0.45	0.42	2.2	2.6	17.0	0.76	-9999.9	3	112	-9999.9	51	-9999.9	3	20.8	3
2025 07 02 16	0.49	0.46	2.2	2.4	3.5	0.74	-9999.9	3	104	-9999.9	42	-9999.9	3	20.6	3
2025 07 02 17	0.36	0.36	2.1	2.5	14.7	0.7	-9999.9	3	94	-9999.9	53	-9999.9	3	20.4	3
2025 07 02 18	0.45	0.44	2.2	2.6	28.1	0.72	-9999.9	3	73	-9999.9	45	-9999.9	3	20.4	3
2025 07 02 19	0.55	0.52	2.8	2.8	3.0	0.87	-9999.9	3	88	-9999.9	33	-9999.9	3	20.1	3
2025 07 02 20	0.69	0.66	3.9	3.9	4.3	1.43	-9999.9	3	56	-9999.9	42	-9999.9	3	19.7	3
2025 07 02 21	0.43	0.41	2.9	3.0	4.0	0.76	-9999.9	3	48	-9999.9	33	-9999.9	3	19.1	3
2025 07 02 22	0.45	0.43	3.3	3.3	4.5	0.94	-9999.9	3	79	-9999.9	37	-9999.9	3	19.5	3
2025 07 02 23	0.71	0.69	3.9	4.0	4.8	1.5	-9999.9	3	74	-9999.9	36	-9999.9	3	19.3	3
2025 07 03 00	0.68	0.66	4.0	4.1	4.9	1.33	-9999.9	3	77	-9999.9	45	-9999.9	3	20.1	3
2025 07 03 01	0.52	0.49	3.6	3.6	4.5	0.79	-9999.9	3	69	-9999.9	41	-9999.9	3	20.9	3
2025 07 03 02	0.51	0.49	3.4	3.5	4.4	0.91	-9999.9	3	74	-9999.9	33	-9999.9	3	20.6	3
2025 07 03 03	0.56	0.53	3.3	3.3	3.9	0.87	-9999.9	3	66	-9999.9	33	-9999.9	3	20.8	3
2025 07 03 04	0.56	0.55	3.0	3.0	3.3	0.91	-9999.9	3	68	-9999.9	33	-9999.9	3	20.6	3
2025 07 03 05	0.63	0.6	2.8	2.9	3.0	1.02	-9999.9	3	55	-9999.9	34	-9999.9	3	20.6	3
2025 07 03 06	0.62	0.58	3.0	3.1	3.4	1.04	-9999.9	3	70	-9999.9	34	-9999.9	3	20.8	3
2025 07 03 07	0.66	0.62	2.8	3.0	5.1	1.11	-9999.9	3	83	-9999.9	36	-9999.9	3	20.1	3
2025 07 03 08	0.79	0.76	3.3	3.4	4.0	1.28	-9999.9	3	81	-9999.9	31	-9999.9	3	21.5	3
2025 07 03 09	0.83	0.8	3.4	3.6	4.1	1.43	-9999.9	3	60	-9999.9	31	-9999.9	3	19.8	3
2025 07 03 10	0.55	0.52	2.8	3.0	6.7	0.99	-9999.9	3	87	-9999.9	43	-9999.9	3	20.2	3
2025 07 03 11	0.59	0.54	2.7	2.8	6.6	0.85	-9999.9	3	73	-9999.9	39	-9999.9	3	19.9	3
2025 07 03 12	0.65	0.61	2.4	2.6	8.8	1.06	-9999.9	3	68	-9999.9	49	-9999.9	3	20.4	3
2025 07 03 15	0.56	0.54	2.4	2.6	7.9	0.83	-9999.9	3	98	-9999.9	49	-9999.9	3	21.2	3
2025 07 03 16	0.53	0.51	2.3	2.6	14.8	0.81	-9999.9	3	108	-9999.9	44	-9999.9	3	21.6	3
2025 07 03 17	0.51	0.47	2.2	2.5	11.7	0.86	-9999.9	3	93	-9999.9	43	-9999.9	3	21.5	3
2025 07 03 18	0.63	0.61	2.6	2.7	4.0	1.08	-9999.9	3	72	-9999.9	37	-9999.9	3	21.4	3
2025 07 03 19	0.71	0.69	2.7	2.8	3.4	1.3	-9999.9	3	71	-9999.9	32	-9999.9	3	21.7	3
2025 07 03 20	0.76	0.73	2.9	2.9	3.4	1.1	-9999.9	3	79	-9999.9	33	-9999.9	3	21.6	3
2025 07 03 21	0.71	0.69	2.9	3.0	3.5	1.32	-9999.9	3	76	-9999.9	31	-9999.9	3	21.4	3
2025 07 03 22	0.43	0.41	2.5	2.8	5.2	0.68	-9999.9	3	90	-9999.9	50	-9999.9	3	21.1	3
2025 07 03 23	0.47	0.45	2.8	3.3	4.7	0.7	-9999.9	3	84	-9999.9	45	-9999.9	3	21.1	3
2025 07 04 00	0.45	0.42	2.6	2.8	4.4	0.72	-9999.9	3	87	-9999.9	48	-9999.9	3	21.1	3
2025 07 04 01	0.44	0.42	2.9	3.2	4.5	0.75	-9999.9	3	87	-9999.9	43	-9999.9	3	21.0	3
2025 07 04 02	0.55	0.51	3.1	3.2	4.5	0.84	-9999.9	3	67	-9999.9	36	-9999.9	3	21.0	3
2025 07 04 03	0.54	0.53	2.8	2.9	4.5	0.82	-9999.9	3	81	-9999.9	39	-9999.9	3	20.8	3
2025 07 04 04	0.44	0.41	2.4	2.7	4.2	0.71	-9999.9	3	91	-9999.9	48	-9999.9	3	20.8	3
2025 07 04 05	0.48	0.45	2.8	3.2	4.4	0.88	-9999.9	3	118	-9999.9	52	-9999.9	3	20.9	3
2025 07 04 06	0.58	0.55	2.8	3.1	8.2	0.92	-9999.9	3	115	-9999.9	50	-9999.9	3	20.9	3
2025 07 04 07	0.63	0.6	2.8	3.0	5.5	1.02	-9999.9	3	93	-9999.9	43	-9999.9	3	21.0	3
2025 07 04 08	0.58	0.55	2.9	3.1	5.1	0.98	-9999.9	3	90	-9999.9	44	-9999.9	3	21.1	3
2025 07 04 09	0.55	0.52	3.0	3.0	4.4	0.85	-9999.9	3	79	-9999.9	37	-9999.9	3	21.0	3
2025 07 04 10	0.59	0.55	3.3	3.4	7.3	1.04	-9999.9	3	66	-9999.9	39	-9999.9	3	20.4	3
2025 07 04 11	0.5	0.47	3.2	3.3	7.0	0.76	-9999.9	3	74	-9999.9	38	-9999.9	3	20.3	3
2025 07 04 12	0.38	0.36	2.3	2.6	2.8	0.59	-9999.9	3	72	-9999.9	47	-9999.9	3	20.5	3
2025 07 04 13	0.53	0.49	2.4	2.8	22.1	0.82	-9999.9	3	82	-9999.9	50	-9999.9	3	20.5	3
2025 07 04 14	0.48	0.45	2.6	3.1	7.0	0.79	-9999.9	3	87	-9999.9	48	-9999.9	3	20.5	3
2025 07 04 15	0.44	0.4	2.8	3.3	6.6	0.76	-9999.9	3	143	-9999.9	59	-9999.9	3	21.0	3
2025 07 04 16	0.37	0.35	2.6	3.1	10.0	0.63	-9999.9	3	139	-9999.9	60	-9999.9	3	21.1	3
2025 07 04 17	0.54	0.51	2.6	2.8	5.8	0.84	-9999.9	3	101	-9999.9	41	-9999.9	3	21.2	3
2025 07 04 18	0.55	0.51	2.6	2.8	5.7	0.98	-9999.9	3	104	-9999.9	43	-9999.9	3	21.1	3
2025 07 04 19	0.6	0.55	2.7	3.1	5.9	0.98	-9999.9	3	96	-9999.9	43	-9999.9	3	21.7	3
2025 07 04 20	0.61	0.57	3.1	3.0	5.4	1.07	-9999.9	3	86	-9999.9	37	-9999.9	3	21.9	3
2025 07 04 21	0.62	0.58	3.2	3.3	5.4	0.88	-9999.9	3	71	-9999.9	33	-9999.9	3	21.2	3
2025 07 04 22	0.67	0.64	3.7	3.8	5.0	1.09	-9999.9	3	59	-9999.9	31	-9999.9	3	21.2	3
2025 07 04 23	0.44	0.42	3.0	3.3	5.8	0.66	-9999.9	3	68	-9999.9	39	-9999.9	3	21.1	3
2025 07 05 00	0.26	0.24	3.0	3.5	5.8	0.36	-9999.9	3	134	-9999.9	60	-9999.9	3	21.0	3
2025 07 05 01	0.31	0.29	3.1	3.3	5.6	0.57	-9999.9	3	130	-9999.9	53	-9999.9	3	20.6	3
2025 07 05 02	0.48	0.46	4.7	4.6	5.8	0.75	-9999.9	3	79	-9999.9	38	-9999.9	3	19.9	3
2025 07 05 03	0.49	0.48	4.4	4.7	6.0	0.85	-9999.9	3	77	-9999.9	32	-9999.9	3	20.6	3
2025 07 05 04	0.47	0.46	4.7	4.7	5.8	0.75	-9999.9	3	77	-9999.9	32	-9999.9	3	20.7	3
2025 07 05 05	0.39	0.38	4.3	4.3	5.7	0.63	-9999.9	3	112	-9999.9	48	-9999.9	3	20.3	3
2025 07 05 06	0.44	0.41	4.3	4.4	6.0	0.64	-9999.9	3	187	-9999.9	57	-9999.9	3	21.3	3
2025 07 05 07	0.43	0.41	4.2	4.5	6.0	0.68	-9999.9	3	150	-9999.9	50	-9999.9	3	21.6	3
2025 07 05 08	0.43	0.41	4.1	4.2	6.0	0.76	-9999.9	3	167	-9999.9	46	-9999.9	3	21.3	3
2025 07 05 09	0.4	0.38	3.7	3.9	6.2	0.67	-9999.9	3	145	-9999.9	41	-9999.9	3	21.2	3
2025 07 05 10	0.42	0.4	3.5	3.7	8.0	0.81	-9999.9	3	173	-9999.9	37	-9999.9	3	20.6	3
2025 07 05 11	0.33	0.32	2.7	3.0	5.0	0.49	-9999.9	3	186	-9999.9	43	-9999.9	3	21.3	3
2025 07 05 12	0.32	0.3	3.3	3.4	5.4	0.52	-9999.9	3	182	-9999.9	40	-9999.9	3	21.1	3
2025 07 05 13	0.45	0.43	3.9	3.9	5.8	0.75	-9999.9	3	117	-9999.9	40	-9999.9	3	18.8	3
2025 07 05 14	0.44	0.42	4.6	4.5	5.9	0.7	-9999.9	3	92	-9999.9	46	-9999.9	3	19.9	3
2025 07 05 15	0.41	0.39	3.8	4.0	5.9	0.75	-9999.9	3	98	-9999.9	39	-9999.9	3	19.0	3
2025 07 05 16	0.4	0.39	3.2	3.5	5.6	0.63	-9999.9	3	123	-9999.9	44	-9999.9	3	19.1	3
2025 07 05 17	0.36	0.35	3.1	3.5	5.5	0.71	-9999.9	3	112	-9999.9	46	-9999.9	3	20.2	3
2025 07 05 18	0.38	0.35	3.4	3.6	8.2	0.72	-9999.9	3	183	-9999.9	42	-9999.9	3	20.1	3
2025 07 05 19	0.54	0.51	3.6	3.7	4.3	0.82	-9999.9	3	219	-9999.9	37	-9999.9	3	20.2	3
2025 07 05 20	0.49	0.46	3.1	3.2	6.0	0.76	-9999.9	3	216	-9999.9	37	-9999.9	3	20.3	3
2025 07 05 21	0.31	0.3	3.1	3.2	5.2	0.5	-9999.9	3	203	-9999.9	47	-9999.9	3	20.6	3
2025 07 05 22	0.3	0.28	3.3	3.5	5.8	0.46	-9999.9	3	163	-9999.9	45	-9999.9	3	20.0	3
2025 07 05 23	0.3	0.29	3.5	3.6	6.3	0.51	-9999.9	3	124	-9999.9	47	-9999.9	3	18.3	3
2025 07 06 00	0.24	0.23	3.1	3.5	8.0	0.41	-9999.9	3	188	-9999.9	45	-9999.9	3	19.5	3
2025 07 06 01	0.25	0.24	3.3	3.6	4.5	0.44	-9999.9	3	184	-9999.9	50	-9999.9	3	19.8	3
2025 07 06 02	0.36	0.35	3.4	3.6	4.2	0.64	-9999.9	3	133	-9999.9	48	-9999.9	3	19.2	3
2025 07 06 03	0.32	0.31	3.2	3.3	3.8	0.54	-9999.9	3	154	-9999.9	56	-9999.9	3	18.4	3
2025 07 06 04	0.32	0.3	3.2	3.4	4.0	0.53	-9999.9	3	189	-9999.9	55	-9999.9	3	18.1	3
2025 07 06 05	0.35	0.33	3.4	3.5	4.9	0.61	-9999.9	3	223	-9999.9	43	-9999.9	3	18.1	3
2025 07 06 06	0.32	0.29	3.9	3.9	8.9	0.53	-9999.9	3	203	-9999.9	44	-9999.9	3	18.9	3
2025 07 06 07	0.29	0.27	3.6	3.6	8.2	0.42	-9999.9	3	196	-9999.9	45	-9999.9	3	19.4	3
2025 07 06 08	0.29	0.27	3.6	3.7	9.6	0.47	-9999.9	3	209	-9999.9	55	-9999.9	3	19.7	3
2025 07 06 09	0.29	0.27	3.2	3.7	5.5	0.5	-9999.9	3	174	-9999.9	55	-9999.9	3	19.8	3
2025 07 06 10	0.3	0.29	3.6	3.9	7.6	0.45	-9999.9	3	158	-9999.9	46	-9999.9	3	19.6	3
2025 07 06 11	0.29	0.27	3.8	3.9	6.4	0.62	-9999.9	3	160	-9999.9	53	-9999.9	3	19.5	3
2025 07 06 12	0.26	0.25	3.9	4.1	8.4	0.43	-9999.9	3	186	-9999.9	44	-9999.9	3	20.2	3
2025 07 06 13	0.33	0.33	4.2	4.5	6.2	0.55	-9999.9	3	169	-9999.9	56	-9999.9	3	20.5	3
2025 07 06 14	0.4	0.38	4.7	4.7	6.5	0.62	-9999.9	3	144	-9999.9	55	-9999.9	3	19.7	3
2025 07 06 15	0.34	0.32	3.6	3.8	7.2	0.51	-9999.9	3	171	-9999.9	51	-9999.9	3	19.2	3
2025 07 06 16	0.37	0.36	3.7	4.0	4.9	0.58	-9999.9	3	105	-9999.9	49	-9999.9	3	18.6	3
2025 07 06 17	0.3	0.29	3.4	3.8	6.5	0.44	-9999.9	3	127	-9999.9	56	-9999.9	3	18.6	3
2025 07 06 18	0.37	0.35	4.0	4.4	8.0	0.84	-9999.9	3	183	-9999.9	40	-9999.9	3	18.4	3
2025 07 06 19	0.37	0.35	3.6	3.6	5.5	0.58	-9999.9	3	170	-9999.9	46	-9999.9	3	19.2	3
2025 07 06 20	0.3	0.27	3.3	3.5	10.4	0.51	-9999.9	3	212	-9999.9	45	-9999.9	3	19.8	3
2025 07 06 21	0.31	0.3	3.2	3.4	4.9	0.45	-9999.9	3	204	-9999.9	50	-9999.9	3	19.9	3
2025 07 06 22	0.41	0.39	3.7	3.8	8.4	0.64	-9999.9	3	214	-9999.9	38	-9999.9	3	19.9	3
2025 07 06 23	0.29	0.27	2.9	3.1	5.0	0.47	-9999.9	3	189	-9999.9	53	-9999.9	3	19.6	3
2025 07 07 00	0.29	0.28	3.2	3.4	5.6	0.46	-9999.9	3	146	-9999.9	53	-9999.9	3	18.7	3
2025 07 07 01	0.27	0.26	2.8	3.1	4.9	0.43	-9999.9	3	191	-9999.9	50	-9999.9	3	18.8	3
2025 07 07 02	0.28	0.25	3.5	3.8	17.8	0.45	-9999.9	3	144	-9999.9	60	-9999.9	3	18.7	3
2025 07 07 03	0.28	0.27	3.6	3.8	4.5	0.5	-9999.9	3	143	-9999.9	52	-9999.9	3	18.0	3
2025 07 07 04	0.31	0.3	2.8	3.1	4.5	0.62	-9999.9	3	129	-9999.9	57	-9999.9	3	18.3	3
2025 07 07 05	0.3	0.28	2.8	3.0	3.4	0.47	-9999.9	3	156	-9999.9	60	-9999.9	3	17.6	3
2025 07 07 06	0.3	0.28	2.8	3.1	8.7	0.53	-9999.9	3	209	-9999.9	51	-9999.9	3	17.3	3
2025 07 07 07	0.28	0.26	3.0	3.2	7.4	0.47	-9999.9	3	220	-9999.9	43	-9999.9	3	18.0	3
2025 07 07 08	0.31	0.28	2.8	3.0	9.6	0.46	-9999.9	3	217	-9999.9	37	-9999.9	3	18.6	3
2025 07 07 09	0.25	0.24	2.6	2.9	6.5	0.42	-9999.9	3	212	-9999.9	45	-9999.9	3	18.8	3
2025 07 07 10	0.32	0.29	2.8	3.5	8.3	0.47	-9999.9	3	218	-9999.9	38	-9999.9	3	19.3	3
2025 07 07 11	0.3	0.28	2.5	3.0	7.6	0.51	-9999.9	3	206	-9999.9	43	-9999.9	3	19.1	3
2025 07 07 12	0.31	0.27	2.9	3.3	10.9	0.49	-9999.9	3	157	-9999.9	52	-9999.9	3	18.3	3
2025 07 07 13	0.25	0.24	2.8	3.4	6.0	0.48	-9999.9	3	189	-9999.9	49	-9999.9	3	18.5	3
2025 07 07 14	0.3	0.28	4.3	4.5	8.0	0.62	-9999.9	3	181	-9999.9	58	-9999.9	3	19.8	3
2025 07 07 15	0.35	0.32	3.5	3.4	6.2	0.54	-9999.9	3	169	-9999.9	57	-9999.9	3	19.0	3
2025 07 07 16	0.31	0.27	3.1	3.3	16.1	0.48	-9999.9	3	172	-9999.9	62	-9999.9	3	17.6	3
2025 07 07 17	0.33	0.28	3.1	3.5	25.4	0.44	-9999.9	3	155	-9999.9	65	-9999.9	3	18.8	3
2025 07 07 18	0.43	0.36	3.6	4.2	13.4	0.65	-9999.9	3	155	-9999.9	60	-9999.9	3	20.1	3
2025 07 07 19	0.35	0.31	3.2	3.5	25.3	0.53	-9999.9	3	168	-9999.9	58	-9999.9	3	20.0	3
2025 07 07 20	0.32	0.3	3.0	3.2	10.0	0.52	-9999.9	3	176	-9999.9	61	-9999.9	3	20.1	3
2025 07 07 21	0.28	0.26	3.1	3.3	5.0	0.54	-9999.9	3	172	-9999.9	53	-9999.9	3	20.1	3
2025 07 07 22	0.33	0.31	3.4	3.9	8.2	0.79	-9999.9	3	201	-9999.9	43	-9999.9	3	19.0	3
2025 07 07 23	0.25	0.24	3.2	3.7	5.9	0.45	-9999.9	3	213	-9999.9	48	-9999.9	3	18.7	3
2025 07 08 00	0.26	0.22	3.9	4.4	25.4	0.42	-9999.9	3	184	-9999.9	59	-9999.9	3	19.4	3
2025 07 08 01	0.33	0.31	2.7	3.0	4.7	0.48	-9999.9	3	206	-9999.9	36	-9999.9	3	17.3	3
2025 07 08 02	0.32	0.31	3.1	3.3	4.2	0.49	-9999.9	3	190	-9999.9	49	-9999.9	3	17.9	3
2025 07 08 03	0.35	0.32	3.5	3.5	4.8	0.6	-9999.9	3	183	-9999.9	51	-9999.9	3	19.4	3
2025 07 08 04	0.35	0.34	3.5	3.6	4.2	0.57	-9999.9	3	191	-9999.9	50	-9999.9	3	18.6	3
2025 07 08 05	0.42	0.36	3.8	3.7	30.3	0.56	-9999.9	3	174	-9999.9	62	-9999.9	3	17.4	3
2025 07 08 06	0.42	0.35	4.0	4.0	27.5	0.83	-9999.9	3	221	-9999.9	71	-9999.9	3	17.6	3
2025 07 08 07	0.3	0.29	2.9	3.4	5.0	0.46	-9999.9	3	170	-9999.9	64	-9999.9	3	17.7	3
2025 07 08 08	0.35	0.33	3.6	3.8	9.0	0.52	-9999.9	3	209	-9999.9	47	-9999.9	3	18.1	3
2025 07 08 09	0.33	0.32	3.5	3.6	5.2	0.54	-9999.9	3	204	-9999.9	52	-9999.9	3	18.1	3
2025 07 08 10	0.39	0.37	3.9	4.0	8.3	0.66	-9999.9	3	223	-9999.9	34	-9999.9	3	18.1	3
2025 07 08 11	0.45	0.43	3.6	3.6	5.5	0.89	-9999.9	3	227	-9999.9	35	-9999.9	3	19.0	3
2025 07 08 12	0.41	0.39	3.6	3.9	7.2	0.78	-9999.9	3	204	-9999.9	42	-9999.9	3	18.9	3
2025 07 08 13	0.33	0.3	4.3	4.5	12.3	0.5	-9999.9	3	164	-9999.9	62	-9999.9	3	18.6	3
2025 07 08 14	0.35	0.32	5.2	5.1	8.0	0.49	-9999.9	3	170	-9999.9	58	-9999.9	3	20.2	3
2025 07 08 15	0.41	0.39	4.8	4.6	5.6	0.64	-9999.9	3	173	-9999.9	56	-9999.9	3	19.2	3
2025 07 08 16	0.44	0.4	3.8	3.8	4.4	0.62	-9999.9	3	147	-9999.9	60	-9999.9	3	17.6	3
2025 07 08 17	0.43	0.38	4.1	4.1	12.4	0.6	-9999.9	3	118	-9999.9	65	-9999.9	3	17.7	3
2025 07 08 18	0.46	0.38	4.4	4.5	22.9	0.76	-9999.9	3	116	-9999.9	65	-9999.9	3	19.2	3
2025 07 08 19	0.41	0.36	4.5	4.2	27.7	0.75	-9999.9	3	121	-9999.9	64	-9999.9	3	19.4	3
2025 07 08 20	0.38	0.35	3.7	3.7	24.5	0.55	-9999.9	3	102	-9999.9	50	-9999.9	3	19.0	3
2025 07 08 21	0.33	0.31	2.8	2.8	3.2	0.52	-9999.9	3	95	-9999.9	44	-9999.9	3	19.1	3
2025 07 08 22	0.31	0.29	2.5	2.8	4.1	0.52	-9999.9	3	118	-9999.9	47	-9999.9	3	18.7	3
2025 07 08 23	0.31	0.28	2.9	3.1	4.8	0.51	-9999.9	3	124	-9999.9	54	-9999.9	3	-9999.9	3
2025 07 09 00	0.34	0.31	3.3	3.4	11.3	0.53	-9999.9	3	91	-9999.9	52	-9999.9	3	-9999.9	3
2025 07 09 01	0.33	0.3	3.2	3.4	9.4	0.51	-9999.9	3	101	-9999.9	52	-9999.9	3	21.8	3
2025 07 09 02	0.27	0.26	2.9	3.1	4.6	0.42	-9999.9	3	148	-9999.9	59	-9999.9	3	19.9	3
2025 07 09 03	0.3	0.27	3.7	3.9	18.5	0.52	-9999.9	3	121	-9999.9	63	-9999.9	3	19.5	3
2025 07 09 04	0.28	0.28	2.3	2.9	4.3	0.58	-9999.9	3	148	-9999.9	55	-9999.9	3	19.1	3
2025 07 09 05	0.31	0.31	3.1	3.4	4.0	0.55	-9999.9	3	97	-9999.9	48	-9999.9	3	18.6	3
2025 07 09 06	0.48	0.45	3.6	3.7	4.3	0.8	-9999.9	3	79	-9999.9	47	-9999.9	3	18.3	3
2025 07 09 07	0.33	0.31	2.7	3.6	10.4	0.52	-9999.9	3	162	-9999.9	61	-9999.9	3	18.6	3
2025 07 09 08	0.32	0.3	2.4	2.9	26.3	0.53	-9999.9	3	136	-9999.9	59	-9999.9	3	19.4	3
2025 07 09 09	0.27	0.25	2.7	3.1	29.0	0.47	-9999.9	3	153	-9999.9	65	-9999.9	3	20.0	3
2025 07 09 11	0.43	0.41	2.2	2.5	12.3	0.76	-9999.9	3	107	-9999.9	52	-9999.9	3	20.5	3
2025 07 09 12	0.45	0.44	2.2	2.5	3.4	0.72	-9999.9	3	104	-9999.9	42	-9999.9	3	20.4	3
2025 07 09 13	0.47	0.45	2.4	2.6	2.7	0.77	-9999.9	3	93	-9999.9	36	-9999.9	3	20.5	3
2025 07 09 14	0.47	0.46	2.5	2.7	3.3	0.76	-9999.9	3	75	-9999.9	46	-9999.9	3	20.2	3
2025 07 09 15	0.32	0.3	2.5	2.8	6.6	0.46	-9999.9	3	83	-9999.9	48	-9999.9	3	19.5	3
2025 07 09 16	0.45	0.42	3.2	3.2	4.9	0.72	-9999.9	3	98	-9999.9	41	-9999.9	3	19.5	3
2025 07 09 17	0.43	0.4	3.0	3.2	4.4	0.67	-9999.9	3	69	-9999.9	40	-9999.9	3	17.9	3
2025 07 09 18	0.68	0.59	4.4	4.6	28.1	0.97	-9999.9	3	84	-9999.9	54	-9999.9	3	20.3	3
2025 07 09 19	0.45	0.41	3.5	3.6	5.8	0.67	-9999.9	3	87	-9999.9	47	-9999.9	3	19.9	3
2025 07 09 20	0.53	0.49	3.6	3.7	5.6	0.77	-9999.9	3	65	-9999.9	38	-9999.9	3	20.8	3
2025 07 09 21	0.57	0.55	3.1	3.1	4.4	0.99	-9999.9	3	80	-9999.9	33	-9999.9	3	22.2	3
2025 07 09 22	0.47	0.46	2.8	2.9	3.5	0.76	-9999.9	3	67	-9999.9	40	-9999.9	3	22.1	3
2025 07 09 23	0.37	0.35	2.8	2.9	4.6	0.58	-9999.9	3	88	-9999.9	40	-9999.9	3	22.3	3
2025 07 10 00	0.4	0.36	3.1	3.2	5.7	0.56	-9999.9	3	107	-9999.9	37	-9999.9	3	21.8	3
2025 07 10 11	0.44	0.43	3.8	4.0	6.2	0.72	-9999.9	3	225	-9999.9	44	-9999.9	3	19.6	3
2025 07 10 12	0.51	0.48	3.9	3.9	5.3	0.76	-9999.9	3	219	-9999.9	41	-9999.9	3	20.8	3
2025 07 10 13	0.49	0.47	3.6	3.7	4.9	0.87	-9999.9	3	206	-9999.9	37	-9999.9	3	20.4	3
2025 07 10 14	0.51	0.49	3.6	3.7	7.8	0.73	-9999.9	3	200	-9999.9	40	-9999.9	3	20.0	3
2025 07 10 15	0.35	0.33	3.9	4.0	7.5	0.61	-9999.9	3	172	-9999.9	52	-9999.9	3	19.5	3
2025 07 10 16	0.35	0.34	3.4	3.5	4.9	0.51	-9999.9	3	187	-9999.9	54	-9999.9	3	19.4	3
2025 07 10 17	0.4	0.38	3.8	3.8	7.2	0.69	-9999.9	3	142	-9999.9	52	-9999.9	3	18.6	3
2025 07 10 18	0.41	0.36	4.0	4.0	10.4	0.56	-9999.9	3	138	-9999.9	64	-9999.9	3	18.5	3
2025 07 10 19	0.36	0.33	3.3	3.9	8.8	0.48	-9999.9	3	126	-9999.9	66	-9999.9	3	19.4	3
2025 07 10 20	0.4	0.38	2.7	3.1	8.5	0.81	-9999.9	3	197	-9999.9	42	-9999.9	3	18.4	3
2025 07 10 21	0.33	0.32	2.6	2.9	6.2	0.5	-9999.9	3	182	-9999.9	44	-9999.9	3	18.2	3
2025 07 10 22	0.34	0.33	2.3	2.7	7.4	0.61	-9999.9	3	207	-9999.9	44	-9999.9	3	19.3	3
2025 07 10 23	0.37	0.36	2.2	2.5	2.8	0.58	-9999.9	3	212	-9999.9	42	-9999.9	3	19.8	3
2025 07 11 00	0.39	0.37	2.3	2.6	4.2	0.65	-9999.9	3	215	-9999.9	37	-9999.9	3	20.5	3
2025 07 11 01	0.39	0.37	2.5	2.9	14.2	0.59	-9999.9	3	221	-9999.9	41	-9999.9	3	19.7	3
2025 07 11 02	0.43	0.37	3.3	3.9	21.8	0.61	-9999.9	3	228	-9999.9	52	-9999.9	3	20.6	3
2025 07 11 03	0.48	0.46	3.2	3.3	5.1	0.78	-9999.9	3	203	-9999.9	33	-9999.9	3	-9999.9	3
2025 07 11 04	0.69	0.66	3.5	3.8	5.5	1.05	-9999.9	3	216	-9999.9	29	-9999.9	3	-9999.9	3
2025 07 11 06	0.72	0.7	4.7	4.5	6.0	1.25	-9999.9	3	185	-9999.9	55	-9999.9	3	18.6	3
2025 07 11 07	0.72	0.69	4.2	4.4	6.6	1.14	-9999.9	3	178	-9999.9	52	-9999.9	3	18.3	3
2025 07 11 08	0.57	0.53	3.1	3.3	8.1	0.97	-9999.9	3	211	-9999.9	49	-9999.9	3	17.8	3
2025 07 11 09	0.53	0.5	3.1	3.4	6.0	0.88	-9999.9	3	220	-9999.9	47	-9999.9	3	18.3	3
2025 07 11 10	0.51	0.48	3.0	3.4	8.2	0.9	-9999.9	3	218	-9999.9	38	-9999.9	3	17.8	3
2025 07 11 11	0.53	0.53	3.5	3.6	6.3	0.9	-9999.9	3	225	-9999.9	34	-9999.9	3	17.6	3
2025 07 11 12	0.57	0.54	3.3	3.5	4.3	0.85	-9999.9	3	231	-9999.9	34	-9999.9	3	17.9	3
2025 07 11 13	0.54	0.52	2.9	3.4	4.1	1.22	-9999.9	3	227	-9999.9	34	-9999.9	3	18.0	3
2025 07 11 14	0.62	0.6	3.3	3.5	7.4	1.1	-9999.9	3	224	-9999.9	33	-9999.9	3	17.9	3
2025 07 11 16	0.38	0.35	3.8	4.0	9.6	0.52	-9999.9	3	184	-9999.9	55	-9999.9	3	18.3	3
2025 07 11 18	0.45	0.43	3.2	3.3	6.3	0.66	-9999.9	3	198	-9999.9	50	-9999.9	3	18.4	3
2025 07 11 19	0.42	0.39	3.4	3.6	14.7	0.61	-9999.9	3	161	-9999.9	59	-9999.9	3	18.6	3
2025 07 11 20	0.45	0.42	3.1	3.3	14.9	0.7	-9999.9	3	217	-9999.9	54	-9999.9	3	18.9	3
2025 07 11 21	0.36	0.35	2.3	2.9	4.4	0.62	-9999.9	3	214	-9999.9	48	-9999.9	3	18.9	3
2025 07 11 22	0.39	0.34	3.6	4.1	27.1	0.71	-9999.9	3	187	-9999.9	60	-9999.9	3	19.6	3
2025 07 11 23	0.36	0.35	2.4	2.8	4.4	0.59	-9999.9	3	215	-9999.9	43	-9999.9	3	18.5	3
2025 07 12 00	0.33	0.32	3.0	3.6	9.4	0.49	-9999.9	3	221	-9999.9	43	-9999.9	3	18.7	3
2025 07 12 01	0.37	0.36	2.9	3.3	5.5	0.71	-9999.9	3	216	-9999.9	35	-9999.9	3	18.2	3
2025 07 12 02	0.37	0.37	2.9	3.4	5.3	0.61	-9999.9	3	221	-9999.9	37	-9999.9	3	17.9	3
2025 07 12 03	0.44	0.44	3.7	4.0	5.4	0.8	-9999.9	3	213	-9999.9	42	-9999.9	3	17.4	3
2025 07 12 04	0.52	0.49	3.5	3.8	5.3	1.1	-9999.9	3	197	-9999.9	44	-9999.9	3	16.3	3
2025 07 12 05	0.57	0.55	3.3	3.6	5.2	0.9	-9999.9	3	195	-9999.9	42	-9999.9	3	16.5	3
2025 07 12 06	0.54	0.52	4.2	4.4	5.6	0.91	-9999.9	3	179	-9999.9	54	-9999.9	3	17.7	3
2025 07 12 07	0.5	0.47	4.4	4.4	5.3	0.8	-9999.9	3	157	-9999.9	57	-9999.9	3	18.5	3
2025 07 12 08	0.57	0.53	3.5	3.6	5.1	1.0	-9999.9	3	184	-9999.9	50	-9999.9	3	17.5	3
2025 07 12 09	0.43	0.36	4.0	4.1	23.5	0.76	-9999.9	3	165	-9999.9	63	-9999.9	3	18.4	3
2025 07 12 10	0.36	0.32	3.0	3.5	7.9	0.67	-9999.9	3	208	-9999.9	47	-9999.9	3	18.1	3
2025 07 12 11	0.32	0.3	3.1	3.7	21.2	0.52	-9999.9	3	170	-9999.9	59	-9999.9	3	18.4	3
2025 07 12 12	0.31	0.28	3.2	3.6	7.7	0.44	-9999.9	3	173	-9999.9	58	-9999.9	3	19.5	3
2025 07 12 13	0.32	0.31	3.1	3.5	4.6	0.59	-9999.9	3	193	-9999.9	53	-9999.9	3	19.4	3
2025 07 12 14	0.42	0.41	2.9	3.6	6.4	0.77	-9999.9	3	219	-9999.9	38	-9999.9	3	18.3	3
2025 07 12 15	0.44	0.4	3.4	3.7	7.2	0.84	-9999.9	3	214	-9999.9	43	-9999.9	3	19.1	3
2025 07 12 19	0.38	0.35	3.6	3.6	17.1	0.63	-9999.9	3	163	-9999.9	60	-9999.9	3	18.4	3
2025 07 12 20	0.43	0.35	3.5	3.9	28.3	0.61	-9999.9	3	194	-9999.9	67	-9999.9	3	18.8	3
2025 07 12 21	0.37	0.36	2.6	2.9	4.0	0.56	-9999.9	3	210	-9999.9	46	-9999.9	3	18.8	3
2025 07 12 22	0.31	0.29	3.5	3.7	6.9	0.55	-9999.9	3	196	-9999.9	54	-9999.9	3	18.5	3
2025 07 12 23	0.32	0.31	4.0	4.0	4.4	0.51	-9999.9	3	109	-9999.9	50	-9999.9	3	18.9	3
2025 07 13 00	0.25	0.23	3.2	3.4	5.7	0.37	-9999.9	3	202	-9999.9	49	-9999.9	3	18.3	3
2025 07 13 01	0.22	0.2	3.1	3.3	5.3	0.32	-9999.9	3	204	-9999.9	48	-9999.9	3	18.2	3
2025 07 13 02	0.25	0.24	2.9	3.3	5.6	0.38	-9999.9	3	210	-9999.9	41	-9999.9	3	18.2	3
2025 07 13 03	0.25	0.24	3.4	3.7	5.2	0.38	-9999.9	3	210	-9999.9	43	-9999.9	3	18.3	3
2025 07 13 04	0.31	0.29	3.8	3.8	4.8	0.47	-9999.9	3	204	-9999.9	49	-9999.9	3	17.3	3
2025 07 13 05	0.44	0.42	3.3	3.4	4.7	0.65	-9999.9	3	204	-9999.9	43	-9999.9	3	16.7	3
2025 07 13 06	0.62	0.59	3.3	3.6	5.4	1.05	-9999.9	3	197	-9999.9	39	-9999.9	3	16.9	3
2025 07 13 07	0.54	0.51	4.6	4.7	5.8	0.88	-9999.9	3	174	-9999.9	59	-9999.9	3	17.2	3
2025 07 13 08	0.66	0.6	5.0	5.1	12.5	0.93	-9999.9	3	180	-9999.9	58	-9999.9	3	18.0	3
2025 07 13 09	0.67	0.66	3.8	3.9	5.4	1.1	-9999.9	3	218	-9999.9	37	-9999.9	3	16.3	3
2025 07 13 10	0.4	0.37	3.2	3.9	7.0	0.78	-9999.9	3	229	-9999.9	43	-9999.9	3	18.3	3
2025 07 13 11	0.36	0.33	2.7	3.6	7.7	0.6	-9999.9	3	204	-9999.9	45	-9999.9	3	18.3	3
2025 07 13 12	0.36	0.34	2.6	2.9	7.2	0.58	-9999.9	3	217	-9999.9	40	-9999.9	3	18.2	3
2025 07 13 13	0.32	0.31	2.8	3.1	4.1	0.58	-9999.9	3	194	-9999.9	47	-9999.9	3	18.0	3
2025 07 13 14	0.41	0.37	3.3	3.7	8.3	0.78	-9999.9	3	213	-9999.9	37	-9999.9	3	18.5	3
2025 07 13 15	0.5	0.47	3.3	3.5	7.9	0.71	-9999.9	3	216	-9999.9	38	-9999.9	3	18.8	3
2025 07 13 16	0.45	0.44	3.1	3.2	5.9	0.7	-9999.9	3	220	-9999.9	39	-9999.9	3	18.4	3
2025 07 13 17	0.3	0.28	4.6	4.6	6.5	0.44	-9999.9	3	137	-9999.9	65	-9999.9	3	18.9	3
2025 07 13 18	0.39	0.37	4.3	4.4	7.9	0.6	-9999.9	3	177	-9999.9	52	-9999.9	3	18.2	3
2025 07 13 19	0.47	0.44	3.7	3.6	4.4	0.85	-9999.9	3	175	-9999.9	52	-9999.9	3	17.9	3
2025 07 13 20	0.56	0.5	4.3	4.4	15.3	0.86	-9999.9	3	134	-9999.9	68	-9999.9	3	18.3	3
2025 07 13 21	0.37	0.34	3.5	3.7	7.7	0.66	-9999.9	3	103	-9999.9	66	-9999.9	3	18.0	3
2025 07 13 22	0.48	0.46	3.1	3.4	6.7	0.76	-9999.9	3	197	-9999.9	50	-9999.9	3	18.1	3
2025 07 13 23	0.49	0.42	5.0	4.9	24.0	0.59	-9999.9	3	155	-9999.9	65	-9999.9	3	19.2	3
2025 07 14 00	0.35	0.33	3.2	3.4	5.0	0.67	-9999.9	3	127	-9999.9	56	-9999.9	3	19.8	3
2025 07 14 01	0.29	0.28	2.7	2.9	5.3	0.51	-9999.9	3	173	-9999.9	57	-9999.9	3	19.1	3
2025 07 14 02	0.27	0.26	3.0	3.2	5.5	0.39	-9999.9	3	173	-9999.9	56	-9999.9	3	18.7	3
2025 07 14 03	0.27	0.26	3.5	3.8	5.5	0.45	-9999.9	3	189	-9999.9	54	-9999.9	3	18.8	3
2025 07 14 04	0.29	0.28	4.0	4.1	5.1	0.52	-9999.9	3	182	-9999.9	58	-9999.9	3	18.7	3
2025 07 14 05	0.34	0.34	3.9	4.1	4.7	0.64	-9999.9	3	193	-9999.9	42	-9999.9	3	17.0	3
2025 07 14 06	0.41	0.39	3.7	3.7	4.3	0.63	-9999.9	3	206	-9999.9	35	-9999.9	3	17.2	3
2025 07 14 08	0.52	0.48	4.6	4.7	19.8	0.79	-9999.9	3	142	-9999.9	64	-9999.9	3	17.9	3
2025 07 14 09	0.49	0.45	3.8	3.9	5.8	0.81	-9999.9	3	183	-9999.9	56	-9999.9	3	17.5	3
2025 07 14 10	0.49	0.43	5.4	5.3	18.4	0.85	-9999.9	3	170	-9999.9	66	-9999.9	3	18.5	3
2025 07 14 11	0.34	0.33	4.1	4.3	7.9	0.54	-9999.9	3	200	-9999.9	54	-9999.9	3	18.7	3
2025 07 14 12	0.32	0.31	4.1	4.2	8.2	0.51	-9999.9	3	171	-9999.9	56	-9999.9	3	18.9	3
2025 07 14 13	0.23	0.22	3.7	4.0	5.2	0.38	-9999.9	3	152	-9999.9	59	-9999.9	3	18.9	3
2025 07 14 14	0.27	0.26	3.8	3.8	5.7	0.5	-9999.9	3	190	-9999.9	49	-9999.9	3	19.2	3
2025 07 14 15	0.37	0.35	3.9	3.9	7.8	0.58	-9999.9	3	206	-9999.9	38	-9999.9	3	19.4	3
2025 07 14 16	0.34	0.32	3.7	3.9	6.7	0.53	-9999.9	3	191	-9999.9	57	-9999.9	3	19.8	3
2025 07 14 17	0.38	0.33	4.0	4.1	25.6	0.53	-9999.9	3	136	-9999.9	66	-9999.9	3	19.3	3
2025 07 14 18	0.38	0.34	6.1	5.6	29.0	0.48	-9999.9	3	115	-9999.9	68	-9999.9	3	18.8	3
2025 07 14 19	0.39	0.35	4.9	4.9	4.9	0.52	-9999.9	3	131	-9999.9	57	-9999.9	3	18.5	3
2025 07 14 20	0.47	0.43	4.3	4.4	6.1	0.64	-9999.9	3	107	-9999.9	59	-9999.9	3	18.2	3
2025 07 14 21	0.41	0.36	4.0	4.2	28.8	0.63	-9999.9	3	89	-9999.9	63	-9999.9	3	17.8	3
2025 07 14 22	0.35	0.31	3.4	3.4	29.2	0.52	-9999.9	3	96	-9999.9	62	-9999.9	3	17.9	3
2025 07 14 23	0.26	0.25	2.6	2.9	3.6	0.42	-9999.9	3	90	-9999.9	57	-9999.9	3	18.5	3
2025 07 15 00	0.34	0.32	3.3	3.5	4.9	0.52	-9999.9	3	80	-9999.9	45	-9999.9	3	18.9	3
2025 07 15 01	0.4	0.38	2.9	3.0	3.4	0.69	-9999.9	3	87	-9999.9	35	-9999.9	3	19.6	3
2025 07 15 02	0.34	0.33	2.6	2.7	3.2	0.65	-9999.9	3	92	-9999.9	41	-9999.9	3	18.7	3
2025 07 15 03	0.36	0.34	2.6	2.6	2.8	0.58	-9999.9	3	85	-9999.9	37	-9999.9	3	18.7	3
2025 07 15 04	0.39	0.37	2.8	2.9	3.0	0.64	-9999.9	3	86	-9999.9	37	-9999.9	3	18.8	3
2025 07 15 05	0.45	0.43	2.9	3.0	3.4	0.68	-9999.9	3	83	-9999.9	36	-9999.9	3	18.2	3
2025 07 15 06	0.39	0.36	3.2	3.3	3.4	0.59	-9999.9	3	83	-9999.9	40	-9999.9	3	16.1	3
2025 07 15 07	0.39	0.36	3.2	3.3	4.1	0.6	-9999.9	3	88	-9999.9	46	-9999.9	3	16.8	3
2025 07 15 08	0.47	0.43	4.3	4.2	6.4	0.75	-9999.9	3	112	-9999.9	56	-9999.9	3	17.8	3
2025 07 15 09	0.53	0.51	4.5	4.4	4.6	0.99	-9999.9	3	89	-9999.9	47	-9999.9	3	18.4	3
2025 07 15 10	0.53	0.48	3.9	4.0	16.9	0.87	-9999.9	3	75	-9999.9	50	-9999.9	3	19.1	3
2025 07 15 11	0.47	0.42	3.3	3.5	8.5	0.66	-9999.9	3	80	-9999.9	52	-9999.9	3	18.7	3
2025 07 15 12	0.49	0.45	2.8	2.8	7.2	0.8	-9999.9	3	70	-9999.9	43	-9999.9	3	18.6	3
2025 07 15 13	0.47	0.45	3.1	3.1	5.5	0.72	-9999.9	3	83	-9999.9	43	-9999.9	3	18.9	3
2025 07 15 14	0.5	0.47	2.8	3.0	4.2	0.81	-9999.9	3	83	-9999.9	37	-9999.9	3	19.1	3
2025 07 15 15	0.56	0.54	2.6	2.9	5.0	1.05	-9999.9	3	104	-9999.9	45	-9999.9	3	18.9	3
2025 07 15 16	0.52	0.49	2.6	2.8	4.9	0.91	-9999.9	3	100	-9999.9	42	-9999.9	3	19.1	3
2025 07 15 17	0.54	0.51	2.7	2.9	6.2	0.76	-9999.9	3	106	-9999.9	46	-9999.9	3	18.9	3
2025 07 15 18	0.46	0.43	3.1	3.2	4.3	0.74	-9999.9	3	79	-9999.9	40	-9999.9	3	18.8	3
2025 07 15 19	0.45	0.43	4.5	4.5	6.2	0.99	-9999.9	3	84	-9999.9	56	-9999.9	3	-9999.9	-9999.9
2025 07 15 20	0.57	0.53	4.8	4.7	6.3	0.91	-9999.9	3	92	-9999.9	47	-9999.9	3	19.0	3
2025 07 15 21	0.74	0.72	4.5	4.5	4.7	1.08	-9999.9	3	63	-9999.9	41	-9999.9	3	19.2	3
2025 07 15 22	0.55	0.51	3.6	3.6	4.0	0.95	-9999.9	3	65	-9999.9	41	-9999.9	3	18.1	3
2025 07 15 23	0.36	0.34	2.8	3.2	6.8	0.56	-9999.9	3	103	-9999.9	60	-9999.9	3	18.5	3
2025 07 16 00	0.44	0.42	3.8	4.0	6.5	0.87	-9999.9	3	73	-9999.9	47	-9999.9	3	18.9	3
2025 07 16 01	0.53	0.51	3.8	4.0	5.9	0.8	-9999.9	3	82	-9999.9	33	-9999.9	3	19.0	3
2025 07 16 02	0.52	0.5	3.0	3.1	5.5	0.8	-9999.9	3	101	-9999.9	40	-9999.9	3	19.1	3
2025 07 16 03	0.44	0.42	2.5	2.7	5.6	0.68	-9999.9	3	83	-9999.9	44	-9999.9	3	19.0	3
2025 07 16 04	0.41	0.38	2.8	3.0	4.2	0.63	-9999.9	3	81	-9999.9	39	-9999.9	3	19.3	3
2025 07 16 05	0.44	0.41	3.0	3.0	4.0	0.72	-9999.9	3	84	-9999.9	38	-9999.9	3	19.5	3
2025 07 16 06	0.52	0.48	3.6	3.6	7.7	0.8	-9999.9	3	102	-9999.9	45	-9999.9	3	20.0	3
2025 07 16 07	0.48	0.45	3.4	3.5	7.1	0.7	-9999.9	3	75	-9999.9	37	-9999.9	3	-9999.9	3
2025 07 16 08	0.55	0.52	4.9	4.9	7.1	1.17	-9999.9	3	56	-9999.9	52	-9999.9	3	-9999.9	3
2025 07 16 09	0.57	0.53	4.4	4.5	5.8	0.97	-9999.9	3	73	-9999.9	46	-9999.9	3	18.7	3
2025 07 16 10	0.74	0.7	4.5	4.5	6.5	1.02	-9999.9	3	84	-9999.9	42	-9999.9	3	18.2	3
2025 07 16 11	0.69	0.65	4.3	4.3	6.5	1.22	-9999.9	3	67	-9999.9	35	-9999.9	3	19.8	3
2025 07 16 12	0.5	0.46	2.8	3.0	5.4	0.82	-9999.9	3	72	-9999.9	38	-9999.9	3	19.2	3
2025 07 16 13	0.52	0.49	3.2	3.3	5.9	0.93	-9999.9	3	78	-9999.9	36	-9999.9	3	19.3	3
2025 07 16 14	0.53	0.51	2.9	3.1	6.1	0.86	-9999.9	3	84	-9999.9	41	-9999.9	3	19.0	3
2025 07 16 15	0.58	0.55	2.7	2.9	4.4	0.97	-9999.9	3	99	-9999.9	43	-9999.9	3	19.2	3
2025 07 16 16	0.45	0.42	2.5	2.6	6.2	0.67	-9999.9	3	82	-9999.9	45	-9999.9	3	19.6	3
2025 07 16 17	0.44	0.41	2.7	2.8	5.0	0.64	-9999.9	3	94	-9999.9	36	-9999.9	3	19.6	3
2025 07 16 18	0.46	0.43	3.3	3.3	7.5	0.91	-9999.9	3	124	-9999.9	44	-9999.9	3	19.7	3
2025 07 16 19	0.43	0.39	5.1	4.8	19.1	0.61	-9999.9	3	60	-9999.9	59	-9999.9	3	18.4	3
2025 07 16 20	0.31	0.29	4.3	4.3	9.4	0.57	-9999.9	3	110	-9999.9	58	-9999.9	3	18.4	3
2025 07 16 21	0.34	0.33	4.9	4.7	5.7	0.61	-9999.9	3	89	-9999.9	52	-9999.9	3	18.5	3
2025 07 16 22	0.54	0.5	4.2	4.2	10.2	0.86	-9999.9	3	86	-9999.9	50	-9999.9	3	18.9	3
2025 07 16 23	0.32	0.32	2.9	3.0	3.6	0.49	-9999.9	3	83	-9999.9	49	-9999.9	3	18.1	3
2025 07 17 00	0.37	0.34	2.9	3.0	5.2	0.55	-9999.9	3	87	-9999.9	50	-9999.9	3	19.1	3
2025 07 17 01	0.29	0.28	3.1	3.3	4.9	0.51	-9999.9	3	71	-9999.9	43	-9999.9	3	18.9	3
2025 07 17 02	0.41	0.4	3.2	3.3	4.1	0.79	-9999.9	3	81	-9999.9	31	-9999.9	3	19.2	3
2025 07 17 03	0.38	0.37	2.6	2.8	4.0	0.65	-9999.9	3	87	-9999.9	34	-9999.9	3	19.3	3
2025 07 17 04	0.37	0.36	2.5	2.7	3.7	0.68	-9999.9	3	83	-9999.9	40	-9999.9	3	19.2	3
2025 07 17 05	0.34	0.32	2.5	2.6	3.4	0.52	-9999.9	3	93	-9999.9	38	-9999.9	3	19.6	3
2025 07 17 06	0.27	0.25	2.8	3.0	6.3	0.42	-9999.9	3	91	-9999.9	43	-9999.9	3	19.2	3
2025 07 17 07	0.28	0.26	3.2	3.2	5.3	0.4	-9999.9	3	92	-9999.9	43	-9999.9	3	20.3	3
2025 07 17 08	0.25	0.23	3.7	3.8	8.6	0.35	-9999.9	3	140	-9999.9	51	-9999.9	3	18.5	3
2025 07 17 09	0.28	0.27	4.3	4.2	5.1	0.43	-9999.9	3	110	-9999.9	54	-9999.9	3	18.6	3
2025 07 17 10	0.36	0.35	4.5	4.5	6.9	0.57	-9999.9	3	95	-9999.9	51	-9999.9	3	18.5	3
2025 07 17 11	0.45	0.41	4.3	4.2	21.1	0.69	-9999.9	3	81	-9999.9	56	-9999.9	3	18.1	3
2025 07 17 12	0.39	0.35	4.2	4.1	13.7	0.63	-9999.9	3	83	-9999.9	61	-9999.9	3	18.7	3
2025 07 17 13	0.3	0.28	3.3	3.4	5.3	0.46	-9999.9	3	72	-9999.9	55	-9999.9	3	18.4	3
2025 07 17 14	0.37	0.34	4.9	4.6	14.0	0.53	-9999.9	3	140	-9999.9	56	-9999.9	3	18.9	3
2025 07 17 15	0.31	0.29	4.3	4.4	7.5	0.52	-9999.9	3	114	-9999.9	57	-9999.9	3	20.0	3
2025 07 17 16	0.28	0.26	3.7	4.0	10.0	0.45	-9999.9	3	170	-9999.9	51	-9999.9	3	18.6	3
2025 07 17 17	0.34	0.32	3.6	3.7	6.8	0.66	-9999.9	3	216	-9999.9	43	-9999.9	3	18.5	3
2025 07 17 18	0.29	0.28	3.1	3.3	5.2	0.56	-9999.9	3	212	-9999.9	45	-9999.9	3	18.8	3
2025 07 17 19	0.34	0.27	3.5	4.2	27.1	0.58	-9999.9	3	160	-9999.9	67	-9999.9	3	19.2	3
2025 07 17 20	0.18	0.18	3.7	3.7	5.2	0.31	-9999.9	3	153	-9999.9	58	-9999.9	3	20.1	3
2025 07 17 21	0.21	0.2	3.9	3.9	5.2	0.38	-9999.9	3	147	-9999.9	58	-9999.9	3	19.7	3
2025 07 17 22	0.25	0.23	3.7	3.6	6.3	0.39	-9999.9	3	151	-9999.9	59	-9999.9	3	17.8	3
2025 07 17 23	0.34	0.29	4.2	4.2	20.3	0.44	-9999.9	3	142	-9999.9	65	-9999.9	3	18.2	3
2025 07 18 00	0.37	0.32	3.8	4.4	14.5	0.78	-9999.9	3	174	-9999.9	61	-9999.9	3	19.6	3
2025 07 18 01	0.36	0.27	6.2	6.3	27.5	0.5	-9999.9	3	220	-9999.9	73	-9999.9	3	19.1	3
2025 07 18 02	0.19	0.17	3.6	3.8	28.5	0.27	-9999.9	3	173	-9999.9	63	-9999.9	3	19.0	3
2025 07 18 03	0.22	0.18	5.1	5.2	19.0	0.34	-9999.9	3	156	-9999.9	68	-9999.9	3	20.4	3
2025 07 18 04	0.17	0.17	2.7	3.0	4.8	0.28	-9999.9	3	156	-9999.9	51	-9999.9	3	19.3	3
2025 07 18 05	0.26	0.25	2.5	2.7	3.5	0.42	-9999.9	3	207	-9999.9	38	-9999.9	3	18.3	3
2025 07 18 06	0.35	0.34	2.8	2.9	6.6	0.61	-9999.9	3	215	-9999.9	36	-9999.9	3	18.0	3
2025 07 18 07	0.49	0.47	2.8	3.0	4.5	0.81	-9999.9	3	219	-9999.9	27	-9999.9	3	18.2	3
2025 07 18 08	0.36	0.34	3.8	3.9	7.0	0.57	-9999.9	3	158	-9999.9	56	-9999.9	3	18.3	3
2025 07 18 09	0.37	0.36	3.8	3.7	4.9	0.55	-9999.9	3	183	-9999.9	45	-9999.9	3	18.3	3
2025 07 18 10	0.5	0.49	4.4	4.4	5.4	0.86	-9999.9	3	179	-9999.9	55	-9999.9	3	-9999.9	-9999.9
2025 07 18 11	0.49	0.47	4.2	4.2	4.9	0.87	-9999.9	3	189	-9999.9	56	-9999.9	3	18.8	3
2025 07 18 12	0.5	0.46	4.0	4.1	5.7	0.7	-9999.9	3	185	-9999.9	59	-9999.9	3	17.5	3
2025 07 18 13	0.47	0.46	3.5	3.7	5.4	0.73	-9999.9	3	223	-9999.9	51	-9999.9	3	18.4	3
2025 07 18 14	0.47	0.42	2.9	3.3	14.7	0.71	-9999.9	3	218	-9999.9	51	-9999.9	3	18.8	3
2025 07 18 15	0.42	0.39	2.9	3.2	19.3	0.66	-9999.9	3	180	-9999.9	56	-9999.9	3	18.8	3
2025 07 18 16	0.41	0.39	2.8	3.1	7.9	0.62	-9999.9	3	193	-9999.9	50	-9999.9	3	19.0	3
2025 07 18 17	0.41	0.38	3.0	3.7	5.7	0.82	-9999.9	3	209	-9999.9	47	-9999.9	3	18.1	3
2025 07 18 18	0.64	0.6	3.4	3.5	5.7	1.12	-9999.9	3	222	-9999.9	27	-9999.9	3	17.6	3
2025 07 18 19	0.47	0.45	3.1	3.4	7.2	0.92	-9999.9	3	220	-9999.9	37	-9999.9	3	17.6	3
2025 07 18 20	0.45	0.43	3.7	4.0	8.1	0.78	-9999.9	3	204	-9999.9	45	-9999.9	3	17.8	3
2025 07 18 21	0.32	0.3	4.4	4.2	5.4	0.49	-9999.9	3	149	-9999.9	54	-9999.9	3	19.0	3
2025 07 18 22	0.41	0.39	4.5	4.5	5.4	0.63	-9999.9	3	159	-9999.9	61	-9999.9	3	18.7	3
2025 07 18 23	0.57	0.55	4.2	4.1	4.9	0.86	-9999.9	3	180	-9999.9	54	-9999.9	3	18.1	3
2025 07 19 00	0.66	0.61	3.6	3.5	4.8	0.91	-9999.9	3	185	-9999.9	54	-9999.9	3	17.5	3
2025 07 19 01	0.65	0.61	3.0	3.1	3.5	0.98	-9999.9	3	196	-9999.9	51	-9999.9	3	18.7	3
2025 07 19 02	0.61	0.58	2.7	2.9	3.4	0.95	-9999.9	3	202	-9999.9	49	-9999.9	3	18.2	3
2025 07 19 03	0.59	0.54	2.8	3.1	4.8	0.9	-9999.9	3	203	-9999.9	47	-9999.9	3	19.1	3
2025 07 19 04	0.63	0.59	2.7	2.9	3.3	1.0	-9999.9	3	214	-9999.9	43	-9999.9	3	18.1	3
2025 07 19 05	0.5	0.46	2.8	3.1	21.6	0.76	-9999.9	3	198	-9999.9	50	-9999.9	3	18.2	3
2025 07 19 06	0.59	0.55	3.7	4.1	6.9	1.02	-9999.9	3	214	-9999.9	35	-9999.9	3	18.0	3
2025 07 19 07	0.65	0.62	3.5	3.9	6.7	1.19	-9999.9	3	219	-9999.9	35	-9999.9	3	17.4	3
2025 07 19 08	0.51	0.48	3.8	4.1	6.2	0.92	-9999.9	3	218	-9999.9	50	-9999.9	3	18.1	3
2025 07 19 09	0.54	0.51	3.8	4.4	6.2	0.89	-9999.9	3	191	-9999.9	51	-9999.9	3	17.7	3
2025 07 19 10	-9999.9	-9999.9	-9999.9	-9999.9	-9999.9	-9999.9	-9999.9	3	-9999.9	-9999.9	-9999.9	-9999.9	3	17.0	3
2025 07 19 11	-9999.9	-9999.9	-9999.9	-9999.9	-9999.9	-9999.9	-9999.9	3	-9999.9	-9999.9	-9999.9	-9999.9	3	18.6	3
2025 07 19 12	0.58	0.55	4.6	4.5	6.6	0.81	-9999.9	3	195	-9999.9	55	-9999.9	3	18.1	3
2025 07 19 13	0.49	0.46	4.3	4.3	5.5	0.75	-9999.9	3	188	-9999.9	61	-9999.9	3	17.4	3
2025 07 19 14	0.48	0.45	3.7	3.9	8.0	0.83	-9999.9	3	203	-9999.9	55	-9999.9	3	17.2	3
2025 07 19 15	0.49	0.46	3.3	3.7	6.9	0.78	-9999.9	3	213	-9999.9	46	-9999.9	3	17.4	3
2025 07 19 16	0.42	0.39	3.3	3.7	9.9	0.71	-9999.9	3	213	-9999.9	56	-9999.9	3	17.2	3
2025 07 19 17	0.38	0.36	2.9	3.5	5.6	0.52	-9999.9	3	207	-9999.9	52	-9999.9	3	17.7	3
2025 07 19 18	0.39	0.34	2.9	3.8	8.7	0.79	-9999.9	3	212	-9999.9	48	-9999.9	3	18.4	3
2025 07 19 19	0.47	0.44	3.4	3.9	9.2	0.75	-9999.9	3	212	-9999.9	55	-9999.9	3	18.5	3
2025 07 19 20	0.45	0.42	3.2	3.7	8.6	0.76	-9999.9	3	232	-9999.9	52	-9999.9	3	18.9	3
2025 07 19 21	0.47	0.44	3.3	3.6	4.9	0.69	-9999.9	3	212	-9999.9	42	-9999.9	3	17.9	3
2025 07 19 22	0.68	0.65	3.5	3.5	5.0	1.23	-9999.9	3	215	-9999.9	35	-9999.9	3	16.7	3
2025 07 19 23	0.57	0.5	5.2	5.0	18.2	0.79	-9999.9	3	164	-9999.9	62	-9999.9	3	17.5	3
2025 07 20 00	0.58	0.56	4.8	4.8	5.0	0.87	-9999.9	3	137	-9999.9	57	-9999.9	3	18.0	3
2025 07 20 01	0.63	0.59	4.6	4.4	4.7	1.11	-9999.9	3	139	-9999.9	64	-9999.9	3	17.7	3
2025 07 20 02	0.49	0.47	3.5	3.4	4.6	0.78	-9999.9	3	155	-9999.9	57	-9999.9	3	17.7	3
2025 07 20 03	0.53	0.47	3.4	3.5	21.9	0.83	-9999.9	3	182	-9999.9	59	-9999.9	3	17.4	3
2025 07 20 04	0.44	0.41	3.3	3.5	15.4	0.74	-9999.9	3	198	-9999.9	56	-9999.9	3	17.6	3
2025 07 20 05	0.38	0.35	2.5	3.0	28.6	0.54	-9999.9	3	179	-9999.9	56	-9999.9	3	17.7	3
2025 07 20 06	0.36	0.31	3.8	4.1	20.5	0.54	-9999.9	3	164	-9999.9	62	-9999.9	3	18.0	3
2025 07 20 07	0.38	0.35	3.2	3.5	7.8	0.7	-9999.9	3	202	-9999.9	42	-9999.9	3	17.4	3
2025 07 20 08	0.49	0.46	3.5	4.2	9.0	0.87	-9999.9	3	216	-9999.9	35	-9999.9	3	17.4	3
2025 07 20 09	0.5	0.47	3.4	3.7	7.2	0.78	-9999.9	3	210	-9999.9	44	-9999.9	3	17.6	3
2025 07 20 10	0.43	0.41	3.7	3.9	6.1	0.7	-9999.9	3	181	-9999.9	56	-9999.9	3	17.8	3
2025 07 20 11	0.45	0.44	3.9	4.0	6.1	0.81	-9999.9	3	184	-9999.9	48	-9999.9	3	17.5	3
2025 07 20 12	0.77	0.75	4.7	5.0	5.7	1.31	-9999.9	3	156	-9999.9	51	-9999.9	3	18.0	3
2025 07 20 13	0.66	0.63	4.5	4.6	6.0	1.17	-9999.9	3	171	-9999.9	56	-9999.9	3	18.2	3
2025 07 20 14	0.62	0.59	3.8	3.9	5.7	1.2	-9999.9	3	189	-9999.9	58	-9999.9	3	17.8	3
2025 07 20 15	0.58	0.54	3.2	3.5	5.7	0.87	-9999.9	3	194	-9999.9	53	-9999.9	3	18.4	3
2025 07 20 16	0.56	0.53	3.1	3.5	5.4	0.94	-9999.9	3	210	-9999.9	49	-9999.9	3	18.0	3
2025 07 20 17	0.51	0.47	3.1	3.3	4.9	0.73	-9999.9	3	222	-9999.9	44	-9999.9	3	18.4	3
2025 07 20 18	0.52	0.48	3.2	3.6	7.6	0.76	-9999.9	3	216	-9999.9	44	-9999.9	3	19.6	3
2025 07 20 19	0.47	0.45	3.0	3.4	5.6	0.78	-9999.9	3	207	-9999.9	44	-9999.9	3	18.9	3
2025 07 20 20	0.42	0.4	3.2	3.5	6.6	0.72	-9999.9	3	215	-9999.9	47	-9999.9	3	18.3	3
2025 07 20 21	0.48	0.46	3.4	3.6	5.0	0.86	-9999.9	3	213	-9999.9	47	-9999.9	3	17.8	3
2025 07 20 22	0.46	0.43	3.2	3.7	6.3	0.88	-9999.9	3	208	-9999.9	44	-9999.9	3	18.0	3
2025 07 20 23	0.49	0.47	3.8	3.9	5.0	0.83	-9999.9	3	202	-9999.9	46	-9999.9	3	16.0	3
2025 07 21 00	0.48	0.46	4.4	4.3	5.3	0.77	-9999.9	3	175	-9999.9	60	-9999.9	3	17.7	3
2025 07 21 01	0.54	0.5	4.4	4.5	5.5	0.8	-9999.9	3	185	-9999.9	59	-9999.9	3	17.9	3
2025 07 21 02	0.7	0.69	4.6	4.4	4.9	1.14	-9999.9	3	155	-9999.9	56	-9999.9	3	18.4	3
2025 07 21 03	0.59	0.56	3.6	3.7	5.6	0.9	-9999.9	3	173	-9999.9	56	-9999.9	3	18.1	3
2025 07 21 04	0.48	0.46	3.1	3.4	5.4	0.78	-9999.9	3	161	-9999.9	57	-9999.9	3	17.9	3
2025 07 21 05	0.47	0.45	3.2	3.7	5.4	0.82	-9999.9	3	215	-9999.9	53	-9999.9	3	18.6	3
2025 07 21 06	0.41	0.38	2.9	3.6	7.7	0.77	-9999.9	3	198	-9999.9	53	-9999.9	3	18.1	3
2025 07 21 07	0.38	0.34	2.7	3.2	15.6	0.54	-9999.9	3	179	-9999.9	57	-9999.9	3	18.7	3
2025 07 21 08	0.41	0.39	3.5	3.9	8.1	0.74	-9999.9	3	201	-9999.9	46	-9999.9	3	18.0	3
2025 07 21 09	0.49	0.45	3.3	3.4	6.1	0.75	-9999.9	3	213	-9999.9	39	-9999.9	3	17.4	3
2025 07 21 10	0.68	0.64	3.5	3.5	6.2	0.98	-9999.9	3	224	-9999.9	30	-9999.9	3	17.5	3
2025 07 21 11	0.4	0.38	3.4	3.5	7.4	0.76	-9999.9	3	190	-9999.9	47	-9999.9	3	18.0	3
2025 07 21 12	0.41	0.38	4.1	4.2	6.2	0.78	-9999.9	3	162	-9999.9	55	-9999.9	3	17.7	3
2025 07 21 13	0.41	0.41	4.7	4.6	5.4	0.72	-9999.9	3	166	-9999.9	55	-9999.9	3	18.2	3
2025 07 21 14	0.47	0.45	4.1	4.2	5.6	0.77	-9999.9	3	184	-9999.9	47	-9999.9	3	17.8	3
2025 07 21 15	0.55	0.52	3.6	4.0	5.2	0.89	-9999.9	3	182	-9999.9	56	-9999.9	3	17.2	3
2025 07 21 16	0.42	0.4	3.6	3.7	7.7	0.65	-9999.9	3	171	-9999.9	58	-9999.9	3	18.3	3
2025 07 21 17	0.45	0.4	3.1	3.4	14.9	0.71	-9999.9	3	193	-9999.9	57	-9999.9	3	18.7	3
2025 07 21 18	0.42	0.39	2.7	3.0	5.9	0.63	-9999.9	3	213	-9999.9	49	-9999.9	3	18.4	3
2025 07 21 19	0.37	0.34	2.6	3.1	6.8	0.73	-9999.9	3	191	-9999.9	47	-9999.9	3	18.8	3
2025 07 21 20	0.34	0.31	2.7	3.3	9.7	0.56	-9999.9	3	204	-9999.9	45	-9999.9	3	18.1	3
2025 07 21 21	0.37	0.35	2.8	3.1	3.9	0.84	-9999.9	3	184	-9999.9	47	-9999.9	3	17.5	3
2025 07 21 22	0.36	0.34	2.8	3.2	5.1	0.61	-9999.9	3	217	-9999.9	43	-9999.9	3	17.4	3
2025 07 21 23	0.35	0.33	3.2	3.5	5.1	0.53	-9999.9	3	196	-9999.9	52	-9999.9	3	17.1	3
2025 07 22 00	0.35	0.32	3.8	3.9	9.6	0.53	-9999.9	3	213	-9999.9	50	-9999.9	3	15.5	3
2025 07 22 01	0.33	0.31	3.3	3.5	4.7	0.5	-9999.9	3	184	-9999.9	47	-9999.9	3	15.7	3
2025 07 22 02	0.4	0.38	4.1	4.1	4.8	0.83	-9999.9	3	181	-9999.9	55	-9999.9	3	17.3	3
2025 07 22 03	0.37	0.35	3.7	3.8	4.7	0.58	-9999.9	3	146	-9999.9	57	-9999.9	3	17.6	3
2025 07 22 04	0.46	0.44	3.7	3.7	4.3	0.64	-9999.9	3	137	-9999.9	58	-9999.9	3	18.2	3
2025 07 22 05	0.37	0.35	3.5	3.4	4.3	0.61	-9999.9	3	127	-9999.9	63	-9999.9	3	17.4	3
2025 07 22 06	0.37	0.34	3.8	4.0	9.6	0.63	-9999.9	3	177	-9999.9	62	-9999.9	3	17.3	3
2025 07 22 07	0.35	0.33	3.3	3.6	7.8	0.58	-9999.9	3	210	-9999.9	51	-9999.9	3	16.8	3
2025 07 22 08	0.31	0.29	3.0	3.4	9.9	0.5	-9999.9	3	182	-9999.9	58	-9999.9	3	17.4	3
2025 07 22 09	0.32	0.27	3.9	4.4	25.8	0.45	-9999.9	3	166	-9999.9	63	-9999.9	3	19.3	3
2025 07 22 10	0.37	0.36	4.1	4.5	8.3	0.71	-9999.9	3	215	-9999.9	36	-9999.9	3	18.2	3
2025 07 22 11	0.6	0.57	3.5	3.8	6.8	0.98	-9999.9	3	227	-9999.9	27	-9999.9	3	17.5	3
2025 07 22 12	0.45	0.42	3.2	3.4	6.0	0.73	-9999.9	3	207	-9999.9	37	-9999.9	3	17.7	3
2025 07 22 13	0.37	0.35	4.6	4.5	5.9	0.51	-9999.9	3	152	-9999.9	58	-9999.9	3	18.5	3
2025 07 22 14	0.43	0.42	5.1	5.2	7.2	0.71	-9999.9	3	174	-9999.9	52	-9999.9	3	-9999.9	-9999.9
2025 07 22 15	0.53	0.51	4.8	4.7	5.6	0.82	-9999.9	3	157	-9999.9	49	-9999.9	3	17.6	3
2025 07 22 16	0.49	0.46	3.7	3.9	5.3	0.81	-9999.9	3	146	-9999.9	58	-9999.9	3	18.4	3
2025 07 22 17	0.43	0.39	3.9	4.2	9.8	0.66	-9999.9	3	120	-9999.9	62	-9999.9	3	18.2	3
2025 07 22 18	0.34	0.31	3.6	3.8	18.1	0.53	-9999.9	3	150	-9999.9	58	-9999.9	3	19.5	3
2025 07 22 19	0.32	0.3	3.4	3.4	5.9	0.52	-9999.9	3	175	-9999.9	55	-9999.9	3	17.9	3
2025 07 22 20	0.3	0.28	3.6	3.9	10.3	0.49	-9999.9	3	171	-9999.9	53	-9999.9	3	18.5	3
2025 07 22 21	0.24	0.22	3.3	3.6	6.3	0.33	-9999.9	3	183	-9999.9	60	-9999.9	3	18.9	3
2025 07 22 22	0.3	0.29	3.3	3.5	3.8	0.49	-9999.9	3	142	-9999.9	52	-9999.9	3	18.9	3
2025 07 22 23	0.25	0.24	3.1	3.4	6.5	0.41	-9999.9	3	174	-9999.9	52	-9999.9	3	18.1	3
2025 07 23 00	0.25	0.24	4.1	4.4	6.1	0.42	-9999.9	3	193	-9999.9	57	-9999.9	3	18.1	3
2025 07 23 01	0.25	0.23	4.1	4.1	5.3	0.43	-9999.9	3	185	-9999.9	55	-9999.9	3	-9999.9	3
2025 07 23 02	0.35	0.34	3.7	3.8	4.8	0.58	-9999.9	3	211	-9999.9	38	-9999.9	3	17.4	3
2025 07 23 03	0.32	0.29	4.8	4.7	6.2	0.56	-9999.9	3	173	-9999.9	65	-9999.9	3	16.8	3
2025 07 23 04	0.34	0.33	4.6	4.4	5.0	0.66	-9999.9	3	136	-9999.9	58	-9999.9	3	17.6	3
2025 07 23 05	0.38	0.35	4.2	4.3	5.8	0.57	-9999.9	3	161	-9999.9	60	-9999.9	3	17.8	3
2025 07 23 06	0.33	0.3	3.9	4.0	11.4	0.46	-9999.9	3	169	-9999.9	68	-9999.9	3	17.8	3
2025 07 23 07	0.29	0.26	3.8	4.2	24.9	0.42	-9999.9	3	168	-9999.9	65	-9999.9	3	18.0	3
2025 07 23 08	0.29	0.25	3.9	4.5	16.3	0.45	-9999.9	3	170	-9999.9	66	-9999.9	3	19.1	3
2025 07 23 09	0.33	0.31	2.6	3.1	7.9	0.56	-9999.9	3	194	-9999.9	54	-9999.9	3	18.3	3
2025 07 23 10	0.34	0.32	3.5	3.9	8.0	0.57	-9999.9	3	207	-9999.9	46	-9999.9	3	18.6	3
2025 07 23 11	0.38	0.36	3.5	4.0	7.5	0.7	-9999.9	3	217	-9999.9	38	-9999.9	3	18.3	3
2025 07 23 12	0.55	0.52	3.6	3.8	6.2	0.85	-9999.9	3	232	-9999.9	27	-9999.9	3	18.0	3
2025 07 23 13	0.39	0.37	2.9	3.2	5.1	0.72	-9999.9	3	194	-9999.9	43	-9999.9	3	17.9	3
2025 07 23 15	0.36	0.35	4.6	4.8	6.9	0.79	-9999.9	3	184	-9999.9	57	-9999.9	3	18.7	3
2025 07 23 16	0.47	0.45	3.8	3.9	5.2	0.83	-9999.9	3	172	-9999.9	49	-9999.9	3	17.0	3
2025 07 23 17	0.51	0.47	3.4	3.6	5.3	0.82	-9999.9	3	131	-9999.9	63	-9999.9	3	17.6	3
2025 07 23 18	0.42	0.39	3.5	3.7	5.7	0.7	-9999.9	3	125	-9999.9	60	-9999.9	3	18.2	3
2025 07 23 19	0.43	0.41	2.9	3.4	7.4	0.85	-9999.9	3	191	-9999.9	50	-9999.9	3	18.7	3
2025 07 23 20	0.34	0.32	3.0	3.4	6.7	0.56	-9999.9	3	175	-9999.9	50	-9999.9	3	17.5	3
2025 07 23 21	0.35	0.32	2.9	3.1	6.3	0.51	-9999.9	3	184	-9999.9	49	-9999.9	3	17.8	3
2025 07 23 22	0.4	0.38	2.6	2.9	8.2	0.62	-9999.9	3	214	-9999.9	40	-9999.9	3	17.6	3
2025 07 23 23	0.29	0.28	2.7	3.0	6.6	0.49	-9999.9	3	218	-9999.9	42	-9999.9	3	17.6	3
2025 07 24 00	0.32	0.29	3.0	3.3	7.0	0.5	-9999.9	3	203	-9999.9	47	-9999.9	3	17.6	3
2025 07 24 01	0.31	0.3	3.8	4.0	6.3	0.52	-9999.9	3	196	-9999.9	47	-9999.9	3	17.6	3
2025 07 24 02	0.38	0.36	3.8	3.9	5.5	0.59	-9999.9	3	200	-9999.9	42	-9999.9	3	16.0	3
2025 07 24 03	0.48	0.46	3.7	3.8	5.4	0.78	-9999.9	3	205	-9999.9	37	-9999.9	3	15.9	3
2025 07 24 05	0.46	0.44	4.2	4.3	5.6	0.72	-9999.9	3	179	-9999.9	54	-9999.9	3	17.6	3
2025 07 24 06	0.55	0.53	4.4	4.4	7.0	0.86	-9999.9	3	174	-9999.9	54	-9999.9	3	17.7	3
2025 07 24 07	0.47	0.44	3.5	3.6	6.2	0.78	-9999.9	3	203	-9999.9	55	-9999.9	3	17.5	3
2025 07 24 08	0.26	0.25	3.2	3.6	7.8	0.43	-9999.9	3	199	-9999.9	59	-9999.9	3	17.9	3
2025 07 24 09	0.34	0.32	4.0	4.1	8.2	0.51	-9999.9	3	197	-9999.9	45	-9999.9	3	17.0	3
2025 07 24 10	0.36	0.35	4.6	4.8	7.1	0.79	-9999.9	3	199	-9999.9	54	-9999.9	3	18.8	3
2025 07 24 11	0.38	0.35	4.1	4.2	7.6	0.6	-9999.9	3	192	-9999.9	56	-9999.9	3	18.9	3
2025 07 24 12	0.36	0.34	4.3	4.5	8.5	0.57	-9999.9	3	203	-9999.9	54	-9999.9	3	18.7	3
2025 07 24 13	0.59	0.56	4.3	4.4	5.5	1.06	-9999.9	3	224	-9999.9	33	-9999.9	3	18.4	3
2025 07 24 14	0.4	0.39	4.1	4.2	6.6	0.69	-9999.9	3	174	-9999.9	50	-9999.9	3	17.9	3
2025 07 24 15	0.4	0.38	5.5	5.4	7.3	0.66	-9999.9	3	124	-9999.9	55	-9999.9	3	18.6	3
2025 07 24 16	0.4	0.38	5.0	5.0	5.6	0.72	-9999.9	3	144	-9999.9	57	-9999.9	3	18.2	3
2025 07 24 17	0.48	0.47	4.4	4.3	6.0	0.78	-9999.9	3	141	-9999.9	58	-9999.9	3	17.7	3
2025 07 24 18	0.5	0.46	4.3	4.1	7.5	0.76	-9999.9	3	89	-9999.9	57	-9999.9	3	17.1	3
2025 07 24 19	0.41	0.39	3.7	3.8	6.9	0.6	-9999.9	3	139	-9999.9	64	-9999.9	3	18.2	3
2025 07 24 20	0.32	0.29	3.7	4.0	9.6	0.61	-9999.9	3	186	-9999.9	51	-9999.9	3	17.5	3
2025 07 24 21	0.37	0.35	3.8	4.0	6.1	0.59	-9999.9	3	96	-9999.9	44	-9999.9	3	17.2	3
2025 07 24 22	0.65	0.61	3.6	3.6	5.9	1.12	-9999.9	3	98	-9999.9	33	-9999.9	3	-9999.9	3
2025 07 24 23	0.71	0.69	3.0	3.1	4.4	1.21	-9999.9	3	87	-9999.9	35	-9999.9	3	18.2	3
2025 07 25 00	0.62	0.6	2.7	2.8	3.2	0.99	-9999.9	3	86	-9999.9	36	-9999.9	3	17.8	3
2025 07 25 01	0.57	0.54	2.7	2.8	4.1	0.95	-9999.9	3	89	-9999.9	36	-9999.9	3	17.7	3
2025 07 25 02	0.58	0.54	2.9	3.1	3.5	0.98	-9999.9	3	88	-9999.9	35	-9999.9	3	17.5	3
2025 07 25 03	0.71	0.68	3.4	3.5	3.7	1.3	-9999.9	3	78	-9999.9	33	-9999.9	3	16.9	3
2025 07 25 04	0.57	0.54	3.4	3.4	3.7	0.91	-9999.9	3	76	-9999.9	35	-9999.9	3	16.5	3
2025 07 25 05	0.51	0.49	3.1	3.1	3.5	0.84	-9999.9	3	76	-9999.9	39	-9999.9	3	16.4	3
2025 07 25 06	0.66	0.62	4.4	4.1	5.8	1.31	-9999.9	3	96	-9999.9	51	-9999.9	3	17.6	3
2025 07 25 07	0.72	0.67	3.6	3.7	3.7	1.21	-9999.9	3	74	-9999.9	40	-9999.9	3	17.7	3
2025 07 25 08	0.59	0.56	2.5	2.8	4.0	0.98	-9999.9	3	120	-9999.9	56	-9999.9	3	16.8	3
2025 07 25 09	0.81	0.77	3.2	3.3	4.0	1.23	-9999.9	3	66	-9999.9	33	-9999.9	3	18.0	3
2025 07 25 10	0.83	0.8	3.1	3.1	3.8	1.29	-9999.9	3	78	-9999.9	31	-9999.9	3	18.0	3
2025 07 25 11	0.7	0.66	2.7	2.9	3.6	0.98	-9999.9	3	79	-9999.9	38	-9999.9	3	18.4	3
2025 07 25 12	0.75	0.71	2.7	2.8	4.5	1.26	-9999.9	3	97	-9999.9	38	-9999.9	3	18.0	3
2025 07 25 13	0.71	0.68	2.7	2.9	3.1	1.14	-9999.9	3	102	-9999.9	38	-9999.9	3	17.9	3
2025 07 25 14	0.78	0.75	3.0	3.1	3.6	1.24	-9999.9	3	91	-9999.9	35	-9999.9	3	18.0	3
2025 07 25 15	1.05	0.99	3.5	3.7	5.9	1.69	-9999.9	3	91	-9999.9	35	-9999.9	3	18.0	3
2025 07 25 16	1.28	1.22	4.9	4.7	6.7	2.4	-9999.9	3	75	-9999.9	40	-9999.9	3	17.3	3
2025 07 25 17	1.38	1.34	5.7	5.6	7.5	2.1	-9999.9	3	69	-9999.9	33	-9999.9	3	17.9	3
2025 07 25 18	1.19	1.14	5.1	5.0	7.5	1.72	-9999.9	3	63	-9999.9	31	-9999.9	3	18.1	3
2025 07 25 19	1.02	0.94	3.7	3.8	8.2	1.68	-9999.9	3	74	-9999.9	37	-9999.9	3	18.3	3
2025 07 25 20	0.8	0.72	3.2	3.3	8.4	1.38	-9999.9	3	83	-9999.9	39	-9999.9	3	18.2	3
2025 07 25 21	1.16	1.05	4.3	4.5	9.2	2.57	-9999.9	3	87	-9999.9	42	-9999.9	3	18.3	3
2025 07 25 22	1.53	1.44	4.5	4.7	8.1	2.61	-9999.9	3	87	-9999.9	30	-9999.9	3	19.4	3
2025 07 25 23	1.35	1.24	4.0	4.0	8.4	2.47	-9999.9	3	92	-9999.9	39	-9999.9	3	18.9	3
2025 07 26 00	1.31	1.21	3.8	4.0	9.7	2.14	-9999.9	3	99	-9999.9	34	-9999.9	3	18.5	3
2025 07 26 01	1.24	1.14	3.9	4.1	9.8	1.75	-9999.9	3	101	-9999.9	40	-9999.9	3	18.5	3
2025 07 26 02	1.31	1.19	4.2	4.3	9.8	1.96	-9999.9	3	93	-9999.9	36	-9999.9	3	18.8	3
2025 07 26 03	1.46	1.38	5.1	5.2	9.8	2.42	-9999.9	3	99	-9999.9	31	-9999.9	3	18.9	3
2025 07 26 04	1.51	1.39	4.8	5.0	9.1	3.16	-9999.9	3	89	-9999.9	28	-9999.9	3	18.7	3
2025 07 26 05	1.29	1.23	4.6	4.6	9.6	1.9	-9999.9	3	97	-9999.9	36	-9999.9	3	18.8	3
2025 07 26 06	0.98	0.88	3.5	3.7	9.3	1.52	-9999.9	3	96	-9999.9	47	-9999.9	3	18.5	3
2025 07 26 07	0.96	0.86	3.5	4.0	9.4	1.71	-9999.9	3	105	-9999.9	46	-9999.9	3	18.5	3
2025 07 26 08	1.09	0.97	3.5	3.9	8.5	1.81	-9999.9	3	99	-9999.9	48	-9999.9	3	18.0	3
2025 07 26 09	1.43	1.32	4.3	4.4	7.8	2.19	-9999.9	3	89	-9999.9	32	-9999.9	3	18.0	3
2025 07 26 10	1.6	1.47	4.3	4.6	8.3	2.99	-9999.9	3	89	-9999.9	30	-9999.9	3	18.0	3
2025 07 26 11	1.21	1.11	4.4	4.7	8.2	2.09	-9999.9	3	94	-9999.9	40	-9999.9	3	18.4	3
2025 07 26 12	1.0	0.9	3.1	3.4	8.3	1.6	-9999.9	3	93	-9999.9	41	-9999.9	3	18.1	3
2025 07 26 13	0.92	0.83	3.2	3.3	8.7	1.31	-9999.9	3	96	-9999.9	46	-9999.9	3	18.7	3
2025 07 26 14	0.79	0.73	3.2	3.3	8.1	1.33	-9999.9	3	100	-9999.9	38	-9999.9	3	18.8	3
2025 07 26 15	0.85	0.76	3.3	3.4	7.8	1.29	-9999.9	3	96	-9999.9	37	-9999.9	3	18.9	3
2025 07 26 16	0.89	0.81	3.8	3.8	8.6	1.28	-9999.9	3	95	-9999.9	38	-9999.9	3	18.8	3
2025 07 26 17	0.68	0.65	3.1	3.4	7.6	0.99	-9999.9	3	99	-9999.9	58	-9999.9	3	18.7	3
2025 07 26 18	0.59	0.54	4.4	4.7	8.3	1.08	-9999.9	3	84	-9999.9	39	-9999.9	3	18.0	3
2025 07 26 19	0.61	0.58	3.6	3.7	7.2	1.01	-9999.9	3	77	-9999.9	43	-9999.9	3	17.9	3
2025 07 26 20	0.48	0.43	3.1	3.6	8.0	0.74	-9999.9	3	82	-9999.9	55	-9999.9	3	17.7	3
2025 07 26 21	0.58	0.53	2.7	3.0	7.9	0.94	-9999.9	3	89	-9999.9	48	-9999.9	3	18.0	3
2025 07 26 22	0.7	0.63	3.5	3.9	7.3	1.22	-9999.9	3	79	-9999.9	35	-9999.9	3	18.3	3
2025 07 26 23	0.83	0.81	3.9	3.9	6.6	1.43	-9999.9	3	87	-9999.9	37	-9999.9	3	18.3	3
2025 07 27 00	0.79	0.73	3.2	3.3	6.7	1.21	-9999.9	3	81	-9999.9	36	-9999.9	3	18.4	3
2025 07 27 01	0.6	0.55	2.9	3.3	7.0	1.04	-9999.9	3	91	-9999.9	43	-9999.9	3	18.3	3
2025 07 27 02	0.5	0.47	2.9	3.2	6.5	0.79	-9999.9	3	90	-9999.9	40	-9999.9	3	18.1	3
2025 07 27 03	0.57	0.53	3.5	3.6	7.4	0.92	-9999.9	3	97	-9999.9	37	-9999.9	3	18.1	3
2025 07 27 04	0.53	0.51	3.5	3.6	7.0	0.91	-9999.9	3	93	-9999.9	36	-9999.9	3	18.0	3
2025 07 27 05	0.44	0.41	3.6	3.6	5.3	0.63	-9999.9	3	71	-9999.9	40	-9999.9	3	16.4	3
2025 07 27 06	0.45	0.42	3.7	3.8	7.2	0.69	-9999.9	3	82	-9999.9	45	-9999.9	3	17.0	3
2025 07 27 07	0.58	0.55	5.4	5.4	6.5	0.79	-9999.9	3	71	-9999.9	46	-9999.9	3	18.0	3
2025 07 27 08	0.71	0.69	4.5	4.4	5.1	1.13	-9999.9	3	82	-9999.9	41	-9999.9	3	18.2	3
2025 07 27 09	0.54	0.5	3.5	3.7	6.4	0.86	-9999.9	3	66	-9999.9	33	-9999.9	3	18.3	3
2025 07 27 10	0.37	0.34	2.7	2.9	6.8	0.62	-9999.9	3	81	-9999.9	45	-9999.9	3	18.3	3
2025 07 27 11	0.47	0.44	3.2	3.5	6.6	0.81	-9999.9	3	88	-9999.9	46	-9999.9	3	18.7	3
2025 07 27 12	0.44	0.41	3.2	3.8	9.1	0.75	-9999.9	3	113	-9999.9	42	-9999.9	3	18.8	3
2025 07 27 13	0.34	0.31	2.4	2.8	5.6	0.56	-9999.9	3	126	-9999.9	55	-9999.9	3	18.4	3
2025 07 27 14	0.34	0.32	2.6	2.9	6.5	0.57	-9999.9	3	118	-9999.9	50	-9999.9	3	18.8	3
2025 07 27 15	0.39	0.35	3.2	3.3	7.5	0.58	-9999.9	3	153	-9999.9	51	-9999.9	3	18.9	3
2025 07 27 16	0.45	0.41	3.4	3.5	7.8	0.64	-9999.9	3	100	-9999.9	40	-9999.9	3	18.6	3
2025 07 27 17	0.44	0.41	4.5	4.6	5.4	0.71	-9999.9	3	82	-9999.9	48	-9999.9	3	17.6	3
2025 07 27 18	0.3	0.28	4.9	4.8	5.5	0.51	-9999.9	3	123	-9999.9	56	-9999.9	3	18.0	3
2025 07 27 19	0.43	0.41	4.5	4.6	6.9	0.74	-9999.9	3	106	-9999.9	56	-9999.9	3	17.5	3
2025 07 27 20	0.36	0.33	3.3	3.7	9.5	0.73	-9999.9	3	181	-9999.9	55	-9999.9	3	17.6	3
2025 07 27 21	0.24	0.23	3.2	3.4	7.1	0.38	-9999.9	3	163	-9999.9	66	-9999.9	3	18.1	3
2025 07 27 22	0.29	0.26	3.5	3.9	7.7	0.71	-9999.9	3	159	-9999.9	56	-9999.9	3	18.2	3
2025 07 27 23	0.36	0.36	5.0	5.1	6.2	0.63	-9999.9	3	120	-9999.9	50	-9999.9	3	18.3	3
2025 07 28 00	0.34	0.32	3.8	4.0	5.7	0.66	-9999.9	3	100	-9999.9	40	-9999.9	3	18.2	3
2025 07 28 01	0.29	0.27	2.9	3.3	5.9	0.47	-9999.9	3	131	-9999.9	51	-9999.9	3	18.2	3
2025 07 28 02	0.28	0.25	3.2	3.4	6.1	0.5	-9999.9	3	139	-9999.9	51	-9999.9	3	18.2	3
2025 07 28 03	0.26	0.25	3.9	3.9	6.3	0.45	-9999.9	3	133	-9999.9	45	-9999.9	3	18.2	3
2025 07 28 04	0.22	0.21	4.4	4.5	5.8	0.37	-9999.9	3	117	-9999.9	47	-9999.9	3	18.4	3
2025 07 28 05	0.24	0.22	4.0	4.0	6.8	0.34	-9999.9	3	126	-9999.9	52	-9999.9	3	16.9	3
2025 07 28 06	0.26	0.25	3.4	4.3	7.3	0.46	-9999.9	3	194	-9999.9	51	-9999.9	3	16.8	3
2025 07 28 07	0.28	0.26	3.9	3.8	7.2	0.47	-9999.9	3	187	-9999.9	55	-9999.9	3	18.0	3
2025 07 28 08	0.28	0.26	3.4	3.8	8.1	0.4	-9999.9	3	188	-9999.9	53	-9999.9	3	18.7	3
2025 07 28 09	0.41	0.39	2.7	2.9	3.3	0.63	-9999.9	3	193	-9999.9	48	-9999.9	3	18.0	3
2025 07 28 10	0.44	0.43	2.9	2.9	3.3	0.84	-9999.9	3	218	-9999.9	38	-9999.9	3	17.6	3
2025 07 28 11	0.39	0.37	2.8	2.9	7.2	0.66	-9999.9	3	235	-9999.9	40	-9999.9	3	17.9	3
2025 07 28 12	0.48	0.44	2.9	3.2	8.9	1.22	-9999.9	3	218	-9999.9	35	-9999.9	3	18.0	3
2025 07 28 13	0.34	0.33	2.8	2.9	3.5	0.58	-9999.9	3	222	-9999.9	41	-9999.9	3	17.9	3
2025 07 28 14	0.33	0.32	2.9	2.9	3.5	0.7	-9999.9	3	237	-9999.9	34	-9999.9	3	18.0	3
2025 07 28 15	0.37	0.35	3.0	3.2	7.9	0.68	-9999.9	3	229	-9999.9	29	-9999.9	3	18.3	3
2025 07 28 16	0.29	0.28	2.7	3.0	3.9	0.47	-9999.9	3	206	-9999.9	47	-9999.9	3	18.2	3
2025 07 28 17	0.35	0.34	4.1	3.8	4.8	0.61	-9999.9	3	137	-9999.9	51	-9999.9	3	17.9	3
2025 07 28 18	0.27	0.24	3.2	3.4	8.1	0.4	-9999.9	3	176	-9999.9	57	-9999.9	3	17.5	3
2025 07 28 19	0.28	0.26	4.2	4.2	6.7	0.4	-9999.9	3	176	-9999.9	56	-9999.9	3	18.2	3
2025 07 28 20	0.32	0.3	3.0	3.1	7.6	0.62	-9999.9	3	178	-9999.9	52	-9999.9	3	17.1	3
2025 07 28 21	0.28	0.26	2.8	3.0	11.5	0.43	-9999.9	3	181	-9999.9	67	-9999.9	3	17.8	3
2025 07 28 22	0.23	0.22	2.7	2.8	4.6	0.37	-9999.9	3	181	-9999.9	68	-9999.9	3	18.7	3
2025 07 28 23	0.27	0.24	2.8	3.8	9.8	0.41	-9999.9	3	185	-9999.9	60	-9999.9	3	18.3	3
2025 07 29 00	0.27	0.24	3.4	3.9	22.2	0.37	-9999.9	3	194	-9999.9	59	-9999.9	3	18.7	3
2025 07 29 01	0.26	0.24	2.8	3.0	3.6	0.43	-9999.9	3	214	-9999.9	38	-9999.9	3	18.0	3
2025 07 29 02	0.25	0.24	3.7	3.7	6.1	0.36	-9999.9	3	228	-9999.9	31	-9999.9	3	18.1	3
2025 07 29 03	0.24	0.22	3.8	3.9	5.5	0.37	-9999.9	3	217	-9999.9	36	-9999.9	3	18.2	3
2025 07 29 04	0.22	0.21	3.8	3.9	5.4	0.31	-9999.9	3	209	-9999.9	48	-9999.9	3	18.1	3
2025 07 29 05	0.24	0.23	4.0	3.8	4.5	0.42	-9999.9	3	201	-9999.9	52	-9999.9	3	17.8	3
2025 07 29 06	0.34	0.32	3.7	3.8	7.2	0.55	-9999.9	3	200	-9999.9	49	-9999.9	3	17.0	3
2025 07 29 07	0.42	0.38	4.3	4.3	28.4	0.56	-9999.9	3	194	-9999.9	63	-9999.9	3	16.9	3
2025 07 29 08	0.48	0.44	4.0	4.1	5.3	0.75	-9999.9	3	116	-9999.9	61	-9999.9	3	17.1	3
2025 07 29 09	0.54	0.52	3.3	3.4	4.1	0.98	-9999.9	3	88	-9999.9	47	-9999.9	3	16.9	3
2025 07 29 10	0.41	0.38	3.6	3.8	21.2	0.78	-9999.9	3	129	-9999.9	67	-9999.9	3	17.6	3
2025 07 29 11	0.42	0.42	3.1	3.1	4.6	0.79	-9999.9	3	81	-9999.9	50	-9999.9	3	18.1	3
2025 07 29 12	0.53	0.5	2.7	2.8	4.9	0.85	-9999.9	3	74	-9999.9	39	-9999.9	3	18.7	3
2025 07 29 13	0.55	0.51	2.5	2.7	3.6	0.94	-9999.9	3	75	-9999.9	38	-9999.9	3	19.2	3
2025 07 29 14	0.53	0.51	2.4	2.5	3.1	0.86	-9999.9	3	69	-9999.9	35	-9999.9	3	19.7	3
2025 07 29 15	0.59	0.57	2.4	2.6	3.2	0.88	-9999.9	3	87	-9999.9	38	-9999.9	3	19.1	3
2025 07 29 16	0.58	0.54	2.5	2.8	9.2	0.9	-9999.9	3	105	-9999.9	41	-9999.9	3	19.1	3
2025 07 29 17	0.59	0.56	2.9	2.9	3.0	0.98	-9999.9	3	99	-9999.9	37	-9999.9	3	19.0	3
2025 07 29 18	0.63	0.6	3.0	3.1	3.3	1.02	-9999.9	3	88	-9999.9	37	-9999.9	3	18.7	3
2025 07 29 19	0.71	0.66	4.0	4.1	4.7	1.28	-9999.9	3	85	-9999.9	44	-9999.9	3	17.5	3
2025 07 29 20	0.59	0.54	3.4	3.6	7.2	1.15	-9999.9	3	79	-9999.9	39	-9999.9	3	17.7	3
2025 07 29 21	0.57	0.55	3.1	3.3	4.9	0.91	-9999.9	3	77	-9999.9	43	-9999.9	3	17.3	3
2025 07 29 22	0.57	0.54	3.4	3.5	5.8	0.92	-9999.9	3	52	-9999.9	44	-9999.9	3	17.8	3
2025 07 29 23	0.69	0.66	3.4	3.4	5.2	1.04	-9999.9	3	64	-9999.9	32	-9999.9	3	19.5	3
2025 07 30 00	0.82	0.78	3.4	3.6	4.8	1.45	-9999.9	3	74	-9999.9	30	-9999.9	3	19.6	3
2025 07 30 01	0.88	0.83	3.1	3.1	3.8	1.56	-9999.9	3	71	-9999.9	31	-9999.9	3	19.8	3
2025 07 30 02	0.72	0.69	2.7	2.8	3.6	1.14	-9999.9	3	74	-9999.9	35	-9999.9	3	20.4	3
2025 07 30 03	0.86	0.81	2.9	3.0	3.9	1.38	-9999.9	3	78	-9999.9	36	-9999.9	3	20.4	3
2025 07 30 04	0.94	0.89	3.1	3.3	4.0	1.42	-9999.9	3	93	-9999.9	33	-9999.9	3	19.9	3
2025 07 30 05	0.94	0.88	3.3	3.4	3.9	1.35	-9999.9	3	91	-9999.9	34	-9999.9	3	19.8	3
2025 07 30 06	1.02	0.98	3.5	3.5	5.3	1.59	-9999.9	3	88	-9999.9	37	-9999.9	3	19.7	3
2025 07 30 07	1.09	1.04	3.5	3.6	4.5	2.31	-9999.9	3	88	-9999.9	40	-9999.9	3	20.1	3
2025 07 30 08	0.97	0.92	3.3	3.3	5.7	1.42	-9999.9	3	89	-9999.9	44	-9999.9	3	20.0	3
2025 07 30 09	0.83	0.8	2.8	2.9	3.3	1.52	-9999.9	3	72	-9999.9	39	-9999.9	3	19.5	3
2025 07 30 10	0.64	0.61	2.3	2.6	14.4	1.0	-9999.9	3	77	-9999.9	47	-9999.9	3	19.8	3
2025 07 30 11	0.53	0.48	2.5	2.9	7.4	0.96	-9999.9	3	120	-9999.9	57	-9999.9	3	19.6	3
2025 07 30 12	0.74	0.67	2.8	3.0	7.2	1.05	-9999.9	3	74	-9999.9	45	-9999.9	3	19.0	3
2025 07 30 13	0.83	0.77	2.8	2.9	4.4	1.52	-9999.9	3	78	-9999.9	39	-9999.9	3	19.4	3
2025 07 30 14	0.79	0.72	2.7	2.9	5.6	1.2	-9999.9	3	89	-9999.9	40	-9999.9	3	19.6	3
2025 07 30 15	0.86	0.79	2.8	2.9	4.7	1.36	-9999.9	3	82	-9999.9	38	-9999.9	3	19.8	3
2025 07 30 16	0.93	0.87	3.0	3.2	4.6	1.4	-9999.9	3	93	-9999.9	43	-9999.9	3	19.8	3
2025 07 30 17	0.94	0.89	3.2	3.2	4.2	1.41	-9999.9	3	90	-9999.9	35	-9999.9	3	19.9	3
2025 07 30 18	1.02	0.97	3.5	3.5	6.4	1.69	-9999.9	3	94	-9999.9	35	-9999.9	3	19.9	3
2025 07 30 19	0.96	0.91	3.6	3.6	6.5	1.44	-9999.9	3	91	-9999.9	34	-9999.9	3	19.9	3
2025 07 30 20	0.69	0.66	2.8	3.1	4.5	1.15	-9999.9	3	86	-9999.9	52	-9999.9	3	19.6	3
2025 07 30 21	0.73	0.69	3.0	3.2	6.0	1.11	-9999.9	3	88	-9999.9	38	-9999.9	3	19.5	3
2025 07 30 22	0.74	0.7	3.1	3.1	6.8	1.17	-9999.9	3	89	-9999.9	42	-9999.9	3	19.3	3
2025 07 30 23	0.89	0.83	3.4	3.7	7.2	1.51	-9999.9	3	60	-9999.9	34	-9999.9	3	19.1	3
2025 07 31 00	0.89	0.83	3.6	3.7	7.6	1.45	-9999.9	3	77	-9999.9	42	-9999.9	3	19.0	3
2025 07 31 01	0.77	0.72	2.8	3.0	5.0	1.31	-9999.9	3	79	-9999.9	42	-9999.9	3	19.1	3
2025 07 31 02	0.76	0.72	2.9	3.0	6.5	1.23	-9999.9	3	78	-9999.9	40	-9999.9	3	19.1	3
2025 07 31 03	0.79	0.73	2.8	3.1	7.5	1.2	-9999.9	3	83	-9999.9	38	-9999.9	3	19.1	3
2025 07 31 04	0.83	0.77	3.0	3.1	6.4	1.17	-9999.9	3	83	-9999.9	40	-9999.9	3	19.0	3
2025 07 31 05	0.83	0.78	2.9	3.1	4.1	1.36	-9999.9	3	88	-9999.9	38	-9999.9	3	19.0	3
2025 07 31 06	0.87	0.82	3.2	3.3	4.1	1.3	-9999.9	3	81	-9999.9	36	-9999.9	3	19.0	3
2025 07 31 07	0.98	0.94	3.5	3.6	4.8	1.82	-9999.9	3	84	-9999.9	34	-9999.9	3	19.1	3
2025 07 31 08	1.01	0.99	3.4	3.4	3.8	1.61	-9999.9	3	84	-9999.9	37	-9999.9	3	19.0	3
2025 07 31 09	0.57	0.54	2.6	2.9	7.0	0.9	-9999.9	3	77	-9999.9	55	-9999.9	3	18.5	3
2025 07 31 10	0.72	0.68	2.6	2.8	5.1	1.05	-9999.9	3	73	-9999.9	42	-9999.9	3	18.2	3
2025 07 31 11	0.69	0.64	2.5	2.9	6.9	1.25	-9999.9	3	104	-9999.9	53	-9999.9	3	18.4	3
2025 07 31 12	0.63	0.6	2.5	2.8	7.0	1.01	-9999.9	3	104	-9999.9	56	-9999.9	3	-9999.9	-9999.9
2025 07 31 13	0.67	0.62	2.6	2.8	6.7	1.14	-9999.9	3	69	-9999.9	45	-9999.9	3	18.5	3
2025 07 31 14	0.79	0.72	2.6	2.8	6.3	1.21	-9999.9	3	80	-9999.9	41	-9999.9	3	18.8	3
2025 07 31 15	0.72	0.67	2.7	2.9	6.4	1.09	-9999.9	3	80	-9999.9	43	-9999.9	3	19.1	3
2025 07 31 16	0.73	0.67	2.7	2.8	7.4	1.29	-9999.9	3	88	-9999.9	46	-9999.9	3	19.2	3
2025 07 31 17	0.77	0.72	2.8	3.1	6.8	1.19	-9999.9	3	84	-9999.9	38	-9999.9	3	19.1	3
2025 07 31 18	0.84	0.8	3.0	3.1	4.8	1.27	-9999.9	3	83	-9999.9	37	-9999.9	3	19.1	3
2025 07 31 19	0.9	0.84	3.3	3.3	3.8	1.3	-9999.9	3	82	-9999.9	34	-9999.9	3	19.1	3
2025 07 31 20	0.82	0.79	3.4	3.5	4.9	1.42	-9999.9	3	71	-9999.9	37	-9999.9	3	19.0	3
2025 07 31 21	0.71	0.67	3.1	3.2	6.5	1.14	-9999.9	3	73	-9999.9	39	-9999.9	3	19.0	3
2025 07 31 22	0.79	0.75	3.3	3.4	6.5	1.29	-9999.9	3	80	-9999.9	39	-9999.9	3	18.7	3
2025 07 31 23	0.64	0.61	2.9	3.2	6.5	1.05	-9999.9	3	72	-9999.9	50	-9999.9	3	18.7	3
2025 08 01 00	0.74	0.69	3.2	3.4	7.3	1.19	-9999.9	3	85	-9999.9	41	-9999.9	3	18.6	3
2025 08 01 01	0.76	0.72	3.3	3.4	6.5	1.07	-9999.9	3	79	-9999.9	35	-9999.9	3	18.8	3
2025 08 01 02	0.58	0.55	2.8	3.2	7.0	0.97	-9999.9	3	93	-9999.9	51	-9999.9	3	18.8	3
2025 08 01 03	0.57	0.53	2.4	2.7	6.0	0.84	-9999.9	3	101	-9999.9	52	-9999.9	3	18.9	3
2025 08 01 04	0.54	0.5	2.6	3.0	7.4	0.8	-9999.9	3	93	-9999.9	45	-9999.9	3	18.8	3
2025 08 01 05	0.61	0.56	2.8	3.2	7.3	1.04	-9999.9	3	87	-9999.9	41	-9999.9	3	18.8	3
2025 08 01 06	0.57	0.53	3.0	3.2	7.5	0.94	-9999.9	3	107	-9999.9	44	-9999.9	3	18.9	3
2025 08 01 07	0.73	0.69	3.5	3.5	7.1	1.26	-9999.9	3	94	-9999.9	36	-9999.9	3	18.9	3
2025 08 01 08	0.71	0.64	3.6	3.8	7.4	1.05	-9999.9	3	72	-9999.9	37	-9999.9	3	18.0	3
2025 08 01 09	0.6	0.57	3.4	3.6	7.3	0.98	-9999.9	3	76	-9999.9	40	-9999.9	3	17.6	3
2025 08 01 10	0.57	0.53	3.3	3.6	7.1	0.88	-9999.9	3	69	-9999.9	32	-9999.9	3	17.8	3
2025 08 01 11	0.39	0.37	2.5	3.3	7.0	0.76	-9999.9	3	136	-9999.9	54	-9999.9	3	17.9	3
2025 08 01 12	0.41	0.39	3.6	3.9	8.2	0.64	-9999.9	3	94	-9999.9	53	-9999.9	3	18.0	3
2025 08 01 13	0.46	0.43	2.6	2.8	6.7	0.72	-9999.9	3	124	-9999.9	50	-9999.9	3	18.7	3
2025 08 01 14	0.45	0.44	2.3	2.5	2.6	0.73	-9999.9	3	100	-9999.9	48	-9999.9	3	19.0	3
2025 08 01 15	0.49	0.46	2.5	2.9	7.1	0.67	-9999.9	3	129	-9999.9	52	-9999.9	3	19.1	3
2025 08 01 16	0.45	0.43	2.3	2.7	6.8	0.68	-9999.9	3	96	-9999.9	54	-9999.9	3	19.3	3
2025 08 01 17	0.44	0.41	2.5	3.4	7.4	0.73	-9999.9	3	126	-9999.9	54	-9999.9	3	19.6	3
2025 08 01 18	0.5	0.47	2.4	2.7	7.1	0.75	-9999.9	3	98	-9999.9	44	-9999.9	3	19.4	3
2025 08 01 19	0.61	0.56	2.9	2.9	7.1	1.01	-9999.9	3	114	-9999.9	47	-9999.9	3	19.4	3
2025 08 01 20	0.62	0.58	2.9	3.0	3.3	1.04	-9999.9	3	87	-9999.9	34	-9999.9	3	19.1	3
2025 08 01 21	0.74	0.71	3.3	3.3	3.5	1.21	-9999.9	3	57	-9999.9	30	-9999.9	3	18.1	3
2025 08 01 22	0.71	0.68	3.0	3.1	3.5	1.07	-9999.9	3	55	-9999.9	33	-9999.9	3	18.1	3
2025 08 01 23	0.55	0.51	2.5	2.7	7.1	0.89	-9999.9	3	68	-9999.9	40	-9999.9	3	18.2	3
2025 08 02 00	0.56	0.53	2.2	2.3	3.0	0.91	-9999.9	3	65	-9999.9	42	-9999.9	3	18.4	3
2025 08 02 01	0.57	0.54	2.4	2.6	18.7	0.86	-9999.9	3	75	-9999.9	50	-9999.9	3	19.3	3
2025 08 02 02	0.6	0.56	2.3	2.5	2.9	0.9	-9999.9	3	85	-9999.9	47	-9999.9	3	19.6	3
2025 08 02 03	0.54	0.52	2.4	2.5	2.6	0.89	-9999.9	3	106	-9999.9	41	-9999.9	3	19.9	3
2025 08 02 04	0.66	0.59	2.6	2.7	9.4	0.99	-9999.9	3	88	-9999.9	46	-9999.9	3	19.8	3
2025 08 02 05	0.59	0.55	2.3	2.6	10.3	0.96	-9999.9	3	80	-9999.9	46	-9999.9	3	19.4	3
2025 08 02 06	0.69	0.64	2.5	2.7	6.9	1.08	-9999.9	3	86	-9999.9	43	-9999.9	3	19.5	3
2025 08 02 07	0.71	0.65	2.6	2.8	6.7	1.08	-9999.9	3	88	-9999.9	41	-9999.9	3	19.8	3
2025 08 02 08	0.62	0.58	2.7	2.9	7.1	1.01	-9999.9	3	105	-9999.9	37	-9999.9	3	19.9	3
2025 08 02 09	0.69	0.65	2.9	2.9	3.0	1.08	-9999.9	3	93	-9999.9	32	-9999.9	3	19.8	3
2025 08 02 10	0.7	0.67	2.8	2.9	2.9	1.11	-9999.9	3	90	-9999.9	35	-9999.9	3	19.4	3
2025 08 02 11	0.58	0.54	2.5	2.7	3.4	1.02	-9999.9	3	77	-9999.9	44	-9999.9	3	19.2	3
2025 08 02 12	0.6	0.57	2.4	2.6	3.0	0.89	-9999.9	3	81	-9999.9	41	-9999.9	3	19.2	3
2025 08 02 13	0.68	0.64	2.6	2.7	5.7	1.08	-9999.9	3	88	-9999.9	40	-9999.9	3	19.7	3
2025 08 02 14	0.71	0.69	2.5	2.7	2.8	1.23	-9999.9	3	78	-9999.9	34	-9999.9	3	20.0	3
2025 08 02 15	0.68	0.64	2.6	2.7	3.8	1.04	-9999.9	3	88	-9999.9	38	-9999.9	3	20.2	3
2025 08 02 16	0.58	0.55	2.2	2.4	2.5	0.96	-9999.9	3	84	-9999.9	41	-9999.9	3	20.5	3
2025 08 02 17	0.62	0.56	2.4	2.6	22.1	0.89	-9999.9	3	84	-9999.9	49	-9999.9	3	20.7	3
2025 08 02 18	0.66	0.62	2.4	2.6	3.6	1.04	-9999.9	3	86	-9999.9	37	-9999.9	3	20.6	3
2025 08 02 19	0.68	0.63	2.6	2.8	6.8	1.18	-9999.9	3	101	-9999.9	43	-9999.9	3	20.7	3
2025 08 02 20	0.73	0.68	2.6	2.7	7.9	1.08	-9999.9	3	87	-9999.9	41	-9999.9	3	20.7	3
2025 08 02 21	0.76	0.73	2.7	2.7	3.0	1.45	-9999.9	3	94	-9999.9	36	-9999.9	3	20.6	3
2025 08 02 22	0.65	0.63	2.6	2.7	2.8	0.96	-9999.9	3	91	-9999.9	35	-9999.9	3	20.6	3
2025 08 02 23	0.77	0.74	2.9	3.0	3.3	1.26	-9999.9	3	93	-9999.9	33	-9999.9	3	20.7	3
2025 08 03 00	0.74	0.71	2.7	2.8	3.4	1.21	-9999.9	3	87	-9999.9	36	-9999.9	3	20.6	3
2025 08 03 01	0.68	0.65	2.5	2.6	3.0	1.21	-9999.9	3	86	-9999.9	39	-9999.9	3	20.6	3
2025 08 03 02	0.7	0.68	2.5	2.6	3.0	1.06	-9999.9	3	84	-9999.9	40	-9999.9	3	20.6	3
2025 08 03 03	0.65	0.62	2.4	2.6	3.5	1.1	-9999.9	3	83	-9999.9	40	-9999.9	3	20.6	3
2025 08 03 04	0.6	0.57	2.4	2.5	5.2	1.01	-9999.9	3	92	-9999.9	45	-9999.9	3	20.7	3
2025 08 03 05	0.6	0.56	2.3	2.5	3.5	0.87	-9999.9	3	88	-9999.9	43	-9999.9	3	21.0	3
2025 08 03 06	0.6	0.55	2.4	2.7	11.7	0.88	-9999.9	3	96	-9999.9	44	-9999.9	3	21.1	3
2025 08 03 07	0.6	0.56	2.5	2.7	6.3	0.88	-9999.9	3	99	-9999.9	46	-9999.9	3	21.1	3
2025 08 03 08	0.54	0.51	2.4	2.5	3.0	0.85	-9999.9	3	93	-9999.9	43	-9999.9	3	21.1	3
2025 08 03 09	0.63	0.6	2.6	2.7	3.0	1.0	-9999.9	3	97	-9999.9	38	-9999.9	3	21.1	3
2025 08 03 10	0.61	0.59	2.7	2.8	3.0	0.91	-9999.9	3	93	-9999.9	36	-9999.9	3	21.1	3
2025 08 03 11	0.63	0.61	2.7	2.8	3.1	1.05	-9999.9	3	92	-9999.9	40	-9999.9	3	21.1	3
2025 08 03 12	0.59	0.56	2.5	2.7	3.0	0.97	-9999.9	3	88	-9999.9	43	-9999.9	3	21.1	3
2025 08 03 13	0.68	0.63	2.6	2.8	4.5	1.15	-9999.9	3	92	-9999.9	44	-9999.9	3	21.2	3
2025 08 03 14	0.67	0.62	2.6	2.9	7.1	1.03	-9999.9	3	99	-9999.9	41	-9999.9	3	21.1	3
2025 08 03 15	0.62	0.57	2.4	2.6	4.2	0.95	-9999.9	3	76	-9999.9	44	-9999.9	3	21.1	3
2025 08 03 16	0.71	0.66	2.4	2.6	3.9	1.07	-9999.9	3	76	-9999.9	40	-9999.9	3	21.1	3
2025 08 03 17	0.71	0.65	2.6	2.7	5.6	1.17	-9999.9	3	82	-9999.9	43	-9999.9	3	20.9	3
2025 08 03 18	0.64	0.6	2.5	2.7	5.9	0.91	-9999.9	3	86	-9999.9	46	-9999.9	3	21.0	3
2025 08 03 19	0.62	0.57	2.5	2.7	10.4	1.04	-9999.9	3	86	-9999.9	45	-9999.9	3	21.1	3
2025 08 03 20	0.67	0.64	2.5	2.7	3.0	1.12	-9999.9	3	85	-9999.9	38	-9999.9	3	21.2	3
2025 08 03 21	0.7	0.65	2.8	2.9	6.4	1.08	-9999.9	3	102	-9999.9	43	-9999.9	3	21.2	3
2025 08 03 22	0.7	0.67	2.7	2.8	3.0	1.07	-9999.9	3	90	-9999.9	36	-9999.9	3	21.1	3
2025 08 03 23	0.74	0.69	2.9	3.0	4.6	1.17	-9999.9	3	95	-9999.9	42	-9999.9	3	21.3	3
2025 08 04 00	0.72	0.67	2.9	2.9	5.7	1.38	-9999.9	3	85	-9999.9	43	-9999.9	3	21.2	3
2025 08 04 01	0.76	0.71	2.9	3.1	6.8	1.42	-9999.9	3	90	-9999.9	43	-9999.9	3	21.3	3
2025 08 04 02	0.78	0.74	2.9	3.2	6.7	1.31	-9999.9	3	96	-9999.9	44	-9999.9	3	21.4	3
2025 08 04 03	0.74	0.68	2.8	3.0	9.0	1.15	-9999.9	3	89	-9999.9	47	-9999.9	3	21.5	3
2025 08 04 04	0.75	0.68	2.9	3.1	7.2	1.04	-9999.9	3	80	-9999.9	48	-9999.9	3	21.5	3
2025 08 04 05	0.72	0.65	2.6	2.9	8.2	1.09	-9999.9	3	89	-9999.9	44	-9999.9	3	21.6	3
2025 08 04 06	0.71	0.64	2.7	2.9	10.5	1.06	-9999.9	3	86	-9999.9	45	-9999.9	3	21.7	3
2025 08 04 07	0.71	0.64	2.7	3.0	7.3	1.14	-9999.9	3	94	-9999.9	47	-9999.9	3	21.8	3
2025 08 04 08	0.72	0.66	2.8	3.1	7.8	1.17	-9999.9	3	101	-9999.9	47	-9999.9	3	21.9	3
2025 08 04 09	0.83	0.76	2.9	3.2	7.2	1.3	-9999.9	3	92	-9999.9	40	-9999.9	3	21.8	3
2025 08 04 10	0.89	0.84	3.2	3.2	6.1	1.33	-9999.9	3	96	-9999.9	36	-9999.9	3	21.7	3
2025 08 04 11	0.77	0.72	3.2	3.3	6.6	1.25	-9999.9	3	92	-9999.9	36	-9999.9	3	21.8	3
2025 08 04 12	0.7	0.67	2.9	3.2	6.4	1.19	-9999.9	3	80	-9999.9	47	-9999.9	3	21.6	3
2025 08 04 13	0.69	0.64	2.8	3.1	7.3	1.28	-9999.9	3	115	-9999.9	47	-9999.9	3	21.4	3
2025 08 04 14	0.66	0.63	2.8	3.0	5.5	1.13	-9999.9	3	82	-9999.9	45	-9999.9	3	20.8	3
2025 08 04 15	0.62	0.58	2.5	2.7	7.1	0.93	-9999.9	3	67	-9999.9	45	-9999.9	3	20.6	3
2025 08 04 16	0.77	0.71	2.9	3.1	6.4	1.19	-9999.9	3	70	-9999.9	37	-9999.9	3	20.6	3
2025 08 04 17	0.77	0.72	2.9	3.1	5.0	1.18	-9999.9	3	77	-9999.9	42	-9999.9	3	20.6	3
2025 08 04 18	0.79	0.73	2.9	3.0	6.1	1.13	-9999.9	3	81	-9999.9	41	-9999.9	3	20.6	3
2025 08 04 19	0.78	0.72	2.9	3.1	6.8	1.18	-9999.9	3	84	-9999.9	41	-9999.9	3	20.3	3
2025 08 04 20	0.78	0.72	3.1	3.4	7.2	1.18	-9999.9	3	89	-9999.9	41	-9999.9	3	21.0	3
2025 08 04 21	0.86	0.8	3.3	3.6	7.0	1.41	-9999.9	3	95	-9999.9	39	-9999.9	3	20.7	3
2025 08 04 22	1.0	0.92	3.8	3.8	7.2	1.67	-9999.9	3	98	-9999.9	38	-9999.9	3	20.6	3
2025 08 04 23	1.01	0.96	4.1	3.9	7.4	1.53	-9999.9	3	89	-9999.9	34	-9999.9	3	20.6	3
2025 08 05 00	0.92	0.85	3.6	3.9	7.6	1.41	-9999.9	3	90	-9999.9	36	-9999.9	3	20.3	3
2025 08 05 01	0.59	0.53	2.6	3.1	11.6	0.9	-9999.9	3	92	-9999.9	53	-9999.9	3	20.9	3
2025 08 05 02	0.6	0.54	2.6	2.9	8.3	0.96	-9999.9	3	104	-9999.9	55	-9999.9	3	21.1	3
2025 08 05 03	0.53	0.48	2.6	3.1	9.3	0.83	-9999.9	3	95	-9999.9	55	-9999.9	3	21.5	3
2025 08 05 04	0.37	0.35	2.7	3.2	7.0	0.6	-9999.9	3	116	-9999.9	53	-9999.9	3	21.5	3
2025 08 05 05	0.52	0.48	3.3	3.9	7.3	0.81	-9999.9	3	102	-9999.9	39	-9999.9	3	21.7	3
2025 08 05 06	0.49	0.44	3.0	3.2	6.9	0.81	-9999.9	3	102	-9999.9	43	-9999.9	3	21.3	3
2025 08 05 07	0.55	0.52	3.1	3.3	7.4	1.03	-9999.9	3	107	-9999.9	52	-9999.9	3	20.8	3
2025 08 05 08	0.5	0.46	2.6	2.9	7.2	0.83	-9999.9	3	97	-9999.9	52	-9999.9	3	21.1	3
2025 08 05 09	0.56	0.51	2.9	3.4	7.1	0.86	-9999.9	3	143	-9999.9	62	-9999.9	3	22.1	3
2025 08 05 10	0.47	0.43	2.5	2.6	6.0	0.77	-9999.9	3	90	-9999.9	42	-9999.9	3	22.0	3
2025 08 05 11	0.52	0.48	2.8	3.0	7.1	0.85	-9999.9	3	110	-9999.9	48	-9999.9	3	21.7	3
2025 08 05 12	0.61	0.57	3.6	3.5	3.8	0.97	-9999.9	3	77	-9999.9	37	-9999.9	3	20.1	3
2025 08 05 13	0.72	0.69	3.7	3.7	6.4	1.27	-9999.9	3	62	-9999.9	31	-9999.9	3	20.2	3
2025 08 05 14	0.47	0.44	2.9	3.0	4.2	0.75	-9999.9	3	74	-9999.9	43	-9999.9	3	20.2	3
2025 08 05 15	0.41	0.39	2.5	2.9	6.5	0.65	-9999.9	3	92	-9999.9	49	-9999.9	3	19.9	3
2025 08 05 16	0.52	0.49	2.8	3.1	5.7	0.89	-9999.9	3	76	-9999.9	44	-9999.9	3	19.8	3
2025 08 05 17	0.57	0.5	3.2	4.0	8.3	1.09	-9999.9	3	157	-9999.9	53	-9999.9	3	19.8	3
2025 08 05 18	0.41	0.39	2.4	2.8	13.4	0.6	-9999.9	3	87	-9999.9	56	-9999.9	3	20.5	3
2025 08 05 19	0.46	0.43	2.6	3.2	8.2	0.76	-9999.9	3	105	-9999.9	58	-9999.9	3	21.3	3
2025 08 05 20	0.42	0.37	2.6	3.5	25.4	0.58	-9999.9	3	90	-9999.9	66	-9999.9	3	20.9	3
2025 08 05 21	0.45	0.41	2.7	3.3	24.6	0.73	-9999.9	3	92	-9999.9	59	-9999.9	3	21.4	3
2025 08 05 22	0.45	0.42	2.9	3.4	7.9	0.73	-9999.9	3	130	-9999.9	43	-9999.9	3	21.1	3
2025 08 05 23	0.39	0.38	2.4	2.7	4.8	0.64	-9999.9	3	104	-9999.9	47	-9999.9	3	21.1	3
2025 08 06 00	0.47	0.44	2.8	3.1	9.0	0.87	-9999.9	3	129	-9999.9	51	-9999.9	3	21.6	3
2025 08 06 01	0.36	0.35	2.4	2.7	5.3	0.56	-9999.9	3	119	-9999.9	55	-9999.9	3	21.6	3
2025 08 06 02	0.34	0.29	3.1	3.6	24.7	0.47	-9999.9	3	254	-9999.9	69	-9999.9	3	22.1	3
2025 08 06 03	0.27	0.23	4.6	4.8	29.4	0.37	-9999.9	3	268	-9999.9	69	-9999.9	3	21.9	3
2025 08 06 04	0.26	0.22	4.4	4.6	22.6	0.38	-9999.9	3	258	-9999.9	59	-9999.9	3	22.7	3
2025 08 06 05	0.24	0.2	4.3	4.5	24.6	0.29	-9999.9	3	258	-9999.9	65	-9999.9	3	23.0	3
2025 08 06 06	-9999.9	-9999.9	-9999.9	-9999.9	-9999.9	-9999.9	-9999.9	3	-9999.9	-9999.9	-9999.9	-9999.9	3	23.0	3
2025 08 06 07	-9999.9	-9999.9	-9999.9	-9999.9	-9999.9	-9999.9	-9999.9	3	-9999.9	-9999.9	-9999.9	-9999.9	3	22.9	3
2025 08 06 08	0.45	0.43	2.1	2.4	9.0	0.74	-9999.9	3	112	-9999.9	45	-9999.9	3	22.9	3
2025 08 06 09	0.48	0.42	2.3	2.7	26.9	0.67	-9999.9	3	66	-9999.9	57	-9999.9	3	23.9	3
2025 08 06 10	0.43	0.39	2.3	2.8	25.8	0.72	-9999.9	3	50	-9999.9	57	-9999.9	3	23.9	3
2025 08 06 11	-9999.9	-9999.9	-9999.9	-9999.9	-9999.9	-9999.9	-9999.9	3	-9999.9	-9999.9	-9999.9	-9999.9	3	23.2	3
2025 08 06 12	-9999.9	-9999.9	-9999.9	-9999.9	-9999.9	-9999.9	-9999.9	3	-9999.9	-9999.9	-9999.9	-9999.9	3	23.2	3
2025 08 06 13	0.52	0.47	3.0	3.1	16.4	0.73	-9999.9	3	88	-9999.9	54	-9999.9	3	21.1	3
2025 08 06 14	0.48	0.46	2.6	2.7	2.9	0.75	-9999.9	3	61	-9999.9	35	-9999.9	3	21.3	3
2025 08 06 15	0.38	0.35	2.8	3.2	6.8	0.56	-9999.9	3	176	-9999.9	48	-9999.9	3	21.4	3
2025 08 06 16	0.36	0.33	2.8	3.1	12.9	0.54	-9999.9	3	158	-9999.9	56	-9999.9	3	21.0	3
2025 08 06 17	0.33	0.28	3.0	3.7	19.9	0.56	-9999.9	3	131	-9999.9	67	-9999.9	3	22.0	3
2025 08 06 18	0.38	0.31	3.1	3.8	23.2	0.59	-9999.9	3	143	-9999.9	68	-9999.9	3	21.7	3
2025 08 06 19	0.44	0.4	3.0	3.7	12.5	0.66	-9999.9	3	243	-9999.9	52	-9999.9	3	22.5	3
2025 08 06 20	0.44	0.37	2.8	3.5	26.1	0.65	-9999.9	3	301	-9999.9	63	-9999.9	3	23.2	3
2025 08 06 21	0.43	0.37	2.6	3.1	27.7	0.83	-9999.9	3	79	-9999.9	59	-9999.9	3	23.8	3
2025 08 06 22	0.51	0.47	2.8	3.4	8.0	0.84	-9999.9	3	178	-9999.9	32	-9999.9	3	23.9	3
2025 08 06 23	0.27	0.27	2.4	3.2	5.0	0.46	-9999.9	3	163	-9999.9	54	-9999.9	3	24.0	3
2025 08 07 00	-9999.9	-9999.9	-9999.9	-9999.9	-9999.9	-9999.9	-9999.9	3	-9999.9	-9999.9	-9999.9	-9999.9	3	24.0	3
2025 08 07 01	-9999.9	-9999.9	-9999.9	-9999.9	-9999.9	-9999.9	-9999.9	3	-9999.9	-9999.9	-9999.9	-9999.9	3	24.1	3
2025 08 07 02	0.34	0.32	2.4	3.0	26.6	0.57	-9999.9	3	191	-9999.9	58	-9999.9	3	23.9	3
2025 08 07 03	0.36	0.36	2.6	2.9	8.6	0.58	-9999.9	3	198	-9999.9	53	-9999.9	3	23.8	3
2025 08 07 04	0.34	0.32	2.6	3.0	12.0	0.58	-9999.9	3	186	-9999.9	58	-9999.9	3	24.0	3
2025 08 07 05	0.4	0.39	2.7	3.2	11.8	0.68	-9999.9	3	201	-9999.9	53	-9999.9	3	24.2	3
2025 08 07 06	0.46	0.43	3.3	3.6	7.8	0.69	-9999.9	3	209	-9999.9	49	-9999.9	3	24.3	3
2025 08 07 07	0.37	0.32	4.1	4.6	8.9	0.55	-9999.9	3	224	-9999.9	51	-9999.9	3	24.6	3
2025 08 07 08	0.4	0.36	4.9	5.2	10.2	0.66	-9999.9	3	239	-9999.9	54	-9999.9	3	24.8	3
2025 08 07 09	0.36	0.31	4.8	4.6	17.5	0.52	-9999.9	3	267	-9999.9	62	-9999.9	3	25.0	3
2025 08 07 10	0.36	0.31	4.7	4.5	13.9	0.55	-9999.9	3	270	-9999.9	58	-9999.9	3	25.1	3
2025 08 07 11	0.38	0.35	4.8	4.8	7.8	0.56	-9999.9	3	248	-9999.9	45	-9999.9	3	25.0	3
2025 08 07 12	0.3	0.29	3.6	3.8	4.7	0.58	-9999.9	3	200	-9999.9	50	-9999.9	3	25.1	3
2025 08 07 13	0.45	0.43	3.1	3.2	4.8	0.82	-9999.9	3	195	-9999.9	55	-9999.9	3	25.1	3
2025 08 07 14	0.59	0.57	3.4	3.5	4.4	0.96	-9999.9	3	228	-9999.9	44	-9999.9	3	25.0	3
2025 08 07 15	0.52	0.49	3.6	3.7	5.5	0.94	-9999.9	3	210	-9999.9	38	-9999.9	3	25.1	3
2025 08 07 16	0.62	0.55	3.9	4.1	8.7	0.97	-9999.9	3	223	-9999.9	42	-9999.9	3	23.9	3
2025 08 07 17	0.48	0.44	4.1	4.2	5.7	0.63	-9999.9	3	230	-9999.9	50	-9999.9	3	22.2	3
2025 08 07 18	0.42	0.38	4.2	4.3	5.1	0.64	-9999.9	3	226	-9999.9	52	-9999.9	3	22.6	3
2025 08 07 19	0.51	0.45	4.8	5.2	7.6	0.94	-9999.9	3	231	-9999.9	48	-9999.9	3	22.3	3
2025 08 07 20	0.42	0.38	5.1	5.1	9.7	0.73	-9999.9	3	223	-9999.9	45	-9999.9	3	22.9	3
2025 08 07 21	0.37	0.33	4.4	4.3	13.0	0.51	-9999.9	3	237	-9999.9	59	-9999.9	3	23.2	3
2025 08 07 22	0.51	0.44	4.7	5.3	12.4	0.81	-9999.9	3	265	-9999.9	49	-9999.9	3	23.6	3
2025 08 07 23	0.35	0.33	3.3	3.6	27.0	0.67	-9999.9	3	181	-9999.9	56	-9999.9	3	22.9	3
2025 08 08 00	-9999.9	-9999.9	-9999.9	-9999.9	-9999.9	-9999.9	-9999.9	3	-9999.9	-9999.9	-9999.9	-9999.9	3	21.6	3
2025 08 08 01	-9999.9	-9999.9	-9999.9	-9999.9	-9999.9	-9999.9	-9999.9	3	-9999.9	-9999.9	-9999.9	-9999.9	3	21.9	3
2025 08 08 02	0.39	0.39	3.2	3.4	4.1	0.66	-9999.9	3	218	-9999.9	51	-9999.9	3	22.1	3
2025 08 08 03	0.43	0.41	3.2	3.2	3.7	0.79	-9999.9	3	224	-9999.9	37	-9999.9	3	22.1	3
2025 08 08 04	0.34	0.33	3.2	3.3	4.1	0.54	-9999.9	3	212	-9999.9	42	-9999.9	3	23.0	3
2025 08 08 05	0.46	0.43	4.2	4.2	5.2	0.78	-9999.9	3	242	-9999.9	37	-9999.9	3	23.3	3
2025 08 08 06	0.53	0.5	3.8	3.9	5.7	0.88	-9999.9	3	222	-9999.9	34	-9999.9	3	23.2	3
2025 08 08 07	0.64	0.61	4.5	4.4	5.3	0.91	-9999.9	3	235	-9999.9	43	-9999.9	3	23.1	3
2025 08 08 08	0.52	0.47	5.0	5.1	9.0	0.75	-9999.9	3	236	-9999.9	40	-9999.9	3	23.3	3
2025 08 08 09	0.38	0.33	4.9	4.8	21.9	0.48	-9999.9	3	265	-9999.9	51	-9999.9	3	23.0	3
2025 08 08 10	0.31	0.3	3.9	3.9	6.3	0.51	-9999.9	3	236	-9999.9	36	-9999.9	3	22.3	3
2025 08 08 11	0.29	0.27	3.8	3.9	7.0	0.52	-9999.9	3	215	-9999.9	38	-9999.9	3	22.2	3
2025 08 08 12	0.32	0.31	4.2	4.2	5.2	0.51	-9999.9	3	235	-9999.9	37	-9999.9	3	22.7	3
2025 08 08 13	0.36	0.35	4.3	4.4	7.2	0.6	-9999.9	3	219	-9999.9	39	-9999.9	3	21.9	3
2025 08 08 14	0.37	0.35	3.4	3.5	5.1	0.6	-9999.9	3	207	-9999.9	47	-9999.9	3	22.4	3
2025 08 08 15	0.42	0.38	5.1	5.0	9.9	0.53	-9999.9	3	149	-9999.9	58	-9999.9	3	20.0	3
2025 08 08 16	0.39	0.35	4.3	4.5	9.0	0.88	-9999.9	3	186	-9999.9	46	-9999.9	3	19.9	3
2025 08 08 17	0.45	0.43	3.2	3.3	4.2	0.78	-9999.9	3	186	-9999.9	49	-9999.9	3	19.2	3
2025 08 08 18	0.37	0.36	3.1	3.2	4.6	0.61	-9999.9	3	202	-9999.9	57	-9999.9	3	19.3	3
2025 08 08 19	0.31	0.29	3.2	3.5	6.6	0.55	-9999.9	3	220	-9999.9	51	-9999.9	3	20.4	3
2025 08 08 20	0.4	0.36	3.8	4.5	8.4	0.9	-9999.9	3	196	-9999.9	42	-9999.9	3	20.0	3
2025 08 08 21	0.29	0.27	3.6	3.6	4.3	0.49	-9999.9	3	116	-9999.9	55	-9999.9	3	19.8	3
2025 08 08 22	0.29	0.27	3.6	3.5	4.7	0.5	-9999.9	3	152	-9999.9	55	-9999.9	3	19.9	3
2025 08 08 23	0.25	0.22	4.5	4.5	21.6	0.39	-9999.9	3	220	-9999.9	54	-9999.9	3	20.9	3
2025 08 09 00	0.25	0.24	2.6	3.8	8.2	0.46	-9999.9	3	187	-9999.9	56	-9999.9	3	20.7	3
2025 08 09 01	0.26	0.25	2.6	3.3	5.0	0.49	-9999.9	3	173	-9999.9	53	-9999.9	3	20.9	3
2025 08 09 02	0.33	0.32	2.7	2.9	4.7	0.55	-9999.9	3	109	-9999.9	52	-9999.9	3	21.0	3
2025 08 09 03	0.37	0.36	2.7	2.9	4.5	0.64	-9999.9	3	151	-9999.9	57	-9999.9	3	21.5	3
2025 08 09 04	0.37	0.37	2.6	2.8	4.1	0.69	-9999.9	3	208	-9999.9	48	-9999.9	3	20.9	3
2025 08 09 05	0.28	0.27	2.2	2.5	4.6	0.53	-9999.9	3	119	-9999.9	51	-9999.9	3	20.9	3
2025 08 09 06	0.43	0.38	2.9	3.6	8.7	0.72	-9999.9	3	213	-9999.9	50	-9999.9	3	21.4	3
2025 08 09 07	0.4	0.36	2.8	3.4	9.0	0.67	-9999.9	3	228	-9999.9	57	-9999.9	3	21.9	3
2025 08 09 08	0.4	0.37	4.4	4.6	8.7	0.84	-9999.9	3	213	-9999.9	54	-9999.9	3	20.9	3
2025 08 09 09	0.39	0.35	2.6	3.4	19.2	0.69	-9999.9	3	119	-9999.9	62	-9999.9	3	22.1	3
2025 08 09 10	0.39	0.35	2.3	2.6	26.5	0.69	-9999.9	3	77	-9999.9	57	-9999.9	3	22.2	3
2025 08 09 11	0.44	0.41	2.2	2.5	23.2	0.69	-9999.9	3	101	-9999.9	55	-9999.9	3	22.6	3
2025 08 09 12	0.43	0.41	2.3	2.5	25.4	0.67	-9999.9	3	70	-9999.9	54	-9999.9	3	22.7	3
2025 08 09 13	-9999.9	-9999.9	-9999.9	-9999.9	-9999.9	-9999.9	-9999.9	3	-9999.9	-9999.9	-9999.9	-9999.9	3	22.6	3
2025 08 09 14	-9999.9	-9999.9	-9999.9	-9999.9	-9999.9	-9999.9	-9999.9	3	-9999.9	-9999.9	-9999.9	-9999.9	3	22.8	3
2025 08 09 15	0.53	0.51	2.7	2.8	4.3	0.9	-9999.9	3	98	-9999.9	39	-9999.9	3	22.5	3
2025 08 09 16	0.47	0.44	2.5	2.8	3.7	0.73	-9999.9	3	92	-9999.9	54	-9999.9	3	21.7	3
2025 08 09 17	0.55	0.53	2.5	2.6	2.7	0.93	-9999.9	3	84	-9999.9	42	-9999.9	3	21.1	3
2025 08 09 18	-9999.9	-9999.9	-9999.9	-9999.9	-9999.9	-9999.9	-9999.9	3	-9999.9	-9999.9	-9999.9	-9999.9	3	21.6	3
2025 08 09 19	0.45	0.41	2.6	2.7	20.1	0.69	-9999.9	3	71	-9999.9	55	-9999.9	3	20.3	3
2025 08 09 20	0.54	0.52	2.5	2.7	4.5	0.81	-9999.9	3	77	-9999.9	44	-9999.9	3	20.4	3
2025 08 09 21	0.73	0.69	2.9	3.2	5.2	1.24	-9999.9	3	79	-9999.9	42	-9999.9	3	20.5	3
2025 08 09 22	0.74	0.72	2.8	2.9	3.7	1.17	-9999.9	3	90	-9999.9	39	-9999.9	3	20.6	3
2025 08 09 23	0.63	0.59	2.4	2.6	10.7	1.08	-9999.9	3	86	-9999.9	47	-9999.9	3	20.7	3
2025 08 10 00	0.64	0.6	2.4	2.6	8.7	1.11	-9999.9	3	91	-9999.9	42	-9999.9	3	20.6	3
2025 08 10 01	0.63	0.6	2.5	2.7	3.0	0.94	-9999.9	3	87	-9999.9	38	-9999.9	3	20.7	3
2025 08 10 02	0.66	0.64	2.7	2.9	3.5	1.15	-9999.9	3	89	-9999.9	37	-9999.9	3	20.8	3
2025 08 10 03	0.6	0.59	2.7	2.8	3.4	1.1	-9999.9	3	82	-9999.9	36	-9999.9	3	20.9	3
2025 08 10 04	0.57	0.56	2.5	2.8	3.3	0.93	-9999.9	3	80	-9999.9	44	-9999.9	3	20.9	3
2025 08 10 05	-9999.9	-9999.9	-9999.9	-9999.9	-9999.9	-9999.9	-9999.9	3	-9999.9	-9999.9	-9999.9	-9999.9	3	20.3	3
2025 08 10 06	-9999.9	-9999.9	-9999.9	-9999.9	-9999.9	-9999.9	-9999.9	3	-9999.9	-9999.9	-9999.9	-9999.9	3	20.5	3
2025 08 10 07	0.53	0.48	2.4	2.8	11.1	0.81	-9999.9	3	94	-9999.9	55	-9999.9	3	21.0	3
2025 08 10 08	0.39	0.36	2.5	2.6	20.9	0.55	-9999.9	3	87	-9999.9	61	-9999.9	3	20.9	3
2025 08 10 09	0.42	0.37	2.7	3.0	18.8	0.62	-9999.9	3	130	-9999.9	60	-9999.9	3	20.3	3
2025 08 10 10	0.42	0.38	2.5	2.8	22.3	0.66	-9999.9	3	107	-9999.9	56	-9999.9	3	20.3	3
2025 08 10 11	0.55	0.5	2.4	2.7	19.3	0.96	-9999.9	3	92	-9999.9	51	-9999.9	3	20.5	3
2025 08 10 12	0.46	0.44	2.1	2.4	26.4	0.78	-9999.9	3	82	-9999.9	52	-9999.9	3	21.2	3
2025 08 10 13	0.58	0.53	2.5	2.6	9.3	0.81	-9999.9	3	78	-9999.9	45	-9999.9	3	20.7	3
2025 08 10 14	0.54	0.54	2.3	2.4	2.7	0.9	-9999.9	3	89	-9999.9	32	-9999.9	3	21.0	3
2025 08 10 15	0.6	0.59	2.6	2.7	3.0	0.96	-9999.9	3	85	-9999.9	29	-9999.9	3	20.9	3
2025 08 10 16	0.59	0.57	2.6	2.7	3.4	1.03	-9999.9	3	78	-9999.9	36	-9999.9	3	20.8	3
2025 08 10 17	0.61	0.55	3.3	3.6	8.3	0.86	-9999.9	3	50	-9999.9	41	-9999.9	3	19.2	3
2025 08 10 18	0.56	0.54	2.4	2.6	6.7	0.84	-9999.9	3	99	-9999.9	46	-9999.9	3	20.0	3
2025 08 10 19	0.31	0.28	2.5	2.8	23.1	0.55	-9999.9	3	76	-9999.9	61	-9999.9	3	19.9	3
2025 08 10 20	0.36	0.33	2.7	3.0	28.0	0.6	-9999.9	3	110	-9999.9	65	-9999.9	3	19.6	3
2025 08 10 21	0.52	0.48	2.3	2.6	27.8	0.81	-9999.9	3	76	-9999.9	52	-9999.9	3	19.4	3
2025 08 10 22	-9999.9	-9999.9	-9999.9	-9999.9	-9999.9	-9999.9	-9999.9	3	-9999.9	-9999.9	-9999.9	-9999.9	3	20.3	3
2025 08 10 23	-9999.9	-9999.9	-9999.9	-9999.9	-9999.9	-9999.9	-9999.9	3	-9999.9	-9999.9	-9999.9	-9999.9	3	20.2	3
2025 08 11 00	0.6	0.57	2.3	2.4	3.4	1.12	-9999.9	3	80	-9999.9	41	-9999.9	3	20.2	3
2025 08 11 01	0.7	0.67	2.5	2.7	2.8	1.13	-9999.9	3	86	-9999.9	32	-9999.9	3	20.2	3
2025 08 11 02	0.62	0.59	2.6	2.8	6.7	1.09	-9999.9	3	97	-9999.9	34	-9999.9	3	20.3	3
2025 08 11 03	0.61	0.58	2.9	3.0	3.4	1.07	-9999.9	3	88	-9999.9	30	-9999.9	3	20.1	3
2025 08 11 04	0.66	0.64	2.9	3.0	3.5	1.22	-9999.9	3	80	-9999.9	35	-9999.9	3	19.8	3
2025 08 11 05	0.5	0.48	2.6	2.7	3.3	0.77	-9999.9	3	59	-9999.9	30	-9999.9	3	18.5	3
2025 08 11 06	0.72	0.66	3.5	3.6	4.9	1.02	-9999.9	3	82	-9999.9	53	-9999.9	3	19.2	3
2025 08 11 07	-9999.9	-9999.9	-9999.9	-9999.9	-9999.9	-9999.9	-9999.9	3	-9999.9	-9999.9	-9999.9	-9999.9	3	19.2	3
2025 08 11 08	0.51	0.49	2.2	2.3	7.3	0.85	-9999.9	3	102	-9999.9	49	-9999.9	3	19.7	3
2025 08 11 10	0.42	0.39	2.2	2.5	13.9	0.63	-9999.9	3	80	-9999.9	49	-9999.9	3	19.3	3
2025 08 11 11	0.41	0.38	2.7	2.9	15.3	0.87	-9999.9	3	112	-9999.9	58	-9999.9	3	19.7	3
2025 08 11 12	0.51	0.49	2.2	2.4	8.5	0.87	-9999.9	3	97	-9999.9	49	-9999.9	3	20.1	3
2025 08 11 13	0.45	0.43	2.3	2.4	12.9	0.79	-9999.9	3	86	-9999.9	51	-9999.9	3	20.9	3
2025 08 11 14	0.52	0.48	2.4	2.6	27.1	0.75	-9999.9	3	86	-9999.9	48	-9999.9	3	20.4	3
2025 08 11 15	-9999.9	-9999.9	-9999.9	-9999.9	-9999.9	-9999.9	-9999.9	3	-9999.9	-9999.9	-9999.9	-9999.9	3	20.9	3
2025 08 11 16	-9999.9	-9999.9	-9999.9	-9999.9	-9999.9	-9999.9	-9999.9	3	-9999.9	-9999.9	-9999.9	-9999.9	3	21.0	3
2025 08 11 17	0.48	0.47	2.8	3.0	3.3	0.91	-9999.9	3	114	-9999.9	53	-9999.9	3	20.3	3
2025 08 11 18	0.4	0.38	2.6	2.6	2.7	0.76	-9999.9	3	58	-9999.9	42	-9999.9	3	19.0	3
2025 08 11 19	-9999.9	-9999.9	-9999.9	-9999.9	-9999.9	-9999.9	-9999.9	3	-9999.9	-9999.9	-9999.9	-9999.9	3	19.4	3
2025 08 11 20	-9999.9	-9999.9	-9999.9	-9999.9	-9999.9	-9999.9	-9999.9	3	-9999.9	-9999.9	-9999.9	-9999.9	3	19.2	3
2025 08 11 21	0.38	0.33	2.8	3.1	24.2	0.56	-9999.9	3	111	-9999.9	65	-9999.9	3	19.4	3
2025 08 11 22	0.39	0.36	2.5	2.8	6.1	0.59	-9999.9	3	74	-9999.9	41	-9999.9	3	19.9	3
2025 08 11 23	0.44	0.42	2.4	2.7	3.9	0.73	-9999.9	3	87	-9999.9	46	-9999.9	3	19.6	3
2025 08 12 00	0.53	0.5	2.6	2.9	7.5	0.84	-9999.9	3	96	-9999.9	39	-9999.9	3	19.6	3
2025 08 12 01	-9999.9	-9999.9	-9999.9	-9999.9	-9999.9	-9999.9	-9999.9	3	-9999.9	-9999.9	-9999.9	-9999.9	3	19.6	3
2025 08 12 02	0.45	0.43	2.3	2.5	22.3	0.7	-9999.9	3	77	-9999.9	44	-9999.9	3	19.6	3
2025 08 12 03	0.41	0.37	2.5	2.7	12.9	0.63	-9999.9	3	118	-9999.9	41	-9999.9	3	19.6	3
2025 08 12 04	0.49	0.47	2.7	2.8	3.2	0.89	-9999.9	3	96	-9999.9	36	-9999.9	3	19.4	3
2025 08 12 05	0.36	0.34	2.5	2.7	3.3	0.53	-9999.9	3	70	-9999.9	42	-9999.9	3	18.9	3
2025 08 12 06	0.51	0.46	2.6	2.8	6.6	0.93	-9999.9	3	109	-9999.9	40	-9999.9	3	19.1	3
2025 08 12 07	0.67	0.63	4.3	4.2	4.7	1.01	-9999.9	3	75	-9999.9	45	-9999.9	3	19.1	3
2025 08 12 08	0.56	0.49	2.6	3.0	9.1	1.52	-9999.9	3	129	-9999.9	51	-9999.9	3	18.8	3
2025 08 12 09	-9999.9	-9999.9	-9999.9	-9999.9	-9999.9	-9999.9	-9999.9	3	-9999.9	-9999.9	-9999.9	-9999.9	3	19.8	3
2025 08 12 10	0.35	0.33	2.5	2.5	25.4	0.67	-9999.9	3	66	-9999.9	60	-9999.9	3	20.0	3
2025 08 12 11	0.42	0.41	2.7	2.7	20.7	0.68	-9999.9	3	95	-9999.9	57	-9999.9	3	19.7	3
2025 08 12 12	0.51	0.47	2.4	2.5	25.3	0.97	-9999.9	3	69	-9999.9	55	-9999.9	3	20.0	3
2025 08 12 14	0.45	0.42	2.4	2.6	24.9	0.62	-9999.9	3	75	-9999.9	51	-9999.9	3	20.2	3
2025 08 12 15	-9999.9	-9999.9	-9999.9	-9999.9	-9999.9	-9999.9	-9999.9	3	-9999.9	-9999.9	-9999.9	-9999.9	3	20.4	3
2025 08 12 16	0.49	0.46	2.5	2.7	3.0	1.0	-9999.9	3	103	-9999.9	37	-9999.9	3	20.6	3
2025 08 12 17	0.66	0.63	2.8	2.9	3.4	0.93	-9999.9	3	89	-9999.9	38	-9999.9	3	20.3	3
2025 08 12 18	0.57	0.54	3.5	3.6	4.8	0.86	-9999.9	3	78	-9999.9	52	-9999.9	3	19.3	3
2025 08 12 19	0.49	0.47	3.4	3.4	4.6	0.88	-9999.9	3	86	-9999.9	43	-9999.9	3	19.2	3
2025 08 12 20	0.46	0.42	3.0	3.5	8.1	1.18	-9999.9	3	184	-9999.9	53	-9999.9	3	19.7	3
2025 08 12 21	-9999.9	-9999.9	-9999.9	-9999.9	-9999.9	-9999.9	-9999.9	3	-9999.9	-9999.9	-9999.9	-9999.9	3	19.3	3
2025 08 12 22	0.46	0.41	3.3	3.6	28.9	0.66	-9999.9	3	65	-9999.9	65	-9999.9	3	19.4	3
2025 08 12 23	-9999.9	-9999.9	-9999.9	-9999.9	-9999.9	-9999.9	-9999.9	3	-9999.9	-9999.9	-9999.9	-9999.9	3	20.2	3
2025 08 13 00	0.69	0.66	3.0	3.0	3.6	1.16	-9999.9	3	82	-9999.9	38	-9999.9	3	20.2	3
2025 08 13 01	0.71	0.68	2.7	2.9	3.6	1.1	-9999.9	3	83	-9999.9	38	-9999.9	3	20.4	3
2025 08 13 02	0.63	0.6	2.4	2.6	9.2	1.05	-9999.9	3	85	-9999.9	43	-9999.9	3	19.9	3
2025 08 13 03	0.61	0.59	2.3	2.6	2.7	1.04	-9999.9	3	90	-9999.9	37	-9999.9	3	19.7	3
2025 08 13 04	0.6	0.58	2.6	2.8	3.3	1.03	-9999.9	3	93	-9999.9	36	-9999.9	3	19.8	3
2025 08 13 05	0.67	0.64	2.9	3.0	3.6	1.03	-9999.9	3	84	-9999.9	36	-9999.9	3	19.3	3
2025 08 13 06	0.63	0.61	2.9	3.1	4.2	0.97	-9999.9	3	73	-9999.9	36	-9999.9	3	19.3	3
2025 08 13 07	0.88	0.85	4.8	4.8	5.3	1.31	-9999.9	3	67	-9999.9	46	-9999.9	3	-9999.9	-9999.9
2025 08 13 08	0.55	0.51	3.4	3.5	7.9	0.94	-9999.9	3	65	-9999.9	44	-9999.9	3	19.1	3
2025 08 13 09	0.64	0.6	2.4	2.5	3.2	0.98	-9999.9	3	71	-9999.9	46	-9999.9	3	18.9	3
2025 08 13 10	0.59	0.55	2.9	3.3	13.3	0.9	-9999.9	3	81	-9999.9	53	-9999.9	3	19.1	3
2025 08 13 11	0.56	0.53	2.4	2.5	4.2	0.86	-9999.9	3	70	-9999.9	38	-9999.9	3	20.2	3
2025 08 13 12	-9999.9	-9999.9	-9999.9	-9999.9	-9999.9	-9999.9	-9999.9	3	-9999.9	-9999.9	-9999.9	-9999.9	3	20.3	3
2025 08 13 14	0.37	0.32	2.8	2.9	25.0	0.51	-9999.9	3	79	-9999.9	58	-9999.9	3	20.9	3
2025 08 13 15	0.52	0.48	2.3	2.5	20.4	0.88	-9999.9	3	118	-9999.9	44	-9999.9	3	20.7	3
2025 08 13 16	0.51	0.49	2.6	2.7	2.7	0.77	-9999.9	3	109	-9999.9	41	-9999.9	3	21.0	3
2025 08 13 17	0.59	0.56	2.8	2.9	2.9	0.97	-9999.9	3	98	-9999.9	38	-9999.9	3	20.9	3
2025 08 13 18	0.63	0.59	2.8	3.0	3.3	0.92	-9999.9	3	95	-9999.9	41	-9999.9	3	20.6	3
2025 08 13 19	0.67	0.61	3.8	3.9	5.8	1.54	-9999.9	3	91	-9999.9	51	-9999.9	3	19.3	3
2025 08 13 20	0.47	0.44	3.2	3.4	5.2	0.7	-9999.9	3	92	-9999.9	51	-9999.9	3	18.8	3
2025 08 13 21	0.44	0.4	2.6	3.0	22.4	0.69	-9999.9	3	89	-9999.9	62	-9999.9	3	20.0	3
2025 08 13 22	0.46	0.43	2.5	2.6	2.7	0.7	-9999.9	3	57	-9999.9	41	-9999.9	3	19.8	3
2025 08 13 23	0.58	0.53	2.7	2.8	9.8	0.98	-9999.9	3	71	-9999.9	45	-9999.9	3	20.0	3
2025 08 14 00	0.63	0.6	2.7	2.8	6.9	1.12	-9999.9	3	91	-9999.9	43	-9999.9	3	19.8	3
2025 08 14 01	0.69	0.64	2.6	2.8	4.0	1.21	-9999.9	3	86	-9999.9	41	-9999.9	3	20.0	3
2025 08 14 02	0.72	0.67	2.6	2.7	5.0	1.14	-9999.9	3	83	-9999.9	43	-9999.9	3	20.3	3
2025 08 14 03	-9999.9	-9999.9	-9999.9	-9999.9	-9999.9	-9999.9	-9999.9	3	-9999.9	-9999.9	-9999.9	-9999.9	3	20.3	3
2025 08 14 04	0.6	0.57	2.6	2.7	3.1	1.01	-9999.9	3	103	-9999.9	37	-9999.9	3	20.1	3
2025 08 14 05	0.61	0.57	2.8	2.9	3.2	0.99	-9999.9	3	90	-9999.9	37	-9999.9	3	20.0	3
2025 08 14 06	0.65	0.62	3.0	3.1	3.7	1.04	-9999.9	3	88	-9999.9	39	-9999.9	3	19.8	3
2025 08 14 07	0.52	0.5	2.7	2.9	5.0	0.79	-9999.9	3	98	-9999.9	49	-9999.9	3	19.6	3
2025 08 14 08	0.75	0.69	4.3	4.4	5.2	1.2	-9999.9	3	90	-9999.9	49	-9999.9	3	19.2	3
2025 08 14 09	0.62	0.6	3.1	3.2	4.5	1.01	-9999.9	3	79	-9999.9	37	-9999.9	3	18.8	3
2025 08 14 10	0.72	0.68	3.8	3.8	4.7	1.01	-9999.9	3	64	-9999.9	39	-9999.9	3	19.6	3
2025 08 14 11	-9999.9	-9999.9	-9999.9	-9999.9	-9999.9	-9999.9	-9999.9	3	-9999.9	-9999.9	-9999.9	-9999.9	3	19.5	3
2025 08 14 12	0.48	0.44	2.3	2.5	8.7	0.79	-9999.9	3	84	-9999.9	44	-9999.9	3	19.4	3
2025 08 14 13	0.6	0.56	2.7	2.9	5.6	0.96	-9999.9	3	86	-9999.9	41	-9999.9	3	19.8	3
2025 08 14 14	-9999.9	-9999.9	-9999.9	-9999.9	-9999.9	-9999.9	-9999.9	3	-9999.9	-9999.9	-9999.9	-9999.9	3	20.7	3
2025 08 14 15	0.48	0.43	2.6	2.8	11.0	0.84	-9999.9	3	65	-9999.9	53	-9999.9	3	21.2	3
2025 08 14 16	0.51	0.49	2.4	2.7	7.1	0.86	-9999.9	3	92	-9999.9	41	-9999.9	3	20.8	3
2025 08 14 17	0.55	0.52	2.7	2.9	8.0	0.92	-9999.9	3	124	-9999.9	40	-9999.9	3	21.1	3
2025 08 14 18	0.58	0.54	2.7	2.9	3.1	0.99	-9999.9	3	89	-9999.9	36	-9999.9	3	20.9	3
2025 08 14 19	0.6	0.57	2.7	3.0	5.3	1.38	-9999.9	3	101	-9999.9	46	-9999.9	3	20.3	3
2025 08 14 20	0.44	0.42	2.6	2.7	3.0	0.65	-9999.9	3	80	-9999.9	51	-9999.9	3	19.7	3
2025 08 14 21	0.64	0.61	3.3	3.5	6.6	1.43	-9999.9	3	119	-9999.9	40	-9999.9	3	19.4	3
2025 08 14 22	0.46	0.45	2.8	2.9	4.6	0.71	-9999.9	3	57	-9999.9	40	-9999.9	3	19.2	3
2025 08 14 23	-9999.9	-9999.9	-9999.9	-9999.9	-9999.9	-9999.9	-9999.9	3	-9999.9	-9999.9	-9999.9	-9999.9	3	19.2	3
2025 08 15 00	0.53	0.52	2.6	2.8	3.5	0.92	-9999.9	3	72	-9999.9	45	-9999.9	3	19.4	3
2025 08 15 01	0.56	0.55	2.5	2.7	4.3	0.93	-9999.9	3	74	-9999.9	37	-9999.9	3	19.5	3
2025 08 15 02	0.68	0.67	2.6	2.7	3.6	1.15	-9999.9	3	86	-9999.9	37	-9999.9	3	19.5	3
2025 08 15 03	0.64	0.57	2.6	2.9	22.1	1.0	-9999.9	3	108	-9999.9	46	-9999.9	3	19.8	3
2025 08 15 04	0.63	0.59	2.5	2.8	9.1	1.17	-9999.9	3	94	-9999.9	41	-9999.9	3	19.9	3
2025 08 15 05	0.62	0.59	2.6	2.7	3.1	0.98	-9999.9	3	96	-9999.9	39	-9999.9	3	20.1	3
2025 08 15 06	0.68	0.65	2.9	3.0	3.4	1.15	-9999.9	3	96	-9999.9	37	-9999.9	3	19.9	3
2025 08 15 07	0.63	0.61	2.9	3.1	3.7	1.03	-9999.9	3	76	-9999.9	37	-9999.9	3	19.5	3
2025 08 15 08	0.62	0.57	3.3	3.6	7.8	1.62	-9999.9	3	113	-9999.9	45	-9999.9	3	19.1	3
2025 08 15 09	0.58	0.54	3.9	4.0	5.6	1.09	-9999.9	3	81	-9999.9	50	-9999.9	3	19.1	3
2025 08 15 10	0.6	0.58	3.0	3.2	4.9	0.98	-9999.9	3	84	-9999.9	43	-9999.9	3	19.0	3
2025 08 15 11	0.56	0.53	3.1	3.4	5.0	0.91	-9999.9	3	67	-9999.9	41	-9999.9	3	19.0	3
2025 08 15 12	0.52	0.49	2.7	2.8	4.9	0.79	-9999.9	3	66	-9999.9	38	-9999.9	3	19.0	3
2025 08 15 13	0.59	0.54	2.9	3.2	7.2	0.98	-9999.9	3	95	-9999.9	45	-9999.9	3	19.3	3
2025 08 15 14	0.62	0.58	2.5	2.7	4.2	1.02	-9999.9	3	91	-9999.9	36	-9999.9	3	19.8	3
2025 08 15 15	-9999.9	-9999.9	-9999.9	-9999.9	-9999.9	-9999.9	-9999.9	3	-9999.9	-9999.9	-9999.9	-9999.9	3	20.8	3
2025 08 15 16	-9999.9	-9999.9	-9999.9	-9999.9	-9999.9	-9999.9	-9999.9	3	-9999.9	-9999.9	-9999.9	-9999.9	3	21.0	3
2025 08 15 17	0.59	0.55	2.6	2.8	14.5	1.23	-9999.9	3	106	-9999.9	43	-9999.9	3	20.9	3
2025 08 15 18	0.56	0.53	2.6	2.7	3.1	1.08	-9999.9	3	103	-9999.9	36	-9999.9	3	21.1	3
2025 08 15 19	0.61	0.58	2.9	2.9	5.2	0.92	-9999.9	3	102	-9999.9	35	-9999.9	3	20.9	3
2025 08 15 20	0.42	0.42	2.4	2.7	3.3	0.79	-9999.9	3	81	-9999.9	52	-9999.9	3	20.3	3
2025 08 15 21	0.49	0.49	2.6	2.7	2.9	0.91	-9999.9	3	71	-9999.9	39	-9999.9	3	19.8	3
2025 08 15 22	0.55	0.51	2.7	2.9	4.9	0.88	-9999.9	3	88	-9999.9	40	-9999.9	3	19.3	3
2025 08 15 23	0.54	0.51	3.0	3.2	4.7	0.85	-9999.9	3	75	-9999.9	40	-9999.9	3	19.4	3
2025 08 16 00	0.54	0.51	2.9	3.1	4.3	0.95	-9999.9	3	58	-9999.9	33	-9999.9	3	20.1	3
2025 08 16 01	0.5	0.48	2.6	2.7	3.8	0.73	-9999.9	3	74	-9999.9	39	-9999.9	3	20.0	3
2025 08 16 02	0.5	0.48	2.4	2.7	3.6	0.81	-9999.9	3	82	-9999.9	41	-9999.9	3	20.4	3
2025 08 16 03	0.47	0.46	2.3	2.4	2.6	0.84	-9999.9	3	91	-9999.9	40	-9999.9	3	21.2	3
2025 08 16 04	0.56	0.51	2.5	2.9	10.2	0.91	-9999.9	3	108	-9999.9	45	-9999.9	3	20.9	3
2025 08 16 05	0.51	0.5	2.4	2.5	2.9	0.82	-9999.9	3	100	-9999.9	37	-9999.9	3	20.6	3
2025 08 16 06	0.57	0.53	2.8	2.8	3.6	0.91	-9999.9	3	100	-9999.9	33	-9999.9	3	20.7	3
2025 08 16 07	0.59	0.54	2.9	3.0	6.6	0.85	-9999.9	3	92	-9999.9	37	-9999.9	3	20.7	3
2025 08 16 08	0.63	0.59	3.3	3.4	8.0	1.15	-9999.9	3	66	-9999.9	32	-9999.9	3	19.5	3
2025 08 16 09	0.47	0.44	2.9	3.0	5.1	0.69	-9999.9	3	59	-9999.9	35	-9999.9	3	19.5	3
2025 08 16 10	0.73	0.69	4.0	3.9	4.7	1.28	-9999.9	3	76	-9999.9	40	-9999.9	3	19.7	3
2025 08 16 11	0.58	0.56	3.0	3.1	4.9	1.01	-9999.9	3	73	-9999.9	39	-9999.9	3	19.1	3
2025 08 16 12	0.53	0.51	3.1	3.2	4.6	0.83	-9999.9	3	73	-9999.9	38	-9999.9	3	19.3	3
2025 08 16 13	0.71	0.66	3.3	3.5	4.6	1.22	-9999.9	3	59	-9999.9	36	-9999.9	3	19.8	3
2025 08 16 14	0.54	0.53	2.5	2.6	3.2	0.87	-9999.9	3	93	-9999.9	44	-9999.9	3	19.6	3
2025 08 16 15	0.6	0.57	2.6	2.7	7.0	1.1	-9999.9	3	106	-9999.9	42	-9999.9	3	20.0	3
2025 08 16 16	-9999.9	-9999.9	-9999.9	-9999.9	-9999.9	-9999.9	-9999.9	3	-9999.9	-9999.9	-9999.9	-9999.9	3	20.7	3
2025 08 16 17	0.57	0.51	2.6	2.9	8.2	0.92	-9999.9	3	170	-9999.9	38	-9999.9	3	20.9	3
2025 08 16 18	0.42	0.42	2.3	2.4	2.4	0.8	-9999.9	3	101	-9999.9	38	-9999.9	3	20.8	3
2025 08 16 19	0.45	0.43	2.5	2.6	6.9	0.7	-9999.9	3	107	-9999.9	42	-9999.9	3	20.8	3
2025 08 16 20	0.43	0.41	2.5	2.6	2.8	0.8	-9999.9	3	79	-9999.9	37	-9999.9	3	20.7	3
2025 08 16 21	0.35	0.34	2.3	2.5	2.6	0.61	-9999.9	3	84	-9999.9	47	-9999.9	3	20.5	3
2025 08 16 22	0.34	0.35	2.0	2.2	2.0	0.63	-9999.9	3	81	-9999.9	50	-9999.9	3	20.6	3
2025 08 16 23	0.5	0.43	2.8	4.1	18.4	0.83	-9999.9	3	247	-9999.9	54	-9999.9	3	20.2	3
2025 08 17 00	0.44	0.43	2.3	2.4	2.6	0.8	-9999.9	3	105	-9999.9	44	-9999.9	3	20.4	3
2025 08 17 01	0.32	0.31	2.3	2.8	18.9	0.54	-9999.9	3	144	-9999.9	63	-9999.9	3	20.1	3
2025 08 17 02	0.38	0.36	2.6	2.7	6.0	0.61	-9999.9	3	93	-9999.9	41	-9999.9	3	20.5	3
2025 08 17 03	0.29	0.29	2.3	2.6	4.1	0.54	-9999.9	3	92	-9999.9	54	-9999.9	3	20.3	3
2025 08 17 04	0.32	0.3	2.5	2.8	8.9	0.48	-9999.9	3	114	-9999.9	43	-9999.9	3	20.3	3
2025 08 17 05	0.32	0.32	2.2	2.5	2.7	0.5	-9999.9	3	110	-9999.9	52	-9999.9	3	20.4	3
2025 08 17 06	0.38	0.36	2.3	2.5	6.0	0.67	-9999.9	3	113	-9999.9	45	-9999.9	3	20.4	3
2025 08 17 07	0.45	0.42	2.6	2.8	6.7	0.82	-9999.9	3	114	-9999.9	34	-9999.9	3	20.4	3
2025 08 17 08	0.45	0.4	2.9	3.4	8.3	1.03	-9999.9	3	155	-9999.9	34	-9999.9	3	20.4	3
2025 08 17 09	0.46	0.42	3.4	3.5	6.6	0.77	-9999.9	3	69	-9999.9	46	-9999.9	3	19.7	3
2025 08 17 10	0.32	0.3	2.5	2.8	3.9	0.49	-9999.9	3	77	-9999.9	52	-9999.9	3	19.5	3
2025 08 17 11	0.4	0.38	2.8	3.2	6.7	0.63	-9999.9	3	139	-9999.9	43	-9999.9	3	19.5	3
2025 08 17 12	0.63	0.57	4.1	4.2	4.5	0.93	-9999.9	3	82	-9999.9	46	-9999.9	3	19.8	3
2025 08 17 13	0.59	0.52	4.2	4.0	10.5	1.08	-9999.9	3	92	-9999.9	51	-9999.9	3	20.3	3
2025 08 17 14	0.39	0.35	3.4	3.4	14.7	0.56	-9999.9	3	80	-9999.9	43	-9999.9	3	19.9	3
2025 08 17 15	0.45	0.43	3.1	3.2	8.5	0.76	-9999.9	3	83	-9999.9	39	-9999.9	3	19.3	3
2025 08 17 16	0.41	0.39	2.7	2.8	3.4	0.76	-9999.9	3	81	-9999.9	36	-9999.9	3	19.7	3
2025 08 17 17	0.44	0.41	2.9	3.1	7.7	0.8	-9999.9	3	99	-9999.9	37	-9999.9	3	19.3	3
2025 08 17 18	0.38	0.37	2.5	2.7	3.1	0.6	-9999.9	3	75	-9999.9	43	-9999.9	3	19.6	3
2025 08 17 19	0.45	0.43	2.8	2.9	5.0	0.7	-9999.9	3	75	-9999.9	38	-9999.9	3	20.5	3
2025 08 17 20	0.53	0.49	2.8	3.0	9.2	0.77	-9999.9	3	97	-9999.9	37	-9999.9	3	20.2	3
2025 08 17 21	0.43	0.41	2.7	2.9	4.5	0.76	-9999.9	3	107	-9999.9	40	-9999.9	3	20.2	3
2025 08 17 22	0.35	0.34	2.6	2.8	3.3	0.64	-9999.9	3	90	-9999.9	42	-9999.9	3	19.6	3
2025 08 17 23	0.34	0.3	3.7	4.2	7.6	0.75	-9999.9	3	207	-9999.9	47	-9999.9	3	20.6	3
2025 08 18 00	0.37	0.33	4.8	4.7	10.0	0.51	-9999.9	3	232	-9999.9	49	-9999.9	3	20.6	3
2025 08 18 01	0.36	0.33	4.2	4.3	11.5	0.56	-9999.9	3	235	-9999.9	50	-9999.9	3	20.6	3
2025 08 18 02	0.31	0.28	4.6	4.6	16.6	0.49	-9999.9	3	251	-9999.9	49	-9999.9	3	20.9	3
2025 08 18 03	0.29	0.25	5.2	5.1	25.7	0.44	-9999.9	3	293	-9999.9	60	-9999.9	3	20.8	3
2025 08 18 04	-9999.9	-9999.9	-9999.9	-9999.9	-9999.9	-9999.9	-9999.9	3	-9999.9	-9999.9	-9999.9	-9999.9	3	20.8	3
2025 08 18 05	-9999.9	-9999.9	-9999.9	-9999.9	-9999.9	-9999.9	-9999.9	3	-9999.9	-9999.9	-9999.9	-9999.9	3	20.8	3
2025 08 18 06	0.29	0.27	3.7	4.3	7.0	0.44	-9999.9	3	219	-9999.9	24	-9999.9	3	20.0	3
2025 08 18 07	0.23	0.2	3.3	3.4	7.1	0.7	-9999.9	3	197	-9999.9	47	-9999.9	3	20.2	3
2025 08 18 08	0.2	0.19	3.8	4.0	6.3	0.44	-9999.9	3	213	-9999.9	51	-9999.9	3	20.2	3
2025 08 18 09	0.24	0.23	4.0	4.4	7.8	0.37	-9999.9	3	211	-9999.9	43	-9999.9	3	20.7	3
2025 08 18 10	0.29	0.28	5.6	5.1	7.1	0.44	-9999.9	3	151	-9999.9	60	-9999.9	3	20.4	3
2025 08 18 11	0.34	0.3	4.4	4.6	17.3	0.56	-9999.9	3	140	-9999.9	56	-9999.9	3	19.7	3
2025 08 18 12	0.33	0.3	4.5	4.6	22.7	0.48	-9999.9	3	165	-9999.9	63	-9999.9	3	19.9	3
2025 08 18 13	0.39	0.35	4.5	4.6	7.4	0.66	-9999.9	3	132	-9999.9	58	-9999.9	3	19.6	3
2025 08 18 14	0.31	0.26	4.5	4.7	26.6	0.47	-9999.9	3	135	-9999.9	67	-9999.9	3	19.1	3
2025 08 18 15	0.28	0.26	3.3	3.7	10.2	0.72	-9999.9	3	143	-9999.9	62	-9999.9	3	19.1	3
2025 08 18 16	0.35	0.3	5.3	5.1	16.7	0.56	-9999.9	3	138	-9999.9	64	-9999.9	3	19.6	3
2025 08 18 17	0.35	0.32	3.6	4.1	7.1	0.75	-9999.9	3	203	-9999.9	43	-9999.9	3	19.3	3
2025 08 18 18	0.26	0.25	2.5	2.8	5.3	0.5	-9999.9	3	195	-9999.9	50	-9999.9	3	19.2	3
2025 08 18 19	-9999.9	-9999.9	-9999.9	-9999.9	-9999.9	-9999.9	-9999.9	3	-9999.9	-9999.9	-9999.9	-9999.9	3	20.7	3
2025 08 18 20	0.4	0.35	4.2	4.3	9.5	0.62	-9999.9	3	199	-9999.9	51	-9999.9	3	20.7	3
2025 08 18 21	0.38	0.35	3.0	3.3	8.3	0.75	-9999.9	3	206	-9999.9	41	-9999.9	3	18.9	3
2025 08 18 22	0.44	0.39	3.1	3.6	17.8	0.63	-9999.9	3	194	-9999.9	57	-9999.9	3	20.3	3
2025 08 18 23	0.37	0.34	3.4	3.7	26.6	0.7	-9999.9	3	153	-9999.9	62	-9999.9	3	18.2	3
2025 08 19 00	-9999.9	-9999.9	-9999.9	-9999.9	-9999.9	-9999.9	-9999.9	3	-9999.9	-9999.9	-9999.9	-9999.9	3	19.6	3
2025 08 19 01	-9999.9	-9999.9	-9999.9	-9999.9	-9999.9	-9999.9	-9999.9	3	-9999.9	-9999.9	-9999.9	-9999.9	3	18.7	3
2025 08 19 02	0.4	0.37	3.1	3.2	6.2	0.69	-9999.9	3	202	-9999.9	49	-9999.9	3	18.6	3
2025 08 19 03	0.61	0.56	3.6	3.7	7.0	1.07	-9999.9	3	217	-9999.9	46	-9999.9	3	18.5	3
2025 08 19 04	0.73	0.66	3.9	4.0	5.2	1.3	-9999.9	3	227	-9999.9	45	-9999.9	3	18.2	3
2025 08 19 05	0.69	0.64	4.1	4.0	5.3	1.12	-9999.9	3	244	-9999.9	52	-9999.9	3	18.4	3
2025 08 19 06	0.77	0.71	4.1	4.2	5.9	1.29	-9999.9	3	234	-9999.9	35	-9999.9	3	18.7	3
2025 08 19 07	0.86	0.81	4.2	4.2	5.9	1.63	-9999.9	3	235	-9999.9	38	-9999.9	3	18.6	3
2025 08 19 08	0.71	0.66	4.0	4.0	8.2	1.05	-9999.9	3	235	-9999.9	30	-9999.9	3	19.2	3
2025 08 19 09	0.75	0.69	4.1	4.2	7.6	1.16	-9999.9	3	253	-9999.9	32	-9999.9	3	19.1	3
2025 08 19 10	0.63	0.61	3.4	3.6	4.8	1.15	-9999.9	3	247	-9999.9	32	-9999.9	3	18.9	3
2025 08 19 11	0.49	0.44	3.7	3.9	7.3	0.64	-9999.9	3	194	-9999.9	48	-9999.9	3	18.9	3
2025 08 19 12	0.44	0.39	4.6	4.8	24.9	0.67	-9999.9	3	170	-9999.9	61	-9999.9	3	18.3	3
2025 08 19 13	0.55	0.52	4.3	4.8	9.6	0.88	-9999.9	3	169	-9999.9	54	-9999.9	3	18.2	3
2025 08 19 14	0.5	0.45	4.2	4.3	6.3	0.81	-9999.9	3	174	-9999.9	54	-9999.9	3	17.5	3
2025 08 19 15	0.47	0.43	3.4	3.8	5.4	0.77	-9999.9	3	177	-9999.9	54	-9999.9	3	16.6	3
2025 08 19 16	0.4	0.37	3.0	3.5	7.7	0.63	-9999.9	3	184	-9999.9	59	-9999.9	3	17.8	3
2025 08 19 17	0.48	0.43	3.9	4.4	7.8	0.78	-9999.9	3	184	-9999.9	55	-9999.9	3	17.8	3
2025 08 19 18	0.53	0.47	3.8	4.0	9.0	0.81	-9999.9	3	194	-9999.9	57	-9999.9	3	19.1	3
2025 08 19 19	0.5	0.45	2.7	2.9	26.5	0.87	-9999.9	3	201	-9999.9	49	-9999.9	3	19.4	3
2025 08 19 20	0.49	0.46	2.6	2.9	18.2	0.81	-9999.9	3	213	-9999.9	47	-9999.9	3	19.6	3
2025 08 19 21	0.48	0.44	3.2	3.7	8.3	0.91	-9999.9	3	216	-9999.9	44	-9999.9	3	20.2	3
2025 08 19 22	0.43	0.35	3.4	3.9	25.4	0.63	-9999.9	3	201	-9999.9	57	-9999.9	3	21.6	3
2025 08 19 23	0.44	0.39	3.5	3.8	23.5	0.64	-9999.9	3	199	-9999.9	52	-9999.9	3	21.8	3
2025 08 20 00	0.4	0.37	3.5	3.5	8.8	0.57	-9999.9	3	195	-9999.9	52	-9999.9	3	-9999.9	3
2025 08 20 01	0.65	0.6	3.4	3.6	5.9	1.08	-9999.9	3	206	-9999.9	33	-9999.9	3	-9999.9	3
2025 08 20 02	0.72	0.67	3.9	3.9	5.9	1.09	-9999.9	3	186	-9999.9	46	-9999.9	3	18.0	3
2025 08 20 03	0.64	0.62	4.0	4.0	5.5	1.14	-9999.9	3	154	-9999.9	54	-9999.9	3	19.0	3
2025 08 20 04	0.74	0.7	3.7	3.9	5.7	1.17	-9999.9	3	185	-9999.9	50	-9999.9	3	19.4	3
2025 08 20 05	0.67	0.63	3.3	3.4	4.1	1.07	-9999.9	3	171	-9999.9	54	-9999.9	3	19.0	3
2025 08 20 06	0.68	0.63	3.1	3.2	3.6	1.23	-9999.9	3	197	-9999.9	51	-9999.9	3	18.8	3
2025 08 20 07	0.72	0.68	3.2	3.3	5.4	1.18	-9999.9	3	211	-9999.9	35	-9999.9	3	17.8	3
2025 08 20 08	0.58	0.55	2.7	2.9	4.8	0.98	-9999.9	3	206	-9999.9	44	-9999.9	3	18.2	3
2025 08 20 09	0.55	0.52	3.0	3.3	5.4	0.86	-9999.9	3	207	-9999.9	39	-9999.9	3	18.2	3
2025 08 20 10	0.68	0.64	3.1	3.3	3.9	0.96	-9999.9	3	225	-9999.9	30	-9999.9	3	18.3	3
2025 08 20 11	0.7	0.66	3.0	3.1	3.3	1.03	-9999.9	3	219	-9999.9	31	-9999.9	3	18.4	3
2025 08 20 12	0.55	0.52	2.9	3.5	7.3	0.9	-9999.9	3	198	-9999.9	46	-9999.9	3	18.7	3
2025 08 20 13	-9999.9	-9999.9	-9999.9	-9999.9	-9999.9	-9999.9	-9999.9	3	-9999.9	-9999.9	-9999.9	-9999.9	3	20.0	3
2025 08 20 16	0.5	0.45	3.9	3.9	11.9	0.83	-9999.9	3	160	-9999.9	57	-9999.9	3	19.7	3
2025 08 20 17	0.56	0.52	3.7	3.9	8.3	0.97	-9999.9	3	174	-9999.9	59	-9999.9	3	19.4	3
2025 08 20 18	0.48	0.43	3.5	3.6	25.9	0.69	-9999.9	3	164	-9999.9	55	-9999.9	3	19.1	3
2025 08 20 19	-9999.9	-9999.9	-9999.9	-9999.9	-9999.9	-9999.9	-9999.9	3	-9999.9	-9999.9	-9999.9	-9999.9	3	18.4	3
2025 08 20 20	-9999.9	-9999.9	-9999.9	-9999.9	-9999.9	-9999.9	-9999.9	3	-9999.9	-9999.9	-9999.9	-9999.9	3	19.8	3
2025 08 20 21	0.43	0.41	2.5	2.8	3.8	0.65	-9999.9	3	211	-9999.9	44	-9999.9	3	19.9	3
2025 08 20 22	0.39	0.37	2.5	2.8	5.5	0.67	-9999.9	3	213	-9999.9	42	-9999.9	3	19.9	3
2025 08 20 23	0.43	0.41	2.4	2.7	4.0	0.83	-9999.9	3	209	-9999.9	40	-9999.9	3	20.0	3
2025 08 21 00	0.44	0.4	3.1	3.4	7.5	0.68	-9999.9	3	204	-9999.9	48	-9999.9	3	21.2	3
2025 08 21 01	0.42	0.39	3.5	3.7	8.3	0.74	-9999.9	3	200	-9999.9	36	-9999.9	3	-9999.9	3
2025 08 21 02	0.48	0.45	2.9	3.0	4.7	0.78	-9999.9	3	203	-9999.9	36	-9999.9	3	-9999.9	3
2025 08 21 03	0.57	0.51	3.8	3.9	10.3	0.81	-9999.9	3	186	-9999.9	52	-9999.9	3	17.9	3
2025 08 21 04	0.57	0.52	4.1	4.3	6.1	1.27	-9999.9	3	175	-9999.9	55	-9999.9	3	18.6	3
2025 08 21 05	0.62	0.57	4.1	4.1	7.1	0.85	-9999.9	3	163	-9999.9	57	-9999.9	3	19.7	3
2025 08 21 06	0.61	0.56	3.4	3.4	9.6	0.93	-9999.9	3	171	-9999.9	61	-9999.9	3	19.4	3
2025 08 21 07	0.62	0.58	2.9	3.0	4.1	0.93	-9999.9	3	207	-9999.9	50	-9999.9	3	19.1	3
2025 08 21 08	0.54	0.52	2.9	3.0	3.5	0.78	-9999.9	3	215	-9999.9	40	-9999.9	3	18.4	3
2025 08 21 09	-9999.9	-9999.9	-9999.9	-9999.9	-9999.9	-9999.9	-9999.9	3	-9999.9	-9999.9	-9999.9	-9999.9	3	19.8	3
2025 08 21 10	0.38	0.37	2.9	3.2	6.5	0.56	-9999.9	3	212	-9999.9	44	-9999.9	3	20.1	3
2025 08 21 11	0.58	0.56	3.4	3.4	6.2	0.83	-9999.9	3	225	-9999.9	30	-9999.9	3	19.4	3
2025 08 21 12	0.54	0.51	3.1	3.2	4.5	1.01	-9999.9	3	220	-9999.9	33	-9999.9	3	19.4	3
2025 08 21 13	0.49	0.41	3.9	4.3	22.2	0.81	-9999.9	3	180	-9999.9	55	-9999.9	3	20.0	3
2025 08 21 15	-9999.9	-9999.9	-9999.9	-9999.9	-9999.9	-9999.9	-9999.9	3	-9999.9	-9999.9	-9999.9	-9999.9	3	20.2	3
2025 08 21 16	0.49	0.47	4.3	4.5	5.8	0.85	-9999.9	3	165	-9999.9	54	-9999.9	3	19.4	3
2025 08 21 17	0.52	0.45	4.1	4.4	23.1	0.69	-9999.9	3	106	-9999.9	64	-9999.9	3	20.2	3
2025 08 21 18	0.52	0.48	4.3	4.5	10.2	0.75	-9999.9	3	148	-9999.9	59	-9999.9	3	20.2	3
2025 08 21 19	0.31	0.3	3.4	3.6	5.9	0.47	-9999.9	3	192	-9999.9	54	-9999.9	3	20.5	3
2025 08 21 20	0.35	0.33	2.9	3.2	5.8	0.61	-9999.9	3	193	-9999.9	44	-9999.9	3	19.0	3
2025 08 21 21	0.26	0.25	3.1	3.3	6.1	0.41	-9999.9	3	177	-9999.9	54	-9999.9	3	20.0	3
2025 08 21 22	0.23	0.22	2.9	3.2	6.2	0.36	-9999.9	3	191	-9999.9	48	-9999.9	3	20.1	3
2025 08 21 23	0.2	0.19	3.7	4.1	6.6	0.33	-9999.9	3	206	-9999.9	46	-9999.9	3	19.9	3
2025 08 22 00	0.22	0.2	3.1	3.8	5.9	0.37	-9999.9	3	214	-9999.9	49	-9999.9	3	19.5	3
2025 08 22 01	0.3	0.27	5.2	5.1	9.7	0.43	-9999.9	3	193	-9999.9	48	-9999.9	3	20.0	3
2025 08 22 02	0.28	0.27	3.7	3.8	4.6	0.48	-9999.9	3	202	-9999.9	35	-9999.9	3	18.0	3
2025 08 22 03	0.35	0.31	3.4	3.9	7.4	0.59	-9999.9	3	201	-9999.9	36	-9999.9	3	16.9	3
2025 08 22 04	0.25	0.22	4.6	4.7	14.1	0.4	-9999.9	3	147	-9999.9	67	-9999.9	3	18.2	3
2025 08 22 05	0.3	0.28	4.8	4.8	15.5	0.39	-9999.9	3	151	-9999.9	66	-9999.9	3	19.0	3
2025 08 22 06	0.34	0.31	4.1	4.2	7.1	0.54	-9999.9	3	148	-9999.9	59	-9999.9	3	18.8	3
2025 08 22 07	0.35	0.31	5.2	5.2	8.3	0.57	-9999.9	3	131	-9999.9	67	-9999.9	3	20.0	3
2025 08 22 08	0.49	0.48	5.3	5.8	7.6	0.74	-9999.9	3	210	-9999.9	26	-9999.9	3	19.1	3
2025 08 22 09	0.37	0.36	4.8	4.9	7.7	0.76	-9999.9	3	215	-9999.9	39	-9999.9	3	19.1	3
2025 08 22 10	0.25	0.23	4.4	4.4	6.5	0.37	-9999.9	3	194	-9999.9	60	-9999.9	3	19.5	3
2025 08 22 11	0.35	0.34	4.4	4.4	7.6	0.67	-9999.9	3	203	-9999.9	45	-9999.9	3	19.7	3
2025 08 22 12	0.46	0.43	4.9	5.2	8.3	0.97	-9999.9	3	214	-9999.9	34	-9999.9	3	19.0	3
2025 08 22 13	0.51	0.49	4.3	4.5	7.4	0.88	-9999.9	3	218	-9999.9	33	-9999.9	3	20.0	3
2025 08 22 16	0.41	0.4	4.7	4.8	5.9	0.67	-9999.9	3	172	-9999.9	62	-9999.9	3	19.9	3
2025 08 22 17	0.42	0.39	4.5	4.5	4.8	0.65	-9999.9	3	107	-9999.9	58	-9999.9	3	-9999.9	-9999.9
2025 08 22 18	0.49	0.43	4.2	4.3	14.8	0.8	-9999.9	3	112	-9999.9	62	-9999.9	3	19.7	3
2025 08 22 19	0.33	0.31	3.7	3.8	5.9	0.57	-9999.9	3	185	-9999.9	61	-9999.9	3	19.3	3
2025 08 22 20	0.32	0.3	4.0	4.1	7.6	0.55	-9999.9	3	203	-9999.9	50	-9999.9	3	18.4	3
2025 08 22 21	0.35	0.32	4.3	4.3	8.7	0.75	-9999.9	3	183	-9999.9	44	-9999.9	3	18.4	3
2025 08 22 22	0.25	0.23	3.2	3.2	6.4	0.38	-9999.9	3	127	-9999.9	52	-9999.9	3	20.4	3
2025 08 22 23	0.22	0.2	3.1	3.4	9.2	0.35	-9999.9	3	125	-9999.9	49	-9999.9	3	20.2	3
2025 08 23 00	0.27	0.26	4.1	4.6	6.9	0.39	-9999.9	3	192	-9999.9	39	-9999.9	3	20.4	3
2025 08 23 01	0.32	0.3	5.4	6.0	8.9	0.55	-9999.9	3	209	-9999.9	37	-9999.9	3	19.3	3
2025 08 23 02	0.25	0.24	4.1	4.4	8.8	0.41	-9999.9	3	159	-9999.9	56	-9999.9	3	19.0	3
2025 08 23 03	0.36	0.33	5.2	5.0	13.0	0.52	-9999.9	3	139	-9999.9	60	-9999.9	3	-9999.9	3
2025 08 23 04	0.31	0.29	4.4	4.5	9.6	0.56	-9999.9	3	161	-9999.9	55	-9999.9	3	16.8	3
2025 08 23 05	0.33	0.31	5.2	5.2	9.8	0.51	-9999.9	3	156	-9999.9	66	-9999.9	3	18.2	3
2025 08 23 06	0.41	0.39	5.1	5.2	6.7	0.64	-9999.9	3	154	-9999.9	56	-9999.9	3	18.9	3
2025 08 23 07	0.39	0.34	3.5	3.8	17.5	0.56	-9999.9	3	139	-9999.9	62	-9999.9	3	18.5	3
2025 08 23 08	0.4	0.37	3.4	3.7	6.8	0.68	-9999.9	3	222	-9999.9	53	-9999.9	3	19.0	3
2025 08 23 09	0.4	0.37	3.2	3.5	7.4	0.61	-9999.9	3	194	-9999.9	43	-9999.9	3	18.4	3
2025 08 23 10	0.33	0.32	3.0	3.1	3.8	0.61	-9999.9	3	121	-9999.9	46	-9999.9	3	19.1	3
2025 08 23 11	0.33	0.32	3.4	3.5	5.0	0.56	-9999.9	3	164	-9999.9	49	-9999.9	3	19.1	3
2025 08 23 12	0.41	0.38	3.0	3.3	8.0	0.91	-9999.9	3	170	-9999.9	42	-9999.9	3	19.2	3
2025 08 23 13	0.49	0.45	3.5	4.2	7.4	0.86	-9999.9	3	224	-9999.9	33	-9999.9	3	19.4	3
2025 08 23 14	0.35	0.34	3.1	3.4	5.3	0.61	-9999.9	3	180	-9999.9	48	-9999.9	3	19.4	3
2025 08 23 15	0.44	0.4	4.5	4.6	7.3	0.63	-9999.9	3	150	-9999.9	60	-9999.9	3	18.6	3
2025 08 23 16	0.37	0.36	4.8	4.8	5.3	0.57	-9999.9	3	125	-9999.9	61	-9999.9	3	18.9	3
2025 08 23 17	0.49	0.45	4.5	4.5	4.7	0.84	-9999.9	3	120	-9999.9	61	-9999.9	3	19.3	3
2025 08 23 18	0.46	0.42	4.5	4.5	4.7	0.83	-9999.9	3	92	-9999.9	60	-9999.9	3	19.6	3
2025 08 23 19	0.36	0.34	3.1	3.4	18.7	0.68	-9999.9	3	93	-9999.9	61	-9999.9	3	18.4	3
2025 08 23 20	0.39	0.37	2.7	3.0	6.3	0.63	-9999.9	3	155	-9999.9	51	-9999.9	3	18.8	3
2025 08 23 21	0.38	0.36	3.2	3.3	7.4	0.71	-9999.9	3	89	-9999.9	44	-9999.9	3	20.1	3
2025 08 23 22	0.5	0.46	3.3	3.6	8.0	0.91	-9999.9	3	134	-9999.9	32	-9999.9	3	19.1	3
2025 08 23 23	0.33	0.32	2.8	2.9	3.2	0.57	-9999.9	3	118	-9999.9	43	-9999.9	3	19.0	3
2025 08 24 00	0.24	0.23	2.8	3.1	5.5	0.4	-9999.9	3	147	-9999.9	50	-9999.9	3	19.3	3
2025 08 24 01	0.32	0.29	4.2	4.8	10.4	0.52	-9999.9	3	202	-9999.9	38	-9999.9	3	19.5	3
2025 08 24 02	0.22	0.21	4.1	4.2	6.0	0.32	-9999.9	3	192	-9999.9	50	-9999.9	3	19.4	3
2025 08 24 03	0.22	0.2	3.9	4.0	5.6	0.35	-9999.9	3	172	-9999.9	59	-9999.9	3	19.0	3
2025 08 24 04	0.33	0.28	5.0	5.1	15.0	0.43	-9999.9	3	163	-9999.9	68	-9999.9	3	17.9	3
2025 08 24 06	0.3	0.28	4.2	4.5	6.5	0.56	-9999.9	3	178	-9999.9	57	-9999.9	3	18.8	3
2025 08 24 07	0.41	0.37	5.3	5.1	7.9	0.67	-9999.9	3	158	-9999.9	59	-9999.9	3	18.8	3
2025 08 24 08	0.36	0.32	3.8	4.0	27.8	0.6	-9999.9	3	193	-9999.9	70	-9999.9	3	19.0	3
2025 08 24 09	-9999.9	-9999.9	-9999.9	-9999.9	-9999.9	-9999.9	-9999.9	3	-9999.9	-9999.9	-9999.9	-9999.9	3	18.9	3
2025 08 24 10	-9999.9	-9999.9	-9999.9	-9999.9	-9999.9	-9999.9	-9999.9	3	-9999.9	-9999.9	-9999.9	-9999.9	3	18.8	3
2025 08 24 11	0.34	0.32	4.5	4.7	6.9	0.6	-9999.9	3	226	-9999.9	32	-9999.9	3	19.1	3
2025 08 24 12	0.23	0.22	3.6	3.6	5.0	0.43	-9999.9	3	197	-9999.9	52	-9999.9	3	19.4	3
2025 08 24 13	0.29	0.28	4.5	4.8	7.1	0.45	-9999.9	3	230	-9999.9	34	-9999.9	3	19.1	3
2025 08 24 14	0.33	0.32	4.3	4.4	5.2	0.56	-9999.9	3	213	-9999.9	41	-9999.9	3	19.3	3
2025 08 24 15	0.43	0.4	4.3	4.4	6.8	0.64	-9999.9	3	222	-9999.9	36	-9999.9	3	19.1	3
2025 08 24 16	0.36	0.35	3.7	4.0	5.0	0.68	-9999.9	3	174	-9999.9	54	-9999.9	3	18.5	3
2025 08 24 17	0.32	0.3	4.7	5.0	5.9	0.52	-9999.9	3	152	-9999.9	63	-9999.9	3	18.2	3
2025 08 24 18	0.39	0.35	5.0	4.9	8.8	0.7	-9999.9	3	154	-9999.9	64	-9999.9	3	18.5	3
2025 08 24 19	0.33	0.3	3.3	4.0	6.6	0.62	-9999.9	3	126	-9999.9	56	-9999.9	3	18.1	3
2025 08 24 20	0.29	0.26	3.5	3.8	24.9	0.49	-9999.9	3	114	-9999.9	66	-9999.9	3	18.0	3
2025 08 24 21	0.29	0.27	3.1	3.2	5.6	0.45	-9999.9	3	208	-9999.9	50	-9999.9	3	17.9	3
2025 08 24 22	-9999.9	-9999.9	-9999.9	-9999.9	-9999.9	-9999.9	-9999.9	3	-9999.9	-9999.9	-9999.9	-9999.9	3	20.0	3
2025 08 24 23	-9999.9	-9999.9	-9999.9	-9999.9	-9999.9	-9999.9	-9999.9	3	-9999.9	-9999.9	-9999.9	-9999.9	3	18.9	3
2025 08 25 00	0.23	0.2	3.3	4.0	7.3	0.47	-9999.9	3	191	-9999.9	45	-9999.9	3	18.9	3
2025 08 25 01	0.21	0.19	4.0	4.6	7.0	0.34	-9999.9	3	205	-9999.9	48	-9999.9	3	18.9	3
2025 08 25 02	0.25	0.24	4.7	4.9	10.6	0.53	-9999.9	3	197	-9999.9	41	-9999.9	3	18.9	3
2025 08 25 03	0.21	0.19	4.6	4.7	6.2	0.34	-9999.9	3	194	-9999.9	56	-9999.9	3	18.3	3
2025 08 25 04	0.3	0.27	4.0	4.3	9.1	0.65	-9999.9	3	184	-9999.9	46	-9999.9	3	17.4	3
2025 08 25 05	0.31	0.29	3.8	3.9	5.6	0.48	-9999.9	3	172	-9999.9	60	-9999.9	3	16.6	3
2025 08 25 07	0.32	0.3	4.4	4.5	5.9	0.51	-9999.9	3	131	-9999.9	61	-9999.9	3	-9999.9	3
2025 08 25 08	0.38	0.34	3.3	3.9	7.4	0.72	-9999.9	3	169	-9999.9	44	-9999.9	3	17.6	3
2025 08 25 09	0.34	0.32	3.9	4.6	7.4	0.58	-9999.9	3	216	-9999.9	40	-9999.9	3	18.1	3
2025 08 25 10	0.22	0.21	3.0	3.7	8.7	0.4	-9999.9	3	167	-9999.9	63	-9999.9	3	19.2	3
2025 08 25 11	0.32	0.29	2.8	3.2	7.5	0.55	-9999.9	3	211	-9999.9	45	-9999.9	3	18.9	3
2025 08 25 12	0.28	0.26	4.1	4.3	5.4	0.46	-9999.9	3	176	-9999.9	55	-9999.9	3	19.4	3
2025 08 25 13	0.38	0.36	4.5	4.8	7.7	0.86	-9999.9	3	211	-9999.9	40	-9999.9	3	19.2	3
2025 08 25 14	0.28	0.26	4.3	4.8	6.2	0.46	-9999.9	3	208	-9999.9	48	-9999.9	3	18.9	3
2025 08 25 15	0.32	0.31	4.2	4.5	5.8	0.56	-9999.9	3	201	-9999.9	53	-9999.9	3	18.9	3
2025 08 25 16	0.34	0.31	4.6	4.8	12.2	0.5	-9999.9	3	184	-9999.9	56	-9999.9	3	19.1	3
2025 08 25 17	0.46	0.42	3.9	4.2	7.7	0.71	-9999.9	3	175	-9999.9	48	-9999.9	3	18.6	3
2025 08 25 18	0.38	0.36	5.2	5.0	5.4	0.71	-9999.9	3	126	-9999.9	60	-9999.9	3	18.3	3
2025 08 25 19	0.41	0.36	4.4	4.5	15.2	0.57	-9999.9	3	134	-9999.9	61	-9999.9	3	17.4	3
2025 08 25 20	0.35	0.31	3.7	3.9	18.2	0.49	-9999.9	3	91	-9999.9	63	-9999.9	3	17.8	3
2025 08 25 21	0.31	0.28	3.7	3.9	18.7	0.46	-9999.9	3	139	-9999.9	65	-9999.9	3	18.3	3
2025 08 25 22	0.29	0.27	3.6	3.7	6.2	0.53	-9999.9	3	113	-9999.9	55	-9999.9	3	18.5	3
2025 08 25 23	0.29	0.27	3.8	4.2	5.8	0.4	-9999.9	3	112	-9999.9	45	-9999.9	3	18.8	3
2025 08 26 00	0.37	0.35	4.0	4.3	5.9	0.54	-9999.9	3	103	-9999.9	41	-9999.9	3	19.2	3
2025 08 26 01	0.39	0.36	3.9	3.9	6.3	0.59	-9999.9	3	126	-9999.9	45	-9999.9	3	18.6	3
2025 08 26 02	0.39	0.37	4.3	4.7	6.3	0.64	-9999.9	3	116	-9999.9	39	-9999.9	3	18.6	3
2025 08 26 03	0.36	0.34	5.1	5.3	6.4	0.59	-9999.9	3	142	-9999.9	49	-9999.9	3	18.4	3
2025 08 26 04	0.36	0.32	6.2	6.0	14.6	0.59	-9999.9	3	118	-9999.9	58	-9999.9	3	17.8	3
2025 08 26 05	0.33	0.31	4.8	4.9	7.1	0.52	-9999.9	3	149	-9999.9	57	-9999.9	3	17.4	3
2025 08 26 07	0.47	0.43	5.7	5.6	7.3	0.71	-9999.9	3	140	-9999.9	58	-9999.9	3	18.2	3
2025 08 26 08	0.54	0.49	5.5	5.2	19.5	0.71	-9999.9	3	164	-9999.9	65	-9999.9	3	18.0	3
2025 08 26 09	0.46	0.42	4.5	4.6	19.8	0.69	-9999.9	3	218	-9999.9	49	-9999.9	3	17.2	3
2025 08 26 10	0.42	0.38	4.7	4.8	19.3	0.61	-9999.9	3	175	-9999.9	61	-9999.9	3	18.8	3
2025 08 26 11	0.47	0.43	5.9	5.9	14.1	0.82	-9999.9	3	199	-9999.9	46	-9999.9	3	18.3	3
2025 08 26 12	0.43	0.36	5.1	5.4	19.4	0.6	-9999.9	3	172	-9999.9	49	-9999.9	3	18.9	3
2025 08 26 13	0.54	0.51	6.0	6.1	9.0	0.81	-9999.9	3	209	-9999.9	37	-9999.9	3	18.8	3
2025 08 26 14	0.4	0.36	5.5	5.4	13.4	0.61	-9999.9	3	180	-9999.9	57	-9999.9	3	18.7	3
2025 08 26 15	0.52	0.46	5.4	5.7	17.0	0.81	-9999.9	3	192	-9999.9	49	-9999.9	3	18.6	3
2025 08 26 16	0.53	0.48	5.6	5.8	18.2	1.02	-9999.9	3	193	-9999.9	52	-9999.9	3	19.0	3
2025 08 26 17	0.56	0.49	5.6	5.4	18.2	0.88	-9999.9	3	186	-9999.9	44	-9999.9	3	18.1	3
2025 08 26 18	0.47	0.41	5.6	5.5	19.7	0.65	-9999.9	3	145	-9999.9	66	-9999.9	3	18.0	3
2025 08 26 19	0.57	0.52	5.4	5.5	10.2	0.81	-9999.9	3	151	-9999.9	63	-9999.9	3	18.0	3
2025 08 26 20	0.52	0.45	4.4	4.6	16.9	0.79	-9999.9	3	128	-9999.9	56	-9999.9	3	17.8	3
2025 08 26 21	0.57	0.5	5.2	5.4	15.3	0.91	-9999.9	3	164	-9999.9	59	-9999.9	3	17.7	3
2025 08 26 22	0.39	0.35	4.5	4.8	17.0	0.57	-9999.9	3	157	-9999.9	60	-9999.9	3	18.2	3
2025 08 26 23	0.45	0.4	4.5	5.0	11.7	0.64	-9999.9	3	176	-9999.9	50	-9999.9	3	18.0	3
2025 08 27 00	0.53	0.48	4.6	5.3	11.1	0.93	-9999.9	3	126	-9999.9	44	-9999.9	3	18.3	3
2025 08 27 01	0.42	0.37	3.2	3.4	15.9	0.65	-9999.9	3	178	-9999.9	55	-9999.9	3	19.6	3
2025 08 27 02	0.45	0.39	3.8	4.2	16.1	0.68	-9999.9	3	167	-9999.9	49	-9999.9	3	19.4	3
2025 08 27 03	0.38	0.34	4.9	5.2	15.9	0.59	-9999.9	3	181	-9999.9	52	-9999.9	3	19.1	3
2025 08 27 04	0.43	0.37	5.4	5.7	15.7	0.83	-9999.9	3	166	-9999.9	59	-9999.9	3	19.4	3
2025 08 27 05	0.44	0.39	4.9	5.0	15.5	0.68	-9999.9	3	182	-9999.9	63	-9999.9	3	17.7	3
2025 08 27 06	-9999.9	-9999.9	-9999.9	-9999.9	-9999.9	-9999.9	-9999.9	3	-9999.9	-9999.9	-9999.9	-9999.9	3	18.8	3
2025 08 27 07	0.48	0.43	5.0	4.9	16.1	0.87	-9999.9	3	169	-9999.9	53	-9999.9	3	18.4	3
2025 08 27 08	0.57	0.52	4.4	4.6	10.8	0.95	-9999.9	3	182	-9999.9	52	-9999.9	3	18.0	3
2025 08 27 09	0.62	0.54	4.0	4.1	11.4	1.08	-9999.9	3	189	-9999.9	54	-9999.9	3	17.9	3
2025 08 27 10	0.64	0.56	3.5	3.6	16.3	0.88	-9999.9	3	213	-9999.9	48	-9999.9	3	17.8	3
2025 08 27 11	0.54	0.49	3.9	4.0	15.2	0.82	-9999.9	3	226	-9999.9	47	-9999.9	3	18.2	3
2025 08 27 12	0.46	0.41	3.3	3.7	15.5	0.69	-9999.9	3	209	-9999.9	47	-9999.9	3	18.1	3
2025 08 27 13	0.55	0.51	3.6	3.7	8.9	0.86	-9999.9	3	218	-9999.9	40	-9999.9	3	18.3	3
2025 08 27 14	0.59	0.54	3.9	4.3	6.5	0.95	-9999.9	3	221	-9999.9	39	-9999.9	3	18.6	3
2025 08 27 15	0.59	0.54	3.8	4.2	13.2	0.85	-9999.9	3	216	-9999.9	42	-9999.9	3	18.3	3
2025 08 27 16	0.6	0.56	4.2	4.3	5.3	0.88	-9999.9	3	213	-9999.9	45	-9999.9	3	18.5	3
2025 08 27 17	0.58	0.52	4.7	4.6	10.3	0.83	-9999.9	3	195	-9999.9	55	-9999.9	3	18.1	3
2025 08 27 18	0.52	0.48	5.1	5.0	12.7	0.73	-9999.9	3	179	-9999.9	63	-9999.9	3	17.5	3
2025 08 27 19	0.52	0.48	5.2	5.3	10.5	0.87	-9999.9	3	168	-9999.9	59	-9999.9	3	17.7	3
2025 08 27 20	0.58	0.52	5.0	5.0	7.6	0.84	-9999.9	3	185	-9999.9	64	-9999.9	3	18.4	3
2025 08 27 21	0.59	0.51	4.5	4.7	7.8	0.97	-9999.9	3	176	-9999.9	54	-9999.9	3	18.0	3
2025 08 27 22	0.52	0.45	3.2	3.4	14.5	0.78	-9999.9	3	191	-9999.9	55	-9999.9	3	18.2	3
2025 08 27 23	0.59	0.55	3.0	3.1	6.2	0.87	-9999.9	3	206	-9999.9	52	-9999.9	3	18.1	3
2025 08 28 00	0.61	0.57	2.7	2.9	3.5	0.93	-9999.9	3	202	-9999.9	47	-9999.9	3	18.0	3
2025 08 28 01	0.64	0.56	2.8	3.0	11.4	1.0	-9999.9	3	200	-9999.9	51	-9999.9	3	19.2	3
2025 08 28 02	0.65	0.6	2.8	2.9	4.4	0.96	-9999.9	3	213	-9999.9	43	-9999.9	3	20.3	3
2025 08 28 03	0.78	0.72	3.0	3.3	3.9	1.36	-9999.9	3	217	-9999.9	36	-9999.9	3	19.7	3
2025 08 28 04	0.68	0.62	2.9	3.2	6.6	0.99	-9999.9	3	209	-9999.9	45	-9999.9	3	20.3	3
2025 08 28 05	0.6	0.53	3.7	3.8	14.5	0.99	-9999.9	3	191	-9999.9	56	-9999.9	3	19.1	3
2025 08 28 06	-9999.9	-9999.9	-9999.9	-9999.9	-9999.9	-9999.9	-9999.9	3	-9999.9	-9999.9	-9999.9	-9999.9	3	19.1	3
2025 08 28 08	0.74	0.69	4.8	4.7	7.1	1.13	-9999.9	3	197	-9999.9	47	-9999.9	3	18.0	3
2025 08 28 09	0.66	0.59	4.0	4.3	6.7	0.99	-9999.9	3	193	-9999.9	57	-9999.9	3	18.1	3
2025 08 28 10	0.56	0.51	3.8	4.1	7.1	0.97	-9999.9	3	192	-9999.9	58	-9999.9	3	18.1	3
2025 08 28 11	0.57	0.51	3.4	3.6	10.4	0.81	-9999.9	3	199	-9999.9	56	-9999.9	3	18.6	3
2025 08 28 12	0.51	0.45	3.2	3.8	21.9	0.81	-9999.9	3	208	-9999.9	56	-9999.9	3	18.0	3
2025 08 28 13	0.46	0.41	3.0	3.9	25.5	0.63	-9999.9	3	202	-9999.9	57	-9999.9	3	18.3	3
2025 08 28 14	0.63	0.59	3.3	3.7	6.3	1.07	-9999.9	3	218	-9999.9	35	-9999.9	3	18.1	3
2025 08 28 15	0.68	0.64	3.4	3.6	4.9	0.97	-9999.9	3	219	-9999.9	34	-9999.9	3	18.1	3
2025 08 28 16	0.78	0.72	3.7	3.8	6.0	1.13	-9999.9	3	223	-9999.9	35	-9999.9	3	18.0	3
2025 08 28 17	0.71	0.66	3.7	3.9	7.2	1.15	-9999.9	3	210	-9999.9	43	-9999.9	3	17.6	3
2025 08 28 18	0.62	0.57	4.3	4.5	6.0	0.92	-9999.9	3	180	-9999.9	56	-9999.9	3	18.2	3
2025 08 28 19	0.64	0.6	4.5	4.5	6.1	0.91	-9999.9	3	161	-9999.9	59	-9999.9	3	17.7	3
2025 08 28 20	0.65	0.62	4.7	4.5	5.1	0.98	-9999.9	3	174	-9999.9	56	-9999.9	3	18.3	3
2025 08 28 21	0.63	0.6	4.0	4.0	7.9	1.06	-9999.9	3	179	-9999.9	54	-9999.9	3	17.9	3
2025 08 28 22	0.53	0.5	3.6	3.6	5.1	1.15	-9999.9	3	169	-9999.9	62	-9999.9	3	18.3	3
2025 08 28 23	0.47	0.44	3.5	3.7	4.9	0.77	-9999.9	3	193	-9999.9	61	-9999.9	3	17.6	3
2025 08 29 00	0.49	0.46	4.0	4.0	5.4	0.69	-9999.9	3	193	-9999.9	55	-9999.9	3	17.7	3
2025 08 29 01	0.5	0.45	3.6	3.8	8.9	0.8	-9999.9	3	188	-9999.9	49	-9999.9	3	17.6	3
2025 08 29 02	0.44	0.41	3.2	3.5	4.3	1.07	-9999.9	3	177	-9999.9	51	-9999.9	3	18.5	3
2025 08 29 03	0.49	0.46	3.3	3.5	6.0	0.71	-9999.9	3	188	-9999.9	52	-9999.9	3	18.6	3
2025 08 29 04	0.56	0.53	4.0	4.2	7.8	0.98	-9999.9	3	218	-9999.9	39	-9999.9	3	18.3	3
2025 08 29 05	0.47	0.44	3.9	4.1	6.8	0.75	-9999.9	3	208	-9999.9	50	-9999.9	3	18.1	3
2025 08 29 06	0.48	0.46	4.4	4.4	6.3	0.72	-9999.9	3	183	-9999.9	54	-9999.9	3	18.4	3
2025 08 29 07	0.58	0.56	4.7	4.8	6.5	1.17	-9999.9	3	171	-9999.9	49	-9999.9	3	17.2	3
2025 08 29 08	0.67	0.66	5.0	4.9	5.9	1.15	-9999.9	3	153	-9999.9	52	-9999.9	3	17.6	3
2025 08 29 09	0.65	0.62	4.3	4.2	6.4	1.03	-9999.9	3	182	-9999.9	55	-9999.9	3	17.7	3
2025 08 29 10	0.48	0.45	3.9	3.9	6.0	0.68	-9999.9	3	167	-9999.9	57	-9999.9	3	17.6	3
2025 08 29 11	0.47	0.45	3.5	3.7	6.5	0.77	-9999.9	3	207	-9999.9	53	-9999.9	3	17.6	3
2025 08 29 12	0.45	0.41	3.6	4.0	6.8	0.66	-9999.9	3	221	-9999.9	46	-9999.9	3	17.6	3
2025 08 29 13	0.43	0.39	3.0	3.3	7.9	0.65	-9999.9	3	205	-9999.9	49	-9999.9	3	17.8	3
2025 08 29 14	0.32	0.3	2.9	3.3	6.4	0.51	-9999.9	3	178	-9999.9	54	-9999.9	3	17.4	3
2025 08 29 15	0.56	0.53	3.5	3.7	6.6	0.85	-9999.9	3	214	-9999.9	32	-9999.9	3	17.2	3
2025 08 29 16	0.48	0.46	2.8	3.1	5.1	0.89	-9999.9	3	206	-9999.9	40	-9999.9	3	17.2	3
2025 08 29 17	0.41	0.38	3.4	3.8	7.8	0.68	-9999.9	3	199	-9999.9	49	-9999.9	3	17.7	3
2025 08 29 18	0.44	0.4	3.0	3.4	5.8	0.8	-9999.9	3	189	-9999.9	43	-9999.9	3	17.1	3
2025 08 29 19	0.45	0.43	3.5	4.0	7.4	0.76	-9999.9	3	186	-9999.9	44	-9999.9	3	17.0	3
2025 08 29 20	0.51	0.48	4.8	4.8	5.7	0.8	-9999.9	3	142	-9999.9	58	-9999.9	3	18.2	3
2025 08 29 21	0.49	0.46	4.3	4.2	4.9	0.97	-9999.9	3	159	-9999.9	55	-9999.9	3	17.8	3
2025 08 29 22	0.38	0.37	3.8	3.7	4.7	0.69	-9999.9	3	158	-9999.9	58	-9999.9	3	17.5	3
2025 08 29 23	0.41	0.4	4.3	4.2	6.7	0.76	-9999.9	3	183	-9999.9	51	-9999.9	3	17.0	3
2025 08 30 00	0.38	0.35	4.0	4.1	8.2	0.56	-9999.9	3	186	-9999.9	55	-9999.9	3	17.7	3
2025 08 30 01	0.29	0.28	3.2	3.3	4.5	0.48	-9999.9	3	172	-9999.9	59	-9999.9	3	17.5	3
2025 08 30 02	0.28	0.25	3.5	3.4	5.2	0.44	-9999.9	3	175	-9999.9	59	-9999.9	3	18.1	3
2025 08 30 03	0.28	0.26	3.5	3.7	6.2	0.42	-9999.9	3	136	-9999.9	60	-9999.9	3	17.1	3
2025 08 30 04	0.33	0.31	3.2	3.5	5.8	0.48	-9999.9	3	202	-9999.9	46	-9999.9	3	16.8	3
2025 08 30 05	0.35	0.33	3.0	3.5	5.9	0.62	-9999.9	3	198	-9999.9	48	-9999.9	3	16.6	3
2025 08 30 06	0.39	0.37	3.8	3.9	6.7	0.77	-9999.9	3	184	-9999.9	45	-9999.9	3	16.8	3
2025 08 30 07	0.41	0.39	3.5	3.6	6.3	0.69	-9999.9	3	190	-9999.9	44	-9999.9	3	16.9	3
2025 08 30 08	0.58	0.55	4.4	4.7	8.4	1.05	-9999.9	3	164	-9999.9	44	-9999.9	3	17.0	3
2025 08 30 09	0.49	0.46	4.2	4.1	7.6	0.87	-9999.9	3	169	-9999.9	58	-9999.9	3	17.7	3
2025 08 30 10	0.5	0.48	3.6	3.8	5.7	0.97	-9999.9	3	140	-9999.9	57	-9999.9	3	17.3	3
2025 08 30 11	0.44	0.4	3.6	3.7	15.5	0.76	-9999.9	3	137	-9999.9	61	-9999.9	3	16.9	3
2025 08 30 12	0.36	0.35	3.9	3.9	6.7	0.6	-9999.9	3	131	-9999.9	56	-9999.9	3	18.4	3
2025 08 30 13	0.31	0.29	3.4	3.7	6.0	0.49	-9999.9	3	159	-9999.9	59	-9999.9	3	19.2	3
2025 08 30 14	0.32	0.31	3.8	3.9	5.7	0.55	-9999.9	3	142	-9999.9	57	-9999.9	3	19.7	3
2025 08 30 15	0.35	0.33	4.0	4.1	4.9	0.53	-9999.9	3	114	-9999.9	57	-9999.9	3	18.7	3
2025 08 30 16	0.38	0.35	3.8	4.2	8.8	0.97	-9999.9	3	173	-9999.9	51	-9999.9	3	18.0	3
2025 08 30 17	0.39	0.37	4.1	4.4	8.4	0.63	-9999.9	3	203	-9999.9	47	-9999.9	3	17.8	3
2025 08 30 18	0.34	0.32	3.4	3.6	5.8	0.56	-9999.9	3	175	-9999.9	54	-9999.9	3	17.6	3
2025 08 30 19	0.34	0.33	4.5	4.5	6.8	0.56	-9999.9	3	169	-9999.9	51	-9999.9	3	17.8	3
2025 08 30 20	0.37	0.35	4.0	4.5	7.9	0.69	-9999.9	3	187	-9999.9	44	-9999.9	3	17.4	3
2025 08 30 21	0.35	0.33	4.2	4.2	5.5	0.52	-9999.9	3	147	-9999.9	51	-9999.9	3	17.6	3
2025 08 30 22	0.41	0.38	3.7	3.7	4.6	0.61	-9999.9	3	143	-9999.9	58	-9999.9	3	17.8	3
2025 08 30 23	0.36	0.35	4.0	4.0	5.8	0.51	-9999.9	3	131	-9999.9	62	-9999.9	3	17.1	3
2025 08 31 00	0.37	0.35	3.7	3.9	6.6	0.51	-9999.9	3	134	-9999.9	61	-9999.9	3	18.0	3
2025 08 31 01	0.32	0.3	3.4	3.5	4.9	0.57	-9999.9	3	141	-9999.9	65	-9999.9	3	18.6	3
2025 08 31 02	0.3	0.28	2.9	3.1	4.5	0.48	-9999.9	3	125	-9999.9	58	-9999.9	3	18.3	3
2025 08 31 03	0.27	0.26	2.8	3.2	5.2	0.46	-9999.9	3	118	-9999.9	52	-9999.9	3	17.3	3
2025 08 31 04	0.3	0.28	2.9	3.1	4.5	0.47	-9999.9	3	172	-9999.9	54	-9999.9	3	17.2	3
2025 08 31 05	0.45	0.42	3.3	3.3	5.8	0.65	-9999.9	3	215	-9999.9	42	-9999.9	3	17.0	3
2025 08 31 06	0.52	0.49	3.5	3.8	6.8	0.83	-9999.9	3	216	-9999.9	32	-9999.9	3	17.3	3
2025 08 31 07	0.42	0.39	3.3	3.2	7.3	0.67	-9999.9	3	192	-9999.9	41	-9999.9	3	17.2	3
2025 08 31 08	0.51	0.47	3.4	3.5	8.5	0.74	-9999.9	3	197	-9999.9	39	-9999.9	3	17.6	3
2025 08 31 09	0.52	0.5	4.3	4.4	5.9	0.87	-9999.9	3	170	-9999.9	55	-9999.9	3	17.8	3
2025 08 31 10	0.51	0.49	3.9	3.8	5.9	0.84	-9999.9	3	179	-9999.9	52	-9999.9	3	18.0	3
2025 08 31 11	0.52	0.5	3.6	3.5	5.7	0.82	-9999.9	3	194	-9999.9	53	-9999.9	3	18.2	3
2025 08 31 12	0.49	0.45	3.7	3.7	8.2	1.04	-9999.9	3	188	-9999.9	51	-9999.9	3	18.0	3
2025 08 31 13	0.44	0.4	3.3	3.7	7.3	0.71	-9999.9	3	178	-9999.9	53	-9999.9	3	18.1	3
2025 08 31 14	0.34	0.33	2.6	3.1	7.1	0.56	-9999.9	3	181	-9999.9	51	-9999.9	3	17.9	3
2025 08 31 15	0.38	0.36	3.0	3.4	6.8	0.64	-9999.9	3	194	-9999.9	53	-9999.9	3	19.1	3
2025 08 31 16	0.37	0.35	2.9	3.1	4.6	0.62	-9999.9	3	192	-9999.9	46	-9999.9	3	18.5	3
2025 08 31 17	0.4	0.38	3.0	3.2	3.7	0.66	-9999.9	3	187	-9999.9	46	-9999.9	3	17.8	3
2025 08 31 18	0.44	0.42	3.0	3.3	5.2	0.8	-9999.9	3	209	-9999.9	42	-9999.9	3	17.5	3
2025 08 31 19	0.53	0.51	3.2	3.3	5.1	0.83	-9999.9	3	210	-9999.9	43	-9999.9	3	17.3	3
2025 08 31 20	0.44	0.42	3.5	3.8	8.6	0.66	-9999.9	3	197	-9999.9	44	-9999.9	3	17.2	3
2025 08 31 21	0.45	0.42	3.3	3.6	5.0	0.86	-9999.9	3	191	-9999.9	51	-9999.9	3	17.4	3
2025 08 31 22	0.42	0.4	3.7	3.8	4.7	0.69	-9999.9	3	167	-9999.9	58	-9999.9	3	18.5	3
2025 08 31 23	0.4	0.38	3.8	3.8	4.5	0.61	-9999.9	3	185	-9999.9	56	-9999.9	3	17.5	3
2025 09 01 00	0.49	0.46	3.5	3.6	4.7	0.74	-9999.9	3	198	-9999.9	54	-9999.9	3	17.0	3
2025 09 01 01	0.42	0.4	3.5	3.4	4.9	0.77	-9999.9	3	183	-9999.9	53	-9999.9	3	18.4	3
2025 09 01 02	0.44	0.41	3.4	3.5	5.5	0.73	-9999.9	3	177	-9999.9	56	-9999.9	3	18.6	3
2025 09 01 03	0.43	0.41	3.6	3.6	5.3	0.72	-9999.9	3	179	-9999.9	55	-9999.9	3	18.5	3
2025 09 01 04	0.43	0.41	3.3	3.9	6.3	0.81	-9999.9	3	181	-9999.9	61	-9999.9	3	17.2	3
2025 09 01 05	0.47	0.44	3.0	3.8	6.6	0.84	-9999.9	3	196	-9999.9	48	-9999.9	3	16.5	3
2025 09 01 06	0.92	0.89	4.5	4.8	6.8	1.5	-9999.9	3	221	-9999.9	25	-9999.9	3	16.4	3
2025 09 01 07	0.7	0.66	3.9	4.2	6.6	1.19	-9999.9	3	221	-9999.9	30	-9999.9	3	16.6	3
2025 09 01 08	0.66	0.63	3.8	4.0	7.6	1.05	-9999.9	3	215	-9999.9	38	-9999.9	3	16.8	3
2025 09 01 09	0.55	0.54	4.0	4.7	6.6	1.06	-9999.9	3	185	-9999.9	53	-9999.9	3	17.2	3
2025 09 01 10	0.51	0.49	4.3	4.5	6.1	0.98	-9999.9	3	171	-9999.9	53	-9999.9	3	17.5	3
2025 09 01 11	0.62	0.59	4.3	4.3	6.6	1.04	-9999.9	3	174	-9999.9	51	-9999.9	3	17.4	3
2025 09 01 12	0.65	0.62	3.6	3.9	6.2	1.26	-9999.9	3	216	-9999.9	47	-9999.9	3	17.9	3
2025 09 01 13	0.64	0.6	3.5	3.6	5.9	1.11	-9999.9	3	208	-9999.9	53	-9999.9	3	-9999.9	-9999.9
2025 09 01 14	0.61	0.57	3.2	3.5	5.9	1.14	-9999.9	3	198	-9999.9	50	-9999.9	3	18.3	3
2025 09 01 15	0.48	0.45	2.8	3.3	6.8	0.71	-9999.9	3	191	-9999.9	49	-9999.9	3	17.4	3
2025 09 01 16	0.5	0.47	3.1	3.6	6.4	0.81	-9999.9	3	184	-9999.9	50	-9999.9	3	17.9	3
2025 09 01 17	0.5	0.47	3.1	3.7	6.3	0.76	-9999.9	3	198	-9999.9	47	-9999.9	3	17.3	3
2025 09 01 18	0.47	0.45	3.2	3.6	4.7	0.8	-9999.9	3	180	-9999.9	52	-9999.9	3	17.3	3
2025 09 01 19	0.64	0.61	3.8	3.8	5.3	0.88	-9999.9	3	220	-9999.9	39	-9999.9	3	16.9	3
2025 09 01 20	0.64	0.62	3.9	4.0	5.9	1.04	-9999.9	3	221	-9999.9	40	-9999.9	3	16.8	3
2025 09 01 21	0.65	0.61	3.6	3.7	4.9	0.92	-9999.9	3	219	-9999.9	43	-9999.9	3	16.7	3
2025 09 01 22	0.5	0.48	3.9	4.0	5.1	0.87	-9999.9	3	198	-9999.9	49	-9999.9	3	16.6	3
2025 09 01 23	0.48	0.46	4.1	4.2	5.1	0.78	-9999.9	3	178	-9999.9	53	-9999.9	3	17.1	3
2025 09 02 00	0.53	0.5	4.4	4.5	6.3	0.83	-9999.9	3	164	-9999.9	56	-9999.9	3	17.4	3
2025 09 02 01	0.57	0.54	4.5	4.5	5.3	0.9	-9999.9	3	146	-9999.9	60	-9999.9	3	17.2	3
2025 09 02 02	0.54	0.51	4.3	4.2	5.2	1.02	-9999.9	3	173	-9999.9	55	-9999.9	3	16.9	3
2025 09 02 03	0.49	0.46	3.6	3.8	5.7	0.82	-9999.9	3	158	-9999.9	55	-9999.9	3	16.0	3
2025 09 02 04	0.39	0.37	3.6	3.6	5.8	0.61	-9999.9	3	149	-9999.9	58	-9999.9	3	16.0	3
2025 09 02 05	0.44	0.41	3.5	3.5	5.6	0.74	-9999.9	3	192	-9999.9	47	-9999.9	3	15.9	3
2025 09 02 06	0.59	0.56	4.4	4.6	6.8	1.05	-9999.9	3	221	-9999.9	34	-9999.9	3	15.9	3
2025 09 02 07	0.61	0.58	4.5	4.4	7.3	0.94	-9999.9	3	230	-9999.9	32	-9999.9	3	16.3	3
2025 09 02 08	0.56	0.52	4.1	4.1	8.2	0.92	-9999.9	3	227	-9999.9	35	-9999.9	3	16.3	3
2025 09 02 09	0.48	0.45	3.2	3.6	6.8	0.85	-9999.9	3	199	-9999.9	52	-9999.9	3	16.6	3
2025 09 02 10	0.41	0.39	3.0	3.2	5.9	0.74	-9999.9	3	174	-9999.9	50	-9999.9	3	17.0	3
2025 09 02 11	0.45	0.42	3.6	4.0	6.3	0.92	-9999.9	3	169	-9999.9	48	-9999.9	3	17.0	3
2025 09 02 12	0.54	0.52	4.3	4.4	7.7	0.93	-9999.9	3	153	-9999.9	54	-9999.9	3	17.6	3
2025 09 02 13	0.49	0.47	4.1	4.2	6.0	0.9	-9999.9	3	162	-9999.9	55	-9999.9	3	17.1	3
2025 09 02 14	0.44	0.42	4.1	4.3	5.8	0.65	-9999.9	3	175	-9999.9	59	-9999.9	3	17.7	3
2025 09 02 15	0.46	0.43	4.4	4.5	7.1	0.87	-9999.9	3	169	-9999.9	62	-9999.9	3	18.7	3
2025 09 02 16	0.4	0.37	4.4	4.4	8.8	0.73	-9999.9	3	164	-9999.9	59	-9999.9	3	19.1	3
2025 09 02 17	0.41	0.39	3.9	4.0	6.5	0.67	-9999.9	3	176	-9999.9	55	-9999.9	3	18.8	3
2025 09 02 18	0.29	0.27	3.5	3.6	5.2	0.44	-9999.9	3	146	-9999.9	59	-9999.9	3	18.7	3
2025 09 02 19	0.35	0.33	4.0	4.1	5.8	0.55	-9999.9	3	177	-9999.9	59	-9999.9	3	18.0	3
2025 09 02 20	0.31	0.29	3.7	3.8	7.4	0.5	-9999.9	3	164	-9999.9	62	-9999.9	3	18.4	3
2025 09 02 21	0.34	0.33	4.2	4.2	5.4	0.51	-9999.9	3	165	-9999.9	61	-9999.9	3	18.1	3
2025 09 02 22	0.39	0.36	3.6	3.7	5.4	0.56	-9999.9	3	178	-9999.9	54	-9999.9	3	17.2	3
2025 09 02 23	0.45	0.44	3.3	3.5	5.7	0.7	-9999.9	3	163	-9999.9	52	-9999.9	3	17.3	3
2025 09 03 00	0.41	0.38	3.2	3.5	4.9	0.57	-9999.9	3	185	-9999.9	59	-9999.9	3	17.0	3
2025 09 03 01	0.45	0.42	3.5	3.9	5.8	0.79	-9999.9	3	181	-9999.9	50	-9999.9	3	16.4	3
2025 09 03 02	0.4	0.39	3.6	4.1	6.3	0.78	-9999.9	3	195	-9999.9	52	-9999.9	3	16.3	3
2025 09 03 03	0.35	0.33	3.3	3.6	5.0	0.59	-9999.9	3	190	-9999.9	57	-9999.9	3	16.2	3
2025 09 03 04	0.4	0.38	3.1	3.3	3.6	0.77	-9999.9	3	102	-9999.9	47	-9999.9	3	16.5	3
2025 09 03 05	0.39	0.37	3.0	3.1	3.8	0.56	-9999.9	3	85	-9999.9	45	-9999.9	3	16.4	3
2025 09 03 06	0.49	0.46	3.1	3.5	6.7	0.91	-9999.9	3	125	-9999.9	39	-9999.9	3	16.2	3
2025 09 03 07	0.45	0.42	2.8	3.1	6.2	0.72	-9999.9	3	123	-9999.9	44	-9999.9	3	16.4	3
2025 09 03 08	0.43	0.4	2.6	3.0	8.6	0.76	-9999.9	3	148	-9999.9	46	-9999.9	3	16.6	3
2025 09 03 09	0.38	0.35	2.6	3.2	7.0	0.54	-9999.9	3	158	-9999.9	50	-9999.9	3	17.2	3
2025 09 03 10	0.47	0.44	3.1	3.3	4.7	0.9	-9999.9	3	112	-9999.9	39	-9999.9	3	17.3	3
2025 09 03 11	0.46	0.44	3.4	3.4	4.3	0.8	-9999.9	3	85	-9999.9	40	-9999.9	3	17.6	3
2025 09 03 12	0.39	0.35	3.4	3.6	8.6	0.6	-9999.9	3	123	-9999.9	47	-9999.9	3	17.0	3
2025 09 03 13	0.4	0.37	3.0	3.3	6.8	0.63	-9999.9	3	128	-9999.9	53	-9999.9	3	17.2	3
2025 09 03 14	0.54	0.51	3.3	3.6	5.3	0.92	-9999.9	3	101	-9999.9	41	-9999.9	3	17.4	3
2025 09 03 15	0.46	0.44	3.8	3.9	4.3	0.9	-9999.9	3	98	-9999.9	45	-9999.9	3	17.9	3
2025 09 03 16	0.5	0.47	3.9	3.8	4.3	0.94	-9999.9	3	81	-9999.9	50	-9999.9	3	19.7	3
2025 09 03 17	0.53	0.5	3.5	3.6	4.1	0.9	-9999.9	3	84	-9999.9	45	-9999.9	3	20.4	3
2025 09 03 18	0.42	0.4	3.4	3.5	3.8	0.7	-9999.9	3	92	-9999.9	48	-9999.9	3	20.0	3
2025 09 03 19	0.33	0.31	3.2	3.3	3.7	0.59	-9999.9	3	94	-9999.9	41	-9999.9	3	20.1	3
2025 09 03 20	0.33	0.31	4.1	4.2	9.4	0.45	-9999.9	3	149	-9999.9	49	-9999.9	3	20.1	3
2025 09 03 21	0.29	0.28	3.9	4.1	6.8	0.5	-9999.9	3	184	-9999.9	53	-9999.9	3	20.1	3
2025 09 03 22	0.29	0.28	4.1	4.0	5.5	0.47	-9999.9	3	118	-9999.9	54	-9999.9	3	21.0	3
2025 09 03 23	0.29	0.27	3.8	3.9	5.1	0.52	-9999.9	3	130	-9999.9	58	-9999.9	3	21.5	3
2025 09 04 00	0.31	0.3	4.2	4.3	6.6	0.63	-9999.9	3	178	-9999.9	57	-9999.9	3	19.0	3
2025 09 04 01	0.36	0.34	4.2	4.3	5.2	0.55	-9999.9	3	210	-9999.9	43	-9999.9	3	18.3	3
2025 09 04 02	0.28	0.28	4.5	4.7	7.2	0.47	-9999.9	3	178	-9999.9	58	-9999.9	3	18.7	3
2025 09 04 03	0.31	0.29	4.0	4.2	8.5	0.47	-9999.9	3	182	-9999.9	51	-9999.9	3	18.1	3
2025 09 04 04	0.34	0.32	3.8	3.9	4.3	0.64	-9999.9	3	165	-9999.9	59	-9999.9	3	18.5	3
2025 09 04 05	0.3	0.28	3.5	3.7	4.1	0.45	-9999.9	3	139	-9999.9	52	-9999.9	3	18.6	3
2025 09 04 06	0.33	0.31	3.5	3.7	6.8	0.54	-9999.9	3	119	-9999.9	54	-9999.9	3	18.9	3
2025 09 04 07	0.32	0.3	4.1	4.0	7.5	0.56	-9999.9	3	144	-9999.9	54	-9999.9	3	19.5	3
2025 09 04 08	0.32	0.29	4.1	4.1	9.5	0.44	-9999.9	3	179	-9999.9	52	-9999.9	3	18.5	3
2025 09 04 09	0.34	0.32	3.8	3.8	8.8	0.51	-9999.9	3	197	-9999.9	48	-9999.9	3	19.1	3
2025 09 04 10	0.35	0.33	4.1	4.3	6.9	0.59	-9999.9	3	229	-9999.9	32	-9999.9	3	19.3	3
2025 09 04 11	0.46	0.44	4.1	4.1	6.9	0.87	-9999.9	3	236	-9999.9	36	-9999.9	3	19.0	3
2025 09 04 12	0.42	0.39	3.9	4.3	8.7	0.65	-9999.9	3	218	-9999.9	35	-9999.9	3	19.4	3
2025 09 04 13	0.32	0.31	4.2	4.3	7.6	0.58	-9999.9	3	175	-9999.9	52	-9999.9	3	18.8	3
2025 09 04 14	0.44	0.43	4.9	4.9	6.4	0.68	-9999.9	3	168	-9999.9	54	-9999.9	3	19.1	3
2025 09 04 15	0.48	0.46	3.8	4.1	5.6	0.74	-9999.9	3	158	-9999.9	50	-9999.9	3	18.3	3
2025 09 04 16	0.5	0.47	4.2	4.2	8.6	0.8	-9999.9	3	150	-9999.9	57	-9999.9	3	18.8	3
2025 09 04 17	0.44	0.42	3.6	3.9	5.2	0.74	-9999.9	3	137	-9999.9	57	-9999.9	3	19.1	3
2025 09 04 18	0.34	0.32	3.1	3.3	5.5	0.54	-9999.9	3	163	-9999.9	63	-9999.9	3	19.2	3
2025 09 04 19	0.31	0.29	3.1	3.2	4.6	0.55	-9999.9	3	167	-9999.9	66	-9999.9	3	19.7	3
2025 09 04 20	0.36	0.33	3.6	3.8	9.4	0.57	-9999.9	3	186	-9999.9	52	-9999.9	3	19.4	3
2025 09 04 21	0.33	0.31	3.6	3.7	5.6	0.53	-9999.9	3	157	-9999.9	56	-9999.9	3	20.0	3
2025 09 04 22	0.31	0.3	3.4	3.7	6.8	0.51	-9999.9	3	194	-9999.9	56	-9999.9	3	20.2	3
2025 09 04 23	0.32	0.31	3.8	4.0	5.2	0.47	-9999.9	3	192	-9999.9	57	-9999.9	3	20.9	3
2025 09 05 00	0.32	0.31	4.0	4.3	5.8	0.54	-9999.9	3	196	-9999.9	56	-9999.9	3	21.6	3
2025 09 05 01	0.42	0.4	3.7	3.8	4.7	0.6	-9999.9	3	193	-9999.9	45	-9999.9	3	19.1	3
2025 09 05 02	0.5	0.46	3.3	3.7	5.4	0.76	-9999.9	3	188	-9999.9	47	-9999.9	3	18.4	3
2025 09 05 03	0.49	0.46	3.1	3.2	4.1	0.82	-9999.9	3	102	-9999.9	49	-9999.9	3	17.4	3
2025 09 05 04	0.69	0.67	4.0	4.0	4.3	1.03	-9999.9	3	76	-9999.9	46	-9999.9	3	19.7	3
2025 09 05 05	0.58	0.56	3.2	3.3	3.8	1.14	-9999.9	3	99	-9999.9	51	-9999.9	3	17.9	3
2025 09 05 06	0.66	0.64	3.2	3.3	3.6	1.19	-9999.9	3	75	-9999.9	36	-9999.9	3	17.9	3
2025 09 05 07	0.58	0.55	2.9	3.0	4.1	0.95	-9999.9	3	72	-9999.9	34	-9999.9	3	18.8	3
2025 09 05 08	0.55	0.51	2.7	2.9	9.2	0.76	-9999.9	3	120	-9999.9	42	-9999.9	3	18.7	3
2025 09 05 09	0.59	0.55	2.5	2.7	3.4	0.92	-9999.9	3	99	-9999.9	46	-9999.9	3	18.9	3
2025 09 05 10	0.57	0.52	2.4	2.6	3.4	1.03	-9999.9	3	116	-9999.9	42	-9999.9	3	18.8	3
2025 09 05 11	0.62	0.59	2.6	2.7	3.6	1.03	-9999.9	3	79	-9999.9	36	-9999.9	3	19.1	3
2025 09 05 12	0.84	0.8	3.0	3.1	3.6	1.28	-9999.9	3	80	-9999.9	33	-9999.9	3	19.7	3
2025 09 05 13	0.99	0.96	3.5	3.5	4.0	1.54	-9999.9	3	81	-9999.9	30	-9999.9	3	19.7	3
2025 09 05 14	0.84	0.8	3.7	3.6	4.4	1.4	-9999.9	3	63	-9999.9	41	-9999.9	3	17.6	3
2025 09 05 15	0.78	0.75	3.4	3.4	4.8	1.29	-9999.9	3	75	-9999.9	35	-9999.9	3	18.0	3
2025 09 05 16	0.61	0.56	2.6	2.8	4.9	0.92	-9999.9	3	74	-9999.9	47	-9999.9	3	18.0	3
2025 09 05 17	0.64	0.61	3.3	3.4	4.9	1.16	-9999.9	3	63	-9999.9	38	-9999.9	3	18.3	3
2025 09 05 18	0.78	0.74	3.7	3.7	4.5	1.2	-9999.9	3	67	-9999.9	35	-9999.9	3	19.9	3
2025 09 05 19	1.07	1.04	3.9	3.9	4.7	1.62	-9999.9	3	69	-9999.9	24	-9999.9	3	21.0	3
2025 09 05 20	0.93	0.9	3.3	3.2	4.4	1.57	-9999.9	3	79	-9999.9	34	-9999.9	3	20.6	3
2025 09 05 21	0.88	0.82	2.8	2.9	4.4	1.28	-9999.9	3	82	-9999.9	36	-9999.9	3	20.5	3
2025 09 05 22	0.79	0.75	2.9	3.0	4.7	1.55	-9999.9	3	79	-9999.9	39	-9999.9	3	20.0	3
2025 09 05 23	0.7	0.67	2.7	2.8	4.1	1.08	-9999.9	3	82	-9999.9	36	-9999.9	3	20.8	3
2025 09 06 00	0.72	0.7	2.9	3.0	3.7	1.18	-9999.9	3	88	-9999.9	32	-9999.9	3	21.0	3
2025 09 06 01	0.72	0.69	2.9	3.0	3.4	1.17	-9999.9	3	91	-9999.9	34	-9999.9	3	20.6	3
2025 09 06 02	0.77	0.74	3.1	3.1	3.5	1.3	-9999.9	3	87	-9999.9	32	-9999.9	3	20.2	3
2025 09 06 03	0.77	0.73	2.9	3.1	3.6	1.32	-9999.9	3	81	-9999.9	36	-9999.9	3	20.6	3
2025 09 06 04	0.79	0.77	3.0	3.1	3.5	1.3	-9999.9	3	80	-9999.9	43	-9999.9	3	20.0	3
2025 09 06 05	0.72	0.67	2.7	2.8	5.3	1.1	-9999.9	3	76	-9999.9	46	-9999.9	3	19.7	3
2025 09 06 06	0.74	0.69	2.6	2.9	5.8	1.06	-9999.9	3	83	-9999.9	48	-9999.9	3	19.7	3
2025 09 06 07	1.22	1.14	3.6	3.8	6.2	2.04	-9999.9	3	74	-9999.9	30	-9999.9	3	19.2	3
2025 09 06 08	1.08	1.02	3.6	3.6	6.6	1.78	-9999.9	3	88	-9999.9	37	-9999.9	3	19.6	3
2025 09 06 09	1.04	0.97	3.4	3.6	6.5	1.52	-9999.9	3	85	-9999.9	39	-9999.9	3	19.5	3
2025 09 06 10	0.99	0.93	3.3	3.4	7.3	1.69	-9999.9	3	94	-9999.9	37	-9999.9	3	19.3	3
2025 09 06 11	0.96	0.88	3.1	3.3	7.6	1.6	-9999.9	3	102	-9999.9	40	-9999.9	3	19.7	3
2025 09 06 12	0.99	0.9	3.5	3.6	7.8	1.82	-9999.9	3	104	-9999.9	37	-9999.9	3	19.7	3
2025 09 06 13	1.0	0.94	4.0	3.9	8.5	1.62	-9999.9	3	99	-9999.9	34	-9999.9	3	19.9	3
2025 09 06 14	1.11	1.01	4.0	4.2	7.8	1.75	-9999.9	3	96	-9999.9	30	-9999.9	3	19.7	3
2025 09 06 15	1.02	0.96	3.9	4.1	8.1	1.54	-9999.9	3	97	-9999.9	44	-9999.9	3	19.4	3
2025 09 06 16	0.74	0.68	3.6	3.7	8.0	0.98	-9999.9	3	87	-9999.9	51	-9999.9	3	18.6	3
2025 09 06 17	0.7	0.63	3.1	3.4	7.7	1.22	-9999.9	3	109	-9999.9	57	-9999.9	3	18.9	3
2025 09 06 18	0.62	0.58	3.7	4.2	8.3	1.01	-9999.9	3	100	-9999.9	53	-9999.9	3	18.9	3
2025 09 06 19	0.74	0.71	4.0	4.2	7.8	1.18	-9999.9	3	82	-9999.9	39	-9999.9	3	19.1	3
2025 09 06 20	1.01	0.98	5.5	5.3	7.9	1.52	-9999.9	3	96	-9999.9	30	-9999.9	3	19.4	3
2025 09 06 21	0.95	0.91	4.6	4.9	7.4	1.56	-9999.9	3	101	-9999.9	38	-9999.9	3	19.3	3
2025 09 06 22	0.81	0.78	4.3	4.5	7.4	1.41	-9999.9	3	104	-9999.9	43	-9999.9	3	18.8	3
2025 09 06 23	0.78	0.72	3.9	4.3	7.4	1.28	-9999.9	3	103	-9999.9	42	-9999.9	3	19.0	3
2025 09 07 00	0.65	0.62	3.9	4.3	7.8	1.28	-9999.9	3	107	-9999.9	47	-9999.9	3	19.0	3
2025 09 07 01	0.67	0.63	4.2	4.5	7.6	1.07	-9999.9	3	111	-9999.9	43	-9999.9	3	19.0	3
2025 09 07 02	0.58	0.54	4.3	4.4	7.9	0.91	-9999.9	3	97	-9999.9	44	-9999.9	3	19.0	3
2025 09 07 03	0.62	0.61	5.4	5.2	8.0	0.85	-9999.9	3	105	-9999.9	55	-9999.9	3	18.9	3
2025 09 07 04	0.62	0.61	5.1	5.2	7.9	1.01	-9999.9	3	116	-9999.9	53	-9999.9	3	18.0	3
2025 09 07 05	0.78	0.77	6.0	6.1	7.6	1.47	-9999.9	3	79	-9999.9	33	-9999.9	3	18.3	3
2025 09 07 06	0.87	0.85	5.8	6.0	7.6	1.29	-9999.9	3	94	-9999.9	48	-9999.9	3	18.1	3
2025 09 07 07	0.62	0.6	4.7	4.9	7.1	1.16	-9999.9	3	127	-9999.9	59	-9999.9	3	18.3	3
2025 09 07 08	0.62	0.59	5.0	5.2	8.2	0.94	-9999.9	3	87	-9999.9	34	-9999.9	3	18.7	3
2025 09 07 09	0.98	0.94	5.0	5.2	7.5	1.65	-9999.9	3	84	-9999.9	29	-9999.9	3	18.5	3
2025 09 07 10	0.69	0.67	4.8	4.8	7.3	1.16	-9999.9	3	97	-9999.9	49	-9999.9	3	19.0	3
2025 09 07 11	0.54	0.52	4.3	4.3	7.7	0.88	-9999.9	3	127	-9999.9	54	-9999.9	3	18.5	3
2025 09 07 12	0.42	0.39	4.4	4.5	8.8	0.74	-9999.9	3	173	-9999.9	58	-9999.9	3	18.9	3
2025 09 07 13	0.51	0.5	5.0	4.9	8.0	0.74	-9999.9	3	126	-9999.9	49	-9999.9	3	18.8	3
2025 09 07 14	0.48	0.47	5.0	5.2	7.7	0.7	-9999.9	3	108	-9999.9	45	-9999.9	3	18.6	3
2025 09 07 15	0.42	0.4	4.0	4.1	7.2	0.75	-9999.9	3	133	-9999.9	57	-9999.9	3	18.0	3
2025 09 07 16	0.64	0.61	6.6	6.5	7.6	1.16	-9999.9	3	90	-9999.9	50	-9999.9	3	18.1	3
2025 09 07 17	0.48	0.45	4.3	4.3	7.2	0.85	-9999.9	3	104	-9999.9	50	-9999.9	3	17.7	3
2025 09 07 18	0.34	0.3	4.1	4.3	-9999.9	0.58	-9999.9	3	101	-9999.9	63	-9999.9	3	17.7	3
2025 09 07 19	0.34	0.31	4.1	4.3	8.2	0.47	-9999.9	3	90	-9999.9	54	-9999.9	3	18.4	3
2025 09 07 20	0.42	0.4	4.3	4.6	6.8	0.76	-9999.9	3	102	-9999.9	49	-9999.9	3	18.6	3
2025 09 07 21	0.51	0.49	4.6	4.6	6.4	0.84	-9999.9	3	98	-9999.9	42	-9999.9	3	18.6	3
2025 09 07 22	0.52	0.5	4.4	4.5	5.7	0.91	-9999.9	3	96	-9999.9	43	-9999.9	3	18.4	3
2025 09 07 23	0.39	0.37	4.1	4.1	6.2	0.64	-9999.9	3	107	-9999.9	48	-9999.9	3	18.4	3
2025 09 08 00	0.29	0.28	4.5	4.5	6.7	0.56	-9999.9	3	134	-9999.9	56	-9999.9	3	18.2	3
2025 09 08 01	0.33	0.31	4.5	4.6	7.3	0.51	-9999.9	3	155	-9999.9	55	-9999.9	3	18.1	3
2025 09 08 02	0.29	0.27	3.9	3.9	7.9	0.5	-9999.9	3	144	-9999.9	55	-9999.9	3	18.2	3
2025 09 08 03	0.32	0.3	4.3	4.4	7.7	0.55	-9999.9	3	169	-9999.9	56	-9999.9	3	17.5	3
2025 09 08 04	0.46	0.43	4.4	4.5	7.3	0.71	-9999.9	3	154	-9999.9	57	-9999.9	3	17.3	3
2025 09 08 05	0.38	0.37	6.7	6.3	7.7	0.56	-9999.9	3	139	-9999.9	64	-9999.9	3	18.0	3
2025 09 08 06	0.42	0.4	5.5	5.6	7.6	0.65	-9999.9	3	169	-9999.9	59	-9999.9	3	18.1	3
2025 09 08 07	0.52	0.48	3.6	3.7	6.7	0.78	-9999.9	3	187	-9999.9	49	-9999.9	3	17.4	3
2025 09 08 08	0.42	0.39	3.8	4.0	5.5	0.72	-9999.9	3	217	-9999.9	47	-9999.9	3	17.7	3
2025 09 08 09	0.36	0.33	4.0	4.4	8.3	0.61	-9999.9	3	223	-9999.9	42	-9999.9	3	17.9	3
2025 09 08 10	0.35	0.33	4.4	4.3	7.7	0.51	-9999.9	3	227	-9999.9	50	-9999.9	3	17.5	3
2025 09 08 11	0.29	0.27	3.6	3.9	7.7	0.56	-9999.9	3	222	-9999.9	44	-9999.9	3	17.9	3
2025 09 08 12	0.47	0.43	4.2	4.4	9.5	0.72	-9999.9	3	237	-9999.9	30	-9999.9	3	17.8	3
2025 09 08 13	0.46	0.43	3.7	3.7	6.2	0.68	-9999.9	3	239	-9999.9	31	-9999.9	3	18.1	3
2025 09 08 14	0.49	0.46	3.3	3.6	6.5	0.82	-9999.9	3	219	-9999.9	35	-9999.9	3	17.9	3
2025 09 08 15	0.45	0.42	3.7	4.0	7.1	0.67	-9999.9	3	192	-9999.9	44	-9999.9	3	17.9	3
2025 09 08 16	0.48	0.45	5.8	5.8	10.0	1.1	-9999.9	3	174	-9999.9	67	-9999.9	3	17.5	3
2025 09 08 17	0.49	0.45	4.9	4.9	9.3	0.77	-9999.9	3	183	-9999.9	61	-9999.9	3	17.3	3
2025 09 08 18	0.46	0.43	3.9	4.0	6.3	0.74	-9999.9	3	176	-9999.9	55	-9999.9	3	17.4	3
2025 09 08 19	0.37	0.34	3.4	3.3	5.8	0.48	-9999.9	3	166	-9999.9	64	-9999.9	3	17.6	3
2025 09 08 20	0.4	0.37	3.8	4.0	9.4	0.68	-9999.9	3	189	-9999.9	54	-9999.9	3	18.6	3
2025 09 08 21	0.37	0.33	3.5	3.9	10.4	0.57	-9999.9	3	231	-9999.9	42	-9999.9	3	18.8	3
2025 09 08 22	0.34	0.32	3.3	3.8	7.9	0.51	-9999.9	3	188	-9999.9	46	-9999.9	3	18.7	3
2025 09 08 23	0.35	0.31	2.9	3.1	8.5	0.55	-9999.9	3	207	-9999.9	41	-9999.9	3	18.6	3
2025 09 09 00	0.44	0.39	3.2	3.2	7.1	0.74	-9999.9	3	224	-9999.9	29	-9999.9	3	18.2	3
2025 09 09 01	0.53	0.49	3.3	3.3	4.3	0.83	-9999.9	3	220	-9999.9	34	-9999.9	3	18.1	3
2025 09 09 02	0.51	0.47	3.4	3.6	6.8	0.95	-9999.9	3	207	-9999.9	39	-9999.9	3	18.1	3
2025 09 09 03	0.6	0.56	3.7	3.8	6.8	1.16	-9999.9	3	213	-9999.9	33	-9999.9	3	17.3	3
2025 09 09 04	0.71	0.67	4.3	4.3	6.4	1.24	-9999.9	3	198	-9999.9	42	-9999.9	3	16.9	3
2025 09 09 06	0.55	0.52	5.2	5.1	6.3	1.02	-9999.9	3	181	-9999.9	57	-9999.9	3	17.9	3
2025 09 09 07	0.6	0.58	4.3	4.4	5.6	0.96	-9999.9	3	178	-9999.9	57	-9999.9	3	18.0	3
2025 09 09 08	0.55	0.52	3.8	4.2	6.1	0.9	-9999.9	3	181	-9999.9	61	-9999.9	3	18.0	3
2025 09 09 09	0.43	0.4	3.6	3.9	6.4	0.71	-9999.9	3	207	-9999.9	53	-9999.9	3	17.8	3
2025 09 09 10	0.43	0.4	3.7	4.3	6.7	0.7	-9999.9	3	214	-9999.9	46	-9999.9	3	17.9	3
2025 09 09 11	0.4	0.36	2.7	3.3	7.8	0.6	-9999.9	3	223	-9999.9	42	-9999.9	3	17.6	3
2025 09 09 12	0.41	0.38	3.2	3.9	8.2	0.75	-9999.9	3	225	-9999.9	39	-9999.9	3	17.7	3
2025 09 09 13	0.47	0.43	3.1	3.5	6.5	0.71	-9999.9	3	228	-9999.9	35	-9999.9	3	17.7	3
2025 09 09 14	0.5	0.48	3.3	3.8	6.2	0.82	-9999.9	3	217	-9999.9	41	-9999.9	3	17.6	3
2025 09 09 15	0.52	0.5	3.7	3.8	6.5	0.79	-9999.9	3	210	-9999.9	43	-9999.9	3	17.4	3
2025 09 09 16	0.61	0.57	3.8	4.0	5.8	1.05	-9999.9	3	196	-9999.9	44	-9999.9	3	16.7	3
2025 09 09 17	-9999.9	-9999.9	-9999.9	-9999.9	-9999.9	-9999.9	-9999.9	3	-9999.9	-9999.9	-9999.9	-9999.9	3	16.8	3
2025 09 09 18	0.72	0.7	4.8	4.7	5.3	1.04	-9999.9	3	199	-9999.9	55	-9999.9	3	17.5	3
2025 09 09 19	0.65	0.61	3.6	3.7	5.5	1.11	-9999.9	3	159	-9999.9	56	-9999.9	3	16.8	3
2025 09 09 20	0.65	0.61	3.1	3.1	5.3	1.02	-9999.9	3	194	-9999.9	56	-9999.9	3	17.1	3
2025 09 09 21	0.61	0.55	3.1	3.2	6.4	0.9	-9999.9	3	218	-9999.9	44	-9999.9	3	18.3	3
2025 09 09 22	0.56	0.53	2.9	3.0	3.5	0.81	-9999.9	3	225	-9999.9	44	-9999.9	3	17.9	3
2025 09 09 23	0.56	0.54	2.7	2.8	3.1	0.94	-9999.9	3	213	-9999.9	40	-9999.9	3	17.7	3
2025 09 10 00	0.76	0.72	2.9	3.1	3.3	1.28	-9999.9	3	216	-9999.9	33	-9999.9	3	17.7	3
2025 09 10 01	0.8	0.77	3.2	3.3	3.6	1.24	-9999.9	3	214	-9999.9	29	-9999.9	3	17.6	3
2025 09 10 02	0.79	0.75	3.4	3.4	5.0	1.12	-9999.9	3	214	-9999.9	29	-9999.9	3	17.6	3
2025 09 10 03	0.81	0.76	3.8	3.7	5.9	1.59	-9999.9	3	221	-9999.9	32	-9999.9	3	17.3	3
2025 09 10 04	0.79	0.76	4.0	4.1	6.5	1.36	-9999.9	3	205	-9999.9	38	-9999.9	3	15.9	3
2025 09 10 05	0.88	0.84	4.0	4.2	6.6	1.29	-9999.9	3	193	-9999.9	42	-9999.9	3	16.6	3
2025 09 10 06	0.83	0.8	5.0	5.1	6.6	1.33	-9999.9	3	191	-9999.9	52	-9999.9	3	16.9	3
2025 09 10 07	0.69	0.66	4.6	4.6	6.1	1.18	-9999.9	3	179	-9999.9	54	-9999.9	3	17.5	3
2025 09 10 08	0.66	0.63	4.2	4.1	6.5	1.18	-9999.9	3	168	-9999.9	57	-9999.9	3	17.6	3
2025 09 10 09	0.54	0.51	3.5	3.6	5.9	0.81	-9999.9	3	200	-9999.9	58	-9999.9	3	17.7	3
2025 09 10 10	0.48	0.46	3.1	3.2	6.0	0.76	-9999.9	3	205	-9999.9	50	-9999.9	3	18.2	3
2025 09 10 11	0.43	0.41	2.6	2.9	7.4	0.9	-9999.9	3	216	-9999.9	44	-9999.9	3	17.9	3
2025 09 10 12	0.43	0.4	2.6	2.8	6.0	0.63	-9999.9	3	218	-9999.9	41	-9999.9	3	18.2	3
2025 09 10 13	0.44	0.41	2.5	2.7	4.4	0.7	-9999.9	3	227	-9999.9	38	-9999.9	3	18.5	3
2025 09 10 14	0.44	0.41	2.8	3.2	6.2	0.69	-9999.9	3	222	-9999.9	40	-9999.9	3	19.6	3
2025 09 10 15	0.42	0.39	3.2	3.5	7.4	0.67	-9999.9	3	214	-9999.9	45	-9999.9	3	18.2	3
2025 09 10 16	0.39	0.37	3.4	3.5	5.3	0.64	-9999.9	3	207	-9999.9	48	-9999.9	3	18.6	3
2025 09 10 17	0.46	0.44	4.2	4.2	5.6	0.71	-9999.9	3	185	-9999.9	54	-9999.9	3	18.3	3
2025 09 10 18	0.42	0.4	4.9	4.9	5.3	0.73	-9999.9	3	160	-9999.9	63	-9999.9	3	17.9	3
2025 09 10 19	0.52	0.5	4.3	4.2	4.7	0.89	-9999.9	3	196	-9999.9	58	-9999.9	3	18.0	3
2025 09 10 20	0.42	0.39	3.4	3.6	4.8	0.68	-9999.9	3	159	-9999.9	63	-9999.9	3	17.3	3
2025 09 10 21	0.38	0.36	3.5	3.8	4.9	0.68	-9999.9	3	154	-9999.9	62	-9999.9	3	17.4	3
2025 09 10 22	0.29	0.27	2.9	3.2	4.1	0.53	-9999.9	3	159	-9999.9	61	-9999.9	3	17.7	3
2025 09 10 23	0.23	0.22	3.9	4.0	8.7	0.36	-9999.9	3	146	-9999.9	63	-9999.9	3	18.8	3
2025 09 11 00	0.23	0.21	3.8	3.8	5.3	0.41	-9999.9	3	156	-9999.9	55	-9999.9	3	18.0	3
2025 09 11 01	0.21	0.19	3.5	3.8	6.4	0.31	-9999.9	3	180	-9999.9	55	-9999.9	3	17.8	3
2025 09 11 02	0.24	0.23	4.5	4.6	6.0	0.41	-9999.9	3	212	-9999.9	46	-9999.9	3	17.8	3
2025 09 11 03	0.24	0.23	3.9	4.0	5.2	0.38	-9999.9	3	206	-9999.9	46	-9999.9	3	17.8	3
2025 09 11 04	0.31	0.3	4.0	4.0	4.1	0.54	-9999.9	3	205	-9999.9	37	-9999.9	3	17.4	3
2025 09 11 05	0.32	0.3	4.0	3.9	5.0	0.5	-9999.9	3	185	-9999.9	55	-9999.9	3	16.5	3
2025 09 11 07	0.41	0.39	4.4	4.4	6.1	0.66	-9999.9	3	191	-9999.9	61	-9999.9	3	17.3	3
2025 09 11 08	0.44	0.42	3.5	3.7	4.8	0.63	-9999.9	3	166	-9999.9	56	-9999.9	3	16.8	3
2025 09 11 09	0.43	0.41	3.4	3.6	4.5	0.74	-9999.9	3	126	-9999.9	59	-9999.9	3	17.2	3
2025 09 11 10	0.35	0.32	2.9	3.4	9.2	0.66	-9999.9	3	200	-9999.9	53	-9999.9	3	17.8	3
2025 09 11 11	0.36	0.34	3.0	3.3	7.5	0.68	-9999.9	3	194	-9999.9	50	-9999.9	3	17.6	3
2025 09 11 12	0.27	0.27	2.6	2.9	5.0	0.45	-9999.9	3	173	-9999.9	53	-9999.9	3	18.1	3
2025 09 11 13	0.28	0.26	2.7	3.1	9.9	0.62	-9999.9	3	200	-9999.9	53	-9999.9	3	18.1	3
2025 09 11 14	0.28	0.25	3.3	3.6	9.9	0.45	-9999.9	3	211	-9999.9	48	-9999.9	3	18.7	3
2025 09 11 15	0.34	0.33	4.1	4.4	8.0	0.55	-9999.9	3	209	-9999.9	47	-9999.9	3	18.5	3
2025 09 11 16	0.29	0.27	3.6	3.9	5.0	0.52	-9999.9	3	203	-9999.9	55	-9999.9	3	17.2	3
2025 09 11 17	0.33	0.3	4.0	4.2	8.6	0.71	-9999.9	3	207	-9999.9	58	-9999.9	3	16.5	3
2025 09 11 18	0.45	0.41	4.3	4.4	8.8	0.66	-9999.9	3	187	-9999.9	55	-9999.9	3	16.7	3
2025 09 11 19	0.42	0.4	5.1	4.9	5.1	0.6	-9999.9	3	196	-9999.9	63	-9999.9	3	17.3	3
2025 09 11 20	0.42	0.41	4.2	4.2	4.3	0.73	-9999.9	3	176	-9999.9	61	-9999.9	3	17.9	3
2025 09 11 21	0.32	0.31	3.0	3.2	4.1	0.53	-9999.9	3	152	-9999.9	63	-9999.9	3	17.0	3
2025 09 11 22	0.28	0.27	3.3	3.5	4.0	0.51	-9999.9	3	81	-9999.9	60	-9999.9	3	17.4	3
2025 09 11 23	0.27	0.27	3.3	3.2	3.8	0.46	-9999.9	3	115	-9999.9	63	-9999.9	3	17.6	3
2025 09 12 00	0.21	0.19	3.6	3.6	5.4	0.33	-9999.9	3	123	-9999.9	57	-9999.9	3	18.0	3
2025 09 12 01	0.25	0.24	3.4	3.3	3.8	0.51	-9999.9	3	112	-9999.9	46	-9999.9	3	19.2	3
2025 09 12 02	0.33	0.31	2.9	3.0	3.0	0.52	-9999.9	3	95	-9999.9	41	-9999.9	3	19.0	3
2025 09 12 03	0.34	0.33	2.9	2.9	2.9	0.51	-9999.9	3	91	-9999.9	38	-9999.9	3	18.5	3
2025 09 12 04	0.34	0.32	3.1	3.1	3.3	0.53	-9999.9	3	89	-9999.9	39	-9999.9	3	18.0	3
2025 09 12 05	0.34	0.33	3.4	3.5	3.6	0.55	-9999.9	3	88	-9999.9	47	-9999.9	3	18.1	3
2025 09 12 06	0.39	0.38	3.8	3.7	3.9	0.87	-9999.9	3	78	-9999.9	51	-9999.9	3	16.9	3
2025 09 12 07	0.44	0.42	4.5	4.6	5.0	0.71	-9999.9	3	89	-9999.9	55	-9999.9	3	17.7	3
2025 09 12 08	0.46	0.44	4.3	4.3	4.7	0.9	-9999.9	3	93	-9999.9	54	-9999.9	3	17.0	3
2025 09 12 09	0.72	0.69	3.6	3.6	4.0	1.06	-9999.9	3	78	-9999.9	36	-9999.9	3	17.0	3
2025 09 12 10	0.53	0.5	3.0	3.1	3.7	1.07	-9999.9	3	71	-9999.9	41	-9999.9	3	17.2	3
2025 09 12 11	0.53	0.51	3.1	3.1	3.8	0.85	-9999.9	3	77	-9999.9	41	-9999.9	3	18.0	3
2025 09 12 12	0.56	0.54	2.9	3.0	3.1	1.01	-9999.9	3	69	-9999.9	33	-9999.9	3	18.0	3
2025 09 12 13	0.67	0.64	3.1	3.1	3.6	1.08	-9999.9	3	84	-9999.9	33	-9999.9	3	18.6	3
2025 09 12 14	0.61	0.59	2.7	2.8	3.3	1.01	-9999.9	3	88	-9999.9	40	-9999.9	3	18.8	3
2025 09 12 15	0.57	0.53	2.7	2.8	6.9	1.06	-9999.9	3	94	-9999.9	36	-9999.9	3	19.2	3
2025 09 12 16	0.6	0.58	2.9	3.0	3.3	1.01	-9999.9	3	100	-9999.9	30	-9999.9	3	18.9	3
2025 09 12 17	0.54	0.51	2.9	2.9	3.1	0.9	-9999.9	3	91	-9999.9	35	-9999.9	3	18.8	3
2025 09 12 18	0.56	0.53	3.0	3.1	6.8	0.91	-9999.9	3	106	-9999.9	41	-9999.9	3	18.9	3
2025 09 12 19	0.51	0.49	3.0	3.1	3.3	0.95	-9999.9	3	68	-9999.9	33	-9999.9	3	17.1	3
2025 09 12 20	0.45	0.4	4.0	4.1	-9999.9	0.71	-9999.9	3	91	-9999.9	62	-9999.9	3	17.6	3
2025 09 12 21	0.48	0.45	4.1	4.0	4.6	0.75	-9999.9	3	73	-9999.9	53	-9999.9	3	17.8	3
2025 09 12 22	0.52	0.51	3.0	3.1	3.7	0.91	-9999.9	3	90	-9999.9	42	-9999.9	3	17.1	3
2025 09 12 23	0.54	0.54	3.1	3.2	3.9	0.94	-9999.9	3	66	-9999.9	33	-9999.9	3	18.5	3
2025 09 13 00	0.48	0.46	2.8	2.9	4.0	0.74	-9999.9	3	74	-9999.9	37	-9999.9	3	18.3	3
2025 09 13 01	0.46	0.44	2.6	2.8	4.0	0.77	-9999.9	3	71	-9999.9	38	-9999.9	3	18.1	3
2025 09 13 02	0.44	0.43	2.6	2.8	3.6	0.74	-9999.9	3	84	-9999.9	41	-9999.9	3	18.0	3
2025 09 13 03	0.45	0.44	2.4	2.6	2.8	0.84	-9999.9	3	98	-9999.9	43	-9999.9	3	18.2	3
2025 09 13 04	0.37	0.37	2.4	2.6	3.0	0.58	-9999.9	3	92	-9999.9	48	-9999.9	3	18.1	3
2025 09 13 05	0.42	0.41	2.7	2.8	2.9	0.68	-9999.9	3	92	-9999.9	39	-9999.9	3	18.0	3
2025 09 13 06	0.46	0.44	3.0	3.0	3.1	0.9	-9999.9	3	85	-9999.9	37	-9999.9	3	18.1	3
2025 09 13 07	0.54	0.5	4.3	4.3	4.7	0.93	-9999.9	3	69	-9999.9	51	-9999.9	3	16.9	3
2025 09 13 08	0.35	0.33	3.8	3.8	4.6	0.56	-9999.9	3	82	-9999.9	50	-9999.9	3	17.5	3
2025 09 13 09	0.44	0.41	4.3	4.1	5.2	0.61	-9999.9	3	109	-9999.9	54	-9999.9	3	17.5	3
2025 09 13 10	0.47	0.44	3.5	3.7	6.7	0.87	-9999.9	3	97	-9999.9	45	-9999.9	3	17.6	3
2025 09 13 11	0.39	0.37	3.1	3.1	6.9	0.65	-9999.9	3	107	-9999.9	47	-9999.9	3	17.3	3
2025 09 13 12	0.31	0.29	3.1	3.1	3.9	0.46	-9999.9	3	83	-9999.9	49	-9999.9	3	18.2	3
2025 09 13 13	0.39	0.37	3.1	3.2	5.6	0.64	-9999.9	3	86	-9999.9	42	-9999.9	3	17.9	3
2025 09 13 14	0.45	0.4	3.1	3.3	9.4	0.64	-9999.9	3	120	-9999.9	44	-9999.9	3	18.1	3
2025 09 13 15	0.4	0.37	3.0	3.2	6.9	0.74	-9999.9	3	121	-9999.9	45	-9999.9	3	20.2	3
2025 09 13 16	0.3	0.28	3.2	3.3	5.3	0.5	-9999.9	3	128	-9999.9	47	-9999.9	3	20.1	3
2025 09 13 17	0.32	0.31	4.2	4.2	6.8	0.58	-9999.9	3	193	-9999.9	46	-9999.9	3	19.3	3
2025 09 13 18	0.34	0.32	4.0	4.3	8.3	0.53	-9999.9	3	171	-9999.9	55	-9999.9	3	20.5	3
2025 09 13 19	0.29	0.28	3.7	3.9	5.1	0.47	-9999.9	3	164	-9999.9	61	-9999.9	3	20.5	3
2025 09 13 20	0.37	0.36	3.9	3.9	5.4	0.58	-9999.9	3	191	-9999.9	39	-9999.9	3	18.7	3
2025 09 13 21	0.35	0.33	4.0	4.3	7.5	0.64	-9999.9	3	176	-9999.9	54	-9999.9	3	18.6	3
2025 09 13 22	0.32	0.3	3.8	4.1	4.9	0.53	-9999.9	3	150	-9999.9	54	-9999.9	3	18.5	3
2025 09 13 23	0.34	0.32	3.5	3.5	5.1	0.57	-9999.9	3	158	-9999.9	55	-9999.9	3	18.1	3
2025 09 14 00	0.22	0.22	3.4	3.5	4.9	0.33	-9999.9	3	98	-9999.9	64	-9999.9	3	17.7	3
2025 09 14 01	0.2	0.19	3.1	3.4	5.9	0.33	-9999.9	3	163	-9999.9	68	-9999.9	3	18.2	3
2025 09 14 02	0.24	0.22	3.1	3.3	4.5	0.39	-9999.9	3	161	-9999.9	60	-9999.9	3	17.5	3
2025 09 14 03	0.21	0.2	2.9	3.2	5.9	0.39	-9999.9	3	176	-9999.9	54	-9999.9	3	17.5	3
2025 09 14 04	0.29	0.27	3.0	3.1	4.7	0.46	-9999.9	3	221	-9999.9	39	-9999.9	3	17.8	3
2025 09 14 05	0.29	0.28	3.1	3.1	4.4	0.44	-9999.9	3	225	-9999.9	35	-9999.9	3	17.6	3
2025 09 14 06	0.38	0.36	3.0	3.1	4.2	0.57	-9999.9	3	227	-9999.9	33	-9999.9	3	17.5	3
2025 09 14 07	0.34	0.32	2.6	2.8	7.5	0.56	-9999.9	3	211	-9999.9	43	-9999.9	3	17.7	3
2025 09 14 08	0.31	0.29	3.2	3.3	5.1	0.43	-9999.9	3	175	-9999.9	50	-9999.9	3	17.5	3
2025 09 14 09	0.48	0.46	3.9	4.0	5.4	0.7	-9999.9	3	187	-9999.9	48	-9999.9	3	17.7	3
2025 09 14 10	0.48	0.46	3.7	3.8	5.1	0.73	-9999.9	3	180	-9999.9	51	-9999.9	3	17.4	3
2025 09 14 11	0.58	0.55	3.7	3.8	6.6	0.91	-9999.9	3	196	-9999.9	41	-9999.9	3	17.5	3
2025 09 14 12	0.4	0.37	3.7	3.7	5.0	0.62	-9999.9	3	162	-9999.9	61	-9999.9	3	18.6	3
2025 09 14 13	0.4	0.39	3.8	4.0	5.4	0.63	-9999.9	3	195	-9999.9	54	-9999.9	3	18.3	3
2025 09 14 14	0.36	0.33	4.1	4.2	9.5	0.69	-9999.9	3	190	-9999.9	51	-9999.9	3	17.9	3
2025 09 14 15	0.32	0.29	3.7	3.8	7.5	0.66	-9999.9	3	172	-9999.9	58	-9999.9	3	17.8	3
2025 09 14 16	0.26	0.24	3.3	3.5	6.0	0.35	-9999.9	3	151	-9999.9	63	-9999.9	3	18.9	3
2025 09 14 17	0.33	0.31	4.2	4.4	5.9	0.53	-9999.9	3	212	-9999.9	53	-9999.9	3	18.8	3
2025 09 14 18	0.35	0.33	4.8	5.0	9.0	0.59	-9999.9	3	200	-9999.9	44	-9999.9	3	18.0	3
2025 09 14 19	0.28	0.27	4.0	4.1	5.2	0.41	-9999.9	3	142	-9999.9	61	-9999.9	3	18.4	3
2025 09 14 20	0.32	0.3	3.2	3.3	5.2	0.61	-9999.9	3	109	-9999.9	54	-9999.9	3	19.2	3
2025 09 14 21	0.44	0.41	3.4	3.6	5.0	0.66	-9999.9	3	162	-9999.9	53	-9999.9	3	16.6	3
2025 09 14 22	0.39	0.38	3.6	3.8	4.6	0.68	-9999.9	3	118	-9999.9	61	-9999.9	3	16.6	3
2025 09 14 23	0.41	0.39	3.0	3.3	4.3	0.67	-9999.9	3	98	-9999.9	53	-9999.9	3	16.4	3
2025 09 15 00	0.5	0.48	3.0	3.1	4.1	0.74	-9999.9	3	93	-9999.9	46	-9999.9	3	16.7	3
2025 09 15 01	0.72	0.7	3.5	3.6	4.5	1.14	-9999.9	3	71	-9999.9	37	-9999.9	3	16.7	3
2025 09 15 02	0.76	0.74	3.5	3.4	4.1	1.23	-9999.9	3	69	-9999.9	33	-9999.9	3	18.8	3
2025 09 15 03	0.53	0.5	2.6	2.7	3.6	1.01	-9999.9	3	72	-9999.9	39	-9999.9	3	18.3	3
2025 09 15 04	0.56	0.54	2.4	2.5	3.1	0.95	-9999.9	3	83	-9999.9	35	-9999.9	3	18.4	3
2025 09 15 05	0.57	0.56	2.2	2.4	2.9	0.86	-9999.9	3	87	-9999.9	39	-9999.9	3	18.2	3
2025 09 15 06	0.61	0.59	2.6	2.6	3.3	0.91	-9999.9	3	79	-9999.9	35	-9999.9	3	18.7	3
2025 09 15 07	0.61	0.57	2.7	2.9	4.2	1.05	-9999.9	3	81	-9999.9	40	-9999.9	3	18.8	3
2025 09 15 08	0.54	0.52	2.7	2.9	3.7	0.87	-9999.9	3	75	-9999.9	33	-9999.9	3	18.6	3
2025 09 15 09	0.6	0.57	3.8	3.9	4.2	0.94	-9999.9	3	56	-9999.9	47	-9999.9	3	18.6	3
2025 09 15 10	0.57	0.54	3.7	3.8	6.9	0.97	-9999.9	3	74	-9999.9	38	-9999.9	3	18.1	3
2025 09 15 11	0.47	0.45	3.4	3.4	5.0	0.76	-9999.9	3	76	-9999.9	43	-9999.9	3	18.0	3
2025 09 15 12	0.71	0.69	4.0	4.0	5.2	1.18	-9999.9	3	68	-9999.9	34	-9999.9	3	18.1	3
2025 09 15 13	0.67	0.64	3.9	3.9	4.7	1.17	-9999.9	3	67	-9999.9	39	-9999.9	3	18.6	3
2025 09 15 14	0.68	0.66	4.0	3.9	4.6	1.03	-9999.9	3	67	-9999.9	39	-9999.9	3	18.9	3
2025 09 15 15	0.65	0.62	3.5	3.5	4.5	1.29	-9999.9	3	71	-9999.9	31	-9999.9	3	18.9	3
2025 09 15 16	0.67	0.65	3.1	3.1	3.8	1.06	-9999.9	3	67	-9999.9	28	-9999.9	3	18.8	3
2025 09 15 17	0.52	0.49	2.5	2.5	2.7	0.94	-9999.9	3	82	-9999.9	44	-9999.9	3	18.7	3
2025 09 15 18	0.53	0.5	2.4	2.6	3.2	0.87	-9999.9	3	89	-9999.9	41	-9999.9	3	18.8	3
2025 09 15 19	0.58	0.56	2.6	2.7	2.9	1.01	-9999.9	3	84	-9999.9	31	-9999.9	3	18.7	3
2025 09 15 20	0.62	0.59	2.7	2.8	3.1	1.04	-9999.9	3	78	-9999.9	33	-9999.9	3	18.8	3
2025 09 15 21	0.63	0.61	2.9	2.9	3.3	0.94	-9999.9	3	84	-9999.9	35	-9999.9	3	18.8	3
2025 09 15 22	0.59	0.56	2.8	2.9	3.4	1.16	-9999.9	3	80	-9999.9	37	-9999.9	3	18.6	3
2025 09 15 23	0.47	0.45	2.6	2.8	3.3	0.73	-9999.9	3	72	-9999.9	46	-9999.9	3	18.2	3
2025 09 16 00	0.41	0.4	2.6	2.8	3.2	0.66	-9999.9	3	73	-9999.9	47	-9999.9	3	17.5	3
2025 09 16 01	0.42	0.39	2.2	2.5	2.5	0.62	-9999.9	3	91	-9999.9	52	-9999.9	3	17.9	3
2025 09 16 02	0.46	0.43	2.2	2.5	2.1	0.78	-9999.9	3	95	-9999.9	54	-9999.9	3	18.2	3
2025 09 16 03	-9999.9	-9999.9	-9999.9	-9999.9	-9999.9	-9999.9	-9999.9	3	-9999.9	-9999.9	-9999.9	-9999.9	3	18.2	3
2025 09 16 04	0.34	0.33	3.0	3.1	7.2	0.53	-9999.9	3	150	-9999.9	62	-9999.9	3	18.2	3
2025 09 16 05	0.44	0.42	2.4	2.5	3.2	0.75	-9999.9	3	76	-9999.9	41	-9999.9	3	18.2	3
2025 09 16 06	0.53	0.51	2.5	2.6	3.1	0.95	-9999.9	3	73	-9999.9	34	-9999.9	3	18.6	3
2025 09 16 07	0.64	0.62	2.6	2.7	3.1	1.03	-9999.9	3	69	-9999.9	31	-9999.9	3	18.9	3
2025 09 16 08	0.61	0.59	2.6	2.7	3.2	1.2	-9999.9	3	72	-9999.9	34	-9999.9	3	18.8	3
2025 09 16 09	0.62	0.6	2.8	2.9	3.3	1.02	-9999.9	3	77	-9999.9	34	-9999.9	3	18.8	3
2025 09 16 10	0.61	0.59	3.5	3.4	3.8	1.05	-9999.9	3	68	-9999.9	31	-9999.9	3	18.6	3
2025 09 16 11	0.53	0.51	3.0	3.0	3.7	0.84	-9999.9	3	52	-9999.9	31	-9999.9	3	18.2	3
2025 09 16 12	0.58	0.56	3.2	3.2	4.3	0.9	-9999.9	3	65	-9999.9	32	-9999.9	3	18.1	3
2025 09 16 13	0.63	0.6	3.2	3.4	4.6	1.02	-9999.9	3	70	-9999.9	35	-9999.9	3	18.2	3
2025 09 16 14	0.79	0.75	3.8	4.0	4.7	1.65	-9999.9	3	67	-9999.9	39	-9999.9	3	18.2	3
2025 09 16 15	0.77	0.74	3.8	3.8	4.7	1.28	-9999.9	3	71	-9999.9	34	-9999.9	3	18.8	3
2025 09 16 16	0.69	0.67	3.4	3.5	4.5	1.16	-9999.9	3	71	-9999.9	30	-9999.9	3	18.9	3
2025 09 16 17	0.77	0.73	3.2	3.3	4.3	1.14	-9999.9	3	74	-9999.9	30	-9999.9	3	19.0	3
2025 09 16 18	0.69	0.66	2.8	3.0	4.0	1.39	-9999.9	3	84	-9999.9	35	-9999.9	3	19.1	3
2025 09 16 19	0.61	0.59	2.6	2.7	3.3	0.89	-9999.9	3	91	-9999.9	39	-9999.9	3	19.1	3
2025 09 16 20	0.62	0.59	2.7	2.8	3.7	0.94	-9999.9	3	83	-9999.9	36	-9999.9	3	19.3	3
2025 09 16 21	0.77	0.74	3.0	3.0	3.7	1.26	-9999.9	3	85	-9999.9	33	-9999.9	3	19.3	3
2025 09 16 22	0.75	0.72	3.0	3.1	3.7	1.24	-9999.9	3	80	-9999.9	35	-9999.9	3	19.3	3
2025 09 16 23	0.79	0.76	3.1	3.2	3.7	1.38	-9999.9	3	84	-9999.9	32	-9999.9	3	19.2	3
2025 09 17 00	0.8	0.76	3.2	3.2	3.7	1.08	-9999.9	3	82	-9999.9	33	-9999.9	3	19.1	3
2025 09 17 01	0.91	0.87	3.0	3.1	3.6	1.6	-9999.9	3	86	-9999.9	33	-9999.9	3	19.0	3
2025 09 17 02	0.68	0.65	2.7	2.8	3.6	1.0	-9999.9	3	86	-9999.9	47	-9999.9	3	18.6	3
2025 09 17 03	0.6	0.57	2.3	2.6	2.9	1.05	-9999.9	3	88	-9999.9	47	-9999.9	3	18.8	3
2025 09 17 04	0.53	0.49	2.3	2.5	3.1	0.73	-9999.9	3	112	-9999.9	54	-9999.9	3	18.7	3
2025 09 17 06	0.43	0.42	2.2	2.4	2.7	0.7	-9999.9	3	74	-9999.9	49	-9999.9	3	18.2	3
2025 09 17 07	0.51	0.49	2.4	2.5	3.0	0.76	-9999.9	3	78	-9999.9	38	-9999.9	3	18.3	3
2025 09 17 08	0.52	0.49	2.4	2.6	3.0	0.86	-9999.9	3	86	-9999.9	42	-9999.9	3	18.5	3
2025 09 17 09	0.61	0.57	2.6	2.8	3.9	0.92	-9999.9	3	93	-9999.9	36	-9999.9	3	18.5	3
2025 09 17 10	0.62	0.58	2.9	3.0	5.6	1.17	-9999.9	3	95	-9999.9	39	-9999.9	3	18.5	3
2025 09 17 11	0.63	0.6	3.0	3.0	3.6	1.02	-9999.9	3	78	-9999.9	30	-9999.9	3	18.5	3
2025 09 17 12	0.45	0.43	3.0	3.1	3.7	0.97	-9999.9	3	61	-9999.9	43	-9999.9	3	18.3	3
2025 09 17 13	0.58	0.54	3.1	3.2	7.9	1.07	-9999.9	3	64	-9999.9	40	-9999.9	3	18.4	3
2025 09 17 14	0.59	0.56	3.4	3.4	8.1	0.97	-9999.9	3	88	-9999.9	37	-9999.9	3	18.3	3
2025 09 17 15	0.54	0.51	2.9	3.0	3.9	0.85	-9999.9	3	72	-9999.9	40	-9999.9	3	18.1	3
2025 09 17 16	0.62	0.59	3.3	3.4	4.5	0.92	-9999.9	3	58	-9999.9	34	-9999.9	3	18.7	3
2025 09 17 17	0.65	0.61	3.3	3.4	7.0	1.07	-9999.9	3	71	-9999.9	41	-9999.9	3	18.2	3
2025 09 17 18	0.77	0.72	3.3	3.4	4.1	1.62	-9999.9	3	76	-9999.9	30	-9999.9	3	18.8	3
2025 09 17 19	0.69	0.67	3.0	3.1	4.2	1.12	-9999.9	3	74	-9999.9	34	-9999.9	3	19.3	3
2025 09 17 20	0.66	0.64	2.7	2.8	3.5	1.02	-9999.9	3	86	-9999.9	37	-9999.9	3	19.5	3
2025 09 17 21	0.62	0.6	2.8	2.9	3.6	1.04	-9999.9	3	82	-9999.9	36	-9999.9	3	19.5	3
2025 09 17 22	0.66	0.64	2.8	2.9	3.5	1.02	-9999.9	3	83	-9999.9	35	-9999.9	3	19.4	3
2025 09 17 23	0.64	0.62	2.9	2.9	3.5	1.13	-9999.9	3	82	-9999.9	35	-9999.9	3	19.3	3
2025 09 18 00	0.65	0.63	3.1	3.0	3.7	1.04	-9999.9	3	83	-9999.9	31	-9999.9	3	19.3	3
2025 09 18 01	0.54	0.51	2.8	3.0	3.6	0.98	-9999.9	3	70	-9999.9	34	-9999.9	3	18.3	3
2025 09 18 02	0.45	0.43	2.8	2.9	3.4	0.61	-9999.9	3	74	-9999.9	38	-9999.9	3	18.1	3
2025 09 18 03	0.66	0.63	4.1	4.1	4.5	0.98	-9999.9	3	78	-9999.9	46	-9999.9	3	18.9	3
2025 09 18 04	0.43	0.4	2.8	3.0	3.9	0.7	-9999.9	3	78	-9999.9	43	-9999.9	3	18.1	3
2025 09 18 05	0.42	0.4	2.6	2.8	3.7	0.68	-9999.9	3	74	-9999.9	41	-9999.9	3	18.0	3
2025 09 18 06	0.39	0.38	2.5	2.6	3.2	0.68	-9999.9	3	60	-9999.9	39	-9999.9	3	18.0	3
2025 09 18 07	0.32	0.32	2.1	2.3	1.9	0.6	-9999.9	3	75	-9999.9	43	-9999.9	3	18.5	3
2025 09 18 08	0.35	0.34	2.2	2.4	2.4	0.68	-9999.9	3	84	-9999.9	46	-9999.9	3	18.6	3
2025 09 18 09	0.5	0.46	2.3	2.6	7.6	0.93	-9999.9	3	114	-9999.9	45	-9999.9	3	18.6	3
2025 09 18 10	0.4	0.38	2.3	2.5	9.3	0.63	-9999.9	3	107	-9999.9	50	-9999.9	3	18.5	3
2025 09 18 11	0.54	0.5	2.4	2.5	3.9	0.84	-9999.9	3	88	-9999.9	44	-9999.9	3	18.5	3
2025 09 18 12	0.61	0.57	2.8	2.9	3.3	1.11	-9999.9	3	90	-9999.9	33	-9999.9	3	18.6	3
2025 09 18 13	0.45	0.44	3.0	3.0	4.0	0.81	-9999.9	3	75	-9999.9	45	-9999.9	3	17.7	3
2025 09 18 14	0.45	0.41	2.8	3.0	7.8	0.72	-9999.9	3	60	-9999.9	37	-9999.9	3	18.0	3
2025 09 18 15	0.6	0.57	3.3	3.3	4.6	0.93	-9999.9	3	82	-9999.9	38	-9999.9	3	18.1	3
2025 09 18 16	0.64	0.6	3.6	3.6	4.6	0.93	-9999.9	3	65	-9999.9	42	-9999.9	3	18.3	3
2025 09 18 17	0.65	0.62	3.3	3.4	5.2	1.12	-9999.9	3	71	-9999.9	38	-9999.9	3	19.1	3
2025 09 18 18	0.71	0.67	3.6	3.6	4.4	1.24	-9999.9	3	65	-9999.9	34	-9999.9	3	19.5	3
2025 09 18 19	0.72	0.7	3.2	3.2	3.6	1.29	-9999.9	3	71	-9999.9	30	-9999.9	3	19.8	3
2025 09 18 20	0.69	0.66	3.0	3.0	3.8	1.04	-9999.9	3	79	-9999.9	34	-9999.9	3	20.5	3
2025 09 18 21	0.56	0.54	2.6	2.7	3.1	0.9	-9999.9	3	83	-9999.9	39	-9999.9	3	20.5	3
2025 09 18 22	0.63	0.61	2.9	2.9	3.3	1.04	-9999.9	3	81	-9999.9	33	-9999.9	3	20.9	3
2025 09 18 23	0.63	0.6	2.8	2.9	3.2	1.1	-9999.9	3	87	-9999.9	33	-9999.9	3	20.7	3
2025 09 19 00	0.69	0.67	3.0	3.1	3.5	1.3	-9999.9	3	85	-9999.9	31	-9999.9	3	20.7	3
2025 09 19 01	0.58	0.56	2.8	2.9	3.4	0.97	-9999.9	3	84	-9999.9	36	-9999.9	3	20.3	3
2025 09 19 02	0.5	0.48	2.8	2.9	3.4	1.08	-9999.9	3	66	-9999.9	37	-9999.9	3	18.7	3
2025 09 19 03	0.53	0.51	2.6	2.8	3.3	0.83	-9999.9	3	62	-9999.9	36	-9999.9	3	18.1	3
2025 09 19 04	0.65	0.61	3.5	3.6	4.5	1.09	-9999.9	3	67	-9999.9	36	-9999.9	3	19.0	3
2025 09 19 05	0.59	0.56	3.1	3.2	4.1	0.97	-9999.9	3	71	-9999.9	35	-9999.9	3	19.1	3
2025 09 19 06	0.56	0.52	2.7	3.0	3.9	0.96	-9999.9	3	71	-9999.9	40	-9999.9	3	18.9	3
2025 09 19 07	0.47	0.45	2.5	2.6	3.3	0.79	-9999.9	3	62	-9999.9	42	-9999.9	3	19.2	3
2025 09 19 08	0.51	0.49	2.3	2.5	2.9	0.93	-9999.9	3	76	-9999.9	45	-9999.9	3	19.7	3
2025 09 19 09	0.61	0.56	2.5	2.6	6.9	0.99	-9999.9	3	87	-9999.9	43	-9999.9	3	19.4	3
2025 09 19 10	0.69	0.63	2.6	2.7	6.3	1.11	-9999.9	3	97	-9999.9	42	-9999.9	3	19.4	3
2025 09 19 11	0.73	0.7	2.5	2.6	3.0	1.27	-9999.9	3	90	-9999.9	36	-9999.9	3	19.4	3
2025 09 19 12	0.78	0.75	2.6	2.8	3.3	1.3	-9999.9	3	80	-9999.9	32	-9999.9	3	19.3	3
2025 09 19 13	0.74	0.71	3.0	3.1	3.7	1.16	-9999.9	3	89	-9999.9	34	-9999.9	3	19.3	3
2025 09 19 14	0.7	0.68	3.1	3.2	3.9	1.03	-9999.9	3	68	-9999.9	39	-9999.9	3	19.5	3
2025 09 19 15	0.51	0.47	2.5	2.6	2.7	0.75	-9999.9	3	67	-9999.9	44	-9999.9	3	18.4	3
2025 09 19 16	0.6	0.57	2.9	3.0	5.0	0.91	-9999.9	3	68	-9999.9	39	-9999.9	3	18.7	3
2025 09 19 17	0.66	0.61	3.4	3.6	5.6	1.2	-9999.9	3	62	-9999.9	40	-9999.9	3	18.9	3
2025 09 19 18	0.64	0.6	3.1	3.3	5.8	1.35	-9999.9	3	72	-9999.9	46	-9999.9	3	19.0	3
2025 09 19 19	0.81	0.79	3.5	3.5	5.1	1.37	-9999.9	3	76	-9999.9	28	-9999.9	3	19.8	3
2025 09 19 20	0.88	0.85	3.5	3.5	5.1	1.34	-9999.9	3	79	-9999.9	33	-9999.9	3	20.1	3
2025 09 19 21	0.77	0.74	3.0	3.1	4.9	1.27	-9999.9	3	88	-9999.9	39	-9999.9	3	19.6	3
2025 09 19 22	0.74	0.69	2.8	3.0	5.5	1.18	-9999.9	3	85	-9999.9	38	-9999.9	3	19.9	3
2025 09 19 23	0.66	0.63	2.8	2.9	4.6	1.16	-9999.9	3	83	-9999.9	39	-9999.9	3	19.9	3
2025 09 20 00	0.78	0.75	3.2	3.1	3.7	1.11	-9999.9	3	87	-9999.9	35	-9999.9	3	19.7	3
2025 09 20 01	0.76	0.73	3.0	3.1	3.6	1.15	-9999.9	3	91	-9999.9	34	-9999.9	3	19.5	3
2025 09 20 02	0.74	0.69	3.0	3.1	3.7	1.16	-9999.9	3	84	-9999.9	35	-9999.9	3	19.7	3
2025 09 20 03	0.7	0.68	2.8	3.0	3.6	1.36	-9999.9	3	78	-9999.9	38	-9999.9	3	19.6	3
2025 09 20 04	0.64	0.61	2.7	2.8	4.1	1.05	-9999.9	3	104	-9999.9	56	-9999.9	3	19.4	3
2025 09 20 05	0.55	0.53	3.0	3.2	4.9	0.93	-9999.9	3	81	-9999.9	49	-9999.9	3	19.0	3
2025 09 20 06	0.56	0.52	2.6	2.8	6.4	0.85	-9999.9	3	85	-9999.9	54	-9999.9	3	18.9	3
2025 09 20 07	0.48	0.46	2.4	2.5	2.6	0.77	-9999.9	3	62	-9999.9	47	-9999.9	3	19.2	3
2025 09 20 08	-9999.9	-9999.9	-9999.9	-9999.9	-9999.9	-9999.9	-9999.9	3	-9999.9	-9999.9	-9999.9	-9999.9	3	19.5	3
2025 09 20 09	0.58	0.54	2.5	2.7	4.5	0.82	-9999.9	3	100	-9999.9	47	-9999.9	3	19.3	3
2025 09 20 10	0.67	0.61	2.5	2.7	4.4	1.19	-9999.9	3	100	-9999.9	42	-9999.9	3	19.3	3
2025 09 20 11	0.63	0.59	2.5	2.6	2.7	1.15	-9999.9	3	109	-9999.9	44	-9999.9	3	19.6	3
2025 09 20 12	0.59	0.56	2.5	2.7	3.0	1.06	-9999.9	3	91	-9999.9	42	-9999.9	3	19.6	3
2025 09 20 13	0.64	0.61	2.9	2.9	3.2	1.01	-9999.9	3	84	-9999.9	34	-9999.9	3	19.5	3
2025 09 20 14	0.69	0.64	3.2	3.3	3.5	1.07	-9999.9	3	81	-9999.9	34	-9999.9	3	19.6	3
2025 09 20 15	0.59	0.55	2.8	3.2	4.7	1.01	-9999.9	3	110	-9999.9	59	-9999.9	3	19.4	3
2025 09 20 16	0.46	0.42	2.5	2.6	2.7	0.68	-9999.9	3	75	-9999.9	43	-9999.9	3	19.0	3
2025 09 20 17	0.53	0.48	2.7	3.0	8.3	0.75	-9999.9	3	145	-9999.9	49	-9999.9	3	19.2	3
2025 09 20 18	0.45	0.41	3.1	3.4	8.9	0.82	-9999.9	3	69	-9999.9	49	-9999.9	3	19.3	3
2025 09 20 19	0.36	0.33	2.9	3.3	7.4	0.51	-9999.9	3	134	-9999.9	51	-9999.9	3	19.0	3
2025 09 20 20	0.4	0.38	2.6	3.1	5.6	0.7	-9999.9	3	92	-9999.9	52	-9999.9	3	19.1	3
2025 09 20 21	0.5	0.47	2.8	3.0	5.1	0.81	-9999.9	3	84	-9999.9	36	-9999.9	3	19.8	3
2025 09 20 22	0.52	0.48	2.7	2.9	5.5	0.78	-9999.9	3	92	-9999.9	41	-9999.9	3	19.9	3
2025 09 20 23	0.38	0.36	2.8	3.1	5.5	0.67	-9999.9	3	96	-9999.9	44	-9999.9	3	20.1	3
2025 09 21 00	0.39	0.36	3.1	3.2	5.5	0.6	-9999.9	3	92	-9999.9	37	-9999.9	3	20.2	3
2025 09 21 01	0.4	0.38	3.4	3.5	5.9	0.62	-9999.9	3	96	-9999.9	37	-9999.9	3	19.9	3
2025 09 21 02	0.32	0.3	4.0	4.0	6.3	0.49	-9999.9	3	108	-9999.9	46	-9999.9	3	18.4	3
2025 09 21 03	0.29	0.28	4.4	4.4	7.5	0.5	-9999.9	3	132	-9999.9	54	-9999.9	3	18.7	3
2025 09 21 04	0.36	0.34	5.5	5.4	6.0	0.59	-9999.9	3	87	-9999.9	52	-9999.9	3	18.8	3
2025 09 21 05	0.36	0.35	5.5	5.5	5.6	0.57	-9999.9	3	80	-9999.9	47	-9999.9	3	19.8	3
2025 09 21 06	0.47	0.45	4.5	4.5	4.9	0.95	-9999.9	3	99	-9999.9	42	-9999.9	3	19.6	3
2025 09 21 07	0.28	0.25	4.1	4.3	6.4	0.44	-9999.9	3	73	-9999.9	47	-9999.9	3	19.2	3
2025 09 21 08	0.21	0.2	3.8	4.2	8.1	0.42	-9999.9	3	186	-9999.9	55	-9999.9	3	18.9	3
2025 09 21 09	0.29	0.28	4.1	4.3	8.1	0.48	-9999.9	3	204	-9999.9	40	-9999.9	3	18.4	3
2025 09 21 10	0.35	0.34	4.5	4.5	8.7	0.56	-9999.9	3	199	-9999.9	37	-9999.9	3	18.8	3
2025 09 21 11	0.31	0.29	2.9	3.1	6.2	0.6	-9999.9	3	230	-9999.9	50	-9999.9	3	18.8	3
2025 09 21 12	0.45	0.42	3.5	3.6	5.8	0.68	-9999.9	3	238	-9999.9	35	-9999.9	3	18.9	3
2025 09 21 13	0.61	0.61	3.5	3.6	5.6	0.97	-9999.9	3	225	-9999.9	32	-9999.9	3	19.1	3
2025 09 21 14	0.61	0.57	2.9	3.2	5.7	1.06	-9999.9	3	219	-9999.9	41	-9999.9	3	18.8	3
2025 09 21 15	0.59	0.55	4.7	4.5	6.1	1.09	-9999.9	3	179	-9999.9	56	-9999.9	3	18.5	3
2025 09 21 17	0.62	0.59	4.3	4.3	5.6	0.97	-9999.9	3	173	-9999.9	49	-9999.9	3	19.0	3
2025 09 21 18	0.59	0.55	3.9	3.9	5.2	0.88	-9999.9	3	131	-9999.9	54	-9999.9	3	18.9	3
2025 09 21 19	0.47	0.45	3.8	4.0	5.7	0.74	-9999.9	3	171	-9999.9	63	-9999.9	3	19.0	3
2025 09 21 20	0.46	0.43	2.8	3.0	5.1	0.7	-9999.9	3	200	-9999.9	51	-9999.9	3	19.0	3
2025 09 21 21	0.39	0.37	2.7	3.0	4.9	0.65	-9999.9	3	200	-9999.9	53	-9999.9	3	18.9	3
2025 09 21 22	0.46	0.43	2.6	2.7	3.0	0.7	-9999.9	3	205	-9999.9	43	-9999.9	3	18.7	3
2025 09 21 23	0.47	0.45	2.7	2.7	2.7	0.74	-9999.9	3	214	-9999.9	39	-9999.9	3	18.7	3
2025 09 22 00	0.5	0.47	2.7	2.8	2.9	0.76	-9999.9	3	216	-9999.9	34	-9999.9	3	18.7	3
2025 09 22 01	0.4	0.39	3.2	3.3	5.7	0.71	-9999.9	3	206	-9999.9	40	-9999.9	3	19.1	3
2025 09 22 02	0.42	0.39	3.6	3.6	4.8	0.74	-9999.9	3	211	-9999.9	38	-9999.9	3	18.5	3
2025 09 22 03	0.51	0.48	3.9	3.9	6.8	0.8	-9999.9	3	199	-9999.9	43	-9999.9	3	17.2	3
2025 09 22 04	0.47	0.46	5.2	5.3	6.4	0.77	-9999.9	3	154	-9999.9	63	-9999.9	3	-9999.9	-9999.9
2025 09 22 05	0.64	0.62	5.1	5.0	6.1	1.12	-9999.9	3	192	-9999.9	55	-9999.9	3	18.7	3
2025 09 22 06	0.66	0.64	4.6	4.5	5.6	0.99	-9999.9	3	180	-9999.9	55	-9999.9	3	18.8	3
2025 09 22 07	0.53	0.51	4.2	4.1	5.2	0.9	-9999.9	3	151	-9999.9	60	-9999.9	3	19.2	3
2025 09 22 08	0.5	0.47	3.4	3.6	5.6	0.77	-9999.9	3	196	-9999.9	55	-9999.9	3	19.1	3
2025 09 22 09	0.43	0.42	3.5	3.7	7.2	0.72	-9999.9	3	200	-9999.9	49	-9999.9	3	18.5	3
2025 09 22 10	0.42	0.37	3.0	3.3	7.8	0.68	-9999.9	3	217	-9999.9	46	-9999.9	3	18.3	3
2025 09 22 11	0.4	0.37	2.7	2.9	6.0	0.61	-9999.9	3	209	-9999.9	41	-9999.9	3	18.3	3
2025 09 22 12	0.43	0.4	2.5	2.7	4.9	0.72	-9999.9	3	219	-9999.9	40	-9999.9	3	18.6	3
2025 09 22 13	0.45	0.43	2.5	2.8	4.3	0.87	-9999.9	3	222	-9999.9	45	-9999.9	3	19.2	3
2025 09 22 14	0.44	0.4	3.0	3.4	6.9	0.6	-9999.9	3	217	-9999.9	41	-9999.9	3	19.0	3
2025 09 22 15	0.46	0.43	3.1	3.3	6.4	0.86	-9999.9	3	192	-9999.9	46	-9999.9	3	18.0	3
2025 09 22 16	-9999.9	-9999.9	-9999.9	-9999.9	-9999.9	-9999.9	-9999.9	3	-9999.9	-9999.9	-9999.9	-9999.9	3	18.4	3
2025 09 22 17	0.42	0.39	4.2	4.2	5.5	0.64	-9999.9	3	194	-9999.9	58	-9999.9	3	18.6	3
2025 09 22 18	0.49	0.46	3.8	3.7	5.0	0.75	-9999.9	3	168	-9999.9	56	-9999.9	3	19.1	3
2025 09 22 19	0.41	0.37	3.5	3.6	11.1	0.7	-9999.9	3	168	-9999.9	67	-9999.9	3	18.5	3
2025 09 22 20	0.33	0.31	3.2	3.3	4.7	0.48	-9999.9	3	185	-9999.9	63	-9999.9	3	18.6	3
2025 09 22 21	0.37	0.35	3.2	3.4	5.4	0.54	-9999.9	3	208	-9999.9	47	-9999.9	3	18.6	3
2025 09 22 22	0.26	0.24	3.7	4.0	6.9	0.37	-9999.9	3	168	-9999.9	62	-9999.9	3	19.5	3
2025 09 22 23	0.3	0.28	3.5	3.7	5.0	0.44	-9999.9	3	164	-9999.9	52	-9999.9	3	18.6	3
2025 09 23 00	0.23	0.22	3.7	4.2	7.4	0.36	-9999.9	3	193	-9999.9	51	-9999.9	3	18.6	3
2025 09 23 01	0.25	0.23	3.9	4.0	7.3	0.39	-9999.9	3	203	-9999.9	46	-9999.9	3	18.8	3
2025 09 23 02	0.26	0.25	4.2	4.3	5.6	0.49	-9999.9	3	211	-9999.9	44	-9999.9	3	18.6	3
2025 09 23 03	0.3	0.28	4.2	4.2	4.7	0.57	-9999.9	3	171	-9999.9	54	-9999.9	3	17.7	3
2025 09 23 04	0.34	0.33	3.3	3.5	5.5	0.54	-9999.9	3	188	-9999.9	44	-9999.9	3	17.6	3
2025 09 23 05	0.28	0.26	4.2	4.3	4.9	0.42	-9999.9	3	170	-9999.9	63	-9999.9	3	18.0	3
2025 09 23 06	0.36	0.33	4.5	4.4	7.4	0.62	-9999.9	3	178	-9999.9	64	-9999.9	3	18.3	3
2025 09 23 07	0.34	0.32	2.8	3.0	4.1	0.48	-9999.9	3	154	-9999.9	65	-9999.9	3	18.7	3
2025 09 23 08	0.33	0.31	3.6	3.9	6.8	0.75	-9999.9	3	195	-9999.9	47	-9999.9	3	18.2	3
2025 09 23 09	0.26	0.25	3.4	3.5	7.2	0.42	-9999.9	3	172	-9999.9	62	-9999.9	3	19.1	3
2025 09 23 10	0.27	0.25	2.9	3.3	10.0	0.42	-9999.9	3	192	-9999.9	53	-9999.9	3	18.9	3
2025 09 23 11	0.28	0.25	3.2	3.6	8.7	0.48	-9999.9	3	184	-9999.9	47	-9999.9	3	18.7	3
2025 09 23 12	0.22	0.21	2.5	2.8	6.2	0.39	-9999.9	3	192	-9999.9	57	-9999.9	3	18.6	3
2025 09 23 13	0.3	0.28	2.8	3.2	5.9	0.64	-9999.9	3	198	-9999.9	49	-9999.9	3	19.1	3
2025 09 23 14	0.33	0.3	3.2	3.9	7.0	0.54	-9999.9	3	211	-9999.9	38	-9999.9	3	19.0	3
2025 09 23 15	0.32	0.3	3.5	3.8	7.7	0.55	-9999.9	3	210	-9999.9	47	-9999.9	3	18.1	3
2025 09 23 16	0.4	0.38	3.5	3.7	6.8	0.69	-9999.9	3	197	-9999.9	45	-9999.9	3	17.5	3
2025 09 23 17	0.35	0.31	4.5	4.5	6.5	0.52	-9999.9	3	170	-9999.9	65	-9999.9	3	18.3	3
2025 09 23 18	0.46	0.42	4.7	4.4	8.5	0.68	-9999.9	3	169	-9999.9	60	-9999.9	3	18.5	3
2025 09 23 19	0.41	0.39	3.7	3.7	7.1	0.58	-9999.9	3	129	-9999.9	64	-9999.9	3	19.0	3
2025 09 23 20	0.35	0.33	3.4	3.7	8.0	0.6	-9999.9	3	130	-9999.9	61	-9999.9	3	18.3	3
2025 09 23 21	0.29	0.27	3.0	3.2	4.7	0.49	-9999.9	3	122	-9999.9	57	-9999.9	3	18.5	3
2025 09 23 22	0.27	0.25	3.6	3.8	6.3	0.44	-9999.9	3	91	-9999.9	46	-9999.9	3	18.9	3
2025 09 23 23	0.31	0.3	4.1	4.1	5.4	0.46	-9999.9	3	93	-9999.9	44	-9999.9	3	20.6	3
2025 09 24 00	0.51	0.48	3.1	3.1	3.2	0.87	-9999.9	3	80	-9999.9	34	-9999.9	3	20.7	3
2025 09 24 01	0.44	0.43	2.8	2.7	2.8	0.96	-9999.9	3	75	-9999.9	32	-9999.9	3	20.6	3
2025 09 24 02	0.49	0.47	3.0	3.0	3.2	0.79	-9999.9	3	94	-9999.9	35	-9999.9	3	20.2	3
2025 09 24 03	0.48	0.46	3.2	3.2	3.7	0.78	-9999.9	3	79	-9999.9	36	-9999.9	3	19.5	3
2025 09 24 04	0.58	0.56	3.3	3.4	3.6	0.98	-9999.9	3	66	-9999.9	35	-9999.9	3	17.5	3
2025 09 24 05	0.51	0.48	4.3	4.3	4.7	0.83	-9999.9	3	72	-9999.9	52	-9999.9	3	18.1	3
2025 09 24 06	0.54	0.51	4.5	4.5	4.8	0.84	-9999.9	3	73	-9999.9	52	-9999.9	3	18.0	3
2025 09 24 07	0.58	0.55	3.6	3.5	3.9	1.03	-9999.9	3	65	-9999.9	36	-9999.9	3	18.2	3
2025 09 24 08	0.37	0.35	3.1	3.3	4.8	0.6	-9999.9	3	69	-9999.9	49	-9999.9	3	17.7	3
2025 09 24 09	0.43	0.4	4.0	4.0	6.8	0.93	-9999.9	3	110	-9999.9	53	-9999.9	3	18.8	3
2025 09 24 10	0.52	0.48	3.7	3.7	5.2	0.76	-9999.9	3	83	-9999.9	37	-9999.9	3	19.6	3
2025 09 24 11	0.54	0.52	3.1	3.2	4.5	1.16	-9999.9	3	81	-9999.9	31	-9999.9	3	18.8	3
2025 09 24 12	0.62	0.61	2.9	3.0	3.5	1.02	-9999.9	3	77	-9999.9	36	-9999.9	3	19.9	3
2025 09 24 13	0.48	0.46	2.5	2.7	3.6	0.76	-9999.9	3	76	-9999.9	35	-9999.9	3	20.1	3
2025 09 24 14	0.55	0.52	3.1	3.1	3.5	1.02	-9999.9	3	83	-9999.9	28	-9999.9	3	20.7	3
2025 09 24 15	0.6	0.56	3.0	3.2	3.7	0.95	-9999.9	3	92	-9999.9	35	-9999.9	3	19.4	3
2025 09 24 16	0.64	0.6	3.6	3.5	3.8	1.1	-9999.9	3	75	-9999.9	38	-9999.9	3	18.7	3
2025 09 24 18	0.68	0.64	4.5	4.7	5.4	1.3	-9999.9	3	62	-9999.9	42	-9999.9	3	19.2	3
2025 09 24 19	0.9	0.87	4.4	4.4	5.1	1.39	-9999.9	3	85	-9999.9	36	-9999.9	3	18.4	3
2025 09 24 20	0.53	0.5	3.5	3.7	7.9	0.88	-9999.9	3	65	-9999.9	43	-9999.9	3	18.3	3
2025 09 24 21	0.42	0.39	2.8	3.0	4.5	0.8	-9999.9	3	78	-9999.9	49	-9999.9	3	18.2	3
2025 09 24 22	0.56	0.53	3.1	3.2	5.3	0.94	-9999.9	3	76	-9999.9	33	-9999.9	3	19.0	3
2025 09 24 23	0.63	0.6	3.4	3.5	5.6	1.04	-9999.9	3	78	-9999.9	33	-9999.9	3	19.0	3
2025 09 25 00	0.73	0.7	3.2	3.4	5.6	1.16	-9999.9	3	85	-9999.9	37	-9999.9	3	18.7	3
2025 09 25 01	0.66	0.61	2.9	3.0	5.9	1.15	-9999.9	3	81	-9999.9	35	-9999.9	3	19.7	3
2025 09 25 02	0.72	0.69	3.8	3.8	6.4	1.29	-9999.9	3	81	-9999.9	33	-9999.9	3	19.9	3
2025 09 25 03	0.71	0.68	3.7	3.6	5.9	1.36	-9999.9	3	83	-9999.9	31	-9999.9	3	19.5	3
2025 09 25 04	0.81	0.77	4.3	4.3	5.7	1.23	-9999.9	3	83	-9999.9	40	-9999.9	3	19.8	3
2025 09 25 05	0.92	0.87	5.5	5.5	6.5	1.32	-9999.9	3	69	-9999.9	36	-9999.9	3	19.1	3
2025 09 25 06	0.6	0.58	5.5	5.4	6.4	1.13	-9999.9	3	81	-9999.9	48	-9999.9	3	18.3	3
2025 09 25 07	0.97	0.94	5.2	5.2	6.3	1.69	-9999.9	3	73	-9999.9	40	-9999.9	3	18.1	3
2025 09 25 08	0.8	0.75	4.6	4.6	6.7	1.42	-9999.9	3	65	-9999.9	39	-9999.9	3	18.0	3
2025 09 25 09	0.58	0.54	3.7	3.8	7.0	0.88	-9999.9	3	68	-9999.9	46	-9999.9	3	17.8	3
2025 09 25 10	0.62	0.58	3.8	3.8	6.6	0.95	-9999.9	3	81	-9999.9	34	-9999.9	3	18.8	3
2025 09 25 11	0.77	0.73	4.2	4.4	6.6	1.23	-9999.9	3	84	-9999.9	36	-9999.9	3	18.6	3
2025 09 25 12	0.77	0.74	3.7	3.8	7.0	1.12	-9999.9	3	85	-9999.9	35	-9999.9	3	19.1	3
2025 09 25 13	0.68	0.64	3.5	3.7	7.1	1.3	-9999.9	3	95	-9999.9	42	-9999.9	3	19.0	3
2025 09 25 14	0.84	0.81	4.5	4.7	7.3	1.23	-9999.9	3	103	-9999.9	44	-9999.9	3	18.9	3
2025 09 25 15	0.98	0.93	4.8	4.9	7.5	1.72	-9999.9	3	90	-9999.9	24	-9999.9	3	18.9	3
2025 09 25 16	0.93	0.9	5.2	5.1	7.5	1.35	-9999.9	3	90	-9999.9	28	-9999.9	3	20.0	3
2025 09 25 17	1.16	1.12	5.8	5.8	7.9	1.83	-9999.9	3	81	-9999.9	30	-9999.9	3	18.4	3
2025 09 25 18	1.35	1.3	6.5	6.4	7.8	2.33	-9999.9	3	75	-9999.9	34	-9999.9	3	19.0	3
2025 09 25 19	1.19	1.18	7.0	6.9	8.2	1.92	-9999.9	3	75	-9999.9	34	-9999.9	3	18.9	3
2025 09 25 20	1.14	1.09	5.5	5.5	7.8	1.63	-9999.9	3	78	-9999.9	30	-9999.9	3	18.1	3
2025 09 25 21	0.85	0.8	4.3	4.5	7.9	1.34	-9999.9	3	74	-9999.9	32	-9999.9	3	18.3	3
2025 09 25 22	0.48	0.46	4.3	4.8	7.6	0.78	-9999.9	3	94	-9999.9	49	-9999.9	3	18.4	3
2025 09 25 23	0.49	0.47	4.7	4.7	7.7	0.94	-9999.9	3	95	-9999.9	53	-9999.9	3	18.4	3
2025 09 26 00	0.64	0.59	3.3	3.5	7.6	0.98	-9999.9	3	93	-9999.9	38	-9999.9	3	18.4	3
2025 09 26 01	0.42	0.39	3.1	3.4	7.6	0.64	-9999.9	3	103	-9999.9	53	-9999.9	3	18.7	3
2025 09 26 02	0.52	0.48	3.6	4.2	7.8	0.83	-9999.9	3	101	-9999.9	47	-9999.9	3	18.8	3
2025 09 26 03	0.77	0.73	4.2	4.4	7.9	1.36	-9999.9	3	88	-9999.9	30	-9999.9	3	18.8	3
2025 09 26 04	0.78	0.73	4.0	4.1	7.6	1.15	-9999.9	3	88	-9999.9	30	-9999.9	3	18.8	3
2025 09 26 05	0.58	0.55	3.8	3.9	7.7	1.02	-9999.9	3	77	-9999.9	41	-9999.9	3	18.5	3
2025 09 26 06	0.77	0.74	5.3	5.4	8.0	1.16	-9999.9	3	83	-9999.9	42	-9999.9	3	17.8	3
2025 09 26 07	0.36	0.34	3.5	3.6	7.9	0.68	-9999.9	3	87	-9999.9	44	-9999.9	3	18.1	3
2025 09 26 08	0.84	0.82	5.0	5.1	7.5	1.29	-9999.9	3	73	-9999.9	33	-9999.9	3	18.2	3
2025 09 26 09	0.57	0.52	3.4	3.7	7.1	1.04	-9999.9	3	97	-9999.9	52	-9999.9	3	18.1	3
2025 09 26 10	0.46	0.43	3.3	4.0	7.2	0.68	-9999.9	3	114	-9999.9	54	-9999.9	3	18.3	3
2025 09 26 11	0.68	0.64	3.7	3.7	7.4	1.07	-9999.9	3	83	-9999.9	32	-9999.9	3	19.4	3
2025 09 26 12	0.71	0.68	3.7	3.8	6.8	1.33	-9999.9	3	87	-9999.9	33	-9999.9	3	19.6	3
2025 09 26 13	0.61	0.57	3.6	3.8	7.1	0.91	-9999.9	3	88	-9999.9	44	-9999.9	3	21.0	3
2025 09 26 14	0.58	0.53	3.5	3.7	7.0	1.03	-9999.9	3	103	-9999.9	44	-9999.9	3	21.1	3
2025 09 26 15	0.58	0.54	3.6	3.8	6.9	1.06	-9999.9	3	90	-9999.9	34	-9999.9	3	21.3	3
2025 09 26 16	0.69	0.65	4.3	4.4	7.1	1.14	-9999.9	3	91	-9999.9	29	-9999.9	3	20.9	3
2025 09 26 17	0.61	0.57	4.2	4.3	7.2	0.93	-9999.9	3	78	-9999.9	35	-9999.9	3	19.1	3
2025 09 26 18	0.46	0.45	4.3	4.7	6.6	0.81	-9999.9	3	111	-9999.9	60	-9999.9	3	19.0	3
2025 09 26 19	0.65	0.63	5.4	5.9	7.4	1.07	-9999.9	3	72	-9999.9	47	-9999.9	3	19.2	3
2025 09 26 20	0.36	0.34	4.5	4.7	8.2	0.64	-9999.9	3	94	-9999.9	50	-9999.9	3	18.6	3
2025 09 26 21	0.31	0.29	3.6	3.8	7.0	0.46	-9999.9	3	150	-9999.9	57	-9999.9	3	18.6	3
2025 09 26 22	0.28	0.23	4.9	4.8	-9999.9	0.41	-9999.9	3	208	-9999.9	74	-9999.9	3	18.6	3
2025 09 26 23	0.24	0.22	5.2	5.2	7.1	0.39	-9999.9	3	122	-9999.9	72	-9999.9	3	19.3	3
2025 09 27 00	0.29	0.27	3.8	3.8	6.5	0.42	-9999.9	3	109	-9999.9	48	-9999.9	3	19.3	3
2025 09 27 01	0.29	0.27	4.3	4.4	8.4	0.5	-9999.9	3	173	-9999.9	63	-9999.9	3	19.7	3
2025 09 27 02	0.3	0.29	5.3	5.3	8.2	0.49	-9999.9	3	182	-9999.9	49	-9999.9	3	19.8	3
2025 09 27 03	0.33	0.32	4.4	4.8	6.9	0.69	-9999.9	3	174	-9999.9	57	-9999.9	3	20.1	3
2025 09 27 04	0.39	0.36	2.9	3.3	6.6	0.66	-9999.9	3	122	-9999.9	51	-9999.9	3	20.0	3
2025 09 27 05	0.35	0.33	3.3	3.7	6.7	0.6	-9999.9	3	122	-9999.9	54	-9999.9	3	19.7	3
2025 09 27 06	0.31	0.29	3.1	3.3	6.6	0.49	-9999.9	3	128	-9999.9	65	-9999.9	3	19.6	3
2025 09 27 07	0.24	0.22	3.6	3.7	7.4	0.39	-9999.9	3	202	-9999.9	53	-9999.9	3	19.4	3
2025 09 27 08	0.43	0.4	4.2	4.5	6.9	0.96	-9999.9	3	209	-9999.9	33	-9999.9	3	18.7	3
2025 09 27 09	0.37	0.34	4.0	4.2	7.4	0.65	-9999.9	3	203	-9999.9	49	-9999.9	3	19.3	3
2025 09 27 10	0.37	0.34	4.1	4.3	9.9	0.67	-9999.9	3	222	-9999.9	50	-9999.9	3	19.6	3
2025 09 27 11	0.28	0.26	3.6	3.8	7.1	0.47	-9999.9	3	154	-9999.9	50	-9999.9	3	19.0	3
2025 09 27 12	0.28	0.26	3.6	3.6	5.8	0.5	-9999.9	3	134	-9999.9	49	-9999.9	3	20.3	3
2025 09 27 13	0.35	0.32	3.6	3.9	7.5	0.81	-9999.9	3	140	-9999.9	54	-9999.9	3	20.9	3
2025 09 27 14	0.32	0.3	4.5	4.7	7.2	0.76	-9999.9	3	137	-9999.9	43	-9999.9	3	22.5	3
2025 09 27 15	0.3	0.29	3.7	3.9	5.7	0.53	-9999.9	3	116	-9999.9	49	-9999.9	3	22.5	3
2025 09 27 16	0.29	0.28	4.0	4.4	6.9	0.54	-9999.9	3	127	-9999.9	54	-9999.9	3	22.5	3
2025 09 27 17	0.29	0.27	3.8	4.0	5.6	0.51	-9999.9	3	121	-9999.9	50	-9999.9	3	22.3	3
2025 09 27 18	0.35	0.34	3.8	4.3	7.0	0.57	-9999.9	3	189	-9999.9	41	-9999.9	3	20.1	3
2025 09 27 19	0.25	0.22	3.6	3.8	9.2	0.36	-9999.9	3	195	-9999.9	46	-9999.9	3	19.5	3
2025 09 27 20	0.26	0.23	3.7	3.8	8.9	0.39	-9999.9	3	204	-9999.9	46	-9999.9	3	19.5	3
2025 09 27 21	0.36	0.33	4.1	3.9	9.2	0.57	-9999.9	3	215	-9999.9	46	-9999.9	3	19.8	3
2025 09 27 22	0.28	0.26	3.2	3.4	13.7	0.41	-9999.9	3	197	-9999.9	52	-9999.9	3	20.1	3
2025 09 27 23	0.22	0.2	2.9	3.2	10.8	0.34	-9999.9	3	194	-9999.9	56	-9999.9	3	19.4	3
2025 09 28 00	0.2	0.19	4.3	4.7	9.6	0.32	-9999.9	3	187	-9999.9	49	-9999.9	3	20.0	3
2025 09 28 01	0.21	0.2	4.4	5.0	12.5	0.3	-9999.9	3	183	-9999.9	52	-9999.9	3	20.3	3
2025 09 28 02	0.38	0.36	2.5	2.8	7.4	0.65	-9999.9	3	182	-9999.9	41	-9999.9	3	19.3	3
2025 09 28 03	0.45	0.43	2.5	2.6	2.6	0.67	-9999.9	3	209	-9999.9	40	-9999.9	3	19.5	3
2025 09 28 04	0.55	0.53	2.6	2.7	3.0	0.9	-9999.9	3	220	-9999.9	30	-9999.9	3	19.6	3
2025 09 28 05	0.64	0.6	2.8	2.9	3.5	1.03	-9999.9	3	210	-9999.9	36	-9999.9	3	19.5	3
2025 09 28 06	0.61	0.59	2.8	3.0	3.6	1.07	-9999.9	3	192	-9999.9	37	-9999.9	3	18.8	3
2025 09 28 07	0.62	0.57	2.9	3.0	3.8	0.93	-9999.9	3	190	-9999.9	41	-9999.9	3	18.2	3
2025 09 28 08	0.79	0.73	3.1	3.2	3.6	1.33	-9999.9	3	196	-9999.9	40	-9999.9	3	18.8	3
2025 09 28 09	0.76	0.71	3.1	3.1	4.6	1.2	-9999.9	3	192	-9999.9	45	-9999.9	3	18.8	3
2025 09 28 10	0.78	0.72	3.1	3.2	4.2	1.18	-9999.9	3	194	-9999.9	49	-9999.9	3	18.9	3
2025 09 28 11	0.76	0.71	3.2	3.2	8.9	1.27	-9999.9	3	202	-9999.9	46	-9999.9	3	19.0	3
2025 09 28 12	0.77	0.7	3.0	3.1	10.0	1.14	-9999.9	3	208	-9999.9	41	-9999.9	3	19.6	3
2025 09 28 13	0.78	0.71	3.2	3.4	4.4	1.15	-9999.9	3	217	-9999.9	44	-9999.9	3	19.6	3
2025 09 28 14	0.82	0.74	3.7	4.0	7.2	1.2	-9999.9	3	215	-9999.9	32	-9999.9	3	19.4	3
2025 09 28 15	0.93	0.85	3.9	4.0	10.6	1.36	-9999.9	3	220	-9999.9	35	-9999.9	3	19.0	3
2025 09 28 16	0.92	0.82	3.6	3.9	8.8	1.46	-9999.9	3	215	-9999.9	42	-9999.9	3	19.2	3
2025 09 28 17	0.75	0.68	3.8	3.9	6.0	1.14	-9999.9	3	212	-9999.9	42	-9999.9	3	18.1	3
2025 09 28 18	0.79	0.73	3.8	3.9	7.7	1.2	-9999.9	3	193	-9999.9	42	-9999.9	3	18.1	3
2025 09 28 19	0.83	0.74	4.4	4.5	10.2	1.13	-9999.9	3	193	-9999.9	51	-9999.9	3	19.4	3
2025 09 28 20	0.92	0.84	4.0	4.5	8.7	1.59	-9999.9	3	174	-9999.9	48	-9999.9	3	18.3	3
2025 09 28 21	0.99	0.95	4.7	4.7	7.5	1.61	-9999.9	3	188	-9999.9	44	-9999.9	3	18.2	3
2025 09 28 22	1.41	1.32	4.7	4.7	6.9	2.06	-9999.9	3	226	-9999.9	44	-9999.9	3	18.4	3
2025 09 28 23	1.98	1.87	5.7	5.7	7.5	2.93	-9999.9	3	234	-9999.9	37	-9999.9	3	18.3	3
2025 09 29 00	1.09	1.02	4.4	4.5	7.3	1.76	-9999.9	3	226	-9999.9	48	-9999.9	3	18.2	3
2025 09 29 01	0.87	0.81	4.2	4.3	6.5	1.25	-9999.9	3	212	-9999.9	48	-9999.9	3	19.0	3
2025 09 29 02	0.83	0.77	3.6	3.8	5.7	1.38	-9999.9	3	218	-9999.9	47	-9999.9	3	19.5	3
2025 09 29 03	0.78	0.71	3.5	3.7	6.9	1.19	-9999.9	3	218	-9999.9	47	-9999.9	3	19.2	3
2025 09 29 04	0.69	0.64	4.0	4.1	7.7	1.2	-9999.9	3	197	-9999.9	49	-9999.9	3	18.9	3
2025 09 29 05	0.79	0.73	3.8	3.9	7.7	1.33	-9999.9	3	198	-9999.9	47	-9999.9	3	19.1	3
2025 09 29 06	0.77	0.71	4.0	4.1	7.3	1.16	-9999.9	3	188	-9999.9	51	-9999.9	3	19.3	3
2025 09 29 07	0.96	0.89	3.9	4.0	6.9	1.5	-9999.9	3	171	-9999.9	45	-9999.9	3	18.3	3
2025 09 29 08	1.03	0.96	4.3	4.4	6.8	1.59	-9999.9	3	164	-9999.9	47	-9999.9	3	18.8	3
2025 09 29 09	0.93	0.9	4.6	4.6	7.2	1.4	-9999.9	3	187	-9999.9	51	-9999.9	3	18.0	3
2025 09 29 10	0.71	0.65	4.1	4.3	6.5	1.13	-9999.9	3	179	-9999.9	59	-9999.9	3	17.8	3
2025 09 29 11	0.62	0.56	4.2	4.3	8.4	0.87	-9999.9	3	167	-9999.9	60	-9999.9	3	17.7	3
2025 09 29 12	0.58	0.54	3.9	4.0	7.9	0.84	-9999.9	3	180	-9999.9	59	-9999.9	3	17.5	3
2025 09 29 13	0.7	0.65	4.4	4.7	7.7	1.23	-9999.9	3	200	-9999.9	50	-9999.9	3	17.4	3
2025 09 29 14	0.62	0.57	4.8	5.1	7.0	0.96	-9999.9	3	200	-9999.9	50	-9999.9	3	18.1	3
2025 09 29 15	0.58	0.55	5.0	4.8	7.2	1.07	-9999.9	3	196	-9999.9	48	-9999.9	3	18.5	3
2025 09 29 16	0.61	0.59	5.9	5.9	8.6	0.94	-9999.9	3	219	-9999.9	36	-9999.9	3	17.9	3
2025 09 29 17	0.47	0.45	5.6	5.5	8.5	0.92	-9999.9	3	210	-9999.9	54	-9999.9	3	17.8	3
2025 09 29 18	0.54	0.52	5.6	5.5	7.1	0.83	-9999.9	3	208	-9999.9	50	-9999.9	3	18.5	3
2025 09 29 19	0.53	0.5	5.0	5.1	7.3	0.88	-9999.9	3	187	-9999.9	54	-9999.9	3	17.4	3
2025 09 29 20	0.54	0.51	4.6	4.7	6.6	0.88	-9999.9	3	180	-9999.9	50	-9999.9	3	17.6	3
2025 09 29 21	0.5	0.48	4.7	4.8	7.5	0.87	-9999.9	3	205	-9999.9	46	-9999.9	3	17.4	3
2025 09 29 22	0.65	0.63	5.2	5.1	8.3	1.04	-9999.9	3	217	-9999.9	44	-9999.9	3	17.3	3
2025 09 29 23	0.56	0.54	5.0	5.0	7.3	0.88	-9999.9	3	189	-9999.9	48	-9999.9	3	17.1	3
2025 09 30 00	0.56	0.52	4.4	4.5	6.8	0.81	-9999.9	3	204	-9999.9	47	-9999.9	3	17.7	3
2025 09 30 01	0.58	0.55	4.8	5.0	7.3	1.01	-9999.9	3	221	-9999.9	51	-9999.9	3	18.0	3
2025 09 30 02	0.79	0.76	5.5	5.3	7.0	1.27	-9999.9	3	247	-9999.9	38	-9999.9	3	17.6	3
2025 09 30 03	0.44	0.41	4.7	4.7	9.4	0.66	-9999.9	3	237	-9999.9	46	-9999.9	3	17.6	3
2025 09 30 04	0.35	0.33	4.5	4.4	9.5	0.53	-9999.9	3	235	-9999.9	55	-9999.9	3	17.2	3
2025 09 30 05	0.37	0.34	4.9	5.0	7.5	0.59	-9999.9	3	201	-9999.9	57	-9999.9	3	18.4	3
2025 09 30 06	0.34	0.32	5.1	5.0	8.9	0.48	-9999.9	3	204	-9999.9	61	-9999.9	3	19.0	3
2025 09 30 07	0.28	0.27	5.2	4.9	8.0	0.42	-9999.9	3	193	-9999.9	64	-9999.9	3	18.9	3
2025 09 30 08	0.42	0.4	4.8	4.9	6.7	0.89	-9999.9	3	177	-9999.9	52	-9999.9	3	18.2	3
2025 09 30 09	0.36	0.34	4.1	4.3	6.8	0.55	-9999.9	3	152	-9999.9	52	-9999.9	3	17.8	3
2025 09 30 10	0.38	0.36	4.5	4.5	8.9	0.59	-9999.9	3	161	-9999.9	57	-9999.9	3	17.9	3
2025 09 30 11	0.33	0.31	4.2	4.3	7.3	0.52	-9999.9	3	155	-9999.9	57	-9999.9	3	18.2	3
2025 09 30 12	0.34	0.31	4.6	4.7	8.6	0.47	-9999.9	3	148	-9999.9	60	-9999.9	3	18.3	3
2025 09 30 13	0.35	0.32	4.5	4.5	13.1	0.5	-9999.9	3	170	-9999.9	60	-9999.9	3	18.0	3
2025 09 30 14	0.41	0.38	4.6	4.7	6.9	0.68	-9999.9	3	172	-9999.9	49	-9999.9	3	18.0	3
2025 09 30 15	0.37	0.35	3.3	3.4	4.2	0.63	-9999.9	3	112	-9999.9	45	-9999.9	3	18.1	3
2025 09 30 16	0.38	0.36	3.3	3.4	4.0	0.55	-9999.9	3	91	-9999.9	43	-9999.9	3	18.5	3
2025 09 30 17	0.38	0.36	3.3	3.3	7.5	0.5	-9999.9	3	119	-9999.9	48	-9999.9	3	18.8	3
2025 09 30 18	0.4	0.38	3.8	3.8	7.0	0.66	-9999.9	3	140	-9999.9	44	-9999.9	3	18.9	3
2025 09 30 19	0.35	0.33	3.1	3.1	3.2	0.67	-9999.9	3	86	-9999.9	44	-9999.9	3	19.0	3
2025 09 30 20	0.43	0.4	3.3	3.3	6.3	0.62	-9999.9	3	146	-9999.9	42	-9999.9	3	18.2	3
2025 09 30 21	0.41	0.38	3.1	3.3	5.8	0.61	-9999.9	3	165	-9999.9	46	-9999.9	3	17.3	3
2025 09 30 22	0.31	0.29	3.4	3.7	6.5	0.53	-9999.9	3	185	-9999.9	52	-9999.9	3	17.5	3
2025 09 30 23	0.33	0.31	3.5	3.8	6.8	0.5	-9999.9	3	186	-9999.9	48	-9999.9	3	17.5	3
2025 10 01 00	0.27	0.26	3.1	4.2	6.9	0.48	-9999.9	3	206	-9999.9	53	-9999.9	3	18.1	3
2025 10 01 01	0.31	0.29	2.2	2.7	5.2	0.48	-9999.9	3	156	-9999.9	54	-9999.9	3	18.0	3
2025 10 01 02	0.3	0.28	2.9	3.6	-9999.9	0.46	-9999.9	3	187	-9999.9	64	-9999.9	3	18.4	3
2025 10 01 03	0.38	0.34	3.3	4.1	7.8	0.68	-9999.9	3	226	-9999.9	55	-9999.9	3	18.5	3
2025 10 01 04	0.31	0.29	2.1	2.4	2.2	0.48	-9999.9	3	144	-9999.9	51	-9999.9	3	17.8	3
2025 10 01 05	0.35	0.34	2.1	2.3	2.1	0.59	-9999.9	3	106	-9999.9	49	-9999.9	3	18.1	3
2025 10 01 06	0.31	0.3	2.4	2.4	2.6	0.53	-9999.9	3	98	-9999.9	38	-9999.9	3	19.0	3
2025 10 01 07	0.33	0.31	2.4	2.5	2.5	0.56	-9999.9	3	96	-9999.9	41	-9999.9	3	19.3	3
2025 10 01 08	0.53	0.51	3.1	3.2	5.1	1.06	-9999.9	3	81	-9999.9	34	-9999.9	3	19.8	3
2025 10 01 09	0.59	0.56	3.6	3.6	3.9	1.09	-9999.9	3	67	-9999.9	42	-9999.9	3	19.6	3
2025 10 01 10	0.38	0.36	3.2	3.2	4.7	0.64	-9999.9	3	71	-9999.9	44	-9999.9	3	18.8	3
2025 10 01 11	0.37	0.36	2.9	3.0	4.3	0.59	-9999.9	3	76	-9999.9	39	-9999.9	3	18.8	3
2025 10 01 12	0.34	0.32	3.0	3.1	4.2	0.51	-9999.9	3	77	-9999.9	42	-9999.9	3	18.6	3
2025 10 01 13	0.36	0.34	3.4	3.4	5.8	0.65	-9999.9	3	72	-9999.9	45	-9999.9	3	18.0	3
2025 10 01 14	0.45	0.42	3.5	3.7	6.6	0.82	-9999.9	3	82	-9999.9	43	-9999.9	3	18.5	3
2025 10 01 15	0.48	0.46	3.7	3.6	4.5	0.75	-9999.9	3	75	-9999.9	37	-9999.9	3	19.2	3
2025 10 01 16	0.55	0.53	3.5	3.5	4.0	0.83	-9999.9	3	70	-9999.9	34	-9999.9	3	19.6	3
2025 10 01 17	0.53	0.49	3.1	3.2	5.1	0.82	-9999.9	3	78	-9999.9	36	-9999.9	3	19.7	3
2025 10 01 18	0.54	0.51	3.3	3.4	7.3	0.75	-9999.9	3	80	-9999.9	32	-9999.9	3	19.7	3
2025 10 01 19	0.45	0.43	2.9	3.0	3.8	0.78	-9999.9	3	86	-9999.9	38	-9999.9	3	19.0	3
2025 10 01 20	0.46	0.44	2.9	3.1	4.1	0.75	-9999.9	3	87	-9999.9	38	-9999.9	3	19.1	3
2025 10 01 21	0.6	0.58	3.3	3.3	4.0	0.94	-9999.9	3	71	-9999.9	31	-9999.9	3	18.9	3
2025 10 01 22	0.52	0.49	3.0	3.2	3.9	0.88	-9999.9	3	76	-9999.9	33	-9999.9	3	18.2	3
2025 10 01 23	0.44	0.43	2.7	2.9	4.0	0.73	-9999.9	3	77	-9999.9	38	-9999.9	3	18.8	3
2025 10 02 00	0.32	0.31	2.3	2.6	3.5	0.63	-9999.9	3	75	-9999.9	52	-9999.9	3	18.6	3
2025 10 02 01	0.3	0.3	2.1	2.5	2.9	0.56	-9999.9	3	81	-9999.9	49	-9999.9	3	18.4	3
2025 10 02 02	0.37	0.35	2.4	2.5	2.3	0.67	-9999.9	3	71	-9999.9	41	-9999.9	3	18.1	3
2025 10 02 03	0.49	0.47	2.8	3.0	4.1	0.8	-9999.9	3	69	-9999.9	38	-9999.9	3	18.1	3
2025 10 02 04	0.39	0.39	2.5	2.8	4.0	0.77	-9999.9	3	89	-9999.9	45	-9999.9	3	18.2	3
2025 10 02 05	0.42	0.39	2.7	2.8	4.2	0.61	-9999.9	3	74	-9999.9	37	-9999.9	3	18.4	3
2025 10 02 06	0.4	0.37	2.3	2.5	2.8	0.68	-9999.9	3	80	-9999.9	48	-9999.9	3	18.8	3
2025 10 02 07	0.46	0.44	2.3	2.5	2.9	0.73	-9999.9	3	82	-9999.9	45	-9999.9	3	19.2	3
2025 10 02 08	0.55	0.52	2.7	2.9	7.1	0.83	-9999.9	3	106	-9999.9	42	-9999.9	3	19.1	3
2025 10 02 09	0.53	0.51	2.8	2.9	3.1	0.83	-9999.9	3	78	-9999.9	38	-9999.9	3	19.2	3
2025 10 02 10	0.56	0.52	3.2	3.3	6.7	1.0	-9999.9	3	70	-9999.9	40	-9999.9	3	19.3	3
2025 10 02 11	0.48	0.46	2.9	3.0	4.8	0.73	-9999.9	3	68	-9999.9	34	-9999.9	3	19.3	3
2025 10 02 12	0.46	0.43	2.9	3.0	4.1	0.78	-9999.9	3	67	-9999.9	38	-9999.9	3	18.9	3
2025 10 02 13	0.74	0.71	4.1	4.0	5.1	1.25	-9999.9	3	69	-9999.9	39	-9999.9	3	17.7	3
2025 10 02 14	0.86	0.82	4.3	4.3	5.6	1.41	-9999.9	3	69	-9999.9	41	-9999.9	3	18.0	3
2025 10 02 15	0.68	0.64	3.9	4.0	6.3	1.22	-9999.9	3	67	-9999.9	38	-9999.9	3	18.5	3
2025 10 02 16	0.73	0.69	3.9	4.0	5.8	1.25	-9999.9	3	75	-9999.9	34	-9999.9	3	18.8	3
2025 10 02 17	0.76	0.72	3.9	4.0	5.8	1.18	-9999.9	3	73	-9999.9	30	-9999.9	3	19.4	3
2025 10 02 18	0.76	0.73	3.6	3.6	5.4	1.19	-9999.9	3	73	-9999.9	34	-9999.9	3	19.3	3
2025 10 02 19	0.71	0.68	3.3	3.4	5.2	1.32	-9999.9	3	74	-9999.9	35	-9999.9	3	19.2	3
2025 10 02 20	0.62	0.6	3.1	3.2	4.2	1.06	-9999.9	3	81	-9999.9	37	-9999.9	3	19.3	3
2025 10 02 21	0.58	0.55	2.8	2.9	4.0	1.12	-9999.9	3	79	-9999.9	41	-9999.9	3	18.8	3
2025 10 02 22	0.67	0.64	3.3	3.3	3.7	1.23	-9999.9	3	72	-9999.9	31	-9999.9	3	19.7	3
2025 10 02 23	0.73	0.71	3.4	3.4	4.0	1.15	-9999.9	3	69	-9999.9	27	-9999.9	3	19.4	3
2025 10 03 00	0.51	0.49	2.9	3.0	4.1	0.81	-9999.9	3	73	-9999.9	35	-9999.9	3	18.7	3
2025 10 03 01	0.33	0.31	2.6	2.7	3.8	0.56	-9999.9	3	65	-9999.9	43	-9999.9	3	18.0	3
2025 10 03 02	0.37	0.35	2.3	2.4	2.1	0.6	-9999.9	3	67	-9999.9	42	-9999.9	3	18.1	3
2025 10 03 03	0.46	0.45	3.0	3.1	4.3	0.83	-9999.9	3	93	-9999.9	45	-9999.9	3	17.9	3
2025 10 03 04	0.67	0.64	4.3	4.2	5.9	1.09	-9999.9	3	77	-9999.9	45	-9999.9	3	18.6	3
2025 10 03 05	0.54	0.53	3.2	3.3	4.3	0.83	-9999.9	3	66	-9999.9	35	-9999.9	3	18.4	3
2025 10 03 06	0.37	0.35	2.3	2.6	4.0	0.64	-9999.9	3	89	-9999.9	49	-9999.9	3	18.2	3
2025 10 03 07	0.36	0.35	2.2	2.6	3.9	0.52	-9999.9	3	98	-9999.9	54	-9999.9	3	18.8	3
2025 10 03 08	0.52	0.47	2.9	3.1	7.0	0.76	-9999.9	3	133	-9999.9	40	-9999.9	3	19.0	3
2025 10 03 09	0.43	0.4	2.3	2.5	6.4	0.69	-9999.9	3	98	-9999.9	48	-9999.9	3	18.8	3
2025 10 03 10	0.43	0.39	2.5	2.6	7.7	0.68	-9999.9	3	108	-9999.9	45	-9999.9	3	18.9	3
2025 10 03 11	0.34	0.32	2.9	3.0	3.5	0.6	-9999.9	3	73	-9999.9	38	-9999.9	3	19.2	3
2025 10 03 12	0.29	0.28	2.6	2.8	5.0	0.45	-9999.9	3	68	-9999.9	40	-9999.9	3	18.9	3
2025 10 03 13	0.38	0.36	2.9	3.1	7.0	1.0	-9999.9	3	126	-9999.9	45	-9999.9	3	18.7	3
2025 10 03 14	0.55	0.52	4.0	3.9	5.0	1.08	-9999.9	3	80	-9999.9	48	-9999.9	3	17.6	3
2025 10 03 15	0.52	0.5	3.8	3.7	4.6	0.87	-9999.9	3	65	-9999.9	43	-9999.9	3	18.4	3
2025 10 03 16	0.39	0.37	3.1	3.2	5.0	0.62	-9999.9	3	64	-9999.9	45	-9999.9	3	18.7	3
2025 10 03 17	0.38	0.36	3.5	3.6	7.6	0.66	-9999.9	3	87	-9999.9	48	-9999.9	3	18.8	3
2025 10 03 18	0.39	0.37	4.2	4.2	7.0	0.58	-9999.9	3	103	-9999.9	41	-9999.9	3	19.0	3
2025 10 03 19	0.42	0.39	3.1	3.2	4.7	0.79	-9999.9	3	79	-9999.9	36	-9999.9	3	19.4	3
2025 10 03 20	0.39	0.36	3.5	3.5	5.0	0.64	-9999.9	3	84	-9999.9	32	-9999.9	3	19.7	3
2025 10 03 21	0.35	0.34	3.2	3.3	3.7	0.69	-9999.9	3	108	-9999.9	38	-9999.9	3	19.3	3
2025 10 03 22	0.26	0.25	3.7	3.8	5.2	0.45	-9999.9	3	88	-9999.9	43	-9999.9	3	20.1	3
2025 10 03 23	0.29	0.28	4.0	3.9	5.3	0.48	-9999.9	3	96	-9999.9	41	-9999.9	3	19.4	3
2025 10 04 00	0.27	0.26	4.1	3.9	4.9	0.39	-9999.9	3	82	-9999.9	44	-9999.9	3	17.5	3
2025 10 04 01	0.23	0.22	4.1	4.2	6.1	0.33	-9999.9	3	149	-9999.9	59	-9999.9	3	19.1	3
2025 10 04 02	0.29	0.27	4.9	5.1	6.3	0.42	-9999.9	3	120	-9999.9	61	-9999.9	3	17.7	3
2025 10 04 03	0.3	0.28	4.6	4.7	4.7	0.5	-9999.9	3	110	-9999.9	60	-9999.9	3	18.4	3
2025 10 04 04	0.33	0.32	4.0	4.0	4.5	0.58	-9999.9	3	82	-9999.9	50	-9999.9	3	18.7	3
2025 10 04 05	0.29	0.25	4.5	4.5	-9999.9	0.47	-9999.9	3	111	-9999.9	69	-9999.9	3	18.4	3
2025 10 04 06	0.21	0.19	2.6	3.0	6.5	0.38	-9999.9	3	143	-9999.9	63	-9999.9	3	18.4	3
2025 10 04 07	0.19	0.18	3.2	3.3	7.0	0.28	-9999.9	3	175	-9999.9	57	-9999.9	3	18.4	3
2025 10 04 08	0.32	0.3	3.6	4.4	7.4	0.54	-9999.9	3	213	-9999.9	33	-9999.9	3	18.4	3
2025 10 04 09	0.3	0.27	3.3	3.5	8.0	0.51	-9999.9	3	223	-9999.9	38	-9999.9	3	18.4	3
2025 10 04 10	0.36	0.33	2.8	3.0	6.5	0.57	-9999.9	3	231	-9999.9	38	-9999.9	3	18.4	3
2025 10 04 11	0.36	0.35	2.7	3.0	3.4	0.67	-9999.9	3	232	-9999.9	39	-9999.9	3	18.4	3
2025 10 04 12	0.28	0.25	2.7	3.0	3.7	0.44	-9999.9	3	203	-9999.9	52	-9999.9	3	18.6	3
2025 10 04 13	0.32	0.3	3.3	3.4	7.4	0.47	-9999.9	3	181	-9999.9	51	-9999.9	3	18.1	3
2025 10 04 14	0.38	0.35	3.2	3.3	6.9	0.59	-9999.9	3	189	-9999.9	40	-9999.9	3	18.5	3
2025 10 04 15	0.36	0.34	3.5	3.4	4.0	0.58	-9999.9	3	175	-9999.9	54	-9999.9	3	18.5	3
2025 10 04 16	0.34	0.32	3.0	3.1	8.3	0.55	-9999.9	3	180	-9999.9	58	-9999.9	3	18.1	3
2025 10 04 17	0.29	0.26	2.7	3.0	7.3	0.5	-9999.9	3	196	-9999.9	65	-9999.9	3	18.5	3
2025 10 04 18	0.33	0.3	3.6	3.8	7.2	0.5	-9999.9	3	206	-9999.9	53	-9999.9	3	18.9	3
2025 10 04 19	0.23	0.21	3.4	3.4	5.5	0.4	-9999.9	3	158	-9999.9	59	-9999.9	3	19.1	3
2025 10 04 20	0.26	0.24	3.2	3.7	6.6	0.45	-9999.9	3	144	-9999.9	54	-9999.9	3	19.3	3
2025 10 04 21	0.22	0.2	3.1	3.2	9.1	0.39	-9999.9	3	181	-9999.9	55	-9999.9	3	19.3	3
2025 10 04 22	0.23	0.22	2.7	2.8	4.7	0.36	-9999.9	3	201	-9999.9	49	-9999.9	3	18.9	3
2025 10 04 23	0.27	0.25	2.7	2.8	5.5	0.39	-9999.9	3	200	-9999.9	43	-9999.9	3	18.3	3
2025 10 05 00	0.23	0.21	2.9	3.3	5.0	0.42	-9999.9	3	209	-9999.9	50	-9999.9	3	18.5	3
2025 10 05 01	0.28	0.25	4.0	4.3	10.0	0.4	-9999.9	3	172	-9999.9	58	-9999.9	3	18.2	3
2025 10 05 02	0.34	0.31	3.5	3.7	5.0	0.56	-9999.9	3	198	-9999.9	37	-9999.9	3	17.5	3
2025 10 05 03	0.34	0.3	5.5	5.5	21.2	0.57	-9999.9	3	125	-9999.9	66	-9999.9	3	17.9	3
2025 10 05 04	0.35	0.32	4.0	4.1	9.4	0.51	-9999.9	3	171	-9999.9	62	-9999.9	3	17.7	3
2025 10 05 05	0.42	0.41	2.6	2.7	2.7	0.74	-9999.9	3	194	-9999.9	44	-9999.9	3	17.3	3
2025 10 05 06	0.35	0.32	2.7	2.9	5.1	0.5	-9999.9	3	212	-9999.9	54	-9999.9	3	18.2	3
2025 10 05 07	0.34	0.32	2.8	3.0	3.2	0.53	-9999.9	3	219	-9999.9	44	-9999.9	3	18.1	3
2025 10 05 08	0.29	0.27	3.2	3.4	7.8	0.48	-9999.9	3	222	-9999.9	45	-9999.9	3	18.3	3
2025 10 05 09	0.29	0.26	2.8	2.9	8.6	0.45	-9999.9	3	232	-9999.9	46	-9999.9	3	18.4	3
2025 10 05 10	0.34	0.31	2.9	3.4	10.2	0.56	-9999.9	3	223	-9999.9	37	-9999.9	3	18.7	3
2025 10 05 11	0.33	0.32	2.9	3.3	4.9	0.53	-9999.9	3	201	-9999.9	49	-9999.9	3	19.5	3
2025 10 05 12	0.29	0.28	3.1	3.4	5.0	0.46	-9999.9	3	213	-9999.9	47	-9999.9	3	19.2	3
2025 10 05 13	0.33	0.32	3.2	3.6	5.8	0.55	-9999.9	3	214	-9999.9	41	-9999.9	3	18.5	3
2025 10 05 14	0.42	0.41	3.5	3.8	7.1	0.69	-9999.9	3	200	-9999.9	37	-9999.9	3	18.6	3
2025 10 05 15	0.31	0.29	4.0	3.8	9.0	0.5	-9999.9	3	177	-9999.9	56	-9999.9	3	17.8	3
2025 10 05 16	0.37	0.34	3.8	3.8	7.4	0.62	-9999.9	3	182	-9999.9	56	-9999.9	3	17.9	3
2025 10 05 17	0.37	0.33	3.6	3.8	10.1	0.58	-9999.9	3	177	-9999.9	61	-9999.9	3	18.0	3
2025 10 05 18	0.34	0.31	3.3	3.6	7.0	0.49	-9999.9	3	201	-9999.9	51	-9999.9	3	18.2	3
2025 10 05 19	0.26	0.24	3.2	3.4	3.7	0.38	-9999.9	3	144	-9999.9	58	-9999.9	3	19.4	3
2025 10 05 20	0.21	0.19	3.2	3.4	8.9	0.27	-9999.9	3	127	-9999.9	59	-9999.9	3	20.8	3
2025 10 05 21	0.19	0.17	3.1	3.3	8.4	0.32	-9999.9	3	147	-9999.9	53	-9999.9	3	20.7	3
2025 10 05 22	0.24	0.22	2.4	2.5	3.5	0.41	-9999.9	3	123	-9999.9	47	-9999.9	3	20.0	3
2025 10 05 23	0.42	0.4	2.4	2.6	2.7	0.73	-9999.9	3	92	-9999.9	34	-9999.9	3	19.7	3
2025 10 06 00	0.67	0.65	3.0	3.0	3.4	0.98	-9999.9	3	91	-9999.9	29	-9999.9	3	19.2	3
2025 10 06 01	0.79	0.76	3.4	3.4	4.0	1.27	-9999.9	3	79	-9999.9	30	-9999.9	3	20.1	3
2025 10 06 02	0.7	0.66	3.2	3.2	4.4	1.04	-9999.9	3	74	-9999.9	33	-9999.9	3	18.1	3
2025 10 06 03	0.76	0.73	3.4	3.4	4.2	1.29	-9999.9	3	65	-9999.9	28	-9999.9	3	17.5	3
2025 10 06 04	0.71	0.66	4.5	4.4	5.1	1.29	-9999.9	3	80	-9999.9	51	-9999.9	3	19.1	3
2025 10 06 05	0.86	0.82	3.8	3.9	4.6	1.33	-9999.9	3	72	-9999.9	37	-9999.9	3	18.8	3
2025 10 06 06	0.71	0.66	2.7	2.9	4.4	1.04	-9999.9	3	101	-9999.9	50	-9999.9	3	17.9	3
2025 10 06 07	0.79	0.77	3.4	3.4	4.6	1.27	-9999.9	3	68	-9999.9	31	-9999.9	3	19.4	3
2025 10 06 08	0.78	0.75	3.2	3.2	4.5	1.08	-9999.9	3	100	-9999.9	36	-9999.9	3	19.5	3
2025 10 06 09	0.87	0.84	3.2	3.3	4.4	1.38	-9999.9	3	70	-9999.9	37	-9999.9	3	19.0	3
2025 10 06 10	0.76	0.71	2.5	2.6	2.5	1.21	-9999.9	3	96	-9999.9	39	-9999.9	3	19.3	3
2025 10 06 11	0.7	0.64	2.6	2.8	8.0	1.02	-9999.9	3	85	-9999.9	47	-9999.9	3	19.1	3
2025 10 06 12	0.84	0.8	3.0	3.1	3.2	1.31	-9999.9	3	86	-9999.9	33	-9999.9	3	19.3	3
2025 10 06 13	0.96	0.9	3.4	3.5	3.7	1.65	-9999.9	3	88	-9999.9	34	-9999.9	3	19.3	3
2025 10 06 14	0.9	0.86	3.5	3.6	4.1	1.57	-9999.9	3	85	-9999.9	34	-9999.9	3	19.2	3
2025 10 06 15	0.73	0.69	3.2	3.3	4.3	1.16	-9999.9	3	76	-9999.9	42	-9999.9	3	19.1	3
2025 10 06 16	1.1	1.04	5.3	5.4	6.1	2.02	-9999.9	3	63	-9999.9	44	-9999.9	3	19.3	3
2025 10 06 17	1.0	0.95	4.1	4.2	5.1	1.72	-9999.9	3	70	-9999.9	36	-9999.9	3	19.2	3
2025 10 06 18	0.61	0.55	3.3	3.4	6.9	1.01	-9999.9	3	72	-9999.9	56	-9999.9	3	18.6	3
2025 10 06 19	0.67	0.62	3.0	3.1	5.6	1.0	-9999.9	3	82	-9999.9	44	-9999.9	3	19.1	3
2025 10 06 20	0.88	0.82	3.5	3.7	6.1	1.45	-9999.9	3	75	-9999.9	33	-9999.9	3	20.5	3
2025 10 06 21	0.94	0.89	3.6	3.6	5.7	1.53	-9999.9	3	96	-9999.9	40	-9999.9	3	20.3	3
2025 10 06 22	0.86	0.8	3.1	3.2	5.3	1.46	-9999.9	3	90	-9999.9	40	-9999.9	3	20.0	3
2025 10 06 23	0.86	0.79	3.0	3.0	4.5	1.24	-9999.9	3	95	-9999.9	41	-9999.9	3	19.2	3
2025 10 07 00	0.9	0.83	3.2	3.2	5.3	1.35	-9999.9	3	106	-9999.9	40	-9999.9	3	18.9	3
2025 10 07 01	0.96	0.89	3.6	3.6	5.8	1.36	-9999.9	3	104	-9999.9	34	-9999.9	3	18.9	3
2025 10 07 02	0.98	0.9	3.8	3.9	6.2	1.52	-9999.9	3	86	-9999.9	35	-9999.9	3	18.7	3
2025 10 07 03	0.86	0.8	4.0	4.0	6.3	1.51	-9999.9	3	67	-9999.9	31	-9999.9	3	17.6	3
2025 10 07 04	0.83	0.79	4.2	4.1	6.6	1.29	-9999.9	3	69	-9999.9	36	-9999.9	3	17.7	3
2025 10 07 05	1.43	1.39	6.1	5.9	7.2	2.29	-9999.9	3	83	-9999.9	36	-9999.9	3	18.9	3
2025 10 07 06	0.88	0.82	3.7	3.6	6.1	1.37	-9999.9	3	78	-9999.9	32	-9999.9	3	18.4	3
2025 10 07 07	0.5	0.44	3.5	3.8	14.5	0.83	-9999.9	3	120	-9999.9	65	-9999.9	3	17.9	3
2025 10 07 08	1.0	0.96	4.6	4.3	6.9	1.53	-9999.9	3	81	-9999.9	42	-9999.9	3	18.5	3
2025 10 07 09	1.24	1.2	4.1	4.2	6.5	2.35	-9999.9	3	85	-9999.9	38	-9999.9	3	18.4	3
2025 10 07 10	0.98	0.91	3.6	3.5	5.7	1.83	-9999.9	3	91	-9999.9	38	-9999.9	3	18.6	3
2025 10 07 11	0.79	0.7	3.1	3.2	8.4	1.36	-9999.9	3	107	-9999.9	51	-9999.9	3	18.6	3
2025 10 07 12	0.74	0.64	3.0	3.3	10.7	1.15	-9999.9	3	108	-9999.9	45	-9999.9	3	18.6	3
2025 10 07 13	0.66	0.6	3.3	3.5	7.9	1.08	-9999.9	3	133	-9999.9	48	-9999.9	3	18.5	3
2025 10 07 14	0.65	0.58	3.3	3.4	6.0	0.98	-9999.9	3	100	-9999.9	42	-9999.9	3	18.5	3
2025 10 07 15	0.69	0.63	3.4	3.6	6.9	1.07	-9999.9	3	95	-9999.9	43	-9999.9	3	18.6	3
2025 10 07 16	-9999.9	-9999.9	-9999.9	-9999.9	-9999.9	-9999.9	-9999.9	3	-9999.9	-9999.9	-9999.9	-9999.9	3	18.1	3
2025 10 07 17	0.79	0.76	5.8	5.7	7.1	1.42	-9999.9	3	79	-9999.9	47	-9999.9	3	18.6	3
2025 10 07 18	0.74	0.69	4.6	4.7	6.5	1.29	-9999.9	3	87	-9999.9	45	-9999.9	3	18.0	3
2025 10 07 19	0.68	0.63	4.2	4.2	7.2	0.98	-9999.9	3	80	-9999.9	42	-9999.9	3	18.4	3
2025 10 07 20	0.58	0.52	3.4	3.6	12.3	0.98	-9999.9	3	101	-9999.9	46	-9999.9	3	18.5	3
2025 10 07 21	0.66	0.62	3.6	3.7	6.6	0.98	-9999.9	3	81	-9999.9	38	-9999.9	3	19.3	3
2025 10 07 22	0.7	0.65	3.4	3.5	6.0	0.99	-9999.9	3	102	-9999.9	39	-9999.9	3	19.0	3
2025 10 07 23	0.62	0.56	3.5	3.7	9.2	1.03	-9999.9	3	118	-9999.9	47	-9999.9	3	18.8	3
2025 10 08 00	0.54	0.48	3.6	4.0	11.6	0.76	-9999.9	3	141	-9999.9	52	-9999.9	3	18.4	3
2025 10 08 01	0.63	0.57	3.9	4.1	12.4	0.9	-9999.9	3	136	-9999.9	43	-9999.9	3	18.4	3
2025 10 08 02	0.51	0.47	4.1	4.1	11.5	0.74	-9999.9	3	115	-9999.9	47	-9999.9	3	18.6	3
2025 10 08 03	0.53	0.49	5.1	5.0	7.3	0.86	-9999.9	3	102	-9999.9	49	-9999.9	3	17.3	3
2025 10 08 04	0.54	0.52	5.8	5.6	7.0	0.81	-9999.9	3	113	-9999.9	54	-9999.9	3	17.8	3
2025 10 08 05	0.47	0.44	5.9	6.0	7.2	0.76	-9999.9	3	112	-9999.9	59	-9999.9	3	18.2	3
2025 10 08 06	0.5	0.47	6.1	6.1	6.5	0.83	-9999.9	3	100	-9999.9	55	-9999.9	3	18.4	3
2025 10 08 07	0.49	0.46	4.6	4.7	6.1	0.67	-9999.9	3	94	-9999.9	47	-9999.9	3	18.3	3
2025 10 08 08	0.47	0.44	4.7	4.7	11.1	0.77	-9999.9	3	151	-9999.9	48	-9999.9	3	18.2	3
2025 10 08 09	0.39	0.35	4.8	5.0	10.9	0.71	-9999.9	3	149	-9999.9	47	-9999.9	3	18.3	3
2025 10 08 10	0.5	0.47	5.0	5.1	5.7	0.76	-9999.9	3	105	-9999.9	37	-9999.9	3	18.5	3
2025 10 08 11	0.48	0.45	4.5	4.7	7.0	0.83	-9999.9	3	123	-9999.9	41	-9999.9	3	18.3	3
2025 10 08 12	0.4	0.36	5.0	4.8	12.6	0.61	-9999.9	3	209	-9999.9	51	-9999.9	3	18.1	3
2025 10 08 13	0.55	0.49	3.8	3.9	12.5	0.83	-9999.9	3	218	-9999.9	41	-9999.9	3	18.2	3
2025 10 08 14	0.52	0.49	4.3	4.6	7.6	0.83	-9999.9	3	212	-9999.9	42	-9999.9	3	18.2	3
2025 10 08 15	0.42	0.4	4.9	4.9	11.7	0.66	-9999.9	3	179	-9999.9	60	-9999.9	3	18.1	3
2025 10 08 16	0.56	0.51	5.2	5.0	11.1	0.8	-9999.9	3	176	-9999.9	58	-9999.9	3	18.0	3
2025 10 08 17	-9999.9	-9999.9	-9999.9	-9999.9	-9999.9	-9999.9	-9999.9	3	-9999.9	-9999.9	-9999.9	-9999.9	3	18.0	3
2025 10 08 18	0.42	0.4	5.4	5.4	6.6	0.67	-9999.9	3	180	-9999.9	65	-9999.9	3	18.5	3
2025 10 08 19	0.39	0.35	4.2	4.4	11.7	0.67	-9999.9	3	145	-9999.9	66	-9999.9	3	17.7	3
2025 10 16 13	0.53	0.51	3.0	3.2	4.4	0.88	-9999.9	3	105	-9999.9	51	-9999.9	3	20.3	3
2025 10 16 14	0.64	0.61	2.9	3.1	4.2	1.1	-9999.9	3	72	-9999.9	41	-9999.9	3	20.3	3
2025 10 16 15	0.49	0.47	2.4	2.6	3.6	0.73	-9999.9	3	78	-9999.9	54	-9999.9	3	20.4	3
2025 10 16 16	0.54	0.51	2.8	2.9	4.8	0.85	-9999.9	3	92	-9999.9	53	-9999.9	3	20.6	3
2025 10 16 17	0.87	0.82	3.6	3.6	4.8	1.41	-9999.9	3	79	-9999.9	34	-9999.9	3	21.2	3
2025 10 16 18	0.92	0.89	3.4	3.4	4.8	1.44	-9999.9	3	73	-9999.9	33	-9999.9	3	21.6	3
2025 10 16 19	0.91	0.87	3.5	3.4	4.7	1.41	-9999.9	3	73	-9999.9	33	-9999.9	3	21.9	3
2025 10 16 20	0.9	0.86	3.4	3.4	4.7	1.32	-9999.9	3	85	-9999.9	35	-9999.9	3	21.7	3
2025 10 16 21	0.88	0.85	3.2	3.2	4.2	1.36	-9999.9	3	89	-9999.9	38	-9999.9	3	21.8	3
2025 10 16 22	0.88	0.85	3.1	3.2	3.9	1.56	-9999.9	3	94	-9999.9	37	-9999.9	3	21.7	3
2025 10 16 23	0.8	0.78	3.0	3.1	4.3	1.17	-9999.9	3	95	-9999.9	38	-9999.9	3	21.7	3
2025 10 17 00	0.74	0.69	2.9	3.1	4.5	1.1	-9999.9	3	96	-9999.9	41	-9999.9	3	21.6	3
2025 10 17 01	0.77	0.73	3.0	3.1	3.8	1.16	-9999.9	3	94	-9999.9	36	-9999.9	3	21.5	3
2025 10 17 02	0.68	0.64	3.0	3.2	4.0	0.93	-9999.9	3	89	-9999.9	40	-9999.9	3	21.5	3
2025 10 17 03	0.65	0.62	3.0	3.1	4.9	0.92	-9999.9	3	79	-9999.9	45	-9999.9	3	21.3	3
2025 10 17 04	0.66	0.62	3.0	3.2	3.9	1.1	-9999.9	3	74	-9999.9	43	-9999.9	3	21.2	3
2025 10 17 05	0.59	0.54	2.9	2.9	3.8	0.92	-9999.9	3	71	-9999.9	44	-9999.9	3	21.2	3
2025 10 17 06	0.78	0.72	2.9	2.9	4.0	1.16	-9999.9	3	95	-9999.9	43	-9999.9	3	21.4	3
2025 10 17 07	0.8	0.73	2.8	3.0	4.2	1.41	-9999.9	3	97	-9999.9	44	-9999.9	3	-9999.9	-9999.9
2025 10 17 08	0.7	0.64	2.8	2.9	7.6	1.03	-9999.9	3	100	-9999.9	45	-9999.9	3	21.4	3
2025 10 17 09	0.69	0.63	2.9	3.0	6.5	1.37	-9999.9	3	110	-9999.9	43	-9999.9	3	21.4	3
2025 10 17 10	0.78	0.74	3.0	3.0	5.4	1.18	-9999.9	3	100	-9999.9	37	-9999.9	3	21.4	3
2025 10 17 11	0.82	0.79	3.1	3.2	4.0	1.23	-9999.9	3	100	-9999.9	34	-9999.9	3	21.4	3
2025 10 17 12	0.82	0.78	3.3	3.4	4.0	1.23	-9999.9	3	92	-9999.9	33	-9999.9	3	21.4	3
2025 10 17 13	0.61	0.56	3.0	3.3	4.3	1.02	-9999.9	3	97	-9999.9	59	-9999.9	3	21.4	3
2025 10 17 14	0.65	0.62	3.2	3.3	4.5	1.1	-9999.9	3	85	-9999.9	46	-9999.9	3	20.8	3
2025 10 17 15	0.49	0.45	2.8	3.2	6.1	0.82	-9999.9	3	102	-9999.9	56	-9999.9	3	20.2	3
2025 10 17 16	0.54	0.5	2.6	2.8	5.0	0.92	-9999.9	3	85	-9999.9	48	-9999.9	3	20.5	3
2025 10 17 17	0.73	0.69	3.3	3.3	5.5	1.15	-9999.9	3	75	-9999.9	35	-9999.9	3	21.1	3
2025 10 17 18	0.84	0.8	3.5	3.5	5.3	1.23	-9999.9	3	77	-9999.9	34	-9999.9	3	21.4	3
2025 10 17 19	0.8	0.75	3.1	3.2	5.2	1.29	-9999.9	3	83	-9999.9	37	-9999.9	3	21.1	3
2025 10 17 20	0.87	0.83	3.2	3.3	5.2	1.36	-9999.9	3	81	-9999.9	35	-9999.9	3	21.1	3
2025 10 17 21	0.94	0.9	3.2	3.4	5.1	1.41	-9999.9	3	84	-9999.9	34	-9999.9	3	21.2	3
2025 10 17 22	0.91	0.88	3.3	3.3	4.8	1.39	-9999.9	3	85	-9999.9	35	-9999.9	3	21.2	3
2025 10 17 23	0.89	0.86	3.3	3.3	4.7	1.28	-9999.9	3	90	-9999.9	37	-9999.9	3	21.1	3
2025 10 18 00	0.84	0.79	3.0	3.2	3.9	1.31	-9999.9	3	94	-9999.9	38	-9999.9	3	21.2	3
2025 10 18 01	0.71	0.67	2.9	3.1	4.2	1.12	-9999.9	3	95	-9999.9	42	-9999.9	3	21.2	3
2025 10 18 02	0.72	0.67	3.0	3.0	3.4	1.2	-9999.9	3	92	-9999.9	39	-9999.9	3	21.2	3
2025 10 18 03	0.76	0.72	2.9	3.0	3.6	1.14	-9999.9	3	85	-9999.9	40	-9999.9	3	21.2	3
2025 10 18 04	0.73	0.68	2.8	2.9	3.6	1.17	-9999.9	3	88	-9999.9	41	-9999.9	3	21.2	3
2025 10 18 05	0.68	0.61	2.7	2.8	11.7	0.99	-9999.9	3	84	-9999.9	51	-9999.9	3	21.2	3
2025 10 18 06	0.57	0.52	2.8	2.9	8.2	0.92	-9999.9	3	73	-9999.9	47	-9999.9	3	20.9	3
2025 10 18 07	0.69	0.62	2.7	2.9	8.9	0.96	-9999.9	3	95	-9999.9	46	-9999.9	3	21.1	3
2025 10 18 08	0.69	0.63	2.7	2.8	8.4	1.05	-9999.9	3	106	-9999.9	45	-9999.9	3	21.2	3
2025 10 18 09	-9999.9	-9999.9	-9999.9	-9999.9	-9999.9	-9999.9	-9999.9	3	-9999.9	-9999.9	-9999.9	-9999.9	3	21.3	3
2025 10 18 10	0.68	0.62	2.9	2.9	13.3	1.09	-9999.9	3	106	-9999.9	49	-9999.9	3	21.3	3
2025 10 18 11	0.69	0.65	2.8	2.9	2.9	1.14	-9999.9	3	113	-9999.9	39	-9999.9	3	21.3	3
2025 10 18 12	0.67	0.63	2.9	3.0	3.1	0.98	-9999.9	3	101	-9999.9	39	-9999.9	3	21.3	3
2025 10 18 13	0.82	0.77	3.3	3.3	3.4	1.35	-9999.9	3	91	-9999.9	35	-9999.9	3	21.3	3
2025 10 18 14	0.72	0.67	3.0	3.1	5.9	1.19	-9999.9	3	89	-9999.9	51	-9999.9	3	21.2	3
2025 10 18 15	0.63	0.58	2.7	2.8	17.1	1.03	-9999.9	3	97	-9999.9	50	-9999.9	3	21.1	3
2025 10 18 16	0.6	0.55	2.7	2.9	8.8	1.07	-9999.9	3	98	-9999.9	56	-9999.9	3	21.2	3
2025 10 18 17	0.45	0.41	3.4	3.4	23.8	0.76	-9999.9	3	84	-9999.9	64	-9999.9	3	20.7	3
2025 10 18 18	0.64	0.57	2.9	3.1	5.9	0.95	-9999.9	3	91	-9999.9	52	-9999.9	3	20.4	3
2025 10 18 19	0.79	0.75	3.2	3.2	5.3	1.19	-9999.9	3	80	-9999.9	39	-9999.9	3	20.7	3
2025 10 18 20	0.84	0.79	3.0	3.1	4.7	1.34	-9999.9	3	84	-9999.9	41	-9999.9	3	20.8	3
2025 10 18 21	0.82	0.78	3.1	3.2	5.3	1.26	-9999.9	3	89	-9999.9	42	-9999.9	3	20.9	3
2025 10 18 22	0.86	0.81	3.0	3.1	3.8	1.37	-9999.9	3	92	-9999.9	41	-9999.9	3	20.9	3
2025 10 18 23	0.81	0.77	3.0	3.1	3.7	1.25	-9999.9	3	93	-9999.9	38	-9999.9	3	20.9	3
2025 10 19 00	0.83	0.77	2.9	3.0	3.6	1.33	-9999.9	3	93	-9999.9	35	-9999.9	3	20.9	3
2025 10 19 01	0.79	0.75	3.0	3.0	3.5	1.22	-9999.9	3	94	-9999.9	40	-9999.9	3	21.0	3
2025 10 19 02	0.82	0.78	3.1	3.2	3.6	1.16	-9999.9	3	97	-9999.9	38	-9999.9	3	21.1	3
2025 10 19 03	0.79	0.75	3.2	3.2	3.6	1.29	-9999.9	3	93	-9999.9	42	-9999.9	3	21.2	3
2025 10 19 04	0.82	0.77	3.0	3.0	3.5	1.26	-9999.9	3	91	-9999.9	41	-9999.9	3	21.2	3
2025 10 19 05	0.68	0.62	3.0	3.0	8.3	0.94	-9999.9	3	102	-9999.9	47	-9999.9	3	21.2	3
2025 10 19 06	0.62	0.54	3.1	3.3	22.3	0.87	-9999.9	3	112	-9999.9	54	-9999.9	3	21.2	3
2025 10 19 07	0.66	0.58	2.9	3.1	9.8	1.2	-9999.9	3	101	-9999.9	52	-9999.9	3	20.9	3
2025 10 19 08	0.82	0.73	3.3	3.6	7.0	1.2	-9999.9	3	196	-9999.9	46	-9999.9	3	21.0	3
2025 10 19 09	0.58	0.52	3.2	3.3	9.9	0.79	-9999.9	3	131	-9999.9	49	-9999.9	3	-9999.9	-9999.9
2025 10 19 10	0.64	0.56	3.0	3.2	9.7	0.94	-9999.9	3	137	-9999.9	49	-9999.9	3	21.3	3
2025 10 19 11	0.67	0.6	2.9	3.1	8.6	0.94	-9999.9	3	129	-9999.9	48	-9999.9	3	21.3	3
2025 10 19 12	0.69	0.65	3.1	3.2	5.5	1.16	-9999.9	3	121	-9999.9	40	-9999.9	3	21.4	3
2025 10 19 13	0.71	0.64	3.4	3.4	7.6	1.03	-9999.9	3	132	-9999.9	43	-9999.9	3	21.4	3
2025 10 19 14	0.75	0.69	3.5	3.5	6.6	1.2	-9999.9	3	135	-9999.9	45	-9999.9	3	21.4	3
2025 10 19 15	0.66	0.61	3.5	3.7	9.3	1.0	-9999.9	3	143	-9999.9	42	-9999.9	3	21.1	3
2025 10 19 16	0.68	0.6	3.4	3.7	10.0	1.17	-9999.9	3	176	-9999.9	49	-9999.9	3	21.1	3
2025 10 19 17	0.56	0.51	4.8	5.3	10.0	0.9	-9999.9	3	222	-9999.9	58	-9999.9	3	21.1	3
2025 10 19 18	0.61	0.59	6.4	6.3	10.2	1.02	-9999.9	3	225	-9999.9	55	-9999.9	3	20.0	3
2025 10 19 19	0.6	0.56	4.0	4.3	9.7	0.98	-9999.9	3	160	-9999.9	35	-9999.9	3	20.1	3
2025 10 19 20	0.66	0.61	3.5	3.7	7.4	1.07	-9999.9	3	98	-9999.9	35	-9999.9	3	20.2	3
2025 10 19 21	0.67	0.59	3.3	3.5	10.1	1.18	-9999.9	3	148	-9999.9	38	-9999.9	3	19.9	3
2025 10 19 22	0.65	0.59	3.9	3.9	10.4	1.01	-9999.9	3	176	-9999.9	33	-9999.9	3	19.9	3
2025 10 19 23	0.63	0.57	3.8	4.1	9.6	0.97	-9999.9	3	168	-9999.9	37	-9999.9	3	20.0	3
2025 10 20 00	0.58	0.53	4.1	4.5	8.8	0.88	-9999.9	3	185	-9999.9	44	-9999.9	3	20.1	3
2025 10 20 01	0.63	0.57	4.3	4.4	9.3	1.22	-9999.9	3	177	-9999.9	41	-9999.9	3	19.9	3
2025 10 20 02	0.75	0.72	5.5	5.9	8.4	1.26	-9999.9	3	218	-9999.9	32	-9999.9	3	19.9	3
2025 10 20 03	0.49	0.46	5.3	5.6	8.6	0.83	-9999.9	3	210	-9999.9	50	-9999.9	3	19.9	3
2025 10 20 04	0.61	0.57	5.9	5.8	9.3	1.05	-9999.9	3	212	-9999.9	54	-9999.9	3	20.4	3
2025 10 20 05	0.64	0.6	5.7	5.6	8.2	1.22	-9999.9	3	221	-9999.9	44	-9999.9	3	20.6	3
2025 10 20 06	0.56	0.51	5.2	5.6	9.8	0.85	-9999.9	3	233	-9999.9	54	-9999.9	3	20.2	3
2025 10 20 07	0.54	0.49	6.2	6.0	10.3	0.83	-9999.9	3	241	-9999.9	59	-9999.9	3	19.4	3
2025 10 20 08	0.75	0.68	4.7	4.8	9.1	1.25	-9999.9	3	231	-9999.9	37	-9999.9	3	19.7	3
2025 10 20 09	0.68	0.62	3.5	3.5	4.2	1.12	-9999.9	3	228	-9999.9	34	-9999.9	3	19.8	3
2025 10 20 10	0.64	0.58	3.6	3.6	7.4	0.98	-9999.9	3	234	-9999.9	37	-9999.9	3	19.8	3
2025 10 20 11	0.6	0.52	3.5	3.8	8.0	0.88	-9999.9	3	235	-9999.9	35	-9999.9	3	20.5	3
2025 10 20 12	0.65	0.57	3.6	3.8	9.4	1.01	-9999.9	3	233	-9999.9	33	-9999.9	3	20.5	3
2025 10 20 13	0.6	0.54	3.3	3.4	8.9	1.06	-9999.9	3	234	-9999.9	36	-9999.9	3	20.1	3
2025 10 20 14	0.54	0.5	4.2	4.3	8.9	0.91	-9999.9	3	182	-9999.9	59	-9999.9	3	19.4	3
2025 10 20 15	0.52	0.46	3.9	4.2	9.3	0.78	-9999.9	3	166	-9999.9	54	-9999.9	3	18.7	3
2025 10 20 16	0.61	0.57	5.7	5.6	8.7	0.88	-9999.9	3	161	-9999.9	57	-9999.9	3	18.4	3
2025 10 20 17	0.64	0.6	3.8	4.1	9.1	1.18	-9999.9	3	182	-9999.9	44	-9999.9	3	18.3	3
2025 10 20 18	0.62	0.55	4.5	4.6	7.1	0.93	-9999.9	3	217	-9999.9	59	-9999.9	3	18.7	3
2025 10 20 19	0.47	0.42	4.2	4.2	9.3	0.68	-9999.9	3	241	-9999.9	46	-9999.9	3	18.7	3
2025 10 20 20	0.46	0.4	3.4	3.8	9.9	0.68	-9999.9	3	225	-9999.9	38	-9999.9	3	18.8	3
2025 10 20 21	0.43	0.39	2.8	3.0	10.1	0.7	-9999.9	3	214	-9999.9	40	-9999.9	3	18.7	3
2025 10 20 22	0.49	0.43	3.4	3.6	10.0	0.7	-9999.9	3	222	-9999.9	34	-9999.9	3	18.8	3
2025 10 20 23	0.53	0.48	3.3	3.3	10.0	0.78	-9999.9	3	221	-9999.9	37	-9999.9	3	18.8	3
2025 10 21 00	0.49	0.44	3.0	3.1	9.8	0.85	-9999.9	3	208	-9999.9	42	-9999.9	3	18.7	3
2025 10 21 01	0.54	0.48	3.3	3.4	9.4	0.85	-9999.9	3	213	-9999.9	40	-9999.9	3	18.7	3
2025 10 21 02	0.56	0.49	3.4	3.6	8.9	0.89	-9999.9	3	194	-9999.9	39	-9999.9	3	17.7	3
2025 10 21 03	-9999.9	-9999.9	-9999.9	-9999.9	-9999.9	-9999.9	-9999.9	3	-9999.9	-9999.9	-9999.9	-9999.9	3	18.8	3
2025 10 21 04	0.46	0.4	5.6	5.5	21.7	0.6	-9999.9	3	201	-9999.9	62	-9999.9	3	18.8	3
2025 10 21 05	0.52	0.45	4.8	4.8	15.4	0.8	-9999.9	3	180	-9999.9	62	-9999.9	3	18.7	3
2025 10 21 06	0.48	0.44	4.1	4.1	9.4	0.66	-9999.9	3	193	-9999.9	54	-9999.9	3	17.4	3
2025 10 21 07	0.44	0.39	4.2	4.2	22.3	0.67	-9999.9	3	219	-9999.9	61	-9999.9	3	18.2	3
2025 10 21 08	0.5	0.48	3.6	3.8	7.2	0.91	-9999.9	3	214	-9999.9	37	-9999.9	3	18.2	3
2025 10 21 09	0.43	0.39	3.0	3.2	8.3	0.79	-9999.9	3	216	-9999.9	46	-9999.9	3	19.2	3
2025 10 21 10	0.45	0.41	3.0	3.1	9.3	0.72	-9999.9	3	216	-9999.9	45	-9999.9	3	18.5	3
2025 10 21 11	0.44	0.4	3.0	3.2	9.1	0.66	-9999.9	3	224	-9999.9	36	-9999.9	3	18.5	3
2025 10 21 12	0.44	0.4	3.0	3.1	9.0	0.64	-9999.9	3	223	-9999.9	39	-9999.9	3	18.6	3
2025 10 21 13	0.46	0.41	3.3	3.4	8.6	0.75	-9999.9	3	210	-9999.9	43	-9999.9	3	18.7	3
2025 10 21 14	0.49	0.45	3.4	3.6	8.0	0.75	-9999.9	3	201	-9999.9	38	-9999.9	3	18.2	3
2025 10 21 16	0.52	0.44	5.2	5.2	19.8	0.75	-9999.9	3	188	-9999.9	61	-9999.9	3	18.0	3
2025 10 21 17	0.55	0.49	5.2	5.1	22.3	0.82	-9999.9	3	187	-9999.9	62	-9999.9	3	18.5	3
2025 10 21 18	0.52	0.48	3.5	3.6	6.9	0.89	-9999.9	3	188	-9999.9	53	-9999.9	3	18.4	3
2025 10 21 19	0.48	0.43	3.2	3.2	7.8	0.69	-9999.9	3	212	-9999.9	45	-9999.9	3	17.4	3
2025 10 21 20	0.38	0.34	3.1	3.3	18.6	0.62	-9999.9	3	227	-9999.9	56	-9999.9	3	19.2	3
2025 10 21 21	0.48	0.44	2.8	2.9	18.4	0.72	-9999.9	3	200	-9999.9	53	-9999.9	3	19.0	3
2025 10 21 22	0.5	0.45	2.7	2.8	23.7	0.79	-9999.9	3	191	-9999.9	52	-9999.9	3	18.8	3
2025 10 21 23	0.55	0.5	2.6	2.8	19.9	0.83	-9999.9	3	200	-9999.9	44	-9999.9	3	19.3	3
2025 10 22 00	0.47	0.43	2.7	2.9	10.5	0.73	-9999.9	3	206	-9999.9	47	-9999.9	3	19.2	3
2025 10 22 01	0.53	0.47	2.9	3.1	10.0	0.79	-9999.9	3	199	-9999.9	42	-9999.9	3	18.8	3
2025 10 22 02	0.45	0.41	3.2	3.3	7.6	0.68	-9999.9	3	198	-9999.9	40	-9999.9	3	18.1	3
2025 10 22 03	-9999.9	-9999.9	-9999.9	-9999.9	-9999.9	-9999.9	-9999.9	3	-9999.9	-9999.9	-9999.9	-9999.9	3	17.9	3
2025 10 22 04	0.48	0.42	4.7	4.7	14.3	0.68	-9999.9	3	170	-9999.9	60	-9999.9	3	-9999.9	-9999.9
2025 10 22 05	0.48	0.42	5.0	4.8	16.0	0.66	-9999.9	3	201	-9999.9	58	-9999.9	3	18.6	3
2025 10 22 06	0.52	0.47	4.2	4.1	5.3	0.77	-9999.9	3	179	-9999.9	61	-9999.9	3	17.7	3
2025 10 22 07	0.42	0.38	3.9	4.0	7.4	0.63	-9999.9	3	142	-9999.9	66	-9999.9	3	18.2	3
2025 10 22 08	0.43	0.39	4.3	4.4	7.2	0.8	-9999.9	3	228	-9999.9	50	-9999.9	3	18.8	3
2025 10 22 09	0.35	0.31	4.0	4.2	8.1	0.5	-9999.9	3	195	-9999.9	53	-9999.9	3	19.0	3
2025 10 22 10	0.36	0.34	4.1	4.2	9.7	0.53	-9999.9	3	191	-9999.9	52	-9999.9	3	18.0	3
2025 10 22 11	0.28	0.26	3.0	4.0	9.7	0.48	-9999.9	3	195	-9999.9	58	-9999.9	3	19.0	3
2025 10 22 12	0.37	0.34	2.8	3.1	9.7	0.68	-9999.9	3	217	-9999.9	44	-9999.9	3	19.5	3
2025 10 22 13	0.46	0.41	3.1	3.5	10.0	0.72	-9999.9	3	211	-9999.9	49	-9999.9	3	19.5	3
2025 10 22 14	0.47	0.41	3.7	4.0	7.5	0.72	-9999.9	3	203	-9999.9	48	-9999.9	3	19.1	3
2025 10 22 15	0.49	0.45	3.7	3.7	10.4	0.78	-9999.9	3	193	-9999.9	41	-9999.9	3	16.8	3
2025 10 22 16	0.48	0.43	5.2	4.9	21.6	0.61	-9999.9	3	178	-9999.9	61	-9999.9	3	18.6	3
2025 10 22 17	0.52	0.47	6.3	5.8	27.0	0.81	-9999.9	3	186	-9999.9	65	-9999.9	3	18.5	3
2025 10 22 18	0.53	0.47	4.6	4.5	7.4	0.87	-9999.9	3	182	-9999.9	62	-9999.9	3	18.7	3
2025 10 22 19	0.44	0.39	4.6	4.6	10.7	0.66	-9999.9	3	144	-9999.9	64	-9999.9	3	17.9	3
2025 10 22 20	0.36	0.31	3.8	3.8	26.0	0.51	-9999.9	3	151	-9999.9	68	-9999.9	3	19.2	3
2025 10 22 21	0.33	0.3	2.9	3.5	10.4	0.5	-9999.9	3	156	-9999.9	58	-9999.9	3	19.4	3
2025 10 22 22	0.37	0.31	3.4	3.8	21.4	0.66	-9999.9	3	162	-9999.9	62	-9999.9	3	19.0	3
2025 10 22 23	0.33	0.29	2.6	2.8	11.2	0.57	-9999.9	3	168	-9999.9	56	-9999.9	3	19.5	3
2025 10 23 00	0.33	0.28	2.6	2.9	14.0	0.49	-9999.9	3	191	-9999.9	55	-9999.9	3	19.4	3
2025 10 23 01	0.31	0.28	3.9	4.4	10.3	0.43	-9999.9	3	189	-9999.9	60	-9999.9	3	19.0	3
2025 10 23 02	0.37	0.32	4.1	4.4	10.2	0.6	-9999.9	3	180	-9999.9	58	-9999.9	3	18.8	3
2025 10 23 04	0.42	0.39	7.4	7.0	29.1	0.61	-9999.9	3	167	-9999.9	66	-9999.9	3	18.8	3
2025 10 23 05	0.45	0.41	7.4	7.2	26.1	0.69	-9999.9	3	187	-9999.9	69	-9999.9	3	18.4	3
2025 10 23 06	0.49	0.44	6.6	6.4	11.8	0.78	-9999.9	3	184	-9999.9	65	-9999.9	3	18.3	3
2025 10 23 07	0.41	0.37	5.1	5.5	16.4	0.6	-9999.9	3	173	-9999.9	69	-9999.9	3	18.5	3
2025 10 23 08	0.51	0.47	5.0	5.2	6.7	0.75	-9999.9	3	172	-9999.9	52	-9999.9	3	18.2	3
2025 10 23 09	0.36	0.32	4.8	5.1	10.5	0.56	-9999.9	3	197	-9999.9	59	-9999.9	3	18.4	3
2025 10 23 10	0.48	0.43	4.8	5.3	9.4	0.79	-9999.9	3	163	-9999.9	62	-9999.9	3	18.2	3
2025 10 23 11	0.4	0.34	3.6	4.6	8.9	0.61	-9999.9	3	180	-9999.9	58	-9999.9	3	19.1	3
2025 10 23 12	0.35	0.3	2.6	3.1	12.2	0.54	-9999.9	3	192	-9999.9	55	-9999.9	3	19.4	3
2025 10 23 13	0.45	0.39	3.4	3.7	10.1	0.68	-9999.9	3	204	-9999.9	48	-9999.9	3	19.1	3
2025 10 23 14	0.46	0.4	3.3	3.6	7.4	0.67	-9999.9	3	210	-9999.9	44	-9999.9	3	18.6	3
2025 10 23 15	0.49	0.42	4.5	4.7	12.2	0.77	-9999.9	3	175	-9999.9	60	-9999.9	3	18.0	3
2025 10 23 16	0.49	0.43	4.4	4.5	10.1	0.82	-9999.9	3	178	-9999.9	63	-9999.9	3	17.9	3
2025 10 23 17	0.48	0.41	4.8	4.9	20.0	0.7	-9999.9	3	173	-9999.9	61	-9999.9	3	18.3	3
2025 10 23 18	0.53	0.47	6.5	6.0	25.2	0.83	-9999.9	3	185	-9999.9	66	-9999.9	3	18.4	3
2025 10 23 19	0.51	0.45	4.8	4.7	13.1	0.66	-9999.9	3	167	-9999.9	66	-9999.9	3	18.5	3
2025 10 23 20	0.46	0.41	4.8	4.7	11.9	0.67	-9999.9	3	146	-9999.9	68	-9999.9	3	18.7	3
2025 10 23 21	0.4	0.35	3.8	4.0	11.1	0.81	-9999.9	3	198	-9999.9	54	-9999.9	3	18.6	3
2025 10 23 22	0.45	0.4	4.4	4.4	10.7	0.82	-9999.9	3	207	-9999.9	44	-9999.9	3	17.9	3
2025 10 23 23	0.42	0.38	4.3	4.3	11.2	0.61	-9999.9	3	155	-9999.9	53	-9999.9	3	18.2	3
2025 10 24 00	0.37	0.31	3.6	3.7	12.3	0.6	-9999.9	3	170	-9999.9	57	-9999.9	3	18.5	3
2025 10 24 01	0.4	0.34	3.6	3.8	10.9	0.63	-9999.9	3	203	-9999.9	47	-9999.9	3	18.8	3
2025 10 24 02	0.53	0.48	5.6	5.7	11.0	0.78	-9999.9	3	217	-9999.9	54	-9999.9	3	19.2	3
2025 10 24 03	0.5	0.45	4.8	4.9	10.9	0.68	-9999.9	3	178	-9999.9	61	-9999.9	3	18.4	3
2025 10 24 04	0.5	0.46	7.5	7.5	12.7	0.87	-9999.9	3	169	-9999.9	61	-9999.9	3	19.1	3
2025 10 24 05	0.48	0.43	6.4	6.3	26.1	0.77	-9999.9	3	165	-9999.9	67	-9999.9	3	18.6	3
2025 10 24 06	0.52	0.48	6.4	6.4	11.2	0.82	-9999.9	3	173	-9999.9	63	-9999.9	3	18.2	3
2025 10 24 07	0.53	0.46	4.6	4.7	9.9	0.81	-9999.9	3	162	-9999.9	62	-9999.9	3	18.1	3
2025 10 24 08	0.54	0.5	4.4	4.5	7.6	0.86	-9999.9	3	202	-9999.9	37	-9999.9	3	17.1	3
2025 10 24 09	0.45	0.38	4.3	4.6	14.4	0.63	-9999.9	3	161	-9999.9	67	-9999.9	3	18.2	3
2025 10 24 10	0.43	0.37	4.3	4.5	13.1	0.67	-9999.9	3	168	-9999.9	63	-9999.9	3	18.9	3
2025 10 24 11	0.5	0.42	3.2	3.5	15.3	0.82	-9999.9	3	184	-9999.9	58	-9999.9	3	19.2	3
2025 10 24 12	0.46	0.4	3.3	3.5	11.9	0.73	-9999.9	3	217	-9999.9	49	-9999.9	3	19.6	3
2025 10 24 13	0.47	0.43	3.9	4.0	10.3	0.75	-9999.9	3	208	-9999.9	44	-9999.9	3	19.2	3
2025 10 24 14	0.57	0.53	4.5	4.7	7.3	0.84	-9999.9	3	221	-9999.9	33	-9999.9	3	18.7	3
2025 10 24 15	0.55	0.48	4.2	4.3	10.0	0.9	-9999.9	3	195	-9999.9	49	-9999.9	3	18.3	3
2025 10 24 16	0.49	0.44	4.7	4.7	9.7	0.75	-9999.9	3	192	-9999.9	58	-9999.9	3	16.4	3
2025 10 24 17	0.61	0.55	5.3	5.4	19.2	0.92	-9999.9	3	186	-9999.9	68	-9999.9	3	17.6	3
2025 10 24 18	0.63	0.58	5.6	5.2	9.9	0.81	-9999.9	3	172	-9999.9	60	-9999.9	3	18.1	3
2025 10 24 19	0.6	0.54	5.4	5.4	10.1	0.91	-9999.9	3	177	-9999.9	63	-9999.9	3	18.1	3
2025 10 24 20	0.49	0.44	4.1	4.0	10.2	0.69	-9999.9	3	167	-9999.9	65	-9999.9	3	18.0	3
2025 10 24 21	0.42	0.36	4.1	4.2	20.8	0.66	-9999.9	3	138	-9999.9	67	-9999.9	3	17.8	3
2025 10 24 22	0.41	0.38	4.5	4.5	10.7	0.6	-9999.9	3	187	-9999.9	52	-9999.9	3	17.9	3
2025 10 24 23	0.47	0.42	5.3	5.5	10.4	0.71	-9999.9	3	198	-9999.9	45	-9999.9	3	17.7	3
2025 10 25 00	0.34	0.3	3.8	4.2	10.1	0.49	-9999.9	3	200	-9999.9	45	-9999.9	3	18.0	3
2025 10 25 01	0.39	0.35	3.8	3.8	11.0	0.57	-9999.9	3	186	-9999.9	46	-9999.9	3	18.3	3
2025 10 25 02	0.4	0.37	4.4	4.3	11.0	0.57	-9999.9	3	206	-9999.9	43	-9999.9	3	17.7	3
2025 10 25 03	0.41	0.37	4.1	4.4	10.9	0.64	-9999.9	3	212	-9999.9	45	-9999.9	3	17.5	3
2025 10 25 04	0.39	0.35	3.7	4.2	10.4	0.58	-9999.9	3	187	-9999.9	55	-9999.9	3	17.6	3
2025 10 25 05	0.44	0.4	6.2	6.1	9.9	0.74	-9999.9	3	159	-9999.9	66	-9999.9	3	17.9	3
2025 10 25 06	0.48	0.45	6.8	6.9	10.3	0.67	-9999.9	3	176	-9999.9	65	-9999.9	3	17.9	3
2025 10 25 07	0.48	0.43	5.4	5.3	10.4	0.67	-9999.9	3	183	-9999.9	65	-9999.9	3	18.1	3
2025 10 25 08	0.41	0.36	4.6	4.6	9.5	0.56	-9999.9	3	146	-9999.9	65	-9999.9	3	18.2	3
2025 10 25 09	0.39	0.34	4.4	4.6	10.9	0.57	-9999.9	3	186	-9999.9	68	-9999.9	3	18.4	3
2025 10 25 10	0.46	0.37	3.4	3.9	14.1	0.62	-9999.9	3	171	-9999.9	64	-9999.9	3	18.5	3
2025 10 25 11	0.39	0.33	3.1	3.5	10.6	0.58	-9999.9	3	202	-9999.9	60	-9999.9	3	19.2	3
2025 10 25 12	0.41	0.36	2.8	3.2	11.4	0.61	-9999.9	3	196	-9999.9	50	-9999.9	3	19.0	3
2025 10 25 13	0.43	0.37	3.0	3.4	8.3	0.8	-9999.9	3	211	-9999.9	45	-9999.9	3	19.2	3
2025 10 25 14	0.44	0.39	2.8	3.1	9.4	0.67	-9999.9	3	218	-9999.9	39	-9999.9	3	18.4	3
2025 10 25 15	0.54	0.5	3.2	3.4	9.9	0.87	-9999.9	3	200	-9999.9	43	-9999.9	3	18.0	3
2025 10 25 16	0.52	0.47	4.1	4.3	9.6	0.79	-9999.9	3	198	-9999.9	49	-9999.9	3	17.1	3
2025 10 25 17	0.48	0.44	3.6	3.7	9.0	0.89	-9999.9	3	194	-9999.9	45	-9999.9	3	16.3	3
2025 10 25 18	0.53	0.48	5.0	5.1	13.6	0.86	-9999.9	3	176	-9999.9	60	-9999.9	3	17.6	3
2025 10 25 19	0.52	0.46	5.0	5.1	11.0	0.71	-9999.9	3	171	-9999.9	63	-9999.9	3	18.1	3
2025 10 25 20	0.52	0.46	4.6	4.9	9.3	0.86	-9999.9	3	163	-9999.9	62	-9999.9	3	18.2	3
2025 10 25 21	0.44	0.39	3.6	3.6	10.9	0.6	-9999.9	3	150	-9999.9	65	-9999.9	3	18.5	3
2025 10 25 22	0.46	0.41	3.0	3.2	12.3	0.73	-9999.9	3	189	-9999.9	59	-9999.9	3	17.8	3
2025 10 25 23	0.54	0.48	2.8	3.0	9.4	0.72	-9999.9	3	218	-9999.9	47	-9999.9	3	17.6	3
2025 10 26 00	0.63	0.58	2.9	3.0	3.2	1.06	-9999.9	3	192	-9999.9	40	-9999.9	3	17.8	3
2025 10 26 01	0.58	0.54	2.9	3.1	6.2	0.81	-9999.9	3	211	-9999.9	48	-9999.9	3	18.2	3
2025 10 26 02	0.69	0.66	3.2	3.3	4.0	1.09	-9999.9	3	218	-9999.9	34	-9999.9	3	17.7	3
2025 10 26 03	0.87	0.82	3.2	3.3	3.7	1.5	-9999.9	3	225	-9999.9	30	-9999.9	3	17.6	3
2025 10 26 04	0.64	0.59	3.1	3.2	7.3	0.89	-9999.9	3	196	-9999.9	42	-9999.9	3	17.5	3
2025 10 26 05	0.6	0.55	3.9	3.7	11.6	1.12	-9999.9	3	173	-9999.9	53	-9999.9	3	18.1	3
2025 10 26 06	0.64	0.57	3.5	3.5	15.1	1.04	-9999.9	3	180	-9999.9	47	-9999.9	3	18.2	3
2025 10 26 07	0.67	0.6	3.9	3.8	15.7	0.98	-9999.9	3	187	-9999.9	52	-9999.9	3	18.5	3
2025 10 26 08	-9999.9	-9999.9	-9999.9	-9999.9	-9999.9	-9999.9	-9999.9	3	-9999.9	-9999.9	-9999.9	-9999.9	3	18.4	3
2025 10 26 09	0.65	0.59	3.4	3.3	6.8	0.92	-9999.9	3	185	-9999.9	55	-9999.9	3	19.2	3
2025 10 26 10	0.61	0.54	3.4	3.3	25.5	0.8	-9999.9	3	192	-9999.9	59	-9999.9	3	19.0	3
2025 10 26 11	0.62	0.57	3.0	3.0	-9999.9	1.04	-9999.9	3	204	-9999.9	47	-9999.9	3	19.0	3
2025 10 26 12	0.61	0.55	3.0	3.2	-9999.9	1.01	-9999.9	3	183	-9999.9	48	-9999.9	3	19.1	3
2025 10 26 13	0.49	0.46	2.9	3.0	12.2	0.84	-9999.9	3	194	-9999.9	51	-9999.9	3	19.4	3
2025 10 26 14	0.47	0.43	3.2	3.4	8.0	0.79	-9999.9	3	201	-9999.9	45	-9999.9	3	18.9	3
2025 10 26 15	0.54	0.5	3.5	3.7	7.2	1.04	-9999.9	3	210	-9999.9	44	-9999.9	3	18.8	3
2025 10 26 16	0.54	0.5	3.3	3.4	4.9	0.93	-9999.9	3	203	-9999.9	43	-9999.9	3	18.3	3
2025 10 26 17	0.48	0.43	4.3	4.4	10.0	0.8	-9999.9	3	188	-9999.9	60	-9999.9	3	18.1	3
2025 10 26 18	0.52	0.49	3.8	3.9	7.5	1.06	-9999.9	3	193	-9999.9	41	-9999.9	3	17.7	3
2025 10 26 19	0.48	0.45	4.9	4.8	7.3	0.68	-9999.9	3	170	-9999.9	57	-9999.9	3	18.0	3
2025 10 26 20	0.45	0.4	5.4	5.1	26.2	0.62	-9999.9	3	155	-9999.9	66	-9999.9	3	18.8	3
2025 10 26 21	0.47	0.41	4.0	4.1	24.5	0.78	-9999.9	3	163	-9999.9	65	-9999.9	3	18.9	3
2025 10 26 22	0.43	0.37	4.4	4.3	21.2	0.62	-9999.9	3	139	-9999.9	67	-9999.9	3	18.5	3
2025 10 26 23	0.4	0.35	4.0	4.2	25.4	0.52	-9999.9	3	159	-9999.9	69	-9999.9	3	19.0	3
2025 10 27 00	0.4	0.35	4.4	4.2	28.7	0.51	-9999.9	3	140	-9999.9	62	-9999.9	3	18.6	3
2025 10 27 01	0.33	0.28	4.0	4.2	22.9	0.5	-9999.9	3	132	-9999.9	62	-9999.9	3	18.3	3
2025 10 27 02	0.28	0.25	3.5	3.7	8.1	0.52	-9999.9	3	172	-9999.9	53	-9999.9	3	17.8	3
2025 10 27 03	0.4	0.37	4.0	3.9	7.3	0.61	-9999.9	3	227	-9999.9	36	-9999.9	3	17.8	3
2025 10 27 04	0.45	0.43	3.5	3.7	5.3	0.79	-9999.9	3	220	-9999.9	37	-9999.9	3	17.9	3
2025 10 27 05	0.36	0.32	4.4	4.3	8.0	0.5	-9999.9	3	174	-9999.9	61	-9999.9	3	18.5	3
2025 10 27 06	0.3	0.28	3.9	4.0	7.4	0.55	-9999.9	3	165	-9999.9	51	-9999.9	3	17.9	3
2025 10 27 07	0.38	0.33	5.5	5.5	21.3	0.53	-9999.9	3	156	-9999.9	64	-9999.9	3	18.5	3
2025 10 27 08	0.46	0.4	4.7	4.5	15.4	0.6	-9999.9	3	138	-9999.9	61	-9999.9	3	18.0	3
2025 10 27 09	0.46	0.42	4.4	4.3	13.4	0.64	-9999.9	3	103	-9999.9	59	-9999.9	3	18.7	3
2025 10 27 10	0.52	0.47	3.8	3.8	8.4	0.8	-9999.9	3	84	-9999.9	52	-9999.9	3	18.6	3
2025 10 27 11	0.46	0.42	4.2	4.3	6.7	0.58	-9999.9	3	142	-9999.9	52	-9999.9	3	18.3	3
2025 10 27 12	0.46	0.41	3.8	3.9	8.8	0.73	-9999.9	3	94	-9999.9	52	-9999.9	3	19.1	3
2025 10 27 13	0.6	0.56	3.6	3.6	4.3	1.08	-9999.9	3	80	-9999.9	38	-9999.9	3	19.3	3
2025 10 27 14	0.65	0.63	3.6	3.6	4.1	1.02	-9999.9	3	79	-9999.9	36	-9999.9	3	19.9	3
2025 10 27 15	0.7	0.65	3.7	3.7	4.3	1.29	-9999.9	3	76	-9999.9	35	-9999.9	3	19.3	3
2025 10 27 16	0.65	0.61	3.4	3.5	5.0	1.12	-9999.9	3	71	-9999.9	37	-9999.9	3	20.1	3
2025 10 27 17	0.74	0.69	4.0	3.9	4.6	1.33	-9999.9	3	71	-9999.9	41	-9999.9	3	19.5	3
2025 10 27 18	0.6	0.58	3.8	3.8	5.3	0.94	-9999.9	3	91	-9999.9	43	-9999.9	3	18.3	3
2025 10 27 19	0.46	0.44	3.4	3.4	5.0	0.76	-9999.9	3	81	-9999.9	46	-9999.9	3	18.2	3
2025 10 27 20	0.55	0.51	5.3	5.2	7.9	1.06	-9999.9	3	116	-9999.9	56	-9999.9	3	18.6	3
2025 10 27 21	0.77	0.73	5.2	5.1	5.3	1.28	-9999.9	3	82	-9999.9	54	-9999.9	3	18.8	3
2025 10 27 22	0.76	0.7	5.1	5.0	6.2	1.19	-9999.9	3	81	-9999.9	51	-9999.9	3	18.3	3
2025 10 27 23	0.74	0.68	5.0	5.0	7.4	1.21	-9999.9	3	86	-9999.9	55	-9999.9	3	18.8	3
2025 10 28 00	0.71	0.65	4.2	4.2	5.2	1.1	-9999.9	3	77	-9999.9	42	-9999.9	3	19.2	3
2025 10 28 01	0.72	0.67	3.9	3.9	4.5	0.94	-9999.9	3	75	-9999.9	37	-9999.9	3	18.9	3
2025 10 28 02	0.64	0.61	3.6	3.6	4.5	1.16	-9999.9	3	68	-9999.9	29	-9999.9	3	18.5	3
2025 10 28 03	0.55	0.53	3.0	3.1	4.2	0.88	-9999.9	3	81	-9999.9	40	-9999.9	3	18.6	3
2025 10 28 04	0.44	0.39	3.1	3.6	11.2	0.7	-9999.9	3	121	-9999.9	60	-9999.9	3	18.8	3
2025 10 28 05	0.45	0.43	2.7	3.1	4.7	0.75	-9999.9	3	109	-9999.9	47	-9999.9	3	18.9	3
2025 10 28 06	0.38	0.36	3.1	3.1	4.4	0.64	-9999.9	3	76	-9999.9	37	-9999.9	3	19.5	3
2025 10 28 07	0.37	0.35	2.9	2.9	10.0	0.56	-9999.9	3	69	-9999.9	48	-9999.9	3	19.0	3
2025 10 28 08	0.77	0.71	4.5	4.5	5.4	1.31	-9999.9	3	82	-9999.9	45	-9999.9	3	18.6	3
2025 10 28 09	0.95	0.9	4.9	4.8	5.9	1.76	-9999.9	3	66	-9999.9	42	-9999.9	3	18.7	3
2025 10 28 10	0.87	0.81	4.5	4.5	6.2	1.39	-9999.9	3	70	-9999.9	41	-9999.9	3	19.3	3
2025 10 28 11	0.79	0.73	4.0	4.0	6.2	1.2	-9999.9	3	67	-9999.9	41	-9999.9	3	19.0	3
2025 10 28 12	0.95	0.89	4.3	4.4	6.1	1.44	-9999.9	3	68	-9999.9	33	-9999.9	3	18.9	3
2025 10 28 13	0.94	0.88	4.2	4.3	5.9	1.31	-9999.9	3	73	-9999.9	33	-9999.9	3	19.6	3
2025 10 28 14	1.01	0.95	4.3	4.2	5.9	1.51	-9999.9	3	75	-9999.9	31	-9999.9	3	20.2	3
2025 10 28 15	0.93	0.89	4.1	3.9	6.0	1.57	-9999.9	3	77	-9999.9	36	-9999.9	3	20.1	3
2025 10 28 16	0.94	0.9	3.7	3.7	5.6	1.46	-9999.9	3	77	-9999.9	33	-9999.9	3	20.3	3
2025 10 28 17	1.07	1.02	4.1	4.0	5.9	1.79	-9999.9	3	79	-9999.9	29	-9999.9	3	21.0	3
2025 10 28 18	1.15	1.08	4.3	4.2	5.6	1.73	-9999.9	3	81	-9999.9	32	-9999.9	3	20.8	3
2025 10 28 19	1.05	1.02	4.1	4.2	5.8	1.67	-9999.9	3	82	-9999.9	31	-9999.9	3	20.9	3
2025 10 28 20	0.97	0.93	4.4	4.4	5.4	1.49	-9999.9	3	56	-9999.9	27	-9999.9	3	20.1	3
2025 10 28 21	0.5	0.47	3.0	3.2	5.2	0.85	-9999.9	3	71	-9999.9	38	-9999.9	3	19.8	3
2025 10 28 22	0.42	0.39	2.7	2.8	4.4	0.65	-9999.9	3	58	-9999.9	40	-9999.9	3	19.8	3
2025 10 28 23	0.47	0.44	3.2	3.2	6.9	0.76	-9999.9	3	94	-9999.9	42	-9999.9	3	19.7	3
2025 10 29 00	0.36	0.33	3.1	3.5	7.6	0.56	-9999.9	3	155	-9999.9	56	-9999.9	3	19.5	3
2025 10 29 01	0.38	0.33	6.9	7.2	-9999.9	0.57	-9999.9	3	272	-9999.9	71	-9999.9	3	20.4	3
2025 10 29 02	0.36	0.33	5.6	5.9	11.4	0.58	-9999.9	3	265	-9999.9	62	-9999.9	3	20.4	3
2025 10 29 03	0.35	0.32	3.9	4.5	6.6	0.61	-9999.9	3	204	-9999.9	52	-9999.9	3	20.3	3
2025 10 29 04	0.34	0.32	3.1	3.7	7.6	0.68	-9999.9	3	169	-9999.9	52	-9999.9	3	20.2	3
2025 10 29 05	0.35	0.32	3.4	3.5	7.1	0.54	-9999.9	3	161	-9999.9	55	-9999.9	3	20.3	3
2025 10 29 06	0.41	0.38	4.8	4.6	9.0	0.66	-9999.9	3	146	-9999.9	60	-9999.9	3	20.4	3
2025 10 29 07	0.44	0.41	5.3	5.3	6.4	0.6	-9999.9	3	103	-9999.9	61	-9999.9	3	20.0	3
2025 10 29 08	0.48	0.47	3.9	4.0	6.0	0.85	-9999.9	3	152	-9999.9	57	-9999.9	3	19.6	3
2025 10 29 09	0.71	0.67	3.3	3.4	5.9	1.22	-9999.9	3	187	-9999.9	48	-9999.9	3	19.6	3
2025 10 29 10	0.91	0.84	3.8	3.7	5.8	1.51	-9999.9	3	168	-9999.9	57	-9999.9	3	19.7	3
2025 10 29 11	1.03	0.95	4.3	4.1	7.9	1.56	-9999.9	3	184	-9999.9	57	-9999.9	3	20.3	3
2025 10 29 12	1.28	1.22	4.0	4.1	6.4	1.96	-9999.9	3	209	-9999.9	41	-9999.9	3	20.1	3
2025 10 29 13	0.93	0.87	4.2	4.1	6.7	1.5	-9999.9	3	204	-9999.9	47	-9999.9	3	20.2	3
2025 10 29 14	1.3	1.28	4.4	4.2	7.1	1.85	-9999.9	3	206	-9999.9	37	-9999.9	3	19.5	3
2025 10 29 15	1.28	1.22	4.2	4.3	7.7	2.15	-9999.9	3	207	-9999.9	32	-9999.9	3	19.5	3
2025 10 29 16	1.05	1.0	4.1	4.2	8.0	1.67	-9999.9	3	204	-9999.9	41	-9999.9	3	19.7	3
2025 10 29 17	1.38	1.31	5.2	5.0	9.1	1.96	-9999.9	3	222	-9999.9	34	-9999.9	3	19.3	3
2025 10 29 18	1.36	1.32	5.3	5.4	9.3	2.17	-9999.9	3	222	-9999.9	34	-9999.9	3	19.4	3
2025 10 29 19	1.93	1.83	5.9	5.9	8.6	3.73	-9999.9	3	222	-9999.9	30	-9999.9	3	19.2	3
2025 10 29 20	1.91	1.86	6.0	6.1	9.1	3.21	-9999.9	3	224	-9999.9	29	-9999.9	3	19.2	3
2025 10 29 21	1.81	1.76	6.0	5.8	9.4	2.6	-9999.9	3	214	-9999.9	31	-9999.9	3	18.5	3
2025 10 29 22	1.45	1.4	5.8	6.0	9.7	2.21	-9999.9	3	203	-9999.9	40	-9999.9	3	18.8	3
2025 10 29 23	1.3	1.22	6.0	6.2	9.5	2.12	-9999.9	3	199	-9999.9	42	-9999.9	3	19.8	3
2025 10 30 00	1.42	1.33	6.4	6.4	10.1	2.14	-9999.9	3	194	-9999.9	40	-9999.9	3	19.7	3
2025 10 30 01	1.02	0.95	6.4	6.2	10.0	1.67	-9999.9	3	195	-9999.9	49	-9999.9	3	19.3	3
2025 10 30 02	1.02	0.94	5.5	5.8	9.3	1.6	-9999.9	3	193	-9999.9	51	-9999.9	3	19.2	3
2025 10 30 03	0.98	0.9	5.3	6.0	10.2	1.67	-9999.9	3	194	-9999.9	50	-9999.9	3	19.7	3
2025 10 30 04	0.99	0.92	6.0	6.1	10.2	1.39	-9999.9	3	205	-9999.9	45	-9999.9	3	19.0	3
2025 10 30 05	1.02	0.96	5.1	5.2	10.8	1.69	-9999.9	3	206	-9999.9	41	-9999.9	3	18.4	3
2025 10 30 06	1.06	0.98	4.6	4.7	9.3	1.61	-9999.9	3	208	-9999.9	36	-9999.9	3	18.4	3
2025 10 30 07	1.08	1.02	4.9	5.0	9.8	1.75	-9999.9	3	210	-9999.9	35	-9999.9	3	18.5	3
2025 10 30 08	0.91	0.85	4.4	4.7	9.2	1.5	-9999.9	3	207	-9999.9	45	-9999.9	3	18.6	3
2025 10 30 09	0.84	0.78	4.8	4.9	9.2	1.47	-9999.9	3	189	-9999.9	49	-9999.9	3	18.9	3
2025 10 30 10	0.8	0.73	4.9	4.8	8.6	1.48	-9999.9	3	187	-9999.9	53	-9999.9	3	18.7	3
2025 10 30 11	0.75	0.7	5.5	5.6	11.3	1.27	-9999.9	3	188	-9999.9	56	-9999.9	3	19.7	3
2025 10 30 12	0.74	0.71	5.5	5.3	8.6	1.33	-9999.9	3	185	-9999.9	57	-9999.9	3	19.4	3
2025 10 30 13	0.67	0.63	5.2	5.4	9.1	1.0	-9999.9	3	192	-9999.9	57	-9999.9	3	18.5	3
2025 10 30 14	0.65	0.59	5.2	5.3	8.6	1.01	-9999.9	3	184	-9999.9	55	-9999.9	3	19.3	3
2025 10 30 15	0.51	0.49	5.6	5.3	8.5	0.96	-9999.9	3	188	-9999.9	53	-9999.9	3	18.9	3
2025 10 30 16	0.55	0.51	5.2	5.6	9.4	0.87	-9999.9	3	193	-9999.9	48	-9999.9	3	18.9	3
2025 10 30 17	0.54	0.52	4.9	5.2	8.8	0.89	-9999.9	3	212	-9999.9	46	-9999.9	3	18.5	3
2025 10 30 18	0.55	0.53	5.3	5.2	9.1	0.86	-9999.9	3	221	-9999.9	34	-9999.9	3	18.1	3
2025 10 30 19	0.56	0.54	5.9	5.8	9.3	0.89	-9999.9	3	219	-9999.9	38	-9999.9	3	18.3	3
2025 10 30 20	0.53	0.5	5.5	5.5	8.5	0.83	-9999.9	3	192	-9999.9	47	-9999.9	3	18.3	3
2025 10 30 21	0.64	0.62	5.4	5.6	9.0	1.07	-9999.9	3	217	-9999.9	37	-9999.9	3	18.0	3
2025 10 30 22	0.75	0.72	5.6	5.4	8.0	1.19	-9999.9	3	225	-9999.9	33	-9999.9	3	18.2	3
2025 10 30 23	0.73	0.71	5.9	5.7	8.7	1.05	-9999.9	3	216	-9999.9	36	-9999.9	3	18.1	3
2025 10 31 00	0.6	0.57	5.6	5.5	8.7	0.84	-9999.9	3	211	-9999.9	45	-9999.9	3	17.7	3
2025 10 31 01	0.56	0.54	5.2	5.4	8.1	1.02	-9999.9	3	199	-9999.9	45	-9999.9	3	17.7	3
2025 10 31 02	0.43	0.4	4.9	4.9	8.0	0.65	-9999.9	3	178	-9999.9	54	-9999.9	3	17.7	3
2025 10 31 03	0.48	0.44	5.5	5.3	8.1	0.7	-9999.9	3	159	-9999.9	63	-9999.9	3	18.5	3
2025 10 31 04	0.4	0.38	5.3	5.1	8.0	0.64	-9999.9	3	197	-9999.9	54	-9999.9	3	18.6	3
2025 10 31 05	0.5	0.48	5.4	5.4	7.8	0.94	-9999.9	3	223	-9999.9	30	-9999.9	3	18.0	3
2025 10 31 06	0.52	0.5	5.1	5.2	7.4	1.04	-9999.9	3	222	-9999.9	35	-9999.9	3	18.3	3
2025 10 31 07	0.48	0.47	5.4	5.3	7.2	0.94	-9999.9	3	231	-9999.9	30	-9999.9	3	18.5	3
2025 10 31 08	0.46	0.44	4.8	4.9	7.2	0.82	-9999.9	3	221	-9999.9	37	-9999.9	3	18.5	3
2025 10 31 09	0.44	0.41	5.7	5.6	6.4	0.65	-9999.9	3	204	-9999.9	50	-9999.9	3	19.1	3
2025 10 31 10	0.41	0.38	5.6	5.4	7.3	0.61	-9999.9	3	169	-9999.9	58	-9999.9	3	18.5	3
2025 10 31 11	0.4	0.38	4.7	5.0	7.1	0.65	-9999.9	3	186	-9999.9	48	-9999.9	3	19.0	3
2025 10 31 12	0.49	0.45	5.7	5.6	15.1	0.72	-9999.9	3	154	-9999.9	62	-9999.9	3	18.8	3
2025 10 31 13	0.42	0.38	5.0	5.0	7.8	0.6	-9999.9	3	155	-9999.9	61	-9999.9	3	18.7	3
2025 10 31 14	0.34	0.32	4.7	4.8	7.3	0.51	-9999.9	3	169	-9999.9	63	-9999.9	3	18.8	3
2025 10 31 15	0.4	0.37	4.8	5.0	6.5	0.68	-9999.9	3	188	-9999.9	54	-9999.9	3	19.3	3
2025 10 31 16	0.32	0.29	4.5	4.9	8.4	0.44	-9999.9	3	162	-9999.9	62	-9999.9	3	19.0	3
2025 10 31 17	0.32	0.3	4.2	4.4	10.3	0.5	-9999.9	3	161	-9999.9	59	-9999.9	3	18.9	3
2025 10 31 18	0.35	0.33	4.1	4.3	7.7	0.54	-9999.9	3	187	-9999.9	55	-9999.9	3	19.5	3
2025 10 31 19	0.38	0.37	4.5	4.5	6.9	0.59	-9999.9	3	187	-9999.9	38	-9999.9	3	18.9	3
2025 10 31 20	0.28	0.26	3.9	4.1	6.8	0.4	-9999.9	3	192	-9999.9	50	-9999.9	3	18.5	3
2025 10 31 21	0.28	0.25	3.5	4.3	15.4	0.45	-9999.9	3	149	-9999.9	65	-9999.9	3	19.9	3
2025 10 31 22	0.36	0.31	4.6	4.8	8.7	0.54	-9999.9	3	160	-9999.9	60	-9999.9	3	19.8	3
2025 10 31 23	0.46	0.43	4.5	4.5	7.4	0.74	-9999.9	3	211	-9999.9	39	-9999.9	3	18.4	3
2025 11 01 00	0.56	0.51	4.5	4.6	9.6	0.74	-9999.9	3	206	-9999.9	42	-9999.9	3	19.1	3
2025 11 01 01	0.52	0.49	5.6	5.6	10.7	0.86	-9999.9	3	173	-9999.9	52	-9999.9	3	18.1	3
2025 11 01 02	0.58	0.55	5.5	6.0	10.1	0.91	-9999.9	3	183	-9999.9	48	-9999.9	3	18.1	3
2025 11 01 03	0.55	0.52	5.4	5.6	8.8	0.88	-9999.9	3	170	-9999.9	57	-9999.9	3	18.5	3
2025 11 01 04	0.53	0.47	5.2	5.4	8.6	0.71	-9999.9	3	162	-9999.9	62	-9999.9	3	19.0	3
2025 11 01 05	0.49	0.46	5.6	5.5	9.0	0.82	-9999.9	3	167	-9999.9	59	-9999.9	3	18.9	3
2025 11 01 06	0.57	0.54	5.4	5.6	7.5	0.92	-9999.9	3	220	-9999.9	36	-9999.9	3	18.5	3
2025 11 01 07	0.64	0.61	5.8	5.8	8.0	1.02	-9999.9	3	219	-9999.9	34	-9999.9	3	18.6	3
2025 11 01 08	0.52	0.5	5.6	5.7	9.0	0.83	-9999.9	3	225	-9999.9	40	-9999.9	3	18.6	3
2025 11 01 09	0.63	0.59	6.1	6.0	6.9	1.04	-9999.9	3	210	-9999.9	47	-9999.9	3	19.0	3
2025 11 01 10	0.75	0.72	6.4	6.4	9.2	1.17	-9999.9	3	196	-9999.9	54	-9999.9	3	18.8	3
2025 11 01 11	0.68	0.64	7.0	6.6	9.3	1.04	-9999.9	3	169	-9999.9	62	-9999.9	3	18.8	3
2025 11 01 12	0.65	0.62	6.1	5.9	8.2	0.98	-9999.9	3	163	-9999.9	56	-9999.9	3	18.2	3
2025 11 01 13	0.75	0.72	6.1	6.1	7.7	1.21	-9999.9	3	145	-9999.9	54	-9999.9	3	18.5	3
2025 11 01 14	0.69	0.65	5.6	5.7	7.4	1.37	-9999.9	3	173	-9999.9	59	-9999.9	3	18.7	3
2025 11 01 15	0.61	0.55	5.5	5.6	8.6	0.97	-9999.9	3	186	-9999.9	62	-9999.9	3	19.0	3
2025 11 01 16	0.56	0.52	6.0	6.3	11.0	0.86	-9999.9	3	186	-9999.9	62	-9999.9	3	19.0	3
2025 11 01 17	0.52	0.48	5.3	5.7	9.0	0.79	-9999.9	3	187	-9999.9	58	-9999.9	3	19.1	3
2025 11 01 18	0.43	0.4	5.1	5.3	8.2	0.7	-9999.9	3	189	-9999.9	51	-9999.9	3	19.1	3
2025 11 01 19	0.48	0.44	5.8	5.8	6.9	0.87	-9999.9	3	201	-9999.9	45	-9999.9	3	19.6	3
2025 11 01 20	0.48	0.43	5.1	5.3	9.8	0.94	-9999.9	3	201	-9999.9	44	-9999.9	3	19.9	3
2025 11 01 21	0.49	0.46	5.7	5.9	8.3	0.74	-9999.9	3	201	-9999.9	43	-9999.9	3	19.4	3
2025 11 01 22	0.5	0.48	6.3	6.2	10.1	0.68	-9999.9	3	194	-9999.9	55	-9999.9	3	18.8	3
2025 11 01 23	0.57	0.53	6.3	6.3	9.3	0.95	-9999.9	3	192	-9999.9	57	-9999.9	3	20.1	3
2025 11 02 00	0.73	0.7	5.8	5.7	9.0	1.07	-9999.9	3	202	-9999.9	39	-9999.9	3	18.3	3
2025 11 02 01	0.67	0.65	5.3	5.2	7.5	1.1	-9999.9	3	207	-9999.9	43	-9999.9	3	18.3	3
2025 11 02 02	0.73	0.68	6.9	6.5	7.2	1.07	-9999.9	3	165	-9999.9	65	-9999.9	3	18.1	3
2025 11 02 03	0.74	0.69	6.0	5.8	8.2	1.09	-9999.9	3	147	-9999.9	57	-9999.9	3	18.1	3
2025 11 02 04	0.6	0.57	4.5	4.5	7.0	0.93	-9999.9	3	196	-9999.9	50	-9999.9	3	17.5	3
2025 11 02 05	0.57	0.51	5.5	5.6	8.5	0.93	-9999.9	3	202	-9999.9	67	-9999.9	3	17.8	3
2025 11 02 06	0.52	0.49	4.6	4.7	7.5	0.87	-9999.9	3	214	-9999.9	45	-9999.9	3	19.1	3
2025 11 02 07	0.53	0.48	3.7	3.9	9.1	0.82	-9999.9	3	223	-9999.9	38	-9999.9	3	18.6	3
2025 11 02 08	0.56	0.5	3.7	3.8	9.4	0.94	-9999.9	3	224	-9999.9	37	-9999.9	3	18.3	3
2025 11 02 09	0.58	0.51	3.3	3.4	9.0	0.96	-9999.9	3	221	-9999.9	42	-9999.9	3	18.3	3
2025 11 02 10	0.63	0.56	3.6	3.8	8.4	1.02	-9999.9	3	218	-9999.9	40	-9999.9	3	18.3	3
2025 11 02 11	0.58	0.53	3.9	4.1	9.7	1.02	-9999.9	3	207	-9999.9	49	-9999.9	3	19.4	3
2025 11 02 12	0.72	0.64	3.6	3.9	7.7	1.22	-9999.9	3	203	-9999.9	41	-9999.9	3	18.6	3
2025 11 02 13	0.64	0.59	4.6	4.3	9.0	1.06	-9999.9	3	184	-9999.9	57	-9999.9	3	18.0	3
2025 11 02 14	0.71	0.67	5.4	5.1	9.0	1.25	-9999.9	3	175	-9999.9	59	-9999.9	3	18.4	3
2025 11 02 15	0.62	0.56	4.1	4.1	7.7	0.88	-9999.9	3	182	-9999.9	56	-9999.9	3	18.7	3
2025 11 02 16	0.49	0.43	3.7	3.8	9.5	0.81	-9999.9	3	155	-9999.9	63	-9999.9	3	18.9	3
2025 11 02 17	0.51	0.45	4.2	4.3	9.2	0.77	-9999.9	3	186	-9999.9	63	-9999.9	3	19.4	3
2025 11 02 18	0.48	0.43	4.5	4.7	8.5	0.86	-9999.9	3	198	-9999.9	56	-9999.9	3	19.6	3
2025 11 02 19	0.42	0.38	4.1	4.7	6.8	0.71	-9999.9	3	205	-9999.9	51	-9999.9	3	19.7	3
2025 11 02 20	0.32	0.29	4.2	4.7	10.2	0.52	-9999.9	3	203	-9999.9	51	-9999.9	3	19.7	3
2025 11 02 21	0.39	0.37	4.7	5.3	9.3	0.7	-9999.9	3	189	-9999.9	47	-9999.9	3	20.0	3
2025 11 02 22	0.41	0.39	5.9	5.9	7.3	0.53	-9999.9	3	207	-9999.9	43	-9999.9	3	19.8	3
2025 11 02 23	0.48	0.44	6.2	6.3	8.6	0.67	-9999.9	3	189	-9999.9	54	-9999.9	3	20.0	3
2025 11 03 00	0.56	0.53	5.8	5.8	7.4	0.91	-9999.9	3	184	-9999.9	49	-9999.9	3	17.7	3
2025 11 03 01	0.58	0.56	5.1	5.0	7.7	0.9	-9999.9	3	194	-9999.9	42	-9999.9	3	17.6	3
2025 11 03 02	0.59	0.52	5.5	5.4	-9999.9	0.93	-9999.9	3	180	-9999.9	67	-9999.9	3	17.8	3
2025 11 03 03	0.54	0.48	7.0	6.7	-9999.9	0.7	-9999.9	3	140	-9999.9	66	-9999.9	3	18.8	3
2025 11 03 04	0.44	0.4	3.9	4.0	6.7	0.6	-9999.9	3	158	-9999.9	57	-9999.9	3	18.2	3
2025 11 03 05	0.49	0.42	5.2	5.3	8.9	0.64	-9999.9	3	176	-9999.9	69	-9999.9	3	18.7	3
2025 11 03 06	0.28	0.26	3.9	4.1	8.1	0.44	-9999.9	3	185	-9999.9	59	-9999.9	3	19.0	3
2025 11 03 07	0.29	0.26	4.1	4.4	8.9	0.47	-9999.9	3	203	-9999.9	47	-9999.9	3	18.2	3
2025 11 03 08	0.28	0.25	3.7	3.8	8.7	0.4	-9999.9	3	146	-9999.9	53	-9999.9	3	19.6	3
2025 11 03 09	0.41	0.38	3.9	4.0	6.3	0.72	-9999.9	3	139	-9999.9	39	-9999.9	3	20.0	3
2025 11 03 10	0.31	0.29	4.7	4.7	8.2	0.45	-9999.9	3	198	-9999.9	48	-9999.9	3	19.9	3
2025 11 03 11	0.32	0.29	5.5	5.7	15.5	0.5	-9999.9	3	176	-9999.9	62	-9999.9	3	19.9	3
2025 11 03 12	0.41	0.36	3.7	3.7	9.6	0.54	-9999.9	3	144	-9999.9	53	-9999.9	3	20.2	3
2025 11 03 13	0.51	0.46	4.6	4.5	10.5	0.84	-9999.9	3	103	-9999.9	60	-9999.9	3	18.5	3
2025 11 03 14	0.58	0.54	5.3	5.2	7.7	0.88	-9999.9	3	112	-9999.9	57	-9999.9	3	19.5	3
2025 11 03 15	0.57	0.51	5.0	5.0	19.3	0.87	-9999.9	3	122	-9999.9	61	-9999.9	3	18.7	3
2025 11 03 16	0.77	0.72	4.1	4.3	4.4	1.26	-9999.9	3	81	-9999.9	46	-9999.9	3	18.5	3
2025 11 03 17	0.47	0.42	3.7	3.6	18.9	0.66	-9999.9	3	79	-9999.9	53	-9999.9	3	18.6	3
2025 11 03 18	0.5	0.46	3.1	3.1	3.8	0.77	-9999.9	3	87	-9999.9	45	-9999.9	3	19.3	3
2025 11 03 19	0.51	0.47	3.4	3.5	6.3	0.93	-9999.9	3	94	-9999.9	36	-9999.9	3	20.1	3
2025 11 03 20	0.59	0.56	3.0	3.1	4.2	0.95	-9999.9	3	84	-9999.9	33	-9999.9	3	19.8	3
2025 11 03 21	0.61	0.59	2.9	3.1	4.0	1.06	-9999.9	3	88	-9999.9	40	-9999.9	3	19.9	3
2025 11 03 22	0.63	0.6	3.0	3.1	4.0	1.08	-9999.9	3	88	-9999.9	35	-9999.9	3	20.1	3
2025 11 03 23	0.69	0.66	3.2	3.2	4.0	1.07	-9999.9	3	94	-9999.9	32	-9999.9	3	19.6	3
2025 11 04 00	0.85	0.81	3.5	3.5	4.1	1.3	-9999.9	3	87	-9999.9	30	-9999.9	3	19.0	3
2025 11 04 01	0.92	0.89	3.8	3.8	4.5	1.67	-9999.9	3	72	-9999.9	29	-9999.9	3	17.8	3
2025 11 04 02	0.6	0.57	3.6	3.6	4.9	0.99	-9999.9	3	68	-9999.9	36	-9999.9	3	17.7	3
2025 11 04 03	0.94	0.91	5.5	5.6	6.0	1.99	-9999.9	3	61	-9999.9	50	-9999.9	3	18.4	3
2025 11 04 04	0.97	0.94	4.9	4.9	5.3	1.49	-9999.9	3	78	-9999.9	45	-9999.9	3	18.7	3
2025 11 04 05	0.98	0.94	4.6	4.5	5.2	1.46	-9999.9	3	70	-9999.9	42	-9999.9	3	18.7	3
2025 11 04 06	0.77	0.74	3.5	3.5	5.7	1.31	-9999.9	3	61	-9999.9	34	-9999.9	3	19.5	3
2025 11 04 07	0.59	0.57	2.8	2.9	5.2	0.94	-9999.9	3	87	-9999.9	39	-9999.9	3	19.3	3
2025 11 04 08	0.63	0.59	2.8	2.9	5.2	1.0	-9999.9	3	82	-9999.9	48	-9999.9	3	19.6	3
2025 11 04 09	0.73	0.65	2.8	3.1	6.2	1.27	-9999.9	3	91	-9999.9	42	-9999.9	3	19.6	3
2025 11 04 10	0.69	0.64	2.8	3.0	4.5	1.06	-9999.9	3	79	-9999.9	39	-9999.9	3	19.8	3
2025 11 04 11	0.71	0.69	3.0	3.0	3.9	1.14	-9999.9	3	91	-9999.9	39	-9999.9	3	19.7	3
2025 11 04 12	0.82	0.79	3.3	3.3	4.0	1.32	-9999.9	3	87	-9999.9	35	-9999.9	3	19.8	3
2025 11 04 13	0.98	0.94	3.8	3.8	4.5	1.55	-9999.9	3	90	-9999.9	30	-9999.9	3	19.6	3
2025 11 04 14	0.71	0.68	3.5	3.7	5.0	1.11	-9999.9	3	76	-9999.9	41	-9999.9	3	19.4	3
2025 11 04 15	0.95	0.82	5.0	5.4	-9999.9	1.46	-9999.9	3	70	-9999.9	61	-9999.9	3	-9999.9	-9999.9
2025 11 04 16	1.08	1.02	5.2	5.1	6.0	1.63	-9999.9	3	79	-9999.9	39	-9999.9	3	19.2	3
2025 11 04 17	0.81	0.74	4.1	4.1	5.8	1.71	-9999.9	3	74	-9999.9	47	-9999.9	3	18.5	3
2025 11 04 18	0.83	0.78	4.4	4.3	5.7	1.39	-9999.9	3	71	-9999.9	39	-9999.9	3	20.3	3
2025 11 04 19	0.64	0.6	2.8	2.9	4.8	1.23	-9999.9	3	87	-9999.9	44	-9999.9	3	19.6	3
2025 11 04 20	0.73	0.7	3.1	3.1	5.1	1.13	-9999.9	3	78	-9999.9	37	-9999.9	3	20.2	3
2025 11 04 21	0.86	0.83	3.4	3.4	5.1	1.31	-9999.9	3	92	-9999.9	36	-9999.9	3	20.3	3
2025 11 04 22	-9999.9	-9999.9	-9999.9	-9999.9	-9999.9	-9999.9	-9999.9	3	-9999.9	-9999.9	-9999.9	-9999.9	3	20.1	3
2025 11 04 23	0.89	0.84	3.1	3.1	3.8	1.37	-9999.9	3	93	-9999.9	36	-9999.9	3	19.5	3
2025 11 05 00	0.86	0.83	3.2	3.2	4.0	1.51	-9999.9	3	84	-9999.9	35	-9999.9	3	20.2	3
2025 11 05 01	0.93	0.9	3.6	3.6	4.1	1.6	-9999.9	3	95	-9999.9	29	-9999.9	3	19.5	3
2025 11 05 02	0.86	0.82	3.3	3.4	4.2	1.49	-9999.9	3	83	-9999.9	38	-9999.9	3	19.5	3
2025 11 05 03	0.61	0.56	3.0	3.1	5.2	0.91	-9999.9	3	74	-9999.9	37	-9999.9	3	19.2	3
2025 11 05 05	0.96	0.9	4.2	4.1	5.0	1.6	-9999.9	3	62	-9999.9	36	-9999.9	3	19.1	3
2025 11 05 06	0.51	0.48	2.8	2.9	5.3	0.83	-9999.9	3	94	-9999.9	57	-9999.9	3	18.8	3
2025 11 05 07	0.76	0.71	3.6	3.5	6.1	1.29	-9999.9	3	63	-9999.9	41	-9999.9	3	19.3	3
2025 11 05 08	0.79	0.73	3.2	3.3	5.6	1.17	-9999.9	3	76	-9999.9	33	-9999.9	3	19.6	3
2025 11 05 09	0.83	0.81	3.6	3.6	5.2	1.4	-9999.9	3	93	-9999.9	39	-9999.9	3	19.7	3
2025 11 05 10	0.86	0.81	3.4	3.4	4.9	1.44	-9999.9	3	79	-9999.9	41	-9999.9	3	19.3	3
2025 11 05 11	0.63	0.57	2.9	3.1	5.9	1.08	-9999.9	3	85	-9999.9	48	-9999.9	3	19.4	3
2025 11 05 12	0.66	0.6	3.0	3.2	5.9	1.05	-9999.9	3	106	-9999.9	42	-9999.9	3	19.1	3
2025 11 05 13	0.66	0.61	3.6	3.5	6.0	0.96	-9999.9	3	87	-9999.9	38	-9999.9	3	19.3	3
2025 11 05 14	0.71	0.66	4.1	4.0	6.2	0.99	-9999.9	3	102	-9999.9	39	-9999.9	3	19.1	3
2025 11 05 15	0.52	0.5	4.9	5.1	6.7	0.88	-9999.9	3	107	-9999.9	59	-9999.9	3	18.2	3
2025 11 05 17	0.85	0.81	5.9	5.8	6.4	1.17	-9999.9	3	94	-9999.9	45	-9999.9	3	19.6	3
2025 11 05 18	0.65	0.61	4.2	4.3	6.0	0.9	-9999.9	3	129	-9999.9	54	-9999.9	3	18.5	3
2025 11 05 19	0.68	0.62	4.4	4.4	6.3	1.0	-9999.9	3	126	-9999.9	55	-9999.9	3	19.3	3
2025 11 05 20	0.45	0.43	4.5	4.7	6.8	0.75	-9999.9	3	170	-9999.9	48	-9999.9	3	19.0	3
2025 11 05 21	0.6	0.57	4.9	5.1	5.7	0.87	-9999.9	3	118	-9999.9	53	-9999.9	3	19.7	3
2025 11 05 22	0.76	0.73	4.4	4.6	5.8	1.47	-9999.9	3	147	-9999.9	54	-9999.9	3	19.4	3
2025 11 05 23	0.68	0.63	3.8	3.9	5.9	1.09	-9999.9	3	163	-9999.9	54	-9999.9	3	19.2	3
2025 11 06 00	0.64	0.6	4.3	5.0	5.9	1.05	-9999.9	3	184	-9999.9	54	-9999.9	3	19.2	3
2025 11 06 01	0.8	0.77	5.6	5.6	7.1	1.23	-9999.9	3	202	-9999.9	52	-9999.9	3	19.0	3
2025 11 06 02	0.97	0.91	5.1	5.2	6.7	1.66	-9999.9	3	195	-9999.9	50	-9999.9	3	17.7	3
2025 11 06 03	1.15	1.08	5.1	5.2	7.0	1.72	-9999.9	3	193	-9999.9	47	-9999.9	3	17.2	3
2025 11 06 04	0.97	0.92	6.2	6.1	6.8	1.67	-9999.9	3	207	-9999.9	62	-9999.9	3	-9999.9	-9999.9
2025 11 06 05	1.16	1.1	6.0	5.8	7.0	1.6	-9999.9	3	192	-9999.9	55	-9999.9	3	18.1	3
2025 11 06 06	0.98	0.93	5.4	5.3	7.0	1.62	-9999.9	3	149	-9999.9	60	-9999.9	3	18.1	3
2025 11 06 07	0.76	0.72	5.1	5.2	7.6	1.11	-9999.9	3	153	-9999.9	61	-9999.9	3	18.2	3
2025 11 06 08	0.7	0.66	5.0	4.9	7.2	0.98	-9999.9	3	211	-9999.9	49	-9999.9	3	18.4	3
2025 11 06 09	0.59	0.55	4.5	5.0	9.1	0.82	-9999.9	3	214	-9999.9	43	-9999.9	3	18.4	3
2025 11 06 10	0.58	0.54	5.5	5.9	9.9	0.9	-9999.9	3	206	-9999.9	46	-9999.9	3	18.7	3
2025 11 06 11	0.79	0.75	6.1	6.4	9.2	1.37	-9999.9	3	222	-9999.9	33	-9999.9	3	18.8	3
2025 11 06 12	0.97	0.92	6.3	6.8	9.4	1.48	-9999.9	3	230	-9999.9	29	-9999.9	3	18.7	3
2025 11 06 13	1.02	0.98	5.7	5.8	8.9	1.58	-9999.9	3	217	-9999.9	33	-9999.9	3	18.6	3
2025 11 06 14	0.97	0.92	5.5	6.0	10.0	1.5	-9999.9	3	206	-9999.9	40	-9999.9	3	18.3	3
2025 11 06 15	1.03	0.97	6.9	6.8	9.3	1.62	-9999.9	3	202	-9999.9	46	-9999.9	3	-9999.9	-9999.9
2025 11 06 16	1.2	1.15	5.9	6.1	8.1	1.6	-9999.9	3	193	-9999.9	40	-9999.9	3	17.6	3
2025 11 06 17	0.96	0.95	6.6	6.5	7.7	1.46	-9999.9	3	194	-9999.9	57	-9999.9	3	17.4	3
2025 11 06 18	0.83	0.79	6.2	6.1	8.9	1.25	-9999.9	3	196	-9999.9	58	-9999.9	3	18.5	3
2025 11 06 19	0.7	0.65	5.4	5.3	8.5	0.92	-9999.9	3	158	-9999.9	63	-9999.9	3	18.2	3
2025 11 06 20	0.69	0.65	5.7	5.6	11.8	1.03	-9999.9	3	198	-9999.9	50	-9999.9	3	18.2	3
2025 11 06 21	0.57	0.53	5.5	5.6	11.0	0.98	-9999.9	3	201	-9999.9	50	-9999.9	3	18.4	3
2025 11 06 22	0.5	0.44	5.5	6.0	11.9	0.8	-9999.9	3	180	-9999.9	63	-9999.9	3	18.6	3
2025 11 06 23	0.51	0.45	5.8	6.4	11.8	0.74	-9999.9	3	187	-9999.9	51	-9999.9	3	18.9	3
2025 11 07 00	0.6	0.56	7.2	7.0	11.8	0.93	-9999.9	3	195	-9999.9	48	-9999.9	3	19.7	3
2025 11 07 01	0.66	0.63	7.5	7.4	11.3	0.98	-9999.9	3	194	-9999.9	53	-9999.9	3	20.1	3
2025 11 07 02	0.76	0.7	7.1	6.8	10.3	1.0	-9999.9	3	184	-9999.9	49	-9999.9	3	19.2	3
2025 11 07 03	0.73	0.66	7.1	6.9	11.5	1.0	-9999.9	3	187	-9999.9	62	-9999.9	3	19.2	3
2025 11 07 05	0.8	0.75	6.9	6.7	8.3	1.14	-9999.9	3	187	-9999.9	55	-9999.9	3	18.2	3
2025 11 07 06	0.68	0.61	5.1	5.1	12.1	0.92	-9999.9	3	176	-9999.9	59	-9999.9	3	17.7	3
2025 11 07 07	0.62	0.56	5.3	5.2	11.4	1.01	-9999.9	3	133	-9999.9	66	-9999.9	3	18.1	3
2025 11 07 08	0.64	0.59	5.1	5.0	12.6	0.92	-9999.9	3	167	-9999.9	54	-9999.9	3	18.6	3
2025 11 07 09	0.6	0.56	5.4	5.8	11.5	0.95	-9999.9	3	226	-9999.9	36	-9999.9	3	18.8	3
2025 11 07 10	0.46	0.4	6.0	6.0	12.7	0.63	-9999.9	3	190	-9999.9	63	-9999.9	3	19.1	3
2025 11 07 11	0.48	0.42	4.7	5.2	11.0	0.78	-9999.9	3	195	-9999.9	45	-9999.9	3	18.9	3
2025 11 07 12	0.59	0.55	5.8	5.7	11.2	1.03	-9999.9	3	219	-9999.9	36	-9999.9	3	19.1	3
2025 11 07 13	0.73	0.68	5.9	6.6	11.7	1.36	-9999.9	3	220	-9999.9	30	-9999.9	3	18.8	3
2025 11 07 14	0.7	0.64	4.7	5.0	10.8	1.21	-9999.9	3	213	-9999.9	43	-9999.9	3	18.8	3
2025 11 07 15	0.7	0.67	5.4	5.8	10.3	1.06	-9999.9	3	202	-9999.9	45	-9999.9	3	18.4	3
2025 11 07 16	0.66	0.62	5.9	5.8	10.7	0.96	-9999.9	3	205	-9999.9	52	-9999.9	3	18.2	3
2025 11 07 17	0.88	0.83	4.7	4.9	9.4	1.42	-9999.9	3	192	-9999.9	39	-9999.9	3	17.8	3
2025 11 07 18	0.63	0.58	6.0	5.9	8.2	0.98	-9999.9	3	189	-9999.9	61	-9999.9	3	-9999.9	-9999.9
2025 11 07 19	0.62	0.57	6.3	5.9	11.9	0.8	-9999.9	3	196	-9999.9	64	-9999.9	3	18.3	3
2025 11 07 20	0.47	0.42	3.7	3.9	10.4	0.64	-9999.9	3	170	-9999.9	60	-9999.9	3	17.6	3
2025 11 07 21	0.47	0.43	4.1	4.3	10.2	0.74	-9999.9	3	199	-9999.9	58	-9999.9	3	17.8	3
2025 11 07 22	0.41	0.38	4.7	4.7	9.7	0.6	-9999.9	3	216	-9999.9	50	-9999.9	3	18.1	3
2025 11 07 23	0.44	0.37	3.5	3.9	11.6	0.65	-9999.9	3	212	-9999.9	47	-9999.9	3	17.8	3
2025 11 08 00	0.42	0.37	3.7	3.9	10.6	0.64	-9999.9	3	195	-9999.9	47	-9999.9	3	18.4	3
2025 11 08 01	0.42	0.37	3.9	4.1	10.6	0.77	-9999.9	3	203	-9999.9	52	-9999.9	3	18.6	3
2025 11 08 02	0.48	0.43	3.7	3.9	11.2	0.74	-9999.9	3	194	-9999.9	55	-9999.9	3	18.8	3
2025 11 08 03	0.64	0.58	3.1	3.2	8.7	0.91	-9999.9	3	201	-9999.9	44	-9999.9	3	17.8	3
2025 11 08 05	0.62	0.54	4.8	4.9	-9999.9	0.83	-9999.9	3	143	-9999.9	60	-9999.9	3	17.8	3
2025 11 08 06	0.56	0.5	4.8	4.8	14.1	0.76	-9999.9	3	185	-9999.9	60	-9999.9	3	17.5	3
2025 11 08 07	0.55	0.5	4.3	4.4	8.6	0.99	-9999.9	3	174	-9999.9	61	-9999.9	3	17.9	3
2025 11 08 08	0.49	0.43	4.1	4.3	19.7	0.82	-9999.9	3	179	-9999.9	64	-9999.9	3	17.7	3
2025 11 08 09	0.51	0.46	4.2	4.1	6.8	0.72	-9999.9	3	233	-9999.9	48	-9999.9	3	18.1	3
2025 11 08 10	0.4	0.36	3.4	3.8	9.7	0.63	-9999.9	3	208	-9999.9	49	-9999.9	3	18.4	3
2025 11 08 11	0.41	0.36	4.2	5.3	11.1	0.6	-9999.9	3	182	-9999.9	63	-9999.9	3	18.6	3
2025 11 08 12	0.34	0.31	3.1	4.4	11.5	0.53	-9999.9	3	210	-9999.9	55	-9999.9	3	18.5	3
2025 11 08 13	0.44	0.39	3.8	4.2	10.8	0.73	-9999.9	3	222	-9999.9	38	-9999.9	3	18.4	3
2025 11 08 14	0.53	0.46	3.5	3.8	10.9	0.78	-9999.9	3	218	-9999.9	36	-9999.9	3	18.3	3
2025 11 08 15	0.6	0.53	3.5	3.8	9.6	1.13	-9999.9	3	216	-9999.9	42	-9999.9	3	18.1	3
2025 11 08 16	0.58	0.53	4.4	4.6	9.5	0.83	-9999.9	3	203	-9999.9	49	-9999.9	3	17.9	3
2025 11 08 17	0.63	0.58	4.5	4.7	7.9	0.95	-9999.9	3	205	-9999.9	53	-9999.9	3	17.4	3
2025 11 08 18	0.73	0.68	4.7	4.8	8.2	1.15	-9999.9	3	195	-9999.9	47	-9999.9	3	17.2	3
2025 11 08 19	0.65	0.58	5.5	5.6	10.0	0.89	-9999.9	3	177	-9999.9	64	-9999.9	3	18.1	3
2025 11 08 20	0.59	0.54	5.9	5.6	11.6	0.75	-9999.9	3	188	-9999.9	63	-9999.9	3	18.3	3
2025 11 08 21	0.58	0.54	4.2	4.2	7.4	1.02	-9999.9	3	182	-9999.9	51	-9999.9	3	17.3	3
2025 11 08 22	0.38	0.34	4.2	4.3	12.6	0.52	-9999.9	3	215	-9999.9	60	-9999.9	3	17.7	3
2025 11 08 23	0.36	0.33	4.8	4.8	13.9	0.57	-9999.9	3	166	-9999.9	51	-9999.9	3	17.9	3
2025 11 09 00	0.35	0.31	5.2	5.5	12.4	0.54	-9999.9	3	198	-9999.9	48	-9999.9	3	17.6	3
2025 11 09 01	0.43	0.37	5.1	5.1	17.5	0.58	-9999.9	3	189	-9999.9	47	-9999.9	3	17.6	3
2025 11 09 02	0.49	0.42	4.1	4.2	11.5	0.82	-9999.9	3	199	-9999.9	42	-9999.9	3	18.2	3
2025 11 09 03	0.47	0.42	5.2	5.0	16.2	0.73	-9999.9	3	200	-9999.9	48	-9999.9	3	18.1	3
2025 11 09 04	0.54	0.48	4.8	5.1	15.8	0.82	-9999.9	3	194	-9999.9	50	-9999.9	3	17.8	3
2025 11 09 05	0.64	0.56	6.3	6.4	15.1	0.94	-9999.9	3	164	-9999.9	70	-9999.9	3	18.5	3
2025 11 09 06	0.61	0.53	6.6	6.1	20.9	0.86	-9999.9	3	156	-9999.9	69	-9999.9	3	17.7	3
2025 11 09 07	0.62	0.55	6.3	6.1	15.7	0.9	-9999.9	3	171	-9999.9	63	-9999.9	3	17.3	3
2025 11 09 08	0.62	0.56	5.2	5.1	15.1	0.89	-9999.9	3	153	-9999.9	64	-9999.9	3	17.6	3
2025 11 09 09	0.54	0.45	5.1	5.2	16.0	0.99	-9999.9	3	135	-9999.9	66	-9999.9	3	17.5	3
2025 11 09 10	0.54	0.46	4.3	4.2	16.7	0.96	-9999.9	3	177	-9999.9	58	-9999.9	3	17.6	3
2025 11 09 11	0.47	0.41	3.9	3.9	15.9	0.74	-9999.9	3	140	-9999.9	56	-9999.9	3	18.4	3
2025 11 09 12	0.64	0.58	4.5	4.5	11.2	0.95	-9999.9	3	110	-9999.9	50	-9999.9	3	19.0	3
2025 11 09 13	0.7	0.63	3.9	3.8	6.6	0.98	-9999.9	3	102	-9999.9	37	-9999.9	3	19.0	3
2025 11 09 14	0.71	0.63	3.6	3.7	9.0	0.95	-9999.9	3	117	-9999.9	36	-9999.9	3	18.9	3
2025 11 09 15	0.74	0.64	3.9	4.3	12.3	1.24	-9999.9	3	190	-9999.9	40	-9999.9	3	18.8	3
2025 11 09 16	0.76	0.67	4.3	4.3	10.7	1.14	-9999.9	3	151	-9999.9	41	-9999.9	3	18.5	3
2025 11 09 17	0.74	0.66	4.7	4.7	12.9	1.07	-9999.9	3	141	-9999.9	47	-9999.9	3	19.1	3
2025 11 09 18	0.76	0.68	4.7	4.9	6.4	1.13	-9999.9	3	112	-9999.9	51	-9999.9	3	17.3	3
2025 11 09 19	0.89	0.82	5.1	5.1	6.7	1.4	-9999.9	3	128	-9999.9	43	-9999.9	3	17.1	3
2025 11 09 20	0.68	0.61	4.6	4.9	7.1	1.03	-9999.9	3	141	-9999.9	53	-9999.9	3	17.1	3
2025 11 09 21	0.77	0.71	5.1	5.1	6.7	1.35	-9999.9	3	103	-9999.9	56	-9999.9	3	18.0	3
2025 11 09 22	0.75	0.69	4.6	4.6	7.0	1.16	-9999.9	3	117	-9999.9	42	-9999.9	3	17.4	3
2025 11 09 23	0.54	0.49	3.8	4.0	9.3	0.8	-9999.9	3	128	-9999.9	50	-9999.9	3	17.2	3
2025 11 10 00	0.5	0.45	4.9	5.0	6.9	0.89	-9999.9	3	100	-9999.9	49	-9999.9	3	19.2	3
2025 11 10 01	0.56	0.5	5.0	4.8	7.0	0.82	-9999.9	3	111	-9999.9	47	-9999.9	3	19.2	3
2025 11 10 02	0.5	0.46	5.1	5.0	12.8	0.85	-9999.9	3	155	-9999.9	42	-9999.9	3	19.7	3
2025 11 10 03	0.49	0.44	5.1	5.2	13.2	0.79	-9999.9	3	187	-9999.9	38	-9999.9	3	19.2	3
2025 11 10 04	0.59	0.55	6.1	5.8	10.7	0.93	-9999.9	3	210	-9999.9	41	-9999.9	3	18.5	3
2025 11 10 05	0.61	0.58	6.1	6.1	10.5	1.1	-9999.9	3	200	-9999.9	48	-9999.9	3	18.5	3
2025 11 10 06	0.54	0.51	7.8	7.5	9.1	0.91	-9999.9	3	166	-9999.9	68	-9999.9	3	18.5	3
2025 11 10 07	0.55	0.52	6.9	7.0	9.7	0.83	-9999.9	3	149	-9999.9	60	-9999.9	3	17.7	3
2025 11 10 08	0.54	0.51	6.3	6.5	10.7	0.85	-9999.9	3	179	-9999.9	65	-9999.9	3	17.6	3
2025 11 10 09	0.51	0.45	4.4	4.6	11.5	0.75	-9999.9	3	167	-9999.9	53	-9999.9	3	17.6	3
2025 11 10 10	0.46	0.41	4.6	4.8	13.8	0.71	-9999.9	3	189	-9999.9	47	-9999.9	3	17.5	3
2025 11 10 11	0.51	0.46	4.6	4.6	7.0	0.79	-9999.9	3	196	-9999.9	55	-9999.9	3	18.4	3
2025 11 10 12	0.42	0.36	4.7	5.9	13.6	0.68	-9999.9	3	191	-9999.9	63	-9999.9	3	18.8	3
2025 11 10 13	0.41	0.35	3.7	4.6	12.4	0.71	-9999.9	3	171	-9999.9	60	-9999.9	3	18.8	3
2025 11 10 14	0.47	0.41	4.0	4.3	11.6	0.77	-9999.9	3	194	-9999.9	50	-9999.9	3	18.8	3
2025 11 10 15	0.53	0.45	3.9	4.3	12.1	0.77	-9999.9	3	215	-9999.9	42	-9999.9	3	18.7	3
2025 11 10 16	0.54	0.45	4.2	4.4	10.8	0.83	-9999.9	3	207	-9999.9	46	-9999.9	3	18.6	3
2025 11 10 17	0.57	0.53	5.3	5.3	10.0	0.74	-9999.9	3	202	-9999.9	45	-9999.9	3	18.4	3
2025 11 10 18	0.5	0.44	5.2	5.4	12.3	0.81	-9999.9	3	178	-9999.9	62	-9999.9	3	18.6	3
2025 11 10 19	0.59	0.55	6.4	6.2	10.1	0.81	-9999.9	3	186	-9999.9	55	-9999.9	3	16.9	3
2025 11 10 20	0.67	0.61	5.2	4.9	9.5	0.95	-9999.9	3	205	-9999.9	43	-9999.9	3	17.3	3
2025 11 10 21	0.58	0.54	6.3	5.9	11.5	0.92	-9999.9	3	160	-9999.9	65	-9999.9	3	17.1	3
2025 11 10 22	0.52	0.46	5.6	5.4	14.6	0.72	-9999.9	3	143	-9999.9	64	-9999.9	3	17.6	3
2025 11 10 23	0.58	0.52	5.8	6.0	12.6	1.2	-9999.9	3	151	-9999.9	63	-9999.9	3	17.3	3
2025 11 11 00	0.47	0.43	5.2	4.8	10.6	0.74	-9999.9	3	197	-9999.9	52	-9999.9	3	16.8	3
2025 11 11 01	0.53	0.46	6.1	6.1	15.1	0.72	-9999.9	3	135	-9999.9	67	-9999.9	3	18.4	3
2025 11 11 02	0.57	0.52	6.3	6.2	14.7	0.87	-9999.9	3	186	-9999.9	51	-9999.9	3	18.7	3
2025 11 11 03	0.56	0.52	6.2	6.1	10.8	0.84	-9999.9	3	217	-9999.9	39	-9999.9	3	18.2	3
2025 11 11 04	0.5	0.45	6.0	6.2	12.7	0.73	-9999.9	3	223	-9999.9	40	-9999.9	3	18.2	3
2025 11 11 05	0.57	0.53	5.6	6.1	12.5	0.9	-9999.9	3	222	-9999.9	37	-9999.9	3	17.7	3
2025 11 11 06	0.67	0.6	4.8	5.5	11.5	1.17	-9999.9	3	225	-9999.9	36	-9999.9	3	17.9	3
2025 11 11 07	0.55	0.48	4.7	4.7	14.1	0.85	-9999.9	3	118	-9999.9	58	-9999.9	3	17.9	3
2025 11 11 08	0.54	0.48	4.1	4.2	10.8	0.88	-9999.9	3	106	-9999.9	51	-9999.9	3	17.7	3
2025 11 11 09	0.72	0.65	4.0	4.1	6.0	1.18	-9999.9	3	113	-9999.9	49	-9999.9	3	17.7	3
2025 11 11 10	0.69	0.6	3.9	3.9	14.2	1.03	-9999.9	3	107	-9999.9	42	-9999.9	3	17.6	3
2025 11 11 11	0.65	0.58	3.8	4.0	9.3	0.95	-9999.9	3	95	-9999.9	47	-9999.9	3	17.8	3
2025 11 11 12	0.82	0.74	4.1	4.2	5.0	1.24	-9999.9	3	80	-9999.9	43	-9999.9	3	18.5	3
2025 11 11 13	0.91	0.85	4.1	4.1	4.8	1.39	-9999.9	3	77	-9999.9	37	-9999.9	3	18.7	3
2025 11 11 14	0.99	0.94	4.0	4.0	4.8	1.62	-9999.9	3	79	-9999.9	35	-9999.9	3	19.1	3
2025 11 11 15	0.97	0.91	3.6	3.6	4.5	1.39	-9999.9	3	88	-9999.9	35	-9999.9	3	19.6	3
2025 11 11 16	0.84	0.79	3.3	3.4	4.6	1.32	-9999.9	3	97	-9999.9	42	-9999.9	3	19.5	3
2025 11 11 17	0.9	0.83	3.4	3.4	4.1	1.37	-9999.9	3	100	-9999.9	36	-9999.9	3	19.4	3
2025 11 11 18	0.85	0.78	3.2	3.3	4.3	1.37	-9999.9	3	99	-9999.9	38	-9999.9	3	19.3	3
2025 11 11 19	0.89	0.81	3.4	3.4	4.0	1.3	-9999.9	3	104	-9999.9	39	-9999.9	3	19.5	3
2025 11 11 20	1.03	0.97	3.6	3.6	4.0	1.42	-9999.9	3	94	-9999.9	36	-9999.9	3	19.6	3
2025 11 11 21	1.06	1.0	3.6	3.6	4.0	1.5	-9999.9	3	89	-9999.9	31	-9999.9	3	19.4	3
2025 11 11 22	0.94	0.86	3.3	3.4	4.0	1.35	-9999.9	3	94	-9999.9	39	-9999.9	3	18.9	3
2025 11 11 23	0.81	0.75	3.0	3.2	4.0	1.35	-9999.9	3	82	-9999.9	47	-9999.9	3	17.9	3
2025 11 12 00	0.67	0.58	3.1	3.3	13.5	0.97	-9999.9	3	118	-9999.9	55	-9999.9	3	18.0	3
2025 11 12 01	0.71	0.64	3.1	3.4	6.0	1.0	-9999.9	3	79	-9999.9	47	-9999.9	3	17.9	3
2025 11 12 02	0.75	0.69	3.3	3.2	7.4	1.25	-9999.9	3	64	-9999.9	43	-9999.9	3	18.0	3
2025 11 12 03	0.75	0.68	3.0	3.1	6.3	1.15	-9999.9	3	91	-9999.9	42	-9999.9	3	18.5	3
2025 11 12 04	0.72	0.65	2.9	3.1	7.6	1.19	-9999.9	3	104	-9999.9	44	-9999.9	3	18.4	3
2025 11 12 05	0.65	0.57	3.0	3.3	11.5	0.95	-9999.9	3	114	-9999.9	43	-9999.9	3	18.4	3
2025 11 12 06	0.65	0.57	3.1	3.5	11.9	1.12	-9999.9	3	137	-9999.9	39	-9999.9	3	18.5	3
2025 11 12 07	0.69	0.61	3.3	3.4	8.9	0.93	-9999.9	3	131	-9999.9	41	-9999.9	3	18.7	3
2025 11 12 08	0.73	0.67	3.5	3.5	6.2	1.18	-9999.9	3	115	-9999.9	39	-9999.9	3	18.5	3
2025 11 12 09	0.61	0.55	3.7	4.0	7.2	1.07	-9999.9	3	159	-9999.9	49	-9999.9	3	17.9	3
2025 11 12 10	0.73	0.68	3.8	3.9	4.1	1.26	-9999.9	3	84	-9999.9	46	-9999.9	3	18.4	3
2025 11 12 11	0.64	0.58	3.5	3.6	5.0	1.09	-9999.9	3	114	-9999.9	51	-9999.9	3	18.2	3
2025 11 12 12	0.57	0.52	3.3	3.4	6.8	0.92	-9999.9	3	129	-9999.9	48	-9999.9	3	18.2	3
2025 11 12 13	0.66	0.62	3.7	3.7	5.2	1.02	-9999.9	3	79	-9999.9	42	-9999.9	3	19.3	3
2025 11 12 14	0.63	0.56	3.4	3.5	8.8	0.9	-9999.9	3	109	-9999.9	44	-9999.9	3	18.8	3
2025 11 12 15	0.69	0.63	3.9	3.9	6.2	1.01	-9999.9	3	114	-9999.9	41	-9999.9	3	18.9	3
2025 11 12 16	0.72	0.67	3.8	3.7	6.1	1.09	-9999.9	3	108	-9999.9	43	-9999.9	3	19.0	3
2025 11 12 17	0.72	0.65	3.8	3.9	6.4	1.12	-9999.9	3	129	-9999.9	50	-9999.9	3	18.8	3
2025 11 12 18	0.79	0.74	3.9	4.0	6.3	1.2	-9999.9	3	140	-9999.9	50	-9999.9	3	18.8	3
2025 11 12 19	0.86	0.8	4.1	4.2	7.2	1.27	-9999.9	3	165	-9999.9	52	-9999.9	3	18.7	3
2025 11 12 20	0.96	0.89	4.2	4.2	6.3	1.39	-9999.9	3	142	-9999.9	49	-9999.9	3	18.7	3
2025 11 12 21	1.04	0.96	4.3	4.5	7.1	1.69	-9999.9	3	171	-9999.9	48	-9999.9	3	18.7	3
2025 11 12 22	1.23	1.16	4.7	4.6	7.3	2.11	-9999.9	3	155	-9999.9	45	-9999.9	3	19.4	3
2025 11 12 23	1.38	1.31	4.9	5.0	8.0	2.37	-9999.9	3	207	-9999.9	48	-9999.9	3	18.9	3
2025 11 13 00	1.09	1.05	5.1	5.4	9.6	1.71	-9999.9	3	198	-9999.9	49	-9999.9	3	18.9	3
2025 11 13 01	1.08	1.04	5.3	5.8	9.0	1.9	-9999.9	3	207	-9999.9	40	-9999.9	3	18.2	3
2025 11 13 02	1.11	1.07	5.7	6.0	8.9	2.05	-9999.9	3	222	-9999.9	47	-9999.9	3	18.8	3
2025 11 13 03	0.98	0.92	5.6	5.4	9.8	1.26	-9999.9	3	214	-9999.9	55	-9999.9	3	18.4	3
2025 11 13 04	0.89	0.84	5.0	5.1	9.7	1.32	-9999.9	3	198	-9999.9	53	-9999.9	3	18.2	3
2025 11 13 05	0.89	0.86	5.6	5.6	9.3	1.41	-9999.9	3	204	-9999.9	43	-9999.9	3	18.5	3
2025 11 13 06	0.91	0.87	5.5	5.6	9.8	1.53	-9999.9	3	206	-9999.9	43	-9999.9	3	18.7	3
2025 11 13 07	0.85	0.82	5.5	5.4	9.6	1.22	-9999.9	3	193	-9999.9	47	-9999.9	3	18.8	3
2025 11 13 08	1.07	1.04	6.3	6.4	9.3	1.58	-9999.9	3	215	-9999.9	40	-9999.9	3	18.8	3
2025 11 13 09	1.05	1.01	6.4	6.3	8.0	1.95	-9999.9	3	209	-9999.9	46	-9999.9	3	18.8	3
2025 11 13 10	0.81	0.75	5.7	5.7	8.0	1.52	-9999.9	3	157	-9999.9	56	-9999.9	3	19.0	3
2025 11 13 11	0.81	0.77	5.7	5.6	7.5	1.49	-9999.9	3	155	-9999.9	58	-9999.9	3	18.8	3
2025 11 13 12	1.08	1.04	6.0	6.3	9.2	1.76	-9999.9	3	205	-9999.9	43	-9999.9	3	18.7	3
2025 11 13 13	0.87	0.83	5.3	5.3	7.9	1.47	-9999.9	3	180	-9999.9	50	-9999.9	3	18.7	3
2025 11 13 14	0.87	0.84	5.9	5.7	8.2	1.27	-9999.9	3	189	-9999.9	55	-9999.9	3	19.2	3
2025 11 13 15	1.02	0.98	5.9	6.0	9.0	1.48	-9999.9	3	199	-9999.9	45	-9999.9	3	19.5	3
2025 11 13 16	1.01	0.99	6.4	6.3	9.4	1.75	-9999.9	3	203	-9999.9	44	-9999.9	3	19.4	3
2025 11 13 17	1.15	1.11	6.5	6.3	8.7	1.64	-9999.9	3	185	-9999.9	46	-9999.9	3	19.4	3
2025 11 13 18	1.32	1.3	6.4	6.5	9.4	2.22	-9999.9	3	202	-9999.9	44	-9999.9	3	19.2	3
2025 11 13 19	1.38	1.31	4.6	4.6	9.3	2.28	-9999.9	3	206	-9999.9	47	-9999.9	3	19.2	3
2025 11 13 20	1.9	1.82	5.0	4.9	7.8	3.0	-9999.9	3	219	-9999.9	45	-9999.9	3	18.9	3
2025 11 13 21	1.57	1.49	5.3	5.2	8.7	2.4	-9999.9	3	203	-9999.9	50	-9999.9	3	19.4	3
2025 11 13 22	2.23	2.13	5.9	6.0	9.7	3.75	-9999.9	3	215	-9999.9	38	-9999.9	3	18.0	3
2025 11 13 23	2.42	2.29	5.8	5.6	8.5	3.8	-9999.9	3	216	-9999.9	35	-9999.9	3	18.2	3
2025 11 14 00	1.87	1.77	5.3	5.5	8.9	2.98	-9999.9	3	200	-9999.9	42	-9999.9	3	18.3	3
2025 11 14 01	1.57	1.5	5.3	5.3	9.7	2.34	-9999.9	3	197	-9999.9	42	-9999.9	3	18.3	3
2025 11 14 02	1.87	1.76	5.7	5.8	10.1	2.53	-9999.9	3	197	-9999.9	40	-9999.9	3	18.4	3
2025 11 14 03	1.31	1.27	6.0	5.5	9.4	1.76	-9999.9	3	195	-9999.9	51	-9999.9	3	18.4	3
2025 11 14 04	1.45	1.34	4.9	5.0	9.2	2.07	-9999.9	3	207	-9999.9	40	-9999.9	3	18.4	3
2025 11 14 05	1.76	1.67	5.2	5.0	9.6	2.75	-9999.9	3	216	-9999.9	32	-9999.9	3	18.2	3
2025 11 14 06	1.69	1.61	5.1	4.9	9.6	2.28	-9999.9	3	215	-9999.9	33	-9999.9	3	18.3	3
2025 11 14 07	1.78	1.7	5.5	5.2	10.3	2.6	-9999.9	3	220	-9999.9	38	-9999.9	3	19.3	3
2025 11 14 08	1.53	1.43	4.9	4.8	8.8	2.52	-9999.9	3	215	-9999.9	36	-9999.9	3	19.2	3
2025 11 14 09	1.69	1.6	4.9	4.8	9.2	2.61	-9999.9	3	218	-9999.9	31	-9999.9	3	18.7	3
2025 11 14 11	1.44	1.35	4.9	4.9	8.3	2.07	-9999.9	3	197	-9999.9	44	-9999.9	3	18.7	3
2025 11 14 13	1.47	1.38	4.7	4.7	8.7	2.3	-9999.9	3	201	-9999.9	39	-9999.9	3	18.7	3
2025 11 14 14	-9999.9	-9999.9	-9999.9	-9999.9	-9999.9	-9999.9	-9999.9	3	-9999.9	-9999.9	-9999.9	-9999.9	3	19.2	3
2025 11 14 15	1.48	1.37	4.6	4.6	9.0	2.42	-9999.9	3	209	-9999.9	33	-9999.9	3	19.1	3
2025 11 14 16	1.75	1.63	4.5	4.5	9.1	3.38	-9999.9	3	211	-9999.9	29	-9999.9	3	19.2	3
2025 11 14 17	1.29	1.19	4.3	4.3	7.8	1.88	-9999.9	3	219	-9999.9	38	-9999.9	3	19.7	3
2025 11 14 18	1.46	1.36	4.4	4.4	8.8	2.08	-9999.9	3	221	-9999.9	35	-9999.9	3	19.3	3
2025 11 14 19	1.42	1.33	4.5	4.5	8.7	2.45	-9999.9	3	218	-9999.9	36	-9999.9	3	19.1	3
2025 11 14 20	1.6	1.49	4.6	4.8	9.2	3.18	-9999.9	3	223	-9999.9	35	-9999.9	3	19.2	3
2025 11 14 21	1.54	1.45	4.9	5.3	9.2	2.32	-9999.9	3	223	-9999.9	34	-9999.9	3	19.4	3
2025 11 14 22	1.43	1.37	5.6	5.7	8.7	2.15	-9999.9	3	215	-9999.9	37	-9999.9	3	19.0	3
2025 11 14 23	1.82	1.76	6.1	5.8	9.2	3.15	-9999.9	3	211	-9999.9	30	-9999.9	3	18.8	3
2025 11 15 00	1.45	1.39	5.9	5.7	9.1	2.15	-9999.9	3	199	-9999.9	44	-9999.9	3	18.9	3
2025 11 15 01	-9999.9	-9999.9	-9999.9	-9999.9	-9999.9	-9999.9	-9999.9	3	-9999.9	-9999.9	-9999.9	-9999.9	3	19.3	3
2025 11 15 02	1.31	1.21	5.1	4.8	9.5	2.27	-9999.9	3	192	-9999.9	46	-9999.9	3	19.4	3
2025 11 15 03	1.31	1.23	4.6	4.5	8.9	1.91	-9999.9	3	202	-9999.9	43	-9999.9	3	19.3	3
2025 11 15 04	1.25	1.12	4.0	4.0	10.1	1.7	-9999.9	3	203	-9999.9	43	-9999.9	3	19.4	3
2025 11 15 05	1.19	1.07	4.1	4.2	10.1	1.88	-9999.9	3	209	-9999.9	41	-9999.9	3	19.6	3
2025 11 15 06	1.41	1.29	4.4	4.3	9.7	1.84	-9999.9	3	210	-9999.9	39	-9999.9	3	19.6	3
2025 11 15 07	1.27	1.16	3.9	4.0	8.3	2.01	-9999.9	3	217	-9999.9	39	-9999.9	3	19.6	3
2025 11 15 08	1.32	1.23	4.3	4.4	9.2	1.81	-9999.9	3	209	-9999.9	39	-9999.9	3	19.2	3
2025 11 15 09	1.21	1.13	4.7	4.8	9.3	1.9	-9999.9	3	206	-9999.9	41	-9999.9	3	19.4	3
2025 11 15 10	1.35	1.23	4.6	4.6	9.3	1.85	-9999.9	3	199	-9999.9	42	-9999.9	3	19.2	3
2025 11 15 11	1.39	1.33	5.3	5.0	9.2	2.27	-9999.9	3	202	-9999.9	42	-9999.9	3	19.2	3
2025 11 15 14	1.25	1.15	4.2	4.2	8.1	1.86	-9999.9	3	205	-9999.9	43	-9999.9	3	19.3	3
2025 11 15 15	1.4	1.26	4.3	4.3	7.9	2.22	-9999.9	3	202	-9999.9	39	-9999.9	3	19.2	3
2025 11 15 16	1.22	1.1	4.1	4.1	8.7	1.94	-9999.9	3	202	-9999.9	42	-9999.9	3	19.4	3
2025 11 15 17	1.39	1.29	4.5	4.4	8.2	2.04	-9999.9	3	211	-9999.9	39	-9999.9	3	19.6	3
2025 11 15 18	1.22	1.11	4.0	4.3	8.5	2.07	-9999.9	3	208	-9999.9	40	-9999.9	3	19.7	3
2025 11 15 19	1.46	1.34	4.5	4.5	9.7	1.91	-9999.9	3	220	-9999.9	35	-9999.9	3	19.7	3
2025 11 15 20	1.57	1.49	4.8	4.6	9.9	2.43	-9999.9	3	220	-9999.9	31	-9999.9	3	19.6	3
2025 11 15 21	1.45	1.34	4.4	4.6	9.7	2.19	-9999.9	3	224	-9999.9	33	-9999.9	3	19.7	3
2025 11 15 22	1.25	1.15	5.3	5.2	9.1	1.95	-9999.9	3	220	-9999.9	41	-9999.9	3	19.7	3
2025 11 15 23	1.28	1.25	5.5	5.5	8.7	2.42	-9999.9	3	205	-9999.9	41	-9999.9	3	19.2	3
2025 11 16 00	1.55	1.5	6.2	6.1	9.8	2.23	-9999.9	3	202	-9999.9	40	-9999.9	3	19.1	3
2025 11 16 01	1.26	1.22	5.6	5.7	9.1	2.35	-9999.9	3	198	-9999.9	48	-9999.9	3	19.2	3
2025 11 16 03	0.96	0.89	5.3	5.3	9.0	1.31	-9999.9	3	208	-9999.9	50	-9999.9	3	19.4	3
2025 11 16 04	0.89	0.82	4.7	4.8	9.1	1.58	-9999.9	3	200	-9999.9	50	-9999.9	3	19.2	3
2025 11 16 05	0.72	0.69	5.4	5.2	9.5	1.47	-9999.9	3	196	-9999.9	53	-9999.9	3	19.0	3
2025 11 16 06	0.81	0.75	5.4	5.6	9.2	1.2	-9999.9	3	211	-9999.9	46	-9999.9	3	18.9	3
2025 11 16 07	0.72	0.68	5.4	5.3	9.4	1.26	-9999.9	3	208	-9999.9	48	-9999.9	3	19.6	3
2025 11 16 08	0.83	0.79	5.6	5.4	8.9	1.22	-9999.9	3	215	-9999.9	35	-9999.9	3	19.3	3
2025 11 16 09	0.74	0.71	5.5	5.4	9.7	1.03	-9999.9	3	214	-9999.9	45	-9999.9	3	19.4	3
2025 11 16 10	0.87	0.78	4.2	4.4	9.1	1.25	-9999.9	3	220	-9999.9	45	-9999.9	3	19.5	3
2025 11 16 11	0.94	0.91	4.9	5.1	9.0	1.53	-9999.9	3	205	-9999.9	41	-9999.9	3	19.1	3
2025 11 16 12	1.22	1.16	4.8	4.7	8.2	1.84	-9999.9	3	210	-9999.9	37	-9999.9	3	19.3	3
2025 11 16 13	0.94	0.89	5.3	5.2	9.0	1.54	-9999.9	3	191	-9999.9	55	-9999.9	3	19.1	3
2025 11 16 14	-9999.9	-9999.9	-9999.9	-9999.9	-9999.9	-9999.9	-9999.9	3	-9999.9	-9999.9	-9999.9	-9999.9	3	19.3	3
2025 11 16 15	0.92	0.84	4.9	4.8	7.9	1.24	-9999.9	3	196	-9999.9	52	-9999.9	3	19.3	3
2025 11 16 16	0.87	0.81	4.4	4.6	8.1	1.35	-9999.9	3	206	-9999.9	50	-9999.9	3	19.0	3
2025 11 16 17	0.79	0.73	3.8	4.0	8.2	1.36	-9999.9	3	197	-9999.9	46	-9999.9	3	18.8	3
2025 11 16 18	0.8	0.71	3.9	4.0	9.1	1.31	-9999.9	3	206	-9999.9	50	-9999.9	3	19.1	3
2025 11 16 19	0.94	0.87	3.6	3.7	6.7	1.37	-9999.9	3	224	-9999.9	42	-9999.9	3	19.3	3
2025 11 16 20	0.81	0.74	3.5	3.6	9.7	1.26	-9999.9	3	226	-9999.9	43	-9999.9	3	19.3	3
2025 11 16 21	0.75	0.71	3.8	4.0	9.1	1.08	-9999.9	3	224	-9999.9	40	-9999.9	3	19.1	3
2025 11 16 22	0.73	0.69	3.7	3.9	6.9	1.21	-9999.9	3	218	-9999.9	44	-9999.9	3	18.9	3
2025 11 16 23	0.8	0.74	3.9	3.9	8.7	1.13	-9999.9	3	211	-9999.9	48	-9999.9	3	19.1	3
2025 11 17 00	0.84	0.77	4.1	4.1	8.1	1.28	-9999.9	3	199	-9999.9	39	-9999.9	3	18.4	3
2025 11 17 01	0.97	0.89	5.4	5.2	8.2	1.4	-9999.9	3	202	-9999.9	51	-9999.9	3	18.7	3
2025 11 17 02	0.85	0.81	5.2	5.0	8.5	1.3	-9999.9	3	196	-9999.9	56	-9999.9	3	18.6	3
2025 11 17 03	0.81	0.76	5.3	5.2	7.7	1.13	-9999.9	3	171	-9999.9	62	-9999.9	3	18.7	3
2025 11 17 04	0.74	0.69	4.5	4.4	6.4	1.15	-9999.9	3	196	-9999.9	59	-9999.9	3	-9999.9	-9999.9
2025 11 17 05	0.66	0.61	4.2	4.2	6.0	1.07	-9999.9	3	204	-9999.9	56	-9999.9	3	19.0	3
2025 11 17 06	-9999.9	-9999.9	-9999.9	-9999.9	-9999.9	-9999.9	-9999.9	3	-9999.9	-9999.9	-9999.9	-9999.9	3	19.0	3
2025 11 17 07	0.77	0.7	3.1	3.3	5.3	1.23	-9999.9	3	216	-9999.9	46	-9999.9	3	19.2	3
2025 11 17 08	0.66	0.61	3.0	3.3	5.5	1.07	-9999.9	3	212	-9999.9	51	-9999.9	3	19.6	3
2025 11 17 09	0.86	0.79	3.4	3.5	4.8	1.36	-9999.9	3	212	-9999.9	39	-9999.9	3	19.3	3
2025 11 17 10	1.05	0.98	3.6	3.7	7.5	1.81	-9999.9	3	222	-9999.9	39	-9999.9	3	19.1	3
2025 11 17 11	1.09	1.04	3.8	3.9	6.5	1.59	-9999.9	3	230	-9999.9	40	-9999.9	3	19.4	3
2025 11 17 12	1.16	1.09	4.1	4.3	6.8	1.84	-9999.9	3	211	-9999.9	34	-9999.9	3	18.6	3
2025 11 17 13	1.35	1.3	4.6	4.6	6.7	2.13	-9999.9	3	204	-9999.9	37	-9999.9	3	18.0	3
2025 11 17 15	1.16	1.1	5.5	5.5	7.0	1.89	-9999.9	3	184	-9999.9	51	-9999.9	3	18.8	3
2025 11 17 16	1.25	1.19	5.1	5.1	7.2	1.7	-9999.9	3	203	-9999.9	43	-9999.9	3	18.9	3
2025 11 17 17	0.9	0.84	4.9	5.0	7.2	1.44	-9999.9	3	176	-9999.9	55	-9999.9	3	18.9	3
2025 11 17 18	0.81	0.77	4.7	4.8	7.2	1.25	-9999.9	3	211	-9999.9	48	-9999.9	3	19.1	3
2025 11 17 19	0.78	0.75	5.0	5.2	7.2	1.21	-9999.9	3	212	-9999.9	48	-9999.9	3	19.2	3
2025 11 17 20	0.6	0.56	4.8	5.0	7.8	1.04	-9999.9	3	211	-9999.9	51	-9999.9	3	19.1	3
2025 11 17 21	0.53	0.49	5.2	5.3	8.8	0.81	-9999.9	3	211	-9999.9	44	-9999.9	3	19.1	3
2025 11 17 22	0.5	0.47	6.1	5.8	8.4	0.77	-9999.9	3	206	-9999.9	54	-9999.9	3	19.2	3
2025 11 17 23	0.55	0.52	5.7	5.8	8.2	0.77	-9999.9	3	198	-9999.9	52	-9999.9	3	19.7	3
2025 11 18 00	0.54	0.52	5.9	5.8	7.5	0.83	-9999.9	3	191	-9999.9	54	-9999.9	3	20.1	3
2025 11 18 01	0.76	0.72	5.2	5.1	7.3	1.16	-9999.9	3	194	-9999.9	42	-9999.9	3	18.6	3
2025 11 18 02	0.7	0.65	5.9	5.8	8.4	0.99	-9999.9	3	182	-9999.9	63	-9999.9	3	18.6	3
2025 11 18 03	0.75	0.69	6.5	6.2	11.9	1.06	-9999.9	3	156	-9999.9	66	-9999.9	3	18.7	3
2025 11 18 04	0.7	0.65	5.1	5.2	7.1	1.04	-9999.9	3	170	-9999.9	59	-9999.9	3	18.6	3
2025 11 18 05	0.61	0.57	5.4	5.1	9.5	0.94	-9999.9	3	145	-9999.9	63	-9999.9	3	18.7	3
2025 11 18 06	0.45	0.42	4.2	4.3	6.7	0.68	-9999.9	3	199	-9999.9	62	-9999.9	3	18.9	3
2025 11 18 07	0.38	0.36	4.0	3.9	11.0	0.59	-9999.9	3	199	-9999.9	59	-9999.9	3	19.3	3
2025 11 18 08	0.36	0.33	4.2	4.2	12.7	0.55	-9999.9	3	193	-9999.9	64	-9999.9	3	19.9	3
2025 11 18 09	0.43	0.4	4.2	4.5	6.7	0.79	-9999.9	3	176	-9999.9	57	-9999.9	3	20.0	3
2025 11 18 10	0.46	0.43	4.2	4.7	8.3	0.72	-9999.9	3	207	-9999.9	49	-9999.9	3	19.6	3
2025 11 18 11	0.51	0.46	4.2	4.5	8.7	0.8	-9999.9	3	206	-9999.9	46	-9999.9	3	19.3	3
2025 11 18 12	0.46	0.43	4.0	4.4	8.3	0.69	-9999.9	3	208	-9999.9	50	-9999.9	3	19.5	3
2025 11 18 13	0.47	0.43	4.3	4.4	7.0	0.76	-9999.9	3	182	-9999.9	54	-9999.9	3	18.6	3
2025 11 18 14	0.63	0.59	3.8	3.8	7.2	0.98	-9999.9	3	197	-9999.9	42	-9999.9	3	18.1	3
2025 11 18 15	0.57	0.54	4.8	4.8	6.5	0.77	-9999.9	3	193	-9999.9	62	-9999.9	3	19.0	3
2025 11 18 16	0.62	0.54	5.3	5.3	28.4	0.81	-9999.9	3	145	-9999.9	66	-9999.9	3	19.1	3
2025 11 18 17	0.58	0.52	4.3	4.4	8.9	0.85	-9999.9	3	187	-9999.9	62	-9999.9	3	19.2	3
2025 11 18 18	0.54	0.46	4.1	4.0	27.6	0.78	-9999.9	3	210	-9999.9	68	-9999.9	3	18.9	3
2025 11 18 19	0.52	0.47	4.1	4.3	6.4	1.1	-9999.9	3	192	-9999.9	56	-9999.9	3	19.3	3
2025 11 18 20	0.35	0.32	4.0	4.0	8.5	0.52	-9999.9	3	129	-9999.9	57	-9999.9	3	19.1	3
2025 11 18 21	0.44	0.4	4.6	4.7	9.8	0.65	-9999.9	3	137	-9999.9	56	-9999.9	3	19.8	3
2025 11 18 22	0.38	0.34	4.1	4.1	6.7	0.62	-9999.9	3	125	-9999.9	56	-9999.9	3	19.8	3
2025 11 18 23	0.36	0.33	4.0	4.0	6.9	0.58	-9999.9	3	140	-9999.9	54	-9999.9	3	19.8	3
2025 11 19 00	0.4	0.37	5.1	4.9	19.5	0.57	-9999.9	3	154	-9999.9	61	-9999.9	3	20.0	3
2025 11 19 01	0.47	0.41	4.4	4.4	12.7	0.68	-9999.9	3	147	-9999.9	59	-9999.9	3	19.4	3
2025 11 19 02	0.5	0.47	5.4	5.3	13.6	0.78	-9999.9	3	154	-9999.9	69	-9999.9	3	18.0	3
2025 11 19 03	0.46	0.42	5.9	5.7	16.4	0.57	-9999.9	3	152	-9999.9	61	-9999.9	3	18.2	3
2025 11 19 04	0.48	0.44	6.2	6.1	25.8	0.59	-9999.9	3	123	-9999.9	67	-9999.9	3	18.5	3
2025 11 19 05	0.45	0.4	4.7	4.7	22.1	0.68	-9999.9	3	136	-9999.9	63	-9999.9	3	18.6	3
2025 11 19 06	0.38	0.34	4.8	4.9	7.2	0.51	-9999.9	3	133	-9999.9	64	-9999.9	3	18.8	3
2025 11 19 07	0.31	0.27	3.9	4.2	8.2	0.45	-9999.9	3	125	-9999.9	65	-9999.9	3	18.7	3
2025 11 19 08	0.32	0.28	5.1	4.9	19.0	0.51	-9999.9	3	142	-9999.9	66	-9999.9	3	19.3	3
2025 11 19 09	0.34	0.31	4.7	4.7	7.4	0.55	-9999.9	3	120	-9999.9	56	-9999.9	3	19.5	3
2025 11 19 10	0.35	0.32	4.7	4.7	7.8	0.53	-9999.9	3	123	-9999.9	49	-9999.9	3	19.7	3
2025 11 19 11	0.29	0.27	3.9	4.2	5.6	0.52	-9999.9	3	142	-9999.9	48	-9999.9	3	19.5	3
2025 11 19 12	0.33	0.3	4.3	4.9	7.7	0.5	-9999.9	3	139	-9999.9	65	-9999.9	3	19.9	3
2025 11 19 13	0.28	0.25	4.0	4.4	14.4	0.52	-9999.9	3	115	-9999.9	64	-9999.9	3	20.4	3
2025 11 19 14	0.33	0.3	4.5	4.5	7.3	0.48	-9999.9	3	153	-9999.9	55	-9999.9	3	18.9	3
2025 11 19 15	0.44	0.38	6.5	6.7	23.6	0.61	-9999.9	3	148	-9999.9	66	-9999.9	3	19.0	3
2025 11 19 16	-9999.9	-9999.9	-9999.9	-9999.9	-9999.9	-9999.9	-9999.9	3	-9999.9	-9999.9	-9999.9	-9999.9	3	19.0	3
2025 11 19 17	0.5	0.39	5.9	6.0	28.2	0.88	-9999.9	3	95	-9999.9	71	-9999.9	3	18.8	3
2025 11 19 18	0.38	0.33	3.9	3.9	10.0	0.65	-9999.9	3	169	-9999.9	62	-9999.9	3	18.9	3
2025 11 19 19	0.42	0.38	4.5	4.3	6.7	0.62	-9999.9	3	187	-9999.9	59	-9999.9	3	18.9	3
2025 11 19 20	0.28	0.23	4.0	4.2	27.8	0.42	-9999.9	3	162	-9999.9	68	-9999.9	3	19.1	3
2025 11 19 21	0.26	0.22	4.5	4.4	25.4	0.44	-9999.9	3	165	-9999.9	62	-9999.9	3	19.2	3
2025 11 19 22	0.24	0.21	5.4	5.2	16.4	0.36	-9999.9	3	149	-9999.9	62	-9999.9	3	19.6	3
2025 11 19 23	0.32	0.28	4.9	5.0	20.6	0.46	-9999.9	3	126	-9999.9	57	-9999.9	3	19.5	3
2025 11 20 00	0.25	0.21	5.0	5.3	19.9	0.39	-9999.9	3	146	-9999.9	65	-9999.9	3	19.2	3
2025 11 20 01	0.33	0.29	4.2	4.5	9.1	0.5	-9999.9	3	136	-9999.9	54	-9999.9	3	18.8	3
2025 11 20 02	0.39	0.32	7.1	6.9	29.0	0.57	-9999.9	3	169	-9999.9	72	-9999.9	3	18.7	3
2025 11 20 03	0.32	0.27	5.9	5.6	28.9	0.44	-9999.9	3	171	-9999.9	64	-9999.9	3	18.0	3
2025 11 20 04	0.43	0.39	10.7	9.6	29.5	0.62	-9999.9	3	195	-9999.9	72	-9999.9	3	18.4	3
2025 11 20 05	0.35	0.29	5.0	5.0	24.2	0.52	-9999.9	3	155	-9999.9	65	-9999.9	3	18.5	3
2025 11 20 06	0.31	0.27	5.2	5.3	20.3	0.45	-9999.9	3	129	-9999.9	68	-9999.9	3	18.5	3
2025 11 20 07	0.26	0.22	4.1	4.5	21.0	0.33	-9999.9	3	157	-9999.9	70	-9999.9	3	18.9	3
2025 11 20 08	0.23	0.2	3.3	3.7	19.8	0.36	-9999.9	3	154	-9999.9	63	-9999.9	3	18.3	3
2025 11 20 09	0.26	0.21	3.4	3.6	26.0	0.39	-9999.9	3	166	-9999.9	61	-9999.9	3	18.9	3
2025 11 20 10	0.35	0.29	4.1	5.2	13.6	0.53	-9999.9	3	179	-9999.9	56	-9999.9	3	19.1	3
2025 11 20 11	0.26	0.23	3.2	4.6	28.1	0.36	-9999.9	3	173	-9999.9	65	-9999.9	3	19.1	3
2025 11 20 12	0.27	0.24	2.6	3.5	17.8	0.47	-9999.9	3	188	-9999.9	57	-9999.9	3	18.8	3
2025 11 20 13	0.33	0.3	2.4	2.8	14.5	0.52	-9999.9	3	207	-9999.9	51	-9999.9	3	18.8	3
2025 11 20 14	0.34	0.3	3.2	3.6	14.8	0.53	-9999.9	3	209	-9999.9	56	-9999.9	3	18.3	3
2025 11 20 15	0.51	0.47	2.8	3.0	6.2	0.8	-9999.9	3	211	-9999.9	36	-9999.9	3	17.5	3
2025 11 20 16	0.53	0.41	4.6	5.2	28.8	1.12	-9999.9	3	250	-9999.9	65	-9999.9	3	18.1	3
2025 11 20 17	-9999.9	-9999.9	-9999.9	-9999.9	-9999.9	-9999.9	-9999.9	3	-9999.9	-9999.9	-9999.9	-9999.9	3	18.3	3
2025 11 20 18	0.47	0.4	4.1	4.1	27.2	0.63	-9999.9	3	177	-9999.9	62	-9999.9	3	18.4	3
2025 11 20 19	0.46	0.4	4.8	4.6	20.1	0.72	-9999.9	3	191	-9999.9	64	-9999.9	3	18.6	3
2025 11 20 20	0.33	0.28	3.9	3.9	27.2	0.48	-9999.9	3	185	-9999.9	67	-9999.9	3	18.8	3
2025 11 20 21	0.29	0.25	4.8	4.9	20.6	0.41	-9999.9	3	164	-9999.9	69	-9999.9	3	18.8	3
2025 11 20 22	0.27	0.23	5.1	5.1	21.3	0.41	-9999.9	3	157	-9999.9	65	-9999.9	3	18.8	3
2025 11 20 23	0.25	0.22	5.5	5.2	14.4	0.36	-9999.9	3	147	-9999.9	62	-9999.9	3	19.0	3
2025 11 21 00	0.23	0.2	4.9	5.0	22.3	0.33	-9999.9	3	147	-9999.9	66	-9999.9	3	18.7	3
2025 11 21 01	0.26	0.23	4.8	4.7	26.2	0.38	-9999.9	3	171	-9999.9	62	-9999.9	3	18.4	3
2025 11 21 02	0.3	0.25	4.7	4.7	20.9	0.44	-9999.9	3	171	-9999.9	60	-9999.9	3	18.4	3
2025 11 21 03	0.38	0.32	8.1	8.1	27.9	0.57	-9999.9	3	98	-9999.9	72	-9999.9	3	18.4	3
2025 11 21 04	0.35	0.29	6.7	6.1	23.2	0.49	-9999.9	3	166	-9999.9	64	-9999.9	3	18.0	3
2025 11 21 05	0.39	0.34	7.6	6.8	29.2	0.65	-9999.9	3	186	-9999.9	69	-9999.9	3	18.2	3
2025 11 21 06	0.33	0.28	4.1	4.0	19.7	0.56	-9999.9	3	149	-9999.9	62	-9999.9	3	18.1	3
2025 11 21 07	0.31	0.26	4.3	4.5	18.4	0.44	-9999.9	3	170	-9999.9	70	-9999.9	3	18.4	3
2025 11 21 08	0.29	0.25	3.7	3.9	28.8	0.41	-9999.9	3	167	-9999.9	63	-9999.9	3	18.4	3
2025 11 21 09	0.32	0.29	4.1	4.1	6.2	0.72	-9999.9	3	172	-9999.9	49	-9999.9	3	18.2	3
2025 11 21 10	0.28	0.25	4.8	5.0	19.1	0.46	-9999.9	3	147	-9999.9	62	-9999.9	3	19.4	3
2025 11 21 11	0.27	0.23	4.7	5.5	24.1	0.36	-9999.9	3	143	-9999.9	66	-9999.9	3	19.5	3
2025 11 21 12	0.28	0.25	3.2	3.9	12.7	0.45	-9999.9	3	166	-9999.9	59	-9999.9	3	19.7	3
2025 11 21 13	0.26	0.24	2.7	3.0	5.8	0.43	-9999.9	3	197	-9999.9	53	-9999.9	3	19.1	3
2025 11 21 14	0.32	0.29	3.6	4.1	7.7	0.57	-9999.9	3	200	-9999.9	52	-9999.9	3	19.2	3
2025 11 21 15	0.36	0.34	3.6	4.0	6.7	0.59	-9999.9	3	207	-9999.9	35	-9999.9	3	18.1	3
2025 11 21 16	0.34	0.31	2.9	3.0	4.9	0.56	-9999.9	3	202	-9999.9	45	-9999.9	3	17.7	3
2025 11 21 17	0.41	0.36	4.4	4.4	21.7	0.56	-9999.9	3	196	-9999.9	65	-9999.9	3	18.2	3
2025 11 21 18	0.5	0.44	5.9	5.6	29.1	0.86	-9999.9	3	121	-9999.9	66	-9999.9	3	18.3	3
2025 11 21 19	0.5	0.44	4.4	4.5	6.3	0.71	-9999.9	3	143	-9999.9	59	-9999.9	3	18.4	3
2025 11 21 20	0.38	0.34	4.1	4.2	12.0	0.57	-9999.9	3	104	-9999.9	62	-9999.9	3	18.5	3
2025 11 21 21	0.34	0.3	4.3	4.4	9.5	0.55	-9999.9	3	130	-9999.9	63	-9999.9	3	18.9	3
2025 11 21 22	0.29	0.25	4.1	4.2	21.6	0.44	-9999.9	3	121	-9999.9	61	-9999.9	3	19.0	3
2025 11 21 23	0.33	0.3	3.4	3.5	7.3	0.54	-9999.9	3	93	-9999.9	44	-9999.9	3	19.2	3
2025 11 22 00	0.35	0.34	3.3	3.3	3.8	0.55	-9999.9	3	91	-9999.9	38	-9999.9	3	19.1	3
2025 11 22 01	0.46	0.43	3.1	3.1	3.7	0.8	-9999.9	3	85	-9999.9	34	-9999.9	3	19.0	3
2025 11 22 02	0.45	0.43	3.4	3.4	3.9	0.77	-9999.9	3	84	-9999.9	39	-9999.9	3	18.9	3
2025 11 22 03	0.62	0.57	4.1	4.0	4.5	1.15	-9999.9	3	79	-9999.9	46	-9999.9	3	18.6	3
2025 11 22 04	0.74	0.68	5.1	5.0	4.9	1.09	-9999.9	3	84	-9999.9	47	-9999.9	3	18.5	3
2025 11 22 05	0.52	0.47	5.1	5.0	6.5	0.74	-9999.9	3	91	-9999.9	56	-9999.9	3	18.2	3
2025 11 22 06	0.95	0.91	5.4	5.4	6.1	1.3	-9999.9	3	93	-9999.9	42	-9999.9	3	18.1	3
2025 11 22 07	0.84	0.81	5.0	4.9	6.7	1.2	-9999.9	3	75	-9999.9	42	-9999.9	3	18.0	3
2025 11 22 08	0.79	0.75	5.1	5.1	7.0	1.32	-9999.9	3	66	-9999.9	43	-9999.9	3	18.5	3
2025 11 22 09	0.82	0.77	5.4	5.3	6.5	1.33	-9999.9	3	90	-9999.9	45	-9999.9	3	19.4	3
2025 11 22 10	0.84	0.78	4.7	4.8	6.0	1.31	-9999.9	3	93	-9999.9	43	-9999.9	3	19.8	3
2025 11 22 11	0.81	0.77	4.0	4.0	5.4	1.22	-9999.9	3	85	-9999.9	36	-9999.9	3	19.8	3
2025 11 22 12	0.74	0.7	3.4	3.4	5.0	1.09	-9999.9	3	89	-9999.9	37	-9999.9	3	19.8	3
2025 11 22 13	0.7	0.67	3.5	3.5	4.4	1.31	-9999.9	3	87	-9999.9	34	-9999.9	3	19.6	3
2025 11 22 14	0.81	0.75	3.6	3.8	6.7	1.42	-9999.9	3	94	-9999.9	39	-9999.9	3	19.3	3
2025 11 22 15	0.9	0.86	4.3	4.3	6.7	1.29	-9999.9	3	89	-9999.9	39	-9999.9	3	19.7	3
2025 11 22 16	0.93	0.9	4.7	4.8	6.9	1.35	-9999.9	3	77	-9999.9	33	-9999.9	3	19.1	3
2025 11 22 17	0.78	0.74	5.0	4.9	6.3	1.29	-9999.9	3	83	-9999.9	37	-9999.9	3	18.0	3
2025 11 22 18	0.63	0.58	4.9	4.9	7.1	1.36	-9999.9	3	69	-9999.9	53	-9999.9	3	18.0	3
2025 11 22 19	0.72	0.71	5.0	5.1	6.8	1.24	-9999.9	3	71	-9999.9	34	-9999.9	3	18.2	3
2025 11 22 20	0.52	0.48	4.0	4.2	6.3	0.88	-9999.9	3	86	-9999.9	43	-9999.9	3	18.0	3
2025 11 22 21	0.64	0.61	4.6	4.6	6.3	0.87	-9999.9	3	74	-9999.9	38	-9999.9	3	18.6	3
2025 11 22 22	0.63	0.59	4.8	4.9	5.9	1.23	-9999.9	3	77	-9999.9	31	-9999.9	3	19.5	3
2025 11 22 23	0.54	0.51	4.6	4.7	6.0	0.75	-9999.9	3	88	-9999.9	39	-9999.9	3	19.0	3
2025 11 23 00	0.48	0.45	4.4	4.2	6.1	0.83	-9999.9	3	95	-9999.9	42	-9999.9	3	18.9	3
2025 11 23 01	0.38	0.36	3.9	3.8	6.5	0.52	-9999.9	3	103	-9999.9	47	-9999.9	3	19.0	3
2025 11 23 02	0.44	0.42	4.6	4.8	7.7	0.75	-9999.9	3	107	-9999.9	44	-9999.9	3	19.0	3
2025 11 23 03	0.47	0.44	4.8	4.8	6.8	0.77	-9999.9	3	100	-9999.9	35	-9999.9	3	18.8	3
2025 11 23 04	0.4	0.36	5.1	5.2	13.3	0.61	-9999.9	3	40	-9999.9	65	-9999.9	3	18.5	3
2025 11 23 05	0.29	0.26	4.8	5.0	9.3	0.41	-9999.9	3	83	-9999.9	49	-9999.9	3	17.9	3
2025 11 23 06	0.36	0.32	6.1	6.3	15.4	0.61	-9999.9	3	122	-9999.9	57	-9999.9	3	18.2	3
2025 11 23 07	0.35	0.32	4.0	4.5	6.4	0.63	-9999.9	3	81	-9999.9	45	-9999.9	3	18.3	3
2025 11 23 08	0.28	0.25	3.3	3.5	7.7	0.45	-9999.9	3	105	-9999.9	46	-9999.9	3	18.1	3
2025 11 23 09	0.38	0.34	4.5	4.6	6.5	0.6	-9999.9	3	100	-9999.9	59	-9999.9	3	19.0	3
2025 11 23 10	0.4	0.37	5.1	5.2	9.6	0.57	-9999.9	3	101	-9999.9	56	-9999.9	3	19.0	3
2025 11 23 11	0.43	0.39	5.0	4.8	5.6	0.61	-9999.9	3	91	-9999.9	42	-9999.9	3	19.0	3
2025 11 23 12	0.37	0.36	4.0	4.2	5.0	0.56	-9999.9	3	101	-9999.9	40	-9999.9	3	19.0	3
2025 11 23 13	0.3	0.28	3.7	4.2	5.9	0.49	-9999.9	3	113	-9999.9	49	-9999.9	3	19.0	3
2025 11 23 14	0.33	0.29	3.4	4.0	8.0	0.57	-9999.9	3	167	-9999.9	51	-9999.9	3	18.8	3
2025 11 23 15	0.34	0.31	3.4	4.2	6.5	0.57	-9999.9	3	191	-9999.9	53	-9999.9	3	18.7	3
2025 11 23 16	0.32	0.27	4.0	4.6	17.4	0.47	-9999.9	3	121	-9999.9	59	-9999.9	3	19.2	3
2025 11 23 17	0.32	0.28	3.3	3.7	11.9	0.53	-9999.9	3	170	-9999.9	52	-9999.9	3	17.7	3
2025 11 23 18	0.36	0.32	3.3	3.5	7.3	0.8	-9999.9	3	199	-9999.9	42	-9999.9	3	18.0	3
2025 11 23 19	0.34	0.33	4.3	4.5	6.6	0.52	-9999.9	3	190	-9999.9	38	-9999.9	3	17.6	3
2025 11 23 20	0.27	0.24	3.6	3.8	10.1	0.39	-9999.9	3	142	-9999.9	52	-9999.9	3	17.7	3
2025 11 23 21	0.26	0.24	3.6	3.5	11.4	0.51	-9999.9	3	190	-9999.9	56	-9999.9	3	17.2	3
2025 11 23 22	0.24	0.21	3.2	3.4	11.6	0.41	-9999.9	3	136	-9999.9	61	-9999.9	3	17.5	3
2025 11 23 23	0.23	0.21	3.8	4.2	12.2	0.37	-9999.9	3	156	-9999.9	53	-9999.9	3	18.9	3
2025 11 24 00	0.24	0.21	3.5	3.7	11.3	0.38	-9999.9	3	189	-9999.9	48	-9999.9	3	18.4	3
2025 11 24 01	0.25	0.23	3.1	3.9	12.0	0.39	-9999.9	3	193	-9999.9	55	-9999.9	3	18.5	3
2025 11 24 02	0.27	0.25	2.9	3.4	11.5	0.42	-9999.9	3	189	-9999.9	51	-9999.9	3	18.6	3
2025 11 24 03	0.27	0.24	2.8	3.1	11.2	0.37	-9999.9	3	205	-9999.9	48	-9999.9	3	18.5	3
2025 11 24 04	0.28	0.25	3.3	3.5	11.3	0.47	-9999.9	3	181	-9999.9	49	-9999.9	3	18.2	3
2025 11 24 05	0.33	0.27	6.0	5.6	26.1	0.46	-9999.9	3	159	-9999.9	68	-9999.9	3	18.1	3
2025 11 24 06	0.2	0.17	3.1	3.6	13.7	0.31	-9999.9	3	137	-9999.9	57	-9999.9	3	17.6	3
2025 11 24 07	0.32	0.26	3.8	4.0	29.8	0.45	-9999.9	3	145	-9999.9	62	-9999.9	3	17.6	3
2025 11 24 08	0.32	0.27	3.3	3.4	29.1	0.42	-9999.9	3	161	-9999.9	59	-9999.9	3	18.0	3
2025 11 24 09	0.4	0.36	4.1	4.4	6.1	0.67	-9999.9	3	177	-9999.9	54	-9999.9	3	18.4	3
2025 11 24 10	0.33	0.27	3.2	3.6	28.8	0.43	-9999.9	3	134	-9999.9	65	-9999.9	3	18.7	3
2025 11 24 11	0.33	0.27	3.0	3.8	27.8	0.43	-9999.9	3	143	-9999.9	62	-9999.9	3	18.9	3
2025 11 24 12	0.49	0.45	2.6	2.9	8.9	0.78	-9999.9	3	198	-9999.9	47	-9999.9	3	18.9	3
2025 11 24 13	0.45	0.43	2.4	2.6	3.0	0.69	-9999.9	3	217	-9999.9	38	-9999.9	3	18.9	3
2025 11 24 14	0.59	0.57	2.6	2.8	3.7	0.96	-9999.9	3	226	-9999.9	35	-9999.9	3	18.5	3
2025 11 24 15	0.68	0.66	2.9	3.0	4.2	1.0	-9999.9	3	221	-9999.9	37	-9999.9	3	18.4	3
2025 11 24 16	0.67	0.62	3.1	3.3	9.3	1.36	-9999.9	3	225	-9999.9	44	-9999.9	3	18.7	3
2025 11 24 17	0.71	0.67	3.0	3.2	4.2	1.17	-9999.9	3	207	-9999.9	36	-9999.9	3	16.8	3
2025 11 24 18	0.91	0.87	3.3	3.4	4.2	1.57	-9999.9	3	216	-9999.9	28	-9999.9	3	17.2	3
2025 11 24 19	0.85	0.82	3.5	3.6	4.3	1.4	-9999.9	3	204	-9999.9	30	-9999.9	3	17.1	3
2025 11 24 20	0.71	0.68	3.4	3.5	4.5	1.2	-9999.9	3	199	-9999.9	40	-9999.9	3	17.0	3
2025 11 24 21	0.88	0.84	3.2	3.5	4.5	1.37	-9999.9	3	208	-9999.9	39	-9999.9	3	17.1	3
2025 11 24 22	0.84	0.8	3.4	3.6	5.0	1.35	-9999.9	3	217	-9999.9	44	-9999.9	3	18.2	3
2025 11 24 23	0.73	0.69	3.3	3.4	5.0	1.13	-9999.9	3	224	-9999.9	44	-9999.9	3	18.4	3
2025 11 25 00	0.77	0.73	3.1	3.3	4.9	1.53	-9999.9	3	223	-9999.9	40	-9999.9	3	17.8	3
2025 11 25 01	0.91	0.88	3.6	3.6	5.3	1.42	-9999.9	3	223	-9999.9	33	-9999.9	3	17.7	3
2025 11 25 02	1.05	1.0	3.6	3.7	5.1	1.59	-9999.9	3	225	-9999.9	33	-9999.9	3	17.7	3
2025 11 25 03	1.29	1.24	3.8	4.0	5.6	1.93	-9999.9	3	234	-9999.9	26	-9999.9	3	17.7	3
2025 11 25 04	1.15	1.1	3.7	3.7	5.1	2.26	-9999.9	3	219	-9999.9	31	-9999.9	3	17.6	3
2025 11 25 05	0.81	0.75	3.6	3.6	5.4	1.26	-9999.9	3	181	-9999.9	45	-9999.9	3	18.0	3
2025 11 25 06	1.11	1.05	3.7	3.8	5.7	1.75	-9999.9	3	196	-9999.9	43	-9999.9	3	-9999.9	-9999.9
2025 11 25 07	1.0	0.96	4.4	4.3	5.7	1.53	-9999.9	3	193	-9999.9	46	-9999.9	3	18.0	3
2025 11 25 08	0.77	0.73	3.9	4.1	5.9	1.08	-9999.9	3	181	-9999.9	50	-9999.9	3	18.0	3
2025 11 25 09	0.58	0.53	3.7	3.9	5.8	1.0	-9999.9	3	182	-9999.9	57	-9999.9	3	18.0	3
2025 11 25 10	0.52	0.49	3.6	3.7	6.1	0.82	-9999.9	3	204	-9999.9	56	-9999.9	3	18.3	3
2025 11 25 11	0.56	0.53	3.8	3.9	6.0	1.03	-9999.9	3	198	-9999.9	55	-9999.9	3	18.2	3
2025 11 25 12	0.56	0.52	3.1	3.4	7.2	0.85	-9999.9	3	208	-9999.9	53	-9999.9	3	18.3	3
2025 11 25 13	0.48	0.46	2.9	3.3	6.3	0.71	-9999.9	3	214	-9999.9	54	-9999.9	3	18.1	3
2025 11 25 14	0.55	0.53	3.0	3.2	4.9	0.9	-9999.9	3	216	-9999.9	44	-9999.9	3	18.1	3
2025 11 25 15	0.68	0.66	3.3	3.4	5.9	1.11	-9999.9	3	222	-9999.9	35	-9999.9	3	18.0	3
2025 11 25 16	0.59	0.55	3.7	4.0	6.3	0.95	-9999.9	3	212	-9999.9	45	-9999.9	3	18.0	3
2025 11 25 17	0.65	0.61	3.7	4.1	5.8	0.97	-9999.9	3	199	-9999.9	46	-9999.9	3	17.2	3
2025 11 25 18	0.79	0.75	3.9	4.1	6.1	1.22	-9999.9	3	209	-9999.9	38	-9999.9	3	17.2	3
2025 11 25 19	0.61	0.59	4.1	4.3	6.2	0.9	-9999.9	3	181	-9999.9	44	-9999.9	3	16.9	3
2025 11 25 20	0.53	0.5	4.3	4.4	6.1	0.75	-9999.9	3	181	-9999.9	48	-9999.9	3	16.7	3
2025 11 25 21	0.54	0.52	4.6	4.7	6.0	0.89	-9999.9	3	156	-9999.9	57	-9999.9	3	17.2	3
2025 11 25 22	0.57	0.54	4.5	4.6	5.6	0.86	-9999.9	3	165	-9999.9	55	-9999.9	3	17.4	3
2025 11 25 23	0.45	0.41	4.2	4.3	5.8	0.61	-9999.9	3	150	-9999.9	66	-9999.9	3	17.7	3
2025 11 26 00	0.49	0.47	4.7	4.7	6.2	0.85	-9999.9	3	100	-9999.9	54	-9999.9	3	18.0	3
2025 11 26 01	0.42	0.4	4.0	4.0	5.5	0.58	-9999.9	3	185	-9999.9	61	-9999.9	3	17.4	3
2025 11 26 02	0.38	0.36	3.9	3.9	5.3	0.6	-9999.9	3	206	-9999.9	50	-9999.9	3	17.3	3
2025 11 26 03	0.48	0.44	3.3	3.4	5.2	0.77	-9999.9	3	157	-9999.9	57	-9999.9	3	17.7	3
2025 11 26 04	0.45	0.41	3.6	3.7	8.7	0.7	-9999.9	3	174	-9999.9	57	-9999.9	3	18.0	3
2025 11 26 05	0.45	0.42	3.7	3.9	7.2	0.91	-9999.9	3	195	-9999.9	48	-9999.9	3	17.5	3
2025 11 26 06	0.45	0.41	4.8	4.8	-9999.9	0.64	-9999.9	3	151	-9999.9	66	-9999.9	3	17.6	3
2025 11 26 07	0.49	0.46	4.4	4.4	6.7	0.87	-9999.9	3	165	-9999.9	55	-9999.9	3	17.5	3
2025 11 26 08	0.5	0.47	4.2	4.0	5.5	0.67	-9999.9	3	144	-9999.9	62	-9999.9	3	17.6	3
2025 11 26 09	0.52	0.49	3.9	3.9	5.8	0.83	-9999.9	3	148	-9999.9	57	-9999.9	3	17.5	3
2025 11 26 10	0.4	0.37	4.1	4.0	6.7	0.6	-9999.9	3	141	-9999.9	63	-9999.9	3	17.5	3
2025 11 26 11	0.41	0.37	3.9	4.1	7.6	0.59	-9999.9	3	131	-9999.9	61	-9999.9	3	17.7	3
2025 11 26 12	0.4	0.38	4.4	4.4	7.6	0.66	-9999.9	3	137	-9999.9	57	-9999.9	3	17.8	3
2025 11 26 13	0.3	0.29	4.0	4.0	5.5	0.45	-9999.9	3	86	-9999.9	57	-9999.9	3	18.3	3
2025 11 26 14	0.26	0.25	4.3	4.3	5.9	0.43	-9999.9	3	106	-9999.9	53	-9999.9	3	18.4	3
2025 11 26 15	0.35	0.32	4.2	4.4	6.6	0.72	-9999.9	3	167	-9999.9	55	-9999.9	3	18.3	3
2025 11 26 16	0.32	0.3	4.9	4.8	7.7	0.49	-9999.9	3	168	-9999.9	55	-9999.9	3	18.0	3
2025 11 26 17	0.32	0.29	4.6	4.6	5.7	0.5	-9999.9	3	136	-9999.9	55	-9999.9	3	18.1	3
2025 11 26 18	0.27	0.25	4.4	4.5	8.2	0.49	-9999.9	3	141	-9999.9	55	-9999.9	3	17.5	3
2025 11 26 19	0.35	0.33	4.9	5.0	8.6	0.5	-9999.9	3	194	-9999.9	48	-9999.9	3	16.9	3
2025 11 26 20	0.34	0.33	4.8	4.6	7.0	0.55	-9999.9	3	107	-9999.9	54	-9999.9	3	16.9	3
2025 11 26 21	0.32	0.3	4.3	4.3	5.7	0.46	-9999.9	3	120	-9999.9	57	-9999.9	3	16.9	3
2025 11 26 22	0.28	0.27	4.1	4.3	4.7	0.51	-9999.9	3	119	-9999.9	54	-9999.9	3	16.8	3
2025 11 26 23	0.33	0.31	3.7	3.8	4.3	0.61	-9999.9	3	115	-9999.9	51	-9999.9	3	16.7	3
2025 11 27 00	0.47	0.44	4.1	4.0	6.5	1.0	-9999.9	3	71	-9999.9	42	-9999.9	3	16.6	3
2025 11 27 01	0.31	0.29	3.5	3.9	8.2	0.54	-9999.9	3	126	-9999.9	59	-9999.9	3	17.4	3
2025 11 27 02	0.3	0.28	2.7	3.3	5.5	0.56	-9999.9	3	156	-9999.9	57	-9999.9	3	17.7	3
2025 11 27 03	0.31	0.28	2.8	3.5	11.4	0.52	-9999.9	3	149	-9999.9	66	-9999.9	3	17.3	3
2025 11 27 04	0.34	0.31	2.6	2.7	27.9	0.48	-9999.9	3	152	-9999.9	57	-9999.9	3	17.2	3
2025 11 27 05	0.33	0.3	2.8	2.9	6.1	0.49	-9999.9	3	112	-9999.9	49	-9999.9	3	17.2	3
2025 11 27 06	0.54	0.48	4.5	4.4	15.7	0.83	-9999.9	3	96	-9999.9	46	-9999.9	3	17.6	3
2025 11 27 07	0.83	0.77	5.5	5.3	15.3	1.43	-9999.9	3	86	-9999.9	51	-9999.9	3	17.8	3
2025 11 27 08	0.6	0.56	4.4	4.5	6.6	0.99	-9999.9	3	71	-9999.9	42	-9999.9	3	17.5	3
2025 11 27 09	0.54	0.47	4.9	5.0	24.6	0.71	-9999.9	3	123	-9999.9	57	-9999.9	3	17.4	3
2025 11 27 10	0.58	0.54	4.3	4.2	5.9	0.83	-9999.9	3	74	-9999.9	39	-9999.9	3	17.5	3
2025 11 27 11	0.52	0.48	4.0	4.0	7.4	0.76	-9999.9	3	85	-9999.9	45	-9999.9	3	17.4	3
2025 11 27 12	0.58	0.55	4.7	4.4	7.0	0.9	-9999.9	3	89	-9999.9	47	-9999.9	3	17.6	3
2025 11 27 13	0.73	0.68	4.5	4.4	5.7	1.17	-9999.9	3	74	-9999.9	33	-9999.9	3	17.8	3
2025 11 27 14	0.76	0.72	4.0	4.1	5.5	1.18	-9999.9	3	72	-9999.9	30	-9999.9	3	17.8	3
2025 11 27 15	0.76	0.74	4.1	4.1	5.2	1.18	-9999.9	3	76	-9999.9	34	-9999.9	3	17.9	3
2025 11 27 16	0.67	0.62	3.7	3.8	5.7	1.12	-9999.9	3	94	-9999.9	43	-9999.9	3	17.9	3
2025 11 27 17	0.54	0.53	3.9	3.9	5.6	0.96	-9999.9	3	91	-9999.9	40	-9999.9	3	17.8	3
2025 11 27 18	0.57	0.55	4.1	4.3	5.8	0.94	-9999.9	3	93	-9999.9	31	-9999.9	3	17.8	3
2025 11 27 19	0.58	0.56	4.6	4.6	6.3	1.08	-9999.9	3	99	-9999.9	37	-9999.9	3	18.1	3
2025 11 27 20	0.55	0.52	4.3	4.4	5.8	0.88	-9999.9	3	74	-9999.9	43	-9999.9	3	17.3	3
2025 11 27 21	0.47	0.44	4.6	4.6	5.2	0.87	-9999.9	3	65	-9999.9	37	-9999.9	3	16.9	3
2025 11 27 22	0.37	0.35	4.0	4.2	5.3	0.61	-9999.9	3	82	-9999.9	41	-9999.9	3	16.7	3
2025 11 27 23	0.21	0.2	3.2	3.5	5.3	0.35	-9999.9	3	86	-9999.9	57	-9999.9	3	16.8	3
2025 11 28 00	0.35	0.33	3.0	3.2	4.1	0.58	-9999.9	3	92	-9999.9	45	-9999.9	3	16.7	3
2025 11 28 01	0.72	0.68	4.0	4.1	4.5	1.06	-9999.9	3	73	-9999.9	35	-9999.9	3	17.4	3
2025 11 28 02	0.39	0.37	2.9	3.1	4.1	0.63	-9999.9	3	66	-9999.9	38	-9999.9	3	17.2	3
2025 11 28 03	0.32	0.3	2.3	2.6	4.0	0.51	-9999.9	3	99	-9999.9	53	-9999.9	3	17.3	3
2025 11 28 04	0.42	0.41	2.4	2.5	2.8	0.8	-9999.9	3	100	-9999.9	41	-9999.9	3	17.6	3
2025 11 28 05	0.42	0.4	2.3	2.5	2.4	0.72	-9999.9	3	100	-9999.9	43	-9999.9	3	17.5	3
2025 11 28 06	0.41	0.39	2.6	2.7	3.2	0.62	-9999.9	3	101	-9999.9	48	-9999.9	3	17.4	3
2025 11 28 07	0.49	0.45	3.4	3.4	3.9	0.77	-9999.9	3	98	-9999.9	38	-9999.9	3	17.7	3
2025 11 28 08	0.6	0.55	4.1	4.1	4.4	0.88	-9999.9	3	81	-9999.9	46	-9999.9	3	18.0	3
2025 11 28 09	0.5	0.48	3.5	3.5	4.3	0.91	-9999.9	3	61	-9999.9	29	-9999.9	3	17.6	3
2025 11 28 10	0.51	0.48	3.8	3.8	4.9	0.78	-9999.9	3	82	-9999.9	41	-9999.9	3	17.5	3
2025 11 28 11	0.67	0.64	4.2	4.2	5.3	0.97	-9999.9	3	72	-9999.9	33	-9999.9	3	17.5	3
2025 11 28 12	0.51	0.48	3.8	3.8	5.8	0.96	-9999.9	3	73	-9999.9	38	-9999.9	3	17.4	3
2025 11 28 13	0.5	0.47	4.0	4.2	5.7	0.81	-9999.9	3	71	-9999.9	37	-9999.9	3	17.4	3
2025 11 28 14	0.66	0.63	4.7	4.6	5.7	1.11	-9999.9	3	81	-9999.9	43	-9999.9	3	18.0	3
2025 11 28 15	0.71	0.67	4.3	4.3	5.4	1.18	-9999.9	3	88	-9999.9	36	-9999.9	3	18.0	3
2025 11 28 16	0.63	0.61	4.1	4.1	5.0	1.08	-9999.9	3	86	-9999.9	35	-9999.9	3	18.1	3
2025 11 28 17	0.49	0.46	3.7	3.5	5.4	0.74	-9999.9	3	87	-9999.9	39	-9999.9	3	18.0	3
2025 11 28 18	0.46	0.45	3.9	4.0	5.4	0.65	-9999.9	3	92	-9999.9	37	-9999.9	3	17.8	3
2025 11 28 19	0.49	0.47	4.2	4.2	6.8	0.89	-9999.9	3	104	-9999.9	47	-9999.9	3	17.7	3
2025 11 28 20	0.51	0.48	4.2	4.2	6.5	0.93	-9999.9	3	102	-9999.9	41	-9999.9	3	18.1	3
2025 11 28 21	0.39	0.36	4.0	4.2	5.5	0.62	-9999.9	3	86	-9999.9	39	-9999.9	3	17.0	3
2025 11 28 22	0.28	0.26	4.0	4.0	5.4	0.46	-9999.9	3	98	-9999.9	54	-9999.9	3	17.4	3
2025 11 28 23	0.22	0.21	4.2	4.1	7.8	0.35	-9999.9	3	129	-9999.9	59	-9999.9	3	16.9	3
2025 11 29 00	0.22	0.2	4.8	5.0	9.1	0.32	-9999.9	3	103	-9999.9	45	-9999.9	3	16.7	3
2025 11 29 01	0.24	0.23	3.4	3.6	5.6	0.34	-9999.9	3	125	-9999.9	56	-9999.9	3	16.7	3
2025 11 29 02	0.29	0.26	4.0	3.9	12.5	0.44	-9999.9	3	114	-9999.9	59	-9999.9	3	16.7	3
2025 11 29 03	0.17	0.15	3.5	3.6	9.3	0.23	-9999.9	3	120	-9999.9	63	-9999.9	3	16.9	3
2025 11 29 04	0.21	0.19	3.8	3.8	9.2	0.3	-9999.9	3	118	-9999.9	59	-9999.9	3	17.3	3
2025 11 29 05	0.24	0.21	3.6	3.7	8.3	0.32	-9999.9	3	182	-9999.9	66	-9999.9	3	17.5	3
2025 11 29 06	0.28	0.26	3.5	3.5	4.3	0.42	-9999.9	3	159	-9999.9	57	-9999.9	3	17.4	3
2025 11 29 07	0.28	0.27	3.3	3.3	3.4	0.52	-9999.9	3	168	-9999.9	46	-9999.9	3	17.2	3
2025 11 29 08	0.28	0.26	4.5	4.7	7.5	0.45	-9999.9	3	172	-9999.9	56	-9999.9	3	17.3	3
2025 11 29 09	0.34	0.32	5.2	5.3	6.6	0.56	-9999.9	3	162	-9999.9	50	-9999.9	3	17.8	3
2025 11 29 10	0.23	0.21	4.3	4.5	14.3	0.38	-9999.9	3	97	-9999.9	53	-9999.9	3	17.4	3
2025 11 29 11	0.33	0.27	4.3	4.4	24.3	0.45	-9999.9	3	204	-9999.9	66	-9999.9	3	17.5	3
2025 11 29 12	0.36	0.34	3.5	3.6	7.1	0.59	-9999.9	3	153	-9999.9	58	-9999.9	3	17.4	3
2025 11 29 13	0.3	0.25	3.3	3.6	13.9	0.44	-9999.9	3	70	-9999.9	58	-9999.9	3	17.4	3
2025 11 29 14	0.32	0.27	3.0	3.0	12.2	0.47	-9999.9	3	213	-9999.9	53	-9999.9	3	17.6	3
2025 11 29 15	0.42	0.37	4.1	4.4	6.6	0.67	-9999.9	3	146	-9999.9	54	-9999.9	3	18.2	3
2025 11 29 16	0.32	0.28	3.2	3.6	8.4	0.45	-9999.9	3	167	-9999.9	59	-9999.9	3	18.0	3
2025 11 29 17	0.28	0.25	2.5	3.2	20.1	0.46	-9999.9	3	151	-9999.9	56	-9999.9	3	17.8	3
2025 11 29 18	0.28	0.25	3.0	3.5	12.9	0.37	-9999.9	3	154	-9999.9	53	-9999.9	3	17.8	3
2025 11 29 19	0.31	0.28	3.2	3.4	6.5	0.49	-9999.9	3	187	-9999.9	48	-9999.9	3	17.7	3
2025 11 29 20	0.39	0.35	3.6	3.9	7.7	0.65	-9999.9	3	186	-9999.9	53	-9999.9	3	17.9	3
2025 11 29 21	0.37	0.34	4.3	4.2	10.7	0.59	-9999.9	3	192	-9999.9	58	-9999.9	3	17.2	3
2025 11 29 22	0.44	0.41	3.3	3.3	6.0	0.59	-9999.9	3	193	-9999.9	42	-9999.9	3	17.0	3
2025 11 29 23	0.46	0.42	3.9	3.9	4.4	0.68	-9999.9	3	169	-9999.9	58	-9999.9	3	16.9	3
2025 11 30 00	0.42	0.38	4.2	4.1	5.4	0.6	-9999.9	3	138	-9999.9	60	-9999.9	3	17.3	3
2025 11 30 01	0.43	0.38	4.7	4.6	18.1	0.65	-9999.9	3	155	-9999.9	64	-9999.9	3	17.6	3
2025 11 30 02	0.42	0.34	4.9	4.8	-9999.9	0.71	-9999.9	3	305	-9999.9	70	-9999.9	3	17.5	3
2025 11 30 03	0.42	0.38	3.5	3.4	-9999.9	0.62	-9999.9	3	164	-9999.9	66	-9999.9	3	17.5	3
2025 11 30 04	0.42	0.38	3.1	3.3	10.5	0.63	-9999.9	3	208	-9999.9	62	-9999.9	3	17.6	3
2025 11 30 05	0.53	0.51	2.7	2.8	3.1	0.82	-9999.9	3	211	-9999.9	43	-9999.9	3	17.4	3
2025 11 30 06	0.66	0.63	2.8	2.8	2.9	1.05	-9999.9	3	208	-9999.9	34	-9999.9	3	17.3	3
2025 11 30 07	0.74	0.71	2.9	2.9	3.3	1.1	-9999.9	3	201	-9999.9	38	-9999.9	3	17.4	3
2025 11 30 08	0.85	0.79	3.0	3.0	3.4	1.36	-9999.9	3	211	-9999.9	33	-9999.9	3	17.4	3
2025 11 30 09	0.65	0.59	3.4	3.5	6.3	0.91	-9999.9	3	219	-9999.9	44	-9999.9	3	17.6	3
2025 11 30 10	0.41	0.35	3.9	3.9	13.0	0.6	-9999.9	3	191	-9999.9	59	-9999.9	3	17.7	3
2025 11 30 11	0.43	0.39	3.7	3.8	9.7	0.65	-9999.9	3	165	-9999.9	50	-9999.9	3	17.2	3
2025 11 30 12	0.46	0.4	4.9	4.6	16.1	0.69	-9999.9	3	208	-9999.9	61	-9999.9	3	17.4	3
2025 11 30 13	0.49	0.43	3.4	3.4	8.6	0.72	-9999.9	3	168	-9999.9	57	-9999.9	3	17.6	3
2025 11 30 14	0.42	0.36	3.4	3.3	11.1	0.64	-9999.9	3	189	-9999.9	62	-9999.9	3	17.3	3
2025 11 30 15	0.39	0.34	3.9	4.0	11.5	0.56	-9999.9	3	238	-9999.9	64	-9999.9	3	17.4	3
2025 11 30 16	0.35	0.28	3.8	4.2	12.0	0.5	-9999.9	3	236	-9999.9	65	-9999.9	3	17.7	3
2025 11 30 17	0.38	0.35	4.1	4.4	6.5	0.77	-9999.9	3	192	-9999.9	48	-9999.9	3	17.4	3
2025 11 30 18	0.31	0.28	4.1	4.5	11.1	0.57	-9999.9	3	144	-9999.9	49	-9999.9	3	17.3	3
2025 11 30 19	0.33	0.31	4.7	4.6	10.3	0.46	-9999.9	3	184	-9999.9	47	-9999.9	3	17.3	3
2025 11 30 20	0.36	0.33	4.8	5.0	8.3	0.53	-9999.9	3	174	-9999.9	48	-9999.9	3	17.6	3
2025 11 30 21	0.31	0.29	4.7	4.9	9.1	0.44	-9999.9	3	154	-9999.9	59	-9999.9	3	17.6	3
2025 11 30 22	0.34	0.31	4.6	4.7	11.1	0.53	-9999.9	3	178	-9999.9	60	-9999.9	3	17.7	3
2025 11 30 23	0.47	0.44	4.4	4.4	5.1	0.71	-9999.9	3	205	-9999.9	44	-9999.9	3	16.9	3
2025 12 01 00	0.53	0.49	4.7	4.7	9.6	0.76	-9999.9	3	207	-9999.9	39	-9999.9	3	16.8	3
2025 12 01 01	0.53	0.5	5.1	5.0	6.4	0.75	-9999.9	3	182	-9999.9	57	-9999.9	3	16.9	3
2025 12 01 02	0.57	0.54	5.1	5.2	7.1	0.81	-9999.9	3	140	-9999.9	58	-9999.9	3	17.1	3
2025 12 01 03	0.68	0.65	4.7	4.6	5.0	1.06	-9999.9	3	93	-9999.9	45	-9999.9	3	16.7	3
2025 12 01 04	0.65	0.62	4.1	4.1	5.0	1.26	-9999.9	3	99	-9999.9	44	-9999.9	3	17.4	3
2025 12 01 05	0.51	0.49	4.5	4.6	6.2	0.79	-9999.9	3	184	-9999.9	53	-9999.9	3	17.2	3
2025 12 01 06	0.54	0.51	3.8	4.0	4.6	0.98	-9999.9	3	144	-9999.9	54	-9999.9	3	17.2	3
2025 12 01 07	0.49	0.44	4.0	4.1	7.8	0.76	-9999.9	3	165	-9999.9	56	-9999.9	3	16.6	3
2025 12 01 08	0.55	0.51	4.3	4.4	8.3	0.99	-9999.9	3	181	-9999.9	52	-9999.9	3	16.9	3
2025 12 01 09	0.71	0.66	3.7	3.7	5.2	1.44	-9999.9	3	102	-9999.9	46	-9999.9	3	17.3	3
2025 12 01 10	0.88	0.85	4.2	4.2	5.3	1.38	-9999.9	3	86	-9999.9	37	-9999.9	3	17.7	3
2025 12 01 11	0.9	0.85	4.5	4.4	5.7	1.44	-9999.9	3	105	-9999.9	45	-9999.9	3	17.6	3
2025 12 01 12	0.94	0.91	4.5	4.5	5.8	1.8	-9999.9	3	94	-9999.9	40	-9999.9	3	17.3	3
2025 12 01 13	0.69	0.64	4.7	4.7	6.4	1.14	-9999.9	3	88	-9999.9	46	-9999.9	3	17.0	3
2025 12 01 14	0.58	0.53	4.2	4.4	6.1	0.84	-9999.9	3	184	-9999.9	53	-9999.9	3	17.0	3
2025 12 01 15	0.56	0.51	4.7	4.9	7.0	0.9	-9999.9	3	205	-9999.9	57	-9999.9	3	17.2	3
2025 12 01 16	0.71	0.68	5.4	5.5	7.0	1.23	-9999.9	3	197	-9999.9	43	-9999.9	3	16.8	3
2025 12 01 17	0.6	0.57	4.4	4.5	6.1	0.94	-9999.9	3	137	-9999.9	56	-9999.9	3	17.0	3
2025 12 01 18	0.6	0.58	4.6	4.7	6.1	0.99	-9999.9	3	97	-9999.9	35	-9999.9	3	18.2	3
2025 12 01 19	0.69	0.65	4.8	4.9	6.5	1.16	-9999.9	3	101	-9999.9	33	-9999.9	3	18.0	3
2025 12 01 20	0.73	0.71	5.4	5.6	6.8	1.27	-9999.9	3	99	-9999.9	37	-9999.9	3	18.0	3
2025 12 01 21	0.68	0.66	5.3	5.1	6.5	0.93	-9999.9	3	104	-9999.9	34	-9999.9	3	18.0	3
2025 12 01 22	0.56	0.53	4.9	5.0	6.4	0.83	-9999.9	3	114	-9999.9	45	-9999.9	3	17.8	3
2025 12 01 23	0.55	0.53	5.2	5.4	6.5	0.83	-9999.9	3	99	-9999.9	50	-9999.9	3	17.7	3
2025 12 02 00	0.55	0.54	5.2	5.2	6.8	0.84	-9999.9	3	114	-9999.9	53	-9999.9	3	17.3	3
2025 12 02 01	0.56	0.53	4.4	4.6	6.5	1.13	-9999.9	3	152	-9999.9	54	-9999.9	3	17.1	3
2025 12 02 02	0.59	0.53	6.9	6.6	17.2	0.84	-9999.9	3	24	-9999.9	59	-9999.9	3	17.1	3
2025 12 02 03	0.49	0.46	4.1	4.2	5.9	0.7	-9999.9	3	121	-9999.9	49	-9999.9	3	17.0	3
2025 12 02 04	0.47	0.43	4.1	4.2	6.3	0.75	-9999.9	3	93	-9999.9	52	-9999.9	3	17.0	3
2025 12 02 05	0.43	0.39	3.0	3.2	7.6	0.65	-9999.9	3	165	-9999.9	57	-9999.9	3	17.7	3
2025 12 02 06	0.52	0.48	2.6	2.7	2.6	0.8	-9999.9	3	192	-9999.9	44	-9999.9	3	17.6	3
2025 12 02 07	0.61	0.57	2.8	2.9	2.9	1.11	-9999.9	3	203	-9999.9	38	-9999.9	3	17.4	3
2025 12 02 08	0.76	0.72	3.1	3.1	3.3	1.23	-9999.9	3	212	-9999.9	34	-9999.9	3	17.4	3
2025 12 02 09	0.74	0.7	3.2	3.2	3.6	1.23	-9999.9	3	217	-9999.9	32	-9999.9	3	17.3	3
2025 12 02 10	0.8	0.77	3.0	3.1	3.4	1.25	-9999.9	3	216	-9999.9	36	-9999.9	3	17.3	3
2025 12 02 11	0.74	0.68	3.1	3.2	5.0	1.11	-9999.9	3	208	-9999.9	43	-9999.9	3	17.3	3
2025 12 02 12	0.66	0.6	3.3	3.4	4.5	1.04	-9999.9	3	205	-9999.9	46	-9999.9	3	17.1	3
2025 12 02 13	1.05	0.99	3.3	3.5	4.1	1.71	-9999.9	3	204	-9999.9	28	-9999.9	3	16.8	3
2025 12 02 15	0.96	0.93	3.8	3.8	4.3	1.46	-9999.9	3	201	-9999.9	36	-9999.9	3	17.1	3
2025 12 02 16	0.84	0.8	3.8	3.8	4.7	1.51	-9999.9	3	211	-9999.9	44	-9999.9	3	17.1	3
2025 12 02 17	0.61	0.56	3.2	3.5	5.9	0.92	-9999.9	3	219	-9999.9	48	-9999.9	3	17.3	3
2025 12 02 18	0.49	0.43	3.7	3.8	23.3	0.74	-9999.9	3	235	-9999.9	59	-9999.9	3	17.7	3
2025 12 02 19	0.4	0.36	4.0	4.2	9.6	0.61	-9999.9	3	214	-9999.9	58	-9999.9	3	17.8	3
2025 12 02 20	0.37	0.35	4.0	4.1	5.2	0.65	-9999.9	3	176	-9999.9	55	-9999.9	3	17.6	3
2025 12 02 21	0.4	0.38	4.3	4.2	5.4	0.66	-9999.9	3	210	-9999.9	44	-9999.9	3	17.6	3
2025 12 02 22	0.53	0.49	3.0	3.1	5.4	0.98	-9999.9	3	224	-9999.9	44	-9999.9	3	17.6	3
2025 12 02 23	0.62	0.56	3.4	3.7	20.6	1.02	-9999.9	3	209	-9999.9	47	-9999.9	3	17.4	3
2025 12 03 00	0.61	0.55	3.4	3.6	4.9	0.91	-9999.9	3	213	-9999.9	45	-9999.9	3	17.2	3
2025 12 03 01	0.93	0.88	3.4	3.4	4.6	1.36	-9999.9	3	218	-9999.9	34	-9999.9	3	16.5	3
2025 12 03 02	0.91	0.85	4.5	4.5	5.5	1.4	-9999.9	3	224	-9999.9	44	-9999.9	3	16.9	3
2025 12 03 03	0.77	0.74	4.9	5.0	5.7	1.4	-9999.9	3	197	-9999.9	54	-9999.9	3	16.9	3
2025 12 03 04	0.92	0.87	4.3	4.4	5.9	1.53	-9999.9	3	212	-9999.9	49	-9999.9	3	17.0	3
2025 12 03 05	0.8	0.78	4.3	4.6	5.8	1.57	-9999.9	3	165	-9999.9	58	-9999.9	3	16.8	3
2025 12 03 06	0.71	0.69	4.1	4.3	6.2	1.16	-9999.9	3	224	-9999.9	45	-9999.9	3	17.3	3
2025 12 03 07	0.65	0.63	4.1	4.6	6.4	1.19	-9999.9	3	219	-9999.9	43	-9999.9	3	17.3	3
2025 12 03 08	0.55	0.51	4.3	4.8	6.6	0.83	-9999.9	3	213	-9999.9	48	-9999.9	3	17.1	3
2025 12 03 09	0.69	0.68	4.9	5.2	6.6	1.05	-9999.9	3	221	-9999.9	32	-9999.9	3	17.0	3
2025 12 03 10	0.66	0.63	4.7	5.2	7.3	1.05	-9999.9	3	220	-9999.9	39	-9999.9	3	17.1	3
2025 12 03 11	0.78	0.74	4.7	5.2	6.9	1.18	-9999.9	3	220	-9999.9	40	-9999.9	3	17.0	3
2025 12 03 12	0.79	0.76	5.3	5.5	6.8	1.19	-9999.9	3	214	-9999.9	44	-9999.9	3	17.3	3
2025 12 03 13	0.84	0.79	4.3	4.6	6.5	1.42	-9999.9	3	202	-9999.9	45	-9999.9	3	16.4	3
2025 12 03 14	1.11	1.07	4.5	4.5	6.7	1.78	-9999.9	3	202	-9999.9	44	-9999.9	3	16.4	3
2025 12 03 16	0.86	0.81	5.8	5.6	6.3	1.28	-9999.9	3	173	-9999.9	55	-9999.9	3	17.1	3
2025 12 03 17	0.73	0.69	4.0	4.2	6.1	1.42	-9999.9	3	198	-9999.9	52	-9999.9	3	16.3	3
2025 12 03 18	0.51	0.48	4.1	4.1	6.3	0.79	-9999.9	3	205	-9999.9	56	-9999.9	3	16.9	3
2025 12 03 19	0.51	0.48	4.6	4.6	7.8	0.87	-9999.9	3	208	-9999.9	50	-9999.9	3	16.8	3
2025 12 03 20	0.46	0.41	5.4	5.5	7.7	0.65	-9999.9	3	184	-9999.9	61	-9999.9	3	17.1	3
2025 12 03 21	0.42	0.4	5.0	4.9	7.8	0.69	-9999.9	3	191	-9999.9	54	-9999.9	3	17.2	3
2025 12 03 22	0.47	0.43	4.9	5.1	8.4	0.84	-9999.9	3	207	-9999.9	49	-9999.9	3	17.1	3
2025 12 03 23	0.47	0.45	5.6	5.7	7.5	0.78	-9999.9	3	205	-9999.9	45	-9999.9	3	17.1	3
2025 12 04 00	0.53	0.5	6.0	6.0	9.5	0.73	-9999.9	3	204	-9999.9	54	-9999.9	3	17.1	3
2025 12 04 01	0.57	0.55	5.6	5.6	9.0	0.88	-9999.9	3	207	-9999.9	54	-9999.9	3	16.5	3
2025 12 04 02	0.64	0.6	5.6	5.6	7.8	1.1	-9999.9	3	195	-9999.9	58	-9999.9	3	16.6	3
2025 12 04 03	0.67	0.63	6.4	6.0	7.7	0.99	-9999.9	3	185	-9999.9	64	-9999.9	3	16.6	3
2025 12 04 04	0.64	0.59	5.3	5.2	7.8	0.96	-9999.9	3	203	-9999.9	64	-9999.9	3	16.4	3
2025 12 04 05	0.59	0.53	4.0	4.2	6.9	0.98	-9999.9	3	158	-9999.9	62	-9999.9	3	16.5	3
2025 12 04 06	0.55	0.51	3.3	3.4	7.1	0.9	-9999.9	3	187	-9999.9	60	-9999.9	3	16.7	3
2025 12 04 07	0.62	0.57	2.8	2.9	3.0	1.05	-9999.9	3	199	-9999.9	50	-9999.9	3	16.7	3
2025 12 04 08	0.58	0.53	2.7	2.8	3.1	1.03	-9999.9	3	209	-9999.9	42	-9999.9	3	16.7	3
2025 12 04 09	0.72	0.65	2.9	3.0	6.6	1.17	-9999.9	3	215	-9999.9	39	-9999.9	3	16.9	3
2025 12 04 10	0.69	0.63	2.8	3.0	3.2	1.13	-9999.9	3	215	-9999.9	34	-9999.9	3	16.9	3
2025 12 04 11	0.76	0.7	3.0	3.1	3.3	1.28	-9999.9	3	214	-9999.9	34	-9999.9	3	16.8	3
2025 12 04 12	0.73	0.67	3.1	3.2	3.8	1.08	-9999.9	3	224	-9999.9	40	-9999.9	3	16.8	3
2025 12 04 13	0.73	0.65	3.5	3.8	7.2	1.12	-9999.9	3	208	-9999.9	44	-9999.9	3	16.9	3
2025 12 04 14	0.71	0.66	3.6	3.6	4.9	1.08	-9999.9	3	201	-9999.9	39	-9999.9	3	16.2	3
2025 12 04 15	-9999.9	-9999.9	-9999.9	-9999.9	-9999.9	-9999.9	-9999.9	3	-9999.9	-9999.9	-9999.9	-9999.9	3	16.5	3
2025 12 04 16	0.7	0.64	4.7	4.8	13.3	1.03	-9999.9	3	179	-9999.9	57	-9999.9	3	-9999.9	-9999.9
2025 12 04 17	0.77	0.7	4.7	4.7	17.8	1.13	-9999.9	3	198	-9999.9	57	-9999.9	3	16.6	3
2025 12 04 18	0.71	0.64	3.5	3.6	6.0	1.21	-9999.9	3	197	-9999.9	54	-9999.9	3	16.5	3
2025 12 04 19	0.68	0.63	2.9	3.1	3.9	1.03	-9999.9	3	234	-9999.9	50	-9999.9	3	16.7	3
2025 12 04 20	0.69	0.63	3.0	3.2	9.9	0.99	-9999.9	3	219	-9999.9	48	-9999.9	3	16.7	3
2025 12 04 21	0.57	0.51	2.9	3.1	6.9	0.79	-9999.9	3	234	-9999.9	47	-9999.9	3	17.1	3
2025 12 04 22	0.53	0.47	3.2	3.5	25.4	0.75	-9999.9	3	209	-9999.9	52	-9999.9	3	16.9	3
2025 12 04 23	0.47	0.41	3.4	3.8	7.3	0.65	-9999.9	3	229	-9999.9	54	-9999.9	3	17.0	3
2025 12 05 00	0.53	0.49	3.8	4.2	5.6	0.94	-9999.9	3	219	-9999.9	50	-9999.9	3	17.0	3
2025 12 05 01	0.63	0.59	4.2	4.2	6.3	1.09	-9999.9	3	214	-9999.9	47	-9999.9	3	16.8	3
2025 12 05 02	0.64	0.58	5.6	5.5	23.5	0.99	-9999.9	3	197	-9999.9	61	-9999.9	3	16.9	3
2025 12 05 03	0.52	0.47	6.2	6.0	21.7	0.65	-9999.9	3	135	-9999.9	66	-9999.9	3	16.8	3
2025 12 05 04	0.69	0.63	5.5	5.4	13.9	1.27	-9999.9	3	147	-9999.9	60	-9999.9	3	16.3	3
2025 12 05 05	0.65	0.59	4.7	4.6	5.5	0.94	-9999.9	3	158	-9999.9	59	-9999.9	3	16.4	3
2025 12 05 06	0.58	0.53	3.9	3.9	6.2	1.03	-9999.9	3	131	-9999.9	61	-9999.9	3	16.3	3
2025 12 05 07	0.64	0.58	3.5	3.4	4.7	1.02	-9999.9	3	201	-9999.9	50	-9999.9	3	16.3	3
2025 12 05 08	0.74	0.7	2.8	2.9	3.0	1.32	-9999.9	3	214	-9999.9	42	-9999.9	3	16.6	3
2025 12 05 09	0.64	0.57	2.8	3.0	5.1	1.0	-9999.9	3	203	-9999.9	45	-9999.9	3	16.6	3
2025 12 05 10	0.63	0.57	2.7	2.9	14.6	0.97	-9999.9	3	203	-9999.9	47	-9999.9	3	17.0	3
2025 12 05 11	0.62	0.56	2.8	3.0	3.8	0.95	-9999.9	3	211	-9999.9	44	-9999.9	3	17.1	3
2025 12 05 12	0.7	0.64	3.1	3.2	4.2	1.09	-9999.9	3	218	-9999.9	42	-9999.9	3	17.0	3
2025 12 05 13	0.66	0.58	3.1	3.3	8.8	0.99	-9999.9	3	204	-9999.9	45	-9999.9	3	17.0	3
2025 12 05 14	0.73	0.67	3.6	3.6	5.1	1.04	-9999.9	3	210	-9999.9	38	-9999.9	3	16.6	3
2025 12 05 15	0.71	0.65	3.9	4.0	5.6	1.12	-9999.9	3	213	-9999.9	43	-9999.9	3	16.2	3
2025 12 05 16	0.84	0.78	4.0	4.0	5.2	1.35	-9999.9	3	217	-9999.9	41	-9999.9	3	16.5	3
2025 12 05 17	-9999.9	-9999.9	-9999.9	-9999.9	-9999.9	-9999.9	-9999.9	3	-9999.9	-9999.9	-9999.9	-9999.9	3	16.4	3
2025 12 05 18	0.7	0.64	4.9	4.7	7.6	0.9	-9999.9	3	187	-9999.9	56	-9999.9	3	16.8	3
2025 12 05 19	0.66	0.61	3.8	3.8	4.4	1.21	-9999.9	3	182	-9999.9	52	-9999.9	3	16.4	3
2025 12 05 20	0.49	0.46	3.4	3.4	6.6	0.7	-9999.9	3	217	-9999.9	54	-9999.9	3	16.8	3
2025 12 05 21	0.35	0.32	3.5	3.6	4.8	0.59	-9999.9	3	185	-9999.9	61	-9999.9	3	16.9	3
2025 12 05 22	0.41	0.36	3.8	4.1	8.7	0.64	-9999.9	3	119	-9999.9	58	-9999.9	3	17.1	3
2025 12 05 23	0.43	0.38	3.6	3.7	8.4	0.61	-9999.9	3	145	-9999.9	56	-9999.9	3	17.0	3
2025 12 06 00	0.39	0.35	3.8	3.9	18.3	0.56	-9999.9	3	183	-9999.9	61	-9999.9	3	17.2	3
2025 12 06 01	0.4	0.35	4.2	4.4	10.0	0.62	-9999.9	3	210	-9999.9	62	-9999.9	3	17.1	3
2025 12 06 02	0.42	0.36	3.9	4.1	12.9	0.56	-9999.9	3	215	-9999.9	60	-9999.9	3	16.8	3
2025 12 06 03	-9999.9	-9999.9	-9999.9	-9999.9	-9999.9	-9999.9	-9999.9	3	-9999.9	-9999.9	-9999.9	-9999.9	3	17.0	3
2025 12 06 04	0.48	0.43	5.8	5.8	17.6	0.77	-9999.9	3	185	-9999.9	64	-9999.9	3	16.9	3
2025 12 06 05	0.54	0.47	5.3	5.6	19.5	0.81	-9999.9	3	160	-9999.9	64	-9999.9	3	16.2	3
2025 12 06 06	0.5	0.45	5.0	4.9	10.5	0.73	-9999.9	3	169	-9999.9	63	-9999.9	3	16.4	3
2025 12 06 07	0.43	0.37	4.3	4.3	14.7	0.57	-9999.9	3	107	-9999.9	68	-9999.9	3	16.4	3
2025 12 06 08	0.41	0.37	3.8	4.0	6.9	0.66	-9999.9	3	203	-9999.9	55	-9999.9	3	16.5	3
2025 12 06 09	0.42	0.39	4.2	4.6	6.2	0.89	-9999.9	3	220	-9999.9	38	-9999.9	3	16.5	3
2025 12 06 10	0.31	0.27	5.1	5.1	15.8	0.44	-9999.9	3	128	-9999.9	61	-9999.9	3	16.6	3
2025 12 06 11	0.33	0.3	4.0	4.9	9.8	0.53	-9999.9	3	180	-9999.9	49	-9999.9	3	17.0	3
2025 12 06 12	0.25	0.22	3.0	3.8	8.9	0.53	-9999.9	3	207	-9999.9	52	-9999.9	3	16.9	3
2025 12 06 13	0.35	0.31	3.9	4.5	9.5	0.56	-9999.9	3	216	-9999.9	37	-9999.9	3	16.8	3
2025 12 06 14	0.41	0.36	3.5	4.2	9.1	0.79	-9999.9	3	215	-9999.9	43	-9999.9	3	16.7	3
2025 12 06 15	0.39	0.34	4.6	5.0	9.7	0.59	-9999.9	3	186	-9999.9	61	-9999.9	3	16.7	3
2025 12 06 16	0.41	0.38	5.1	4.9	7.7	0.55	-9999.9	3	177	-9999.9	59	-9999.9	3	16.4	3
2025 12 06 17	0.56	0.5	5.2	5.4	8.1	0.83	-9999.9	3	185	-9999.9	55	-9999.9	3	16.4	3
2025 12 06 18	0.5	0.46	5.3	5.5	8.3	0.82	-9999.9	3	174	-9999.9	61	-9999.9	3	16.3	3
2025 12 06 19	0.49	0.46	5.9	5.9	9.3	0.77	-9999.9	3	173	-9999.9	64	-9999.9	3	16.6	3
2025 12 06 20	0.54	0.5	4.1	4.0	7.1	0.9	-9999.9	3	191	-9999.9	43	-9999.9	3	16.2	3
2025 12 06 21	0.31	0.28	4.1	4.0	9.7	0.45	-9999.9	3	213	-9999.9	61	-9999.9	3	16.1	3
2025 12 06 22	0.3	0.28	4.0	4.3	9.4	0.46	-9999.9	3	212	-9999.9	52	-9999.9	3	16.6	3
2025 12 06 23	0.31	0.28	3.5	3.6	9.7	0.46	-9999.9	3	206	-9999.9	47	-9999.9	3	16.5	3
2025 12 07 00	0.32	0.28	3.6	3.7	8.2	0.48	-9999.9	3	202	-9999.9	52	-9999.9	3	16.4	3
2025 12 07 01	0.31	0.27	3.9	4.2	10.4	0.47	-9999.9	3	203	-9999.9	46	-9999.9	3	16.4	3
2025 12 07 02	0.35	0.32	4.1	4.1	8.4	0.5	-9999.9	3	217	-9999.9	47	-9999.9	3	16.3	3
2025 12 07 03	0.44	0.39	4.4	4.5	9.2	0.61	-9999.9	3	202	-9999.9	50	-9999.9	3	16.3	3
2025 12 07 04	0.44	0.4	5.6	5.5	11.4	0.75	-9999.9	3	168	-9999.9	64	-9999.9	3	16.1	3
2025 12 07 05	0.49	0.44	6.3	6.1	13.1	0.75	-9999.9	3	183	-9999.9	68	-9999.9	3	16.1	3
2025 12 07 06	0.48	0.43	5.3	5.5	11.2	0.75	-9999.9	3	173	-9999.9	65	-9999.9	3	15.9	3
2025 12 07 07	0.42	0.37	5.3	5.2	15.6	0.63	-9999.9	3	144	-9999.9	68	-9999.9	3	16.1	3
2025 12 07 08	0.41	0.36	4.0	4.4	25.5	0.55	-9999.9	3	198	-9999.9	65	-9999.9	3	16.2	3
2025 12 07 09	0.4	0.38	4.6	4.6	6.9	0.63	-9999.9	3	214	-9999.9	51	-9999.9	3	16.4	3
2025 12 07 10	0.26	0.22	3.8	4.2	17.2	0.45	-9999.9	3	149	-9999.9	62	-9999.9	3	16.5	3
2025 12 07 11	0.36	0.31	4.9	5.1	25.2	0.51	-9999.9	3	147	-9999.9	63	-9999.9	3	17.5	3
2025 12 07 12	0.38	0.35	3.7	3.8	6.8	0.64	-9999.9	3	192	-9999.9	48	-9999.9	3	17.2	3
2025 12 07 13	0.37	0.32	3.2	3.5	12.9	0.58	-9999.9	3	204	-9999.9	49	-9999.9	3	17.0	3
2025 12 07 14	0.46	0.39	3.9	4.6	9.3	0.92	-9999.9	3	211	-9999.9	37	-9999.9	3	16.9	3
2025 12 07 15	0.52	0.47	4.5	5.0	9.3	0.99	-9999.9	3	201	-9999.9	44	-9999.9	3	16.8	3
2025 12 07 16	0.54	0.49	5.1	5.0	12.1	0.75	-9999.9	3	200	-9999.9	54	-9999.9	3	16.9	3
2025 12 07 17	0.59	0.54	4.5	4.5	8.1	0.96	-9999.9	3	196	-9999.9	45	-9999.9	3	16.2	3
2025 12 07 18	0.52	0.46	5.6	5.4	12.3	0.71	-9999.9	3	176	-9999.9	61	-9999.9	3	16.7	3
2025 12 07 19	0.53	0.49	4.5	4.6	8.5	1.02	-9999.9	3	179	-9999.9	48	-9999.9	3	16.2	3
2025 12 07 20	0.53	0.49	5.6	5.3	12.0	0.8	-9999.9	3	170	-9999.9	66	-9999.9	3	16.2	3
2025 12 07 21	0.5	0.46	5.0	4.8	9.5	0.84	-9999.9	3	183	-9999.9	53	-9999.9	3	15.8	3
2025 12 07 22	0.38	0.33	3.4	3.5	10.5	0.61	-9999.9	3	198	-9999.9	53	-9999.9	3	15.8	3
2025 12 07 23	0.28	0.26	4.1	4.4	13.4	0.44	-9999.9	3	180	-9999.9	60	-9999.9	3	16.5	3
2025 12 08 00	0.28	0.25	4.2	4.3	13.4	0.46	-9999.9	3	179	-9999.9	51	-9999.9	3	16.4	3
2025 12 08 01	0.31	0.28	5.0	5.2	12.3	0.51	-9999.9	3	198	-9999.9	45	-9999.9	3	16.3	3
2025 12 08 02	0.32	0.28	5.1	4.9	12.0	0.41	-9999.9	3	204	-9999.9	44	-9999.9	3	16.3	3
2025 12 08 03	0.39	0.36	5.2	5.2	9.9	0.61	-9999.9	3	201	-9999.9	47	-9999.9	3	16.2	3
2025 12 08 04	0.42	0.37	4.5	4.6	11.0	0.64	-9999.9	3	212	-9999.9	45	-9999.9	3	16.1	3
2025 12 08 05	0.46	0.43	4.7	4.7	9.4	0.7	-9999.9	3	172	-9999.9	57	-9999.9	3	16.0	3
2025 12 08 06	0.45	0.42	7.9	7.7	14.7	0.67	-9999.9	3	186	-9999.9	70	-9999.9	3	16.2	3
2025 12 08 07	0.43	0.38	6.5	6.1	16.4	0.59	-9999.9	3	164	-9999.9	67	-9999.9	3	16.0	3
2025 12 08 08	0.38	0.35	6.0	5.6	13.7	0.53	-9999.9	3	141	-9999.9	70	-9999.9	3	16.0	3
2025 12 08 09	0.33	0.28	4.2	4.8	20.9	0.53	-9999.9	3	132	-9999.9	69	-9999.9	3	16.2	3
2025 12 08 10	0.32	0.29	3.9	4.0	9.4	0.56	-9999.9	3	173	-9999.9	54	-9999.9	3	16.2	3
2025 12 08 11	0.32	0.3	5.0	5.2	9.1	0.45	-9999.9	3	175	-9999.9	53	-9999.9	3	16.4	3
2025 12 08 12	0.41	0.37	6.1	6.2	9.7	0.6	-9999.9	3	168	-9999.9	62	-9999.9	3	17.5	3
2025 12 08 13	0.29	0.24	4.6	4.9	24.6	0.42	-9999.9	3	155	-9999.9	60	-9999.9	3	17.3	3
2025 12 08 14	0.3	0.27	5.1	5.2	12.9	0.49	-9999.9	3	192	-9999.9	42	-9999.9	3	17.7	3
2025 12 08 15	0.41	0.39	6.6	6.3	8.6	0.62	-9999.9	3	206	-9999.9	33	-9999.9	3	17.3	3
2025 12 08 16	0.44	0.41	6.4	6.8	11.2	0.65	-9999.9	3	180	-9999.9	48	-9999.9	3	17.4	3
2025 12 08 17	0.42	0.38	6.5	6.3	11.1	0.64	-9999.9	3	174	-9999.9	54	-9999.9	3	17.2	3
2025 12 08 18	0.5	0.47	6.4	6.7	9.4	0.83	-9999.9	3	198	-9999.9	43	-9999.9	3	16.2	3
2025 12 08 19	0.63	0.58	6.0	6.0	8.0	0.96	-9999.9	3	213	-9999.9	34	-9999.9	3	16.6	3
2025 12 08 20	0.53	0.5	5.3	5.5	10.9	0.8	-9999.9	3	195	-9999.9	45	-9999.9	3	16.2	3
2025 12 08 21	0.55	0.48	6.6	6.0	20.1	0.81	-9999.9	3	161	-9999.9	63	-9999.9	3	16.5	3
2025 12 08 22	0.46	0.4	4.7	4.9	16.9	0.76	-9999.9	3	182	-9999.9	50	-9999.9	3	16.0	3
2025 12 08 23	0.42	0.36	3.8	3.9	19.7	0.67	-9999.9	3	138	-9999.9	59	-9999.9	3	16.1	3
2025 12 09 00	0.44	0.38	4.0	4.0	15.8	0.67	-9999.9	3	120	-9999.9	54	-9999.9	3	16.6	3
2025 12 09 01	0.42	0.33	4.7	5.2	19.6	0.67	-9999.9	3	187	-9999.9	51	-9999.9	3	16.9	3
2025 12 09 02	0.39	0.33	4.3	4.6	18.3	0.79	-9999.9	3	199	-9999.9	52	-9999.9	3	16.4	3
2025 12 09 03	0.43	0.36	5.1	5.4	18.2	0.68	-9999.9	3	213	-9999.9	49	-9999.9	3	16.4	3
2025 12 09 04	0.51	0.42	4.8	5.5	18.1	0.81	-9999.9	3	196	-9999.9	44	-9999.9	3	16.4	3
2025 12 09 05	0.55	0.47	4.8	5.1	18.0	0.94	-9999.9	3	183	-9999.9	50	-9999.9	3	16.3	3
2025 12 09 06	0.66	0.58	5.7	5.3	18.5	0.99	-9999.9	3	163	-9999.9	46	-9999.9	3	16.1	3
2025 12 09 07	0.55	0.47	6.1	5.8	19.2	0.76	-9999.9	3	124	-9999.9	65	-9999.9	3	15.6	3
2025 12 09 08	0.63	0.56	7.0	6.7	18.4	0.9	-9999.9	3	167	-9999.9	65	-9999.9	3	16.2	3
2025 12 09 09	0.59	0.51	4.5	4.7	9.6	0.88	-9999.9	3	186	-9999.9	48	-9999.9	3	16.0	3
2025 12 09 10	0.55	0.48	4.8	4.8	18.5	0.78	-9999.9	3	120	-9999.9	58	-9999.9	3	16.2	3
2025 12 09 11	0.53	0.45	5.1	5.1	18.3	0.78	-9999.9	3	134	-9999.9	65	-9999.9	3	16.5	3
2025 12 09 12	0.52	0.45	5.0	5.0	16.0	0.74	-9999.9	3	135	-9999.9	62	-9999.9	3	16.9	3
2025 12 09 13	0.56	0.49	4.2	4.3	17.7	0.83	-9999.9	3	123	-9999.9	53	-9999.9	3	17.3	3
2025 12 09 14	0.54	0.47	3.9	3.9	15.7	0.66	-9999.9	3	149	-9999.9	41	-9999.9	3	17.5	3
2025 12 09 15	0.5	0.43	4.2	4.5	13.3	0.94	-9999.9	3	187	-9999.9	41	-9999.9	3	17.2	3
2025 12 09 16	0.58	0.54	5.7	6.0	11.1	1.01	-9999.9	3	201	-9999.9	37	-9999.9	3	17.1	3
2025 12 09 17	0.64	0.61	6.5	6.3	11.2	1.04	-9999.9	3	203	-9999.9	38	-9999.9	3	16.9	3
2025 12 09 18	0.62	0.56	6.3	6.3	11.5	0.9	-9999.9	3	191	-9999.9	47	-9999.9	3	16.6	3
2025 12 09 19	0.72	0.69	7.1	7.3	9.8	1.16	-9999.9	3	201	-9999.9	39	-9999.9	3	16.7	3
2025 12 09 20	0.69	0.64	6.2	6.3	9.9	0.96	-9999.9	3	203	-9999.9	41	-9999.9	3	16.5	3
2025 12 09 21	0.76	0.7	5.9	5.9	9.7	1.11	-9999.9	3	217	-9999.9	37	-9999.9	3	16.4	3
2025 12 09 22	0.59	0.53	5.9	5.9	10.7	0.95	-9999.9	3	162	-9999.9	70	-9999.9	3	16.2	3
2025 12 09 23	0.6	0.54	5.3	5.4	9.9	0.89	-9999.9	3	185	-9999.9	57	-9999.9	3	16.4	3
2025 12 10 00	0.79	0.74	5.9	6.0	10.1	1.11	-9999.9	3	220	-9999.9	32	-9999.9	3	16.0	3
2025 12 10 01	0.62	0.56	5.3	5.5	9.5	1.07	-9999.9	3	227	-9999.9	37	-9999.9	3	16.3	3
2025 12 10 02	0.62	0.59	6.2	6.2	10.7	0.96	-9999.9	3	219	-9999.9	45	-9999.9	3	17.1	3
2025 12 10 03	0.53	0.49	6.4	6.1	11.0	0.82	-9999.9	3	205	-9999.9	47	-9999.9	3	17.6	3
2025 12 10 04	0.59	0.53	5.9	5.9	13.6	0.84	-9999.9	3	196	-9999.9	44	-9999.9	3	16.9	3
2025 12 10 05	0.74	0.71	5.9	5.7	10.4	1.09	-9999.9	3	208	-9999.9	47	-9999.9	3	16.8	3
2025 12 10 06	0.9	0.85	5.8	5.8	9.9	1.37	-9999.9	3	209	-9999.9	45	-9999.9	3	16.4	3
2025 12 10 07	0.96	0.89	5.3	5.3	9.1	1.38	-9999.9	3	188	-9999.9	49	-9999.9	3	16.1	3
2025 12 10 08	0.83	0.75	6.3	6.5	10.4	1.27	-9999.9	3	163	-9999.9	67	-9999.9	3	16.0	3
2025 12 10 09	1.0	0.9	5.8	5.7	10.4	1.4	-9999.9	3	180	-9999.9	60	-9999.9	3	16.1	3
2025 12 10 10	0.93	0.89	6.2	6.0	10.5	1.47	-9999.9	3	191	-9999.9	45	-9999.9	3	16.3	3
2025 12 10 11	0.77	0.68	4.4	4.6	11.5	1.14	-9999.9	3	197	-9999.9	42	-9999.9	3	15.9	3
2025 12 10 12	0.8	0.71	4.1	4.1	9.2	1.21	-9999.9	3	199	-9999.9	56	-9999.9	3	16.8	3
2025 12 10 13	0.7	0.63	4.5	4.3	11.1	0.94	-9999.9	3	189	-9999.9	61	-9999.9	3	17.2	3
2025 12 10 14	0.66	0.58	4.3	4.4	11.7	1.12	-9999.9	3	201	-9999.9	54	-9999.9	3	17.1	3
2025 12 10 15	0.75	0.66	3.8	3.9	10.6	1.17	-9999.9	3	208	-9999.9	44	-9999.9	3	17.2	3
2025 12 10 16	0.88	0.83	5.0	4.9	8.8	1.3	-9999.9	3	221	-9999.9	36	-9999.9	3	17.1	3
2025 12 10 17	0.92	0.86	5.0	5.1	7.4	1.6	-9999.9	3	215	-9999.9	36	-9999.9	3	17.0	3
2025 12 10 18	1.04	0.99	5.3	5.3	8.1	1.57	-9999.9	3	218	-9999.9	38	-9999.9	3	17.0	3
2025 12 10 19	0.91	0.85	5.8	5.7	6.9	1.43	-9999.9	3	197	-9999.9	50	-9999.9	3	17.0	3
2025 12 10 20	0.98	0.92	5.7	5.6	8.9	1.5	-9999.9	3	202	-9999.9	43	-9999.9	3	16.5	3
2025 12 10 21	1.2	1.16	5.6	5.6	6.8	1.89	-9999.9	3	208	-9999.9	30	-9999.9	3	16.3	3
2025 12 10 22	1.1	1.04	5.3	5.2	6.3	1.89	-9999.9	3	211	-9999.9	31	-9999.9	3	16.4	3
2025 12 10 23	0.82	0.76	5.4	5.4	7.4	1.17	-9999.9	3	186	-9999.9	50	-9999.9	3	16.4	3
2025 12 11 00	0.87	0.82	5.1	5.0	7.4	1.19	-9999.9	3	203	-9999.9	40	-9999.9	3	16.3	3
2025 12 11 01	0.56	0.51	4.3	4.3	10.0	0.82	-9999.9	3	183	-9999.9	54	-9999.9	3	16.3	3
2025 12 11 02	0.5	0.44	4.5	4.4	11.1	0.72	-9999.9	3	159	-9999.9	52	-9999.9	3	16.7	3
2025 12 11 03	0.56	0.49	4.3	4.2	11.8	1.05	-9999.9	3	186	-9999.9	40	-9999.9	3	16.9	3
2025 12 11 04	0.6	0.52	4.1	4.4	12.5	0.89	-9999.9	3	206	-9999.9	40	-9999.9	3	16.7	3
2025 12 11 05	0.68	0.61	4.7	5.0	11.7	1.05	-9999.9	3	213	-9999.9	43	-9999.9	3	16.6	3
2025 12 11 06	0.77	0.68	5.0	5.3	10.1	1.2	-9999.9	3	221	-9999.9	37	-9999.9	3	16.4	3
2025 12 11 07	0.67	0.6	4.8	4.9	10.9	0.92	-9999.9	3	208	-9999.9	40	-9999.9	3	16.5	3
2025 12 11 08	0.7	0.64	6.1	5.7	9.6	0.99	-9999.9	3	160	-9999.9	62	-9999.9	3	16.8	3
2025 12 11 09	0.66	0.61	5.3	5.3	10.2	1.02	-9999.9	3	147	-9999.9	62	-9999.9	3	16.7	3
2025 12 11 10	0.59	0.55	4.7	4.6	9.5	0.85	-9999.9	3	177	-9999.9	52	-9999.9	3	16.2	3
2025 12 11 11	0.66	0.59	5.0	5.2	8.7	1.01	-9999.9	3	151	-9999.9	55	-9999.9	3	16.5	3
2025 12 11 12	0.57	0.51	5.0	5.2	10.1	0.76	-9999.9	3	167	-9999.9	57	-9999.9	3	16.7	3
2025 12 11 13	0.57	0.5	5.0	5.1	12.6	0.79	-9999.9	3	165	-9999.9	57	-9999.9	3	17.0	3
2025 12 11 14	0.56	0.48	5.0	5.2	12.3	0.75	-9999.9	3	192	-9999.9	53	-9999.9	3	17.1	3
2025 12 11 15	0.54	0.48	3.9	3.9	11.7	0.75	-9999.9	3	124	-9999.9	44	-9999.9	3	17.1	3
2025 12 11 16	0.56	0.48	4.0	4.0	12.2	0.8	-9999.9	3	148	-9999.9	42	-9999.9	3	17.2	3
2025 12 11 17	0.55	0.49	4.4	4.6	8.9	0.91	-9999.9	3	198	-9999.9	39	-9999.9	3	17.2	3
2025 12 11 18	0.56	0.5	4.4	4.3	12.5	0.83	-9999.9	3	151	-9999.9	45	-9999.9	3	17.3	3
2025 12 11 19	0.63	0.56	4.2	4.3	11.5	0.99	-9999.9	3	149	-9999.9	48	-9999.9	3	17.3	3
2025 12 11 20	0.74	0.65	4.4	4.3	6.7	1.01	-9999.9	3	131	-9999.9	50	-9999.9	3	17.2	3
2025 12 11 21	0.73	0.69	5.3	5.4	10.2	1.07	-9999.9	3	203	-9999.9	39	-9999.9	3	16.5	3
2025 12 11 22	0.56	0.52	5.0	5.0	9.0	0.87	-9999.9	3	197	-9999.9	56	-9999.9	3	16.6	3
2025 12 11 23	0.52	0.48	5.4	5.4	11.4	0.84	-9999.9	3	174	-9999.9	57	-9999.9	3	16.3	3
2025 12 12 00	0.62	0.56	5.4	5.5	9.5	0.98	-9999.9	3	165	-9999.9	53	-9999.9	3	16.5	3
2025 12 12 01	0.46	0.43	4.7	5.1	10.0	0.81	-9999.9	3	177	-9999.9	49	-9999.9	3	16.3	3
2025 12 12 02	0.48	0.43	4.2	4.2	11.9	0.86	-9999.9	3	114	-9999.9	53	-9999.9	3	16.6	3
2025 12 12 03	0.52	0.46	4.8	4.9	9.5	0.76	-9999.9	3	126	-9999.9	43	-9999.9	3	16.7	3
2025 12 12 04	0.61	0.56	5.5	5.4	10.0	1.09	-9999.9	3	206	-9999.9	39	-9999.9	3	16.7	3
2025 12 12 05	0.67	0.62	4.7	4.8	10.1	1.01	-9999.9	3	199	-9999.9	40	-9999.9	3	16.6	3
2025 12 12 06	0.75	0.71	5.2	5.3	11.1	1.3	-9999.9	3	213	-9999.9	39	-9999.9	3	16.9	3
2025 12 12 07	0.63	0.58	4.8	5.0	9.2	0.93	-9999.9	3	208	-9999.9	41	-9999.9	3	16.9	3
2025 12 12 08	0.68	0.62	5.0	5.1	9.6	0.96	-9999.9	3	170	-9999.9	52	-9999.9	3	16.9	3
2025 12 12 09	0.76	0.72	5.7	5.3	6.7	1.09	-9999.9	3	111	-9999.9	63	-9999.9	3	17.0	3
2025 12 12 10	0.64	0.59	4.8	5.0	6.3	0.85	-9999.9	3	111	-9999.9	55	-9999.9	3	16.8	3
2025 12 12 11	0.65	0.58	4.7	4.7	8.7	1.22	-9999.9	3	132	-9999.9	59	-9999.9	3	16.7	3
2025 12 12 12	0.74	0.69	4.6	4.6	6.2	1.02	-9999.9	3	94	-9999.9	50	-9999.9	3	17.0	3
2025 12 12 13	0.72	0.67	4.1	4.1	6.0	1.21	-9999.9	3	81	-9999.9	48	-9999.9	3	17.1	3
2025 12 12 14	0.9	0.84	4.2	4.2	5.6	1.38	-9999.9	3	74	-9999.9	40	-9999.9	3	17.3	3
2025 12 12 15	1.05	1.0	4.5	4.4	6.2	1.58	-9999.9	3	78	-9999.9	37	-9999.9	3	17.5	3
2025 12 12 16	1.53	1.47	4.8	4.8	6.8	2.76	-9999.9	3	83	-9999.9	34	-9999.9	3	17.8	3
2025 12 12 17	1.25	1.19	4.3	4.3	6.5	2.53	-9999.9	3	86	-9999.9	38	-9999.9	3	17.8	3
2025 12 12 18	1.28	1.22	4.5	4.4	6.7	1.68	-9999.9	3	91	-9999.9	35	-9999.9	3	17.8	3
2025 12 12 19	1.44	1.36	4.5	4.5	6.5	2.46	-9999.9	3	91	-9999.9	32	-9999.9	3	17.8	3
2025 12 12 20	1.62	1.54	5.0	5.0	7.0	2.71	-9999.9	3	90	-9999.9	31	-9999.9	3	17.8	3
2025 12 12 21	1.73	1.63	5.4	5.1	7.4	2.62	-9999.9	3	86	-9999.9	30	-9999.9	3	17.6	3
2025 12 12 22	2.21	2.09	5.4	5.4	7.3	3.31	-9999.9	3	81	-9999.9	30	-9999.9	3	17.2	3
2025 12 12 23	2.15	2.06	6.0	5.9	7.5	3.46	-9999.9	3	77	-9999.9	34	-9999.9	3	17.3	3
2025 12 13 00	2.43	2.45	6.3	5.9	7.3	3.6	-9999.9	3	72	-9999.9	26	-9999.9	3	17.2	3
2025 12 13 01	2.29	2.23	5.7	5.8	7.5	3.75	-9999.9	3	76	-9999.9	26	-9999.9	3	17.1	3
2025 12 13 02	2.23	2.15	5.7	5.8	7.9	3.84	-9999.9	3	61	-9999.9	32	-9999.9	3	-9999.9	-9999.9
2025 12 13 04	1.73	1.61	4.9	5.1	8.3	2.58	-9999.9	3	91	-9999.9	44	-9999.9	3	17.2	3
2025 12 13 06	2.08	2.01	5.5	5.2	8.8	3.18	-9999.9	3	107	-9999.9	43	-9999.9	3	17.4	3
2025 12 13 07	2.39	2.3	5.6	5.7	9.6	3.51	-9999.9	3	110	-9999.9	36	-9999.9	3	17.6	3
2025 12 13 08	2.6	2.48	5.7	5.8	9.7	4.12	-9999.9	3	104	-9999.9	34	-9999.9	3	17.6	3
2025 12 13 09	2.7	2.57	6.4	6.2	9.6	3.61	-9999.9	3	97	-9999.9	31	-9999.9	3	17.7	3
2025 12 13 10	2.64	2.52	6.1	6.1	9.7	4.18	-9999.9	3	95	-9999.9	31	-9999.9	3	17.8	3
2025 12 13 11	2.58	2.47	6.4	6.3	10.4	4.05	-9999.9	3	91	-9999.9	32	-9999.9	3	17.9	3
2025 12 13 12	2.9	2.82	7.1	6.9	9.9	3.85	-9999.9	3	94	-9999.9	31	-9999.9	3	17.7	3
2025 12 13 13	2.86	2.75	6.4	6.5	10.1	4.58	-9999.9	3	89	-9999.9	29	-9999.9	3	17.8	3
2025 12 13 14	2.52	2.46	6.4	6.0	10.5	4.54	-9999.9	3	88	-9999.9	34	-9999.9	3	17.9	3
2025 12 13 15	2.66	2.48	6.0	6.0	9.8	4.48	-9999.9	3	95	-9999.9	35	-9999.9	3	17.8	3
2025 12 13 16	2.93	2.8	6.0	6.0	9.8	4.53	-9999.9	3	103	-9999.9	34	-9999.9	3	17.9	3
2025 12 13 17	2.5	2.32	5.7	5.6	9.7	4.27	-9999.9	3	104	-9999.9	37	-9999.9	3	18.0	3
2025 12 13 18	2.4	2.25	5.7	5.7	9.8	3.36	-9999.9	3	108	-9999.9	35	-9999.9	3	18.0	3
2025 12 13 19	2.3	2.18	5.8	5.6	10.1	3.56	-9999.9	3	109	-9999.9	39	-9999.9	3	18.0	3
2025 12 13 20	3.0	2.82	6.4	6.4	9.7	5.78	-9999.9	3	113	-9999.9	35	-9999.9	3	18.0	3
2025 12 13 21	2.64	2.53	6.2	6.0	10.1	3.75	-9999.9	3	110	-9999.9	35	-9999.9	3	17.9	3
2025 12 13 22	2.97	2.83	6.6	6.4	10.2	4.5	-9999.9	3	104	-9999.9	28	-9999.9	3	17.9	3
2025 12 13 23	2.7	2.56	6.2	6.2	10.4	3.9	-9999.9	3	106	-9999.9	34	-9999.9	3	17.9	3
2025 12 14 00	2.55	2.45	6.2	6.0	10.3	3.62	-9999.9	3	103	-9999.9	36	-9999.9	3	17.9	3
2025 12 14 01	2.57	2.49	6.4	6.2	10.5	4.04	-9999.9	3	102	-9999.9	27	-9999.9	3	17.9	3
2025 12 14 02	2.7	2.63	6.8	6.6	10.1	4.24	-9999.9	3	102	-9999.9	29	-9999.9	3	17.9	3
2025 12 14 03	2.43	2.34	6.1	6.0	9.8	3.93	-9999.9	3	103	-9999.9	33	-9999.9	3	17.9	3
2025 12 14 04	2.33	2.21	5.9	5.8	9.6	3.88	-9999.9	3	99	-9999.9	37	-9999.9	3	17.9	3
2025 12 14 05	2.61	2.49	6.4	6.3	10.0	4.43	-9999.9	3	105	-9999.9	32	-9999.9	3	17.8	3
2025 12 14 06	2.5	2.37	6.3	6.1	10.4	3.73	-9999.9	3	106	-9999.9	34	-9999.9	3	17.7	3
2025 12 14 07	2.63	2.52	6.2	6.1	9.9	4.26	-9999.9	3	112	-9999.9	32	-9999.9	3	17.7	3
2025 12 14 08	2.39	2.34	6.2	6.2	10.0	3.85	-9999.9	3	113	-9999.9	34	-9999.9	3	17.6	3
2025 12 14 09	1.93	1.8	5.2	5.3	9.9	3.49	-9999.9	3	113	-9999.9	37	-9999.9	3	17.6	3
2025 12 14 10	2.02	1.92	5.5	5.6	10.1	3.13	-9999.9	3	110	-9999.9	34	-9999.9	3	17.5	3
2025 12 14 11	2.15	2.06	6.0	5.7	9.8	3.2	-9999.9	3	105	-9999.9	31	-9999.9	3	17.5	3
2025 12 14 12	2.05	1.95	5.3	5.3	9.7	3.41	-9999.9	3	101	-9999.9	30	-9999.9	3	17.5	3
2025 12 14 13	1.74	1.65	4.9	5.1	9.4	2.8	-9999.9	3	97	-9999.9	37	-9999.9	3	17.6	3
2025 12 14 14	2.0	1.94	5.3	5.3	9.4	3.26	-9999.9	3	98	-9999.9	37	-9999.9	3	17.7	3
2025 12 14 15	1.49	1.39	4.4	4.6	7.8	2.42	-9999.9	3	99	-9999.9	42	-9999.9	3	17.6	3
2025 12 14 16	1.71	1.67	5.5	5.4	8.6	2.62	-9999.9	3	107	-9999.9	36	-9999.9	3	17.7	3
2025 12 14 17	1.65	1.57	5.3	5.4	8.6	2.53	-9999.9	3	99	-9999.9	41	-9999.9	3	17.7	3
2025 12 14 18	1.56	1.51	5.5	5.2	8.3	2.61	-9999.9	3	96	-9999.9	38	-9999.9	3	17.8	3
2025 12 14 19	1.44	1.38	5.1	5.0	8.3	2.16	-9999.9	3	98	-9999.9	43	-9999.9	3	17.7	3
2025 12 14 20	1.46	1.39	5.3	5.3	8.4	2.3	-9999.9	3	102	-9999.9	35	-9999.9	3	17.7	3
2025 12 14 21	1.48	1.41	5.2	5.2	8.3	2.3	-9999.9	3	103	-9999.9	36	-9999.9	3	17.8	3
2025 12 14 22	1.4	1.34	5.2	5.2	8.4	2.14	-9999.9	3	103	-9999.9	35	-9999.9	3	17.8	3
2025 12 14 23	1.3	1.27	5.8	5.7	8.2	1.8	-9999.9	3	106	-9999.9	28	-9999.9	3	17.7	3
2025 12 15 00	1.27	1.26	5.9	5.8	8.0	2.04	-9999.9	3	93	-9999.9	29	-9999.9	3	17.7	3
2025 12 15 01	1.07	1.04	5.2	5.3	7.7	1.51	-9999.9	3	95	-9999.9	30	-9999.9	3	17.6	3
2025 12 15 02	0.8	0.77	5.1	5.1	7.4	1.17	-9999.9	3	82	-9999.9	43	-9999.9	3	17.3	3
2025 12 15 03	0.71	0.66	4.3	4.5	7.5	1.14	-9999.9	3	107	-9999.9	50	-9999.9	3	17.3	3
2025 12 15 04	0.55	0.5	4.3	4.5	7.2	0.85	-9999.9	3	108	-9999.9	51	-9999.9	3	17.2	3
2025 12 15 05	0.63	0.6	5.0	4.9	7.1	1.05	-9999.9	3	102	-9999.9	46	-9999.9	3	17.2	3
2025 12 15 06	0.67	0.63	4.6	4.8	6.6	1.09	-9999.9	3	115	-9999.9	48	-9999.9	3	17.3	3
2025 12 15 07	0.76	0.71	5.0	4.8	7.3	1.2	-9999.9	3	115	-9999.9	48	-9999.9	3	17.4	3
2025 12 15 08	0.71	0.69	5.2	5.2	6.8	1.37	-9999.9	3	120	-9999.9	42	-9999.9	3	17.4	3
2025 12 15 09	0.71	0.69	5.3	5.3	6.9	1.18	-9999.9	3	148	-9999.9	56	-9999.9	3	17.5	3
2025 12 15 10	0.65	0.61	4.6	5.0	7.0	1.04	-9999.9	3	104	-9999.9	42	-9999.9	3	17.5	3
2025 12 15 11	0.73	0.71	5.0	5.0	6.6	1.07	-9999.9	3	126	-9999.9	43	-9999.9	3	17.5	3
2025 12 15 12	0.73	0.69	4.3	4.3	6.9	1.24	-9999.9	3	139	-9999.9	44	-9999.9	3	17.5	3
2025 12 15 13	0.72	0.67	3.9	3.8	6.4	1.24	-9999.9	3	151	-9999.9	47	-9999.9	3	17.5	3
2025 12 15 14	0.72	0.67	3.3	3.4	3.8	1.06	-9999.9	3	185	-9999.9	45	-9999.9	3	17.4	3
2025 12 15 15	0.81	0.75	3.5	3.6	4.3	1.19	-9999.9	3	201	-9999.9	38	-9999.9	3	17.3	3
2025 12 15 16	0.85	0.79	3.4	3.4	3.3	1.3	-9999.9	3	216	-9999.9	33	-9999.9	3	17.3	3
2025 12 15 17	0.86	0.8	3.5	3.5	3.7	1.39	-9999.9	3	216	-9999.9	32	-9999.9	3	17.3	3
2025 12 15 18	1.03	0.97	3.6	3.6	3.8	1.82	-9999.9	3	225	-9999.9	29	-9999.9	3	17.3	3
2025 12 15 19	0.99	0.94	3.4	3.4	5.6	1.54	-9999.9	3	227	-9999.9	35	-9999.9	3	17.4	3
2025 12 15 20	0.76	0.7	3.1	3.1	3.5	1.12	-9999.9	3	206	-9999.9	50	-9999.9	3	18.0	3
2025 12 15 21	0.86	0.77	3.5	3.6	5.0	1.33	-9999.9	3	196	-9999.9	51	-9999.9	3	18.2	3
2025 12 15 22	0.81	0.73	3.1	3.2	12.9	1.13	-9999.9	3	184	-9999.9	53	-9999.9	3	18.1	3
2025 12 15 23	0.81	0.73	3.5	3.6	4.4	1.16	-9999.9	3	186	-9999.9	52	-9999.9	3	18.0	3
2025 12 16 00	0.9	0.83	3.6	3.6	4.3	1.41	-9999.9	3	198	-9999.9	48	-9999.9	3	17.9	3
2025 12 16 01	0.74	0.69	4.1	4.1	4.5	1.1	-9999.9	3	197	-9999.9	47	-9999.9	3	17.5	3
2025 12 16 02	0.82	0.78	4.1	4.2	5.3	1.43	-9999.9	3	197	-9999.9	36	-9999.9	3	17.2	3
2025 12 16 03	0.86	0.82	4.3	4.4	5.7	1.28	-9999.9	3	197	-9999.9	39	-9999.9	3	17.3	3
2025 12 16 04	0.84	0.77	4.0	4.1	6.4	1.23	-9999.9	3	192	-9999.9	49	-9999.9	3	17.4	3
2025 12 16 05	0.77	0.74	4.6	4.8	7.0	1.68	-9999.9	3	205	-9999.9	38	-9999.9	3	17.3	3
2025 12 16 06	1.0	0.96	5.1	5.2	6.9	1.75	-9999.9	3	209	-9999.9	36	-9999.9	3	17.2	3
2025 12 16 07	0.91	0.88	5.4	5.3	7.9	1.44	-9999.9	3	201	-9999.9	42	-9999.9	3	17.3	3
2025 12 16 08	0.94	0.89	5.4	5.3	8.0	1.78	-9999.9	3	214	-9999.9	44	-9999.9	3	17.6	3
2025 12 16 09	1.04	0.96	4.1	4.2	8.4	1.54	-9999.9	3	222	-9999.9	44	-9999.9	3	17.9	3
2025 12 16 10	0.92	0.87	5.6	5.3	8.4	1.37	-9999.9	3	204	-9999.9	49	-9999.9	3	17.8	3
2025 12 16 11	0.89	0.84	5.4	5.3	8.3	1.43	-9999.9	3	202	-9999.9	51	-9999.9	3	17.9	3
2025 12 16 12	1.07	1.03	6.2	5.9	8.2	1.52	-9999.9	3	191	-9999.9	46	-9999.9	3	17.7	3
2025 12 16 13	1.08	1.03	5.9	5.7	7.6	1.66	-9999.9	3	199	-9999.9	54	-9999.9	3	17.5	3
2025 12 16 14	1.15	1.08	5.0	5.4	7.6	1.79	-9999.9	3	193	-9999.9	48	-9999.9	3	17.4	3
2025 12 16 15	1.38	1.31	6.1	5.9	7.5	2.16	-9999.9	3	170	-9999.9	50	-9999.9	3	17.3	3
2025 12 16 16	1.29	1.25	6.3	5.9	8.9	2.12	-9999.9	3	176	-9999.9	48	-9999.9	3	17.3	3
2025 12 16 17	0.93	0.86	5.1	5.3	8.6	1.4	-9999.9	3	188	-9999.9	55	-9999.9	3	17.5	3
2025 12 16 18	0.75	0.68	5.8	5.8	10.8	1.05	-9999.9	3	180	-9999.9	58	-9999.9	3	17.5	3
2025 12 16 19	0.83	0.77	5.9	6.2	9.2	1.31	-9999.9	3	201	-9999.9	51	-9999.9	3	17.7	3
2025 12 16 20	0.9	0.84	6.0	6.2	11.4	1.44	-9999.9	3	211	-9999.9	42	-9999.9	3	17.8	3
2025 12 16 21	0.87	0.83	6.1	6.1	10.0	1.28	-9999.9	3	221	-9999.9	41	-9999.9	3	17.6	3
2025 12 16 22	0.96	0.93	6.5	6.7	11.4	1.5	-9999.9	3	214	-9999.9	40	-9999.9	3	17.6	3
2025 12 16 23	1.04	1.0	7.1	7.0	10.9	1.47	-9999.9	3	199	-9999.9	51	-9999.9	3	17.9	3
2025 12 17 00	1.29	1.24	7.4	7.1	9.2	2.22	-9999.9	3	203	-9999.9	53	-9999.9	3	18.0	3
2025 12 17 01	1.37	1.32	7.6	7.2	10.4	2.3	-9999.9	3	206	-9999.9	57	-9999.9	3	17.6	3
2025 12 17 02	1.13	1.09	6.5	6.4	9.5	1.78	-9999.9	3	159	-9999.9	57	-9999.9	3	17.2	3
2025 12 17 03	1.26	1.18	6.0	5.8	9.4	2.33	-9999.9	3	155	-9999.9	55	-9999.9	3	17.2	3
2025 12 17 04	1.13	1.08	6.6	6.5	9.1	1.64	-9999.9	3	163	-9999.9	59	-9999.9	3	17.4	3
2025 12 17 05	0.89	0.82	5.7	5.8	9.5	1.41	-9999.9	3	192	-9999.9	52	-9999.9	3	17.4	3
2025 12 17 06	0.84	0.78	5.9	6.2	9.2	1.27	-9999.9	3	203	-9999.9	42	-9999.9	3	17.4	3
2025 12 17 07	0.73	0.67	5.2	5.4	10.0	1.15	-9999.9	3	207	-9999.9	40	-9999.9	3	17.4	3
2025 12 17 08	0.61	0.56	5.3	5.5	10.9	0.83	-9999.9	3	212	-9999.9	41	-9999.9	3	17.4	3
2025 12 17 09	0.55	0.51	5.1	5.2	11.4	1.0	-9999.9	3	189	-9999.9	51	-9999.9	3	17.7	3
2025 12 17 10	0.65	0.6	5.0	5.1	11.3	0.96	-9999.9	3	182	-9999.9	49	-9999.9	3	17.8	3
2025 12 17 11	0.76	0.71	5.4	5.5	11.9	1.4	-9999.9	3	194	-9999.9	46	-9999.9	3	17.8	3
2025 12 17 12	0.79	0.73	5.3	5.5	10.3	1.26	-9999.9	3	191	-9999.9	48	-9999.9	3	17.7	3
2025 12 17 13	0.91	0.87	5.7	5.7	10.2	1.33	-9999.9	3	189	-9999.9	48	-9999.9	3	17.8	3
2025 12 17 14	1.05	1.0	5.5	5.5	8.2	1.47	-9999.9	3	213	-9999.9	41	-9999.9	3	17.9	3
2025 12 17 15	0.84	0.81	5.6	5.5	8.2	1.27	-9999.9	3	200	-9999.9	50	-9999.9	3	17.7	3
2025 12 17 16	0.86	0.83	5.7	5.8	8.6	1.29	-9999.9	3	190	-9999.9	49	-9999.9	3	17.5	3
2025 12 17 17	0.9	0.84	5.2	5.2	8.8	1.33	-9999.9	3	210	-9999.9	43	-9999.9	3	17.5	3
2025 12 17 18	0.87	0.81	5.7	5.4	7.8	1.37	-9999.9	3	223	-9999.9	55	-9999.9	3	17.5	3
2025 12 17 19	0.82	0.77	5.7	5.7	6.8	1.28	-9999.9	3	227	-9999.9	53	-9999.9	3	17.4	3
2025 12 17 20	0.57	0.53	6.0	5.9	10.1	0.89	-9999.9	3	225	-9999.9	60	-9999.9	3	17.4	3
2025 12 17 21	0.7	0.65	6.2	6.0	10.6	0.92	-9999.9	3	232	-9999.9	54	-9999.9	3	17.5	3
2025 12 17 22	0.84	0.81	7.5	7.2	10.5	1.26	-9999.9	3	240	-9999.9	42	-9999.9	3	17.5	3
2025 12 17 23	0.68	0.63	5.7	6.1	8.4	1.09	-9999.9	3	232	-9999.9	39	-9999.9	3	17.5	3
2025 12 18 00	0.62	0.59	5.4	5.5	6.9	0.94	-9999.9	3	225	-9999.9	43	-9999.9	3	17.5	3
2025 12 18 01	0.64	0.6	5.4	5.4	7.4	1.08	-9999.9	3	207	-9999.9	50	-9999.9	3	17.5	3
2025 12 18 02	0.55	0.51	5.1	5.3	8.6	0.99	-9999.9	3	195	-9999.9	52	-9999.9	3	17.5	3
2025 12 18 03	0.7	0.67	6.3	6.2	8.5	1.12	-9999.9	3	163	-9999.9	57	-9999.9	3	17.2	3
2025 12 18 04	0.64	0.61	5.2	5.3	9.0	1.01	-9999.9	3	179	-9999.9	51	-9999.9	3	17.2	3
2025 12 18 05	0.57	0.52	4.6	4.9	8.7	0.86	-9999.9	3	185	-9999.9	43	-9999.9	3	17.0	3
2025 12 18 06	0.51	0.48	5.0	5.1	10.4	0.82	-9999.9	3	213	-9999.9	45	-9999.9	3	17.0	3
2025 12 18 07	0.41	0.38	5.0	5.0	10.5	0.68	-9999.9	3	194	-9999.9	52	-9999.9	3	17.1	3
2025 12 18 08	0.36	0.32	4.0	4.2	9.8	0.59	-9999.9	3	171	-9999.9	57	-9999.9	3	17.2	3
2025 12 18 09	0.47	0.42	4.5	4.9	6.7	0.75	-9999.9	3	221	-9999.9	45	-9999.9	3	17.2	3
2025 12 18 10	0.42	0.38	4.4	4.6	11.9	0.58	-9999.9	3	212	-9999.9	56	-9999.9	3	17.3	3
2025 12 18 11	0.48	0.43	3.9	4.3	9.7	0.8	-9999.9	3	200	-9999.9	45	-9999.9	3	17.5	3
2025 12 18 12	0.51	0.46	4.0	4.2	9.0	0.91	-9999.9	3	186	-9999.9	42	-9999.9	3	17.9	3
2025 12 18 13	0.53	0.5	4.4	4.6	8.3	0.86	-9999.9	3	199	-9999.9	43	-9999.9	3	18.2	3
2025 12 18 14	0.63	0.6	4.7	4.8	8.1	1.06	-9999.9	3	191	-9999.9	43	-9999.9	3	17.9	3
2025 12 18 15	0.67	0.63	4.3	4.4	7.6	0.95	-9999.9	3	198	-9999.9	47	-9999.9	3	17.5	3
2025 12 18 16	0.61	0.57	3.9	4.1	7.8	0.9	-9999.9	3	198	-9999.9	48	-9999.9	3	17.4	3
2025 12 18 17	0.47	0.44	3.8	4.0	7.8	0.7	-9999.9	3	164	-9999.9	61	-9999.9	3	17.5	3
2025 12 18 18	0.6	0.55	5.1	5.1	8.9	0.84	-9999.9	3	201	-9999.9	42	-9999.9	3	17.4	3
2025 12 18 19	0.59	0.53	4.4	4.5	10.9	0.93	-9999.9	3	214	-9999.9	53	-9999.9	3	17.3	3
2025 12 18 20	0.49	0.44	3.5	3.6	7.7	0.7	-9999.9	3	91	-9999.9	48	-9999.9	3	17.9	3
2025 12 18 21	0.49	0.44	3.3	3.7	10.3	0.71	-9999.9	3	129	-9999.9	53	-9999.9	3	18.0	3
2025 12 18 22	0.56	0.5	3.4	3.5	14.9	0.78	-9999.9	3	122	-9999.9	52	-9999.9	3	18.2	3
2025 12 18 23	0.53	0.47	3.1	3.5	17.6	0.8	-9999.9	3	139	-9999.9	54	-9999.9	3	18.0	3
2025 12 19 00	0.59	0.52	3.2	3.4	12.3	1.02	-9999.9	3	151	-9999.9	53	-9999.9	3	18.0	3
2025 12 19 01	0.6	0.54	3.5	3.7	9.8	1.09	-9999.9	3	143	-9999.9	52	-9999.9	3	18.1	3
2025 12 19 02	0.7	0.62	4.0	4.1	17.0	1.18	-9999.9	3	132	-9999.9	54	-9999.9	3	18.0	3
2025 12 19 03	0.56	0.49	4.2	4.3	9.0	0.88	-9999.9	3	137	-9999.9	58	-9999.9	3	17.5	3
2025 12 19 04	0.54	0.49	4.7	4.9	8.5	0.77	-9999.9	3	160	-9999.9	54	-9999.9	3	17.2	3
2025 12 19 05	0.59	0.5	4.1	4.4	15.4	0.82	-9999.9	3	166	-9999.9	53	-9999.9	3	17.1	3
2025 12 19 06	0.49	0.43	4.0	4.2	15.7	0.78	-9999.9	3	167	-9999.9	56	-9999.9	3	17.0	3
2025 12 19 07	0.47	0.4	3.6	4.1	16.9	0.81	-9999.9	3	189	-9999.9	53	-9999.9	3	16.9	3
2025 12 19 08	0.54	0.49	4.5	4.4	12.7	0.93	-9999.9	3	122	-9999.9	53	-9999.9	3	18.3	3
2025 12 19 09	0.68	0.61	4.1	4.3	7.0	1.23	-9999.9	3	141	-9999.9	44	-9999.9	3	18.4	3
2025 12 19 10	0.52	0.46	4.5	4.8	11.0	0.81	-9999.9	3	172	-9999.9	57	-9999.9	3	17.6	3
2025 12 19 11	0.63	0.58	4.7	4.5	7.7	0.96	-9999.9	3	119	-9999.9	46	-9999.9	3	18.2	3
2025 12 19 12	0.58	0.52	4.7	4.6	10.5	0.84	-9999.9	3	132	-9999.9	48	-9999.9	3	18.1	3
2025 12 19 13	0.63	0.58	5.1	4.8	9.8	0.92	-9999.9	3	146	-9999.9	47	-9999.9	3	18.0	3
2025 12 19 14	0.65	0.6	5.0	5.0	11.0	0.95	-9999.9	3	155	-9999.9	49	-9999.9	3	17.8	3
2025 12 19 15	0.63	0.6	5.7	5.9	7.9	1.32	-9999.9	3	170	-9999.9	54	-9999.9	3	17.9	3
2025 12 19 16	0.61	0.56	6.0	5.8	10.7	1.05	-9999.9	3	130	-9999.9	53	-9999.9	3	17.5	3
2025 12 19 17	0.54	0.48	4.5	5.1	15.0	0.96	-9999.9	3	141	-9999.9	58	-9999.9	3	17.6	3
2025 12 19 18	0.65	0.58	3.8	4.2	7.0	1.16	-9999.9	3	148	-9999.9	56	-9999.9	3	17.1	3
2025 12 19 19	0.63	0.58	3.3	3.4	7.3	0.9	-9999.9	3	176	-9999.9	59	-9999.9	3	17.3	3
2025 12 19 20	0.61	0.55	3.0	3.0	2.7	0.81	-9999.9	3	193	-9999.9	48	-9999.9	3	17.1	3
2025 12 19 21	0.71	0.64	3.1	3.2	6.3	1.16	-9999.9	3	201	-9999.9	54	-9999.9	3	17.7	3
2025 12 19 22	0.58	0.53	3.4	3.5	5.8	0.8	-9999.9	3	203	-9999.9	50	-9999.9	3	17.6	3
2025 12 19 23	0.67	0.63	3.9	3.9	4.6	1.08	-9999.9	3	221	-9999.9	46	-9999.9	3	17.6	3
2025 12 20 00	0.72	0.66	4.1	4.2	5.0	0.92	-9999.9	3	230	-9999.9	37	-9999.9	3	17.3	3
2025 12 20 01	0.76	0.7	4.5	4.6	5.4	1.01	-9999.9	3	223	-9999.9	45	-9999.9	3	17.4	3
2025 12 20 02	0.83	0.79	4.5	4.6	6.1	1.33	-9999.9	3	209	-9999.9	47	-9999.9	3	17.5	3
2025 12 20 03	0.7	0.65	5.6	5.5	6.4	1.05	-9999.9	3	166	-9999.9	62	-9999.9	3	17.4	3
2025 12 20 04	0.87	0.81	5.5	5.4	6.3	1.23	-9999.9	3	174	-9999.9	58	-9999.9	3	16.9	3
2025 12 20 05	0.89	0.83	4.4	4.8	6.5	1.38	-9999.9	3	180	-9999.9	59	-9999.9	3	17.1	3
2025 12 20 06	0.88	0.83	4.4	4.6	6.0	1.28	-9999.9	3	190	-9999.9	51	-9999.9	3	16.9	3
2025 12 20 07	0.72	0.67	4.4	4.5	6.3	1.18	-9999.9	3	187	-9999.9	44	-9999.9	3	16.8	3
2025 12 20 08	0.58	0.52	4.6	4.7	6.7	0.9	-9999.9	3	208	-9999.9	59	-9999.9	3	17.4	3
2025 12 20 09	0.54	0.49	5.1	5.1	10.3	0.74	-9999.9	3	177	-9999.9	65	-9999.9	3	17.5	3
2025 12 20 10	0.55	0.5	4.9	5.5	10.1	0.89	-9999.9	3	178	-9999.9	61	-9999.9	3	17.6	3
2025 12 20 11	0.64	0.57	4.2	5.2	8.1	0.94	-9999.9	3	202	-9999.9	51	-9999.9	3	17.6	3
2025 12 20 12	0.58	0.48	3.5	4.1	10.2	0.95	-9999.9	3	195	-9999.9	56	-9999.9	3	17.6	3
2025 12 20 13	0.74	0.68	4.0	4.5	7.9	1.06	-9999.9	3	201	-9999.9	51	-9999.9	3	17.4	3
2025 12 20 14	0.81	0.75	4.1	4.4	8.6	1.17	-9999.9	3	200	-9999.9	48	-9999.9	3	17.2	3
2025 12 20 15	0.97	0.89	4.2	4.4	7.6	1.37	-9999.9	3	209	-9999.9	40	-9999.9	3	16.4	3
2025 12 20 16	0.86	0.81	4.0	4.1	6.1	1.32	-9999.9	3	189	-9999.9	46	-9999.9	3	15.9	3
2025 12 20 17	0.87	0.79	5.3	5.4	9.1	1.41	-9999.9	3	173	-9999.9	56	-9999.9	3	17.0	3
2025 12 20 18	0.71	0.65	4.7	4.8	5.3	1.09	-9999.9	3	172	-9999.9	59	-9999.9	3	17.0	3
2025 12 20 19	0.69	0.61	4.0	4.1	6.3	1.16	-9999.9	3	179	-9999.9	58	-9999.9	3	17.1	3
2025 12 20 20	0.64	0.56	3.4	3.6	8.8	0.94	-9999.9	3	189	-9999.9	57	-9999.9	3	17.3	3
2025 12 20 21	0.81	0.73	3.2	3.3	4.5	1.17	-9999.9	3	203	-9999.9	48	-9999.9	3	17.4	3
2025 12 20 22	0.8	0.71	3.0	3.1	4.6	1.18	-9999.9	3	193	-9999.9	50	-9999.9	3	17.2	3
2025 12 20 23	0.8	0.71	3.1	3.2	4.4	1.26	-9999.9	3	203	-9999.9	47	-9999.9	3	17.4	3
2025 12 21 00	0.84	0.76	3.2	3.2	4.1	1.23	-9999.9	3	203	-9999.9	45	-9999.9	3	17.3	3
2025 12 21 01	1.0	0.92	3.5	3.4	3.8	1.6	-9999.9	3	200	-9999.9	40	-9999.9	3	17.3	3
2025 12 21 03	1.01	0.93	3.7	3.7	4.4	1.43	-9999.9	3	188	-9999.9	46	-9999.9	3	17.2	3
2025 12 21 04	1.07	0.99	4.0	4.0	4.9	1.72	-9999.9	3	189	-9999.9	54	-9999.9	3	16.9	3
2025 12 21 05	1.36	1.28	4.1	4.0	4.5	1.95	-9999.9	3	185	-9999.9	46	-9999.9	3	17.0	3
2025 12 21 06	1.38	1.29	4.0	4.0	5.0	2.01	-9999.9	3	199	-9999.9	46	-9999.9	3	16.9	3
2025 12 21 07	1.24	1.16	3.7	3.7	4.5	2.05	-9999.9	3	196	-9999.9	42	-9999.9	3	16.8	3
2025 12 21 08	1.37	1.28	4.1	4.1	5.8	2.15	-9999.9	3	210	-9999.9	39	-9999.9	3	16.7	3
2025 12 21 09	1.36	1.27	3.9	4.0	4.2	2.11	-9999.9	3	209	-9999.9	36	-9999.9	3	16.8	3
2025 12 21 10	1.1	0.99	3.4	3.4	3.6	1.49	-9999.9	3	200	-9999.9	42	-9999.9	3	16.8	3
2025 12 21 11	0.74	0.66	3.3	3.5	6.3	1.18	-9999.9	3	204	-9999.9	46	-9999.9	3	17.1	3
2025 12 21 12	0.64	0.58	3.0	3.4	8.2	0.96	-9999.9	3	211	-9999.9	46	-9999.9	3	17.0	3
2025 12 21 13	0.92	0.88	4.5	4.5	7.3	1.55	-9999.9	3	216	-9999.9	38	-9999.9	3	17.1	3
2025 12 21 14	0.87	0.83	5.0	5.1	6.9	1.54	-9999.9	3	206	-9999.9	43	-9999.9	3	17.0	3
2025 12 21 15	0.89	0.86	5.0	5.4	6.7	1.42	-9999.9	3	196	-9999.9	41	-9999.9	3	16.7	3
2025 12 21 16	1.11	1.09	5.2	5.0	7.0	1.64	-9999.9	3	198	-9999.9	39	-9999.9	3	15.8	3
2025 12 21 17	0.88	0.82	5.7	5.5	7.1	1.25	-9999.9	3	170	-9999.9	60	-9999.9	3	16.6	3
2025 12 21 18	1.09	1.04	6.3	6.1	6.9	1.69	-9999.9	3	171	-9999.9	55	-9999.9	3	16.7	3
2025 12 21 19	0.86	0.81	5.3	5.3	6.5	1.18	-9999.9	3	176	-9999.9	57	-9999.9	3	16.7	3
2025 12 21 20	0.7	0.66	5.2	5.2	6.8	1.08	-9999.9	3	166	-9999.9	63	-9999.9	3	16.8	3
2025 12 21 21	0.66	0.63	5.0	4.9	7.1	0.96	-9999.9	3	202	-9999.9	50	-9999.9	3	16.9	3
2025 12 21 22	0.63	0.58	5.3	5.2	7.6	1.1	-9999.9	3	204	-9999.9	49	-9999.9	3	16.9	3
2025 12 21 23	0.64	0.6	4.8	5.3	7.7	0.93	-9999.9	3	209	-9999.9	46	-9999.9	3	16.8	3
2025 12 22 00	0.61	0.57	4.8	4.9	8.2	0.89	-9999.9	3	214	-9999.9	44	-9999.9	3	16.7	3
2025 12 22 01	0.7	0.66	5.8	5.6	8.6	1.0	-9999.9	3	223	-9999.9	34	-9999.9	3	16.9	3
2025 12 22 02	1.09	1.05	5.5	5.5	7.0	1.83	-9999.9	3	228	-9999.9	29	-9999.9	3	16.8	3
2025 12 22 03	0.95	0.89	5.1	4.9	6.5	1.3	-9999.9	3	204	-9999.9	43	-9999.9	3	16.7	3
2025 12 22 04	0.75	0.69	5.4	5.2	6.8	1.2	-9999.9	3	168	-9999.9	56	-9999.9	3	16.7	3
2025 12 22 05	0.95	0.91	6.0	5.9	6.8	1.53	-9999.9	3	173	-9999.9	63	-9999.9	3	16.6	3
2025 12 22 06	0.91	0.86	5.6	5.4	6.9	1.55	-9999.9	3	156	-9999.9	55	-9999.9	3	16.7	3
2025 12 22 07	0.82	0.77	4.9	5.1	5.9	1.26	-9999.9	3	186	-9999.9	53	-9999.9	3	16.6	3
2025 12 22 08	0.82	0.76	5.1	5.1	6.3	1.39	-9999.9	3	223	-9999.9	44	-9999.9	3	16.5	3
2025 12 22 09	0.54	0.5	4.5	4.6	6.9	0.8	-9999.9	3	229	-9999.9	47	-9999.9	3	16.8	3
2025 12 22 10	0.48	0.44	4.6	4.9	7.8	0.94	-9999.9	3	199	-9999.9	50	-9999.9	3	16.8	3
2025 12 22 11	0.52	0.5	4.5	4.8	6.4	0.81	-9999.9	3	207	-9999.9	44	-9999.9	3	16.8	3
2025 12 22 12	0.41	0.37	4.9	5.4	12.3	0.65	-9999.9	3	169	-9999.9	65	-9999.9	3	17.1	3
2025 12 22 13	0.49	0.46	4.2	4.9	9.9	0.82	-9999.9	3	192	-9999.9	52	-9999.9	3	17.0	3
2025 12 22 14	0.59	0.53	4.1	4.6	6.8	0.89	-9999.9	3	201	-9999.9	46	-9999.9	3	17.0	3
2025 12 22 15	0.62	0.58	5.1	5.4	8.3	0.97	-9999.9	3	207	-9999.9	51	-9999.9	3	16.9	3
2025 12 22 16	0.65	0.61	4.8	5.3	8.6	1.15	-9999.9	3	203	-9999.9	45	-9999.9	3	16.5	3
2025 12 22 17	0.74	0.69	4.2	4.4	7.8	1.07	-9999.9	3	201	-9999.9	42	-9999.9	3	16.5	3
2025 12 22 18	0.67	0.61	5.3	5.2	7.1	0.9	-9999.9	3	172	-9999.9	63	-9999.9	3	16.6	3
2025 12 22 19	0.77	0.72	5.5	5.5	8.1	1.28	-9999.9	3	170	-9999.9	58	-9999.9	3	16.7	3
2025 12 22 20	0.7	0.64	4.2	4.4	4.9	1.01	-9999.9	3	184	-9999.9	57	-9999.9	3	16.6	3
2025 12 22 21	0.62	0.57	4.7	4.7	6.8	0.8	-9999.9	3	175	-9999.9	64	-9999.9	3	16.4	3
2025 12 22 22	0.55	0.5	4.3	4.5	8.8	0.91	-9999.9	3	224	-9999.9	46	-9999.9	3	16.8	3
2025 12 22 23	0.55	0.51	5.1	5.3	8.0	0.88	-9999.9	3	212	-9999.9	43	-9999.9	3	16.8	3
2025 12 23 00	0.55	0.52	4.7	4.9	6.6	0.93	-9999.9	3	216	-9999.9	42	-9999.9	3	16.6	3
2025 12 23 01	0.59	0.56	4.8	4.8	8.1	0.96	-9999.9	3	219	-9999.9	37	-9999.9	3	16.6	3
2025 12 23 02	0.74	0.71	4.7	4.7	6.8	1.1	-9999.9	3	229	-9999.9	37	-9999.9	3	16.6	3
2025 12 23 03	0.75	0.7	5.0	4.9	6.3	1.09	-9999.9	3	220	-9999.9	46	-9999.9	3	16.6	3
2025 12 23 04	0.8	0.74	5.5	5.4	7.3	1.25	-9999.9	3	189	-9999.9	56	-9999.9	3	16.6	3
2025 12 23 05	0.69	0.66	5.2	5.2	6.6	1.05	-9999.9	3	154	-9999.9	58	-9999.9	3	16.4	3
2025 12 23 06	0.79	0.73	5.9	5.6	7.5	1.15	-9999.9	3	161	-9999.9	64	-9999.9	3	16.5	3
2025 12 23 07	0.78	0.72	4.7	4.8	5.7	1.29	-9999.9	3	156	-9999.9	57	-9999.9	3	16.6	3
2025 12 23 08	0.67	0.63	4.1	4.2	5.3	0.87	-9999.9	3	186	-9999.9	50	-9999.9	3	16.5	3
2025 12 23 09	0.61	0.56	3.5	3.5	5.9	1.01	-9999.9	3	209	-9999.9	51	-9999.9	3	16.5	3
2025 12 23 10	0.71	0.65	3.0	3.0	3.6	1.0	-9999.9	3	209	-9999.9	47	-9999.9	3	16.6	3
2025 12 23 11	0.79	0.72	3.1	3.2	5.3	1.18	-9999.9	3	206	-9999.9	41	-9999.9	3	16.6	3
2025 12 23 12	0.7	0.64	2.8	3.0	13.9	1.04	-9999.9	3	199	-9999.9	49	-9999.9	3	16.8	3
2025 12 23 13	0.88	0.81	3.0	3.1	4.7	1.31	-9999.9	3	207	-9999.9	41	-9999.9	3	17.0	3
2025 12 23 14	0.76	0.69	3.2	3.2	3.5	1.22	-9999.9	3	203	-9999.9	39	-9999.9	3	16.9	3
2025 12 23 15	-9999.9	-9999.9	-9999.9	-9999.9	-9999.9	-9999.9	-9999.9	3	-9999.9	-9999.9	-9999.9	-9999.9	3	16.8	3
2025 12 23 16	1.0	0.95	3.8	3.8	5.4	1.35	-9999.9	3	213	-9999.9	41	-9999.9	3	16.7	3
2025 12 23 17	1.03	1.0	4.4	4.3	5.8	1.5	-9999.9	3	195	-9999.9	35	-9999.9	3	16.4	3
2025 12 23 18	1.13	1.07	4.6	4.4	5.7	1.76	-9999.9	3	198	-9999.9	36	-9999.9	3	16.4	3
2025 12 23 19	0.99	0.94	5.0	4.9	6.0	1.59	-9999.9	3	180	-9999.9	50	-9999.9	3	16.5	3
2025 12 23 20	0.96	0.9	4.8	5.0	5.8	1.84	-9999.9	3	171	-9999.9	54	-9999.9	3	16.5	3
2025 12 23 21	0.74	0.7	4.8	4.6	6.6	1.03	-9999.9	3	181	-9999.9	56	-9999.9	3	16.5	3
2025 12 23 22	0.8	0.77	5.1	5.0	6.9	1.21	-9999.9	3	200	-9999.9	53	-9999.9	3	16.7	3
2025 12 23 23	0.58	0.56	4.8	4.7	6.4	0.97	-9999.9	3	201	-9999.9	50	-9999.9	3	16.7	3
2025 12 24 00	0.56	0.53	4.9	4.9	6.6	0.83	-9999.9	3	184	-9999.9	56	-9999.9	3	16.6	3
2025 12 24 01	0.65	0.62	4.2	4.3	6.2	1.02	-9999.9	3	208	-9999.9	47	-9999.9	3	16.7	3
2025 12 24 02	0.68	0.64	4.7	4.7	6.8	1.04	-9999.9	3	221	-9999.9	41	-9999.9	3	16.7	3
2025 12 24 03	0.83	0.79	5.0	5.0	6.6	1.17	-9999.9	3	224	-9999.9	34	-9999.9	3	16.6	3
2025 12 24 04	0.69	0.65	4.6	4.4	6.5	1.07	-9999.9	3	208	-9999.9	47	-9999.9	3	16.4	3
2025 12 24 05	0.62	0.57	6.0	5.8	28.4	0.9	-9999.9	3	143	-9999.9	64	-9999.9	3	16.7	3
2025 12 24 06	0.69	0.65	5.7	5.6	6.2	1.06	-9999.9	3	164	-9999.9	58	-9999.9	3	16.3	3
2025 12 24 07	0.79	0.73	5.5	5.5	10.3	1.1	-9999.9	3	156	-9999.9	59	-9999.9	3	16.4	3
2025 12 24 08	0.67	0.62	4.9	4.8	6.5	1.19	-9999.9	3	167	-9999.9	59	-9999.9	3	16.3	3
2025 12 24 09	0.51	0.47	4.2	4.3	6.8	0.81	-9999.9	3	170	-9999.9	55	-9999.9	3	16.2	3
2025 12 24 10	0.45	0.43	4.1	4.2	6.8	0.66	-9999.9	3	225	-9999.9	51	-9999.9	3	16.3	3
2025 12 24 11	0.49	0.48	4.2	4.5	7.0	0.76	-9999.9	3	215	-9999.9	42	-9999.9	3	16.4	3
2025 12 24 12	0.48	0.46	4.2	4.7	7.3	0.77	-9999.9	3	213	-9999.9	40	-9999.9	3	16.4	3
2025 12 24 13	0.35	0.33	4.5	5.0	7.9	0.62	-9999.9	3	200	-9999.9	58	-9999.9	3	16.8	3
2025 12 24 14	0.38	0.35	4.3	4.8	7.5	0.6	-9999.9	3	195	-9999.9	55	-9999.9	3	16.9	3
2025 12 24 15	0.49	0.47	4.3	4.8	6.7	0.9	-9999.9	3	217	-9999.9	40	-9999.9	3	16.8	3
2025 12 24 16	0.59	0.57	4.6	5.1	6.4	0.96	-9999.9	3	219	-9999.9	40	-9999.9	3	16.7	3
2025 12 24 17	0.55	0.53	4.6	4.8	6.5	0.92	-9999.9	3	211	-9999.9	39	-9999.9	3	16.6	3
2025 12 24 18	0.62	0.58	4.5	4.5	6.4	0.97	-9999.9	3	200	-9999.9	40	-9999.9	3	16.2	3
2025 12 24 19	0.67	0.63	5.6	5.7	7.6	1.08	-9999.9	3	189	-9999.9	65	-9999.9	3	16.4	3
2025 12 24 20	0.64	0.58	5.2	5.3	7.2	1.01	-9999.9	3	184	-9999.9	57	-9999.9	3	16.3	3
2025 12 24 21	0.57	0.51	5.1	5.2	7.4	0.71	-9999.9	3	163	-9999.9	58	-9999.9	3	16.2	3
2025 12 24 22	0.4	0.38	4.1	4.3	7.2	0.68	-9999.9	3	175	-9999.9	53	-9999.9	3	15.8	3
2025 12 24 23	0.42	0.38	4.8	4.7	9.9	0.59	-9999.9	3	191	-9999.9	63	-9999.9	3	16.0	3
2025 12 25 00	0.3	0.27	4.0	4.2	7.6	0.55	-9999.9	3	185	-9999.9	61	-9999.9	3	16.7	3
2025 12 25 01	0.34	0.32	4.7	4.9	7.1	0.6	-9999.9	3	183	-9999.9	52	-9999.9	3	16.6	3
2025 12 25 02	0.37	0.35	5.1	5.2	7.4	0.59	-9999.9	3	222	-9999.9	40	-9999.9	3	16.4	3
2025 12 25 03	0.35	0.33	4.9	5.0	7.3	0.48	-9999.9	3	227	-9999.9	41	-9999.9	3	16.4	3
2025 12 25 04	0.43	0.4	5.0	5.0	7.2	0.63	-9999.9	3	229	-9999.9	40	-9999.9	3	16.3	3
2025 12 25 05	0.48	0.44	3.6	3.6	7.4	0.67	-9999.9	3	209	-9999.9	45	-9999.9	3	16.3	3
2025 12 25 06	0.53	0.46	4.3	4.3	11.3	0.83	-9999.9	3	169	-9999.9	61	-9999.9	3	16.3	3
2025 12 25 07	0.53	0.48	4.1	4.1	7.4	0.79	-9999.9	3	161	-9999.9	56	-9999.9	3	16.1	3
2025 12 25 08	0.62	0.55	3.7	3.7	6.6	0.87	-9999.9	3	157	-9999.9	55	-9999.9	3	16.1	3
2025 12 25 09	0.54	0.47	3.4	3.5	6.4	0.85	-9999.9	3	170	-9999.9	58	-9999.9	3	16.1	3
2025 12 25 10	0.56	0.52	3.0	3.1	4.7	0.97	-9999.9	3	193	-9999.9	37	-9999.9	3	16.0	3
2025 12 25 11	0.51	0.45	3.2	3.3	7.6	0.64	-9999.9	3	224	-9999.9	56	-9999.9	3	16.3	3
2025 12 25 12	0.55	0.49	2.8	2.9	26.2	0.85	-9999.9	3	200	-9999.9	51	-9999.9	3	16.4	3
2025 12 25 13	0.41	0.34	3.1	3.3	24.9	0.65	-9999.9	3	184	-9999.9	61	-9999.9	3	17.1	3
2025 12 25 14	0.41	0.37	2.9	3.1	6.4	0.59	-9999.9	3	200	-9999.9	50	-9999.9	3	17.1	3
2025 12 25 15	0.45	0.4	3.2	3.6	6.7	0.74	-9999.9	3	218	-9999.9	48	-9999.9	3	17.3	3
2025 12 25 16	0.4	0.36	3.0	3.2	8.0	0.59	-9999.9	3	213	-9999.9	43	-9999.9	3	16.9	3
2025 12 25 17	0.42	0.38	3.4	4.0	9.7	0.97	-9999.9	3	205	-9999.9	46	-9999.9	3	17.0	3
2025 12 25 18	0.46	0.43	3.3	3.8	6.5	0.94	-9999.9	3	216	-9999.9	41	-9999.9	3	16.6	3
2025 12 25 19	0.44	0.41	3.8	3.9	6.6	0.67	-9999.9	3	195	-9999.9	42	-9999.9	3	16.3	3
2025 12 25 20	0.46	0.43	3.8	3.9	6.9	0.71	-9999.9	3	203	-9999.9	39	-9999.9	3	16.3	3
2025 12 25 21	0.5	0.47	3.3	3.4	5.2	0.78	-9999.9	3	205	-9999.9	46	-9999.9	3	16.1	3
2025 12 25 22	0.44	0.41	3.6	3.8	4.1	0.72	-9999.9	3	166	-9999.9	54	-9999.9	3	16.2	3
2025 12 25 23	0.47	0.43	3.5	3.5	6.5	0.66	-9999.9	3	203	-9999.9	48	-9999.9	3	16.0	3
2025 12 26 00	0.41	0.36	3.8	3.7	13.6	0.53	-9999.9	3	134	-9999.9	65	-9999.9	3	16.4	3
2025 12 26 01	0.49	0.46	2.8	2.8	4.1	0.78	-9999.9	3	218	-9999.9	58	-9999.9	3	16.4	3
2025 12 26 02	0.51	0.49	2.8	2.9	3.3	0.81	-9999.9	3	214	-9999.9	53	-9999.9	3	16.7	3
2025 12 26 03	0.58	0.56	3.0	3.1	3.6	1.02	-9999.9	3	214	-9999.9	37	-9999.9	3	16.4	3
2025 12 26 04	0.67	0.64	3.2	3.3	3.7	1.15	-9999.9	3	222	-9999.9	32	-9999.9	3	16.3	3
2025 12 26 05	0.58	0.55	3.0	3.0	3.2	0.91	-9999.9	3	218	-9999.9	37	-9999.9	3	16.2	3
2025 12 26 06	0.5	0.46	3.2	3.3	4.9	0.92	-9999.9	3	205	-9999.9	50	-9999.9	3	16.1	3
2025 12 26 07	0.54	0.47	4.1	4.0	29.2	0.79	-9999.9	3	211	-9999.9	65	-9999.9	3	-9999.9	-9999.9
2025 12 26 08	0.57	0.51	3.9	3.9	11.2	0.87	-9999.9	3	159	-9999.9	59	-9999.9	3	16.3	3
2025 12 26 09	0.54	0.5	3.5	3.6	4.7	0.84	-9999.9	3	188	-9999.9	50	-9999.9	3	16.1	3
2025 12 26 10	0.49	0.46	3.2	3.4	4.2	1.26	-9999.9	3	190	-9999.9	43	-9999.9	3	16.0	3
2025 12 26 11	0.45	0.44	3.5	3.7	6.2	0.78	-9999.9	3	205	-9999.9	38	-9999.9	3	16.1	3
2025 12 26 12	0.35	0.32	3.2	3.6	6.8	0.66	-9999.9	3	207	-9999.9	52	-9999.9	3	16.6	3
2025 12 26 13	0.29	0.26	3.3	3.7	9.6	0.44	-9999.9	3	191	-9999.9	55	-9999.9	3	16.6	3
2025 12 26 14	0.29	0.25	3.5	4.0	22.4	0.44	-9999.9	3	163	-9999.9	63	-9999.9	3	16.7	3
2025 12 26 15	0.42	0.38	4.0	4.5	6.9	0.62	-9999.9	3	198	-9999.9	49	-9999.9	3	17.1	3
2025 12 26 16	0.35	0.3	3.1	3.9	28.4	0.45	-9999.9	3	185	-9999.9	62	-9999.9	3	17.3	3
2025 12 26 17	0.38	0.34	3.9	4.3	11.2	0.57	-9999.9	3	202	-9999.9	58	-9999.9	3	17.3	3
2025 12 26 18	0.37	0.34	4.5	4.7	6.1	0.61	-9999.9	3	210	-9999.9	50	-9999.9	3	17.3	3
2025 12 26 19	0.43	0.39	4.8	4.9	6.8	0.65	-9999.9	3	204	-9999.9	54	-9999.9	3	17.1	3
2025 12 26 20	0.39	0.35	4.2	4.5	5.3	0.57	-9999.9	3	180	-9999.9	56	-9999.9	3	16.5	3
2025 12 26 21	0.55	0.53	4.7	4.7	6.3	0.81	-9999.9	3	210	-9999.9	39	-9999.9	3	16.5	3
2025 12 26 22	0.39	0.37	4.5	4.6	5.8	0.69	-9999.9	3	180	-9999.9	52	-9999.9	3	16.3	3
2025 12 26 23	0.49	0.45	4.4	4.4	5.8	0.77	-9999.9	3	174	-9999.9	54	-9999.9	3	16.1	3
2025 12 27 00	0.5	0.47	3.8	3.9	5.5	0.86	-9999.9	3	202	-9999.9	45	-9999.9	3	15.9	3
2025 12 27 01	0.4	0.38	3.6	3.7	6.1	0.6	-9999.9	3	185	-9999.9	53	-9999.9	3	16.0	3
2025 12 27 02	0.3	0.27	3.2	3.2	4.4	0.46	-9999.9	3	176	-9999.9	63	-9999.9	3	16.3	3
2025 12 27 03	0.28	0.26	3.2	3.2	5.0	0.4	-9999.9	3	201	-9999.9	58	-9999.9	3	16.4	3
2025 12 27 04	0.32	0.29	3.2	3.5	6.4	0.56	-9999.9	3	214	-9999.9	48	-9999.9	3	16.5	3
2025 12 27 05	0.36	0.34	2.8	3.3	5.0	0.62	-9999.9	3	197	-9999.9	49	-9999.9	3	16.3	3
2025 12 27 06	0.46	0.44	2.7	2.8	3.2	0.78	-9999.9	3	135	-9999.9	43	-9999.9	3	16.4	3
2025 12 27 07	0.65	0.62	3.1	3.2	3.8	1.15	-9999.9	3	92	-9999.9	35	-9999.9	3	16.6	3
2025 12 27 08	0.62	0.57	3.8	3.8	3.9	0.96	-9999.9	3	75	-9999.9	44	-9999.9	3	16.2	3
2025 12 27 09	0.56	0.51	4.0	4.0	5.5	0.96	-9999.9	3	85	-9999.9	51	-9999.9	3	15.9	3
2025 12 27 10	0.63	0.59	3.6	3.7	4.3	1.05	-9999.9	3	88	-9999.9	47	-9999.9	3	16.0	3
2025 12 27 11	0.55	0.5	3.5	3.7	6.2	0.86	-9999.9	3	120	-9999.9	54	-9999.9	3	16.0	3
2025 12 27 12	0.55	0.51	3.6	3.5	13.0	0.84	-9999.9	3	102	-9999.9	58	-9999.9	3	16.3	3
2025 12 27 13	0.68	0.62	4.3	4.5	6.5	1.22	-9999.9	3	83	-9999.9	44	-9999.9	3	16.7	3
2025 12 27 14	1.0	0.95	4.8	5.0	6.6	1.89	-9999.9	3	83	-9999.9	39	-9999.9	3	16.6	3
2025 12 27 15	1.24	1.19	5.0	4.9	6.4	1.77	-9999.9	3	80	-9999.9	37	-9999.9	3	16.8	3
2025 12 27 16	1.11	1.07	5.4	5.1	7.0	1.95	-9999.9	3	91	-9999.9	42	-9999.9	3	16.8	3
2025 12 27 17	1.4	1.36	5.3	5.6	7.2	2.37	-9999.9	3	89	-9999.9	39	-9999.9	3	16.8	3
2025 12 27 18	1.31	1.28	5.1	5.1	7.6	1.92	-9999.9	3	111	-9999.9	53	-9999.9	3	16.9	3
2025 12 27 19	1.49	1.46	5.0	5.1	7.7	2.09	-9999.9	3	147	-9999.9	62	-9999.9	3	16.7	3
2025 12 27 20	1.77	1.74	5.7	5.5	7.5	2.47	-9999.9	3	122	-9999.9	55	-9999.9	3	16.5	3
2025 12 27 21	1.46	1.37	4.6	4.7	7.4	2.25	-9999.9	3	168	-9999.9	53	-9999.9	3	16.2	3
2025 12 27 22	1.36	1.3	4.8	4.8	7.5	2.16	-9999.9	3	138	-9999.9	57	-9999.9	3	16.4	3
2025 12 27 23	1.34	1.26	4.6	4.6	7.2	2.07	-9999.9	3	145	-9999.9	52	-9999.9	3	16.3	3
2025 12 28 00	1.07	1.01	4.2	4.2	7.3	1.64	-9999.9	3	152	-9999.9	55	-9999.9	3	16.2	3
2025 12 28 01	1.23	1.17	5.1	5.2	7.1	1.89	-9999.9	3	88	-9999.9	54	-9999.9	3	16.4	3
2025 12 28 02	1.1	1.05	4.7	4.8	7.3	1.77	-9999.9	3	96	-9999.9	47	-9999.9	3	16.4	3
2025 12 28 03	1.08	1.01	4.7	4.9	7.4	1.71	-9999.9	3	91	-9999.9	45	-9999.9	3	16.5	3
2025 12 28 04	1.05	0.97	4.0	4.3	7.3	1.6	-9999.9	3	149	-9999.9	55	-9999.9	3	16.7	3
2025 12 28 05	0.87	0.82	4.6	4.8	7.6	1.5	-9999.9	3	163	-9999.9	55	-9999.9	3	16.5	3
2025 12 28 06	0.89	0.86	5.7	5.9	7.2	1.57	-9999.9	3	124	-9999.9	57	-9999.9	3	16.9	3
2025 12 28 07	0.91	0.87	5.9	5.9	8.2	1.34	-9999.9	3	169	-9999.9	59	-9999.9	3	17.1	3
2025 12 28 08	0.98	0.93	5.1	5.1	8.3	1.47	-9999.9	3	180	-9999.9	57	-9999.9	3	16.9	3
2025 12 28 09	1.02	1.0	5.2	5.2	7.8	1.49	-9999.9	3	168	-9999.9	61	-9999.9	3	16.4	3
2025 12 28 10	1.02	0.99	5.2	5.1	7.9	1.87	-9999.9	3	172	-9999.9	58	-9999.9	3	16.5	3
2025 12 28 11	1.04	0.99	4.6	4.8	8.2	1.65	-9999.9	3	185	-9999.9	55	-9999.9	3	16.3	3
2025 12 28 12	0.94	0.9	4.6	4.6	7.6	1.51	-9999.9	3	155	-9999.9	56	-9999.9	3	16.4	3
2025 12 28 13	0.91	0.85	4.7	4.8	7.5	1.55	-9999.9	3	151	-9999.9	59	-9999.9	3	16.5	3
2025 12 28 14	0.87	0.81	4.6	4.8	7.5	1.35	-9999.9	3	148	-9999.9	61	-9999.9	3	16.9	3
2025 12 28 15	0.94	0.9	5.0	4.7	8.7	1.26	-9999.9	3	150	-9999.9	49	-9999.9	3	16.9	3
2025 12 28 16	0.97	0.91	4.7	4.9	9.1	1.57	-9999.9	3	192	-9999.9	46	-9999.9	3	16.9	3
2025 12 28 17	0.88	0.83	4.7	4.7	9.0	1.67	-9999.9	3	173	-9999.9	42	-9999.9	3	16.9	3
2025 12 28 18	0.97	0.93	4.8	4.8	9.1	1.72	-9999.9	3	161	-9999.9	43	-9999.9	3	16.9	3
2025 12 28 19	0.94	0.87	4.9	5.0	8.8	1.3	-9999.9	3	142	-9999.9	47	-9999.9	3	16.9	3
2025 12 28 20	0.94	0.89	5.5	5.3	7.9	1.51	-9999.9	3	133	-9999.9	49	-9999.9	3	16.7	3
2025 12 28 21	0.93	0.9	5.4	5.3	6.1	1.52	-9999.9	3	122	-9999.9	45	-9999.9	3	16.6	3
2025 12 28 22	0.92	0.89	4.8	4.7	7.1	1.49	-9999.9	3	131	-9999.9	48	-9999.9	3	16.6	3
2025 12 28 23	0.88	0.83	5.2	5.1	8.6	1.4	-9999.9	3	136	-9999.9	47	-9999.9	3	16.5	3
2025 12 29 00	0.9	0.86	5.4	5.3	8.1	1.28	-9999.9	3	124	-9999.9	43	-9999.9	3	16.5	3
2025 12 29 01	0.65	0.59	4.7	4.6	8.8	1.07	-9999.9	3	163	-9999.9	43	-9999.9	3	16.4	3
2025 12 29 02	0.6	0.57	4.7	4.7	6.1	1.03	-9999.9	3	98	-9999.9	41	-9999.9	3	16.3	3
2025 12 29 03	0.58	0.55	5.2	5.1	5.7	0.87	-9999.9	3	90	-9999.9	40	-9999.9	3	16.5	3
2025 12 29 04	0.71	0.67	4.7	4.8	5.5	1.09	-9999.9	3	79	-9999.9	38	-9999.9	3	16.6	3
2025 12 29 05	0.7	0.66	4.5	4.6	5.2	1.09	-9999.9	3	94	-9999.9	34	-9999.9	3	16.6	3
2025 12 29 06	0.67	0.64	4.9	5.0	5.3	0.96	-9999.9	3	107	-9999.9	40	-9999.9	3	16.8	3
2025 12 29 07	0.67	0.64	5.4	5.4	6.4	1.15	-9999.9	3	144	-9999.9	44	-9999.9	3	16.9	3
2025 12 29 08	0.65	0.6	5.1	5.3	5.6	0.96	-9999.9	3	124	-9999.9	49	-9999.9	3	17.0	3
2025 12 29 09	0.63	0.59	5.6	5.5	8.0	0.99	-9999.9	3	118	-9999.9	56	-9999.9	3	16.9	3
2025 12 29 10	0.63	0.58	6.0	6.0	7.8	0.99	-9999.9	3	127	-9999.9	59	-9999.9	3	16.7	3
2025 12 29 11	0.6	0.57	5.4	5.4	6.9	0.92	-9999.9	3	139	-9999.9	56	-9999.9	3	16.8	3
2025 12 29 12	0.58	0.53	5.2	5.2	8.4	0.92	-9999.9	3	140	-9999.9	58	-9999.9	3	16.5	3
2025 12 29 13	0.54	0.5	5.1	5.2	8.0	0.84	-9999.9	3	165	-9999.9	54	-9999.9	3	16.5	3
2025 12 29 14	0.43	0.42	4.3	4.6	5.8	0.79	-9999.9	3	110	-9999.9	54	-9999.9	3	16.5	3
2025 12 29 15	0.42	0.4	4.7	4.7	5.8	0.6	-9999.9	3	107	-9999.9	55	-9999.9	3	16.5	3
2025 12 29 16	0.47	0.44	4.9	4.9	5.6	0.72	-9999.9	3	120	-9999.9	48	-9999.9	3	17.1	3
2025 12 29 17	0.44	0.42	4.6	4.9	8.6	0.68	-9999.9	3	172	-9999.9	48	-9999.9	3	17.1	3
2025 12 29 18	0.36	0.34	4.1	4.6	8.1	0.58	-9999.9	3	157	-9999.9	56	-9999.9	3	17.4	3
2025 12 29 19	0.42	0.4	4.3	4.7	7.7	0.63	-9999.9	3	182	-9999.9	54	-9999.9	3	17.5	3
2025 12 29 20	0.37	0.35	4.5	4.6	7.4	0.57	-9999.9	3	189	-9999.9	58	-9999.9	3	17.4	3
2025 12 29 21	0.4	0.38	5.0	5.2	6.5	0.55	-9999.9	3	188	-9999.9	61	-9999.9	3	17.4	3
2025 12 29 22	0.44	0.41	5.3	5.3	6.9	0.69	-9999.9	3	182	-9999.9	58	-9999.9	3	17.0	3
2025 12 29 23	0.39	0.37	4.9	4.9	7.6	0.52	-9999.9	3	182	-9999.9	55	-9999.9	3	16.9	3
2025 12 30 00	0.45	0.43	4.9	5.0	7.1	0.67	-9999.9	3	198	-9999.9	48	-9999.9	3	17.1	3
2025 12 30 01	0.48	0.46	5.0	5.1	7.6	0.68	-9999.9	3	202	-9999.9	45	-9999.9	3	16.8	3
2025 12 30 02	0.47	0.44	4.8	4.8	7.5	0.75	-9999.9	3	210	-9999.9	39	-9999.9	3	16.6	3
2025 12 30 03	0.39	0.36	3.9	4.0	7.0	0.67	-9999.9	3	207	-9999.9	43	-9999.9	3	16.5	3
2025 12 30 04	0.32	0.29	4.1	4.1	7.4	0.52	-9999.9	3	210	-9999.9	52	-9999.9	3	16.5	3
2025 12 30 05	0.29	0.26	3.9	3.9	8.0	0.43	-9999.9	3	206	-9999.9	53	-9999.9	3	16.6	3
2025 12 30 06	0.3	0.26	3.8	4.0	17.2	0.5	-9999.9	3	190	-9999.9	59	-9999.9	3	16.7	3
2025 12 30 07	0.4	0.37	4.8	4.9	6.8	0.69	-9999.9	3	221	-9999.9	41	-9999.9	3	16.6	3
2025 12 30 08	0.35	0.32	4.4	4.5	7.6	0.52	-9999.9	3	213	-9999.9	44	-9999.9	3	16.5	3
2025 12 30 09	0.4	0.36	4.8	5.0	10.7	0.96	-9999.9	3	211	-9999.9	44	-9999.9	3	16.6	3
2025 12 30 10	0.38	0.35	4.6	4.9	9.2	0.55	-9999.9	3	203	-9999.9	49	-9999.9	3	16.5	3
2025 12 30 11	0.32	0.3	4.8	4.8	7.5	0.41	-9999.9	3	186	-9999.9	58	-9999.9	3	16.9	3
2025 12 30 12	0.36	0.33	4.2	4.4	7.3	0.54	-9999.9	3	151	-9999.9	64	-9999.9	3	17.0	3
2025 12 30 13	0.33	0.3	4.2	4.4	12.9	0.54	-9999.9	3	205	-9999.9	44	-9999.9	3	16.5	3
2025 12 30 14	0.39	0.35	3.9	4.2	11.5	0.62	-9999.9	3	207	-9999.9	42	-9999.9	3	16.7	3
2025 12 30 15	0.39	0.36	4.1	4.0	9.5	0.58	-9999.9	3	211	-9999.9	47	-9999.9	3	16.6	3
2025 12 30 16	0.39	0.35	3.8	4.0	8.6	0.62	-9999.9	3	221	-9999.9	43	-9999.9	3	16.7	3
2025 12 30 17	0.32	0.3	4.1	4.1	13.1	0.42	-9999.9	3	218	-9999.9	43	-9999.9	3	16.8	3
2025 12 30 18	0.31	0.27	3.8	4.1	13.9	0.44	-9999.9	3	221	-9999.9	52	-9999.9	3	16.8	3
2025 12 30 19	0.33	0.28	4.1	4.1	13.4	0.69	-9999.9	3	211	-9999.9	49	-9999.9	3	16.8	3
2025 12 30 20	0.37	0.33	4.3	4.4	12.9	0.6	-9999.9	3	207	-9999.9	45	-9999.9	3	16.8	3
2025 12 30 21	0.33	0.29	3.2	3.5	13.1	0.52	-9999.9	3	209	-9999.9	49	-9999.9	3	16.7	3
2025 12 30 22	0.37	0.34	4.4	4.5	11.4	0.59	-9999.9	3	180	-9999.9	51	-9999.9	3	17.1	3
2025 12 30 23	0.35	0.31	3.1	3.4	12.4	0.65	-9999.9	3	187	-9999.9	56	-9999.9	3	17.1	3
2025 12 31 00	0.39	0.34	3.1	3.3	27.3	0.64	-9999.9	3	177	-9999.9	62	-9999.9	3	17.1	3
2025 12 31 01	0.45	0.38	3.4	3.4	25.5	0.68	-9999.9	3	202	-9999.9	63	-9999.9	3	16.7	3
2025 12 31 02	0.59	0.52	3.0	3.0	5.1	0.8	-9999.9	3	184	-9999.9	53	-9999.9	3	16.7	3
2025 12 31 03	0.61	0.55	3.0	3.2	5.7	0.99	-9999.9	3	169	-9999.9	57	-9999.9	3	16.8	3
2025 12 31 04	0.44	0.38	2.9	3.2	26.9	0.7	-9999.9	3	183	-9999.9	64	-9999.9	3	16.8	3
2025 12 31 05	0.42	0.35	3.3	3.4	26.0	0.53	-9999.9	3	137	-9999.9	62	-9999.9	3	17.3	3
2025 12 31 06	0.36	0.3	3.5	3.7	15.3	0.55	-9999.9	3	182	-9999.9	64	-9999.9	3	17.3	3
2025 12 31 07	0.29	0.24	3.8	4.3	12.3	0.45	-9999.9	3	178	-9999.9	49	-9999.9	3	17.3	3
2025 12 31 08	0.3	0.26	4.4	5.0	13.1	0.53	-9999.9	3	197	-9999.9	42	-9999.9	3	17.3	3
2025 12 31 09	0.37	0.33	4.2	4.9	10.2	0.81	-9999.9	3	208	-9999.9	42	-9999.9	3	17.3	3
2025 12 31 10	0.33	0.29	3.7	4.0	11.3	0.51	-9999.9	3	178	-9999.9	53	-9999.9	3	17.2	3
2025 12 31 11	0.35	0.3	3.5	3.6	10.4	0.48	-9999.9	3	182	-9999.9	53	-9999.9	3	17.2	3
2025 12 31 12	0.4	0.34	4.2	4.4	10.4	0.63	-9999.9	3	160	-9999.9	54	-9999.9	3	17.1	3
2025 12 31 13	0.42	0.37	4.1	4.2	9.1	0.61	-9999.9	3	189	-9999.9	45	-9999.9	3	16.8	3
2025 12 31 14	0.4	0.34	4.7	5.0	14.6	0.57	-9999.9	3	126	-9999.9	69	-9999.9	3	17.0	3
2025 12 31 15	0.55	0.49	4.1	4.4	9.3	0.85	-9999.9	3	177	-9999.9	47	-9999.9	3	16.8	3
2025 12 31 16	0.56	0.5	4.0	4.0	8.2	0.88	-9999.9	3	153	-9999.9	43	-9999.9	3	16.8	3
2025 12 31 17	0.53	0.49	4.8	5.0	8.1	0.79	-9999.9	3	215	-9999.9	40	-9999.9	3	16.9	3
2025 12 31 18	0.47	0.42	4.1	4.3	7.7	0.71	-9999.9	3	196	-9999.9	47	-9999.9	3	17.0	3
2025 12 31 19	0.51	0.46	3.4	3.5	5.4	0.81	-9999.9	3	118	-9999.9	41	-9999.9	3	17.0	3
2025 12 31 20	0.59	0.53	3.2	3.2	3.5	0.82	-9999.9	3	87	-9999.9	38	-9999.9	3	17.3	3
2025 12 31 21	0.6	0.56	3.3	3.4	4.1	0.9	-9999.9	3	114	-9999.9	36	-9999.9	3	17.3	3
2025 12 31 22	0.68	0.62	3.6	3.7	5.3	1.08	-9999.9	3	139	-9999.9	37	-9999.9	3	17.2	3
2025 12 31 23	0.74	0.68	3.9	3.9	4.1	1.08	-9999.9	3	111	-9999.9	39	-9999.9	3	17.3	3
2026 01 01 00	0.71	0.65	3.9	4.0	4.4	1.18	-9999.9	3	123	-9999.9	41	-9999.9	3	17.1	3
2026 01 01 01	0.62	0.56	4.8	4.7	6.9	1.01	-9999.9	3	112	-9999.9	59	-9999.9	3	16.9	3
2026 01 01 02	0.68	0.63	4.5	4.6	4.8	1.06	-9999.9	3	79	-9999.9	52	-9999.9	3	17.0	3
2026 01 01 03	0.67	0.62	4.0	4.1	4.7	0.98	-9999.9	3	105	-9999.9	48	-9999.9	3	16.7	3
2026 01 01 04	0.69	0.64	3.9	3.9	5.0	0.93	-9999.9	3	101	-9999.9	42	-9999.9	3	16.6	3
2026 01 01 05	0.56	0.51	3.5	3.7	7.9	0.86	-9999.9	3	143	-9999.9	46	-9999.9	3	16.7	3
2026 01 01 06	0.52	0.48	3.4	3.5	8.6	0.73	-9999.9	3	98	-9999.9	40	-9999.9	3	17.0	3
2026 01 01 07	0.76	0.72	3.7	3.7	4.6	1.34	-9999.9	3	77	-9999.9	31	-9999.9	3	17.1	3
2026 01 01 08	0.75	0.72	3.2	3.4	4.7	1.18	-9999.9	3	86	-9999.9	36	-9999.9	3	17.2	3
2026 01 01 09	0.87	0.84	3.6	3.7	4.8	1.32	-9999.9	3	95	-9999.9	35	-9999.9	3	17.2	3
2026 01 01 10	0.91	0.84	3.5	3.5	4.9	1.23	-9999.9	3	90	-9999.9	39	-9999.9	3	17.1	3
2026 01 01 11	0.85	0.79	3.7	3.7	5.1	1.3	-9999.9	3	104	-9999.9	37	-9999.9	3	17.3	3
2026 01 01 12	0.87	0.83	3.9	4.0	5.3	1.23	-9999.9	3	106	-9999.9	39	-9999.9	3	17.2	3
2026 01 01 13	0.88	0.83	4.2	4.2	5.5	1.52	-9999.9	3	96	-9999.9	42	-9999.9	3	17.3	3
2026 01 01 14	0.9	0.86	4.2	4.3	5.5	1.69	-9999.9	3	125	-9999.9	47	-9999.9	3	17.0	3
2026 01 01 15	0.95	0.91	3.8	3.9	4.9	1.42	-9999.9	3	103	-9999.9	47	-9999.9	3	17.0	3
2026 01 01 16	0.98	0.94	4.1	4.2	5.2	1.74	-9999.9	3	81	-9999.9	45	-9999.9	3	17.0	3
2026 01 01 17	1.3	1.25	4.1	4.1	5.1	2.15	-9999.9	3	66	-9999.9	36	-9999.9	3	17.0	3
2026 01 01 18	1.03	0.99	3.9	3.8	5.0	1.79	-9999.9	3	66	-9999.9	35	-9999.9	3	17.1	3
2026 01 01 19	1.07	1.04	3.8	3.8	5.0	1.5	-9999.9	3	73	-9999.9	36	-9999.9	3	17.3	3
2026 01 01 20	1.0	0.96	3.3	3.4	4.9	1.69	-9999.9	3	87	-9999.9	41	-9999.9	3	17.2	3
2026 01 01 21	1.03	0.96	3.3	3.4	5.1	1.54	-9999.9	3	94	-9999.9	43	-9999.9	3	17.1	3
2026 01 01 22	0.94	0.85	3.2	3.3	20.7	1.27	-9999.9	3	100	-9999.9	48	-9999.9	3	17.0	3
2026 01 01 23	1.02	0.95	3.2	3.3	8.3	1.62	-9999.9	3	101	-9999.9	40	-9999.9	3	17.0	3
2026 01 02 00	1.02	0.97	3.4	3.4	4.3	1.57	-9999.9	3	94	-9999.9	38	-9999.9	3	17.1	3
2026 01 02 01	0.96	0.92	3.6	3.6	4.7	1.53	-9999.9	3	86	-9999.9	34	-9999.9	3	17.0	3
2026 01 02 02	0.97	0.92	3.6	3.6	4.9	1.55	-9999.9	3	81	-9999.9	33	-9999.9	3	17.0	3
2026 01 02 03	0.79	0.75	3.2	3.3	4.7	1.24	-9999.9	3	75	-9999.9	41	-9999.9	3	16.9	3
2026 01 02 04	0.79	0.73	3.2	3.4	8.7	1.12	-9999.9	3	84	-9999.9	50	-9999.9	3	16.8	3
2026 01 02 05	0.95	0.92	3.8	3.8	5.5	1.45	-9999.9	3	56	-9999.9	33	-9999.9	3	16.8	3
2026 01 02 06	0.77	0.72	3.1	3.2	5.9	1.16	-9999.9	3	67	-9999.9	43	-9999.9	3	16.8	3
2026 01 02 07	0.9	0.84	3.4	3.7	5.9	1.54	-9999.9	3	78	-9999.9	44	-9999.9	3	16.9	3
2026 01 02 08	1.14	1.09	3.7	3.8	5.3	1.68	-9999.9	3	76	-9999.9	31	-9999.9	3	17.3	3
2026 01 02 09	1.04	0.96	3.6	3.5	5.6	1.82	-9999.9	3	86	-9999.9	43	-9999.9	3	17.1	3
2026 01 02 10	0.99	0.9	3.1	3.3	5.4	1.56	-9999.9	3	105	-9999.9	44	-9999.9	3	17.2	3
2026 01 02 11	0.96	0.85	3.4	3.4	7.3	1.35	-9999.9	3	110	-9999.9	45	-9999.9	3	17.1	3
2026 01 02 12	1.04	0.91	3.5	3.8	12.3	1.42	-9999.9	3	125	-9999.9	47	-9999.9	3	17.2	3
2026 01 02 13	0.96	0.87	3.6	3.7	8.4	1.42	-9999.9	3	119	-9999.9	37	-9999.9	3	17.1	3
2026 01 02 14	1.22	1.12	4.6	4.5	10.2	2.05	-9999.9	3	176	-9999.9	31	-9999.9	3	17.0	3
2026 01 02 15	1.27	1.18	4.8	4.5	9.0	2.14	-9999.9	3	152	-9999.9	31	-9999.9	3	17.1	3
2026 01 02 16	1.66	1.55	5.2	5.2	10.5	2.65	-9999.9	3	187	-9999.9	28	-9999.9	3	17.0	3
2026 01 02 17	1.05	0.95	4.3	4.3	9.3	1.45	-9999.9	3	128	-9999.9	44	-9999.9	3	16.9	3
2026 01 02 18	1.3	1.21	4.3	4.3	10.8	1.9	-9999.9	3	112	-9999.9	38	-9999.9	3	16.8	3
2026 01 02 19	1.42	1.35	4.3	4.2	5.0	2.41	-9999.9	3	84	-9999.9	35	-9999.9	3	17.1	3
2026 01 02 20	1.25	1.14	3.9	3.9	6.3	2.15	-9999.9	3	97	-9999.9	34	-9999.9	3	17.1	3
2026 01 02 21	1.22	1.12	3.9	3.9	7.5	2.05	-9999.9	3	102	-9999.9	36	-9999.9	3	17.1	3
2026 01 02 22	1.19	1.06	4.0	4.0	10.2	1.89	-9999.9	3	133	-9999.9	38	-9999.9	3	17.1	3
2026 01 02 23	1.06	0.91	4.2	4.6	10.1	1.54	-9999.9	3	198	-9999.9	36	-9999.9	3	17.0	3
2026 01 03 00	1.05	0.98	4.7	5.0	9.3	1.71	-9999.9	3	210	-9999.9	34	-9999.9	3	17.0	3
2026 01 03 01	1.18	1.13	6.1	6.0	8.9	1.72	-9999.9	3	219	-9999.9	31	-9999.9	3	16.9	3
2026 01 03 02	1.1	1.02	5.7	5.5	8.3	1.86	-9999.9	3	197	-9999.9	39	-9999.9	3	16.9	3
2026 01 03 03	1.17	1.13	6.3	6.5	9.0	2.17	-9999.9	3	209	-9999.9	29	-9999.9	3	16.8	3
2026 01 03 04	1.11	1.07	6.9	6.9	8.9	1.72	-9999.9	3	208	-9999.9	35	-9999.9	3	16.6	3
2026 01 03 05	1.91	1.85	6.8	6.8	9.3	2.74	-9999.9	3	212	-9999.9	21	-9999.9	3	16.4	3
2026 01 03 06	1.5	1.42	6.7	6.6	10.0	2.36	-9999.9	3	220	-9999.9	28	-9999.9	3	16.7	3
2026 01 03 07	1.46	1.4	6.6	6.7	10.7	2.04	-9999.9	3	219	-9999.9	25	-9999.9	3	16.8	3
2026 01 03 08	1.17	1.11	6.7	6.7	10.2	1.79	-9999.9	3	206	-9999.9	33	-9999.9	3	16.8	3
2026 01 03 09	1.24	1.21	6.5	6.4	10.6	1.81	-9999.9	3	191	-9999.9	38	-9999.9	3	17.0	3
2026 01 03 10	1.0	0.94	5.6	6.0	11.0	1.66	-9999.9	3	192	-9999.9	37	-9999.9	3	17.0	3
2026 01 03 11	1.18	1.11	5.5	5.8	10.9	1.8	-9999.9	3	206	-9999.9	33	-9999.9	3	16.9	3
2026 01 03 12	1.32	1.26	6.1	6.5	10.2	1.82	-9999.9	3	210	-9999.9	29	-9999.9	3	16.9	3
2026 01 03 13	1.37	1.32	6.9	6.9	9.2	2.14	-9999.9	3	212	-9999.9	35	-9999.9	3	16.9	3
2026 01 03 14	1.34	1.29	7.0	7.1	9.5	2.14	-9999.9	3	216	-9999.9	41	-9999.9	3	16.8	3
2026 01 03 15	1.3	1.22	6.8	6.7	9.1	2.19	-9999.9	3	190	-9999.9	48	-9999.9	3	16.9	3
2026 01 03 16	1.72	1.66	6.5	6.3	9.0	2.88	-9999.9	3	212	-9999.9	32	-9999.9	3	16.8	3
2026 01 03 17	1.1	1.05	6.1	6.1	9.4	1.46	-9999.9	3	196	-9999.9	41	-9999.9	3	16.7	3
2026 01 03 18	1.39	1.31	6.6	6.6	9.6	1.83	-9999.9	3	173	-9999.9	54	-9999.9	3	16.7	3
2026 01 03 19	1.46	1.41	6.4	6.5	10.2	2.04	-9999.9	3	216	-9999.9	36	-9999.9	3	16.4	3
2026 01 03 20	1.5	1.45	7.1	7.2	10.9	2.01	-9999.9	3	212	-9999.9	33	-9999.9	3	16.6	3
2026 01 03 21	1.24	1.18	7.2	7.2	11.1	1.86	-9999.9	3	217	-9999.9	29	-9999.9	3	16.5	3
2026 01 03 22	1.11	1.05	6.2	6.2	11.6	1.96	-9999.9	3	202	-9999.9	31	-9999.9	3	16.6	3
2026 01 03 23	1.07	0.91	4.8	5.1	11.6	1.6	-9999.9	3	197	-9999.9	36	-9999.9	3	17.0	3
2026 01 04 00	1.2	1.1	5.9	6.1	10.8	1.76	-9999.9	3	214	-9999.9	34	-9999.9	3	17.2	3
2026 01 04 01	1.22	1.14	6.3	6.3	11.0	2.36	-9999.9	3	207	-9999.9	45	-9999.9	3	17.1	3
2026 01 04 02	1.28	1.25	6.9	6.6	10.5	1.85	-9999.9	3	206	-9999.9	43	-9999.9	3	17.0	3
2026 01 04 03	1.11	1.07	7.0	6.6	10.2	1.54	-9999.9	3	160	-9999.9	60	-9999.9	3	16.7	3
2026 01 04 04	1.39	1.34	7.4	7.2	9.5	2.02	-9999.9	3	183	-9999.9	51	-9999.9	3	16.8	3
2026 01 04 05	1.26	1.22	6.6	6.2	10.8	2.09	-9999.9	3	177	-9999.9	54	-9999.9	3	16.7	3
2026 01 04 06	1.5	1.43	7.4	6.9	10.9	2.56	-9999.9	3	212	-9999.9	32	-9999.9	3	16.7	3
2026 01 04 07	1.49	1.42	7.1	6.8	10.7	2.42	-9999.9	3	210	-9999.9	37	-9999.9	3	16.7	3
2026 01 04 08	1.39	1.34	6.7	6.6	11.6	2.04	-9999.9	3	221	-9999.9	33	-9999.9	3	16.9	3
2026 01 04 09	1.1	1.01	5.7	5.9	10.9	1.66	-9999.9	3	198	-9999.9	41	-9999.9	3	17.0	3
2026 01 04 10	1.06	0.97	5.2	5.3	11.4	1.71	-9999.9	3	176	-9999.9	48	-9999.9	3	17.0	3
2026 01 04 11	1.16	1.12	5.8	5.5	10.7	1.74	-9999.9	3	168	-9999.9	40	-9999.9	3	17.2	3
2026 01 04 12	1.54	1.47	5.3	5.7	7.0	2.82	-9999.9	3	127	-9999.9	38	-9999.9	3	17.2	3
2026 01 04 13	1.61	1.53	6.0	5.8	9.5	2.82	-9999.9	3	178	-9999.9	44	-9999.9	3	17.2	3
2026 01 04 14	1.92	1.8	5.5	5.4	8.7	2.98	-9999.9	3	185	-9999.9	52	-9999.9	3	17.2	3
2026 01 04 15	2.01	1.93	5.6	5.6	7.9	3.25	-9999.9	3	165	-9999.9	52	-9999.9	3	17.1	3
2026 01 04 16	2.0	1.9	5.3	5.1	8.0	3.27	-9999.9	3	202	-9999.9	44	-9999.9	3	16.6	3
2026 01 04 17	1.83	1.73	5.6	5.5	7.5	2.76	-9999.9	3	171	-9999.9	54	-9999.9	3	-9999.9	-9999.9
2026 01 04 19	1.12	1.04	4.3	4.5	7.1	1.66	-9999.9	3	172	-9999.9	58	-9999.9	3	16.5	3
2026 01 04 20	1.28	1.16	5.1	5.1	7.5	1.92	-9999.9	3	213	-9999.9	46	-9999.9	3	16.4	3
2026 01 04 21	1.0	0.97	5.2	5.0	8.9	1.75	-9999.9	3	219	-9999.9	39	-9999.9	3	17.0	3
2026 01 04 22	1.14	1.09	5.6	5.4	9.8	1.52	-9999.9	3	210	-9999.9	40	-9999.9	3	17.0	3
2026 01 04 23	1.04	0.99	5.2	5.2	7.9	1.62	-9999.9	3	194	-9999.9	48	-9999.9	3	16.9	3
2026 01 05 00	1.23	1.15	6.6	6.6	10.4	1.9	-9999.9	3	241	-9999.9	49	-9999.9	3	16.6	3
2026 01 05 01	1.22	1.17	7.0	6.4	10.1	1.69	-9999.9	3	225	-9999.9	47	-9999.9	3	16.7	3
2026 01 05 02	1.34	1.3	6.2	6.3	9.0	2.14	-9999.9	3	228	-9999.9	37	-9999.9	3	16.7	3
2026 01 05 03	1.1	1.08	6.3	6.3	9.1	1.87	-9999.9	3	207	-9999.9	48	-9999.9	3	16.6	3
2026 01 05 04	1.06	1.03	6.9	6.4	9.3	1.62	-9999.9	3	175	-9999.9	59	-9999.9	3	16.6	3
2026 01 05 05	0.98	0.91	5.7	5.7	8.9	1.41	-9999.9	3	171	-9999.9	53	-9999.9	3	16.5	3
2026 01 05 06	0.92	0.86	5.6	5.5	8.1	1.38	-9999.9	3	146	-9999.9	57	-9999.9	3	16.6	3
2026 01 05 07	0.93	0.89	5.7	5.5	10.1	1.43	-9999.9	3	215	-9999.9	42	-9999.9	3	16.6	3
2026 01 05 08	0.99	0.91	6.0	5.9	9.9	1.44	-9999.9	3	213	-9999.9	44	-9999.9	3	16.8	3
2026 01 05 09	0.7	0.67	5.2	5.4	8.8	1.18	-9999.9	3	218	-9999.9	51	-9999.9	3	16.9	3
2026 01 05 10	0.69	0.66	5.7	6.0	7.7	1.14	-9999.9	3	133	-9999.9	45	-9999.9	3	16.9	3
2026 01 05 11	0.66	0.63	4.9	5.7	7.4	0.97	-9999.9	3	106	-9999.9	45	-9999.9	3	17.1	3
2026 01 05 12	0.64	0.62	4.7	4.9	7.1	0.96	-9999.9	3	116	-9999.9	46	-9999.9	3	17.2	3
2026 01 05 13	0.61	0.59	5.2	5.6	9.2	0.96	-9999.9	3	187	-9999.9	45	-9999.9	3	17.3	3
2026 01 05 14	0.65	0.61	4.6	5.6	9.1	1.01	-9999.9	3	208	-9999.9	43	-9999.9	3	17.3	3
2026 01 05 15	0.7	0.64	3.9	4.4	9.0	1.04	-9999.9	3	230	-9999.9	39	-9999.9	3	17.1	3
2026 01 05 16	0.69	0.63	4.0	4.6	8.7	1.02	-9999.9	3	216	-9999.9	43	-9999.9	3	17.0	3
2026 01 05 17	0.97	0.92	4.8	5.2	8.2	1.6	-9999.9	3	217	-9999.9	34	-9999.9	3	17.0	3
2026 01 05 18	1.42	1.35	5.2	4.9	6.9	2.3	-9999.9	3	222	-9999.9	28	-9999.9	3	16.9	3
2026 01 05 19	1.25	1.2	4.9	4.8	6.0	1.99	-9999.9	3	218	-9999.9	34	-9999.9	3	16.8	3
2026 01 05 20	1.13	1.07	5.3	5.2	7.0	1.74	-9999.9	3	215	-9999.9	42	-9999.9	3	16.6	3
2026 01 05 21	1.27	1.2	5.2	5.2	6.3	1.8	-9999.9	3	219	-9999.9	39	-9999.9	3	16.7	3
2026 01 05 22	0.56	0.53	4.2	4.7	7.9	1.15	-9999.9	3	200	-9999.9	55	-9999.9	3	16.7	3
2026 01 05 23	0.57	0.54	3.9	4.1	7.9	0.95	-9999.9	3	213	-9999.9	52	-9999.9	3	16.9	3
2026 01 06 00	0.55	0.53	5.3	5.5	8.6	0.79	-9999.9	3	211	-9999.9	52	-9999.9	3	16.8	3
2026 01 06 01	0.64	0.61	4.7	5.0	8.7	1.27	-9999.9	3	224	-9999.9	43	-9999.9	3	16.8	3
2026 01 06 02	0.71	0.69	5.3	5.3	8.0	1.06	-9999.9	3	221	-9999.9	43	-9999.9	3	16.8	3
2026 01 06 03	0.87	0.83	5.2	5.3	6.9	1.37	-9999.9	3	201	-9999.9	47	-9999.9	3	16.8	3
2026 01 06 04	0.85	0.82	5.4	5.2	7.7	1.33	-9999.9	3	176	-9999.9	47	-9999.9	3	16.6	3
2026 01 06 05	0.95	0.91	5.7	5.6	7.2	1.83	-9999.9	3	156	-9999.9	57	-9999.9	3	16.5	3
2026 01 06 06	1.02	0.99	5.5	5.3	6.8	1.77	-9999.9	3	145	-9999.9	56	-9999.9	3	16.3	3
2026 01 06 07	0.77	0.74	4.6	4.7	6.8	1.41	-9999.9	3	149	-9999.9	59	-9999.9	3	16.4	3
2026 01 06 08	0.73	0.69	4.5	4.5	6.2	1.28	-9999.9	3	228	-9999.9	55	-9999.9	3	16.4	3
2026 01 06 09	0.75	0.69	4.3	4.3	6.6	1.19	-9999.9	3	234	-9999.9	42	-9999.9	3	16.7	3
2026 01 06 10	0.56	0.53	3.9	4.1	7.4	0.92	-9999.9	3	227	-9999.9	45	-9999.9	3	16.7	3
2026 01 06 11	0.57	0.51	3.3	3.7	7.7	0.84	-9999.9	3	207	-9999.9	50	-9999.9	3	16.7	3
2026 01 06 12	0.41	0.38	3.2	3.8	7.9	0.65	-9999.9	3	179	-9999.9	62	-9999.9	3	16.8	3
2026 01 06 13	0.47	0.44	4.2	5.1	7.9	0.96	-9999.9	3	143	-9999.9	57	-9999.9	3	17.0	3
2026 01 06 14	0.48	0.45	4.3	5.0	8.2	0.81	-9999.9	3	178	-9999.9	55	-9999.9	3	16.9	3
2026 01 06 15	0.51	0.48	4.1	5.4	7.1	0.75	-9999.9	3	189	-9999.9	53	-9999.9	3	16.9	3
2026 01 06 16	0.53	0.5	4.4	5.2	6.5	0.93	-9999.9	3	196	-9999.9	47	-9999.9	3	16.7	3
2026 01 06 17	0.5	0.49	5.0	5.3	7.5	0.87	-9999.9	3	187	-9999.9	56	-9999.9	3	16.7	3
2026 01 06 18	0.59	0.57	4.6	4.6	5.9	0.94	-9999.9	3	198	-9999.9	44	-9999.9	3	16.3	3
2026 01 06 19	0.64	0.61	4.6	4.6	5.4	1.11	-9999.9	3	187	-9999.9	49	-9999.9	3	16.1	3
2026 01 06 20	0.55	0.52	4.4	4.5	5.4	0.81	-9999.9	3	157	-9999.9	54	-9999.9	3	16.2	3
2026 01 06 21	0.56	0.53	4.5	4.5	8.6	0.9	-9999.9	3	200	-9999.9	54	-9999.9	3	16.0	3
2026 01 06 22	0.71	0.66	4.9	4.9	5.7	1.17	-9999.9	3	223	-9999.9	53	-9999.9	3	16.3	3
2026 01 06 23	0.33	0.31	4.3	4.3	6.8	0.54	-9999.9	3	191	-9999.9	65	-9999.9	3	16.4	3
2026 01 07 00	0.35	0.32	4.8	4.8	8.9	0.56	-9999.9	3	142	-9999.9	55	-9999.9	3	16.6	3
2026 01 07 01	0.34	0.31	5.0	5.1	18.1	0.48	-9999.9	3	222	-9999.9	60	-9999.9	3	16.4	3
2026 01 07 02	0.42	0.39	5.6	5.5	5.8	0.61	-9999.9	3	231	-9999.9	49	-9999.9	3	16.5	3
2026 01 07 03	0.38	0.36	4.7	4.7	5.8	0.53	-9999.9	3	223	-9999.9	40	-9999.9	3	16.5	3
2026 01 07 04	0.45	0.43	4.2	4.2	6.6	0.68	-9999.9	3	198	-9999.9	43	-9999.9	3	16.5	3
2026 01 07 05	0.39	0.37	3.8	3.9	5.2	0.54	-9999.9	3	190	-9999.9	48	-9999.9	3	16.5	3
2026 01 07 06	0.39	0.37	3.6	3.7	5.2	0.55	-9999.9	3	198	-9999.9	53	-9999.9	3	16.3	3
2026 01 07 07	0.39	0.37	4.6	4.7	6.3	0.61	-9999.9	3	124	-9999.9	60	-9999.9	3	16.1	3
2026 01 07 08	0.45	0.43	3.7	3.8	5.2	0.87	-9999.9	3	198	-9999.9	53	-9999.9	3	16.1	3
2026 01 07 09	0.46	0.42	3.7	4.0	7.4	1.07	-9999.9	3	228	-9999.9	48	-9999.9	3	16.1	3
2026 01 07 10	0.36	0.33	3.6	3.9	7.3	0.57	-9999.9	3	198	-9999.9	60	-9999.9	3	16.5	3
2026 01 07 11	0.33	0.31	3.3	3.7	7.7	0.47	-9999.9	3	140	-9999.9	57	-9999.9	3	16.6	3
2026 01 07 12	0.37	0.33	2.9	3.3	10.8	0.64	-9999.9	3	138	-9999.9	56	-9999.9	3	16.7	3
2026 01 07 13	0.43	0.38	2.8	3.2	9.7	0.86	-9999.9	3	196	-9999.9	49	-9999.9	3	17.0	3
2026 01 07 14	0.44	0.42	2.4	2.7	2.9	0.67	-9999.9	3	220	-9999.9	43	-9999.9	3	17.0	3
2026 01 07 15	0.43	0.42	2.7	2.9	3.0	0.77	-9999.9	3	228	-9999.9	38	-9999.9	3	16.9	3
2026 01 07 16	0.44	0.41	3.0	3.2	5.8	0.76	-9999.9	3	219	-9999.9	41	-9999.9	3	16.8	3
2026 01 07 17	0.49	0.44	3.3	3.6	17.3	0.66	-9999.9	3	204	-9999.9	47	-9999.9	3	16.7	3
2026 01 07 18	0.44	0.4	3.2	3.5	4.6	0.74	-9999.9	3	203	-9999.9	49	-9999.9	3	16.3	3
2026 01 07 19	0.44	0.42	3.5	3.7	4.5	0.66	-9999.9	3	186	-9999.9	54	-9999.9	3	16.3	3
2026 01 07 20	0.55	0.52	3.0	3.1	3.7	0.97	-9999.9	3	200	-9999.9	43	-9999.9	3	16.1	3
2026 01 07 21	0.5	0.48	3.1	3.2	3.7	0.73	-9999.9	3	175	-9999.9	55	-9999.9	3	16.0	3
2026 01 07 22	0.63	0.6	3.1	3.1	3.3	0.95	-9999.9	3	208	-9999.9	44	-9999.9	3	16.0	3
2026 01 07 23	0.61	0.59	2.8	2.9	3.0	1.0	-9999.9	3	212	-9999.9	39	-9999.9	3	16.2	3
2026 01 08 00	0.63	0.6	2.7	2.8	4.6	1.03	-9999.9	3	221	-9999.9	40	-9999.9	3	16.6	3
2026 01 08 01	0.77	0.74	3.0	3.1	3.6	1.23	-9999.9	3	225	-9999.9	31	-9999.9	3	16.6	3
2026 01 08 02	0.9	0.87	3.2	3.2	4.0	1.55	-9999.9	3	220	-9999.9	29	-9999.9	3	16.5	3
2026 01 08 03	0.98	0.95	3.2	3.3	4.1	1.7	-9999.9	3	220	-9999.9	32	-9999.9	3	16.6	3
2026 01 08 04	0.86	0.84	3.4	3.4	4.8	1.32	-9999.9	3	221	-9999.9	38	-9999.9	3	16.6	3
2026 01 08 05	0.76	0.71	3.3	3.3	4.8	1.15	-9999.9	3	226	-9999.9	41	-9999.9	3	16.6	3
2026 01 08 06	0.74	0.69	3.3	3.4	4.7	1.34	-9999.9	3	196	-9999.9	42	-9999.9	3	16.4	3
2026 01 08 07	0.61	0.59	3.3	3.3	4.2	0.93	-9999.9	3	186	-9999.9	51	-9999.9	3	16.3	3
2026 01 08 08	0.84	0.8	3.3	3.4	3.9	1.43	-9999.9	3	193	-9999.9	46	-9999.9	3	16.3	3
2026 01 08 09	0.95	0.91	3.2	3.4	3.6	1.49	-9999.9	3	204	-9999.9	39	-9999.9	3	16.2	3
2026 01 08 10	0.7	0.66	3.1	3.1	3.3	1.16	-9999.9	3	200	-9999.9	38	-9999.9	3	16.1	3
2026 01 08 11	0.51	0.49	2.8	2.9	3.4	0.79	-9999.9	3	196	-9999.9	42	-9999.9	3	16.2	3
2026 01 08 12	0.38	0.36	2.8	2.9	3.2	0.61	-9999.9	3	193	-9999.9	47	-9999.9	3	16.3	3
2026 01 08 13	0.35	0.31	3.4	3.9	9.4	0.55	-9999.9	3	197	-9999.9	55	-9999.9	3	16.8	3
2026 01 08 14	0.26	0.24	3.1	4.2	7.7	0.42	-9999.9	3	174	-9999.9	57	-9999.9	3	17.0	3
2026 01 08 15	0.26	0.25	2.6	3.3	5.2	0.49	-9999.9	3	205	-9999.9	52	-9999.9	3	17.0	3
2026 01 08 16	0.31	0.29	3.0	4.2	4.3	0.82	-9999.9	3	184	-9999.9	45	-9999.9	3	16.9	3
2026 01 08 17	0.34	0.3	3.4	4.3	9.8	0.6	-9999.9	3	202	-9999.9	55	-9999.9	3	16.9	3
2026 01 08 18	0.32	0.3	3.8	4.0	6.3	0.51	-9999.9	3	201	-9999.9	51	-9999.9	3	16.6	3
2026 01 08 19	0.29	0.26	4.3	4.5	7.4	0.37	-9999.9	3	191	-9999.9	58	-9999.9	3	16.5	3
2026 01 08 20	0.35	0.33	3.6	3.8	4.8	0.62	-9999.9	3	200	-9999.9	45	-9999.9	3	16.2	3
2026 01 08 21	0.39	0.36	3.7	3.8	8.9	0.72	-9999.9	3	205	-9999.9	41	-9999.9	3	16.0	3
2026 01 08 22	0.35	0.31	3.7	4.0	5.9	0.51	-9999.9	3	173	-9999.9	58	-9999.9	3	16.0	3
2026 01 08 23	0.29	0.28	3.0	3.2	4.4	0.43	-9999.9	3	205	-9999.9	47	-9999.9	3	15.8	3
2026 01 09 00	0.24	0.23	2.9	3.1	5.9	0.38	-9999.9	3	231	-9999.9	49	-9999.9	3	16.1	3
2026 01 09 01	0.21	0.21	2.5	2.9	3.7	0.38	-9999.9	3	237	-9999.9	51	-9999.9	3	16.4	3
2026 01 09 02	0.35	0.33	2.8	3.1	3.6	0.5	-9999.9	3	232	-9999.9	32	-9999.9	3	16.4	3
2026 01 09 03	0.29	0.28	2.8	3.2	4.3	0.55	-9999.9	3	209	-9999.9	47	-9999.9	3	16.4	3
2026 01 09 04	0.35	0.33	2.9	3.0	4.1	0.55	-9999.9	3	220	-9999.9	47	-9999.9	3	16.2	3
2026 01 09 05	0.28	0.27	3.4	3.8	4.0	0.49	-9999.9	3	213	-9999.9	43	-9999.9	3	16.4	3
2026 01 09 06	0.32	0.29	3.2	3.3	4.8	0.45	-9999.9	3	205	-9999.9	42	-9999.9	3	16.3	3
2026 01 09 07	0.32	0.28	4.3	4.3	12.1	0.51	-9999.9	3	170	-9999.9	63	-9999.9	3	16.5	3
2026 01 09 08	0.35	0.31	4.1	4.3	7.5	0.52	-9999.9	3	154	-9999.9	58	-9999.9	3	16.2	3
2026 01 09 09	0.37	0.33	3.8	4.1	8.8	0.54	-9999.9	3	165	-9999.9	50	-9999.9	3	15.9	3
2026 01 09 10	0.39	0.35	2.6	2.9	21.8	0.54	-9999.9	3	154	-9999.9	56	-9999.9	3	16.1	3
2026 01 09 11	0.46	0.42	2.5	2.6	3.8	0.75	-9999.9	3	171	-9999.9	47	-9999.9	3	16.3	3
2026 01 09 12	0.5	0.47	2.4	2.5	2.8	0.8	-9999.9	3	207	-9999.9	44	-9999.9	3	16.4	3
2026 01 09 13	0.53	0.49	2.5	2.6	8.6	0.92	-9999.9	3	198	-9999.9	45	-9999.9	3	16.6	3
2026 01 09 14	0.7	0.68	2.6	2.7	3.3	1.13	-9999.9	3	217	-9999.9	30	-9999.9	3	16.4	3
2026 01 09 15	0.66	0.63	2.7	2.8	3.6	1.24	-9999.9	3	218	-9999.9	33	-9999.9	3	16.6	3
2026 01 09 16	0.75	0.71	2.9	3.1	4.3	1.3	-9999.9	3	224	-9999.9	34	-9999.9	3	16.8	3
2026 01 09 17	0.76	0.71	3.0	3.2	5.1	1.19	-9999.9	3	218	-9999.9	37	-9999.9	3	16.8	3
2026 01 09 18	0.8	0.76	3.2	3.4	4.8	1.41	-9999.9	3	215	-9999.9	37	-9999.9	3	16.5	3
2026 01 09 19	0.72	0.7	3.4	3.5	4.7	1.08	-9999.9	3	210	-9999.9	34	-9999.9	3	16.3	3
2026 01 09 20	0.72	0.7	3.4	3.6	4.3	1.1	-9999.9	3	210	-9999.9	37	-9999.9	3	16.2	3
2026 01 09 21	0.95	0.91	3.3	3.4	4.4	1.5	-9999.9	3	198	-9999.9	30	-9999.9	3	16.0	3
2026 01 09 22	0.83	0.79	3.5	3.6	4.5	1.55	-9999.9	3	199	-9999.9	44	-9999.9	3	16.1	3
2026 01 09 23	0.8	0.78	3.5	3.7	4.3	1.31	-9999.9	3	185	-9999.9	51	-9999.9	3	16.1	3
2026 01 10 00	0.52	0.49	3.5	3.5	4.3	0.88	-9999.9	3	166	-9999.9	58	-9999.9	3	16.1	3
2026 01 10 01	0.47	0.43	3.7	3.7	5.5	0.73	-9999.9	3	209	-9999.9	55	-9999.9	3	16.4	3
2026 01 10 02	0.39	0.36	4.3	4.2	5.6	0.5	-9999.9	3	187	-9999.9	66	-9999.9	3	16.8	3
2026 01 10 03	0.35	0.33	3.8	4.0	5.8	0.59	-9999.9	3	199	-9999.9	54	-9999.9	3	16.7	3
2026 01 10 04	0.38	0.36	4.0	4.0	5.4	0.6	-9999.9	3	219	-9999.9	50	-9999.9	3	16.6	3
2026 01 10 05	0.38	0.36	3.6	3.7	4.8	0.62	-9999.9	3	227	-9999.9	42	-9999.9	3	16.6	3
2026 01 10 06	0.4	0.36	3.8	3.8	5.5	0.64	-9999.9	3	218	-9999.9	45	-9999.9	3	16.5	3
2026 01 10 07	0.46	0.42	4.0	4.1	5.9	0.66	-9999.9	3	205	-9999.9	50	-9999.9	3	16.5	3
2026 01 10 08	0.42	0.36	4.5	4.3	26.1	0.64	-9999.9	3	189	-9999.9	60	-9999.9	3	16.3	3
2026 01 10 09	0.56	0.5	4.1	4.5	7.4	0.76	-9999.9	3	181	-9999.9	62	-9999.9	3	16.1	3
2026 01 10 10	0.54	0.5	3.7	4.1	6.5	0.85	-9999.9	3	172	-9999.9	61	-9999.9	3	16.0	3
2026 01 10 11	0.49	0.46	4.0	4.0	5.0	0.71	-9999.9	3	154	-9999.9	58	-9999.9	3	16.1	3
2026 01 10 12	0.43	0.4	3.7	3.8	4.9	0.69	-9999.9	3	174	-9999.9	61	-9999.9	3	16.4	3
2026 01 10 13	0.43	0.39	3.3	3.7	8.9	0.7	-9999.9	3	206	-9999.9	49	-9999.9	3	16.4	3
2026 01 10 14	0.35	0.31	3.0	3.5	10.0	0.52	-9999.9	3	196	-9999.9	60	-9999.9	3	16.6	3
2026 01 10 15	0.3	0.25	2.8	3.5	26.3	0.39	-9999.9	3	143	-9999.9	62	-9999.9	3	16.6	3
2026 01 10 16	0.29	0.27	2.5	2.8	10.6	0.44	-9999.9	3	203	-9999.9	47	-9999.9	3	16.3	3
2026 01 10 17	0.46	0.39	3.5	3.9	7.3	0.82	-9999.9	3	231	-9999.9	49	-9999.9	3	16.6	3
2026 01 10 18	0.33	0.29	3.4	3.7	15.2	0.53	-9999.9	3	216	-9999.9	60	-9999.9	3	16.8	3
2026 01 10 19	0.35	0.33	3.8	3.8	7.5	0.56	-9999.9	3	184	-9999.9	51	-9999.9	3	16.7	3
2026 01 10 20	0.32	0.3	3.3	3.6	7.6	0.49	-9999.9	3	190	-9999.9	46	-9999.9	3	16.3	3
2026 01 10 21	0.39	0.36	4.4	4.3	9.2	0.6	-9999.9	3	157	-9999.9	60	-9999.9	3	16.3	3
2026 01 10 22	0.38	0.35	4.2	4.4	9.1	0.57	-9999.9	3	163	-9999.9	62	-9999.9	3	16.2	3
2026 01 10 23	0.41	0.37	4.4	4.4	8.2	0.63	-9999.9	3	155	-9999.9	61	-9999.9	3	16.2	3
2026 01 11 00	0.37	0.33	4.2	4.3	9.0	0.61	-9999.9	3	151	-9999.9	63	-9999.9	3	16.1	3
2026 01 11 01	0.33	0.29	3.9	4.0	8.2	0.6	-9999.9	3	171	-9999.9	64	-9999.9	3	16.3	3
2026 01 11 02	0.28	0.24	4.6	4.7	17.7	0.41	-9999.9	3	143	-9999.9	63	-9999.9	3	16.3	3
2026 01 11 03	0.29	0.24	4.6	4.6	23.1	0.44	-9999.9	3	173	-9999.9	64	-9999.9	3	16.3	3
2026 01 11 04	0.3	0.26	4.3	4.3	19.1	0.41	-9999.9	3	155	-9999.9	64	-9999.9	3	16.3	3
2026 01 11 05	0.28	0.25	3.7	4.0	10.7	0.44	-9999.9	3	178	-9999.9	55	-9999.9	3	16.3	3
2026 01 11 06	0.31	0.28	4.4	4.3	21.7	0.45	-9999.9	3	175	-9999.9	62	-9999.9	3	16.2	3
2026 01 11 07	0.35	0.31	3.7	3.9	12.9	0.51	-9999.9	3	144	-9999.9	58	-9999.9	3	16.3	3
2026 01 11 08	0.34	0.31	3.4	3.8	6.9	0.57	-9999.9	3	189	-9999.9	50	-9999.9	3	16.1	3
2026 01 11 09	0.36	0.32	4.0	4.4	8.3	0.76	-9999.9	3	174	-9999.9	49	-9999.9	3	16.0	3
2026 01 11 10	0.33	0.28	3.8	3.9	9.7	0.47	-9999.9	3	171	-9999.9	61	-9999.9	3	16.2	3
2026 01 11 11	0.36	0.32	3.8	3.8	11.6	0.49	-9999.9	3	170	-9999.9	59	-9999.9	3	16.2	3
2026 01 11 12	0.34	0.3	3.4	3.6	7.5	0.61	-9999.9	3	168	-9999.9	61	-9999.9	3	16.2	3
2026 01 11 13	0.37	0.33	3.8	4.4	9.2	0.78	-9999.9	3	190	-9999.9	50	-9999.9	3	16.1	3
2026 01 11 14	0.29	0.26	3.2	3.4	10.0	0.54	-9999.9	3	158	-9999.9	58	-9999.9	3	16.1	3
2026 01 11 15	0.26	0.24	3.0	3.4	8.0	0.43	-9999.9	3	163	-9999.9	62	-9999.9	3	16.2	3
2026 01 11 16	0.3	0.29	3.0	3.3	6.6	0.53	-9999.9	3	177	-9999.9	56	-9999.9	3	16.2	3
2026 01 11 17	0.39	0.36	3.2	3.6	9.6	0.72	-9999.9	3	210	-9999.9	40	-9999.9	3	16.2	3
2026 01 11 18	0.38	0.35	3.3	3.6	6.9	0.64	-9999.9	3	199	-9999.9	44	-9999.9	3	16.1	3
2026 01 11 19	0.29	0.27	3.4	3.6	5.6	0.49	-9999.9	3	153	-9999.9	49	-9999.9	3	16.1	3
2026 01 11 20	0.25	0.23	3.5	3.6	7.3	0.37	-9999.9	3	170	-9999.9	53	-9999.9	3	16.2	3
2026 01 11 21	0.34	0.31	3.6	3.6	10.0	0.55	-9999.9	3	203	-9999.9	45	-9999.9	3	16.1	3
2026 01 11 22	0.3	0.27	4.3	4.3	8.3	0.67	-9999.9	3	148	-9999.9	62	-9999.9	3	16.0	3
2026 01 11 23	0.33	0.29	4.9	5.0	16.5	0.55	-9999.9	3	151	-9999.9	60	-9999.9	3	16.1	3
2026 01 12 00	0.37	0.33	4.3	4.3	13.1	0.62	-9999.9	3	143	-9999.9	59	-9999.9	3	16.0	3
2026 01 12 01	0.36	0.31	4.3	4.5	11.8	0.52	-9999.9	3	143	-9999.9	61	-9999.9	3	16.2	3
2026 01 12 02	0.33	0.29	4.0	3.9	28.1	0.51	-9999.9	3	146	-9999.9	63	-9999.9	3	16.2	3
2026 01 12 03	0.32	0.26	3.7	3.7	17.6	0.49	-9999.9	3	132	-9999.9	64	-9999.9	3	16.5	3
2026 01 12 04	0.32	0.29	3.3	3.3	14.2	0.42	-9999.9	3	100	-9999.9	54	-9999.9	3	16.7	3
2026 01 12 05	0.36	0.34	2.9	3.0	3.2	0.63	-9999.9	3	78	-9999.9	38	-9999.9	3	16.6	3
2026 01 12 06	0.37	0.34	2.7	2.8	3.2	0.62	-9999.9	3	80	-9999.9	41	-9999.9	3	16.6	3
2026 01 12 07	0.34	0.32	2.7	2.8	3.2	0.5	-9999.9	3	90	-9999.9	41	-9999.9	3	16.5	3
2026 01 12 08	0.37	0.35	2.9	2.9	3.3	0.61	-9999.9	3	90	-9999.9	39	-9999.9	3	16.5	3
2026 01 12 09	0.43	0.41	3.1	3.2	3.6	0.81	-9999.9	3	94	-9999.9	39	-9999.9	3	16.5	3
2026 01 12 10	0.45	0.43	3.3	3.2	3.4	0.78	-9999.9	3	84	-9999.9	39	-9999.9	3	16.5	3
2026 01 12 11	0.37	0.34	3.2	3.3	3.5	0.6	-9999.9	3	69	-9999.9	43	-9999.9	3	16.3	3
2026 01 12 12	0.36	0.34	2.9	3.0	3.7	0.57	-9999.9	3	79	-9999.9	38	-9999.9	3	16.3	3
2026 01 12 13	0.34	0.31	3.0	3.2	9.1	0.6	-9999.9	3	123	-9999.9	51	-9999.9	3	16.3	3
2026 01 12 14	0.56	0.54	3.6	3.6	3.9	0.84	-9999.9	3	76	-9999.9	39	-9999.9	3	16.4	3
2026 01 12 15	0.5	0.48	3.3	3.3	3.8	0.79	-9999.9	3	66	-9999.9	33	-9999.9	3	16.3	3
2026 01 12 16	0.42	0.39	2.9	3.0	3.6	0.64	-9999.9	3	76	-9999.9	32	-9999.9	3	16.3	3
2026 01 12 17	0.49	0.45	3.0	3.2	8.8	0.77	-9999.9	3	102	-9999.9	35	-9999.9	3	16.2	3
2026 01 12 18	0.41	0.4	2.7	2.8	3.4	0.6	-9999.9	3	95	-9999.9	44	-9999.9	3	16.2	3
2026 01 12 19	0.38	0.35	2.7	2.8	3.3	0.6	-9999.9	3	91	-9999.9	40	-9999.9	3	16.4	3
2026 01 12 20	0.31	0.29	2.7	2.9	3.5	0.55	-9999.9	3	115	-9999.9	48	-9999.9	3	16.3	3
2026 01 12 21	0.3	0.28	2.9	3.3	9.4	0.5	-9999.9	3	156	-9999.9	52	-9999.9	3	16.3	3
2026 01 12 22	0.37	0.33	3.3	3.4	4.6	0.59	-9999.9	3	99	-9999.9	43	-9999.9	3	16.5	3
2026 01 12 23	0.35	0.32	3.3	3.3	6.7	0.5	-9999.9	3	87	-9999.9	41	-9999.9	3	16.2	3
2026 01 13 00	0.31	0.29	2.8	3.0	5.0	0.46	-9999.9	3	105	-9999.9	53	-9999.9	3	16.2	3
2026 01 13 01	0.45	0.41	3.2	3.2	4.0	0.71	-9999.9	3	107	-9999.9	52	-9999.9	3	16.1	3
2026 01 13 02	0.4	0.38	3.4	3.4	4.1	0.68	-9999.9	3	88	-9999.9	54	-9999.9	3	16.1	3
2026 01 13 03	0.52	0.49	3.7	3.6	3.9	0.74	-9999.9	3	77	-9999.9	44	-9999.9	3	16.1	3
2026 01 13 04	0.54	0.5	3.6	3.7	3.8	0.87	-9999.9	3	75	-9999.9	42	-9999.9	3	16.3	3
2026 01 13 05	0.48	0.46	3.1	3.1	3.7	0.82	-9999.9	3	79	-9999.9	36	-9999.9	3	16.4	3
2026 01 13 06	0.46	0.44	2.9	3.0	3.5	0.82	-9999.9	3	97	-9999.9	41	-9999.9	3	16.5	3
2026 01 13 07	0.44	0.42	2.9	3.0	3.6	0.68	-9999.9	3	111	-9999.9	44	-9999.9	3	16.4	3
2026 01 13 08	0.44	0.41	2.8	3.0	3.8	0.61	-9999.9	3	122	-9999.9	45	-9999.9	3	16.4	3
2026 01 13 09	0.5	0.46	3.1	3.2	8.5	0.82	-9999.9	3	137	-9999.9	41	-9999.9	3	16.4	3
2026 01 13 10	0.54	0.51	3.3	3.5	7.9	0.82	-9999.9	3	175	-9999.9	42	-9999.9	3	16.3	3
2026 01 13 11	0.57	0.55	4.0	3.9	5.5	0.87	-9999.9	3	188	-9999.9	44	-9999.9	3	16.2	3
2026 01 13 12	0.56	0.53	3.9	4.2	5.7	0.9	-9999.9	3	203	-9999.9	42	-9999.9	3	16.1	3
2026 01 13 13	0.74	0.71	4.3	4.4	7.1	1.24	-9999.9	3	198	-9999.9	49	-9999.9	3	16.1	3
2026 01 13 14	0.75	0.72	4.6	4.4	7.6	1.18	-9999.9	3	184	-9999.9	51	-9999.9	3	16.1	3
2026 01 13 15	0.83	0.81	4.9	4.6	6.8	1.33	-9999.9	3	162	-9999.9	52	-9999.9	3	16.2	3
2026 01 13 16	0.78	0.72	4.8	4.8	7.5	1.2	-9999.9	3	141	-9999.9	53	-9999.9	3	16.1	3
2026 01 13 17	0.77	0.7	4.8	5.0	8.5	1.19	-9999.9	3	169	-9999.9	55	-9999.9	3	16.9	3
2026 01 13 18	0.81	0.76	5.0	5.1	8.7	1.4	-9999.9	3	195	-9999.9	49	-9999.9	3	16.8	3
2026 01 13 19	0.77	0.73	4.5	4.5	8.9	1.27	-9999.9	3	211	-9999.9	48	-9999.9	3	16.5	3
2026 01 13 20	0.76	0.71	4.4	4.5	8.8	1.23	-9999.9	3	213	-9999.9	48	-9999.9	3	16.6	3
2026 01 13 21	0.97	0.92	4.7	4.9	9.0	1.84	-9999.9	3	225	-9999.9	39	-9999.9	3	16.5	3
2026 01 13 22	1.04	0.97	4.6	4.7	9.1	1.75	-9999.9	3	223	-9999.9	42	-9999.9	3	16.4	3
2026 01 13 23	0.93	0.89	5.3	5.1	8.7	1.39	-9999.9	3	211	-9999.9	48	-9999.9	3	16.5	3
2026 01 14 00	1.09	1.04	5.3	5.5	8.4	2.04	-9999.9	3	202	-9999.9	44	-9999.9	3	16.3	3
2026 01 14 01	1.16	1.11	5.1	5.2	7.3	1.6	-9999.9	3	195	-9999.9	47	-9999.9	3	16.3	3
2026 01 14 02	1.16	1.08	5.0	5.1	7.7	1.81	-9999.9	3	198	-9999.9	45	-9999.9	3	16.2	3
2026 01 14 03	0.92	0.86	4.7	4.8	8.7	1.37	-9999.9	3	189	-9999.9	48	-9999.9	3	16.1	3
2026 01 14 04	0.78	0.73	5.0	5.0	8.2	1.22	-9999.9	3	183	-9999.9	59	-9999.9	3	16.5	3
2026 01 14 05	0.77	0.71	5.1	5.5	8.4	1.36	-9999.9	3	201	-9999.9	52	-9999.9	3	16.6	3
2026 01 14 06	0.76	0.73	5.5	5.4	9.0	1.09	-9999.9	3	209	-9999.9	48	-9999.9	3	16.6	3
2026 01 14 07	0.72	0.7	5.6	5.8	8.7	1.06	-9999.9	3	213	-9999.9	42	-9999.9	3	16.6	3
2026 01 14 08	0.65	0.6	4.4	4.9	9.7	0.96	-9999.9	3	217	-9999.9	47	-9999.9	3	16.5	3
2026 01 14 09	0.82	0.75	4.9	5.2	8.2	1.25	-9999.9	3	221	-9999.9	41	-9999.9	3	16.6	3
2026 01 14 10	0.88	0.81	5.3	5.7	9.1	1.45	-9999.9	3	218	-9999.9	43	-9999.9	3	16.4	3
2026 01 14 11	0.88	0.83	5.8	6.1	7.7	1.28	-9999.9	3	218	-9999.9	40	-9999.9	3	16.3	3
2026 01 14 12	0.93	0.88	6.3	6.4	8.7	1.23	-9999.9	3	208	-9999.9	44	-9999.9	3	16.5	3
2026 01 14 13	0.98	0.95	6.5	6.1	8.8	1.56	-9999.9	3	213	-9999.9	38	-9999.9	3	16.4	3
2026 01 14 14	1.01	0.97	5.6	5.5	8.5	1.62	-9999.9	3	207	-9999.9	40	-9999.9	3	16.3	3
2026 01 14 15	0.98	0.96	5.9	5.8	7.9	1.46	-9999.9	3	207	-9999.9	40	-9999.9	3	16.3	3
2026 01 14 16	0.91	0.85	6.2	6.2	9.9	1.73	-9999.9	3	204	-9999.9	45	-9999.9	3	16.3	3
2026 01 14 17	0.76	0.71	5.4	5.6	8.0	1.23	-9999.9	3	201	-9999.9	41	-9999.9	3	16.2	3
2026 01 14 18	0.59	0.55	5.3	5.2	8.4	0.87	-9999.9	3	188	-9999.9	54	-9999.9	3	16.2	3
2026 01 14 19	0.48	0.42	5.4	5.5	12.1	0.78	-9999.9	3	157	-9999.9	58	-9999.9	3	16.4	3
2026 01 14 20	0.66	0.63	7.0	6.7	11.3	1.08	-9999.9	3	219	-9999.9	37	-9999.9	3	16.3	3
2026 01 14 21	0.74	0.71	7.3	6.7	12.5	1.11	-9999.9	3	213	-9999.9	38	-9999.9	3	16.3	3
2026 01 14 22	0.77	0.74	7.2	7.1	11.3	1.16	-9999.9	3	229	-9999.9	33	-9999.9	3	16.3	3
2026 01 14 23	0.76	0.72	6.5	6.3	4.1	1.42	-9999.9	3	225	-9999.9	39	-9999.9	3	16.2	3
2026 01 15 00	0.68	0.63	5.5	5.4	3.7	0.89	-9999.9	3	187	-9999.9	49	-9999.9	3	16.3	3
2026 01 15 01	0.48	0.45	6.4	6.1	3.6	0.67	-9999.9	3	160	-9999.9	65	-9999.9	3	16.4	3
2026 01 15 02	0.65	0.6	6.0	6.2	3.6	1.04	-9999.9	3	170	-9999.9	51	-9999.9	3	16.0	3
2026 01 15 03	0.71	0.68	5.5	5.5	4.0	1.02	-9999.9	3	186	-9999.9	46	-9999.9	3	16.0	3
2026 01 15 04	0.54	0.51	5.1	5.0	3.8	0.85	-9999.9	3	175	-9999.9	58	-9999.9	3	16.1	3
2026 01 15 05	0.45	0.42	5.0	5.0	4.3	0.67	-9999.9	3	185	-9999.9	54	-9999.9	3	16.3	3
2026 01 15 06	0.44	0.4	4.3	4.2	5.0	0.69	-9999.9	3	196	-9999.9	54	-9999.9	3	16.4	3
2026 01 15 07	0.41	0.36	4.0	4.1	-9999.9	0.63	-9999.9	3	190	-9999.9	52	-9999.9	3	16.5	3
2026 01 15 08	0.5	0.42	3.3	3.7	3.9	0.81	-9999.9	3	210	-9999.9	44	-9999.9	3	16.4	3
2026 01 15 09	0.57	0.51	3.0	3.1	5.3	0.81	-9999.9	3	213	-9999.9	45	-9999.9	3	16.5	3
2026 01 15 10	0.61	0.55	3.1	3.2	6.4	1.02	-9999.9	3	205	-9999.9	43	-9999.9	3	16.4	3
2026 01 15 11	0.59	0.51	3.1	3.4	6.0	0.83	-9999.9	3	198	-9999.9	48	-9999.9	3	16.8	3
2026 01 15 12	0.68	0.6	3.2	3.4	6.3	1.13	-9999.9	3	203	-9999.9	43	-9999.9	3	16.7	3
2026 01 15 13	0.7	0.63	3.4	3.6	6.3	1.07	-9999.9	3	201	-9999.9	44	-9999.9	3	16.4	3
2026 01 15 14	0.91	0.84	3.7	3.7	6.5	1.26	-9999.9	3	203	-9999.9	37	-9999.9	3	16.3	3
2026 01 15 15	0.85	0.81	3.5	3.6	6.4	1.6	-9999.9	3	196	-9999.9	40	-9999.9	3	16.2	3
2026 01 15 16	0.82	0.75	3.8	3.9	6.3	1.42	-9999.9	3	196	-9999.9	43	-9999.9	3	16.3	3
2026 01 15 17	0.86	0.8	3.4	3.5	6.5	1.37	-9999.9	3	199	-9999.9	39	-9999.9	3	16.2	3
2026 01 15 18	0.59	0.55	3.3	3.2	7.3	0.89	-9999.9	3	198	-9999.9	53	-9999.9	3	16.4	3
2026 01 15 19	0.41	0.37	3.1	3.3	7.0	0.56	-9999.9	3	200	-9999.9	58	-9999.9	3	16.6	3
2026 01 15 20	0.56	0.51	2.9	3.1	7.0	0.81	-9999.9	3	219	-9999.9	46	-9999.9	3	16.8	3
2026 01 15 21	0.63	0.57	3.4	3.6	7.6	0.99	-9999.9	3	226	-9999.9	38	-9999.9	3	16.6	3
2026 01 15 22	0.71	0.65	3.2	3.3	6.7	1.0	-9999.9	3	222	-9999.9	36	-9999.9	3	16.4	3
2026 01 15 23	0.71	0.67	3.1	3.2	4.1	1.05	-9999.9	3	221	-9999.9	41	-9999.9	3	16.8	3
2026 01 16 00	0.96	0.9	3.3	3.4	3.7	1.6	-9999.9	3	220	-9999.9	33	-9999.9	3	16.3	3
2026 01 16 01	0.75	0.69	3.2	3.2	3.6	1.18	-9999.9	3	194	-9999.9	49	-9999.9	3	16.2	3
2026 01 16 02	0.75	0.7	3.1	3.2	3.6	1.0	-9999.9	3	197	-9999.9	46	-9999.9	3	16.1	3
2026 01 16 03	0.92	0.85	3.3	3.5	4.0	1.35	-9999.9	3	193	-9999.9	45	-9999.9	3	16.2	3
2026 01 16 04	1.01	0.96	3.3	3.4	3.8	1.5	-9999.9	3	196	-9999.9	39	-9999.9	3	16.4	3
2026 01 16 05	0.97	0.9	3.3	3.3	4.3	1.47	-9999.9	3	199	-9999.9	42	-9999.9	3	16.4	3
2026 01 16 06	0.98	0.91	3.1	3.2	5.0	1.6	-9999.9	3	206	-9999.9	41	-9999.9	3	16.6	3
2026 01 16 07	-9999.9	-9999.9	-9999.9	-9999.9	-9999.9	-9999.9	-9999.9	3	-9999.9	-9999.9	-9999.9	-9999.9	3	16.5	3
2026 01 16 08	1.07	1.02	3.4	3.4	3.9	1.57	-9999.9	3	211	-9999.9	38	-9999.9	3	16.5	3
2026 01 16 09	0.64	0.58	3.4	3.5	5.3	0.98	-9999.9	3	201	-9999.9	47	-9999.9	3	16.5	3
2026 01 16 10	0.7	0.67	3.4	3.4	6.4	1.17	-9999.9	3	207	-9999.9	45	-9999.9	3	16.5	3
2026 01 16 11	0.94	0.87	3.5	3.5	6.0	1.63	-9999.9	3	214	-9999.9	38	-9999.9	3	16.4	3
2026 01 16 12	0.8	0.74	3.5	3.7	6.3	1.17	-9999.9	3	205	-9999.9	44	-9999.9	3	16.7	3
2026 01 16 13	0.87	0.82	4.0	4.1	6.3	1.22	-9999.9	3	210	-9999.9	42	-9999.9	3	16.4	3
2026 01 16 14	0.87	0.83	4.4	4.5	6.5	1.58	-9999.9	3	206	-9999.9	41	-9999.9	3	16.1	3
2026 01 16 15	0.83	0.77	4.8	4.9	6.4	1.32	-9999.9	3	185	-9999.9	49	-9999.9	3	16.2	3
2026 01 16 16	0.73	0.69	4.3	4.2	6.3	1.22	-9999.9	3	194	-9999.9	49	-9999.9	3	16.2	3
2026 01 16 17	0.75	0.71	4.5	4.5	6.5	1.09	-9999.9	3	192	-9999.9	52	-9999.9	3	16.2	3
2026 01 16 18	0.6	0.57	4.0	4.1	7.3	0.83	-9999.9	3	188	-9999.9	51	-9999.9	3	15.6	3
2026 01 16 19	0.49	0.45	3.8	3.9	7.0	0.73	-9999.9	3	209	-9999.9	56	-9999.9	3	16.4	3
2026 01 16 20	0.52	0.48	4.3	4.4	7.0	0.76	-9999.9	3	217	-9999.9	53	-9999.9	3	16.4	3
2026 01 16 21	0.49	0.45	4.3	4.4	7.6	0.72	-9999.9	3	206	-9999.9	53	-9999.9	3	16.4	3
2026 01 16 22	0.76	0.71	4.7	4.6	6.7	1.24	-9999.9	3	217	-9999.9	36	-9999.9	3	16.2	3
2026 01 16 23	0.67	0.62	4.4	4.5	6.4	0.93	-9999.9	3	220	-9999.9	41	-9999.9	3	16.1	3
2026 01 17 00	0.72	0.68	4.9	4.8	6.6	1.23	-9999.9	3	220	-9999.9	36	-9999.9	3	16.0	3
2026 01 17 01	0.72	0.67	4.4	4.4	6.6	1.07	-9999.9	3	214	-9999.9	40	-9999.9	3	15.8	3
2026 01 17 02	0.62	0.58	5.1	5.0	6.2	0.93	-9999.9	3	176	-9999.9	59	-9999.9	3	16.2	3
2026 01 17 03	0.71	0.69	5.4	5.2	6.2	1.17	-9999.9	3	161	-9999.9	57	-9999.9	3	15.9	3
2026 01 17 04	0.76	0.73	4.7	4.7	5.6	1.1	-9999.9	3	171	-9999.9	56	-9999.9	3	16.1	3
2026 01 17 05	0.69	0.66	4.6	4.6	6.0	1.17	-9999.9	3	160	-9999.9	56	-9999.9	3	16.1	3
2026 01 17 06	0.52	0.49	4.5	4.5	6.1	0.8	-9999.9	3	181	-9999.9	57	-9999.9	3	16.2	3
2026 01 17 07	0.56	0.53	5.0	5.1	7.2	1.03	-9999.9	3	213	-9999.9	47	-9999.9	3	16.2	3
2026 01 17 08	0.57	0.53	4.8	4.9	8.3	0.79	-9999.9	3	216	-9999.9	45	-9999.9	3	16.3	3
2026 01 17 09	0.45	0.42	4.7	5.0	8.5	0.72	-9999.9	3	197	-9999.9	49	-9999.9	3	16.2	3
2026 01 17 10	0.39	0.37	5.2	5.4	10.0	0.65	-9999.9	3	189	-9999.9	57	-9999.9	3	16.4	3
2026 01 17 11	0.41	0.38	5.2	6.0	9.7	0.67	-9999.9	3	195	-9999.9	56	-9999.9	3	16.7	3
2026 01 17 12	0.5	0.48	5.5	5.8	7.4	0.78	-9999.9	3	208	-9999.9	47	-9999.9	3	16.4	3
2026 01 17 13	0.51	0.48	5.1	5.4	8.3	0.76	-9999.9	3	194	-9999.9	54	-9999.9	3	16.8	3
2026 01 17 14	0.63	0.62	5.6	5.6	8.4	1.05	-9999.9	3	194	-9999.9	47	-9999.9	3	16.4	3
2026 01 17 15	0.79	0.73	4.3	4.5	7.9	1.31	-9999.9	3	200	-9999.9	41	-9999.9	3	16.1	3
2026 01 17 16	0.79	0.72	4.5	4.5	8.2	1.29	-9999.9	3	177	-9999.9	55	-9999.9	3	16.1	3
2026 01 17 17	0.87	0.82	4.3	4.4	7.1	1.36	-9999.9	3	183	-9999.9	52	-9999.9	3	16.2	3
2026 01 17 18	0.84	0.78	3.5	3.6	4.0	1.16	-9999.9	3	181	-9999.9	47	-9999.9	3	16.1	3
2026 01 17 19	0.68	0.62	3.4	3.4	13.5	1.0	-9999.9	3	183	-9999.9	57	-9999.9	3	16.1	3
2026 01 17 20	0.74	0.66	3.6	3.7	8.4	1.09	-9999.9	3	211	-9999.9	51	-9999.9	3	16.5	3
2026 01 17 21	0.75	0.67	3.2	3.4	8.3	1.01	-9999.9	3	211	-9999.9	43	-9999.9	3	16.4	3
2026 01 17 22	0.57	0.51	3.2	3.3	7.6	0.9	-9999.9	3	185	-9999.9	46	-9999.9	3	16.2	3
2026 01 17 23	0.73	0.66	3.2	3.4	8.7	1.01	-9999.9	3	207	-9999.9	49	-9999.9	3	16.2	3
2026 01 18 00	0.96	0.91	3.6	3.5	3.8	1.42	-9999.9	3	205	-9999.9	39	-9999.9	3	16.0	3
2026 01 18 01	0.91	0.83	3.4	3.4	3.7	1.46	-9999.9	3	201	-9999.9	44	-9999.9	3	15.9	3
2026 01 18 03	0.66	0.62	4.2	4.2	9.0	1.04	-9999.9	3	172	-9999.9	57	-9999.9	3	16.0	3
2026 01 18 04	0.69	0.63	4.5	4.5	7.6	1.11	-9999.9	3	179	-9999.9	57	-9999.9	3	16.0	3
2026 01 18 05	0.68	0.64	3.7	3.6	4.8	1.19	-9999.9	3	175	-9999.9	52	-9999.9	3	16.2	3
2026 01 18 06	0.54	0.49	3.5	3.7	6.9	0.76	-9999.9	3	184	-9999.9	57	-9999.9	3	16.1	3
2026 01 18 07	0.42	0.38	3.5	3.9	9.8	0.78	-9999.9	3	181	-9999.9	59	-9999.9	3	16.1	3
2026 01 18 08	0.41	0.37	3.8	4.2	6.9	0.64	-9999.9	3	204	-9999.9	51	-9999.9	3	16.3	3
2026 01 18 09	0.34	0.32	4.8	5.1	7.4	0.6	-9999.9	3	191	-9999.9	52	-9999.9	3	16.3	3
2026 01 18 10	0.32	0.29	4.8	5.1	11.5	0.61	-9999.9	3	181	-9999.9	56	-9999.9	3	16.2	3
2026 01 18 11	0.39	0.35	4.5	4.8	10.8	0.62	-9999.9	3	191	-9999.9	43	-9999.9	3	16.3	3
2026 01 18 12	0.51	0.46	3.4	3.5	7.9	0.71	-9999.9	3	155	-9999.9	43	-9999.9	3	16.4	3
2026 01 18 13	0.5	0.45	4.1	4.2	10.5	0.76	-9999.9	3	174	-9999.9	45	-9999.9	3	16.2	3
2026 01 18 14	0.51	0.46	4.5	4.5	10.7	0.75	-9999.9	3	160	-9999.9	51	-9999.9	3	16.3	3
2026 01 18 15	0.54	0.51	4.4	4.4	7.8	0.83	-9999.9	3	156	-9999.9	53	-9999.9	3	15.8	3
2026 01 18 16	0.57	0.54	4.9	5.1	8.7	0.86	-9999.9	3	171	-9999.9	53	-9999.9	3	15.7	3
2026 01 18 17	0.6	0.57	5.1	5.1	8.3	0.89	-9999.9	3	169	-9999.9	50	-9999.9	3	15.8	3
2026 01 18 18	0.54	0.49	5.3	5.4	8.7	0.83	-9999.9	3	133	-9999.9	63	-9999.9	3	16.1	3
2026 01 18 19	0.62	0.58	5.0	5.0	6.8	0.98	-9999.9	3	128	-9999.9	47	-9999.9	3	16.1	3
2026 01 18 20	0.57	0.51	3.7	3.9	4.7	0.87	-9999.9	3	141	-9999.9	49	-9999.9	3	15.5	3
2026 01 18 21	0.42	0.39	3.8	4.0	7.3	0.63	-9999.9	3	89	-9999.9	47	-9999.9	3	15.9	3
2026 01 18 22	0.47	0.44	3.7	3.9	4.4	0.78	-9999.9	3	85	-9999.9	37	-9999.9	3	16.3	3
2026 01 18 23	0.46	0.42	4.5	4.5	6.6	0.65	-9999.9	3	112	-9999.9	39	-9999.9	3	16.3	3
2026 01 19 00	0.47	0.43	4.7	4.8	11.7	0.6	-9999.9	3	149	-9999.9	46	-9999.9	3	16.2	3
2026 01 19 01	0.47	0.45	4.8	4.8	6.4	0.68	-9999.9	3	148	-9999.9	52	-9999.9	3	16.1	3
2026 01 19 02	0.48	0.43	4.3	4.3	7.6	0.71	-9999.9	3	173	-9999.9	54	-9999.9	3	16.0	3
2026 01 19 03	0.56	0.51	5.0	4.9	8.6	0.82	-9999.9	3	171	-9999.9	54	-9999.9	3	15.5	3
2026 01 19 04	0.52	0.47	7.0	6.6	16.8	0.75	-9999.9	3	144	-9999.9	65	-9999.9	3	16.0	3
2026 01 19 05	0.53	0.5	6.3	6.0	8.5	0.95	-9999.9	3	156	-9999.9	62	-9999.9	3	15.8	3
2026 01 19 06	0.43	0.38	4.9	4.9	8.6	0.69	-9999.9	3	138	-9999.9	63	-9999.9	3	15.6	3
2026 01 19 07	0.38	0.34	4.4	4.4	8.6	0.53	-9999.9	3	148	-9999.9	60	-9999.9	3	15.7	3
2026 01 19 08	0.39	0.36	4.3	4.5	8.0	0.64	-9999.9	3	195	-9999.9	57	-9999.9	3	15.9	3
2026 01 19 09	0.41	0.38	3.7	4.4	7.1	0.68	-9999.9	3	197	-9999.9	48	-9999.9	3	16.0	3
2026 01 19 10	0.4	0.36	4.4	4.8	17.5	0.67	-9999.9	3	145	-9999.9	59	-9999.9	3	16.6	3
2026 01 19 11	0.43	0.39	4.6	5.2	9.5	0.65	-9999.9	3	169	-9999.9	51	-9999.9	3	16.7	3
2026 01 19 12	0.45	0.39	4.1	5.6	11.0	0.81	-9999.9	3	176	-9999.9	54	-9999.9	3	16.9	3
2026 01 19 13	0.47	0.43	3.9	4.4	9.8	0.72	-9999.9	3	186	-9999.9	49	-9999.9	3	16.8	3
2026 01 19 14	0.52	0.48	4.5	5.0	9.5	0.77	-9999.9	3	191	-9999.9	52	-9999.9	3	16.9	3
2026 01 19 15	0.57	0.54	3.7	4.1	8.8	1.04	-9999.9	3	206	-9999.9	47	-9999.9	3	16.6	3
2026 01 19 16	0.59	0.55	3.8	4.0	9.0	0.86	-9999.9	3	205	-9999.9	45	-9999.9	3	16.0	3
2026 01 19 17	0.8	0.75	3.9	4.0	9.6	1.24	-9999.9	3	215	-9999.9	38	-9999.9	3	16.0	3
2026 01 19 18	0.81	0.76	3.9	3.9	6.9	1.28	-9999.9	3	208	-9999.9	39	-9999.9	3	15.6	3
2026 01 19 19	0.62	0.58	5.0	4.9	8.8	1.07	-9999.9	3	193	-9999.9	55	-9999.9	3	16.1	3
2026 01 19 20	0.6	0.55	4.3	4.4	10.4	0.95	-9999.9	3	207	-9999.9	43	-9999.9	3	15.6	3
2026 01 19 21	0.58	0.54	3.9	3.9	9.1	1.17	-9999.9	3	218	-9999.9	42	-9999.9	3	15.7	3
2026 01 19 22	0.39	0.36	4.4	4.4	10.2	0.63	-9999.9	3	225	-9999.9	46	-9999.9	3	15.9	3
2026 01 19 23	0.37	0.32	4.4	4.5	11.1	0.6	-9999.9	3	195	-9999.9	54	-9999.9	3	16.5	3
2026 01 20 00	0.34	0.32	4.1	4.3	10.7	0.48	-9999.9	3	203	-9999.9	50	-9999.9	3	16.6	3
2026 01 20 01	0.39	0.36	4.1	4.8	7.0	0.59	-9999.9	3	204	-9999.9	48	-9999.9	3	16.3	3
2026 01 20 02	0.47	0.45	4.8	5.1	6.7	0.79	-9999.9	3	217	-9999.9	41	-9999.9	3	16.1	3
2026 01 20 03	0.59	0.55	4.5	4.6	5.7	1.11	-9999.9	3	213	-9999.9	43	-9999.9	3	16.0	3
2026 01 20 04	0.55	0.51	4.5	4.6	6.8	0.8	-9999.9	3	194	-9999.9	52	-9999.9	3	15.5	3
2026 01 20 05	0.58	0.53	4.7	4.7	6.2	0.93	-9999.9	3	195	-9999.9	54	-9999.9	3	15.4	3
2026 01 20 06	0.61	0.57	5.6	5.3	7.1	1.08	-9999.9	3	196	-9999.9	63	-9999.9	3	15.6	3
2026 01 20 07	0.64	0.6	4.4	4.3	4.9	0.9	-9999.9	3	191	-9999.9	46	-9999.9	3	15.4	3
2026 01 20 08	0.67	0.62	4.4	4.4	5.5	1.11	-9999.9	3	222	-9999.9	37	-9999.9	3	15.3	3
2026 01 20 09	0.45	0.4	3.7	3.8	7.7	0.85	-9999.9	3	225	-9999.9	55	-9999.9	3	15.6	3
2026 01 20 10	0.37	0.32	4.0	4.5	25.8	0.59	-9999.9	3	172	-9999.9	67	-9999.9	3	16.1	3
2026 01 20 11	0.38	0.36	3.5	4.2	9.7	0.72	-9999.9	3	206	-9999.9	50	-9999.9	3	16.0	3
2026 01 20 12	0.48	0.44	2.8	3.1	6.2	0.73	-9999.9	3	235	-9999.9	41	-9999.9	3	16.1	3
2026 01 20 13	0.61	0.55	2.9	3.2	6.4	0.87	-9999.9	3	223	-9999.9	41	-9999.9	3	16.1	3
2026 01 20 14	0.72	0.63	3.0	3.3	6.4	1.21	-9999.9	3	225	-9999.9	44	-9999.9	3	16.0	3
2026 01 20 15	0.72	0.66	3.2	3.4	6.0	1.16	-9999.9	3	227	-9999.9	43	-9999.9	3	15.8	3
2026 01 20 16	0.75	0.71	3.4	3.9	5.7	1.24	-9999.9	3	211	-9999.9	42	-9999.9	3	15.5	3
2026 01 20 17	0.7	0.67	4.4	4.6	5.3	1.02	-9999.9	3	199	-9999.9	41	-9999.9	3	15.0	3
2026 01 20 18	0.69	0.66	4.3	4.4	5.2	1.11	-9999.9	3	185	-9999.9	48	-9999.9	3	15.1	3
2026 01 20 19	0.79	0.74	4.5	4.6	5.6	1.21	-9999.9	3	203	-9999.9	41	-9999.9	3	15.0	3
2026 01 20 20	0.61	0.56	4.4	4.5	4.5	0.87	-9999.9	3	190	-9999.9	56	-9999.9	3	15.6	3
2026 01 20 21	0.65	0.62	4.1	4.2	5.0	1.05	-9999.9	3	216	-9999.9	39	-9999.9	3	15.4	3
2026 01 20 22	0.59	0.56	3.5	3.6	4.3	0.91	-9999.9	3	224	-9999.9	34	-9999.9	3	15.4	3
2026 01 20 23	0.34	0.31	3.5	3.9	6.4	0.61	-9999.9	3	221	-9999.9	56	-9999.9	3	16.1	3
2026 01 21 00	0.34	0.31	4.1	4.2	6.2	0.58	-9999.9	3	216	-9999.9	53	-9999.9	3	16.0	3
2026 01 21 01	0.38	0.35	4.6	4.7	6.1	0.59	-9999.9	3	195	-9999.9	49	-9999.9	3	15.9	3
2026 01 21 02	0.39	0.37	4.7	4.6	4.8	0.57	-9999.9	3	191	-9999.9	48	-9999.9	3	15.8	3
2026 01 21 03	0.48	0.43	4.2	4.2	5.1	0.77	-9999.9	3	202	-9999.9	42	-9999.9	3	15.6	3
2026 01 21 04	0.59	0.54	3.9	3.9	5.2	0.81	-9999.9	3	200	-9999.9	40	-9999.9	3	15.4	3
2026 01 21 05	0.55	0.5	3.7	3.8	4.8	0.9	-9999.9	3	177	-9999.9	54	-9999.9	3	15.4	3
2026 01 21 06	0.51	0.45	4.3	4.1	19.5	0.73	-9999.9	3	186	-9999.9	59	-9999.9	3	15.5	3
2026 01 21 07	0.61	0.55	3.5	3.5	5.9	0.97	-9999.9	3	181	-9999.9	53	-9999.9	3	15.3	3
2026 01 21 08	0.52	0.46	3.2	3.3	14.2	0.78	-9999.9	3	165	-9999.9	57	-9999.9	3	15.4	3
2026 01 21 09	0.69	0.64	2.9	3.0	3.1	1.55	-9999.9	3	212	-9999.9	50	-9999.9	3	15.5	3
2026 01 21 10	0.73	0.67	2.8	2.9	3.5	1.16	-9999.9	3	205	-9999.9	50	-9999.9	3	15.9	3
2026 01 21 11	0.73	0.67	2.9	2.9	3.3	1.2	-9999.9	3	199	-9999.9	44	-9999.9	3	15.8	3
2026 01 21 12	-9999.9	-9999.9	-9999.9	-9999.9	-9999.9	-9999.9	-9999.9	3	-9999.9	-9999.9	-9999.9	-9999.9	3	16.1	3
2026 01 21 13	0.81	0.77	3.0	3.0	3.5	1.28	-9999.9	3	207	-9999.9	39	-9999.9	3	16.0	3
2026 01 21 14	0.93	0.88	3.3	3.4	4.0	1.43	-9999.9	3	205	-9999.9	33	-9999.9	3	15.8	3
2026 01 21 15	1.35	1.3	4.2	4.1	5.6	2.07	-9999.9	3	217	-9999.9	28	-9999.9	3	15.8	3
2026 01 21 16	1.39	1.32	4.1	4.1	5.9	2.18	-9999.9	3	210	-9999.9	32	-9999.9	3	15.5	3
2026 01 21 17	1.57	1.49	4.5	4.4	6.1	2.65	-9999.9	3	209	-9999.9	34	-9999.9	3	-9999.9	-9999.9
2026 01 21 19	1.72	1.65	4.7	4.6	6.6	2.62	-9999.9	3	203	-9999.9	36	-9999.9	3	15.5	3
2026 01 21 20	1.79	1.7	4.3	4.5	6.8	2.57	-9999.9	3	198	-9999.9	30	-9999.9	3	15.5	3
2026 01 21 21	1.66	1.52	4.3	4.4	8.1	2.27	-9999.9	3	199	-9999.9	37	-9999.9	3	15.8	3
2026 01 21 22	1.59	1.48	4.7	4.8	8.6	2.25	-9999.9	3	215	-9999.9	34	-9999.9	3	16.0	3
2026 01 21 23	1.19	1.11	4.1	4.1	8.5	2.11	-9999.9	3	222	-9999.9	41	-9999.9	3	16.1	3
2026 01 22 00	1.09	1.03	4.6	4.8	8.7	1.52	-9999.9	3	217	-9999.9	39	-9999.9	3	16.1	3
2026 01 22 01	1.04	1.02	5.0	5.0	8.6	1.73	-9999.9	3	218	-9999.9	38	-9999.9	3	16.1	3
2026 01 22 02	1.52	1.45	4.8	4.8	8.5	2.54	-9999.9	3	219	-9999.9	32	-9999.9	3	15.9	3
2026 01 22 03	1.12	1.04	4.6	4.6	8.3	1.9	-9999.9	3	214	-9999.9	43	-9999.9	3	15.8	3
2026 01 22 04	1.33	1.28	4.8	4.9	7.7	2.16	-9999.9	3	203	-9999.9	36	-9999.9	3	15.7	3
2026 01 22 05	0.95	0.91	5.6	5.7	7.8	1.34	-9999.9	3	179	-9999.9	52	-9999.9	3	15.6	3
2026 01 22 06	1.1	1.05	5.4	5.4	7.4	1.87	-9999.9	3	197	-9999.9	47	-9999.9	3	15.7	3
2026 01 22 07	0.98	0.91	5.2	5.2	7.6	1.38	-9999.9	3	187	-9999.9	51	-9999.9	3	15.8	3
2026 01 22 08	1.12	1.09	5.0	5.0	7.3	1.75	-9999.9	3	190	-9999.9	45	-9999.9	3	15.8	3
2026 01 22 09	1.15	1.09	4.8	5.0	7.1	2.36	-9999.9	3	211	-9999.9	33	-9999.9	3	15.6	3
2026 01 22 10	1.05	1.01	5.5	5.3	7.9	1.61	-9999.9	3	222	-9999.9	37	-9999.9	3	15.7	3
2026 01 22 11	0.69	0.65	4.1	4.4	8.3	1.1	-9999.9	3	220	-9999.9	42	-9999.9	3	15.9	3
2026 01 22 12	0.6	0.54	3.6	4.2	8.3	0.99	-9999.9	3	210	-9999.9	48	-9999.9	3	15.8	3
2026 01 22 13	0.65	0.59	4.2	4.5	8.3	1.0	-9999.9	3	201	-9999.9	51	-9999.9	3	15.9	3
2026 01 22 14	0.7	0.61	3.9	4.5	8.0	1.19	-9999.9	3	208	-9999.9	49	-9999.9	3	16.0	3
2026 01 22 15	0.79	0.72	4.0	4.1	7.8	1.29	-9999.9	3	211	-9999.9	38	-9999.9	3	15.9	3
2026 01 22 16	1.06	1.0	4.5	4.6	7.4	1.66	-9999.9	3	213	-9999.9	37	-9999.9	3	15.8	3
2026 01 22 17	0.85	0.8	4.4	4.3	7.0	1.28	-9999.9	3	196	-9999.9	50	-9999.9	3	15.6	3
2026 01 22 20	1.1	0.99	4.0	4.0	4.4	1.45	-9999.9	3	193	-9999.9	43	-9999.9	3	15.7	3
2026 01 22 21	1.08	1.01	3.6	3.6	3.9	1.56	-9999.9	3	201	-9999.9	40	-9999.9	3	15.8	3
2026 01 22 22	1.14	1.08	3.6	3.7	4.3	1.95	-9999.9	3	204	-9999.9	38	-9999.9	3	15.9	3
2026 01 22 23	1.04	0.97	3.4	3.5	4.8	1.54	-9999.9	3	215	-9999.9	37	-9999.9	3	15.9	3
2026 01 23 00	1.17	1.1	3.3	3.4	4.4	1.87	-9999.9	3	218	-9999.9	36	-9999.9	3	15.9	3
2026 01 23 01	1.22	1.16	3.9	3.7	6.3	2.38	-9999.9	3	214	-9999.9	37	-9999.9	3	15.8	3
2026 01 23 02	1.25	1.16	3.7	3.8	5.7	2.0	-9999.9	3	214	-9999.9	38	-9999.9	3	15.9	3
2026 01 23 03	1.15	1.07	4.3	4.2	6.7	1.79	-9999.9	3	200	-9999.9	39	-9999.9	3	15.8	3
2026 01 23 04	2.12	2.04	5.0	4.9	7.1	3.74	-9999.9	3	214	-9999.9	28	-9999.9	3	15.6	3
2026 01 23 05	-9999.9	-9999.9	-9999.9	-9999.9	-9999.9	-9999.9	-9999.9	3	-9999.9	-9999.9	-9999.9	-9999.9	3	15.6	3
2026 01 23 06	-9999.9	-9999.9	-9999.9	-9999.9	-9999.9	-9999.9	-9999.9	3	-9999.9	-9999.9	-9999.9	-9999.9	3	15.7	3
2026 01 23 07	-9999.9	-9999.9	-9999.9	-9999.9	-9999.9	-9999.9	-9999.9	3	-9999.9	-9999.9	-9999.9	-9999.9	3	15.7	3
2026 01 23 08	1.17	1.1	5.4	5.5	7.0	1.97	-9999.9	3	179	-9999.9	46	-9999.9	3	15.8	3
2026 01 23 09	1.1	1.06	5.3	5.1	7.3	1.45	-9999.9	3	201	-9999.9	47	-9999.9	3	15.6	3
2026 01 23 10	1.03	0.97	5.0	4.9	7.6	1.63	-9999.9	3	212	-9999.9	33	-9999.9	3	15.5	3
2026 01 23 11	0.93	0.86	4.9	5.1	-9999.9	1.45	-9999.9	3	230	-9999.9	32	-9999.9	3	15.6	3
2026 01 23 12	0.7	0.66	4.5	5.0	8.1	1.31	-9999.9	3	217	-9999.9	45	-9999.9	3	15.7	3
2026 01 23 13	0.76	0.71	3.9	3.9	7.9	1.31	-9999.9	3	213	-9999.9	42	-9999.9	3	15.6	3
2026 01 23 14	0.67	0.6	3.6	4.0	7.8	1.15	-9999.9	3	210	-9999.9	47	-9999.9	3	15.7	3
2026 01 23 15	0.8	0.74	3.8	4.0	7.4	1.21	-9999.9	3	218	-9999.9	41	-9999.9	3	15.8	3
2026 01 23 16	0.96	0.9	3.9	3.9	7.1	1.43	-9999.9	3	207	-9999.9	35	-9999.9	3	15.7	3
2026 01 23 17	1.86	1.79	4.6	4.6	5.8	2.72	-9999.9	3	216	-9999.9	27	-9999.9	3	15.5	3
2026 01 23 18	1.65	1.53	4.2	4.2	5.5	2.41	-9999.9	3	207	-9999.9	31	-9999.9	3	15.5	3
2026 01 23 20	-9999.9	-9999.9	-9999.9	-9999.9	-9999.9	-9999.9	-9999.9	3	-9999.9	-9999.9	-9999.9	-9999.9	3	15.7	3
2026 01 23 21	1.52	1.46	4.5	4.5	7.2	2.4	-9999.9	3	209	-9999.9	34	-9999.9	3	15.7	3
2026 01 23 22	1.8	1.7	4.8	4.8	8.1	2.64	-9999.9	3	215	-9999.9	34	-9999.9	3	15.6	3
2026 01 23 23	1.48	1.41	4.5	4.6	7.7	2.44	-9999.9	3	214	-9999.9	39	-9999.9	3	15.7	3
2026 01 24 00	1.63	1.54	5.2	5.2	8.7	3.11	-9999.9	3	220	-9999.9	35	-9999.9	3	15.7	3
2026 01 24 01	1.79	1.72	6.5	6.4	9.7	2.61	-9999.9	3	226	-9999.9	32	-9999.9	3	15.7	3
2026 01 24 02	1.81	1.76	6.9	7.0	10.1	2.9	-9999.9	3	223	-9999.9	33	-9999.9	3	15.7	3
2026 01 24 03	1.49	1.44	6.9	6.8	10.5	2.69	-9999.9	3	221	-9999.9	35	-9999.9	3	15.7	3
2026 01 24 04	1.48	1.42	6.3	6.3	9.6	2.21	-9999.9	3	208	-9999.9	39	-9999.9	3	15.6	3
2026 01 24 05	2.52	2.41	5.6	5.5	7.8	4.09	-9999.9	3	216	-9999.9	30	-9999.9	3	15.5	3
2026 01 24 07	1.93	1.87	6.0	6.0	9.5	3.23	-9999.9	3	199	-9999.9	43	-9999.9	3	15.4	3
2026 01 24 08	1.64	1.55	6.4	6.1	8.5	2.94	-9999.9	3	179	-9999.9	44	-9999.9	3	15.4	3
2026 01 24 09	1.3	1.22	5.5	5.4	-9999.9	2.93	-9999.9	3	180	-9999.9	52	-9999.9	3	15.5	3
2026 01 24 10	1.13	1.08	5.4	5.2	7.7	1.55	-9999.9	3	192	-9999.9	46	-9999.9	3	15.5	3
2026 01 24 11	1.19	1.1	5.2	5.2	7.7	1.75	-9999.9	3	219	-9999.9	32	-9999.9	3	15.4	3
2026 01 24 12	0.97	0.87	4.6	4.8	8.5	1.73	-9999.9	3	215	-9999.9	40	-9999.9	3	15.5	3
2026 01 24 13	0.96	0.87	4.1	4.2	9.4	1.41	-9999.9	3	216	-9999.9	39	-9999.9	3	15.5	3
2026 01 24 14	0.8	0.7	4.3	4.4	10.4	1.21	-9999.9	3	203	-9999.9	48	-9999.9	3	15.6	3
2026 01 24 15	1.08	0.99	5.3	5.6	9.8	1.85	-9999.9	3	217	-9999.9	44	-9999.9	3	15.6	3
2026 01 24 16	1.03	0.98	5.5	5.9	9.5	1.65	-9999.9	3	220	-9999.9	44	-9999.9	3	15.6	3
2026 01 24 17	1.07	1.0	5.2	5.5	9.0	1.67	-9999.9	3	207	-9999.9	42	-9999.9	3	15.5	3
2026 01 24 18	1.56	1.49	5.6	5.6	8.2	2.52	-9999.9	3	214	-9999.9	33	-9999.9	3	15.4	3
2026 01 24 19	1.42	1.3	5.1	5.4	8.1	2.24	-9999.9	3	208	-9999.9	38	-9999.9	3	15.4	3
2026 01 24 20	1.22	1.19	6.4	6.4	8.8	1.89	-9999.9	3	188	-9999.9	50	-9999.9	3	15.3	3
2026 01 24 21	1.48	1.39	6.4	6.5	9.3	2.4	-9999.9	3	197	-9999.9	49	-9999.9	3	15.5	3
2026 01 24 22	1.01	0.95	5.1	5.3	8.4	1.58	-9999.9	3	188	-9999.9	52	-9999.9	3	15.4	3
2026 01 24 23	1.04	0.94	5.6	5.9	13.3	1.54	-9999.9	3	201	-9999.9	55	-9999.9	3	15.5	3
2026 01 25 00	1.1	0.99	5.4	5.6	14.7	1.56	-9999.9	3	206	-9999.9	47	-9999.9	3	15.5	3
2026 01 25 01	1.14	1.06	5.6	5.7	11.3	1.71	-9999.9	3	213	-9999.9	41	-9999.9	3	15.5	3
2026 01 25 02	1.02	0.94	4.6	4.6	9.2	1.9	-9999.9	3	224	-9999.9	43	-9999.9	3	15.4	3
2026 01 25 03	1.04	0.91	4.0	4.3	10.2	1.55	-9999.9	3	218	-9999.9	46	-9999.9	3	15.4	3
2026 01 25 04	1.12	1.03	4.9	5.2	8.8	1.75	-9999.9	3	221	-9999.9	48	-9999.9	3	15.5	3
2026 01 25 05	1.15	1.06	4.4	4.8	8.1	1.82	-9999.9	3	211	-9999.9	41	-9999.9	3	15.4	3
2026 01 25 06	1.32	1.22	4.6	4.7	8.0	2.29	-9999.9	3	211	-9999.9	42	-9999.9	3	15.2	3
2026 01 25 09	-9999.9	-9999.9	-9999.9	-9999.9	-9999.9	-9999.9	-9999.9	3	-9999.9	-9999.9	-9999.9	-9999.9	3	15.3	3
2026 01 25 10	1.34	1.23	4.1	4.1	6.0	2.5	-9999.9	3	201	-9999.9	40	-9999.9	3	15.3	3
2026 01 25 11	1.32	1.24	4.2	4.2	5.5	2.16	-9999.9	3	207	-9999.9	41	-9999.9	3	15.3	3
2026 01 25 12	1.31	1.23	4.2	4.5	6.4	2.54	-9999.9	3	215	-9999.9	42	-9999.9	3	15.3	3
2026 01 25 13	1.16	1.07	3.9	3.9	6.4	1.71	-9999.9	3	215	-9999.9	44	-9999.9	3	15.4	3
2026 01 25 14	1.21	1.11	3.9	4.2	6.2	1.71	-9999.9	3	213	-9999.9	41	-9999.9	3	15.5	3
2026 01 25 15	1.09	0.98	3.7	4.0	6.5	1.74	-9999.9	3	207	-9999.9	45	-9999.9	3	-9999.9	-9999.9
2026 01 25 16	-9999.9	-9999.9	-9999.9	-9999.9	-9999.9	-9999.9	-9999.9	3	-9999.9	-9999.9	-9999.9	-9999.9	3	15.5	3
2026 01 25 17	1.41	1.31	4.4	4.4	7.3	2.45	-9999.9	3	209	-9999.9	39	-9999.9	3	15.5	3
2026 01 25 18	1.59	1.52	4.7	4.9	7.3	2.24	-9999.9	3	210	-9999.9	35	-9999.9	3	15.4	3
2026 01 25 19	1.8	1.69	4.7	4.6	6.4	2.91	-9999.9	3	220	-9999.9	34	-9999.9	3	15.3	3
2026 01 25 21	1.66	1.56	4.9	4.9	6.7	2.62	-9999.9	3	186	-9999.9	43	-9999.9	3	-9999.9	-9999.9
2026 01 25 23	1.36	1.28	3.9	4.0	6.1	2.42	-9999.9	3	202	-9999.9	36	-9999.9	3	15.4	3
2026 01 26 00	1.59	1.46	4.1	4.3	7.7	2.43	-9999.9	3	206	-9999.9	39	-9999.9	3	15.4	3
2026 01 26 01	-9999.9	-9999.9	-9999.9	-9999.9	-9999.9	-9999.9	-9999.9	3	-9999.9	-9999.9	-9999.9	-9999.9	3	15.5	3
2026 01 26 02	1.51	1.39	4.0	4.1	6.9	2.2	-9999.9	3	218	-9999.9	37	-9999.9	3	15.5	3
2026 01 26 03	1.6	1.47	4.2	4.3	6.8	2.65	-9999.9	3	219	-9999.9	33	-9999.9	3	15.5	3
2026 01 26 04	1.26	1.18	4.1	4.1	7.7	2.06	-9999.9	3	215	-9999.9	38	-9999.9	3	15.5	3
2026 01 26 05	1.26	1.18	4.4	4.3	7.5	1.77	-9999.9	3	213	-9999.9	39	-9999.9	3	15.4	3
2026 01 26 06	1.56	1.49	5.0	4.8	7.9	2.3	-9999.9	3	217	-9999.9	35	-9999.9	3	15.4	3
2026 01 26 07	1.67	1.58	4.8	4.9	7.0	2.59	-9999.9	3	204	-9999.9	35	-9999.9	3	15.4	3
2026 01 26 09	1.14	1.1	5.3	5.2	7.2	1.6	-9999.9	3	187	-9999.9	47	-9999.9	3	-9999.9	-9999.9
2026 01 26 10	1.36	1.29	5.5	5.6	8.0	2.38	-9999.9	3	182	-9999.9	47	-9999.9	3	15.5	3
2026 01 26 11	1.02	0.95	4.5	4.5	7.5	1.55	-9999.9	3	204	-9999.9	42	-9999.9	3	15.5	3
2026 01 26 12	0.98	0.91	4.2	4.3	7.8	1.56	-9999.9	3	210	-9999.9	40	-9999.9	3	-9999.9	-9999.9
2026 01 26 13	0.9	0.82	3.5	3.7	6.8	1.37	-9999.9	3	223	-9999.9	46	-9999.9	3	15.5	3
2026 01 26 14	0.89	0.82	4.0	4.4	10.3	1.54	-9999.9	3	216	-9999.9	46	-9999.9	3	15.5	3
2026 01 26 15	1.02	0.93	3.8	3.8	8.4	1.91	-9999.9	3	223	-9999.9	43	-9999.9	3	15.5	3
2026 01 26 16	0.91	0.83	3.8	3.9	7.8	1.49	-9999.9	3	223	-9999.9	42	-9999.9	3	15.5	3
2026 01 26 17	0.96	0.87	4.1	4.3	8.2	1.8	-9999.9	3	228	-9999.9	46	-9999.9	3	15.5	3
2026 01 26 18	1.03	0.97	4.7	4.7	7.5	1.64	-9999.9	3	219	-9999.9	40	-9999.9	3	15.6	3
2026 01 26 19	0.85	0.77	4.4	4.6	8.1	1.57	-9999.9	3	204	-9999.9	50	-9999.9	3	15.4	3
2026 01 26 20	1.04	0.95	4.2	4.3	7.8	1.76	-9999.9	3	208	-9999.9	41	-9999.9	3	15.4	3
2026 01 26 21	1.05	0.97	4.5	4.5	6.9	1.51	-9999.9	3	194	-9999.9	50	-9999.9	3	15.4	3
2026 01 26 23	1.1	1.03	3.8	3.9	4.8	1.63	-9999.9	3	199	-9999.9	39	-9999.9	3	-9999.9	-9999.9
2026 01 27 01	1.2	1.13	3.8	4.0	5.7	1.93	-9999.9	3	215	-9999.9	38	-9999.9	3	15.5	3
2026 01 27 02	1.11	1.04	3.7	3.7	4.9	1.74	-9999.9	3	211	-9999.9	36	-9999.9	3	15.4	3
2026 01 27 03	1.08	0.99	3.8	3.8	6.4	1.66	-9999.9	3	214	-9999.9	41	-9999.9	3	15.5	3
2026 01 27 05	1.09	1.0	3.7	3.7	6.7	1.58	-9999.9	3	217	-9999.9	38	-9999.9	3	15.5	3
2026 01 27 06	1.4	1.31	3.9	3.9	4.7	2.0	-9999.9	3	209	-9999.9	31	-9999.9	3	15.5	3
2026 01 27 07	1.54	1.47	4.3	4.2	5.6	2.71	-9999.9	3	210	-9999.9	33	-9999.9	3	15.5	3
2026 01 27 08	1.71	1.63	4.2	4.3	6.8	2.74	-9999.9	3	208	-9999.9	34	-9999.9	3	15.4	3
2026 01 27 09	-9999.9	-9999.9	-9999.9	-9999.9	-9999.9	-9999.9	-9999.9	3	-9999.9	-9999.9	-9999.9	-9999.9	3	15.3	3
2026 01 27 13	1.85	1.76	4.9	5.0	9.2	2.7	-9999.9	3	202	-9999.9	39	-9999.9	3	15.5	3
2026 01 27 14	1.79	1.69	5.0	5.1	10.5	2.84	-9999.9	3	203	-9999.9	34	-9999.9	3	15.5	3
2026 01 27 15	1.61	1.47	4.8	4.9	9.9	3.03	-9999.9	3	210	-9999.9	31	-9999.9	3	-9999.9	-9999.9
2026 01 27 16	1.46	1.32	4.3	4.6	10.5	2.6	-9999.9	3	217	-9999.9	36	-9999.9	3	-9999.9	-9999.9
2026 01 27 17	1.68	1.57	5.1	5.2	10.1	2.61	-9999.9	3	213	-9999.9	33	-9999.9	3	15.4	3
2026 01 27 18	1.7	1.58	5.4	5.4	9.7	2.46	-9999.9	3	214	-9999.9	31	-9999.9	3	-9999.9	-9999.9
2026 01 27 19	1.61	1.49	5.5	5.5	10.3	2.36	-9999.9	3	206	-9999.9	33	-9999.9	3	15.3	3
2026 01 27 20	2.19	2.08	5.5	5.4	7.9	3.22	-9999.9	3	219	-9999.9	30	-9999.9	3	15.3	3
2026 01 27 21	2.02	1.88	5.7	5.7	9.1	2.83	-9999.9	3	202	-9999.9	39	-9999.9	3	15.3	3
2026 01 28 02	1.3	1.22	4.7	4.8	9.8	2.05	-9999.9	3	200	-9999.9	43	-9999.9	3	15.3	3
2026 01 28 09	2.98	2.8	6.1	5.8	9.0	4.64	-9999.9	3	214	-9999.9	35	-9999.9	3	15.2	3
2026 01 28 16	-9999.9	-9999.9	-9999.9	-9999.9	-9999.9	-9999.9	-9999.9	3	-9999.9	-9999.9	-9999.9	-9999.9	3	15.3	3
2026 01 29 17	-9999.9	-9999.9	-9999.9	-9999.9	-9999.9	-9999.9	-9999.9	3	-9999.9	-9999.9	-9999.9	-9999.9	3	15.2	3
2026 02 18 10	0.38	0.34	2.5	2.8	12.0	0.63	-9999.9	3	210	-9999.9	52	-9999.9	3	14.9	3
2026 02 18 11	0.49	0.44	2.7	3.1	10.2	0.87	-9999.9	3	227	-9999.9	39	-9999.9	3	14.9	3
2026 02 18 12	0.41	0.38	2.4	2.9	12.2	0.62	-9999.9	3	233	-9999.9	39	-9999.9	3	15.0	3
2026 02 18 13	0.51	0.46	2.8	3.0	8.9	0.7	-9999.9	3	234	-9999.9	36	-9999.9	3	14.9	3
2026 02 18 14	0.44	0.42	2.7	3.6	10.5	0.75	-9999.9	3	230	-9999.9	48	-9999.9	3	14.9	3
2026 02 18 15	0.49	0.45	2.9	3.8	7.7	0.85	-9999.9	3	221	-9999.9	44	-9999.9	3	14.9	3
2026 02 18 16	0.41	0.38	3.3	4.1	8.2	0.67	-9999.9	3	205	-9999.9	56	-9999.9	3	14.8	3
2026 02 18 17	0.49	0.45	3.5	4.1	9.6	0.91	-9999.9	3	212	-9999.9	47	-9999.9	3	14.8	3
2026 02 18 18	0.47	0.44	3.1	3.6	5.9	0.9	-9999.9	3	207	-9999.9	50	-9999.9	3	14.8	3
2026 02 18 19	0.47	0.44	3.7	4.0	5.6	0.73	-9999.9	3	193	-9999.9	53	-9999.9	3	15.0	3
2026 02 18 20	0.58	0.55	2.9	3.3	3.6	1.11	-9999.9	3	201	-9999.9	43	-9999.9	3	14.6	3
2026 02 18 21	0.69	0.65	3.0	3.1	3.6	1.26	-9999.9	3	223	-9999.9	33	-9999.9	3	14.4	3
2026 02 18 22	0.54	0.51	2.9	3.0	5.3	0.92	-9999.9	3	237	-9999.9	35	-9999.9	3	14.9	3
2026 02 18 23	0.59	0.55	2.9	3.0	3.6	1.04	-9999.9	3	237	-9999.9	32	-9999.9	3	14.9	3
2026 02 19 00	0.76	0.7	3.0	3.2	3.5	1.19	-9999.9	3	230	-9999.9	32	-9999.9	3	14.8	3
2026 02 19 01	0.78	0.76	3.1	3.1	3.4	1.24	-9999.9	3	233	-9999.9	33	-9999.9	3	14.8	3
2026 02 19 02	0.75	0.73	2.9	3.2	4.2	1.35	-9999.9	3	220	-9999.9	34	-9999.9	3	14.7	3
2026 02 19 03	0.61	0.58	3.7	3.8	4.7	0.94	-9999.9	3	211	-9999.9	41	-9999.9	3	14.7	3
2026 02 19 04	0.63	0.6	3.6	3.9	4.3	1.06	-9999.9	3	206	-9999.9	41	-9999.9	3	14.7	3
2026 02 19 05	0.76	0.73	4.0	4.2	4.5	1.22	-9999.9	3	213	-9999.9	44	-9999.9	3	14.5	3
2026 02 19 06	0.58	0.56	3.9	4.2	4.6	0.97	-9999.9	3	220	-9999.9	46	-9999.9	3	14.7	3
2026 02 19 07	0.47	0.45	3.5	3.8	4.6	0.81	-9999.9	3	209	-9999.9	46	-9999.9	3	14.7	3
2026 02 19 08	0.42	0.4	3.4	3.7	6.0	0.82	-9999.9	3	163	-9999.9	62	-9999.9	3	14.7	3
2026 02 19 09	0.45	0.44	4.7	4.7	5.8	0.84	-9999.9	3	191	-9999.9	59	-9999.9	3	14.8	3
2026 02 19 10	0.39	0.36	3.9	4.1	5.8	0.59	-9999.9	3	193	-9999.9	59	-9999.9	3	15.0	3
2026 02 19 11	0.38	0.35	3.3	4.4	6.7	0.69	-9999.9	3	208	-9999.9	48	-9999.9	3	15.1	3
2026 02 19 12	0.33	0.32	2.7	3.3	6.2	0.55	-9999.9	3	194	-9999.9	50	-9999.9	3	15.1	3
2026 02 19 13	0.33	0.31	3.0	4.1	10.1	0.52	-9999.9	3	212	-9999.9	50	-9999.9	3	15.1	3
2026 02 19 14	0.43	0.39	2.9	3.4	10.1	0.87	-9999.9	3	230	-9999.9	45	-9999.9	3	15.0	3
2026 02 19 15	0.5	0.46	3.0	4.2	7.9	1.11	-9999.9	3	230	-9999.9	41	-9999.9	3	15.0	3
2026 02 19 16	0.43	0.4	2.8	3.8	7.7	0.8	-9999.9	3	215	-9999.9	49	-9999.9	3	14.9	3
2026 02 19 17	0.49	0.45	3.2	4.1	8.0	0.77	-9999.9	3	209	-9999.9	46	-9999.9	3	14.9	3
2026 02 19 18	0.56	0.55	3.5	4.1	5.0	0.89	-9999.9	3	207	-9999.9	47	-9999.9	3	14.7	3
2026 02 19 19	0.52	0.5	3.8	4.2	5.6	0.93	-9999.9	3	181	-9999.9	58	-9999.9	3	14.6	3
2026 02 19 20	0.44	0.41	3.6	4.3	6.8	0.62	-9999.9	3	189	-9999.9	57	-9999.9	3	14.7	3
2026 02 19 21	0.44	0.41	3.9	4.0	8.3	0.78	-9999.9	3	207	-9999.9	47	-9999.9	3	14.5	3
2026 02 19 22	0.48	0.46	3.4	3.5	5.3	0.76	-9999.9	3	216	-9999.9	42	-9999.9	3	14.6	3
2026 02 19 23	0.32	0.29	3.7	3.8	11.6	0.51	-9999.9	3	177	-9999.9	56	-9999.9	3	14.9	3
