Valor nulo: -9999.9															
Fecha (GMT)	Altura Signif. del Oleaje (Hm0)(m)	Altura signif. de cruce por cero (H1/3)(m)	Periodo Medio(s)	Periodo Medio Tm02(s)	Periodo de Pico(s)	Altura Máxima del Oleaje(m)	Periodo de la Ola Maxima(s)	Canal de obtencion de los datos	Direcc. Media de Proced.(0=N,90=E)	Direccion Media en el Pico Espectral(0=N,90=E)	Dispersión angular en toda la banda resuelta(grados)	Dispersión angular en el pico de energía espectral(grados)	Canal de obtencion de los datos	Temperatura del Agua(ºC)	Canal de obtencion de los datos
2025 02 20 00	0.34	0.31	4.48	3.86	6.26	0.47	6.75	1	63	56	-9999.9	37	1	17.1	3
2025 02 20 01	0.36	0.33	4.86	4.13	6.44	0.52	6.16	1	50	47	-9999.9	30	1	17.0	3
2025 02 20 02	0.38	0.35	4.72	4.13	5.7	0.57	5.69	1	39	36	-9999.9	55	1	17.0	3
2025 02 20 03	0.44	0.39	4.72	4.4	6.63	0.79	5.6	1	41	47	-9999.9	39	1	16.9	3
2025 02 20 04	0.46	0.41	4.81	4.31	6.66	0.73	5.35	1	41	46	-9999.9	37	1	17.0	3
2025 02 20 05	0.44	0.4	4.83	4.44	6.19	0.7	5.63	1	36	39	-9999.9	38	1	16.9	3
2025 02 20 06	0.42	0.4	4.68	4.29	6.2	0.71	4.91	1	39	24	-9999.9	41	1	16.9	3
2025 02 20 07	0.36	0.34	4.53	3.85	6.04	0.58	5.03	1	40	39	-9999.9	39	1	16.9	3
2025 02 20 08	0.38	0.35	4.84	4.43	6.23	0.62	5.08	1	41	41	-9999.9	30	1	16.9	3
2025 02 20 09	0.34	0.3	4.48	4.19	5.83	0.46	4.81	1	46	49	-9999.9	36	1	16.9	3
2025 02 20 10	0.34	0.31	4.69	4.09	5.93	0.53	5.44	1	42	40	-9999.9	34	1	17.0	3
2025 02 20 11	0.31	0.28	4.4	4.03	5.72	0.51	5.31	1	37	37	-9999.9	50	1	17.1	3
2025 02 20 12	0.31	0.29	4.74	4.27	5.94	0.57	5.49	1	42	49	-9999.9	41	1	17.2	3
2025 02 20 13	0.31	0.29	4.75	4.34	5.76	0.46	5.2	1	43	28	-9999.9	45	1	17.3	3
2025 02 20 14	0.34	0.31	4.56	4.14	5.47	0.52	5.68	1	35	30	-9999.9	53	1	17.7	3
2025 02 20 15	0.34	0.31	4.61	3.95	5.32	0.49	4.53	1	39	33	-9999.9	45	1	17.9	3
2025 02 20 16	0.31	0.28	3.89	3.28	5.11	0.51	4.97	1	51	19	-9999.9	43	1	17.8	3
2025 02 20 17	0.34	0.3	3.59	3.02	5.21	0.55	4.84	1	49	30	-9999.9	54	1	17.7	3
2025 02 20 18	0.34	0.29	3.55	2.93	5.03	0.46	4.57	1	48	29	-9999.9	47	1	17.5	3
2025 02 20 19	0.34	0.3	3.48	2.76	5.19	0.48	4.86	1	51	34	-9999.9	48	1	17.4	3
2025 02 20 20	0.36	0.3	3.15	2.69	4.74	0.51	3.27	1	55	37	-9999.9	44	1	17.2	3
2025 02 20 21	0.36	0.29	3.07	2.6	4.57	0.44	3.04	1	60	41	-9999.9	46	1	17.1	3
2025 02 20 22	0.34	0.28	3.11	2.69	4.14	0.51	4.74	1	61	65	-9999.9	63	1	17.1	3
2025 02 20 23	0.34	0.27	3.13	2.79	4.39	0.52	5.47	1	60	56	-9999.9	47	1	17.1	3
2025 02 21 00	0.34	0.28	3.13	2.55	4.85	0.49	5.52	1	66	54	-9999.9	52	1	17.0	3
2025 02 21 01	0.34	0.27	3.02	2.65	3.31	0.46	3.03	1	69	62	-9999.9	57	1	17.1	3
2025 02 21 02	0.34	0.29	3.23	2.71	5.96	0.5	6.6	1	60	35	-9999.9	44	1	17.1	3
2025 02 21 03	0.36	0.3	3.09	2.65	5.1	0.52	5.06	1	65	41	-9999.9	42	1	17.1	3
2025 02 21 04	0.36	0.31	3.14	2.61	4.96	0.49	5.34	1	63	64	-9999.9	47	1	17.1	3
2025 02 21 05	0.36	0.29	3.31	3.02	5.44	0.48	4.39	1	58	40	-9999.9	39	1	17.1	3
2025 02 21 06	0.34	0.27	3.15	2.84	4.98	0.46	4.74	1	60	59	-9999.9	37	1	17.1	3
2025 02 21 07	0.34	0.29	3.1	2.71	4.07	0.48	3.22	1	58	66	-9999.9	54	1	17.0	3
2025 02 21 08	0.38	0.32	3.05	2.7	3.96	0.63	3.19	1	60	67	-9999.9	53	1	17.0	3
2025 02 21 09	0.41	0.34	3.19	2.82	3.41	0.69	3.4	1	59	82	-9999.9	46	1	17.0	3
2025 02 21 10	0.42	0.37	3.26	2.91	3.47	0.54	3.17	1	60	62	-9999.9	44	1	17.1	3
2025 02 21 11	0.48	0.4	3.36	3.07	3.72	0.64	3.98	1	57	56	-9999.9	49	1	17.2	3
2025 02 21 12	0.46	0.4	3.39	2.98	3.71	0.63	3.62	1	55	72	-9999.9	53	1	17.2	3
2025 02 21 13	0.48	0.43	3.35	2.91	3.78	0.74	3.77	1	56	51	-9999.9	42	1	17.2	3
2025 02 21 14	0.48	0.41	3.26	2.93	3.69	0.7	2.87	1	55	46	-9999.9	36	1	17.3	3
2025 02 21 15	0.53	0.45	3.34	3.09	3.99	0.72	3.82	1	57	53	-9999.9	39	1	17.4	3
2025 02 21 16	0.58	0.5	3.55	3.24	3.93	0.9	4.16	1	57	64	-9999.9	48	1	17.4	3
2025 02 21 17	0.64	0.56	3.74	3.32	4.41	1.04	4.14	1	57	63	-9999.9	45	1	17.4	3
2025 02 21 18	0.67	0.59	3.81	3.46	4.36	0.93	4.58	1	54	52	-9999.9	40	1	17.4	3
2025 02 21 19	0.65	0.58	3.77	3.44	4.61	0.96	3.41	1	53	60	-9999.9	38	1	17.3	3
2025 02 21 20	0.66	0.59	3.86	3.46	4.44	0.99	4.67	1	57	64	-9999.9	41	1	17.3	3
2025 02 21 21	0.6	0.54	3.75	3.5	4.58	1.09	4.46	1	53	52	-9999.9	38	1	17.2	3
2025 02 21 22	0.58	0.53	3.88	3.49	4.37	0.98	4.51	1	56	74	-9999.9	43	1	17.2	3
2025 02 21 23	0.51	0.45	4.02	3.67	4.63	0.8	3.85	1	53	45	-9999.9	56	1	17.2	3
2025 02 22 00	0.49	0.43	3.77	3.59	4.36	0.68	4.05	1	52	47	-9999.9	37	1	17.1	3
2025 02 22 01	0.48	0.42	4.04	3.71	4.4	0.75	4.62	1	51	48	-9999.9	40	1	17.0	3
2025 02 22 02	0.42	0.38	4.0	3.58	4.92	0.62	5.14	1	47	23	-9999.9	38	1	17.0	3
2025 02 22 03	0.38	0.34	3.94	3.52	4.52	0.58	5.1	1	48	30	-9999.9	40	1	17.0	3
2025 02 22 04	0.36	0.33	4.03	3.49	4.53	0.69	4.64	1	47	38	-9999.9	50	1	16.9	3
2025 02 22 05	0.36	0.3	3.98	3.66	4.5	0.5	4.08	1	45	35	-9999.9	53	1	16.9	3
2025 02 22 06	0.36	0.31	4.19	3.82	4.65	0.53	4.7	1	47	53	-9999.9	50	1	16.9	3
2025 02 22 07	0.29	0.27	4.08	3.46	4.45	0.46	3.88	1	52	53	-9999.9	40	1	16.8	3
2025 02 22 08	0.29	0.26	4.19	3.78	4.59	0.39	4.33	1	57	48	-9999.9	53	1	16.8	3
2025 02 22 09	0.31	0.28	3.94	3.28	6.15	0.51	5.25	1	60	54	-9999.9	38	1	16.9	3
2025 02 22 10	0.29	0.25	4.22	3.41	5.49	0.46	5.52	1	56	41	-9999.9	49	1	17.0	3
2025 02 22 11	0.26	0.23	4.0	3.09	5.15	0.41	4.63	1	53	52	-9999.9	56	1	17.0	3
2025 02 22 12	0.26	0.24	4.58	3.54	6.73	0.36	4.44	1	50	42	-9999.9	44	1	17.0	3
2025 02 22 13	0.26	0.23	4.2	3.6	5.47	0.38	5.52	1	57	55	-9999.9	48	1	17.2	3
2025 02 22 14	0.26	0.24	4.72	4.0	5.43	0.4	5.31	1	58	58	-9999.9	43	1	17.1	3
2025 02 22 15	0.26	0.23	3.95	2.95	5.0	0.46	4.02	1	45	52	-9999.9	46	1	17.1	3
2025 02 22 16	0.34	0.27	3.19	2.49	3.25	0.5	2.35	1	30	66	-9999.9	55	1	17.1	3
2025 02 22 17	0.26	0.23	3.23	2.57	6.07	0.36	6.89	1	33	57	-9999.9	50	1	17.0	3
2025 02 22 18	0.22	0.19	3.75	2.98	6.22	0.32	5.65	1	36	54	-9999.9	44	1	16.9	3
2025 02 22 19	0.18	0.18	4.65	3.54	6.05	0.28	5.81	1	42	37	-9999.9	38	1	16.9	3
2025 02 22 20	0.13	0.16	5.41	3.34	6.15	0.24	5.16	1	47	48	-9999.9	44	1	16.8	3
2025 02 22 21	0.18	0.16	4.3	3.25	6.06	0.24	6.41	1	55	46	-9999.9	43	1	16.8	3
2025 02 22 22	0.18	0.17	3.18	1.95	1.99	0.29	4.47	1	40	344	-9999.9	74	1	16.8	3
2025 02 22 23	0.22	0.19	2.95	2.02	1.65	0.36	1.72	1	20	306	-9999.9	63	1	16.8	3
2025 02 23 00	0.29	0.21	2.72	2.2	1.85	0.36	10.89	1	6	332	-9999.9	64	1	16.8	3
2025 02 23 01	0.22	0.2	3.0	2.14	1.77	0.35	5.86	1	18	357	-9999.9	66	1	16.8	3
2025 02 23 02	0.26	0.21	2.96	2.28	1.88	0.35	3.86	1	28	355	-9999.9	66	1	16.7	3
2025 02 23 03	0.26	0.22	3.21	2.5	3.19	0.38	3.46	1	16	15	-9999.9	66	1	16.7	3
2025 02 23 04	0.31	0.25	2.83	2.21	1.65	0.41	5.95	1	354	306	-9999.9	66	1	16.7	3
2025 02 23 05	0.31	0.26	2.87	2.3	2.03	0.45	4.88	1	1	15	-9999.9	53	1	16.7	3
2025 02 23 06	0.34	0.26	3.58	2.89	17.48	0.43	13.1	1	33	136	-9999.9	75	1	16.7	3
2025 02 23 07	0.41	0.3	2.77	2.36	2.39	0.45	3.8	1	5	8	-9999.9	48	1	16.7	3
2025 02 23 08	0.34	0.27	2.89	2.27	1.92	0.49	5.13	1	358	293	-9999.9	64	1	16.7	3
2025 02 23 09	0.26	0.22	3.03	2.33	2.52	0.37	5.93	1	17	4	-9999.9	57	1	16.7	3
2025 02 23 10	0.29	0.24	3.53	2.76	6.12	0.43	6.66	1	35	39	-9999.9	44	1	16.7	3
2025 02 23 11	0.29	0.26	4.04	3.14	6.24	0.44	5.26	1	49	53	-9999.9	43	1	16.8	3
2025 02 23 12	0.29	0.26	4.2	3.34	6.36	0.44	5.59	1	55	69	-9999.9	33	1	16.8	3
2025 02 23 13	0.26	0.25	4.35	3.29	6.05	0.35	6.21	1	71	59	-9999.9	42	1	17.0	3
2025 02 23 14	0.26	0.24	4.74	4.0	6.25	0.38	5.68	1	69	60	-9999.9	36	1	17.0	3
2025 02 23 15	0.22	0.21	4.6	3.78	6.24	0.32	5.83	1	73	69	-9999.9	36	1	17.1	3
2025 02 23 16	0.26	0.23	3.8	2.92	5.87	0.42	3.61	1	86	57	-9999.9	49	1	17.0	3
2025 02 23 17	0.22	0.21	4.19	3.4	5.94	0.35	5.07	1	79	73	-9999.9	45	1	17.0	3
2025 02 23 18	0.26	0.22	4.15	3.85	5.65	0.36	5.18	1	72	59	-9999.9	39	1	17.0	3
2025 02 23 19	0.48	0.43	4.08	3.88	5.24	0.75	4.35	1	57	48	-9999.9	31	1	16.9	3
2025 02 23 20	0.44	0.4	3.92	3.76	5.02	0.67	4.36	1	57	54	-9999.9	50	1	16.9	3
2025 02 23 21	0.38	0.34	3.92	3.76	4.65	0.67	4.95	1	61	44	-9999.9	64	1	16.9	3
2025 02 23 22	0.34	0.29	3.88	3.57	4.56	0.47	4.2	1	63	51	-9999.9	52	1	16.9	3
2025 02 23 23	0.36	0.33	4.39	3.93	6.74	0.58	5.71	1	63	59	-9999.9	28	1	16.9	3
2025 02 24 00	0.41	0.38	5.02	4.31	7.55	0.69	8.08	1	60	60	-9999.9	32	1	16.9	3
2025 02 24 01	0.51	0.49	5.18	4.51	7.07	0.81	5.55	1	60	61	-9999.9	36	1	16.8	3
2025 02 24 02	0.53	0.48	5.0	4.4	7.07	0.94	5.53	1	59	58	-9999.9	34	1	16.7	3
2025 02 24 03	0.58	0.53	4.81	4.39	6.6	0.84	6.39	1	58	47	-9999.9	37	1	16.7	3
2025 02 24 04	0.62	0.58	5.24	4.44	6.71	0.95	5.54	1	64	58	-9999.9	37	1	16.6	3
2025 02 24 05	0.77	0.72	5.68	5.22	7.05	1.18	6.74	1	60	53	-9999.9	30	1	16.6	3
2025 02 24 06	1.14	1.12	6.49	5.98	8.5	1.91	7.81	1	61	59	-9999.9	46	1	16.6	3
2025 02 24 07	0.98	0.93	6.2	5.55	8.29	1.41	7.75	1	62	64	-9999.9	49	1	16.6	3
2025 02 24 08	0.96	0.91	6.26	5.48	7.48	1.43	7.1	1	61	55	-9999.9	27	1	16.6	3
2025 02 24 09	0.98	0.92	5.95	5.35	8.03	1.83	7.27	1	59	54	-9999.9	38	1	16.6	3
2025 02 24 10	0.83	0.8	5.55	4.8	7.52	1.21	6.61	1	61	55	-9999.9	30	1	16.7	3
2025 02 24 11	0.72	0.66	5.42	4.75	8.03	1.15	6.57	1	57	56	-9999.9	51	1	16.8	3
2025 02 24 12	0.67	0.62	5.41	4.68	6.9	0.91	7.69	1	56	46	-9999.9	34	1	17.0	3
2025 02 24 13	0.67	0.62	5.16	4.65	7.14	1.12	6.35	1	55	51	-9999.9	31	1	17.0	3
2025 02 24 14	0.58	0.54	5.08	4.22	7.67	0.9	5.7	1	61	55	-9999.9	34	1	17.2	3
2025 02 24 15	0.58	0.54	4.93	4.3	6.99	0.92	6.08	1	60	58	-9999.9	44	1	17.2	3
2025 02 24 16	0.54	0.52	5.13	4.23	6.64	0.8	5.74	1	60	49	-9999.9	31	1	17.2	3
2025 02 24 17	0.54	0.5	4.58	4.13	6.49	0.78	5.1	1	60	53	-9999.9	47	1	17.2	3
2025 02 24 18	0.54	0.49	4.59	3.88	6.48	0.79	5.7	1	61	55	-9999.9	34	1	17.1	3
2025 02 24 19	0.53	0.46	4.34	3.69	6.25	0.72	4.87	1	64	58	-9999.9	40	1	17.1	3
2025 02 24 20	0.49	0.43	3.91	3.44	6.24	0.71	5.95	1	63	42	-9999.9	31	1	17.0	3
2025 02 24 21	0.49	0.43	4.05	3.62	6.45	0.7	5.73	1	61	43	-9999.9	33	1	16.9	3
2025 02 24 22	0.49	0.44	4.25	3.8	6.53	0.74	5.5	1	56	56	-9999.9	40	1	16.8	3
2025 02 24 23	0.42	0.38	4.35	3.81	5.93	0.64	5.34	1	58	55	-9999.9	45	1	16.7	3
2025 02 25 00	0.42	0.39	4.3	4.0	6.26	0.62	5.65	1	55	56	-9999.9	40	1	16.7	3
2025 02 25 01	0.38	0.36	4.57	4.05	6.27	0.61	5.44	1	55	48	-9999.9	35	1	16.8	3
2025 02 25 02	0.31	0.3	4.55	3.83	6.21	0.52	5.54	1	60	68	-9999.9	53	1	16.7	3
2025 02 25 03	0.31	0.3	4.64	3.98	5.8	0.51	5.62	1	53	43	-9999.9	44	1	16.7	3
2025 02 25 04	0.29	0.26	4.74	4.02	6.09	0.41	5.72	1	57	55	-9999.9	40	1	16.6	3
2025 02 25 05	0.29	0.27	4.83	4.16	5.47	0.52	4.63	1	55	52	-9999.9	42	1	16.6	3
2025 02 25 06	0.26	0.23	4.62	4.18	5.43	0.39	5.23	1	56	54	-9999.9	50	1	16.6	3
2025 02 25 07	0.22	0.22	4.55	3.78	5.77	0.38	5.15	1	60	48	-9999.9	41	1	16.6	3
2025 02 25 08	0.22	0.19	4.38	3.98	6.4	0.32	5.27	1	61	45	-9999.9	51	1	16.6	3
2025 02 25 09	0.18	0.17	4.36	3.54	5.73	0.27	4.54	1	67	65	-9999.9	40	1	16.6	3
2025 02 25 10	0.18	0.15	3.89	3.34	5.7	0.24	5.87	1	83	58	-9999.9	39	1	16.6	3
2025 02 25 11	0.13	0.14	3.67	2.43	5.38	0.22	6.04	1	87	9	-9999.9	51	1	16.7	3
2025 02 25 12	0.29	0.24	2.53	1.86	1.7	0.45	1.67	1	333	305	-9999.9	54	1	16.7	3
2025 02 25 13	0.22	0.2	2.94	1.78	1.6	0.29	1.57	1	59	122	-9999.9	75	1	16.6	3
2025 02 25 14	0.22	0.19	2.85	1.85	1.6	0.42	1.64	1	72	73	-9999.9	76	1	16.7	3
2025 02 25 15	0.22	0.19	2.46	1.83	1.66	0.32	1.73	1	347	324	-9999.9	68	1	16.7	3
2025 02 25 16	0.31	0.26	2.57	1.86	1.78	0.6	1.81	1	334	312	-9999.9	46	1	16.7	3
2025 02 25 17	0.26	0.21	2.58	1.82	1.73	0.33	1.59	1	339	333	-9999.9	63	1	16.7	3
2025 02 25 18	0.29	0.22	2.7	2.01	5.19	0.4	10.27	1	353	60	-9999.9	67	1	16.6	3
2025 02 25 19	0.18	0.13	2.54	2.16	1.66	0.22	1.75	1	54	116	-9999.9	66	1	16.6	3
2025 02 25 20	0.13	0.13	3.1	1.86	1.78	0.2	4.27	1	39	14	-9999.9	77	1	16.6	3
2025 02 25 21	0.22	0.18	2.55	2.03	1.66	0.28	1.99	1	7	342	-9999.9	65	1	16.6	3
2025 02 25 22	0.29	0.24	2.7	1.99	1.85	0.42	2.49	1	346	332	-9999.9	46	1	16.6	3
2025 02 25 23	0.22	0.19	2.75	2.11	2.52	0.36	3.58	1	9	14	-9999.9	62	1	16.6	3
2025 02 26 00	0.26	0.2	3.1	2.61	6.13	0.34	5.49	1	18	25	-9999.9	54	1	16.6	3
2025 02 26 01	0.22	0.18	3.4	2.98	4.79	0.28	4.26	1	28	78	-9999.9	65	1	16.6	3
2025 02 26 02	0.26	0.21	3.71	3.17	4.88	0.34	5.08	1	23	22	-9999.9	42	1	16.6	3
2025 02 26 03	0.26	0.22	3.83	3.29	5.52	0.34	5.79	1	19	19	-9999.9	63	1	16.6	3
2025 02 26 04	0.22	0.2	3.8	3.22	5.1	0.31	6.43	1	23	22	-9999.9	57	1	16.6	3
2025 02 26 05	0.31	0.29	4.06	3.43	5.73	0.43	5.31	1	29	25	-9999.9	59	1	16.6	3
2025 02 26 06	0.34	0.3	4.07	3.61	6.17	0.47	4.87	1	37	83	-9999.9	49	1	16.6	3
2025 02 26 07	0.34	0.32	4.58	3.67	7.49	0.45	6.05	1	58	85	-9999.9	29	1	16.5	3
2025 02 26 08	0.29	0.26	4.41	3.59	7.27	0.42	6.07	1	57	92	-9999.9	32	1	16.5	3
2025 02 26 09	0.29	0.27	4.42	3.9	7.12	0.58	6.02	1	67	89	-9999.9	30	1	16.6	3
2025 02 26 10	0.26	0.22	3.92	3.49	7.08	0.35	6.0	1	64	93	-9999.9	37	1	16.6	3
2025 02 26 11	0.22	0.21	4.26	3.4	6.55	0.35	6.15	1	67	83	-9999.9	39	1	16.8	3
2025 02 26 12	0.34	0.27	2.86	2.2	1.66	0.44	2.72	1	69	29	-9999.9	64	1	16.8	3
2025 02 26 13	0.31	0.25	3.03	2.44	4.4	0.44	4.4	1	68	115	-9999.9	49	1	16.8	3
2025 02 26 14	0.29	0.23	3.23	2.59	5.41	0.46	4.26	1	69	99	-9999.9	50	1	16.9	3
2025 02 26 15	0.34	0.27	3.04	2.4	2.88	0.49	2.12	1	72	86	-9999.9	64	1	16.9	3
2025 02 26 16	0.38	0.3	2.92	2.47	3.25	0.49	2.02	1	71	41	-9999.9	62	1	16.9	3
2025 02 26 17	0.42	0.37	3.19	2.66	5.08	0.6	5.37	1	61	52	-9999.9	51	1	16.9	3
2025 02 26 18	0.51	0.45	3.38	2.93	5.25	0.83	3.54	1	51	25	-9999.9	38	1	16.9	3
2025 02 26 19	0.57	0.49	3.43	3.11	5.0	0.89	4.1	1	51	20	-9999.9	29	1	16.8	3
2025 02 26 20	0.54	0.46	3.26	2.97	4.42	0.79	3.4	1	57	35	-9999.9	45	1	16.8	3
2025 02 26 21	0.51	0.44	3.33	3.02	4.34	0.87	3.94	1	53	33	-9999.9	50	1	16.8	3
2025 02 26 22	0.53	0.45	3.51	3.23	4.33	0.69	3.82	1	55	30	-9999.9	35	1	16.8	3
2025 02 26 23	0.49	0.43	3.62	3.33	4.04	0.72	3.42	1	54	51	-9999.9	51	1	16.8	3
2025 02 27 00	0.49	0.43	3.82	3.54	5.63	0.8	4.44	1	51	66	-9999.9	45	1	16.8	3
2025 02 27 01	0.54	0.47	3.94	3.71	6.42	0.79	5.17	1	51	43	-9999.9	61	1	16.8	3
2025 02 27 02	0.49	0.45	4.29	3.71	6.27	0.69	5.74	1	49	33	-9999.9	49	1	16.8	3
2025 02 27 03	0.53	0.47	4.28	3.94	6.22	0.71	4.68	1	50	36	-9999.9	37	1	16.8	3
2025 02 27 04	0.53	0.46	4.52	4.03	6.07	0.64	5.81	1	45	25	-9999.9	42	1	16.7	3
2025 02 27 05	0.48	0.43	4.34	3.86	6.23	0.81	6.02	1	51	29	-9999.9	40	1	16.7	3
2025 02 27 06	0.44	0.41	4.26	3.76	6.1	0.78	5.44	1	52	37	-9999.9	41	1	16.7	3
2025 02 27 07	0.41	0.37	4.27	3.78	6.0	0.62	5.66	1	57	49	-9999.9	36	1	16.6	3
2025 02 27 08	0.38	0.34	4.26	3.7	5.67	0.52	4.81	1	56	47	-9999.9	40	1	16.6	3
2025 02 27 09	0.38	0.34	4.23	3.59	5.76	0.59	6.64	1	61	47	-9999.9	38	1	16.7	3
2025 02 27 10	0.36	0.32	4.09	3.49	5.69	0.54	5.5	1	56	56	-9999.9	50	1	16.9	3
2025 02 27 11	0.34	0.31	4.07	3.48	6.46	0.47	5.07	1	58	50	-9999.9	36	1	17.5	3
2025 02 27 12	0.34	0.3	4.0	3.51	7.58	0.46	4.9	1	58	64	-9999.9	38	1	17.7	3
2025 02 27 13	0.31	0.29	4.03	3.4	5.92	0.48	7.15	1	63	78	-9999.9	55	1	17.5	3
2025 02 27 14	0.36	0.29	3.5	2.83	7.6	0.51	5.93	1	55	50	-9999.9	50	1	17.2	3
2025 02 27 15	0.38	0.32	3.33	2.62	7.11	0.57	4.44	1	51	48	-9999.9	39	1	17.1	3
2025 02 27 16	0.41	0.33	3.26	2.6	5.79	0.65	7.1	1	35	44	-9999.9	45	1	16.9	3
2025 02 27 17	0.31	0.27	3.95	2.85	7.5	0.52	7.15	1	51	52	-9999.9	47	1	16.9	3
2025 02 27 18	0.29	0.26	4.25	3.41	6.82	0.48	6.8	1	58	54	-9999.9	28	1	16.9	3
2025 02 27 19	0.29	0.26	4.51	3.59	6.7	0.51	6.54	1	61	57	-9999.9	30	1	17.0	3
2025 02 27 20	0.26	0.23	4.37	3.6	7.02	0.41	6.6	1	57	63	-9999.9	33	1	17.2	3
2025 02 27 21	0.26	0.23	4.68	3.93	6.34	0.34	6.05	1	56	53	-9999.9	42	1	17.2	3
2025 02 27 22	0.29	0.26	5.0	4.39	6.43	0.45	5.79	1	48	42	-9999.9	39	1	17.1	3
2025 02 27 23	0.29	0.25	5.2	4.67	6.28	0.37	6.1	1	42	37	-9999.9	37	1	17.0	3
2025 02 28 00	0.22	0.21	4.93	3.78	6.41	0.34	6.57	1	44	34	-9999.9	53	1	17.0	3
2025 02 28 01	0.22	0.21	5.29	4.34	6.63	0.35	7.33	1	45	39	-9999.9	36	1	17.0	3
2025 02 28 02	0.22	0.2	5.01	4.34	6.12	0.35	6.31	1	49	36	-9999.9	48	1	16.9	3
2025 02 28 03	0.22	0.19	4.83	4.34	6.31	0.29	5.53	1	52	43	-9999.9	44	1	17.0	3
2025 02 28 04	0.18	0.17	5.2	4.09	6.28	0.25	7.48	1	56	48	-9999.9	53	1	16.9	3
2025 02 28 05	0.18	0.17	4.57	3.34	6.14	0.33	6.19	1	50	39	-9999.9	40	1	16.9	3
2025 02 28 06	0.22	0.18	3.5	2.71	4.81	0.31	5.81	1	55	106	-9999.9	65	1	16.9	3
2025 02 28 07	0.29	0.24	3.06	2.46	2.53	0.38	2.24	1	55	41	-9999.9	41	1	16.8	3
2025 02 28 08	0.44	0.36	2.95	2.63	3.02	0.59	3.27	1	56	48	-9999.9	42	1	16.8	3
2025 02 28 09	0.48	0.41	3.25	2.84	3.63	0.69	4.12	1	52	53	-9999.9	36	1	16.9	3
2025 02 28 10	0.56	0.47	3.23	2.94	3.98	0.83	4.54	1	52	49	-9999.9	46	1	17.0	3
2025 02 28 11	0.66	0.59	3.59	3.16	4.47	0.95	5.17	1	50	46	-9999.9	52	1	17.1	3
2025 02 28 12	0.78	0.68	3.81	3.41	5.22	1.02	4.58	1	48	44	-9999.9	37	1	17.0	3
2025 02 28 13	0.85	0.78	3.96	3.52	5.75	1.25	5.28	1	42	26	-9999.9	41	1	17.1	3
2025 02 28 14	1.16	1.08	4.47	3.97	6.23	1.87	6.28	1	36	27	-9999.9	41	1	17.0	3
2025 02 28 15	1.62	1.47	4.98	4.74	6.85	2.57	6.35	1	39	33	-9999.9	42	1	16.9	3
2025 02 28 16	1.57	1.45	5.19	4.87	7.13	2.82	6.44	1	38	28	-9999.9	40	1	16.9	3
2025 02 28 17	1.82	1.71	5.62	5.25	7.16	2.83	6.88	1	41	40	-9999.9	40	1	16.9	3
2025 02 28 18	1.87	1.72	5.32	5.14	7.75	3.16	7.3	1	42	43	-9999.9	38	1	16.9	3
2025 02 28 19	2.18	2.06	5.84	5.6	8.02	2.89	7.84	1	41	37	-9999.9	42	1	16.8	3
2025 02 28 20	2.01	1.88	6.03	5.46	8.76	2.91	8.87	1	44	34	-9999.9	38	1	16.9	3
2025 02 28 21	2.16	2.06	6.25	5.86	8.12	3.54	6.91	1	37	29	-9999.9	37	1	16.9	3
2025 02 28 22	2.29	2.2	6.26	5.72	8.47	4.82	7.52	1	36	21	-9999.9	45	1	16.9	3
2025 02 28 23	2.06	1.91	6.18	5.57	7.85	3.7	8.34	1	41	37	-9999.9	34	1	16.8	3
2025 03 01 00	2.09	2.03	6.25	5.49	8.94	3.33	7.79	1	39	41	-9999.9	44	1	16.8	3
2025 03 01 01	2.06	1.9	6.25	5.57	8.78	3.23	7.76	1	39	33	-9999.9	49	1	16.8	3
2025 03 01 02	2.14	2.0	6.24	5.73	8.53	3.68	7.36	1	40	39	-9999.9	41	1	16.8	3
2025 03 01 03	1.98	1.86	6.37	5.57	8.67	2.54	6.76	1	44	33	-9999.9	49	1	16.7	3
2025 03 01 04	2.0	1.81	6.12	5.95	8.31	2.75	6.7	1	44	44	-9999.9	42	1	16.7	3
2025 03 01 05	1.87	1.81	6.62	5.95	8.43	2.82	8.85	1	46	38	-9999.9	43	1	16.6	3
2025 03 01 06	1.74	1.65	6.45	6.08	8.67	2.51	7.16	1	50	51	-9999.9	50	1	16.7	3
2025 03 01 07	1.57	1.46	6.32	5.99	8.97	2.31	7.54	1	48	42	-9999.9	43	1	16.7	3
2025 03 01 08	1.7	1.6	6.26	5.81	8.17	2.59	7.69	1	48	51	-9999.9	43	1	16.5	3
2025 03 01 09	1.72	1.58	5.94	5.7	8.44	2.74	7.89	1	42	46	-9999.9	44	1	16.6	3
2025 03 01 10	1.85	1.8	6.28	5.91	8.23	2.82	7.98	1	42	46	-9999.9	44	1	16.6	3
2025 03 01 11	1.76	1.64	6.42	5.71	8.14	2.47	8.55	1	43	50	-9999.9	31	1	16.7	3
2025 03 01 12	1.8	1.65	6.49	5.93	8.82	2.89	7.98	1	43	43	-9999.9	25	1	16.7	3
2025 03 01 13	1.72	1.64	6.2	5.86	8.33	2.47	8.21	1	46	47	-9999.9	34	1	16.7	3
2025 03 01 14	1.42	1.36	6.26	5.47	8.06	2.41	7.45	1	44	48	-9999.9	49	1	16.7	3
2025 03 01 15	1.52	1.42	6.15	5.4	8.33	2.41	7.06	1	47	50	-9999.9	36	1	16.7	3
2025 03 01 16	1.32	1.22	5.69	5.3	7.85	1.84	5.58	1	42	44	-9999.9	31	1	16.7	3
2025 03 01 17	1.22	1.15	5.65	4.98	8.18	1.88	6.81	1	43	48	-9999.9	36	1	16.7	3
2025 03 01 18	1.18	1.11	5.63	5.01	7.93	1.81	7.14	1	44	50	-9999.9	35	1	16.7	3
2025 03 01 19	1.06	0.97	5.36	4.78	8.11	1.53	8.25	1	42	48	-9999.9	47	1	16.7	3
2025 03 01 20	1.14	1.07	5.59	4.84	7.86	1.74	7.69	1	47	52	-9999.9	44	1	16.7	3
2025 03 01 21	1.11	1.06	5.37	4.96	7.94	1.73	6.53	1	43	50	-9999.9	28	1	16.7	3
2025 03 01 22	1.04	0.99	5.45	4.75	7.99	1.5	6.1	1	43	51	-9999.9	40	1	16.7	3
2025 03 01 23	1.09	1.01	5.46	4.87	7.68	1.71	6.45	1	40	47	-9999.9	36	1	16.7	3
2025 03 02 00	1.21	1.15	6.02	5.39	8.05	1.86	7.52	1	42	48	-9999.9	29	1	16.7	3
2025 03 02 01	1.36	1.29	6.1	5.59	8.33	2.03	7.33	1	42	48	-9999.9	33	1	16.7	3
2025 03 02 02	1.54	1.44	6.27	5.6	8.28	2.36	7.69	1	42	46	-9999.9	36	1	16.7	3
2025 03 02 03	1.5	1.38	5.85	5.13	8.48	2.39	8.21	1	38	39	-9999.9	42	1	16.7	3
2025 03 02 04	1.52	1.42	5.5	4.99	8.64	2.18	7.72	1	36	37	-9999.9	45	1	16.6	3
2025 03 02 05	1.48	1.38	5.71	5.11	8.23	2.05	7.31	1	39	44	-9999.9	35	1	16.6	3
2025 03 02 06	1.45	1.36	5.68	5.08	7.61	2.24	7.35	1	40	46	-9999.9	45	1	16.6	3
2025 03 02 07	1.49	1.36	5.6	5.3	8.68	2.21	7.15	1	45	44	-9999.9	44	1	16.6	3
2025 03 02 08	1.67	1.56	6.06	5.74	8.97	2.95	7.96	1	44	45	-9999.9	35	1	16.6	3
2025 03 02 09	1.57	1.46	6.26	5.62	8.38	2.11	8.0	1	45	44	-9999.9	30	1	16.6	3
2025 03 02 10	1.53	1.44	6.33	5.7	8.39	2.36	7.93	1	45	49	-9999.9	36	1	16.7	3
2025 03 02 11	1.85	1.77	6.95	6.23	9.07	3.42	8.29	1	46	50	-9999.9	32	1	16.7	3
2025 03 02 12	1.86	1.75	6.92	6.21	8.45	2.67	8.62	1	47	49	-9999.9	39	1	16.8	3
2025 03 02 13	1.58	1.5	6.14	5.63	8.21	2.8	7.78	1	46	49	-9999.9	41	1	16.9	3
2025 03 02 14	1.58	1.49	5.99	5.32	8.69	2.44	7.45	1	46	43	-9999.9	36	1	17.0	3
2025 03 02 15	1.56	1.43	5.3	4.77	8.29	2.69	7.66	1	51	54	-9999.9	44	1	17.0	3
2025 03 02 16	1.45	1.31	5.06	4.54	7.86	2.19	6.92	1	51	44	-9999.9	40	1	17.1	3
2025 03 02 17	1.53	1.38	4.86	4.55	8.3	2.63	8.34	1	53	47	-9999.9	37	1	17.0	3
2025 03 02 18	1.48	1.34	4.74	4.28	7.67	2.19	6.15	1	56	48	-9999.9	40	1	16.9	3
2025 03 02 19	1.46	1.31	4.61	4.27	7.57	2.14	7.92	1	56	49	-9999.9	45	1	16.8	3
2025 03 02 20	1.5	1.36	4.73	4.3	8.18	2.07	5.99	1	56	51	-9999.9	35	1	16.8	3
2025 03 02 21	1.53	1.4	4.77	4.5	7.5	2.14	6.55	1	55	57	-9999.9	36	1	16.8	3
2025 03 02 22	1.68	1.55	4.99	4.43	6.73	2.4	5.62	1	56	53	-9999.9	38	1	16.8	3
2025 03 02 23	1.72	1.55	4.84	4.56	7.01	2.37	6.18	1	51	52	-9999.9	35	1	16.8	3
2025 03 03 00	1.9	1.73	5.19	4.8	7.3	2.85	6.72	1	50	47	-9999.9	35	1	16.8	3
2025 03 03 01	1.94	1.77	5.25	4.8	7.31	2.9	7.02	1	50	49	-9999.9	42	1	16.8	3
2025 03 03 02	2.0	1.85	5.23	4.82	7.37	3.09	6.78	1	49	45	-9999.9	39	1	16.8	3
2025 03 03 03	2.23	2.05	5.64	5.22	7.82	3.6	8.31	1	47	48	-9999.9	39	1	16.8	3
2025 03 03 04	2.29	2.07	5.61	5.22	8.3	3.79	7.88	1	45	49	-9999.9	37	1	16.8	3
2025 03 03 05	2.11	1.94	5.64	5.11	8.13	3.82	7.51	1	49	50	-9999.9	39	1	16.8	3
2025 03 03 06	2.33	2.24	6.04	5.44	7.97	4.07	7.99	1	50	57	-9999.9	42	1	16.8	3
2025 03 03 07	2.24	2.05	5.99	5.59	9.05	3.36	7.73	1	50	54	-9999.9	44	1	16.8	3
2025 03 03 08	2.34	2.23	6.06	5.92	8.49	3.98	8.83	1	50	49	-9999.9	38	1	16.8	3
2025 03 03 09	2.03	1.85	5.83	5.57	8.39	3.28	7.55	1	55	54	-9999.9	39	1	16.8	3
2025 03 03 10	2.09	2.03	6.2	5.7	8.9	3.2	8.16	1	52	48	-9999.9	45	1	16.8	3
2025 03 03 11	2.04	1.9	6.27	5.52	8.52	2.73	8.01	1	55	50	-9999.9	47	1	16.9	3
2025 03 03 12	2.04	1.93	6.2	5.61	7.97	2.83	7.95	1	54	56	-9999.9	38	1	17.0	3
2025 03 03 13	1.95	1.87	5.99	5.49	8.34	3.0	6.65	1	56	53	-9999.9	42	1	17.0	3
2025 03 03 14	1.7	1.58	5.53	5.07	8.42	2.42	6.49	1	50	48	-9999.9	48	1	17.0	3
2025 03 03 15	1.72	1.5	5.48	5.15	8.13	2.91	8.0	1	52	51	-9999.9	42	1	17.0	3
2025 03 03 16	1.67	1.62	5.64	4.94	7.42	2.38	7.47	1	47	50	-9999.9	39	1	17.0	3
2025 03 03 17	1.89	1.71	5.47	5.11	7.77	3.07	7.63	1	45	39	-9999.9	44	1	17.1	3
2025 03 03 18	1.67	1.54	5.39	4.81	7.54	2.4	8.67	1	49	41	-9999.9	45	1	17.0	3
2025 03 03 19	1.72	1.59	5.71	5.07	8.21	2.78	7.67	1	50	46	-9999.9	42	1	17.0	3
2025 03 03 20	1.65	1.52	5.71	4.95	7.77	2.25	7.43	1	50	48	-9999.9	40	1	17.0	3
2025 03 03 21	1.54	1.43	5.5	4.94	7.79	2.38	6.9	1	47	43	-9999.9	33	1	16.9	3
2025 03 03 22	1.5	1.39	5.44	4.92	6.89	2.55	6.71	1	53	59	-9999.9	32	1	17.0	3
2025 03 03 23	1.45	1.32	5.17	4.84	8.03	2.5	7.46	1	53	55	-9999.9	41	1	16.9	3
2025 03 04 00	1.58	1.44	5.35	4.75	7.65	2.24	6.08	1	48	45	-9999.9	60	1	16.9	3
2025 03 04 01	1.72	1.55	5.08	4.77	7.57	2.58	5.97	1	50	50	-9999.9	44	1	16.9	3
2025 03 04 02	1.73	1.56	5.39	4.91	7.5	3.0	6.76	1	46	41	-9999.9	52	1	16.9	3
2025 03 04 03	1.76	1.68	5.71	4.94	7.63	2.39	6.72	1	46	47	-9999.9	37	1	16.9	3
2025 03 04 04	1.78	1.7	5.66	4.8	7.71	2.62	6.5	1	46	44	-9999.9	46	1	16.9	3
2025 03 04 05	1.78	1.63	5.05	4.73	7.66	2.63	7.78	1	48	40	-9999.9	37	1	16.9	3
2025 03 04 06	1.91	1.75	5.33	4.92	7.56	2.74	7.39	1	46	41	-9999.9	49	1	17.0	3
2025 03 04 07	1.87	1.75	5.36	4.76	7.9	3.62	6.34	1	49	42	-9999.9	45	1	16.9	3
2025 03 04 08	2.23	2.08	5.72	5.17	8.23	3.6	7.92	1	49	40	-9999.9	40	1	16.9	3
2025 03 04 09	2.32	2.18	5.87	5.3	8.56	3.05	7.39	1	49	34	-9999.9	44	1	16.9	3
2025 03 04 10	2.06	1.82	5.51	5.15	7.8	3.17	7.59	1	51	48	-9999.9	35	1	16.9	3
2025 03 04 11	2.18	1.98	5.84	5.36	8.71	3.15	7.99	1	46	41	-9999.9	44	1	17.0	3
2025 03 04 12	2.18	2.03	5.87	5.3	8.34	3.21	7.81	1	46	45	-9999.9	42	1	17.0	3
2025 03 04 13	2.3	2.24	6.33	5.77	8.59	3.56	8.36	1	43	42	-9999.9	35	1	17.1	3
2025 03 04 14	2.23	2.08	5.84	5.67	8.86	3.51	7.9	1	41	34	-9999.9	40	1	17.2	3
2025 03 04 15	2.74	2.55	6.9	6.48	9.06	3.83	6.96	1	38	34	-9999.9	51	1	17.2	3
2025 03 04 16	2.24	2.12	6.67	5.9	9.03	3.17	8.17	1	40	41	-9999.9	39	1	17.2	3
2025 03 04 17	2.42	2.22	6.79	6.16	9.15	3.28	9.2	1	42	43	-9999.9	45	1	17.2	3
2025 03 04 18	2.16	2.02	6.4	5.77	9.14	3.45	6.65	1	43	42	-9999.9	55	1	17.2	3
2025 03 04 19	2.19	2.12	6.7	5.94	8.36	3.37	7.88	1	45	50	-9999.9	39	1	17.2	3
2025 03 04 20	2.17	2.0	6.44	5.88	8.58	2.76	7.97	1	46	45	-9999.9	41	1	17.1	3
2025 03 04 21	1.94	1.78	6.06	5.38	8.42	3.15	7.78	1	47	51	-9999.9	48	1	17.1	3
2025 03 04 22	1.94	1.82	5.9	5.23	8.13	2.45	8.09	1	46	47	-9999.9	45	1	17.0	3
2025 03 04 23	1.94	1.77	5.49	5.0	8.31	2.83	6.68	1	43	39	-9999.9	38	1	17.0	3
2025 03 05 00	2.11	1.93	5.57	5.05	8.26	3.33	6.65	1	43	44	-9999.9	44	1	16.9	3
2025 03 05 01	1.93	1.76	5.22	4.84	8.01	2.68	6.79	1	43	42	-9999.9	46	1	16.9	3
2025 03 05 02	2.13	1.94	5.77	5.3	8.19	3.19	6.66	1	47	51	-9999.9	43	1	16.9	3
2025 03 05 03	1.97	1.85	5.67	5.23	7.87	2.89	6.29	1	44	47	-9999.9	52	1	17.0	3
2025 03 05 04	2.08	2.01	6.44	5.67	8.32	3.15	7.28	1	42	41	-9999.9	44	1	17.0	3
2025 03 05 05	1.89	1.81	5.91	5.48	8.33	2.83	6.61	1	42	36	-9999.9	34	1	17.0	3
2025 03 05 06	1.92	1.76	5.77	5.44	8.25	3.2	8.67	1	45	45	-9999.9	47	1	17.0	3
2025 03 05 07	2.01	1.88	6.26	5.71	8.32	3.24	6.94	1	38	27	-9999.9	45	1	16.9	3
2025 03 05 08	1.72	1.7	6.31	5.57	8.32	2.65	7.83	1	46	39	-9999.9	42	1	16.9	3
2025 03 05 09	1.8	1.72	5.95	5.66	8.26	2.82	7.48	1	49	46	-9999.9	39	1	17.0	3
2025 03 05 10	1.79	1.71	6.33	5.65	7.9	2.38	7.33	1	45	49	-9999.9	43	1	17.0	3
2025 03 05 11	1.67	1.6	6.36	5.75	8.29	2.67	7.9	1	49	47	-9999.9	41	1	17.2	3
2025 03 05 12	1.66	1.59	6.19	5.56	7.71	2.46	7.32	1	42	37	-9999.9	32	1	17.4	3
2025 03 05 13	1.72	1.65	6.26	5.6	7.56	2.64	7.35	1	45	53	-9999.9	41	1	17.5	3
2025 03 05 14	1.61	1.53	5.84	5.39	7.92	2.41	7.12	1	46	46	-9999.9	34	1	17.6	3
2025 03 05 15	1.71	1.63	6.0	5.5	7.78	2.81	7.2	1	41	46	-9999.9	48	1	17.7	3
2025 03 05 16	1.53	1.45	5.7	5.21	7.56	2.38	7.2	1	42	40	-9999.9	53	1	17.7	3
2025 03 05 17	1.58	1.52	6.01	5.35	8.25	2.55	7.69	1	46	44	-9999.9	45	1	17.6	3
2025 03 05 18	1.69	1.64	5.94	5.32	7.69	2.71	7.51	1	48	49	-9999.9	47	1	17.6	3
2025 03 05 19	1.69	1.56	5.9	5.34	8.31	2.17	6.66	1	47	44	-9999.9	44	1	17.5	3
2025 03 05 20	1.69	1.52	5.46	5.39	7.63	2.45	7.74	1	47	44	-9999.9	42	1	17.5	3
2025 03 05 21	1.62	1.52	5.72	5.4	8.17	3.45	7.44	1	46	43	-9999.9	38	1	17.4	3
2025 03 05 22	1.54	1.46	5.91	5.27	8.21	2.19	8.09	1	48	44	-9999.9	40	1	17.4	3
2025 03 05 23	1.69	1.59	5.85	5.42	8.16	2.84	7.85	1	46	47	-9999.9	39	1	17.4	3
2025 03 06 00	1.43	1.32	5.71	5.12	8.77	2.15	7.0	1	45	45	-9999.9	36	1	17.4	3
2025 03 06 01	1.49	1.41	5.93	5.35	8.33	2.03	8.52	1	48	49	-9999.9	43	1	17.4	3
2025 03 06 02	1.31	1.18	5.68	5.22	8.28	1.95	7.01	1	48	52	-9999.9	50	1	17.3	3
2025 03 06 03	1.28	1.19	5.59	5.13	8.19	2.08	7.73	1	52	48	-9999.9	44	1	17.3	3
2025 03 06 04	1.21	1.15	5.69	5.17	8.22	1.74	7.49	1	48	48	-9999.9	50	1	17.2	3
2025 03 06 05	1.31	1.23	5.82	5.24	8.13	1.86	7.71	1	51	56	-9999.9	47	1	17.2	3
2025 03 06 06	1.38	1.29	5.97	5.33	8.83	2.2	7.1	1	50	56	-9999.9	44	1	17.2	3
2025 03 06 07	1.48	1.38	6.1	5.54	8.33	2.28	8.72	1	48	50	-9999.9	34	1	17.1	3
2025 03 06 08	1.5	1.41	5.76	5.34	8.31	2.56	7.52	1	48	54	-9999.9	45	1	17.1	3
2025 03 06 09	1.48	1.37	6.02	5.46	9.18	2.71	8.14	1	52	47	-9999.9	45	1	17.1	3
2025 03 06 10	1.44	1.38	6.27	5.44	8.73	2.0	6.64	1	45	48	-9999.9	38	1	17.1	3
2025 03 06 11	1.42	1.33	5.56	5.35	7.77	2.79	6.64	1	42	44	-9999.9	40	1	17.1	3
2025 03 06 12	1.34	1.24	5.83	5.23	8.43	2.06	7.26	1	40	42	-9999.9	53	1	17.2	3
2025 03 06 13	1.56	1.49	6.26	5.67	8.03	2.46	7.31	1	45	43	-9999.9	50	1	17.2	3
2025 03 06 14	1.42	1.32	6.16	5.6	8.63	1.94	7.16	1	42	48	-9999.9	55	1	17.3	3
2025 03 06 15	1.6	1.51	6.36	5.7	7.74	2.37	8.14	1	45	49	-9999.9	47	1	17.2	3
2025 03 06 16	1.42	1.33	6.07	5.47	7.81	2.38	6.89	1	45	48	-9999.9	35	1	17.2	3
2025 03 06 17	1.43	1.34	5.62	5.0	8.31	2.34	7.21	1	45	48	-9999.9	46	1	17.1	3
2025 03 06 18	1.26	1.17	5.63	4.96	8.08	2.1	7.37	1	47	56	-9999.9	56	1	17.1	3
2025 03 06 19	1.16	1.08	5.93	5.24	9.01	1.59	7.97	1	44	46	-9999.9	44	1	17.1	3
2025 03 06 20	1.12	1.06	6.19	5.57	9.41	1.91	8.02	1	50	53	-9999.9	32	1	17.0	3
2025 03 06 21	1.04	0.96	5.67	5.2	8.74	1.46	6.9	1	50	60	-9999.9	57	1	17.1	3
2025 03 06 22	1.03	0.95	5.59	4.92	8.49	1.61	6.8	1	43	43	-9999.9	56	1	17.0	3
2025 03 06 23	1.06	0.95	5.68	5.22	8.52	1.88	8.48	1	41	48	-9999.9	45	1	17.0	3
2025 03 07 00	1.14	1.07	6.2	5.55	8.97	1.53	7.17	1	45	49	-9999.9	44	1	17.0	3
2025 03 07 01	1.05	0.97	5.9	5.54	8.39	1.62	6.5	1	43	43	-9999.9	41	1	17.0	3
2025 03 07 02	1.05	0.97	5.93	5.47	7.92	1.59	7.28	1	43	41	-9999.9	39	1	16.9	3
2025 03 07 03	1.0	0.93	5.82	5.3	7.61	1.76	6.81	1	43	40	-9999.9	45	1	16.9	3
2025 03 07 04	1.02	0.93	5.52	5.21	7.48	1.69	5.89	1	41	38	-9999.9	43	1	16.8	3
2025 03 07 05	0.96	0.9	5.35	5.0	7.59	1.56	6.2	1	45	45	-9999.9	51	1	16.8	3
2025 03 07 06	0.96	0.89	5.39	4.95	7.55	1.49	6.53	1	45	41	-9999.9	57	1	16.8	3
2025 03 07 07	0.97	0.87	5.46	4.89	8.08	1.38	8.01	1	46	45	-9999.9	44	1	16.9	3
2025 03 07 08	0.96	0.89	5.75	4.94	8.09	1.52	6.65	1	48	52	-9999.9	47	1	16.9	3
2025 03 07 09	1.02	0.93	5.59	5.1	8.77	1.39	6.16	1	49	53	-9999.9	51	1	16.9	3
2025 03 07 10	1.0	0.94	5.8	5.24	9.35	1.6	6.25	1	47	42	-9999.9	58	1	17.0	3
2025 03 07 11	0.96	0.89	5.55	5.15	8.95	1.53	6.72	1	44	51	-9999.9	43	1	17.3	3
2025 03 07 12	0.81	0.74	5.34	4.83	8.33	1.01	6.31	1	49	46	-9999.9	61	1	17.6	3
2025 03 07 13	0.89	0.8	5.61	5.22	9.31	1.55	9.13	1	51	65	-9999.9	47	1	17.6	3
2025 03 07 14	0.85	0.8	6.04	5.31	9.01	1.22	6.77	1	48	55	-9999.9	52	1	17.7	3
2025 03 07 15	0.93	0.89	6.35	5.61	8.62	1.26	9.17	1	52	54	-9999.9	39	1	17.7	3
2025 03 07 16	0.87	0.8	5.72	5.17	8.97	1.28	8.39	1	47	57	-9999.9	55	1	17.7	3
2025 03 07 17	0.88	0.8	5.66	5.06	8.8	1.6	7.09	1	47	59	-9999.9	53	1	17.5	3
2025 03 07 18	0.93	0.83	5.59	5.17	9.07	1.63	7.95	1	48	54	-9999.9	43	1	17.3	3
2025 03 07 19	0.84	0.77	5.57	5.06	8.46	1.31	7.19	1	50	56	-9999.9	42	1	17.4	3
2025 03 07 20	0.86	0.81	5.59	5.05	8.59	1.43	8.06	1	50	48	-9999.9	52	1	17.4	3
2025 03 07 21	0.86	0.81	5.94	5.22	8.56	1.38	8.88	1	50	57	-9999.9	43	1	17.5	3
2025 03 07 22	0.93	0.89	6.15	5.51	8.53	1.58	7.56	1	59	72	-9999.9	44	1	17.4	3
2025 03 07 23	0.81	0.78	6.01	5.27	8.83	1.3	7.94	1	52	66	-9999.9	49	1	17.4	3
2025 03 08 00	0.83	0.79	5.68	4.89	7.8	1.14	7.94	1	57	75	-9999.9	50	1	17.3	3
2025 03 08 01	0.82	0.78	5.99	5.14	8.75	1.47	8.0	1	60	59	-9999.9	42	1	17.2	3
2025 03 08 02	0.85	0.81	5.65	5.05	8.42	1.18	6.35	1	64	60	-9999.9	49	1	17.2	3
2025 03 08 03	0.78	0.75	5.35	4.79	8.2	1.15	7.03	1	63	70	-9999.9	48	1	17.2	3
2025 03 08 04	0.79	0.73	5.22	4.4	8.24	1.17	5.9	1	61	51	-9999.9	48	1	17.1	3
2025 03 08 05	0.76	0.7	5.01	4.01	7.88	1.22	8.01	1	62	40	-9999.9	59	1	17.1	3
2025 03 08 06	0.7	0.63	4.55	3.95	8.05	1.23	8.14	1	67	64	-9999.9	42	1	17.0	3
2025 03 08 07	0.65	0.58	4.55	3.78	8.4	1.09	8.18	1	71	68	-9999.9	56	1	17.0	3
2025 03 08 08	0.71	0.62	4.57	3.8	8.19	1.16	6.98	1	72	53	-9999.9	54	1	17.1	3
2025 03 08 09	0.67	0.6	4.93	4.1	8.23	1.05	7.32	1	67	61	-9999.9	62	1	17.1	3
2025 03 08 10	0.64	0.58	4.69	3.83	8.41	1.22	8.29	1	66	53	-9999.9	37	1	17.1	3
2025 03 08 11	0.65	0.55	4.23	3.56	8.41	0.88	6.58	1	71	72	-9999.9	54	1	17.2	3
2025 03 08 12	0.61	0.54	5.04	3.99	8.61	0.88	8.37	1	62	56	-9999.9	64	1	17.2	3
2025 03 08 13	0.6	0.53	4.52	3.76	8.75	1.01	8.41	1	71	75	-9999.9	63	1	17.3	3
2025 03 08 14	0.64	0.59	5.41	4.75	8.92	0.94	8.75	1	59	58	-9999.9	41	1	17.3	3
2025 03 08 15	0.75	0.59	3.45	3.05	7.89	1.14	5.72	1	21	61	-9999.9	51	1	17.1	3
2025 03 08 16	0.76	0.63	3.7	3.1	8.58	1.13	7.87	1	32	59	-9999.9	48	1	17.1	3
2025 03 08 17	0.7	0.6	4.33	3.6	8.84	1.12	8.41	1	42	65	-9999.9	55	1	17.0	3
2025 03 08 18	0.62	0.56	4.8	4.13	8.02	0.97	7.1	1	41	47	-9999.9	52	1	16.9	3
2025 03 08 19	0.62	0.57	5.32	4.57	8.09	0.95	5.13	1	46	50	-9999.9	43	1	16.8	3
2025 03 08 20	0.62	0.58	5.13	4.63	8.0	1.0	7.21	1	43	51	-9999.9	33	1	16.8	3
2025 03 08 21	0.64	0.61	5.42	4.39	8.93	1.08	7.33	1	50	68	-9999.9	55	1	16.9	3
2025 03 08 22	0.67	0.64	5.42	4.74	8.64	1.23	7.4	1	58	56	-9999.9	48	1	16.9	3
2025 03 08 23	0.65	0.59	5.32	4.74	8.23	1.07	6.72	1	60	64	-9999.9	44	1	16.9	3
2025 03 09 00	0.61	0.58	6.14	4.75	8.09	0.92	6.47	1	55	59	-9999.9	45	1	16.9	3
2025 03 09 01	0.53	0.48	5.17	4.07	7.95	0.74	8.05	1	55	67	-9999.9	41	1	16.9	3
2025 03 09 02	0.49	0.45	5.05	4.42	8.92	0.66	7.5	1	56	62	-9999.9	54	1	16.9	3
2025 03 09 03	0.46	0.42	5.31	4.74	8.65	0.71	7.83	1	64	67	-9999.9	47	1	16.8	3
2025 03 09 04	0.44	0.4	5.42	4.95	8.65	0.68	6.6	1	65	65	-9999.9	53	1	16.9	3
2025 03 09 05	0.42	0.39	5.47	4.74	8.4	0.71	7.21	1	57	71	-9999.9	50	1	16.9	3
2025 03 09 06	0.38	0.35	5.29	4.53	8.29	0.56	6.99	1	54	62	-9999.9	45	1	16.8	3
2025 03 09 07	0.34	0.32	5.29	4.14	8.59	0.49	8.91	1	63	78	-9999.9	58	1	16.8	3
2025 03 09 08	0.34	0.29	4.66	3.95	8.55	0.49	7.23	1	57	75	-9999.9	56	1	16.8	3
2025 03 09 09	0.31	0.28	4.33	3.62	8.48	0.42	7.08	1	71	76	-9999.9	57	1	16.8	3
2025 03 09 10	0.29	0.25	3.87	3.05	7.94	0.4	6.75	1	72	55	-9999.9	62	1	17.0	3
2025 03 09 11	0.31	0.27	4.2	3.66	9.01	0.51	7.66	1	52	52	-9999.9	49	1	17.1	3
2025 03 09 12	0.29	0.26	4.22	3.41	8.18	0.4	6.48	1	48	61	-9999.9	49	1	17.1	3
2025 03 09 13	0.36	0.29	3.22	2.51	6.39	0.47	8.54	1	43	85	-9999.9	49	1	17.1	3
2025 03 09 14	0.38	0.31	3.08	2.37	2.76	0.49	4.89	1	34	66	-9999.9	65	1	17.1	3
2025 03 09 15	0.29	0.23	3.08	2.47	6.19	0.48	5.77	1	37	77	-9999.9	54	1	17.1	3
2025 03 09 16	0.26	0.22	3.2	2.41	3.18	0.37	3.36	1	57	55	-9999.9	64	1	17.1	3
2025 03 09 17	0.29	0.23	3.24	2.54	4.73	0.4	4.39	1	46	58	-9999.9	75	1	17.1	3
2025 03 09 18	0.29	0.23	3.28	2.72	6.12	0.4	7.9	1	56	82	-9999.9	40	1	17.0	3
2025 03 09 19	0.26	0.21	3.31	2.73	5.54	0.38	6.35	1	49	74	-9999.9	69	1	17.0	3
2025 03 09 20	0.22	0.2	3.5	2.68	7.29	0.38	7.13	1	54	54	-9999.9	44	1	16.9	3
2025 03 09 21	0.22	0.19	3.52	2.89	5.12	0.32	5.59	1	61	59	-9999.9	51	1	16.9	3
2025 03 09 22	0.26	0.2	3.13	2.7	4.96	0.35	6.51	1	75	88	-9999.9	47	1	16.9	3
2025 03 09 23	0.29	0.24	2.96	2.57	2.64	0.38	3.28	1	80	92	-9999.9	32	1	16.9	3
2025 03 10 00	0.31	0.26	3.09	2.8	2.83	0.47	3.08	1	76	90	-9999.9	32	1	16.9	3
2025 03 10 01	0.26	0.21	3.24	2.86	3.01	0.38	3.04	1	83	81	-9999.9	44	1	16.9	3
2025 03 10 02	0.22	0.19	3.24	2.71	3.91	0.29	3.63	1	81	88	-9999.9	57	1	16.9	3
2025 03 10 03	0.18	0.17	3.47	2.78	3.98	0.31	2.83	1	98	105	-9999.9	59	1	16.8	3
2025 03 10 04	0.18	0.15	4.11	3.66	7.55	0.22	6.71	1	81	42	-9999.9	51	1	16.8	3
2025 03 10 05	0.13	0.13	4.24	2.78	8.17	0.2	7.38	1	78	48	-9999.9	57	1	16.8	3
2025 03 10 06	0.13	0.14	4.4	2.78	7.49	0.21	5.47	1	77	60	-9999.9	39	1	16.8	3
2025 03 10 07	0.13	0.13	5.13	3.78	7.19	0.2	5.47	1	65	63	-9999.9	53	1	16.8	3
2025 03 10 08	0.13	0.13	4.91	3.17	7.86	0.22	8.33	1	74	54	-9999.9	48	1	16.8	3
2025 03 10 09	0.18	0.16	2.91	2.21	3.42	0.25	5.33	1	105	47	-9999.9	62	1	16.8	3
2025 03 10 10	0.22	0.18	2.86	2.32	3.3	0.33	2.79	1	105	80	-9999.9	63	1	17.0	3
2025 03 10 11	0.26	0.21	2.93	2.63	3.61	0.31	3.34	1	103	101	-9999.9	48	1	17.2	3
2025 03 10 12	0.26	0.22	3.2	2.68	3.4	0.35	4.0	1	111	116	-9999.9	34	1	17.3	3
2025 03 10 13	0.29	0.22	2.92	2.36	1.8	0.35	5.18	1	85	82	-9999.9	72	1	17.3	3
2025 03 10 14	0.29	0.22	2.77	2.29	2.17	0.36	6.48	1	51	91	-9999.9	65	1	17.2	3
2025 03 10 15	0.22	0.19	2.84	2.12	2.34	0.31	2.0	1	47	51	-9999.9	57	1	17.2	3
2025 03 10 16	0.22	0.17	2.87	2.3	3.71	0.27	7.83	1	56	58	-9999.9	61	1	17.2	3
2025 03 10 17	0.18	0.16	3.34	2.43	7.96	0.26	2.04	1	56	59	-9999.9	44	1	17.2	3
2025 03 10 18	0.22	0.17	3.15	2.56	6.26	0.28	7.8	1	57	35	-9999.9	67	1	17.1	3
2025 03 10 19	0.18	0.17	3.79	2.5	8.2	0.27	6.23	1	60	56	-9999.9	54	1	17.1	3
2025 03 10 20	0.18	0.15	3.8	2.95	8.04	0.27	7.27	1	64	100	-9999.9	71	1	17.1	3
2025 03 10 21	0.18	0.17	3.36	2.3	4.84	0.31	4.91	1	73	74	-9999.9	52	1	17.0	3
2025 03 10 22	0.18	0.16	3.55	2.73	7.78	0.24	7.31	1	73	64	-9999.9	49	1	17.0	3
2025 03 10 23	0.18	0.15	4.06	3.43	8.22	0.27	8.19	1	65	61	-9999.9	39	1	17.0	3
2025 03 11 00	0.13	0.14	4.31	2.78	7.28	0.21	3.87	1	63	45	-9999.9	60	1	17.0	3
2025 03 11 01	0.18	0.15	4.27	3.93	5.08	0.28	5.18	1	62	48	-9999.9	54	1	16.9	3
2025 03 11 02	0.13	0.13	4.35	3.17	7.68	0.21	4.84	1	65	63	-9999.9	40	1	16.9	3
2025 03 11 03	0.13	0.12	4.28	3.17	7.39	0.22	6.68	1	67	71	-9999.9	52	1	16.9	3
2025 03 11 04	0.13	0.12	3.58	2.78	4.41	0.18	4.62	1	88	60	-9999.9	61	1	16.9	3
2025 03 11 05	0.18	0.15	2.86	2.36	2.44	0.28	3.03	1	113	139	-9999.9	33	1	16.9	3
2025 03 11 06	0.18	0.14	3.1	2.78	5.98	0.22	4.26	1	92	36	-9999.9	39	1	16.8	3
2025 03 11 07	0.18	0.17	3.41	2.73	3.35	0.33	2.95	1	107	125	-9999.9	26	1	16.9	3
2025 03 11 08	0.18	0.15	3.22	2.83	2.95	0.28	3.91	1	99	126	-9999.9	36	1	16.9	3
2025 03 11 09	0.13	0.12	3.68	2.68	5.39	0.18	4.51	1	69	37	-9999.9	49	1	17.0	3
2025 03 11 10	0.13	0.11	3.77	3.02	5.36	0.18	4.94	1	69	51	-9999.9	57	1	17.1	3
2025 03 11 11	0.13	0.11	3.58	3.02	5.33	0.16	6.56	1	68	71	-9999.9	62	1	17.2	3
2025 03 11 12	0.13	0.11	3.74	3.02	5.58	0.19	4.53	1	64	56	-9999.9	61	1	17.1	3
2025 03 11 13	0.13	0.11	3.73	2.89	5.68	0.17	3.83	1	68	46	-9999.9	60	1	17.1	3
2025 03 11 14	0.13	0.12	3.22	2.19	3.24	0.21	4.82	1	56	38	-9999.9	65	1	17.0	3
2025 03 11 15	0.26	0.2	2.65	2.08	1.7	0.32	1.68	1	7	4	-9999.9	65	1	17.0	3
2025 03 11 16	0.31	0.23	2.54	2.08	1.69	0.35	1.89	1	3	332	-9999.9	64	1	17.0	3
2025 03 11 17	0.13	0.12	3.18	2.19	4.15	0.19	5.04	1	48	54	-9999.9	66	1	16.9	3
2025 03 11 18	0.13	0.1	4.92	4.09	6.52	0.17	6.77	1	71	76	-9999.9	61	1	16.9	3
2025 03 11 19	0.13	0.11	5.38	4.48	5.9	0.17	5.94	1	77	81	-9999.9	50	1	16.9	3
2025 03 11 20	0.13	0.13	3.7	2.36	5.85	0.19	7.03	1	98	99	-9999.9	45	1	16.9	3
2025 03 11 21	0.22	0.18	3.32	2.89	5.62	0.33	4.92	1	82	61	-9999.9	61	1	16.8	3
2025 03 11 22	0.18	0.14	3.37	3.17	4.63	0.23	4.4	1	103	111	-9999.9	36	1	-9999.9	-9999.9
2025 03 11 23	0.13	0.14	4.23	2.89	4.35	0.22	5.91	1	100	116	-9999.9	53	1	16.9	3
2025 03 12 00	0.18	0.16	4.22	3.25	4.29	0.25	13.05	1	105	89	-9999.9	42	1	16.8	3
2025 03 12 01	0.18	0.16	3.63	2.47	2.96	0.26	5.01	1	82	41	-9999.9	61	1	16.8	3
2025 03 12 02	0.26	0.22	3.3	2.3	2.36	0.35	3.91	1	36	45	-9999.9	58	1	16.8	3
2025 03 12 03	0.31	0.26	3.5	2.93	5.17	0.48	5.62	1	18	8	-9999.9	52	1	16.7	3
2025 03 12 04	0.31	0.27	4.07	3.54	6.01	0.45	4.77	1	21	17	-9999.9	49	1	16.7	3
2025 03 12 05	0.31	0.27	3.81	3.62	6.89	0.43	5.48	1	17	10	-9999.9	39	1	16.7	3
2025 03 12 06	0.34	0.31	3.99	3.34	6.73	0.57	4.56	1	18	7	-9999.9	32	1	16.7	3
2025 03 12 07	0.36	0.32	3.71	3.23	7.46	0.49	6.4	1	20	10	-9999.9	26	1	16.7	3
2025 03 12 08	0.36	0.31	3.77	3.46	6.23	0.52	5.73	1	23	55	-9999.9	54	1	16.7	3
2025 03 12 09	0.36	0.31	4.02	3.66	4.7	0.53	4.24	1	33	29	-9999.9	46	1	16.8	3
2025 03 12 10	0.29	0.26	3.86	3.27	5.51	0.46	3.87	1	27	40	-9999.9	47	1	16.8	3
2025 03 12 11	0.29	0.26	3.86	3.17	5.5	0.43	3.57	1	35	25	-9999.9	49	1	16.9	3
2025 03 12 12	0.26	0.23	3.98	3.43	6.06	0.38	4.48	1	43	66	-9999.9	59	1	17.0	3
2025 03 12 13	0.29	0.26	4.3	3.3	7.58	0.4	8.87	1	44	47	-9999.9	43	1	17.0	3
2025 03 12 14	0.29	0.24	3.7	2.87	6.71	0.4	8.05	1	46	69	-9999.9	44	1	16.9	3
2025 03 12 15	0.31	0.26	3.42	2.71	6.31	0.43	6.33	1	41	104	-9999.9	56	1	16.9	3
2025 03 12 16	0.29	0.23	3.26	2.62	6.41	0.37	3.61	1	31	36	-9999.9	60	1	16.9	3
2025 03 12 17	0.22	0.19	3.94	3.17	7.19	0.31	4.85	1	48	83	-9999.9	38	1	16.9	3
2025 03 12 18	0.18	0.17	4.53	3.54	7.1	0.31	4.98	1	75	100	-9999.9	54	1	16.9	3
2025 03 12 19	0.18	0.17	4.28	3.34	7.25	0.28	5.78	1	77	97	-9999.9	55	1	16.9	3
2025 03 12 20	0.26	0.2	3.3	2.75	5.86	0.34	5.7	1	91	97	-9999.9	63	1	16.8	3
2025 03 12 21	0.22	0.19	3.6	3.02	6.75	0.36	4.61	1	88	76	-9999.9	46	1	16.8	3
2025 03 12 22	0.18	0.16	3.82	3.17	6.22	0.24	5.92	1	89	89	-9999.9	64	1	16.8	3
2025 03 12 23	0.18	0.16	4.08	3.25	6.48	0.26	4.51	1	89	77	-9999.9	57	1	16.8	3
2025 03 13 00	0.18	0.16	4.11	3.34	7.01	0.24	5.01	1	83	49	-9999.9	49	1	16.8	3
2025 03 13 01	0.18	0.15	3.81	3.17	6.28	0.25	5.66	1	88	87	-9999.9	46	1	16.8	3
2025 03 13 02	0.18	0.15	3.94	3.43	6.16	0.23	5.81	1	82	107	-9999.9	65	1	16.8	3
2025 03 13 03	0.22	0.18	3.15	2.81	4.14	0.36	2.5	1	102	90	-9999.9	52	1	16.8	3
2025 03 13 04	0.31	0.25	2.76	2.59	2.71	0.46	2.59	1	125	135	-9999.9	25	1	16.8	3
2025 03 13 05	0.26	0.22	2.77	2.36	2.41	0.36	2.48	1	117	137	-9999.9	29	1	16.7	3
2025 03 13 06	0.34	0.28	2.71	2.5	2.68	0.42	2.54	1	122	122	-9999.9	26	1	16.8	3
2025 03 13 07	0.36	0.29	2.83	2.56	2.95	0.53	2.89	1	128	139	-9999.9	22	1	16.8	3
2025 03 13 08	0.26	0.2	2.92	2.75	2.77	0.31	3.15	1	115	129	-9999.9	40	1	16.8	3
2025 03 13 09	0.18	0.16	3.19	2.55	5.68	0.27	2.46	1	95	65	-9999.9	40	1	16.8	3
2025 03 13 10	0.18	0.16	2.68	1.95	1.8	0.29	4.89	1	118	138	-9999.9	60	1	16.8	3
2025 03 13 11	0.18	0.17	4.26	2.59	4.08	0.4	16.67	1	97	53	-9999.9	58	1	16.9	3
2025 03 13 12	0.13	0.14	4.64	2.3	9.15	0.28	19.18	1	65	49	-9999.9	71	1	17.0	3
2025 03 13 13	0.22	0.18	2.47	1.97	1.79	0.38	1.85	1	348	330	-9999.9	56	1	17.0	3
2025 03 13 14	0.13	0.11	3.2	2.3	2.14	0.2	2.89	1	64	80	-9999.9	56	1	17.0	3
2025 03 13 15	0.01	0.08	4.68	0.0	6.36	0.12	6.68	1	48	50	-9999.9	61	1	17.0	3
2025 03 13 16	0.18	0.15	3.03	2.24	1.65	0.25	1.66	1	355	207	-9999.9	76	1	16.9	3
2025 03 13 17	0.22	0.17	2.29	1.97	1.66	0.37	1.74	1	9	357	-9999.9	64	1	16.9	3
2025 03 13 18	0.13	0.11	2.94	2.09	1.64	0.19	3.38	1	39	72	-9999.9	77	1	16.9	3
2025 03 13 19	0.13	0.1	3.43	2.78	3.53	0.16	4.69	1	34	86	-9999.9	62	1	16.8	3
2025 03 13 20	0.13	0.13	3.99	2.78	5.99	0.2	6.85	1	28	19	-9999.9	48	1	16.8	3
2025 03 13 21	0.13	0.13	4.55	3.34	7.81	0.21	4.95	1	19	10	-9999.9	55	1	16.8	3
2025 03 13 22	0.18	0.16	4.49	3.78	7.45	0.23	7.55	1	22	16	-9999.9	48	1	16.8	3
2025 03 13 23	0.22	0.19	4.18	3.7	6.61	0.29	4.87	1	23	13	-9999.9	40	1	16.8	3
2025 03 14 00	0.22	0.2	3.8	3.12	6.56	0.33	5.27	1	38	2	-9999.9	55	1	16.8	3
2025 03 14 01	0.26	0.21	3.75	3.29	5.66	0.37	4.0	1	57	68	-9999.9	66	1	16.8	3
2025 03 14 02	0.22	0.2	3.68	2.89	5.13	0.43	4.55	1	46	31	-9999.9	55	1	16.8	3
2025 03 14 03	0.26	0.21	3.59	2.95	5.88	0.36	6.21	1	44	47	-9999.9	65	1	16.8	3
2025 03 14 04	0.26	0.23	4.75	3.93	6.53	0.37	5.11	1	30	5	-9999.9	43	1	16.8	3
2025 03 14 05	0.34	0.31	4.53	4.14	5.93	0.49	5.92	1	14	359	-9999.9	54	1	16.8	3
2025 03 14 06	0.34	0.3	3.6	3.04	6.05	0.52	4.39	1	48	26	-9999.9	54	1	16.7	3
2025 03 14 07	0.31	0.27	3.8	3.12	5.77	0.4	5.51	1	52	25	-9999.9	55	1	16.7	3
2025 03 14 08	0.22	0.19	3.57	2.65	5.82	0.3	7.55	1	61	79	-9999.9	58	1	16.7	3
2025 03 14 09	0.22	0.19	4.34	3.62	6.92	0.3	7.94	1	71	88	-9999.9	47	1	16.8	3
2025 03 14 10	0.22	0.18	4.69	4.09	8.49	0.3	6.87	1	68	78	-9999.9	50	1	16.8	3
2025 03 14 11	0.22	0.18	4.73	3.7	11.63	0.26	10.01	1	69	37	-9999.9	65	1	16.9	3
2025 03 14 12	0.26	0.2	3.24	2.65	3.74	0.36	1.91	1	53	68	-9999.9	55	1	16.8	3
2025 03 14 13	0.22	0.18	3.73	3.07	11.9	0.31	7.06	1	65	68	-9999.9	63	1	16.9	3
2025 03 14 14	0.31	0.24	3.02	2.28	1.58	0.39	1.91	1	31	17	-9999.9	76	1	16.9	3
2025 03 14 15	0.31	0.26	2.8	2.07	1.74	0.42	1.86	1	4	325	-9999.9	59	1	16.9	3
2025 03 14 16	0.26	0.2	3.3	2.55	2.05	0.41	6.59	1	44	64	-9999.9	64	1	16.8	3
2025 03 14 17	0.29	0.23	3.05	2.29	1.74	0.37	5.48	1	26	269	-9999.9	74	1	16.8	3
2025 03 14 18	0.29	0.24	3.21	2.36	2.19	0.42	4.98	1	22	4	-9999.9	63	1	16.8	3
2025 03 14 19	0.31	0.26	2.95	2.43	3.82	0.49	3.79	1	14	10	-9999.9	41	1	16.8	3
2025 03 14 20	0.29	0.25	3.35	2.6	5.6	0.42	5.73	1	26	46	-9999.9	62	1	16.8	3
2025 03 14 21	0.29	0.22	3.29	2.76	4.45	0.39	5.28	1	21	16	-9999.9	38	1	16.7	3
2025 03 14 22	0.26	0.23	3.89	3.39	6.06	0.49	5.41	1	26	10	-9999.9	46	1	16.8	3
2025 03 14 23	0.22	0.19	4.1	3.78	5.76	0.28	5.4	1	31	24	-9999.9	39	1	16.7	3
2025 03 15 00	0.26	0.21	4.18	3.93	5.66	0.34	5.1	1	41	71	-9999.9	52	1	16.7	3
2025 03 15 01	0.26	0.22	4.29	3.93	6.05	0.4	5.25	1	50	50	-9999.9	53	1	16.8	3
2025 03 15 02	0.26	0.24	4.28	3.66	6.3	0.38	7.37	1	31	40	-9999.9	60	1	16.7	3
2025 03 15 03	0.34	0.3	3.86	2.98	5.89	0.48	4.14	1	30	48	-9999.9	45	1	16.7	3
2025 03 15 04	0.36	0.32	3.73	2.95	6.69	0.55	6.98	1	24	47	-9999.9	39	1	16.7	3
2025 03 15 05	0.36	0.3	3.65	3.19	6.22	0.46	4.79	1	27	37	-9999.9	53	1	16.7	3
2025 03 15 06	0.38	0.34	4.28	3.67	6.17	0.56	5.94	1	20	26	-9999.9	39	1	16.6	3
2025 03 15 07	0.41	0.37	4.48	3.9	6.0	0.58	5.28	1	24	32	-9999.9	44	1	16.5	3
2025 03 15 08	0.53	0.46	3.64	3.23	5.18	0.71	5.45	1	16	16	-9999.9	50	1	16.6	3
2025 03 15 09	0.49	0.42	4.13	3.35	6.0	0.68	5.43	1	23	13	-9999.9	50	1	16.6	3
2025 03 15 10	0.42	0.37	3.88	3.14	5.81	0.67	5.35	1	32	66	-9999.9	46	1	16.6	3
2025 03 15 11	0.38	0.32	3.29	2.78	5.75	0.63	5.2	1	29	52	-9999.9	47	1	16.6	3
2025 03 15 12	0.42	0.36	3.28	2.64	5.65	0.61	6.31	1	31	65	-9999.9	54	1	16.7	3
2025 03 15 13	0.38	0.32	3.43	2.87	6.62	0.51	8.42	1	37	88	-9999.9	45	1	16.7	3
2025 03 15 14	0.44	0.36	3.49	2.78	8.06	0.73	6.27	1	38	50	-9999.9	36	1	16.7	3
2025 03 15 15	0.44	0.37	3.9	3.08	7.87	0.6	7.77	1	39	67	-9999.9	64	1	16.7	3
2025 03 15 16	0.44	0.39	4.13	3.34	7.57	0.68	10.46	1	42	63	-9999.9	56	1	16.8	3
2025 03 15 17	0.42	0.38	4.4	3.62	7.71	0.63	7.93	1	45	72	-9999.9	65	1	16.7	3
2025 03 15 18	0.41	0.36	4.74	3.93	8.82	0.61	7.12	1	48	71	-9999.9	50	1	16.7	3
2025 03 15 19	0.46	0.41	5.22	4.66	9.03	0.6	7.81	1	50	62	-9999.9	53	1	16.7	3
2025 03 15 20	0.38	0.35	4.82	4.21	8.78	0.56	7.34	1	46	61	-9999.9	55	1	16.7	3
2025 03 15 21	0.44	0.4	5.29	4.44	8.59	0.56	7.31	1	47	56	-9999.9	48	1	16.7	3
2025 03 15 22	0.41	0.36	5.01	4.48	8.35	0.56	7.99	1	46	47	-9999.9	43	1	16.7	3
2025 03 15 23	0.38	0.35	4.92	4.34	8.25	0.5	6.94	1	42	60	-9999.9	45	1	16.7	3
2025 03 16 00	0.34	0.31	4.69	4.14	8.13	0.56	6.7	1	44	54	-9999.9	41	1	16.6	3
2025 03 16 01	0.34	0.3	4.49	4.04	8.01	0.5	7.14	1	42	60	-9999.9	32	1	16.6	3
2025 03 16 02	0.34	0.3	4.71	3.91	7.77	0.47	6.04	1	46	52	-9999.9	47	1	16.6	3
2025 03 16 03	0.34	0.31	4.64	3.95	7.55	0.46	6.23	1	57	69	-9999.9	42	1	16.6	3
2025 03 16 04	0.31	0.29	4.42	3.83	8.05	0.46	7.92	1	49	65	-9999.9	43	1	16.6	3
2025 03 16 05	0.34	0.3	4.29	3.61	7.24	0.54	6.86	1	66	73	-9999.9	45	1	16.6	3
2025 03 16 06	0.34	0.3	4.32	3.48	7.26	0.45	6.96	1	68	58	-9999.9	38	1	16.6	3
2025 03 16 07	0.38	0.33	4.14	3.62	7.49	0.6	5.94	1	71	61	-9999.9	38	1	16.6	3
2025 03 16 08	0.36	0.32	4.05	3.39	7.28	0.57	6.86	1	71	70	-9999.9	36	1	16.6	3
2025 03 16 09	0.36	0.32	4.18	3.51	7.53	0.69	6.09	1	73	54	-9999.9	48	1	16.6	3
2025 03 16 10	0.36	0.32	4.13	3.72	7.37	0.66	6.42	1	76	79	-9999.9	54	1	16.7	3
2025 03 16 11	0.34	0.3	4.58	3.99	7.51	0.5	6.5	1	65	52	-9999.9	42	1	16.8	3
2025 03 16 12	0.34	0.3	3.84	3.1	7.19	0.5	6.97	1	55	60	-9999.9	58	1	16.9	3
2025 03 16 13	0.34	0.29	3.43	2.65	7.03	0.53	5.9	1	39	60	-9999.9	42	1	16.9	3
2025 03 16 14	0.31	0.26	3.31	2.56	6.57	0.46	5.62	1	41	74	-9999.9	49	1	16.9	3
2025 03 16 15	0.36	0.3	2.87	2.32	2.33	0.46	2.21	1	39	23	-9999.9	34	1	16.9	3
2025 03 16 16	0.34	0.27	2.92	2.5	2.82	0.42	3.59	1	48	70	-9999.9	61	1	16.9	3
2025 03 16 17	0.26	0.22	3.2	2.45	4.86	0.36	5.56	1	40	35	-9999.9	52	1	16.8	3
2025 03 16 18	0.22	0.2	3.49	2.74	7.1	0.34	5.75	1	47	66	-9999.9	38	1	16.8	3
2025 03 16 19	0.22	0.18	3.88	3.28	6.69	0.34	4.39	1	57	69	-9999.9	47	1	16.8	3
2025 03 16 20	0.22	0.2	3.92	3.17	5.82	0.32	5.33	1	44	31	-9999.9	54	1	16.8	3
2025 03 16 21	0.22	0.19	3.98	3.47	4.91	0.32	4.66	1	47	64	-9999.9	55	1	16.7	3
2025 03 16 22	0.22	0.19	3.4	2.78	4.45	0.39	4.57	1	56	32	-9999.9	44	1	16.7	3
2025 03 16 23	0.22	0.19	3.59	2.93	4.74	0.3	4.62	1	54	45	-9999.9	53	1	16.7	3
2025 03 17 00	0.18	0.17	3.6	2.73	4.33	0.26	5.71	1	52	46	-9999.9	51	1	16.7	3
2025 03 17 01	0.22	0.19	3.65	3.22	4.63	0.31	4.97	1	45	20	-9999.9	51	1	16.7	3
2025 03 17 02	0.22	0.18	3.74	3.34	4.42	0.28	4.02	1	47	22	-9999.9	46	1	16.7	3
2025 03 17 03	0.18	0.17	3.42	2.63	4.68	0.31	4.55	1	61	54	-9999.9	62	1	16.7	3
2025 03 17 04	0.18	0.16	2.95	2.11	1.73	0.25	4.42	1	62	37	-9999.9	75	1	16.7	3
2025 03 17 05	0.29	0.23	2.73	2.11	1.9	0.36	2.02	1	121	132	-9999.9	35	1	16.7	3
2025 03 17 06	0.29	0.23	2.82	2.26	1.97	0.47	4.17	1	119	136	-9999.9	26	1	16.7	3
2025 03 17 07	0.22	0.17	2.62	2.32	1.99	0.3	1.84	1	110	122	-9999.9	51	1	16.7	3
2025 03 17 08	0.18	0.14	3.13	2.68	3.21	0.21	4.3	1	91	66	-9999.9	62	1	16.7	3
2025 03 17 09	0.18	0.15	2.87	2.33	2.65	0.26	1.85	1	108	113	-9999.9	35	1	16.8	3
2025 03 17 10	0.22	0.18	2.88	2.53	2.42	0.29	3.09	1	112	129	-9999.9	23	1	16.9	3
2025 03 17 11	0.22	0.17	2.81	2.5	2.84	0.29	2.74	1	107	113	-9999.9	42	1	17.1	3
2025 03 17 12	0.18	0.15	3.06	2.47	2.99	0.24	2.17	1	82	60	-9999.9	56	1	17.8	3
2025 03 17 13	0.18	0.16	2.91	2.14	2.49	0.34	2.14	1	76	90	-9999.9	56	1	17.5	3
2025 03 17 14	0.22	0.18	2.47	2.0	1.72	0.33	1.93	1	44	40	-9999.9	63	1	17.4	3
2025 03 17 15	0.29	0.22	2.41	2.08	1.9	0.41	1.97	1	51	34	-9999.9	52	1	17.4	3
2025 03 17 16	0.36	0.29	2.58	2.31	2.57	0.53	2.77	1	63	61	-9999.9	32	1	17.3	3
2025 03 17 17	0.38	0.31	2.72	2.41	2.87	0.5	1.84	1	61	54	-9999.9	58	1	17.4	3
2025 03 17 18	0.38	0.32	2.81	2.47	2.89	0.59	2.98	1	53	55	-9999.9	52	1	17.2	3
2025 03 17 19	0.44	0.36	2.8	2.66	3.17	0.57	2.84	1	50	42	-9999.9	41	1	17.1	3
2025 03 17 20	0.48	0.4	3.12	2.76	3.47	0.76	3.65	1	51	40	-9999.9	53	1	17.1	3
2025 03 17 21	0.51	0.44	3.18	2.93	3.94	0.78	3.76	1	47	36	-9999.9	44	1	17.1	3
2025 03 17 22	0.64	0.56	3.59	3.21	4.44	0.94	4.3	1	49	50	-9999.9	38	1	17.0	3
2025 03 17 23	0.7	0.62	3.7	3.33	4.81	1.18	4.69	1	53	47	-9999.9	44	1	17.1	3
2025 03 18 00	0.75	0.68	4.0	3.47	5.09	1.33	5.93	1	51	51	-9999.9	38	1	17.1	3
2025 03 18 01	0.76	0.67	4.0	3.74	5.53	1.18	5.64	1	50	48	-9999.9	27	1	17.1	3
2025 03 18 02	0.74	0.65	3.93	3.76	5.61	1.0	5.62	1	50	41	-9999.9	34	1	17.1	3
2025 03 18 03	0.71	0.66	4.23	3.86	5.46	1.18	4.76	1	55	55	-9999.9	40	1	17.1	3
2025 03 18 04	0.79	0.72	4.31	3.92	5.6	1.39	5.37	1	53	38	-9999.9	35	1	17.1	3
2025 03 18 05	0.78	0.71	4.44	4.19	5.18	1.27	5.09	1	47	45	-9999.9	49	1	17.0	3
2025 03 18 06	0.71	0.65	4.86	4.29	5.54	1.03	5.57	1	44	42	-9999.9	36	1	17.0	3
2025 03 18 07	0.7	0.65	4.77	4.35	5.73	1.14	5.46	1	45	35	-9999.9	41	1	16.9	3
2025 03 18 08	0.69	0.64	4.92	4.39	5.62	1.08	5.8	1	40	32	-9999.9	33	1	16.8	3
2025 03 18 09	0.7	0.64	4.68	3.97	5.7	1.07	6.0	1	35	29	-9999.9	32	1	16.9	3
2025 03 18 10	0.66	0.6	4.16	3.41	5.61	1.01	5.85	1	27	34	-9999.9	45	1	16.9	3
2025 03 18 11	0.65	0.59	4.44	3.77	5.56	0.94	5.61	1	37	43	-9999.9	36	1	17.0	3
2025 03 18 12	0.56	0.49	4.07	3.7	5.5	0.84	4.7	1	35	37	-9999.9	36	1	17.0	3
2025 03 18 13	0.48	0.45	4.55	3.97	5.87	0.79	5.4	1	42	55	-9999.9	38	1	17.2	3
2025 03 18 14	0.46	0.43	4.2	3.51	6.21	0.72	5.69	1	51	54	-9999.9	44	1	17.2	3
2025 03 18 15	0.53	0.45	3.81	3.34	5.92	0.77	5.74	1	44	64	-9999.9	37	1	17.2	3
2025 03 18 16	0.51	0.45	3.66	3.0	5.8	0.73	6.18	1	34	51	-9999.9	29	1	17.1	3
2025 03 18 17	0.46	0.41	3.67	2.98	5.8	0.7	4.31	1	36	51	-9999.9	35	1	17.1	3
2025 03 18 18	0.36	0.32	3.72	3.17	5.49	0.58	5.78	1	44	64	-9999.9	43	1	17.0	3
2025 03 18 19	0.34	0.3	4.12	3.61	5.52	0.45	6.11	1	48	55	-9999.9	39	1	17.0	3
2025 03 18 20	0.31	0.28	4.01	3.47	5.78	0.44	5.09	1	45	38	-9999.9	67	1	17.0	3
2025 03 18 21	0.34	0.3	4.37	3.82	5.34	0.51	5.83	1	47	59	-9999.9	55	1	16.9	3
2025 03 18 22	0.34	0.3	4.39	3.95	5.57	0.52	4.68	1	43	47	-9999.9	45	1	16.9	3
2025 03 18 23	0.36	0.33	4.53	4.09	5.7	0.51	4.3	1	47	44	-9999.9	47	1	16.9	3
2025 03 19 00	0.31	0.27	4.15	3.62	5.51	0.44	4.71	1	53	50	-9999.9	46	1	16.8	3
2025 03 19 01	0.36	0.32	4.36	3.75	5.87	0.51	4.23	1	51	52	-9999.9	35	1	16.8	3
2025 03 19 02	0.36	0.32	4.47	3.97	5.54	0.64	5.47	1	59	61	-9999.9	31	1	16.8	3
2025 03 19 03	0.36	0.34	4.43	3.69	6.13	0.63	5.93	1	73	72	-9999.9	35	1	16.8	3
2025 03 19 04	0.38	0.37	4.78	3.88	6.24	0.54	6.17	1	64	64	-9999.9	37	1	16.8	3
2025 03 19 05	0.41	0.37	4.75	4.02	6.64	0.68	6.46	1	67	64	-9999.9	52	1	16.8	3
2025 03 19 06	0.42	0.38	5.05	4.44	6.62	0.61	6.13	1	66	52	-9999.9	35	1	16.8	3
2025 03 19 07	0.42	0.4	5.02	4.4	6.79	0.6	6.78	1	63	60	-9999.9	45	1	16.8	3
2025 03 19 08	0.48	0.44	5.58	4.8	6.93	0.66	6.98	1	65	59	-9999.9	47	1	16.8	3
2025 03 19 09	0.58	0.55	5.94	5.26	7.14	0.81	7.15	1	57	52	-9999.9	34	1	17.0	3
2025 03 19 10	0.54	0.5	5.44	4.87	7.16	0.95	6.76	1	62	65	-9999.9	44	1	17.1	3
2025 03 19 11	0.65	0.59	5.08	4.24	7.54	0.88	6.29	1	56	57	-9999.9	47	1	17.2	3
2025 03 19 12	0.74	0.65	3.98	3.47	6.97	1.19	4.49	1	60	57	-9999.9	47	1	17.2	3
2025 03 19 13	0.88	0.78	3.97	3.56	6.98	1.19	6.85	1	60	43	-9999.9	44	1	17.3	3
2025 03 19 14	1.01	0.87	3.91	3.62	6.45	1.6	4.81	1	62	50	-9999.9	47	1	17.3	3
2025 03 19 15	1.08	0.97	3.93	3.62	4.66	1.7	3.89	1	60	45	-9999.9	33	1	17.3	3
2025 03 19 16	1.28	1.18	4.2	3.9	4.92	2.25	5.39	1	57	46	-9999.9	31	1	17.3	3
2025 03 19 17	1.4	1.29	4.38	4.09	5.57	2.11	5.63	1	52	51	-9999.9	40	1	17.3	3
2025 03 19 18	1.52	1.43	4.55	4.29	5.79	2.4	5.76	1	46	38	-9999.9	27	1	17.3	3
2025 03 19 19	1.63	1.48	4.9	4.5	6.03	2.52	5.6	1	50	46	-9999.9	32	1	17.4	3
2025 03 19 20	1.82	1.68	5.07	4.74	6.68	2.82	5.74	1	48	49	-9999.9	26	1	17.3	3
2025 03 19 21	2.04	1.87	5.36	5.05	6.66	3.32	6.47	1	50	42	-9999.9	35	1	17.2	3
2025 03 19 22	2.23	2.09	5.83	5.22	7.21	3.62	6.56	1	52	56	-9999.9	42	1	17.2	3
2025 03 19 23	2.24	2.04	5.58	5.05	6.89	3.26	6.48	1	50	53	-9999.9	37	1	17.2	3
2025 03 20 00	2.45	2.33	5.69	5.48	7.69	4.73	7.14	1	46	46	-9999.9	36	1	17.1	3
2025 03 20 01	2.4	2.3	5.9	5.47	7.96	4.06	6.73	1	41	35	-9999.9	39	1	17.1	3
2025 03 20 02	2.34	2.28	5.84	5.4	7.86	3.44	7.5	1	44	45	-9999.9	38	1	17.1	3
2025 03 20 03	2.42	2.23	5.83	5.59	8.18	3.42	6.98	1	43	36	-9999.9	44	1	17.1	3
2025 03 20 04	2.41	2.25	6.09	5.77	8.34	3.53	7.04	1	43	44	-9999.9	42	1	17.0	3
2025 03 20 05	2.39	2.22	6.65	6.21	8.33	3.55	7.7	1	43	49	-9999.9	37	1	17.0	3
2025 03 20 06	2.2	2.13	6.42	5.91	8.31	3.49	6.72	1	45	40	-9999.9	44	1	17.0	3
2025 03 20 07	2.05	1.91	6.62	6.01	8.28	3.06	7.41	1	44	44	-9999.9	39	1	17.0	3
2025 03 20 08	2.15	2.01	6.79	6.21	8.33	3.08	7.07	1	49	46	-9999.9	35	1	17.0	3
2025 03 20 09	2.11	2.03	6.66	6.18	8.1	3.49	7.44	1	52	50	-9999.9	42	1	17.1	3
2025 03 20 10	1.88	1.8	6.41	6.02	8.29	2.95	8.18	1	53	54	-9999.9	35	1	17.3	3
2025 03 20 11	1.77	1.66	6.1	5.69	7.91	2.58	7.22	1	56	63	-9999.9	57	1	17.6	3
2025 03 20 12	1.96	1.86	6.32	5.84	7.79	3.39	6.71	1	56	55	-9999.9	40	1	18.2	3
2025 03 20 13	1.73	1.63	5.76	5.56	7.69	2.47	6.85	1	48	53	-9999.9	35	1	18.0	3
2025 03 20 14	1.84	1.69	5.99	5.53	8.19	3.13	7.61	1	51	54	-9999.9	41	1	18.0	3
2025 03 20 15	1.87	1.76	5.87	5.63	7.86	2.8	7.91	1	54	58	-9999.9	41	1	18.0	3
2025 03 20 16	1.65	1.61	5.65	5.36	7.54	3.44	7.94	1	54	55	-9999.9	36	1	17.8	3
2025 03 20 17	1.55	1.41	5.7	5.31	8.28	2.41	7.66	1	64	90	-9999.9	47	1	17.9	3
2025 03 20 18	1.57	1.47	6.05	5.34	8.64	2.43	6.81	1	57	63	-9999.9	47	1	17.9	3
2025 03 20 19	1.44	1.33	6.03	5.34	8.56	2.27	7.8	1	54	56	-9999.9	47	1	17.9	3
2025 03 20 20	1.45	1.33	5.99	5.49	8.84	2.07	7.73	1	56	67	-9999.9	53	1	17.8	3
2025 03 20 21	1.29	1.23	6.26	5.63	8.48	2.27	7.06	1	59	83	-9999.9	58	1	17.7	3
2025 03 20 22	1.19	1.11	5.9	5.39	8.42	1.77	7.1	1	61	42	-9999.9	56	1	17.6	3
2025 03 20 23	1.11	1.01	6.06	5.32	8.06	1.65	7.36	1	54	55	-9999.9	45	1	17.6	3
2025 03 21 00	1.21	1.15	6.5	5.66	9.84	1.78	7.71	1	54	66	-9999.9	37	1	17.5	3
2025 03 21 01	1.04	0.97	6.06	5.34	9.0	1.6	8.93	1	54	53	-9999.9	48	1	17.3	3
2025 03 21 02	1.11	1.03	6.33	5.59	8.61	1.81	6.9	1	53	54	-9999.9	49	1	17.2	3
2025 03 21 03	1.04	0.98	6.05	5.41	9.35	1.48	7.49	1	58	68	-9999.9	58	1	17.2	3
2025 03 21 04	1.05	0.96	5.97	5.56	8.05	1.67	8.15	1	56	69	-9999.9	51	1	17.2	3
2025 03 21 05	1.12	1.07	6.45	5.8	8.34	1.79	7.55	1	57	61	-9999.9	38	1	17.1	3
2025 03 21 06	1.04	0.99	6.44	5.72	8.69	1.6	7.89	1	58	58	-9999.9	41	1	17.2	3
2025 03 21 07	1.0	0.94	6.31	5.79	8.92	1.4	8.01	1	64	72	-9999.9	54	1	17.2	3
2025 03 21 08	0.78	0.72	5.58	5.06	8.45	1.24	7.15	1	54	59	-9999.9	51	1	17.1	3
2025 03 21 09	0.79	0.72	5.45	4.91	8.91	1.26	7.65	1	59	66	-9999.9	55	1	17.2	3
2025 03 21 10	0.78	0.73	5.84	5.06	8.84	1.09	8.31	1	61	72	-9999.9	62	1	17.2	3
2025 03 21 11	0.66	0.6	5.51	4.62	8.51	1.2	7.29	1	56	69	-9999.9	45	1	17.4	3
2025 03 21 12	0.62	0.56	5.09	4.3	8.33	0.93	7.32	1	56	57	-9999.9	37	1	17.4	3
2025 03 21 13	0.58	0.52	4.31	3.51	8.31	0.83	6.22	1	45	67	-9999.9	47	1	17.4	3
2025 03 21 14	0.56	0.48	4.03	3.22	7.93	0.78	7.35	1	43	76	-9999.9	56	1	17.5	3
2025 03 21 15	0.54	0.46	4.12	3.46	8.23	0.72	7.56	1	50	71	-9999.9	55	1	17.4	3
2025 03 21 16	0.49	0.41	4.21	3.65	8.04	0.7	6.78	1	53	66	-9999.9	51	1	17.5	3
2025 03 21 17	0.42	0.37	4.28	3.58	8.36	0.53	7.32	1	57	63	-9999.9	50	1	17.5	3
2025 03 21 18	0.44	0.37	4.4	3.81	8.3	0.66	7.53	1	65	59	-9999.9	41	1	17.5	3
2025 03 21 19	0.41	0.35	4.3	3.5	8.25	0.55	6.8	1	67	65	-9999.9	50	1	17.4	3
2025 03 21 20	0.41	0.33	4.07	3.56	8.44	0.58	7.59	1	69	70	-9999.9	50	1	17.4	3
2025 03 21 21	0.36	0.32	4.37	3.43	8.25	0.49	7.34	1	70	66	-9999.9	47	1	17.4	3
2025 03 21 22	0.34	0.31	4.45	3.67	8.12	0.46	7.7	1	67	68	-9999.9	44	1	17.3	3
2025 03 21 23	0.34	0.3	4.75	3.95	8.28	0.54	8.9	1	67	66	-9999.9	58	1	17.4	3
2025 03 22 00	0.31	0.29	4.92	4.27	8.89	0.46	8.2	1	64	56	-9999.9	48	1	17.4	3
2025 03 22 01	0.29	0.25	5.12	4.31	8.47	0.37	7.11	1	66	54	-9999.9	50	1	17.4	3
2025 03 22 02	0.29	0.26	5.09	4.16	7.13	0.47	7.76	1	70	90	-9999.9	44	1	17.4	3
2025 03 22 03	0.26	0.23	5.03	4.18	9.07	0.38	7.7	1	68	58	-9999.9	42	1	17.4	3
2025 03 22 04	0.26	0.24	5.46	4.37	8.96	0.41	7.67	1	69	58	-9999.9	58	1	17.3	3
2025 03 22 05	0.26	0.24	5.74	4.72	8.48	0.38	6.62	1	59	54	-9999.9	51	1	17.3	3
2025 03 22 06	0.29	0.25	4.44	3.63	9.9	0.43	5.5	1	56	52	-9999.9	48	1	17.3	3
2025 03 22 07	0.44	0.34	2.91	2.45	2.93	0.56	2.26	1	7	1	-9999.9	38	1	17.3	3
2025 03 22 08	0.57	0.45	2.87	2.47	2.29	0.84	4.8	1	360	347	-9999.9	40	1	17.3	3
2025 03 22 09	0.46	0.39	3.59	3.07	6.95	0.72	2.9	1	15	10	-9999.9	37	1	17.2	3
2025 03 22 10	0.34	0.29	4.15	3.64	8.48	0.42	9.26	1	34	66	-9999.9	57	1	17.3	3
2025 03 22 11	0.36	0.34	5.76	5.09	7.35	0.51	7.09	1	55	12	-9999.9	78	1	17.3	3
2025 03 26 10	-9999.9	-9999.9	-9999.9	-9999.9	-9999.9	-9999.9	-9999.9	3	-9999.9	-9999.9	-9999.9	-9999.9	3	-9999.9	3
2025 03 26 16	0.17	0.16	3.2	4.0	5.3	0.29	-9999.9	3	53	-9999.9	56	-9999.9	3	17.5	3
2025 03 26 17	0.15	0.14	2.9	3.5	5.3	0.29	-9999.9	3	52	-9999.9	53	-9999.9	3	17.3	3
2025 03 26 18	0.15	0.14	3.1	3.3	5.5	0.24	-9999.9	3	53	-9999.9	55	-9999.9	3	17.4	3
2025 03 26 19	0.15	0.14	3.5	3.5	5.8	0.25	-9999.9	3	55	-9999.9	55	-9999.9	3	17.3	3
2025 03 26 20	0.17	0.16	3.4	3.5	6.6	0.25	-9999.9	3	50	-9999.9	55	-9999.9	3	17.3	3
2025 03 26 21	0.16	0.14	3.7	3.8	5.6	0.27	-9999.9	3	52	-9999.9	54	-9999.9	3	17.2	3
2025 03 26 22	0.17	0.16	3.6	3.8	5.3	0.25	-9999.9	3	52	-9999.9	53	-9999.9	3	17.2	3
2025 03 26 23	0.17	0.16	3.4	3.6	5.2	0.44	-9999.9	3	64	-9999.9	51	-9999.9	3	17.2	3
2025 03 27 00	0.16	0.16	2.4	3.5	6.5	0.27	-9999.9	3	48	-9999.9	54	-9999.9	3	17.1	3
2025 03 27 01	0.14	0.16	2.2	3.4	5.5	0.28	-9999.9	3	48	-9999.9	52	-9999.9	3	17.1	3
2025 03 27 02	0.13	0.12	3.9	4.3	6.4	0.2	-9999.9	3	61	-9999.9	54	-9999.9	3	17.1	3
2025 03 27 03	0.12	0.12	3.1	4.0	8.3	0.21	-9999.9	3	60	-9999.9	54	-9999.9	3	17.1	3
2025 03 27 04	0.12	0.11	3.3	3.7	8.2	0.2	-9999.9	3	68	-9999.9	56	-9999.9	3	17.0	3
2025 03 27 05	0.12	0.11	3.0	3.0	7.4	0.23	-9999.9	3	78	-9999.9	49	-9999.9	3	17.0	3
2025 03 27 06	0.11	0.1	3.0	3.2	6.1	0.18	-9999.9	3	70	-9999.9	55	-9999.9	3	17.0	3
2025 03 27 07	0.09	0.09	3.2	3.6	8.1	0.13	-9999.9	3	54	-9999.9	59	-9999.9	3	17.0	3
2025 03 27 08	0.11	0.1	3.0	3.2	6.5	0.18	-9999.9	3	56	-9999.9	55	-9999.9	3	16.9	3
2025 03 27 09	0.11	0.11	2.4	3.4	8.0	0.23	-9999.9	3	51	-9999.9	58	-9999.9	3	17.0	3
2025 03 27 10	0.14	0.15	2.1	3.1	4.6	0.28	-9999.9	3	40	-9999.9	52	-9999.9	3	17.1	3
2025 03 27 11	0.14	0.15	2.1	2.9	4.4	0.25	-9999.9	3	62	-9999.9	60	-9999.9	3	17.1	3
2025 03 27 12	0.13	0.15	1.9	2.6	2.8	0.25	-9999.9	3	40	-9999.9	58	-9999.9	3	17.2	3
2025 03 27 13	0.16	0.19	2.1	2.6	19.4	0.29	-9999.9	3	46	-9999.9	54	-9999.9	3	17.3	3
2025 03 27 14	0.16	0.19	2.2	2.9	10.2	0.34	-9999.9	3	60	-9999.9	57	-9999.9	3	17.3	3
2025 03 27 15	0.16	0.17	2.3	3.0	3.9	0.29	-9999.9	3	75	-9999.9	57	-9999.9	3	17.3	3
2025 03 27 16	0.18	0.19	2.2	2.5	3.4	0.36	-9999.9	3	26	-9999.9	54	-9999.9	3	17.4	3
2025 03 27 17	0.17	0.16	2.3	2.7	3.8	0.28	-9999.9	3	29	-9999.9	55	-9999.9	3	17.3	3
2025 03 27 18	0.16	0.15	2.8	3.0	4.0	0.23	-9999.9	3	44	-9999.9	58	-9999.9	3	17.2	3
2025 03 27 19	0.14	0.13	3.1	3.2	4.0	0.28	-9999.9	3	41	-9999.9	54	-9999.9	3	17.1	3
2025 03 27 20	0.16	0.15	3.2	3.2	4.3	0.32	-9999.9	3	37	-9999.9	57	-9999.9	3	17.2	3
2025 03 27 21	0.15	0.14	3.6	3.6	4.2	0.23	-9999.9	3	41	-9999.9	58	-9999.9	3	17.1	3
2025 03 27 22	0.17	0.16	3.5	3.6	4.1	0.28	-9999.9	3	33	-9999.9	55	-9999.9	3	17.1	3
2025 03 27 23	0.18	0.17	3.4	3.6	4.1	0.32	-9999.9	3	29	-9999.9	54	-9999.9	3	17.1	3
2025 03 28 00	0.17	0.16	3.5	3.6	4.3	0.28	-9999.9	3	30	-9999.9	58	-9999.9	3	17.2	3
2025 03 28 01	0.14	0.13	3.4	3.5	4.4	0.22	-9999.9	3	47	-9999.9	61	-9999.9	3	17.2	3
2025 03 28 02	0.14	0.13	3.4	3.5	6.7	0.23	-9999.9	3	60	-9999.9	56	-9999.9	3	17.2	3
2025 03 28 03	0.13	0.12	3.6	3.7	5.1	0.18	-9999.9	3	62	-9999.9	56	-9999.9	3	17.1	3
2025 03 28 04	0.13	0.12	3.8	3.8	6.3	0.19	-9999.9	3	60	-9999.9	60	-9999.9	3	17.1	3
2025 03 28 05	0.14	0.13	3.6	3.7	6.7	0.22	-9999.9	3	62	-9999.9	56	-9999.9	3	17.1	3
2025 03 28 06	0.13	0.13	3.4	3.7	4.7	0.21	-9999.9	3	41	-9999.9	58	-9999.9	3	17.1	3
2025 03 28 07	0.13	0.13	3.3	3.5	4.9	0.24	-9999.9	3	43	-9999.9	56	-9999.9	3	17.1	3
2025 03 28 08	0.13	0.14	2.2	3.2	7.1	0.23	-9999.9	3	51	-9999.9	57	-9999.9	3	17.1	3
2025 03 28 09	0.19	0.18	2.5	3.2	7.4	0.3	-9999.9	3	43	-9999.9	38	-9999.9	3	17.1	3
2025 03 28 10	0.13	0.13	2.4	3.1	6.9	0.23	-9999.9	3	54	-9999.9	57	-9999.9	3	17.2	3
2025 03 28 11	0.16	0.18	1.9	2.4	1.8	0.3	-9999.9	3	21	-9999.9	48	-9999.9	3	17.3	3
2025 03 28 12	0.2	0.22	1.8	2.1	1.6	0.4	-9999.9	3	341	-9999.9	42	-9999.9	3	17.3	3
2025 03 28 13	0.13	0.13	2.4	3.1	6.3	0.24	-9999.9	3	49	-9999.9	58	-9999.9	3	17.3	3
2025 03 28 14	0.14	0.14	2.5	3.4	5.8	0.22	-9999.9	3	55	-9999.9	58	-9999.9	3	17.4	3
2025 03 28 15	0.18	0.19	2.1	2.7	3.8	0.32	-9999.9	3	40	-9999.9	52	-9999.9	3	17.4	3
2025 03 28 16	0.23	0.24	1.9	2.4	2.3	0.55	-9999.9	3	359	-9999.9	46	-9999.9	3	17.3	3
2025 03 28 17	0.22	0.22	2.3	2.7	4.1	0.35	-9999.9	3	11	-9999.9	46	-9999.9	3	17.3	3
2025 03 28 18	0.19	0.19	2.3	3.2	4.4	0.32	-9999.9	3	20	-9999.9	51	-9999.9	3	17.2	3
2025 03 28 19	0.21	0.2	2.8	3.4	4.3	0.36	-9999.9	3	22	-9999.9	46	-9999.9	3	17.2	3
2025 03 28 20	0.24	0.23	3.4	3.5	4.3	0.41	-9999.9	3	34	-9999.9	49	-9999.9	3	17.2	3
2025 03 28 21	0.19	0.19	3.1	3.5	4.4	0.31	-9999.9	3	28	-9999.9	49	-9999.9	3	17.1	3
2025 03 28 22	0.18	0.17	3.1	3.8	4.3	0.32	-9999.9	3	37	-9999.9	53	-9999.9	3	17.1	3
2025 03 28 23	0.16	0.16	3.2	3.9	4.4	0.26	-9999.9	3	46	-9999.9	55	-9999.9	3	17.1	3
2025 03 29 00	0.2	0.21	2.3	2.9	4.1	0.36	-9999.9	3	33	-9999.9	51	-9999.9	3	17.1	3
2025 03 29 01	0.16	0.17	2.1	3.0	5.2	0.28	-9999.9	3	48	-9999.9	57	-9999.9	3	17.1	3
2025 03 29 02	0.15	0.14	3.3	3.8	4.9	0.23	-9999.9	3	66	-9999.9	54	-9999.9	3	17.1	3
2025 03 29 03	0.15	0.14	3.2	3.7	4.8	0.24	-9999.9	3	61	-9999.9	56	-9999.9	3	17.1	3
2025 03 29 04	0.16	0.16	3.3	3.4	4.7	0.24	-9999.9	3	51	-9999.9	55	-9999.9	3	17.1	3
2025 03 29 05	0.18	0.17	3.3	3.4	4.5	0.32	-9999.9	3	41	-9999.9	53	-9999.9	3	17.1	3
2025 03 29 06	0.2	0.19	3.1	3.1	4.4	0.31	-9999.9	3	40	-9999.9	48	-9999.9	3	17.0	3
2025 03 29 07	0.17	0.17	3.4	3.2	4.4	0.24	-9999.9	3	42	-9999.9	52	-9999.9	3	17.1	3
2025 03 29 08	0.17	0.16	3.2	3.3	4.3	0.3	-9999.9	3	35	-9999.9	53	-9999.9	3	17.0	3
2025 03 29 09	0.17	0.16	3.1	3.3	4.5	0.3	-9999.9	3	45	-9999.9	53	-9999.9	3	17.2	3
2025 03 29 10	0.18	0.17	3.0	3.1	4.5	0.32	-9999.9	3	47	-9999.9	51	-9999.9	3	17.4	3
2025 03 29 11	0.17	0.17	2.6	2.9	4.3	0.31	-9999.9	3	49	-9999.9	53	-9999.9	3	17.4	3
2025 03 29 12	0.17	0.17	2.5	3.1	4.5	0.26	-9999.9	3	49	-9999.9	50	-9999.9	3	17.5	3
2025 03 29 13	0.17	0.16	2.7	3.3	5.6	0.24	-9999.9	3	61	-9999.9	53	-9999.9	3	17.5	3
2025 03 29 14	0.14	0.14	3.2	3.3	5.0	0.21	-9999.9	3	58	-9999.9	52	-9999.9	3	17.5	3
2025 03 29 15	0.15	0.15	2.5	3.3	4.4	0.26	-9999.9	3	63	-9999.9	52	-9999.9	3	17.5	3
2025 03 29 16	0.16	0.17	2.1	2.8	4.1	0.29	-9999.9	3	55	-9999.9	52	-9999.9	3	17.5	3
2025 03 29 17	0.15	0.14	2.7	3.0	4.2	0.22	-9999.9	3	58	-9999.9	53	-9999.9	3	17.3	3
2025 03 29 18	0.16	0.15	2.5	2.7	3.8	0.24	-9999.9	3	44	-9999.9	53	-9999.9	3	17.2	3
2025 03 29 19	0.15	0.14	2.7	2.9	4.0	0.25	-9999.9	3	45	-9999.9	55	-9999.9	3	17.1	3
2025 03 29 20	0.14	0.13	3.2	3.2	5.2	0.21	-9999.9	3	51	-9999.9	49	-9999.9	3	17.0	3
2025 03 29 21	0.13	0.12	3.3	3.2	4.3	0.21	-9999.9	3	49	-9999.9	52	-9999.9	3	16.9	3
2025 03 29 22	0.13	0.12	3.3	3.4	4.4	0.21	-9999.9	3	61	-9999.9	54	-9999.9	3	16.9	3
2025 03 29 23	0.14	0.14	3.0	3.3	4.5	0.24	-9999.9	3	47	-9999.9	52	-9999.9	3	16.9	3
2025 03 30 00	0.13	0.12	3.1	3.3	4.0	0.23	-9999.9	3	51	-9999.9	55	-9999.9	3	17.0	3
2025 03 30 01	0.15	0.15	2.3	2.5	2.5	0.27	-9999.9	3	77	-9999.9	46	-9999.9	3	17.0	3
2025 03 30 02	0.16	0.16	2.2	2.3	2.0	0.28	-9999.9	3	67	-9999.9	50	-9999.9	3	17.0	3
2025 03 30 03	0.19	0.19	2.1	2.3	2.1	0.37	-9999.9	3	70	-9999.9	45	-9999.9	3	17.0	3
2025 03 30 04	0.23	0.23	2.3	2.4	2.3	0.52	-9999.9	3	75	-9999.9	48	-9999.9	3	17.0	3
2025 03 30 05	0.49	0.48	2.4	2.5	2.8	0.83	-9999.9	3	80	-9999.9	42	-9999.9	3	17.0	3
2025 03 30 06	0.75	0.73	2.9	3.1	3.7	1.3	-9999.9	3	79	-9999.9	45	-9999.9	3	17.0	3
2025 03 30 07	0.93	0.91	3.4	3.4	4.6	1.68	-9999.9	3	70	-9999.9	44	-9999.9	3	17.0	3
2025 03 30 08	1.12	1.09	3.6	3.7	4.7	1.68	-9999.9	3	67	-9999.9	45	-9999.9	3	17.0	3
2025 03 30 09	1.3	1.28	3.9	3.8	5.1	2.37	-9999.9	3	66	-9999.9	43	-9999.9	3	17.2	3
2025 03 30 10	1.26	1.23	3.8	3.9	5.3	1.85	-9999.9	3	63	-9999.9	43	-9999.9	3	17.2	3
2025 03 30 11	1.41	1.35	4.3	4.3	5.9	2.13	-9999.9	3	58	-9999.9	40	-9999.9	3	17.5	3
2025 03 30 12	1.45	1.4	4.0	4.0	5.9	2.52	-9999.9	3	58	-9999.9	41	-9999.9	3	17.6	3
2025 03 30 13	1.45	1.41	4.0	4.0	5.5	2.5	-9999.9	3	60	-9999.9	43	-9999.9	3	17.6	3
2025 03 30 14	1.56	1.5	4.1	4.1	5.8	2.45	-9999.9	3	56	-9999.9	36	-9999.9	3	17.6	3
2025 03 30 15	1.6	1.57	4.2	4.2	5.7	2.66	-9999.9	3	59	-9999.9	40	-9999.9	3	17.6	3
2025 03 30 16	1.52	1.44	3.9	4.1	5.5	2.74	-9999.9	3	63	-9999.9	41	-9999.9	3	17.6	3
2025 03 30 17	1.49	1.43	4.0	4.1	5.6	2.24	-9999.9	3	65	-9999.9	39	-9999.9	3	17.6	3
2025 03 30 18	1.4	1.33	3.9	4.0	5.4	2.39	-9999.9	3	67	-9999.9	43	-9999.9	3	17.6	3
2025 03 30 19	1.42	1.35	3.9	4.0	5.4	2.1	-9999.9	3	70	-9999.9	40	-9999.9	3	17.5	3
2025 03 30 20	1.42	1.37	4.0	4.1	5.5	2.4	-9999.9	3	70	-9999.9	41	-9999.9	3	17.6	3
2025 03 30 21	1.37	1.31	4.3	4.3	5.7	2.35	-9999.9	3	70	-9999.9	42	-9999.9	3	17.6	3
2025 03 30 22	1.39	1.31	4.2	4.3	5.7	2.12	-9999.9	3	67	-9999.9	42	-9999.9	3	17.5	3
2025 03 30 23	1.34	1.29	4.4	4.5	6.2	2.33	-9999.9	3	65	-9999.9	41	-9999.9	3	17.4	3
2025 03 31 00	1.35	1.27	4.3	4.4	6.3	2.33	-9999.9	3	67	-9999.9	41	-9999.9	3	17.4	3
2025 03 31 01	1.25	1.18	4.0	4.2	5.8	1.99	-9999.9	3	66	-9999.9	46	-9999.9	3	17.4	3
2025 03 31 02	1.3	1.24	4.3	4.5	5.7	2.13	-9999.9	3	66	-9999.9	41	-9999.9	3	17.4	3
2025 03 31 03	1.33	1.26	4.4	4.5	6.2	2.09	-9999.9	3	64	-9999.9	44	-9999.9	3	17.3	3
2025 03 31 04	1.33	1.26	4.7	4.7	5.9	2.18	-9999.9	3	67	-9999.9	42	-9999.9	3	17.4	3
2025 03 31 05	1.16	1.14	4.7	4.4	6.0	2.18	-9999.9	3	64	-9999.9	43	-9999.9	3	17.3	3
2025 03 31 06	1.19	1.1	4.7	4.6	6.3	1.69	-9999.9	3	68	-9999.9	44	-9999.9	3	17.3	3
2025 03 31 07	1.07	1.01	4.2	4.4	6.8	1.66	-9999.9	3	68	-9999.9	45	-9999.9	3	17.3	3
2025 03 31 08	1.01	0.95	4.0	4.2	7.9	1.67	-9999.9	3	69	-9999.9	46	-9999.9	3	17.3	3
2025 03 31 09	0.95	0.9	4.0	4.1	9.1	1.66	-9999.9	3	66	-9999.9	47	-9999.9	3	17.4	3
2025 03 31 10	0.95	0.86	3.7	4.0	7.8	1.38	-9999.9	3	69	-9999.9	46	-9999.9	3	17.4	3
2025 03 31 11	0.9	0.83	3.7	3.9	6.4	1.8	-9999.9	3	64	-9999.9	47	-9999.9	3	17.6	3
2025 03 31 12	0.95	0.88	3.9	4.1	7.9	1.65	-9999.9	3	63	-9999.9	48	-9999.9	3	17.8	3
2025 03 31 13	0.95	0.87	4.1	4.1	6.6	1.5	-9999.9	3	66	-9999.9	46	-9999.9	3	18.2	3
2025 03 31 14	0.95	0.89	4.2	4.2	7.6	1.3	-9999.9	3	66	-9999.9	46	-9999.9	3	18.4	3
2025 03 31 15	0.93	0.88	4.1	4.2	7.7	1.55	-9999.9	3	63	-9999.9	46	-9999.9	3	18.5	3
2025 03 31 16	0.88	0.83	4.0	3.9	4.6	1.47	-9999.9	3	64	-9999.9	46	-9999.9	3	18.6	3
2025 03 31 17	0.84	0.8	3.9	4.0	5.9	1.35	-9999.9	3	62	-9999.9	45	-9999.9	3	18.5	3
2025 03 31 18	0.86	0.82	4.0	4.0	4.9	1.33	-9999.9	3	67	-9999.9	47	-9999.9	3	18.4	3
2025 03 31 19	0.82	0.77	4.1	4.1	6.1	1.26	-9999.9	3	65	-9999.9	45	-9999.9	3	18.4	3
2025 03 31 20	0.77	0.71	4.1	4.0	5.9	1.58	-9999.9	3	67	-9999.9	43	-9999.9	3	18.3	3
2025 03 31 21	0.7	0.67	4.1	4.0	5.0	1.19	-9999.9	3	68	-9999.9	45	-9999.9	3	18.2	3
2025 03 31 22	0.68	0.64	4.0	4.0	5.1	0.97	-9999.9	3	69	-9999.9	43	-9999.9	3	18.0	3
2025 03 31 23	0.66	0.63	4.0	4.0	5.3	0.99	-9999.9	3	65	-9999.9	44	-9999.9	3	18.0	3
2025 04 01 00	0.61	0.57	4.0	4.2	6.5	0.94	-9999.9	3	66	-9999.9	44	-9999.9	3	17.8	3
2025 04 01 01	0.55	0.51	3.9	4.1	4.9	1.01	-9999.9	3	63	-9999.9	44	-9999.9	3	17.7	3
2025 04 01 02	0.49	0.47	3.9	4.1	5.8	0.76	-9999.9	3	63	-9999.9	45	-9999.9	3	17.5	3
2025 04 01 03	0.46	0.44	4.1	4.2	6.8	0.7	-9999.9	3	61	-9999.9	42	-9999.9	3	17.4	3
2025 04 01 04	0.42	0.4	3.9	4.2	6.7	0.65	-9999.9	3	65	-9999.9	43	-9999.9	3	17.3	3
2025 04 01 05	0.39	0.37	3.9	4.0	5.7	0.6	-9999.9	3	65	-9999.9	46	-9999.9	3	17.3	3
2025 04 01 06	0.38	0.36	3.9	4.0	4.7	0.62	-9999.9	3	67	-9999.9	46	-9999.9	3	17.3	3
2025 04 01 07	0.34	0.33	3.9	4.0	6.7	0.55	-9999.9	3	65	-9999.9	46	-9999.9	3	17.3	3
2025 04 01 08	0.35	0.34	4.1	4.1	5.3	0.51	-9999.9	3	67	-9999.9	44	-9999.9	3	17.4	3
2025 04 01 09	0.29	0.27	3.8	3.9	4.9	0.47	-9999.9	3	66	-9999.9	49	-9999.9	3	17.5	3
2025 04 01 10	0.26	0.24	3.7	4.0	5.9	0.42	-9999.9	3	62	-9999.9	48	-9999.9	3	17.6	3
2025 04 01 11	0.24	0.23	3.6	3.9	6.0	0.4	-9999.9	3	65	-9999.9	54	-9999.9	3	17.7	3
2025 04 01 12	0.25	0.24	3.4	4.1	5.9	0.37	-9999.9	3	71	-9999.9	51	-9999.9	3	17.8	3
2025 04 01 13	0.27	0.26	2.3	2.8	4.2	0.44	-9999.9	3	45	-9999.9	50	-9999.9	3	17.8	3
2025 04 01 14	0.25	0.25	2.5	2.9	6.0	0.38	-9999.9	3	53	-9999.9	50	-9999.9	3	17.8	3
2025 04 01 15	0.22	0.21	2.7	3.2	8.0	0.49	-9999.9	3	48	-9999.9	50	-9999.9	3	17.8	3
2025 04 01 16	0.22	0.2	3.3	3.9	9.6	0.35	-9999.9	3	56	-9999.9	54	-9999.9	3	17.8	3
2025 04 01 17	0.2	0.19	3.7	4.2	9.8	0.29	-9999.9	3	60	-9999.9	53	-9999.9	3	17.9	3
2025 04 01 18	0.19	0.17	4.2	4.5	9.7	0.3	-9999.9	3	57	-9999.9	55	-9999.9	3	17.8	3
2025 04 01 19	0.21	0.19	4.4	4.4	10.6	0.35	-9999.9	3	57	-9999.9	54	-9999.9	3	17.7	3
2025 04 01 20	0.17	0.16	4.5	4.5	10.4	0.24	-9999.9	3	69	-9999.9	55	-9999.9	3	17.6	3
2025 04 01 21	0.16	0.15	5.5	5.3	10.0	0.24	-9999.9	3	63	-9999.9	55	-9999.9	3	17.6	3
2025 04 01 22	0.16	0.16	5.1	5.2	9.5	0.26	-9999.9	3	63	-9999.9	55	-9999.9	3	17.6	3
2025 04 01 23	0.15	0.14	4.5	4.5	9.8	0.23	-9999.9	3	63	-9999.9	56	-9999.9	3	17.5	3
2025 04 02 00	0.15	0.13	4.2	4.6	10.0	0.28	-9999.9	3	59	-9999.9	53	-9999.9	3	17.5	3
2025 04 02 01	0.16	0.15	4.2	4.6	9.7	0.25	-9999.9	3	69	-9999.9	58	-9999.9	3	17.5	3
2025 04 02 02	0.17	0.16	5.2	5.3	9.5	0.25	-9999.9	3	74	-9999.9	57	-9999.9	3	17.4	3
2025 04 02 03	0.18	0.17	5.5	5.7	10.7	0.3	-9999.9	3	70	-9999.9	55	-9999.9	3	17.4	3
2025 04 02 04	0.18	0.17	4.7	5.3	8.4	0.38	-9999.9	3	71	-9999.9	55	-9999.9	3	17.4	3
2025 04 02 05	0.16	0.15	4.4	4.7	9.0	0.25	-9999.9	3	68	-9999.9	57	-9999.9	3	17.3	3
2025 04 02 06	0.15	0.14	4.1	4.5	8.6	0.32	-9999.9	3	63	-9999.9	55	-9999.9	3	17.3	3
2025 04 02 07	0.16	0.15	4.2	4.5	8.5	0.27	-9999.9	3	69	-9999.9	54	-9999.9	3	17.3	3
2025 04 02 08	0.16	0.15	4.2	4.6	9.5	0.24	-9999.9	3	61	-9999.9	51	-9999.9	3	17.3	3
2025 04 02 09	0.16	0.15	4.0	4.1	7.8	0.24	-9999.9	3	66	-9999.9	52	-9999.9	3	17.4	3
2025 04 02 10	0.16	0.15	4.2	4.3	7.8	0.26	-9999.9	3	62	-9999.9	56	-9999.9	3	17.7	3
2025 04 02 11	0.19	0.19	3.8	3.9	5.3	0.28	-9999.9	3	55	-9999.9	53	-9999.9	3	18.0	3
2025 04 02 12	0.21	0.21	2.2	2.6	2.6	0.35	-9999.9	3	31	-9999.9	48	-9999.9	3	17.9	3
2025 04 02 13	0.27	0.26	2.1	2.2	1.9	0.48	-9999.9	3	20	-9999.9	49	-9999.9	3	17.9	3
2025 04 02 14	0.3	0.3	2.1	2.3	2.1	0.48	-9999.9	3	14	-9999.9	48	-9999.9	3	18.0	3
2025 04 02 15	0.24	0.23	2.3	2.4	2.0	0.36	-9999.9	3	33	-9999.9	52	-9999.9	3	18.0	3
2025 04 02 16	0.22	0.2	2.4	2.6	3.4	0.37	-9999.9	3	45	-9999.9	52	-9999.9	3	18.3	3
2025 04 02 17	0.21	0.2	2.5	2.6	2.9	0.37	-9999.9	3	48	-9999.9	53	-9999.9	3	18.3	3
2025 04 02 18	0.21	0.2	2.5	2.7	3.9	0.36	-9999.9	3	50	-9999.9	52	-9999.9	3	18.2	3
2025 04 02 19	0.22	0.2	2.8	2.9	7.6	0.33	-9999.9	3	59	-9999.9	52	-9999.9	3	18.1	3
2025 04 02 20	0.2	0.18	2.9	3.1	7.9	0.34	-9999.9	3	61	-9999.9	50	-9999.9	3	18.1	3
2025 04 02 21	0.19	0.17	3.4	3.6	8.0	0.31	-9999.9	3	68	-9999.9	50	-9999.9	3	18.3	3
2025 04 02 22	0.18	0.17	3.6	3.6	7.8	0.26	-9999.9	3	69	-9999.9	51	-9999.9	3	18.2	3
2025 04 02 23	0.18	0.16	3.4	3.6	7.8	0.25	-9999.9	3	70	-9999.9	50	-9999.9	3	18.2	3
2025 04 03 00	0.16	0.15	3.5	3.6	7.4	0.22	-9999.9	3	65	-9999.9	55	-9999.9	3	18.1	3
2025 04 03 01	0.18	0.17	3.4	3.8	7.3	0.29	-9999.9	3	62	-9999.9	51	-9999.9	3	17.9	3
2025 04 03 02	0.21	0.21	2.1	2.5	3.6	0.33	-9999.9	3	38	-9999.9	47	-9999.9	3	17.9	3
2025 04 03 03	0.23	0.22	2.2	2.4	3.2	0.4	-9999.9	3	38	-9999.9	48	-9999.9	3	17.8	3
2025 04 03 04	0.24	0.23	2.5	2.7	5.4	0.46	-9999.9	3	40	-9999.9	48	-9999.9	3	17.9	3
2025 04 03 05	0.26	0.25	2.4	2.7	3.7	0.43	-9999.9	3	37	-9999.9	49	-9999.9	3	17.8	3
2025 04 03 06	0.3	0.29	2.6	2.8	3.7	0.48	-9999.9	3	43	-9999.9	50	-9999.9	3	17.7	3
2025 04 03 07	0.44	0.43	3.0	3.2	3.8	0.85	-9999.9	3	41	-9999.9	44	-9999.9	3	17.7	3
2025 04 03 08	0.64	0.63	3.6	3.7	4.7	1.06	-9999.9	3	39	-9999.9	46	-9999.9	3	17.8	3
2025 04 03 09	0.76	0.74	3.8	3.8	5.0	1.07	-9999.9	3	44	-9999.9	45	-9999.9	3	17.8	3
2025 04 03 10	0.91	0.89	4.0	4.1	5.8	1.53	-9999.9	3	43	-9999.9	42	-9999.9	3	17.9	3
2025 04 03 11	0.94	0.92	4.0	4.0	6.0	1.4	-9999.9	3	45	-9999.9	44	-9999.9	3	18.0	3
2025 04 03 12	1.02	0.97	4.2	4.2	6.0	1.66	-9999.9	3	45	-9999.9	40	-9999.9	3	17.9	3
2025 04 03 13	0.98	0.94	4.1	4.1	6.0	1.81	-9999.9	3	45	-9999.9	45	-9999.9	3	17.9	3
2025 04 03 14	1.08	1.06	4.2	4.2	6.4	1.68	-9999.9	3	47	-9999.9	42	-9999.9	3	18.0	3
2025 04 03 15	1.04	1.0	4.1	4.1	6.2	1.67	-9999.9	3	48	-9999.9	43	-9999.9	3	18.0	3
2025 04 03 16	1.08	1.06	4.3	4.2	6.2	1.63	-9999.9	3	46	-9999.9	42	-9999.9	3	18.0	3
2025 04 03 17	1.14	1.1	4.4	4.4	6.6	1.97	-9999.9	3	49	-9999.9	41	-9999.9	3	17.9	3
2025 04 03 18	1.12	1.09	4.2	4.4	6.7	1.57	-9999.9	3	50	-9999.9	40	-9999.9	3	17.8	3
2025 04 03 19	1.04	1.02	4.4	4.3	6.8	1.53	-9999.9	3	52	-9999.9	45	-9999.9	3	17.8	3
2025 04 03 20	0.93	0.88	3.9	4.3	6.7	1.89	-9999.9	3	50	-9999.9	45	-9999.9	3	17.8	3
2025 04 03 21	0.93	0.9	4.6	4.5	6.4	1.27	-9999.9	3	50	-9999.9	44	-9999.9	3	17.8	3
2025 04 03 22	0.94	0.91	4.7	4.7	6.8	1.34	-9999.9	3	49	-9999.9	42	-9999.9	3	17.9	3
2025 04 03 23	0.87	0.86	4.6	4.6	6.7	1.58	-9999.9	3	48	-9999.9	43	-9999.9	3	17.9	3
2025 04 04 00	0.86	0.85	4.1	4.6	6.7	1.27	-9999.9	3	50	-9999.9	43	-9999.9	3	17.9	3
2025 04 04 01	0.79	0.75	4.2	4.6	6.5	1.18	-9999.9	3	53	-9999.9	45	-9999.9	3	17.8	3
2025 04 04 02	0.91	0.89	4.6	4.6	6.7	1.34	-9999.9	3	48	-9999.9	39	-9999.9	3	17.8	3
2025 04 04 03	1.0	0.97	4.7	4.9	6.6	1.66	-9999.9	3	50	-9999.9	41	-9999.9	3	17.7	3
2025 04 04 04	1.26	1.22	4.9	5.2	7.2	2.72	-9999.9	3	45	-9999.9	44	-9999.9	3	17.6	3
2025 04 04 05	1.23	1.19	5.0	5.1	7.1	2.0	-9999.9	3	46	-9999.9	41	-9999.9	3	17.6	3
2025 04 04 06	1.2	1.18	4.9	4.9	7.2	1.75	-9999.9	3	51	-9999.9	45	-9999.9	3	17.6	3
2025 04 04 07	1.19	1.15	4.7	4.9	6.9	2.04	-9999.9	3	49	-9999.9	40	-9999.9	3	17.6	3
2025 04 04 08	1.11	1.08	5.0	4.8	8.1	1.75	-9999.9	3	56	-9999.9	47	-9999.9	3	17.7	3
2025 04 04 09	1.09	1.07	5.0	4.9	7.6	1.85	-9999.9	3	62	-9999.9	43	-9999.9	3	17.7	3
2025 04 04 10	1.08	1.05	4.9	5.0	8.3	1.71	-9999.9	3	59	-9999.9	47	-9999.9	3	17.9	3
2025 04 04 11	1.08	1.05	5.2	5.4	8.1	1.53	-9999.9	3	59	-9999.9	47	-9999.9	3	18.1	3
2025 04 04 12	1.14	1.13	6.1	5.9	8.0	1.63	-9999.9	3	56	-9999.9	44	-9999.9	3	18.4	3
2025 04 04 13	1.03	0.98	5.3	5.7	8.1	1.65	-9999.9	3	52	-9999.9	45	-9999.9	3	19.0	3
2025 04 04 14	1.13	1.11	5.6	5.7	7.8	1.73	-9999.9	3	49	-9999.9	45	-9999.9	3	19.9	3
2025 04 04 15	1.03	0.99	5.5	5.4	7.8	1.51	-9999.9	3	50	-9999.9	44	-9999.9	3	19.5	3
2025 04 04 16	1.08	1.07	5.4	5.6	7.7	1.8	-9999.9	3	54	-9999.9	41	-9999.9	3	19.3	3
2025 04 04 17	0.97	0.95	5.1	5.4	7.7	1.47	-9999.9	3	45	-9999.9	46	-9999.9	3	19.1	3
2025 04 04 18	0.92	0.89	5.3	5.3	7.2	1.36	-9999.9	3	48	-9999.9	49	-9999.9	3	19.1	3
2025 04 04 19	0.92	0.87	4.8	5.1	7.6	1.29	-9999.9	3	46	-9999.9	49	-9999.9	3	18.5	3
2025 04 04 20	0.99	0.95	5.5	5.5	8.3	1.54	-9999.9	3	55	-9999.9	46	-9999.9	3	18.4	3
2025 04 04 21	0.97	0.95	5.6	5.4	7.9	1.46	-9999.9	3	54	-9999.9	48	-9999.9	3	18.4	3
2025 04 04 22	0.97	0.95	5.5	5.6	8.3	1.6	-9999.9	3	56	-9999.9	47	-9999.9	3	18.4	3
2025 04 04 23	0.86	0.85	5.4	5.4	7.6	1.29	-9999.9	3	59	-9999.9	46	-9999.9	3	18.5	3
2025 04 05 00	0.85	0.82	5.6	5.6	8.4	1.22	-9999.9	3	57	-9999.9	47	-9999.9	3	18.5	3
2025 04 05 01	0.81	0.79	5.4	5.6	7.9	1.27	-9999.9	3	55	-9999.9	46	-9999.9	3	18.4	3
2025 04 05 02	0.72	0.69	4.8	5.2	8.1	1.43	-9999.9	3	50	-9999.9	44	-9999.9	3	18.2	3
2025 04 05 03	0.71	0.69	5.2	5.4	8.0	1.02	-9999.9	3	55	-9999.9	46	-9999.9	3	18.2	3
2025 04 05 04	0.69	0.69	5.6	5.6	7.9	1.17	-9999.9	3	54	-9999.9	44	-9999.9	3	18.1	3
2025 04 05 05	0.54	0.52	4.6	5.0	7.3	1.0	-9999.9	3	49	-9999.9	49	-9999.9	3	18.1	3
2025 04 05 06	0.55	0.54	5.5	5.3	7.6	0.83	-9999.9	3	56	-9999.9	50	-9999.9	3	18.1	3
2025 04 05 07	0.45	0.44	5.0	4.9	7.6	0.64	-9999.9	3	60	-9999.9	54	-9999.9	3	18.0	3
2025 04 05 08	0.45	0.43	5.0	5.4	8.2	0.74	-9999.9	3	51	-9999.9	52	-9999.9	3	18.0	3
2025 04 05 09	0.41	0.4	4.5	5.2	7.8	0.58	-9999.9	3	56	-9999.9	51	-9999.9	3	17.9	3
2025 04 05 10	0.42	0.4	4.0	5.0	7.8	0.67	-9999.9	3	46	-9999.9	48	-9999.9	3	17.9	3
2025 04 05 11	0.35	0.33	3.0	3.8	7.6	0.51	-9999.9	3	53	-9999.9	51	-9999.9	3	18.1	3
2025 04 05 12	0.33	0.31	3.0	3.6	8.0	0.52	-9999.9	3	52	-9999.9	54	-9999.9	3	18.0	3
2025 04 05 13	0.36	0.33	2.7	3.2	8.0	0.55	-9999.9	3	51	-9999.9	54	-9999.9	3	18.0	3
2025 04 05 14	0.4	0.36	2.9	3.3	8.1	0.63	-9999.9	3	45	-9999.9	50	-9999.9	3	18.0	3
2025 04 05 15	0.36	0.33	2.8	3.2	8.1	0.6	-9999.9	3	44	-9999.9	49	-9999.9	3	18.0	3
2025 04 05 16	0.34	0.31	3.2	3.6	8.3	0.55	-9999.9	3	45	-9999.9	51	-9999.9	3	18.0	3
2025 04 05 17	0.34	0.31	3.9	4.4	8.2	0.49	-9999.9	3	55	-9999.9	51	-9999.9	3	18.0	3
2025 04 05 18	0.34	0.33	5.1	5.0	8.0	0.53	-9999.9	3	57	-9999.9	50	-9999.9	3	18.0	3
2025 04 05 19	0.27	0.26	4.7	4.9	7.9	0.42	-9999.9	3	62	-9999.9	51	-9999.9	3	18.0	3
2025 04 05 20	0.26	0.25	5.2	5.3	8.3	0.42	-9999.9	3	69	-9999.9	53	-9999.9	3	17.9	3
2025 04 05 21	0.28	0.27	4.8	5.5	8.2	0.44	-9999.9	3	68	-9999.9	51	-9999.9	3	17.8	3
2025 04 05 22	0.31	0.3	5.1	5.8	8.2	0.62	-9999.9	3	66	-9999.9	50	-9999.9	3	17.8	3
2025 04 05 23	0.26	0.26	5.5	5.7	7.9	0.38	-9999.9	3	58	-9999.9	50	-9999.9	3	17.8	3
2025 04 06 00	0.28	0.28	5.3	5.4	7.8	0.44	-9999.9	3	58	-9999.9	49	-9999.9	3	17.7	3
2025 04 06 01	0.22	0.22	5.2	5.5	8.2	0.34	-9999.9	3	54	-9999.9	52	-9999.9	3	17.7	3
2025 04 06 02	0.23	0.22	4.5	5.3	8.1	0.34	-9999.9	3	62	-9999.9	53	-9999.9	3	17.7	3
2025 04 06 03	0.26	0.26	4.7	5.8	8.0	0.41	-9999.9	3	68	-9999.9	50	-9999.9	3	17.7	3
2025 04 06 04	0.24	0.24	5.1	5.7	7.9	0.38	-9999.9	3	57	-9999.9	46	-9999.9	3	17.7	3
2025 04 06 05	0.25	0.25	5.1	5.7	7.9	0.39	-9999.9	3	57	-9999.9	48	-9999.9	3	17.7	3
2025 04 06 06	0.22	0.22	4.8	5.2	7.6	0.38	-9999.9	3	62	-9999.9	47	-9999.9	3	17.7	3
2025 04 06 07	0.22	0.21	4.5	5.0	7.6	0.34	-9999.9	3	58	-9999.9	50	-9999.9	3	17.6	3
2025 04 06 08	0.23	0.22	2.7	3.3	7.5	0.41	-9999.9	3	47	-9999.9	49	-9999.9	3	17.7	3
2025 04 06 09	0.25	0.26	2.1	2.5	7.3	0.46	-9999.9	3	16	-9999.9	44	-9999.9	3	17.7	3
2025 04 06 10	0.18	0.19	2.2	3.3	7.1	0.36	-9999.9	3	48	-9999.9	47	-9999.9	3	17.7	3
2025 04 06 11	0.15	0.18	2.0	3.0	8.4	0.3	-9999.9	3	41	-9999.9	54	-9999.9	3	17.7	3
2025 04 06 12	0.21	0.23	2.3	2.4	3.1	0.4	-9999.9	3	11	-9999.9	48	-9999.9	3	17.8	3
2025 04 06 13	0.25	0.25	1.9	2.1	1.9	0.44	-9999.9	3	356	-9999.9	43	-9999.9	3	17.8	3
2025 04 06 14	0.25	0.25	2.1	2.3	3.2	0.41	-9999.9	3	4	-9999.9	44	-9999.9	3	17.8	3
2025 04 06 15	0.27	0.27	2.1	2.2	2.0	0.47	-9999.9	3	2	-9999.9	45	-9999.9	3	17.8	3
2025 04 06 16	0.33	0.32	2.0	2.2	1.9	0.53	-9999.9	3	352	-9999.9	43	-9999.9	3	17.8	3
2025 04 06 17	0.31	0.31	2.0	2.2	1.9	0.53	-9999.9	3	347	-9999.9	41	-9999.9	3	17.8	3
2025 04 06 18	0.21	0.21	2.2	2.7	3.9	0.37	-9999.9	3	33	-9999.9	51	-9999.9	3	17.7	3
2025 04 06 19	0.19	0.19	2.4	3.0	4.1	0.28	-9999.9	3	45	-9999.9	49	-9999.9	3	17.7	3
2025 04 06 20	0.19	0.19	2.3	2.9	4.3	0.32	-9999.9	3	46	-9999.9	48	-9999.9	3	17.8	3
2025 04 06 21	0.19	0.19	2.5	3.0	6.0	0.3	-9999.9	3	48	-9999.9	51	-9999.9	3	17.8	3
2025 04 06 22	0.15	0.14	3.0	3.2	5.7	0.25	-9999.9	3	62	-9999.9	54	-9999.9	3	17.7	3
2025 04 06 23	0.15	0.15	3.1	3.3	5.0	0.24	-9999.9	3	77	-9999.9	50	-9999.9	3	17.7	3
2025 04 07 00	0.18	0.18	3.2	3.5	3.4	0.43	-9999.9	3	85	-9999.9	46	-9999.9	3	17.7	3
2025 04 07 01	0.14	0.15	2.5	3.5	6.0	0.3	-9999.9	3	38	-9999.9	53	-9999.9	3	17.7	3
2025 04 07 02	0.15	0.15	3.2	3.6	5.9	0.23	-9999.9	3	35	-9999.9	53	-9999.9	3	17.7	3
2025 04 07 03	0.18	0.17	3.5	3.6	5.4	0.27	-9999.9	3	24	-9999.9	48	-9999.9	3	17.7	3
2025 04 07 04	0.16	0.16	3.7	3.6	5.2	0.27	-9999.9	3	34	-9999.9	56	-9999.9	3	17.7	3
2025 04 07 05	0.15	0.15	3.8	3.7	5.6	0.25	-9999.9	3	47	-9999.9	54	-9999.9	3	17.7	3
2025 04 07 06	0.16	0.15	3.5	3.5	5.2	0.29	-9999.9	3	61	-9999.9	54	-9999.9	3	17.6	3
2025 04 07 07	0.16	0.15	3.3	3.3	5.3	0.25	-9999.9	3	71	-9999.9	52	-9999.9	3	17.6	3
2025 04 07 08	0.16	0.15	3.8	3.7	5.1	0.3	-9999.9	3	76	-9999.9	49	-9999.9	3	17.6	3
2025 04 07 09	0.15	0.15	3.5	3.5	5.0	0.25	-9999.9	3	87	-9999.9	50	-9999.9	3	17.8	3
2025 04 07 10	0.15	0.14	3.1	3.5	5.1	0.25	-9999.9	3	91	-9999.9	49	-9999.9	3	17.9	3
2025 04 07 11	0.14	0.13	3.0	3.4	5.1	0.22	-9999.9	3	82	-9999.9	52	-9999.9	3	17.9	3
2025 04 07 12	0.13	0.13	3.0	3.2	4.9	0.25	-9999.9	3	79	-9999.9	51	-9999.9	3	19.0	3
2025 04 07 13	0.14	0.14	2.4	3.3	5.0	0.23	-9999.9	3	82	-9999.9	53	-9999.9	3	19.2	3
2025 04 07 14	0.16	0.17	2.1	2.6	4.2	0.28	-9999.9	3	78	-9999.9	49	-9999.9	3	19.0	3
2025 04 07 15	0.22	0.23	2.0	2.0	1.8	0.47	-9999.9	3	39	-9999.9	48	-9999.9	3	18.8	3
2025 04 07 16	0.25	0.26	2.0	2.2	2.1	0.46	-9999.9	3	33	-9999.9	50	-9999.9	3	18.6	3
2025 04 07 17	0.23	0.23	2.1	2.2	2.2	0.39	-9999.9	3	42	-9999.9	53	-9999.9	3	18.4	3
2025 04 07 18	0.25	0.24	2.2	2.4	2.4	0.46	-9999.9	3	45	-9999.9	57	-9999.9	3	18.6	3
2025 04 07 19	0.23	0.23	2.4	2.5	2.4	0.36	-9999.9	3	46	-9999.9	57	-9999.9	3	18.5	3
2025 04 07 20	0.22	0.22	2.4	2.6	2.7	0.39	-9999.9	3	39	-9999.9	52	-9999.9	3	18.4	3
2025 04 07 21	0.22	0.21	2.4	2.5	2.7	0.4	-9999.9	3	52	-9999.9	50	-9999.9	3	18.5	3
2025 04 07 22	0.2	0.2	2.5	2.5	2.7	0.32	-9999.9	3	56	-9999.9	49	-9999.9	3	18.5	3
2025 04 07 23	0.2	0.2	2.5	2.6	2.7	0.34	-9999.9	3	57	-9999.9	51	-9999.9	3	18.5	3
2025 04 08 00	0.18	0.18	2.5	2.6	2.7	0.35	-9999.9	3	64	-9999.9	50	-9999.9	3	18.4	3
2025 04 08 01	0.17	0.17	2.5	2.5	2.6	0.31	-9999.9	3	65	-9999.9	48	-9999.9	3	18.5	3
2025 04 08 02	0.16	0.15	2.5	2.6	2.6	0.33	-9999.9	3	68	-9999.9	49	-9999.9	3	18.4	3
2025 04 08 03	0.15	0.15	2.5	2.6	2.6	0.28	-9999.9	3	74	-9999.9	49	-9999.9	3	18.4	3
2025 04 08 04	0.14	0.14	2.5	2.5	2.4	0.24	-9999.9	3	73	-9999.9	47	-9999.9	3	18.3	3
2025 04 08 05	0.14	0.13	2.5	2.5	2.6	0.24	-9999.9	3	71	-9999.9	49	-9999.9	3	18.2	3
2025 04 08 06	0.15	0.14	2.3	2.4	2.4	0.26	-9999.9	3	70	-9999.9	46	-9999.9	3	18.2	3
2025 04 08 07	0.27	0.27	2.4	2.5	2.7	0.49	-9999.9	3	65	-9999.9	47	-9999.9	3	18.1	3
2025 04 08 08	0.38	0.37	2.6	2.7	3.2	0.62	-9999.9	3	64	-9999.9	48	-9999.9	3	18.2	3
2025 04 08 09	0.51	0.5	2.8	3.0	3.8	0.8	-9999.9	3	59	-9999.9	45	-9999.9	3	18.3	3
2025 04 08 10	0.71	0.69	3.2	3.2	4.2	1.04	-9999.9	3	53	-9999.9	45	-9999.9	3	18.4	3
2025 04 08 11	0.77	0.76	3.3	3.3	4.4	1.38	-9999.9	3	58	-9999.9	45	-9999.9	3	18.7	3
2025 04 08 12	0.83	0.8	3.4	3.5	4.5	1.45	-9999.9	3	54	-9999.9	44	-9999.9	3	18.8	3
2025 04 08 13	0.95	0.92	3.7	3.7	4.7	1.48	-9999.9	3	54	-9999.9	44	-9999.9	3	18.9	3
2025 04 08 14	1.12	1.1	4.0	3.9	5.1	2.06	-9999.9	3	51	-9999.9	42	-9999.9	3	18.9	3
2025 04 08 15	1.24	1.2	4.1	4.2	5.8	2.27	-9999.9	3	45	-9999.9	43	-9999.9	3	19.0	3
2025 04 08 16	1.42	1.37	4.3	4.5	6.0	2.51	-9999.9	3	45	-9999.9	39	-9999.9	3	19.1	3
2025 04 08 17	1.39	1.36	4.7	4.5	6.3	2.08	-9999.9	3	44	-9999.9	43	-9999.9	3	19.2	3
2025 04 08 18	1.53	1.47	4.6	4.8	6.8	2.28	-9999.9	3	43	-9999.9	41	-9999.9	3	19.1	3
2025 04 08 19	1.51	1.46	4.9	4.8	6.8	2.57	-9999.9	3	40	-9999.9	41	-9999.9	3	19.1	3
2025 04 08 20	1.66	1.62	4.9	5.1	6.5	3.16	-9999.9	3	44	-9999.9	37	-9999.9	3	18.9	3
2025 04 08 21	1.67	1.63	5.1	5.0	6.7	3.18	-9999.9	3	44	-9999.9	41	-9999.9	3	18.9	3
2025 04 08 22	1.66	1.63	5.4	5.1	6.7	2.5	-9999.9	3	47	-9999.9	40	-9999.9	3	18.8	3
2025 04 08 23	1.62	1.57	4.9	5.0	6.8	2.66	-9999.9	3	53	-9999.9	44	-9999.9	3	18.7	3
2025 04 09 00	1.44	1.39	4.9	5.0	7.0	2.16	-9999.9	3	51	-9999.9	44	-9999.9	3	18.8	3
2025 04 09 01	1.54	1.5	5.2	5.1	6.9	2.2	-9999.9	3	49	-9999.9	41	-9999.9	3	18.8	3
2025 04 09 02	1.37	1.34	5.1	4.9	7.1	2.2	-9999.9	3	51	-9999.9	45	-9999.9	3	18.7	3
2025 04 09 03	1.55	1.49	5.3	5.3	7.0	2.66	-9999.9	3	49	-9999.9	41	-9999.9	3	18.6	3
2025 04 09 04	1.53	1.49	5.0	5.2	7.0	2.54	-9999.9	3	50	-9999.9	43	-9999.9	3	18.6	3
2025 04 09 05	1.73	1.69	5.6	5.5	7.3	2.42	-9999.9	3	54	-9999.9	37	-9999.9	3	18.6	3
2025 04 09 06	1.59	1.56	5.3	5.2	6.9	2.47	-9999.9	3	55	-9999.9	40	-9999.9	3	18.5	3
2025 04 09 07	1.35	1.31	5.1	5.0	7.3	1.97	-9999.9	3	52	-9999.9	48	-9999.9	3	18.6	3
2025 04 09 08	1.31	1.29	4.6	4.7	7.3	2.11	-9999.9	3	52	-9999.9	44	-9999.9	3	18.6	3
2025 04 09 09	1.49	1.45	4.8	5.0	7.3	2.22	-9999.9	3	50	-9999.9	42	-9999.9	3	18.6	3
2025 04 09 10	1.32	1.27	4.3	4.4	7.2	2.39	-9999.9	3	51	-9999.9	43	-9999.9	3	18.6	3
2025 04 09 11	1.36	1.31	4.4	4.6	7.0	2.85	-9999.9	3	56	-9999.9	42	-9999.9	3	18.6	3
2025 04 09 12	1.38	1.33	4.4	4.5	6.5	2.78	-9999.9	3	54	-9999.9	43	-9999.9	3	18.7	3
2025 04 09 13	1.5	1.48	4.9	4.7	6.9	2.31	-9999.9	3	51	-9999.9	40	-9999.9	3	18.6	3
2025 04 09 14	1.35	1.31	4.6	4.5	6.7	2.33	-9999.9	3	54	-9999.9	45	-9999.9	3	18.6	3
2025 04 09 15	1.22	1.18	4.3	4.3	7.1	2.16	-9999.9	3	49	-9999.9	45	-9999.9	3	18.6	3
2025 04 09 16	1.4	1.3	4.5	4.6	7.4	2.69	-9999.9	3	47	-9999.9	40	-9999.9	3	18.7	3
2025 04 09 17	1.35	1.29	4.6	4.7	7.0	2.05	-9999.9	3	49	-9999.9	41	-9999.9	3	18.7	3
2025 04 09 18	1.4	1.35	4.8	4.6	7.4	2.04	-9999.9	3	49	-9999.9	42	-9999.9	3	18.5	3
2025 04 09 19	1.4	1.33	4.6	4.7	7.4	2.52	-9999.9	3	46	-9999.9	45	-9999.9	3	18.5	3
2025 04 09 20	1.56	1.52	5.2	5.1	7.5	2.68	-9999.9	3	46	-9999.9	41	-9999.9	3	18.5	3
2025 04 09 21	1.47	1.37	4.7	5.0	7.3	2.46	-9999.9	3	44	-9999.9	40	-9999.9	3	18.7	3
2025 04 09 22	1.3	1.25	4.6	4.7	7.6	1.84	-9999.9	3	45	-9999.9	44	-9999.9	3	18.7	3
2025 04 09 23	1.44	1.36	4.6	5.0	7.2	2.53	-9999.9	3	44	-9999.9	39	-9999.9	3	18.7	3
2025 04 10 00	1.42	1.38	5.0	5.0	7.2	2.55	-9999.9	3	46	-9999.9	39	-9999.9	3	18.6	3
2025 04 10 01	1.47	1.43	5.0	5.0	7.1	2.16	-9999.9	3	45	-9999.9	43	-9999.9	3	18.6	3
2025 04 10 02	1.42	1.38	4.6	4.7	7.0	2.56	-9999.9	3	46	-9999.9	43	-9999.9	3	18.5	3
2025 04 10 03	1.42	1.41	4.4	4.4	6.9	2.38	-9999.9	3	52	-9999.9	44	-9999.9	3	18.5	3
2025 04 10 04	1.56	1.5	4.4	4.5	7.0	2.4	-9999.9	3	55	-9999.9	43	-9999.9	3	18.5	3
2025 04 10 05	1.64	1.58	4.8	4.7	6.9	2.98	-9999.9	3	52	-9999.9	43	-9999.9	3	18.4	3
2025 04 10 06	1.63	1.56	4.6	4.7	6.9	2.21	-9999.9	3	52	-9999.9	43	-9999.9	3	18.3	3
2025 04 10 07	1.78	1.71	4.5	4.7	7.3	2.98	-9999.9	3	55	-9999.9	41	-9999.9	3	18.3	3
2025 04 10 08	1.8	1.75	5.1	4.9	7.3	2.96	-9999.9	3	51	-9999.9	41	-9999.9	3	18.4	3
2025 04 10 09	2.09	2.02	5.3	5.1	7.5	3.52	-9999.9	3	48	-9999.9	43	-9999.9	3	18.4	3
2025 04 10 10	2.29	2.24	5.3	5.3	7.5	3.56	-9999.9	3	51	-9999.9	39	-9999.9	3	18.2	3
2025 04 10 11	2.2	2.11	5.2	5.1	7.5	3.32	-9999.9	3	49	-9999.9	44	-9999.9	3	18.3	3
2025 04 10 12	2.27	2.21	5.5	5.4	7.6	4.06	-9999.9	3	44	-9999.9	42	-9999.9	3	18.3	3
2025 04 10 13	2.36	2.33	5.6	5.4	7.9	4.01	-9999.9	3	49	-9999.9	43	-9999.9	3	18.3	3
2025 04 10 14	2.51	2.42	5.7	5.7	7.9	3.97	-9999.9	3	50	-9999.9	41	-9999.9	3	18.3	3
2025 04 10 15	2.43	2.39	5.7	5.6	8.1	3.67	-9999.9	3	53	-9999.9	43	-9999.9	3	18.3	3
2025 04 10 16	2.54	2.41	5.9	5.8	8.4	3.55	-9999.9	3	50	-9999.9	40	-9999.9	3	18.3	3
2025 04 10 17	2.56	2.45	6.1	5.7	8.5	3.92	-9999.9	3	51	-9999.9	43	-9999.9	3	18.3	3
2025 04 10 18	2.92	2.88	6.4	6.0	8.6	4.27	-9999.9	3	55	-9999.9	39	-9999.9	3	18.3	3
2025 04 10 19	2.34	2.25	5.3	5.3	8.6	3.73	-9999.9	3	53	-9999.9	41	-9999.9	3	18.4	3
2025 04 10 20	2.74	2.65	5.8	5.8	8.8	4.67	-9999.9	3	55	-9999.9	41	-9999.9	3	18.3	3
2025 04 10 21	2.71	2.61	5.7	5.6	8.5	4.06	-9999.9	3	56	-9999.9	39	-9999.9	3	18.3	3
2025 04 10 22	2.93	2.82	6.2	6.0	8.7	4.5	-9999.9	3	55	-9999.9	37	-9999.9	3	18.3	3
2025 04 10 23	3.14	3.05	6.1	6.0	8.8	4.56	-9999.9	3	55	-9999.9	41	-9999.9	3	18.3	3
2025 04 11 00	3.01	2.96	6.1	6.0	8.9	4.66	-9999.9	3	52	-9999.9	42	-9999.9	3	18.2	3
2025 04 11 01	2.97	2.87	6.0	5.8	8.6	5.36	-9999.9	3	56	-9999.9	41	-9999.9	3	18.3	3
2025 04 11 02	3.31	3.28	6.5	6.4	9.0	4.97	-9999.9	3	53	-9999.9	39	-9999.9	3	18.3	3
2025 04 11 03	3.11	2.98	6.2	6.1	9.4	4.43	-9999.9	3	55	-9999.9	41	-9999.9	3	18.3	3
2025 04 11 04	3.48	3.4	6.6	6.5	9.4	5.79	-9999.9	3	53	-9999.9	37	-9999.9	3	18.3	3
2025 04 11 05	3.26	3.21	6.7	6.5	9.4	4.92	-9999.9	3	54	-9999.9	39	-9999.9	3	18.3	3
2025 04 11 06	3.34	3.22	6.5	6.5	9.3	4.88	-9999.9	3	53	-9999.9	38	-9999.9	3	18.3	3
2025 04 11 07	3.32	3.19	6.4	6.3	9.0	5.86	-9999.9	3	57	-9999.9	43	-9999.9	3	18.3	3
2025 04 11 08	3.62	3.59	6.8	6.9	9.4	7.13	-9999.9	3	53	-9999.9	38	-9999.9	3	18.2	3
2025 04 11 09	3.35	3.16	6.6	6.6	9.7	5.53	-9999.9	3	50	-9999.9	41	-9999.9	3	18.2	3
2025 04 11 10	3.29	3.2	6.6	6.4	9.0	5.34	-9999.9	3	53	-9999.9	43	-9999.9	3	18.2	3
2025 04 11 11	3.27	3.11	6.4	6.3	9.5	5.09	-9999.9	3	51	-9999.9	41	-9999.9	3	18.2	3
2025 04 11 12	3.48	3.32	6.9	6.7	9.6	5.84	-9999.9	3	50	-9999.9	35	-9999.9	3	18.3	3
2025 04 11 13	3.3	3.23	6.4	6.4	9.0	5.23	-9999.9	3	53	-9999.9	47	-9999.9	3	18.3	3
2025 04 11 14	2.8	2.7	6.3	6.1	8.9	4.36	-9999.9	3	52	-9999.9	45	-9999.9	3	18.2	3
2025 04 11 15	3.02	2.92	6.3	6.4	9.2	4.24	-9999.9	3	50	-9999.9	36	-9999.9	3	18.3	3
2025 04 11 16	2.7	2.61	6.2	6.3	8.6	3.99	-9999.9	3	48	-9999.9	42	-9999.9	3	18.3	3
2025 04 11 17	2.94	2.89	6.5	6.4	8.9	4.78	-9999.9	3	46	-9999.9	43	-9999.9	3	18.3	3
2025 04 11 18	2.62	2.51	5.9	6.1	8.6	4.29	-9999.9	3	51	-9999.9	38	-9999.9	3	18.3	3
2025 04 11 19	2.19	2.13	5.7	5.7	8.7	3.82	-9999.9	3	50	-9999.9	42	-9999.9	3	18.3	3
2025 04 11 20	2.44	2.35	5.8	5.8	8.5	4.23	-9999.9	3	54	-9999.9	43	-9999.9	3	18.3	3
2025 04 11 21	2.33	2.28	6.0	6.0	8.6	3.64	-9999.9	3	50	-9999.9	43	-9999.9	3	18.2	3
2025 04 11 22	2.17	2.09	5.5	5.8	8.6	3.65	-9999.9	3	48	-9999.9	45	-9999.9	3	18.2	3
2025 04 11 23	2.33	2.22	6.1	5.8	8.1	4.36	-9999.9	3	44	-9999.9	46	-9999.9	3	18.2	3
2025 04 12 00	2.35	2.29	5.9	5.9	8.4	3.66	-9999.9	3	47	-9999.9	41	-9999.9	3	18.2	3
2025 04 12 01	2.03	1.95	5.7	5.8	7.9	3.16	-9999.9	3	49	-9999.9	45	-9999.9	3	18.2	3
2025 04 12 02	1.96	1.87	5.6	5.6	8.2	2.57	-9999.9	3	49	-9999.9	45	-9999.9	3	18.2	3
2025 04 12 03	1.83	1.78	5.5	5.5	8.0	3.23	-9999.9	3	50	-9999.9	43	-9999.9	3	18.2	3
2025 04 12 04	1.66	1.59	5.3	5.3	7.4	2.46	-9999.9	3	55	-9999.9	45	-9999.9	3	18.2	3
2025 04 12 05	1.62	1.54	5.4	5.6	8.6	2.75	-9999.9	3	52	-9999.9	45	-9999.9	3	18.2	3
2025 04 12 06	1.6	1.53	5.5	5.6	8.0	2.39	-9999.9	3	52	-9999.9	43	-9999.9	3	18.2	3
2025 04 12 07	1.47	1.42	5.1	5.2	8.1	2.27	-9999.9	3	49	-9999.9	43	-9999.9	3	18.1	3
2025 04 12 08	1.5	1.42	5.1	5.2	7.7	2.25	-9999.9	3	50	-9999.9	47	-9999.9	3	18.1	3
2025 04 12 09	1.49	1.46	5.2	5.4	8.0	2.28	-9999.9	3	50	-9999.9	43	-9999.9	3	18.2	3
2025 04 12 10	1.47	1.39	5.3	5.3	8.2	2.18	-9999.9	3	47	-9999.9	43	-9999.9	3	18.2	3
2025 04 12 11	1.47	1.41	5.4	5.5	7.9	2.62	-9999.9	3	42	-9999.9	45	-9999.9	3	18.3	3
2025 04 12 12	1.5	1.42	5.4	5.5	7.8	2.3	-9999.9	3	45	-9999.9	43	-9999.9	3	18.3	3
2025 04 12 13	1.42	1.37	5.4	5.3	7.5	2.01	-9999.9	3	47	-9999.9	44	-9999.9	3	18.3	3
2025 04 12 14	1.33	1.3	5.1	5.1	7.8	1.82	-9999.9	3	51	-9999.9	45	-9999.9	3	18.4	3
2025 04 12 15	1.32	1.28	5.2	5.1	8.0	2.51	-9999.9	3	52	-9999.9	42	-9999.9	3	18.4	3
2025 04 12 16	1.21	1.18	5.2	5.1	7.6	1.99	-9999.9	3	48	-9999.9	44	-9999.9	3	18.4	3
2025 04 12 17	1.13	1.1	5.4	5.1	8.2	2.21	-9999.9	3	52	-9999.9	45	-9999.9	3	18.4	3
2025 04 12 18	1.16	1.14	5.4	5.3	7.5	1.84	-9999.9	3	50	-9999.9	42	-9999.9	3	18.4	3
2025 04 12 19	1.12	1.07	5.2	5.1	7.9	1.97	-9999.9	3	48	-9999.9	40	-9999.9	3	18.3	3
2025 04 12 20	1.04	1.01	5.1	4.9	7.5	1.79	-9999.9	3	53	-9999.9	44	-9999.9	3	18.3	3
2025 04 12 21	1.06	1.06	5.3	5.1	7.4	1.81	-9999.9	3	53	-9999.9	43	-9999.9	3	18.3	3
2025 04 12 22	1.0	0.97	4.9	5.0	7.5	1.74	-9999.9	3	56	-9999.9	45	-9999.9	3	18.2	3
2025 04 12 23	1.04	1.02	5.2	5.2	7.3	1.74	-9999.9	3	57	-9999.9	41	-9999.9	3	18.2	3
2025 04 13 00	0.91	0.89	4.9	4.9	7.5	1.47	-9999.9	3	60	-9999.9	46	-9999.9	3	18.2	3
2025 04 13 01	0.85	0.82	4.9	4.9	7.4	1.32	-9999.9	3	55	-9999.9	45	-9999.9	3	18.2	3
2025 04 13 02	0.88	0.85	5.0	5.0	7.1	1.38	-9999.9	3	54	-9999.9	47	-9999.9	3	18.1	3
2025 04 13 03	0.81	0.81	5.0	5.0	7.3	1.19	-9999.9	3	51	-9999.9	49	-9999.9	3	18.1	3
2025 04 13 04	0.73	0.71	4.9	4.9	7.1	1.25	-9999.9	3	53	-9999.9	47	-9999.9	3	18.1	3
2025 04 13 05	0.72	0.71	4.9	5.0	7.1	1.23	-9999.9	3	50	-9999.9	42	-9999.9	3	18.0	3
2025 04 13 06	0.63	0.61	4.8	4.9	6.9	1.0	-9999.9	3	49	-9999.9	45	-9999.9	3	17.9	3
2025 04 13 07	0.63	0.61	4.8	5.0	7.2	0.9	-9999.9	3	48	-9999.9	48	-9999.9	3	17.9	3
2025 04 13 08	0.67	0.65	5.1	5.2	7.2	1.21	-9999.9	3	52	-9999.9	44	-9999.9	3	17.8	3
2025 04 13 09	0.6	0.6	5.0	5.0	7.1	0.92	-9999.9	3	51	-9999.9	48	-9999.9	3	17.9	3
2025 04 13 10	0.57	0.56	4.7	5.0	7.0	1.05	-9999.9	3	49	-9999.9	42	-9999.9	3	18.1	3
2025 04 13 11	0.57	0.55	4.8	5.0	7.1	0.8	-9999.9	3	50	-9999.9	43	-9999.9	3	18.1	3
2025 04 13 12	0.53	0.51	3.9	4.4	6.8	0.81	-9999.9	3	39	-9999.9	46	-9999.9	3	18.0	3
2025 04 13 13	0.51	0.51	4.9	5.1	7.0	0.77	-9999.9	3	48	-9999.9	46	-9999.9	3	17.9	3
2025 04 13 14	0.44	0.43	4.5	4.9	6.8	0.84	-9999.9	3	50	-9999.9	48	-9999.9	3	17.8	3
2025 04 13 15	0.41	0.39	4.3	4.6	6.7	0.63	-9999.9	3	54	-9999.9	49	-9999.9	3	17.9	3
2025 04 13 16	0.39	0.39	4.5	5.0	7.1	0.62	-9999.9	3	51	-9999.9	48	-9999.9	3	18.0	3
2025 04 13 17	0.37	0.37	4.8	5.2	7.3	0.65	-9999.9	3	49	-9999.9	43	-9999.9	3	18.0	3
2025 04 13 18	0.32	0.3	4.3	4.4	6.6	0.47	-9999.9	3	50	-9999.9	45	-9999.9	3	18.0	3
2025 04 13 19	0.28	0.26	3.9	4.1	7.0	0.48	-9999.9	3	49	-9999.9	48	-9999.9	3	17.9	3
2025 04 13 20	0.29	0.28	4.2	4.5	7.2	0.43	-9999.9	3	49	-9999.9	42	-9999.9	3	17.8	3
2025 04 13 21	0.26	0.25	3.8	4.1	7.1	0.42	-9999.9	3	49	-9999.9	46	-9999.9	3	17.8	3
2025 04 13 22	0.28	0.27	4.2	4.4	6.8	0.45	-9999.9	3	52	-9999.9	47	-9999.9	3	17.8	3
2025 04 13 23	0.29	0.29	4.5	4.8	6.9	0.46	-9999.9	3	48	-9999.9	38	-9999.9	3	17.4	3
2025 04 14 00	0.27	0.25	4.1	4.3	6.8	0.43	-9999.9	3	42	-9999.9	49	-9999.9	3	17.4	3
2025 04 14 01	0.25	0.24	4.1	4.2	6.7	0.38	-9999.9	3	46	-9999.9	47	-9999.9	3	17.6	3
2025 04 14 02	0.24	0.23	3.2	3.7	6.9	0.4	-9999.9	3	52	-9999.9	49	-9999.9	3	17.8	3
2025 04 14 03	0.22	0.21	4.1	4.2	6.9	0.43	-9999.9	3	43	-9999.9	52	-9999.9	3	17.8	3
2025 04 14 04	0.19	0.19	4.1	4.2	6.6	0.29	-9999.9	3	37	-9999.9	56	-9999.9	3	17.8	3
2025 04 14 05	0.2	0.19	4.3	4.5	6.6	0.4	-9999.9	3	29	-9999.9	53	-9999.9	3	17.8	3
2025 04 14 06	0.24	0.24	4.4	4.5	6.6	0.35	-9999.9	3	19	-9999.9	49	-9999.9	3	17.8	3
2025 04 14 07	0.26	0.25	4.3	4.4	6.5	0.4	-9999.9	3	14	-9999.9	48	-9999.9	3	17.8	3
2025 04 14 08	0.27	0.25	4.2	4.2	6.1	0.39	-9999.9	3	14	-9999.9	45	-9999.9	3	17.9	3
2025 04 14 09	0.28	0.27	3.9	3.8	5.3	0.59	-9999.9	3	24	-9999.9	45	-9999.9	3	18.0	3
2025 04 14 10	0.28	0.27	2.7	3.2	6.3	0.41	-9999.9	3	22	-9999.9	49	-9999.9	3	18.0	3
2025 04 14 11	0.28	0.28	2.2	2.4	2.5	0.47	-9999.9	3	9	-9999.9	45	-9999.9	3	17.9	3
2025 04 14 12	0.24	0.23	2.8	3.5	6.8	0.37	-9999.9	3	40	-9999.9	49	-9999.9	3	18.0	3
2025 04 14 13	0.29	0.27	2.5	2.8	6.3	0.5	-9999.9	3	12	-9999.9	46	-9999.9	3	18.1	3
2025 04 14 14	0.34	0.32	2.4	2.7	6.4	0.53	-9999.9	3	7	-9999.9	45	-9999.9	3	17.9	3
2025 04 14 15	0.36	0.35	2.4	2.8	6.2	0.56	-9999.9	3	0	-9999.9	43	-9999.9	3	17.9	3
2025 04 14 16	0.43	0.4	2.7	2.9	6.7	0.71	-9999.9	3	4	-9999.9	42	-9999.9	3	17.8	3
2025 04 14 17	0.44	0.42	2.7	2.8	6.7	0.82	-9999.9	3	4	-9999.9	42	-9999.9	3	17.8	3
2025 04 14 18	0.36	0.34	2.6	3.0	6.2	0.59	-9999.9	3	12	-9999.9	44	-9999.9	3	17.7	3
2025 04 14 19	0.38	0.36	2.6	2.9	5.9	0.62	-9999.9	3	16	-9999.9	44	-9999.9	3	17.7	3
2025 04 14 20	0.36	0.35	3.1	3.2	4.8	0.63	-9999.9	3	18	-9999.9	46	-9999.9	3	17.6	3
2025 04 14 21	0.44	0.42	3.8	4.0	6.2	0.75	-9999.9	3	26	-9999.9	43	-9999.9	3	17.6	3
2025 04 14 22	0.46	0.45	4.0	4.2	6.1	0.84	-9999.9	3	23	-9999.9	43	-9999.9	3	17.7	3
2025 04 14 23	0.34	0.33	3.8	3.8	5.0	0.56	-9999.9	3	22	-9999.9	44	-9999.9	3	17.6	3
2025 04 15 00	0.32	0.3	3.9	4.0	5.5	0.54	-9999.9	3	31	-9999.9	47	-9999.9	3	17.6	3
2025 04 15 01	0.31	0.29	3.7	3.9	6.5	0.51	-9999.9	3	28	-9999.9	51	-9999.9	3	17.6	3
2025 04 15 02	0.31	0.3	3.6	3.7	6.1	0.51	-9999.9	3	28	-9999.9	50	-9999.9	3	17.6	3
2025 04 15 03	0.29	0.27	3.3	3.4	5.8	0.48	-9999.9	3	33	-9999.9	52	-9999.9	3	17.6	3
2025 04 15 04	0.33	0.32	3.3	3.5	4.4	0.51	-9999.9	3	20	-9999.9	49	-9999.9	3	17.6	3
2025 04 15 05	0.3	0.28	2.5	2.8	4.8	0.49	-9999.9	3	14	-9999.9	50	-9999.9	3	17.6	3
2025 04 15 06	0.3	0.3	2.5	2.8	4.4	0.53	-9999.9	3	11	-9999.9	44	-9999.9	3	17.6	3
2025 04 15 07	0.44	0.42	2.7	2.7	5.6	0.78	-9999.9	3	6	-9999.9	40	-9999.9	3	17.5	3
2025 04 15 08	0.43	0.41	3.0	3.3	5.8	0.77	-9999.9	3	17	-9999.9	45	-9999.9	3	17.5	3
2025 04 15 09	0.37	0.35	3.3	3.7	6.4	0.57	-9999.9	3	21	-9999.9	48	-9999.9	3	17.5	3
2025 04 15 10	0.31	0.3	3.2	3.6	6.0	0.5	-9999.9	3	23	-9999.9	50	-9999.9	3	17.5	3
2025 04 15 11	0.26	0.26	3.4	3.7	6.1	0.51	-9999.9	3	28	-9999.9	50	-9999.9	3	17.5	3
2025 04 15 12	0.26	0.25	3.2	4.0	6.6	0.48	-9999.9	3	67	-9999.9	52	-9999.9	3	17.6	3
2025 04 15 13	0.35	0.34	2.1	2.3	2.1	0.52	-9999.9	3	348	-9999.9	39	-9999.9	3	17.7	3
2025 04 15 14	0.36	0.35	2.2	2.3	2.2	0.66	-9999.9	3	346	-9999.9	39	-9999.9	3	17.7	3
2025 04 15 15	0.35	0.34	2.2	2.3	4.7	0.56	-9999.9	3	342	-9999.9	38	-9999.9	3	17.7	3
2025 04 15 16	0.33	0.31	2.2	2.5	3.7	0.53	-9999.9	3	351	-9999.9	40	-9999.9	3	17.7	3
2025 04 15 17	0.34	0.32	2.2	2.5	6.3	0.5	-9999.9	3	351	-9999.9	43	-9999.9	3	17.6	3
2025 04 15 18	0.35	0.34	2.7	3.2	7.2	0.59	-9999.9	3	10	-9999.9	44	-9999.9	3	17.6	3
2025 04 15 19	0.48	0.45	2.4	2.6	4.3	0.77	-9999.9	3	350	-9999.9	40	-9999.9	3	17.6	3
2025 04 15 20	0.54	0.52	2.5	2.6	2.9	0.91	-9999.9	3	346	-9999.9	38	-9999.9	3	17.5	3
2025 04 15 21	0.65	0.62	2.9	3.0	5.0	0.98	-9999.9	3	358	-9999.9	37	-9999.9	3	17.5	3
2025 04 15 22	0.54	0.52	2.8	2.9	8.5	0.85	-9999.9	3	358	-9999.9	45	-9999.9	3	17.5	3
2025 04 15 23	0.48	0.44	2.7	3.0	8.1	0.75	-9999.9	3	359	-9999.9	45	-9999.9	3	17.4	3
2025 04 16 00	0.43	0.4	2.6	2.9	7.8	0.68	-9999.9	3	1	-9999.9	45	-9999.9	3	17.4	3
2025 04 16 01	0.47	0.43	2.6	3.0	8.2	0.76	-9999.9	3	1	-9999.9	46	-9999.9	3	17.4	3
2025 04 16 02	0.54	0.5	2.9	3.2	8.0	0.83	-9999.9	3	360	-9999.9	43	-9999.9	3	17.4	3
2025 04 16 03	0.48	0.44	2.7	3.0	7.9	0.68	-9999.9	3	3	-9999.9	46	-9999.9	3	17.3	3
2025 04 16 04	0.49	0.46	2.8	3.1	8.1	0.82	-9999.9	3	4	-9999.9	47	-9999.9	3	17.3	3
2025 04 16 05	0.49	0.45	2.5	2.8	7.7	0.86	-9999.9	3	360	-9999.9	48	-9999.9	3	17.3	3
2025 04 16 06	0.45	0.43	2.7	3.0	6.3	0.87	-9999.9	3	5	-9999.9	49	-9999.9	3	17.3	3
2025 04 16 07	0.57	0.54	2.7	2.9	7.4	1.02	-9999.9	3	360	-9999.9	43	-9999.9	3	17.3	3
2025 04 16 08	0.6	0.57	2.8	2.8	6.8	0.98	-9999.9	3	357	-9999.9	40	-9999.9	3	17.3	3
2025 04 16 09	0.62	0.58	2.6	2.8	6.1	1.04	-9999.9	3	354	-9999.9	39	-9999.9	3	17.4	3
2025 04 16 10	0.61	0.57	2.6	2.7	4.4	0.83	-9999.9	3	349	-9999.9	39	-9999.9	3	17.4	3
2025 04 16 11	0.57	0.53	2.6	2.8	4.1	0.86	-9999.9	3	352	-9999.9	40	-9999.9	3	17.4	3
2025 04 16 12	0.57	0.54	2.5	2.6	5.4	0.91	-9999.9	3	349	-9999.9	41	-9999.9	3	17.4	3
2025 04 16 13	0.55	0.5	2.7	2.9	7.7	0.89	-9999.9	3	356	-9999.9	43	-9999.9	3	17.4	3
2025 04 16 14	0.51	0.49	2.6	2.9	7.0	0.92	-9999.9	3	354	-9999.9	41	-9999.9	3	17.4	3
2025 04 16 15	0.48	0.46	2.7	2.9	6.5	0.87	-9999.9	3	353	-9999.9	44	-9999.9	3	17.4	3
2025 04 16 16	0.47	0.44	2.7	3.0	7.4	0.65	-9999.9	3	3	-9999.9	46	-9999.9	3	17.4	3
2025 04 16 17	0.47	0.45	2.9	3.4	5.9	0.8	-9999.9	3	9	-9999.9	46	-9999.9	3	17.4	3
2025 04 16 18	0.42	0.4	3.4	3.6	5.8	0.7	-9999.9	3	11	-9999.9	49	-9999.9	3	17.4	3
2025 04 16 19	0.42	0.41	3.1	3.6	5.8	0.59	-9999.9	3	10	-9999.9	49	-9999.9	3	17.3	3
2025 04 16 20	0.43	0.42	3.2	3.7	6.1	0.72	-9999.9	3	13	-9999.9	46	-9999.9	3	17.4	3
2025 04 16 21	0.43	0.41	3.3	3.9	5.6	0.78	-9999.9	3	12	-9999.9	47	-9999.9	3	17.3	3
2025 04 16 22	0.45	0.43	2.7	3.2	5.8	0.9	-9999.9	3	1	-9999.9	45	-9999.9	3	17.3	3
2025 04 16 23	0.44	0.42	2.8	3.1	6.2	0.78	-9999.9	3	5	-9999.9	43	-9999.9	3	17.3	3
2025 04 17 00	0.35	0.34	3.5	4.1	6.7	0.55	-9999.9	3	18	-9999.9	49	-9999.9	3	17.2	3
2025 04 17 01	0.31	0.29	3.7	4.1	7.5	0.44	-9999.9	3	26	-9999.9	54	-9999.9	3	17.2	3
2025 04 17 02	0.35	0.33	3.8	4.1	7.2	0.53	-9999.9	3	24	-9999.9	50	-9999.9	3	17.2	3
2025 04 17 03	0.33	0.32	3.9	3.9	6.8	0.48	-9999.9	3	27	-9999.9	52	-9999.9	3	17.2	3
2025 04 17 04	0.34	0.32	4.1	4.2	6.2	0.5	-9999.9	3	30	-9999.9	56	-9999.9	3	17.2	3
2025 04 17 05	0.36	0.34	3.9	4.1	7.2	0.57	-9999.9	3	29	-9999.9	52	-9999.9	3	17.1	3
2025 04 17 06	0.36	0.34	3.8	3.9	6.8	0.6	-9999.9	3	42	-9999.9	55	-9999.9	3	17.1	3
2025 04 17 07	0.38	0.36	3.7	3.8	6.6	0.59	-9999.9	3	53	-9999.9	51	-9999.9	3	17.2	3
2025 04 17 08	0.32	0.3	2.8	3.4	6.1	0.52	-9999.9	3	38	-9999.9	52	-9999.9	3	17.3	3
2025 04 17 09	0.34	0.33	2.2	2.4	2.5	0.56	-9999.9	3	350	-9999.9	46	-9999.9	3	17.3	3
2025 04 17 10	0.34	0.33	2.2	2.3	2.8	0.49	-9999.9	3	346	-9999.9	41	-9999.9	3	17.3	3
2025 04 17 11	0.32	0.3	2.3	2.4	3.4	0.51	-9999.9	3	355	-9999.9	41	-9999.9	3	17.3	3
2025 04 17 12	0.31	0.29	2.4	2.6	4.8	0.47	-9999.9	3	9	-9999.9	44	-9999.9	3	17.4	3
2025 04 17 13	0.28	0.26	2.7	2.8	6.9	0.49	-9999.9	3	21	-9999.9	46	-9999.9	3	17.5	3
2025 04 17 14	0.27	0.26	2.7	2.9	7.1	0.51	-9999.9	3	30	-9999.9	50	-9999.9	3	17.7	3
2025 04 17 15	0.27	0.26	2.3	2.9	7.1	0.4	-9999.9	3	19	-9999.9	50	-9999.9	3	17.6	3
2025 04 17 16	0.28	0.27	2.5	2.9	5.6	0.46	-9999.9	3	20	-9999.9	50	-9999.9	3	17.6	3
2025 04 17 17	0.25	0.23	3.0	3.4	6.2	0.41	-9999.9	3	32	-9999.9	52	-9999.9	3	17.6	3
2025 04 17 18	0.25	0.24	3.5	3.8	5.2	0.38	-9999.9	3	28	-9999.9	51	-9999.9	3	17.5	3
2025 04 17 19	0.24	0.23	3.7	4.0	5.7	0.37	-9999.9	3	41	-9999.9	55	-9999.9	3	17.4	3
2025 04 17 20	0.25	0.24	4.2	4.2	5.3	0.42	-9999.9	3	42	-9999.9	56	-9999.9	3	17.4	3
2025 04 17 21	0.23	0.22	3.9	4.1	5.5	0.35	-9999.9	3	35	-9999.9	54	-9999.9	3	17.4	3
2025 04 17 22	0.24	0.23	3.8	3.9	6.2	0.37	-9999.9	3	30	-9999.9	51	-9999.9	3	17.4	3
2025 04 17 23	0.26	0.25	3.7	3.8	4.9	0.43	-9999.9	3	31	-9999.9	48	-9999.9	3	17.4	3
2025 04 18 00	0.28	0.27	3.8	3.8	4.5	0.45	-9999.9	3	28	-9999.9	45	-9999.9	3	17.4	3
2025 04 18 01	0.25	0.24	3.6	3.8	4.9	0.39	-9999.9	3	32	-9999.9	46	-9999.9	3	17.4	3
2025 04 18 02	0.22	0.21	3.7	3.7	6.5	0.32	-9999.9	3	39	-9999.9	50	-9999.9	3	17.4	3
2025 04 18 03	0.21	0.2	3.8	3.8	5.7	0.34	-9999.9	3	44	-9999.9	51	-9999.9	3	17.3	3
2025 04 18 04	0.19	0.18	3.7	3.9	6.8	0.3	-9999.9	3	55	-9999.9	52	-9999.9	3	17.3	3
2025 04 18 05	0.19	0.18	3.8	3.7	7.0	0.28	-9999.9	3	65	-9999.9	54	-9999.9	3	17.3	3
2025 04 18 06	0.19	0.17	3.4	3.5	6.8	0.28	-9999.9	3	65	-9999.9	54	-9999.9	3	17.3	3
2025 04 18 07	0.2	0.18	3.5	3.5	7.6	0.3	-9999.9	3	53	-9999.9	51	-9999.9	3	17.4	3
2025 04 18 08	0.2	0.19	3.5	3.5	6.5	0.33	-9999.9	3	48	-9999.9	52	-9999.9	3	17.4	3
2025 04 18 09	0.2	0.18	3.1	3.2	7.5	0.44	-9999.9	3	59	-9999.9	53	-9999.9	3	17.8	3
2025 04 18 10	0.19	0.18	3.2	3.3	6.8	0.28	-9999.9	3	59	-9999.9	53	-9999.9	3	18.3	3
2025 04 18 11	0.2	0.19	3.2	3.4	7.9	0.34	-9999.9	3	63	-9999.9	55	-9999.9	3	18.4	3
2025 04 18 12	0.2	0.19	2.6	3.4	8.3	0.36	-9999.9	3	45	-9999.9	56	-9999.9	3	18.2	3
2025 04 18 13	0.22	0.21	2.3	2.6	5.4	0.36	-9999.9	3	31	-9999.9	54	-9999.9	3	18.4	3
2025 04 18 14	0.24	0.23	2.3	2.5	2.8	0.38	-9999.9	3	42	-9999.9	53	-9999.9	3	18.4	3
2025 04 18 15	0.21	0.2	2.3	2.6	7.4	0.33	-9999.9	3	35	-9999.9	56	-9999.9	3	18.5	3
2025 04 18 16	0.21	0.19	2.4	2.7	7.3	0.33	-9999.9	3	48	-9999.9	55	-9999.9	3	18.4	3
2025 04 18 17	0.24	0.22	2.2	2.5	4.0	0.38	-9999.9	3	32	-9999.9	48	-9999.9	3	18.4	3
2025 04 18 18	0.21	0.19	2.5	2.7	5.4	0.33	-9999.9	3	48	-9999.9	53	-9999.9	3	18.4	3
2025 04 18 19	0.2	0.18	2.9	3.3	8.8	0.29	-9999.9	3	55	-9999.9	52	-9999.9	3	18.3	3
2025 04 18 20	0.18	0.16	3.6	4.0	8.8	0.27	-9999.9	3	56	-9999.9	53	-9999.9	3	18.4	3
2025 04 18 21	0.17	0.15	3.4	3.7	8.6	0.28	-9999.9	3	61	-9999.9	52	-9999.9	3	18.5	3
2025 04 18 22	0.17	0.15	3.8	4.1	8.8	0.26	-9999.9	3	58	-9999.9	53	-9999.9	3	18.5	3
2025 04 18 23	0.16	0.16	4.9	5.1	9.7	0.23	-9999.9	3	54	-9999.9	56	-9999.9	3	18.5	3
2025 04 19 00	0.21	0.2	3.1	4.0	4.1	0.43	-9999.9	3	81	-9999.9	46	-9999.9	3	18.4	3
2025 04 19 01	0.17	0.16	3.2	4.4	9.0	0.31	-9999.9	3	46	-9999.9	54	-9999.9	3	18.4	3
2025 04 19 02	0.18	0.16	3.2	4.2	11.4	0.31	-9999.9	3	47	-9999.9	55	-9999.9	3	18.3	3
2025 04 19 03	0.22	0.2	2.6	3.2	11.1	0.45	-9999.9	3	40	-9999.9	51	-9999.9	3	18.2	3
2025 04 19 04	0.22	0.2	2.7	3.4	11.0	0.37	-9999.9	3	29	-9999.9	51	-9999.9	3	18.1	3
2025 04 19 05	0.26	0.25	2.6	3.2	11.1	0.46	-9999.9	3	22	-9999.9	51	-9999.9	3	18.0	3
2025 04 19 06	0.29	0.28	3.0	3.6	8.9	0.49	-9999.9	3	19	-9999.9	44	-9999.9	3	17.9	3
2025 04 19 07	0.37	0.34	3.0	3.4	5.6	0.62	-9999.9	3	11	-9999.9	43	-9999.9	3	17.8	3
2025 04 19 08	0.48	0.45	2.8	3.0	5.3	0.86	-9999.9	3	7	-9999.9	41	-9999.9	3	17.7	3
2025 04 19 09	0.46	0.45	2.9	3.3	6.0	0.83	-9999.9	3	14	-9999.9	44	-9999.9	3	17.8	3
2025 04 19 10	0.48	0.45	3.2	3.5	6.3	0.76	-9999.9	3	11	-9999.9	42	-9999.9	3	17.8	3
2025 04 19 11	0.52	0.49	3.0	3.3	6.0	0.98	-9999.9	3	10	-9999.9	40	-9999.9	3	17.7	3
2025 04 19 12	0.47	0.44	2.7	2.8	5.8	0.74	-9999.9	3	1	-9999.9	41	-9999.9	3	17.7	3
2025 04 19 13	0.37	0.36	2.5	2.8	4.1	0.6	-9999.9	3	10	-9999.9	45	-9999.9	3	17.7	3
2025 04 19 14	0.37	0.35	2.3	2.4	2.7	0.63	-9999.9	3	353	-9999.9	41	-9999.9	3	17.7	3
2025 04 19 15	0.36	0.34	2.5	2.8	5.8	0.59	-9999.9	3	6	-9999.9	43	-9999.9	3	17.8	3
2025 04 19 16	0.41	0.38	2.3	2.5	2.3	0.71	-9999.9	3	343	-9999.9	38	-9999.9	3	17.8	3
2025 04 19 17	0.41	0.39	2.5	2.6	3.6	0.65	-9999.9	3	0	-9999.9	39	-9999.9	3	17.8	3
2025 04 19 18	0.37	0.36	2.7	3.0	4.7	0.58	-9999.9	3	10	-9999.9	44	-9999.9	3	17.7	3
2025 04 19 19	0.37	0.34	2.5	2.7	5.1	0.64	-9999.9	3	6	-9999.9	45	-9999.9	3	17.7	3
2025 04 19 20	0.32	0.31	3.3	3.6	6.9	0.5	-9999.9	3	18	-9999.9	46	-9999.9	3	17.6	3
2025 04 19 21	0.38	0.36	3.1	3.3	7.5	0.56	-9999.9	3	14	-9999.9	41	-9999.9	3	17.6	3
2025 04 19 22	0.36	0.34	3.0	3.4	7.1	0.63	-9999.9	3	12	-9999.9	44	-9999.9	3	17.5	3
2025 04 19 23	0.44	0.41	2.9	3.1	7.5	0.67	-9999.9	3	7	-9999.9	41	-9999.9	3	17.6	3
2025 04 20 00	0.49	0.46	3.4	3.6	7.5	1.04	-9999.9	3	9	-9999.9	39	-9999.9	3	17.6	3
2025 04 20 01	0.55	0.51	3.5	3.8	7.4	0.89	-9999.9	3	9	-9999.9	41	-9999.9	3	17.6	3
2025 04 20 02	0.51	0.47	3.0	3.3	7.4	0.74	-9999.9	3	6	-9999.9	44	-9999.9	3	17.5	3
2025 04 20 03	0.48	0.45	3.0	3.2	6.8	0.8	-9999.9	3	11	-9999.9	44	-9999.9	3	17.5	3
2025 04 20 18	0.48	0.45	2.7	2.9	7.2	0.82	-9999.9	3	0	-9999.9	41	-9999.9	3	17.6	3
2025 04 20 19	0.49	0.46	2.9	3.2	7.0	0.88	-9999.9	3	5	-9999.9	44	-9999.9	3	17.5	3
2025 04 20 20	0.47	0.43	3.2	3.4	7.1	0.72	-9999.9	3	11	-9999.9	42	-9999.9	3	17.5	3
2025 04 20 21	0.4	0.37	3.5	3.7	6.6	0.7	-9999.9	3	13	-9999.9	47	-9999.9	3	17.5	3
2025 04 20 22	0.36	0.34	3.6	4.0	6.8	0.59	-9999.9	3	16	-9999.9	48	-9999.9	3	17.5	3
2025 04 20 23	0.42	0.39	3.7	4.0	7.3	0.64	-9999.9	3	21	-9999.9	44	-9999.9	3	17.5	3
2025 04 21 00	0.44	0.41	2.9	3.3	6.9	0.77	-9999.9	3	14	-9999.9	50	-9999.9	3	17.5	3
2025 04 21 01	0.48	0.46	3.2	3.8	7.0	0.72	-9999.9	3	16	-9999.9	46	-9999.9	3	17.5	3
2025 04 21 02	0.54	0.51	3.2	3.3	6.9	0.82	-9999.9	3	11	-9999.9	43	-9999.9	3	17.4	3
2025 04 21 03	0.52	0.5	3.4	3.6	7.2	0.79	-9999.9	3	11	-9999.9	46	-9999.9	3	17.4	3
2025 04 21 04	0.48	0.47	4.1	4.2	7.0	0.8	-9999.9	3	17	-9999.9	47	-9999.9	3	17.3	3
2025 04 21 05	0.43	0.4	4.0	4.1	7.3	0.68	-9999.9	3	20	-9999.9	54	-9999.9	3	17.3	3
2025 04 21 06	0.42	0.41	3.6	4.1	6.6	0.62	-9999.9	3	26	-9999.9	49	-9999.9	3	17.3	3
2025 04 21 07	0.41	0.39	3.3	3.8	7.1	0.66	-9999.9	3	31	-9999.9	49	-9999.9	3	17.3	3
2025 04 21 08	0.38	0.36	3.3	3.9	5.7	0.66	-9999.9	3	28	-9999.9	51	-9999.9	3	17.3	3
2025 04 21 09	0.39	0.36	3.7	3.8	5.1	0.59	-9999.9	3	36	-9999.9	50	-9999.9	3	17.4	3
2025 04 21 10	0.4	0.37	3.5	3.8	5.3	0.8	-9999.9	3	44	-9999.9	50	-9999.9	3	17.4	3
2025 04 21 11	0.39	0.37	3.2	3.6	6.4	0.68	-9999.9	3	46	-9999.9	51	-9999.9	3	17.5	3
2025 04 21 12	0.36	0.35	3.0	3.3	5.5	0.64	-9999.9	3	39	-9999.9	50	-9999.9	3	17.5	3
2025 04 21 13	0.33	0.31	2.8	3.2	6.2	0.61	-9999.9	3	41	-9999.9	50	-9999.9	3	17.6	3
2025 04 21 14	0.31	0.3	2.6	2.8	5.6	0.52	-9999.9	3	36	-9999.9	53	-9999.9	3	17.7	3
2025 04 21 15	0.37	0.35	2.4	2.6	3.3	0.57	-9999.9	3	31	-9999.9	48	-9999.9	3	17.8	3
2025 04 21 16	0.37	0.35	2.5	2.6	2.9	0.59	-9999.9	3	29	-9999.9	53	-9999.9	3	17.9	3
2025 04 21 17	0.35	0.34	2.7	2.8	3.9	0.69	-9999.9	3	25	-9999.9	51	-9999.9	3	17.9	3
2025 04 21 18	0.37	0.35	2.6	2.8	4.0	0.72	-9999.9	3	27	-9999.9	46	-9999.9	3	17.8	3
2025 04 21 19	0.32	0.3	2.9	3.0	4.6	0.62	-9999.9	3	22	-9999.9	48	-9999.9	3	17.8	3
2025 04 21 20	0.28	0.26	2.9	3.1	7.0	0.46	-9999.9	3	28	-9999.9	48	-9999.9	3	17.8	3
2025 04 21 21	0.25	0.24	3.0	3.1	4.2	0.39	-9999.9	3	29	-9999.9	49	-9999.9	3	17.7	3
2025 04 21 22	0.26	0.25	3.0	3.2	4.8	0.41	-9999.9	3	40	-9999.9	48	-9999.9	3	17.7	3
2025 04 21 23	0.23	0.21	2.9	3.1	6.2	0.37	-9999.9	3	49	-9999.9	51	-9999.9	3	17.7	3
2025 04 22 00	0.21	0.2	3.2	3.3	5.7	0.35	-9999.9	3	47	-9999.9	52	-9999.9	3	17.8	3
2025 04 22 01	0.21	0.2	3.2	3.3	6.2	0.34	-9999.9	3	56	-9999.9	50	-9999.9	3	17.8	3
2025 04 22 02	0.19	0.18	3.3	3.4	5.8	0.3	-9999.9	3	59	-9999.9	52	-9999.9	3	17.8	3
2025 04 22 03	0.18	0.17	3.5	3.7	6.2	0.32	-9999.9	3	60	-9999.9	51	-9999.9	3	17.7	3
2025 04 22 04	0.18	0.17	3.7	3.7	6.7	0.26	-9999.9	3	59	-9999.9	53	-9999.9	3	17.7	3
2025 04 22 05	0.17	0.16	3.6	3.7	6.0	0.26	-9999.9	3	58	-9999.9	54	-9999.9	3	17.7	3
2025 04 22 06	0.17	0.16	4.1	4.1	7.2	0.25	-9999.9	3	65	-9999.9	54	-9999.9	3	17.6	3
2025 04 22 07	0.17	0.16	3.4	3.5	6.7	0.27	-9999.9	3	67	-9999.9	53	-9999.9	3	17.6	3
2025 04 22 08	0.15	0.14	3.5	3.7	6.7	0.23	-9999.9	3	63	-9999.9	55	-9999.9	3	17.7	3
2025 04 22 09	0.16	0.15	3.7	3.9	5.3	0.26	-9999.9	3	65	-9999.9	54	-9999.9	3	17.8	3
2025 04 22 10	0.15	0.15	2.3	3.6	6.1	0.3	-9999.9	3	67	-9999.9	55	-9999.9	3	17.8	3
2025 04 22 11	0.16	0.18	2.1	2.8	6.8	0.28	-9999.9	3	41	-9999.9	55	-9999.9	3	17.8	3
2025 04 22 12	0.19	0.21	2.1	2.5	5.3	0.34	-9999.9	3	20	-9999.9	53	-9999.9	3	17.9	3
2025 04 22 13	0.13	0.14	2.1	2.8	6.5	0.25	-9999.9	3	53	-9999.9	56	-9999.9	3	17.9	3
2025 04 22 14	0.12	0.14	2.0	3.4	8.5	0.3	-9999.9	3	60	-9999.9	54	-9999.9	3	18.0	3
2025 04 22 15	0.15	0.18	2.0	2.5	2.6	0.33	-9999.9	3	25	-9999.9	49	-9999.9	3	18.0	3
2025 04 22 16	0.17	0.19	2.0	2.4	3.0	0.3	-9999.9	3	18	-9999.9	49	-9999.9	3	18.0	3
2025 04 22 17	0.16	0.15	2.6	3.0	6.6	0.24	-9999.9	3	31	-9999.9	49	-9999.9	3	17.9	3
2025 04 22 18	0.16	0.15	2.7	3.0	4.1	0.26	-9999.9	3	24	-9999.9	48	-9999.9	3	17.9	3
2025 04 22 19	0.16	0.15	2.8	3.0	3.6	0.29	-9999.9	3	18	-9999.9	50	-9999.9	3	17.9	3
2025 04 22 20	0.14	0.13	3.4	3.4	4.6	0.21	-9999.9	3	31	-9999.9	52	-9999.9	3	17.8	3
2025 04 22 21	0.13	0.12	3.4	3.4	4.1	0.23	-9999.9	3	31	-9999.9	52	-9999.9	3	17.9	3
2025 04 22 22	0.15	0.14	3.2	3.3	3.9	0.26	-9999.9	3	26	-9999.9	46	-9999.9	3	17.9	3
2025 04 22 23	0.14	0.13	2.8	2.9	4.5	0.23	-9999.9	3	42	-9999.9	53	-9999.9	3	17.8	3
2025 04 23 00	0.14	0.13	3.0	3.0	3.4	0.21	-9999.9	3	41	-9999.9	54	-9999.9	3	17.8	3
2025 04 23 01	0.13	0.13	3.1	3.1	3.8	0.2	-9999.9	3	49	-9999.9	56	-9999.9	3	17.8	3
2025 04 23 02	0.13	0.12	3.0	3.1	7.1	0.21	-9999.9	3	48	-9999.9	55	-9999.9	3	17.8	3
2025 04 23 03	0.12	0.11	3.0	3.2	5.2	0.21	-9999.9	3	52	-9999.9	56	-9999.9	3	17.8	3
2025 04 23 04	0.13	0.12	2.9	2.9	4.3	0.2	-9999.9	3	61	-9999.9	52	-9999.9	3	17.7	3
2025 04 23 05	0.13	0.12	2.9	3.0	5.0	0.25	-9999.9	3	50	-9999.9	52	-9999.9	3	17.7	3
2025 04 23 06	0.12	0.12	3.2	3.4	5.9	0.19	-9999.9	3	42	-9999.9	53	-9999.9	3	17.8	3
2025 04 23 07	0.12	0.11	3.3	3.4	6.8	0.18	-9999.9	3	49	-9999.9	55	-9999.9	3	17.8	3
2025 04 23 08	0.12	0.11	3.4	3.5	6.4	0.19	-9999.9	3	56	-9999.9	56	-9999.9	3	17.9	3
2025 04 23 09	0.14	0.13	3.6	3.7	4.6	0.2	-9999.9	3	57	-9999.9	54	-9999.9	3	18.1	3
2025 04 23 10	0.14	0.15	2.8	3.2	4.8	0.27	-9999.9	3	68	-9999.9	56	-9999.9	3	18.3	3
2025 04 23 11	0.33	0.33	2.1	2.2	2.2	0.63	-9999.9	3	67	-9999.9	44	-9999.9	3	18.2	3
2025 04 23 12	0.46	0.45	2.4	2.5	2.9	0.74	-9999.9	3	65	-9999.9	46	-9999.9	3	18.4	3
2025 04 23 13	0.53	0.52	2.7	2.8	3.4	0.79	-9999.9	3	58	-9999.9	51	-9999.9	3	18.4	3
2025 04 23 14	0.66	0.64	2.9	3.0	3.6	1.09	-9999.9	3	55	-9999.9	50	-9999.9	3	18.4	3
2025 04 23 15	0.72	0.71	3.1	3.2	3.7	1.19	-9999.9	3	63	-9999.9	46	-9999.9	3	18.5	3
2025 04 23 16	0.76	0.74	3.2	3.3	3.9	1.35	-9999.9	3	67	-9999.9	45	-9999.9	3	18.6	3
2025 04 23 17	0.81	0.8	3.3	3.4	4.0	1.29	-9999.9	3	57	-9999.9	46	-9999.9	3	19.1	3
2025 04 23 18	0.86	0.84	3.5	3.5	4.3	1.53	-9999.9	3	64	-9999.9	43	-9999.9	3	19.2	3
2025 04 23 19	0.79	0.77	3.4	3.4	4.3	1.22	-9999.9	3	63	-9999.9	46	-9999.9	3	19.2	3
2025 04 23 20	0.85	0.82	3.6	3.7	4.6	1.53	-9999.9	3	61	-9999.9	44	-9999.9	3	19.0	3
2025 04 23 21	0.82	0.81	3.7	3.7	4.6	1.3	-9999.9	3	63	-9999.9	46	-9999.9	3	18.8	3
2025 04 23 22	0.84	0.81	3.7	3.8	5.0	1.39	-9999.9	3	63	-9999.9	45	-9999.9	3	18.6	3
2025 04 23 23	0.87	0.84	4.1	4.1	5.3	1.56	-9999.9	3	69	-9999.9	40	-9999.9	3	18.5	3
2025 04 24 00	0.89	0.89	4.2	4.2	5.4	1.31	-9999.9	3	72	-9999.9	41	-9999.9	3	18.4	3
2025 04 24 01	0.89	0.86	4.2	4.2	5.3	1.5	-9999.9	3	68	-9999.9	40	-9999.9	3	18.3	3
2025 04 24 02	0.76	0.74	3.9	4.1	5.3	1.19	-9999.9	3	68	-9999.9	43	-9999.9	3	18.3	3
2025 04 24 03	0.68	0.66	3.8	3.8	5.2	1.36	-9999.9	3	70	-9999.9	48	-9999.9	3	18.2	3
2025 04 24 04	0.68	0.66	3.8	4.0	5.3	0.93	-9999.9	3	71	-9999.9	46	-9999.9	3	18.2	3
2025 04 24 05	0.61	0.58	3.6	3.7	5.2	0.93	-9999.9	3	68	-9999.9	49	-9999.9	3	18.2	3
2025 04 24 06	0.59	0.58	3.7	3.7	4.8	0.88	-9999.9	3	64	-9999.9	44	-9999.9	3	18.2	3
2025 04 24 07	0.55	0.53	3.6	3.6	4.9	0.8	-9999.9	3	59	-9999.9	46	-9999.9	3	18.2	3
2025 04 24 08	0.57	0.56	3.6	3.6	5.0	0.84	-9999.9	3	53	-9999.9	45	-9999.9	3	18.3	3
2025 04 24 09	0.56	0.53	3.5	3.6	5.0	0.88	-9999.9	3	54	-9999.9	44	-9999.9	3	18.5	3
2025 04 24 10	0.51	0.49	3.5	3.5	4.6	0.85	-9999.9	3	57	-9999.9	45	-9999.9	3	18.7	3
2025 04 24 11	0.5	0.49	3.4	3.4	4.6	0.8	-9999.9	3	59	-9999.9	50	-9999.9	3	18.9	3
2025 04 24 12	0.51	0.5	3.4	3.4	4.5	0.86	-9999.9	3	59	-9999.9	47	-9999.9	3	18.7	3
2025 04 24 13	0.49	0.48	3.2	3.3	4.4	0.87	-9999.9	3	53	-9999.9	49	-9999.9	3	19.0	3
2025 04 24 14	0.47	0.46	3.1	3.2	4.4	0.8	-9999.9	3	53	-9999.9	50	-9999.9	3	19.2	3
2025 04 24 15	0.42	0.4	3.0	3.1	4.7	0.66	-9999.9	3	48	-9999.9	50	-9999.9	3	19.4	3
2025 04 24 16	0.45	0.44	3.1	3.2	4.4	0.77	-9999.9	3	52	-9999.9	49	-9999.9	3	19.2	3
2025 04 24 17	0.42	0.4	3.1	3.2	4.6	0.65	-9999.9	3	48	-9999.9	49	-9999.9	3	19.0	3
2025 04 24 18	0.42	0.4	3.1	3.2	4.3	0.63	-9999.9	3	51	-9999.9	49	-9999.9	3	19.1	3
2025 04 24 19	0.4	0.39	3.2	3.2	4.2	0.61	-9999.9	3	50	-9999.9	49	-9999.9	3	19.1	3
2025 04 24 20	0.39	0.38	3.2	3.3	4.4	0.63	-9999.9	3	53	-9999.9	54	-9999.9	3	19.2	3
2025 04 24 21	0.4	0.39	3.2	3.4	4.2	0.62	-9999.9	3	54	-9999.9	47	-9999.9	3	19.1	3
2025 04 24 22	0.37	0.36	3.4	3.4	4.2	0.66	-9999.9	3	58	-9999.9	49	-9999.9	3	19.1	3
2025 04 24 23	0.36	0.35	3.3	3.3	4.3	0.61	-9999.9	3	56	-9999.9	49	-9999.9	3	19.0	3
2025 04 25 00	0.38	0.37	3.1	3.2	4.4	0.62	-9999.9	3	56	-9999.9	47	-9999.9	3	19.1	3
2025 04 25 01	0.32	0.32	2.9	3.0	4.4	0.51	-9999.9	3	55	-9999.9	48	-9999.9	3	19.0	3
2025 04 25 02	0.33	0.32	2.8	3.0	4.2	0.61	-9999.9	3	55	-9999.9	51	-9999.9	3	19.0	3
2025 04 25 03	0.31	0.3	3.0	3.2	4.4	0.5	-9999.9	3	53	-9999.9	50	-9999.9	3	18.8	3
2025 04 25 04	0.31	0.3	3.2	3.2	4.2	0.49	-9999.9	3	50	-9999.9	50	-9999.9	3	18.8	3
2025 04 25 05	0.3	0.29	3.0	3.1	4.0	0.49	-9999.9	3	47	-9999.9	51	-9999.9	3	18.9	3
2025 04 25 06	0.31	0.3	2.9	3.1	4.2	0.57	-9999.9	3	49	-9999.9	49	-9999.9	3	18.9	3
2025 04 25 07	0.29	0.28	3.0	3.1	4.1	0.51	-9999.9	3	46	-9999.9	49	-9999.9	3	18.9	3
2025 04 25 08	0.29	0.28	3.0	3.0	4.2	0.46	-9999.9	3	47	-9999.9	50	-9999.9	3	18.9	3
2025 04 25 09	0.25	0.25	2.9	3.1	4.0	0.42	-9999.9	3	46	-9999.9	54	-9999.9	3	18.9	3
2025 04 25 10	0.26	0.26	2.9	3.3	4.0	0.49	-9999.9	3	51	-9999.9	50	-9999.9	3	18.9	3
2025 04 25 11	0.27	0.27	3.1	3.4	4.3	0.43	-9999.9	3	50	-9999.9	49	-9999.9	3	18.7	3
2025 04 25 12	0.33	0.32	2.6	2.8	4.4	0.5	-9999.9	3	53	-9999.9	49	-9999.9	3	18.7	3
2025 04 25 13	0.32	0.31	2.9	3.1	4.8	0.51	-9999.9	3	58	-9999.9	54	-9999.9	3	18.7	3
2025 04 25 14	0.31	0.3	3.2	3.3	4.7	0.48	-9999.9	3	72	-9999.9	50	-9999.9	3	19.1	3
2025 04 25 15	0.31	0.3	3.4	3.5	5.3	0.56	-9999.9	3	63	-9999.9	50	-9999.9	3	19.5	3
2025 04 25 16	0.31	0.31	3.2	3.7	5.3	0.45	-9999.9	3	57	-9999.9	48	-9999.9	3	19.2	3
2025 04 25 17	0.31	0.3	3.5	3.7	5.4	0.57	-9999.9	3	55	-9999.9	47	-9999.9	3	19.2	3
2025 04 25 18	0.28	0.27	3.6	3.9	5.4	0.44	-9999.9	3	52	-9999.9	49	-9999.9	3	19.2	3
2025 04 25 19	0.27	0.27	3.7	3.7	5.1	0.43	-9999.9	3	55	-9999.9	50	-9999.9	3	19.2	3
2025 04 25 20	0.27	0.26	4.0	4.0	5.3	0.47	-9999.9	3	53	-9999.9	49	-9999.9	3	19.2	3
2025 04 25 21	0.28	0.26	3.8	3.9	5.5	0.47	-9999.9	3	63	-9999.9	52	-9999.9	3	19.2	3
2025 04 25 22	0.28	0.28	3.9	4.1	5.1	0.46	-9999.9	3	55	-9999.9	44	-9999.9	3	19.1	3
2025 04 25 23	0.3	0.29	3.9	4.0	5.1	0.52	-9999.9	3	58	-9999.9	47	-9999.9	3	19.1	3
2025 04 26 00	0.28	0.27	3.9	4.0	5.1	0.47	-9999.9	3	59	-9999.9	47	-9999.9	3	19.0	3
2025 04 26 01	0.27	0.27	4.0	4.0	5.0	0.45	-9999.9	3	61	-9999.9	51	-9999.9	3	18.8	3
2025 04 26 02	0.26	0.25	4.0	4.0	5.1	0.41	-9999.9	3	60	-9999.9	50	-9999.9	3	18.8	3
2025 04 26 03	0.24	0.23	2.8	3.3	5.0	0.41	-9999.9	3	61	-9999.9	52	-9999.9	3	18.8	3
2025 04 26 04	0.28	0.26	2.3	2.5	4.9	0.5	-9999.9	3	11	-9999.9	39	-9999.9	3	18.7	3
2025 04 26 05	0.2	0.2	2.4	2.7	5.0	0.32	-9999.9	3	30	-9999.9	45	-9999.9	3	18.7	3
2025 04 26 06	0.17	0.16	2.7	2.8	5.1	0.32	-9999.9	3	29	-9999.9	49	-9999.9	3	18.6	3
2025 04 26 07	0.16	0.15	3.1	3.3	4.9	0.25	-9999.9	3	33	-9999.9	51	-9999.9	3	18.6	3
2025 04 26 08	0.2	0.19	2.2	2.4	3.7	0.31	-9999.9	3	5	-9999.9	44	-9999.9	3	18.7	3
2025 04 26 09	0.2	0.21	2.0	2.2	2.0	0.35	-9999.9	3	354	-9999.9	43	-9999.9	3	18.6	3
2025 04 26 10	0.26	0.25	1.9	2.1	1.8	0.4	-9999.9	3	330	-9999.9	35	-9999.9	3	18.4	3
2025 04 26 11	0.2	0.2	2.0	2.4	2.1	0.38	-9999.9	3	350	-9999.9	47	-9999.9	3	18.4	3
2025 04 26 12	0.26	0.26	2.7	3.5	5.3	0.47	-9999.9	3	14	-9999.9	46	-9999.9	3	18.5	3
2025 04 26 13	0.25	0.25	2.7	3.6	5.9	0.43	-9999.9	3	9	-9999.9	47	-9999.9	3	18.6	3
2025 04 26 14	0.32	0.32	2.4	2.8	5.3	0.59	-9999.9	3	358	-9999.9	47	-9999.9	3	18.7	3
2025 04 26 15	0.36	0.35	2.5	2.9	5.5	0.56	-9999.9	3	4	-9999.9	40	-9999.9	3	18.7	3
2025 04 26 16	0.35	0.34	3.0	3.5	5.0	0.58	-9999.9	3	12	-9999.9	44	-9999.9	3	18.6	3
2025 04 26 17	0.3	0.29	3.3	3.4	5.1	0.48	-9999.9	3	16	-9999.9	46	-9999.9	3	18.6	3
2025 04 26 18	0.36	0.35	3.5	3.8	5.9	0.61	-9999.9	3	17	-9999.9	45	-9999.9	3	18.6	3
2025 04 26 19	0.25	0.24	3.2	3.4	5.7	0.38	-9999.9	3	31	-9999.9	56	-9999.9	3	18.4	3
2025 04 26 20	0.19	0.18	3.2	3.3	5.7	0.3	-9999.9	3	41	-9999.9	52	-9999.9	3	18.6	3
2025 04 26 21	0.21	0.2	3.5	3.6	5.9	0.38	-9999.9	3	35	-9999.9	53	-9999.9	3	18.4	3
2025 04 26 22	0.21	0.2	3.6	3.9	5.3	0.33	-9999.9	3	41	-9999.9	53	-9999.9	3	18.2	3
2025 04 26 23	0.2	0.2	3.4	3.8	5.7	0.35	-9999.9	3	55	-9999.9	53	-9999.9	3	18.1	3
2025 04 27 00	0.19	0.19	2.8	3.2	5.7	0.31	-9999.9	3	50	-9999.9	51	-9999.9	3	18.0	3
2025 04 27 01	0.22	0.22	2.1	2.4	2.8	0.34	-9999.9	3	14	-9999.9	46	-9999.9	3	18.0	3
2025 04 27 02	0.18	0.18	2.5	2.9	5.7	0.3	-9999.9	3	39	-9999.9	51	-9999.9	3	18.0	3
2025 04 27 03	0.18	0.17	3.1	3.3	6.3	0.3	-9999.9	3	57	-9999.9	53	-9999.9	3	18.0	3
2025 04 27 04	0.2	0.19	3.3	3.5	6.4	0.32	-9999.9	3	43	-9999.9	55	-9999.9	3	17.9	3
2025 04 27 05	0.2	0.19	3.3	3.4	5.6	0.33	-9999.9	3	37	-9999.9	52	-9999.9	3	17.9	3
2025 04 27 06	0.2	0.19	3.1	3.3	5.7	0.34	-9999.9	3	38	-9999.9	52	-9999.9	3	17.9	3
2025 04 27 07	0.19	0.18	3.2	3.3	6.6	0.29	-9999.9	3	41	-9999.9	51	-9999.9	3	17.9	3
2025 04 27 08	0.2	0.19	2.9	3.3	5.8	0.31	-9999.9	3	41	-9999.9	50	-9999.9	3	18.0	3
2025 04 27 09	0.21	0.2	3.1	3.3	5.5	0.33	-9999.9	3	44	-9999.9	52	-9999.9	3	18.4	3
2025 04 27 10	0.21	0.2	3.1	3.4	4.9	0.36	-9999.9	3	47	-9999.9	55	-9999.9	3	18.6	3
2025 04 27 11	0.26	0.25	3.2	3.5	4.5	0.43	-9999.9	3	34	-9999.9	51	-9999.9	3	18.9	3
2025 04 27 12	0.44	0.43	3.1	3.2	4.4	0.73	-9999.9	3	32	-9999.9	48	-9999.9	3	18.8	3
2025 04 27 13	0.58	0.56	2.9	3.0	4.5	0.9	-9999.9	3	35	-9999.9	46	-9999.9	3	18.9	3
2025 04 27 14	0.69	0.67	2.9	2.9	3.9	1.1	-9999.9	3	35	-9999.9	46	-9999.9	3	18.9	3
2025 04 27 15	0.65	0.63	2.8	2.9	3.7	1.03	-9999.9	3	45	-9999.9	48	-9999.9	3	18.8	3
2025 04 27 16	0.63	0.61	2.8	2.9	3.9	1.19	-9999.9	3	50	-9999.9	48	-9999.9	3	18.8	3
2025 04 27 17	0.65	0.62	3.0	3.2	3.9	0.96	-9999.9	3	47	-9999.9	47	-9999.9	3	18.8	3
2025 04 27 18	0.64	0.62	3.1	3.2	3.9	1.19	-9999.9	3	53	-9999.9	50	-9999.9	3	18.8	3
2025 04 27 19	0.71	0.69	3.4	3.5	4.6	1.07	-9999.9	3	53	-9999.9	47	-9999.9	3	18.8	3
2025 04 27 20	0.78	0.76	3.7	3.6	4.6	1.23	-9999.9	3	60	-9999.9	45	-9999.9	3	18.8	3
2025 04 27 21	0.78	0.76	3.7	3.7	4.7	1.26	-9999.9	3	58	-9999.9	45	-9999.9	3	18.8	3
2025 04 27 22	0.92	0.91	4.0	4.2	5.2	1.66	-9999.9	3	57	-9999.9	41	-9999.9	3	18.8	3
2025 04 27 23	1.3	1.28	4.6	4.7	5.9	2.09	-9999.9	3	71	-9999.9	37	-9999.9	3	18.8	3
2025 04 28 00	1.3	1.28	4.3	4.4	6.2	2.42	-9999.9	3	67	-9999.9	41	-9999.9	3	18.6	3
2025 04 28 01	1.4	1.35	4.3	4.2	6.4	2.22	-9999.9	3	67	-9999.9	42	-9999.9	3	18.6	3
2025 04 28 02	1.28	1.23	4.1	4.1	6.3	1.97	-9999.9	3	66	-9999.9	42	-9999.9	3	18.5	3
2025 04 28 03	1.35	1.32	4.0	4.3	6.2	2.33	-9999.9	3	67	-9999.9	41	-9999.9	3	18.4	3
2025 04 28 04	1.32	1.26	3.8	4.0	5.5	2.07	-9999.9	3	64	-9999.9	40	-9999.9	3	18.4	3
2025 04 28 05	1.44	1.39	4.0	4.1	5.9	2.48	-9999.9	3	64	-9999.9	39	-9999.9	3	18.4	3
2025 04 28 06	1.54	1.51	4.1	4.1	6.1	2.44	-9999.9	3	67	-9999.9	39	-9999.9	3	18.4	3
2025 04 28 07	1.7	1.63	4.2	4.2	6.0	2.81	-9999.9	3	64	-9999.9	38	-9999.9	3	18.4	3
2025 04 28 08	1.68	1.62	4.3	4.3	5.8	2.46	-9999.9	3	62	-9999.9	40	-9999.9	3	18.4	3
2025 04 28 09	1.75	1.69	4.2	4.4	6.4	2.95	-9999.9	3	61	-9999.9	37	-9999.9	3	18.5	3
2025 04 28 10	1.78	1.73	4.5	4.5	6.4	3.16	-9999.9	3	66	-9999.9	41	-9999.9	3	18.6	3
2025 04 28 11	1.78	1.7	4.4	4.5	6.3	2.75	-9999.9	3	59	-9999.9	43	-9999.9	3	18.6	3
2025 04 28 12	2.11	2.07	4.9	4.8	6.5	3.26	-9999.9	3	56	-9999.9	40	-9999.9	3	18.7	3
2025 04 28 13	2.45	2.43	5.3	5.2	6.9	3.74	-9999.9	3	54	-9999.9	37	-9999.9	3	18.7	3
2025 04 28 14	2.32	2.27	4.9	5.0	7.0	3.65	-9999.9	3	57	-9999.9	38	-9999.9	3	18.8	3
2025 04 28 15	2.09	2.03	4.9	4.8	7.0	3.93	-9999.9	3	59	-9999.9	44	-9999.9	3	18.8	3
2025 04 28 16	2.49	2.41	5.2	5.1	7.3	4.25	-9999.9	3	57	-9999.9	43	-9999.9	3	18.8	3
2025 04 28 17	2.49	2.4	5.1	5.1	7.2	3.97	-9999.9	3	60	-9999.9	40	-9999.9	3	18.8	3
2025 04 28 18	2.42	2.34	5.2	5.2	7.8	3.78	-9999.9	3	61	-9999.9	41	-9999.9	3	19.0	3
2025 04 28 19	2.48	2.41	5.4	5.3	7.6	4.22	-9999.9	3	67	-9999.9	39	-9999.9	3	18.9	3
2025 04 28 20	2.34	2.23	5.3	5.4	7.5	3.62	-9999.9	3	63	-9999.9	40	-9999.9	3	18.9	3
2025 04 28 21	2.39	2.31	5.3	5.3	7.8	4.06	-9999.9	3	64	-9999.9	40	-9999.9	3	18.9	3
2025 04 28 22	2.39	2.36	5.7	5.3	7.6	3.68	-9999.9	3	62	-9999.9	37	-9999.9	3	18.9	3
2025 04 28 23	2.34	2.32	5.2	5.3	7.6	4.02	-9999.9	3	63	-9999.9	41	-9999.9	3	18.9	3
2025 04 29 00	2.34	2.28	5.5	5.4	7.7	3.89	-9999.9	3	61	-9999.9	39	-9999.9	3	18.8	3
2025 04 29 01	2.13	2.07	5.2	5.1	7.9	3.62	-9999.9	3	65	-9999.9	43	-9999.9	3	18.8	3
2025 04 29 02	2.29	2.18	5.3	5.1	7.8	3.41	-9999.9	3	62	-9999.9	42	-9999.9	3	18.8	3
2025 04 29 03	2.32	2.3	5.1	5.2	7.4	3.68	-9999.9	3	62	-9999.9	36	-9999.9	3	18.8	3
2025 04 29 04	2.22	2.14	5.2	5.1	7.6	3.63	-9999.9	3	59	-9999.9	41	-9999.9	3	18.8	3
2025 04 29 05	2.12	2.03	5.2	5.0	7.4	4.54	-9999.9	3	63	-9999.9	42	-9999.9	3	18.8	3
2025 04 29 06	2.37	2.31	5.3	5.2	7.7	3.87	-9999.9	3	60	-9999.9	36	-9999.9	3	18.8	3
2025 04 29 07	2.37	2.28	5.1	5.1	7.7	3.62	-9999.9	3	58	-9999.9	37	-9999.9	3	18.8	3
2025 04 29 08	2.54	2.46	5.5	5.4	7.9	4.46	-9999.9	3	60	-9999.9	39	-9999.9	3	18.8	3
2025 04 29 09	2.57	2.51	5.6	5.6	8.0	3.78	-9999.9	3	56	-9999.9	39	-9999.9	3	18.9	3
2025 04 29 10	2.42	2.35	5.6	5.4	8.1	3.64	-9999.9	3	53	-9999.9	39	-9999.9	3	18.9	3
2025 04 29 11	2.7	2.59	5.9	5.8	8.2	4.19	-9999.9	3	53	-9999.9	38	-9999.9	3	19.0	3
2025 04 29 12	2.86	2.75	6.2	5.9	8.2	5.04	-9999.9	3	53	-9999.9	41	-9999.9	3	19.0	3
2025 04 29 13	2.58	2.48	5.5	5.7	8.5	4.19	-9999.9	3	54	-9999.9	44	-9999.9	3	19.0	3
2025 04 29 14	2.55	2.46	5.8	5.7	8.5	3.68	-9999.9	3	58	-9999.9	44	-9999.9	3	19.0	3
2025 04 29 15	2.9	2.81	6.1	6.2	8.2	4.51	-9999.9	3	53	-9999.9	38	-9999.9	3	19.0	3
2025 04 29 16	2.78	2.67	5.9	5.9	8.4	4.1	-9999.9	3	56	-9999.9	42	-9999.9	3	19.0	3
2025 04 29 17	2.84	2.75	6.3	6.3	8.7	4.63	-9999.9	3	54	-9999.9	39	-9999.9	3	19.0	3
2025 04 29 18	2.7	2.59	6.3	6.0	8.9	5.19	-9999.9	3	57	-9999.9	40	-9999.9	3	19.0	3
2025 04 29 19	2.81	2.69	6.0	6.3	8.7	4.4	-9999.9	3	55	-9999.9	39	-9999.9	3	19.0	3
2025 04 29 20	2.61	2.5	6.0	6.1	8.4	3.79	-9999.9	3	56	-9999.9	42	-9999.9	3	19.0	3
2025 04 29 21	2.54	2.48	6.4	6.3	8.9	3.95	-9999.9	3	55	-9999.9	40	-9999.9	3	19.0	3
2025 04 29 22	2.46	2.36	5.8	5.9	8.7	3.13	-9999.9	3	56	-9999.9	45	-9999.9	3	19.0	3
2025 04 29 23	2.64	2.58	6.1	6.1	8.9	4.49	-9999.9	3	53	-9999.9	41	-9999.9	3	18.9	3
2025 04 30 00	2.58	2.52	5.9	6.0	8.6	5.08	-9999.9	3	51	-9999.9	39	-9999.9	3	18.9	3
2025 04 30 01	2.59	2.51	6.3	6.2	8.7	3.44	-9999.9	3	53	-9999.9	42	-9999.9	3	18.9	3
2025 04 30 02	2.43	2.37	5.8	5.7	8.5	3.44	-9999.9	3	57	-9999.9	47	-9999.9	3	18.9	3
2025 04 30 03	2.37	2.22	5.3	5.7	8.9	4.18	-9999.9	3	57	-9999.9	44	-9999.9	3	19.0	3
2025 04 30 04	2.47	2.36	5.4	5.6	8.5	4.92	-9999.9	3	57	-9999.9	43	-9999.9	3	19.0	3
2025 04 30 05	2.59	2.51	5.6	5.5	8.4	4.23	-9999.9	3	56	-9999.9	44	-9999.9	3	18.9	3
2025 04 30 06	2.2	2.14	5.2	5.2	8.0	3.18	-9999.9	3	55	-9999.9	46	-9999.9	3	18.9	3
2025 04 30 07	2.27	2.19	5.7	5.4	8.2	4.27	-9999.9	3	54	-9999.9	42	-9999.9	3	18.9	3
2025 04 30 08	2.42	2.31	5.8	5.7	8.3	4.0	-9999.9	3	52	-9999.9	42	-9999.9	3	18.8	3
2025 04 30 09	2.22	2.16	5.7	5.7	8.5	3.62	-9999.9	3	53	-9999.9	42	-9999.9	3	18.9	3
2025 04 30 10	2.34	2.23	5.9	6.0	8.4	3.8	-9999.9	3	54	-9999.9	47	-9999.9	3	18.9	3
2025 04 30 11	2.28	2.18	5.7	6.1	8.7	3.74	-9999.9	3	50	-9999.9	41	-9999.9	3	18.9	3
2025 04 30 12	2.28	2.23	6.3	5.9	8.3	3.34	-9999.9	3	48	-9999.9	46	-9999.9	3	18.9	3
2025 04 30 13	2.41	2.34	6.1	6.1	8.4	3.77	-9999.9	3	46	-9999.9	41	-9999.9	3	18.9	3
2025 04 30 14	2.24	2.18	5.9	6.1	8.6	3.27	-9999.9	3	47	-9999.9	41	-9999.9	3	18.9	3
2025 04 30 15	2.03	1.98	6.1	5.8	8.7	3.02	-9999.9	3	48	-9999.9	43	-9999.9	3	18.9	3
2025 04 30 16	2.11	2.04	5.8	5.8	8.5	2.89	-9999.9	3	48	-9999.9	43	-9999.9	3	18.9	3
2025 04 30 17	2.03	1.96	6.0	5.7	8.7	3.78	-9999.9	3	48	-9999.9	45	-9999.9	3	18.9	3
2025 04 30 18	2.01	1.95	5.8	5.8	8.3	2.95	-9999.9	3	49	-9999.9	43	-9999.9	3	18.9	3
2025 04 30 19	1.9	1.87	6.0	5.8	8.3	3.41	-9999.9	3	54	-9999.9	42	-9999.9	3	18.9	3
2025 04 30 20	1.98	1.94	6.1	6.1	8.6	2.67	-9999.9	3	54	-9999.9	43	-9999.9	3	18.8	3
2025 04 30 21	1.64	1.58	5.3	5.5	8.1	2.43	-9999.9	3	52	-9999.9	44	-9999.9	3	18.8	3
2025 04 30 22	1.61	1.54	5.5	5.6	8.2	2.78	-9999.9	3	57	-9999.9	45	-9999.9	3	18.8	3
2025 04 30 23	1.66	1.6	5.7	5.6	8.1	2.4	-9999.9	3	53	-9999.9	40	-9999.9	3	18.8	3
2025 05 01 00	1.76	1.73	6.1	5.8	7.9	2.56	-9999.9	3	50	-9999.9	43	-9999.9	3	18.8	3
2025 05 01 01	1.63	1.58	5.6	5.7	8.1	2.56	-9999.9	3	50	-9999.9	42	-9999.9	3	18.8	3
2025 05 01 02	1.58	1.52	5.5	5.6	7.8	2.35	-9999.9	3	47	-9999.9	44	-9999.9	3	18.7	3
2025 05 01 03	1.53	1.47	5.3	5.6	8.0	2.83	-9999.9	3	47	-9999.9	44	-9999.9	3	18.7	3
2025 05 01 04	1.72	1.69	6.2	5.9	7.9	2.7	-9999.9	3	51	-9999.9	47	-9999.9	3	18.7	3
2025 05 01 05	1.7	1.65	5.7	5.8	8.1	2.95	-9999.9	3	56	-9999.9	46	-9999.9	3	18.8	3
2025 05 01 06	1.48	1.41	5.6	5.7	8.0	2.55	-9999.9	3	51	-9999.9	41	-9999.9	3	18.8	3
2025 05 01 07	1.59	1.55	6.1	5.9	8.3	2.3	-9999.9	3	51	-9999.9	46	-9999.9	3	18.8	3
2025 05 01 08	1.34	1.31	5.6	5.6	7.9	2.28	-9999.9	3	55	-9999.9	47	-9999.9	3	19.0	3
2025 05 01 09	1.35	1.28	5.7	5.6	8.0	2.09	-9999.9	3	50	-9999.9	39	-9999.9	3	19.1	3
2025 05 01 10	1.51	1.45	5.7	5.9	7.9	2.33	-9999.9	3	49	-9999.9	42	-9999.9	3	19.3	3
2025 05 01 11	1.26	1.23	5.5	5.7	7.8	2.04	-9999.9	3	51	-9999.9	45	-9999.9	3	19.5	3
2025 05 01 12	1.24	1.2	5.5	5.6	7.8	1.84	-9999.9	3	51	-9999.9	44	-9999.9	3	19.5	3
2025 05 01 13	1.26	1.23	5.4	5.4	7.7	1.76	-9999.9	3	49	-9999.9	45	-9999.9	3	19.7	3
2025 05 01 14	1.27	1.24	5.1	5.2	7.6	2.01	-9999.9	3	53	-9999.9	50	-9999.9	3	19.7	3
2025 05 01 15	1.3	1.26	5.2	5.3	7.7	2.12	-9999.9	3	49	-9999.9	46	-9999.9	3	19.9	3
2025 05 01 16	1.24	1.19	5.2	5.2	7.9	2.35	-9999.9	3	58	-9999.9	48	-9999.9	3	19.7	3
2025 05 01 17	1.39	1.37	5.4	5.4	7.8	2.27	-9999.9	3	59	-9999.9	46	-9999.9	3	19.7	3
2025 05 01 18	1.11	1.05	4.9	5.0	7.5	2.07	-9999.9	3	56	-9999.9	46	-9999.9	3	19.6	3
2025 05 01 19	1.1	1.07	4.5	4.7	7.5	1.78	-9999.9	3	60	-9999.9	45	-9999.9	3	19.6	3
2025 05 01 20	1.2	1.15	4.8	5.0	7.7	2.03	-9999.9	3	56	-9999.9	40	-9999.9	3	19.7	3
2025 05 01 21	1.05	1.0	4.2	4.6	7.7	1.92	-9999.9	3	58	-9999.9	47	-9999.9	3	19.6	3
2025 05 01 22	1.03	0.98	4.7	4.7	8.1	1.51	-9999.9	3	52	-9999.9	45	-9999.9	3	19.6	3
2025 05 01 23	1.01	0.98	4.8	4.5	7.6	1.66	-9999.9	3	54	-9999.9	43	-9999.9	3	19.3	3
2025 05 02 00	1.07	1.03	4.8	4.7	7.6	1.54	-9999.9	3	51	-9999.9	41	-9999.9	3	19.0	3
2025 05 02 01	0.96	0.94	4.6	4.4	7.4	1.67	-9999.9	3	49	-9999.9	47	-9999.9	3	18.9	3
2025 05 02 02	0.99	0.94	4.1	4.3	7.1	1.55	-9999.9	3	45	-9999.9	47	-9999.9	3	18.8	3
2025 05 02 03	0.99	0.96	4.1	4.3	6.7	1.49	-9999.9	3	35	-9999.9	45	-9999.9	3	18.7	3
2025 05 02 04	1.02	0.99	4.6	5.0	7.1	1.74	-9999.9	3	37	-9999.9	47	-9999.9	3	18.1	3
2025 05 02 05	1.05	1.03	5.0	5.1	7.1	1.72	-9999.9	3	36	-9999.9	46	-9999.9	3	18.1	3
2025 05 02 06	1.11	1.07	4.6	4.8	6.7	1.54	-9999.9	3	30	-9999.9	43	-9999.9	3	18.2	3
2025 05 02 07	1.12	1.11	4.8	5.1	6.5	2.05	-9999.9	3	34	-9999.9	41	-9999.9	3	18.0	3
2025 05 02 08	1.14	1.14	5.3	5.3	6.7	1.77	-9999.9	3	36	-9999.9	45	-9999.9	3	17.9	3
2025 05 02 09	1.09	1.07	5.2	5.2	7.0	1.76	-9999.9	3	36	-9999.9	43	-9999.9	3	17.8	3
2025 05 02 10	1.13	1.07	5.0	5.1	6.4	1.85	-9999.9	3	40	-9999.9	44	-9999.9	3	18.2	3
2025 05 02 11	1.02	1.0	4.9	4.8	6.6	1.53	-9999.9	3	44	-9999.9	45	-9999.9	3	18.8	3
2025 05 02 12	1.05	1.01	4.3	4.4	6.6	1.66	-9999.9	3	42	-9999.9	46	-9999.9	3	19.1	3
2025 05 02 13	1.04	1.01	4.3	4.4	6.3	1.62	-9999.9	3	42	-9999.9	43	-9999.9	3	18.6	3
2025 05 02 14	0.95	0.91	3.9	4.1	6.4	1.49	-9999.9	3	40	-9999.9	49	-9999.9	3	18.8	3
2025 05 02 15	0.94	0.89	4.0	4.0	6.2	1.57	-9999.9	3	39	-9999.9	46	-9999.9	3	19.1	3
2025 05 02 16	0.88	0.83	3.9	4.0	6.7	1.27	-9999.9	3	40	-9999.9	45	-9999.9	3	19.1	3
2025 05 02 17	0.88	0.85	4.1	4.0	6.1	1.35	-9999.9	3	42	-9999.9	44	-9999.9	3	19.1	3
2025 05 02 18	0.75	0.73	4.0	4.1	6.4	1.12	-9999.9	3	43	-9999.9	47	-9999.9	3	19.0	3
2025 05 02 19	0.71	0.68	3.9	4.1	5.8	1.23	-9999.9	3	42	-9999.9	43	-9999.9	3	18.9	3
2025 05 02 20	0.68	0.66	4.0	4.2	6.2	1.2	-9999.9	3	44	-9999.9	45	-9999.9	3	18.9	3
2025 05 02 21	0.59	0.56	4.2	4.5	6.5	1.06	-9999.9	3	47	-9999.9	42	-9999.9	3	18.6	3
2025 05 02 22	0.51	0.5	4.0	4.2	6.3	0.81	-9999.9	3	52	-9999.9	47	-9999.9	3	18.6	3
2025 05 02 23	0.46	0.44	3.9	4.2	6.7	0.77	-9999.9	3	50	-9999.9	48	-9999.9	3	18.7	3
2025 05 03 00	0.41	0.39	3.8	3.9	6.4	0.69	-9999.9	3	40	-9999.9	49	-9999.9	3	18.6	3
2025 05 03 01	0.5	0.49	4.2	4.4	5.7	0.87	-9999.9	3	27	-9999.9	47	-9999.9	3	18.7	3
2025 05 03 02	0.47	0.45	4.0	4.3	5.2	0.8	-9999.9	3	24	-9999.9	48	-9999.9	3	18.6	3
2025 05 03 03	0.52	0.51	4.1	4.3	5.5	0.8	-9999.9	3	21	-9999.9	46	-9999.9	3	18.7	3
2025 05 03 04	0.52	0.51	4.2	4.2	4.9	0.74	-9999.9	3	20	-9999.9	45	-9999.9	3	18.6	3
2025 05 03 05	0.48	0.47	4.1	4.1	5.0	0.79	-9999.9	3	24	-9999.9	44	-9999.9	3	18.6	3
2025 05 03 06	0.42	0.4	3.8	3.8	4.9	0.69	-9999.9	3	28	-9999.9	52	-9999.9	3	18.5	3
2025 05 03 07	0.39	0.38	4.0	4.1	6.4	0.61	-9999.9	3	32	-9999.9	47	-9999.9	3	18.5	3
2025 05 03 08	0.39	0.38	3.7	3.9	4.7	0.72	-9999.9	3	24	-9999.9	45	-9999.9	3	18.5	3
2025 05 03 09	0.36	0.35	3.8	4.1	6.4	0.55	-9999.9	3	34	-9999.9	50	-9999.9	3	18.7	3
2025 05 03 10	0.35	0.35	3.8	4.0	6.2	0.53	-9999.9	3	37	-9999.9	50	-9999.9	3	18.9	3
2025 05 03 11	0.38	0.36	3.0	3.4	5.5	0.6	-9999.9	3	29	-9999.9	46	-9999.9	3	18.9	3
2025 05 03 12	0.39	0.37	3.1	3.3	5.1	0.6	-9999.9	3	25	-9999.9	46	-9999.9	3	18.8	3
2025 05 03 13	0.39	0.37	2.9	3.2	5.1	0.58	-9999.9	3	22	-9999.9	45	-9999.9	3	18.9	3
2025 05 03 14	0.39	0.37	3.1	3.2	4.8	0.6	-9999.9	3	25	-9999.9	44	-9999.9	3	18.9	3
2025 05 03 15	0.37	0.35	3.2	3.5	6.5	0.57	-9999.9	3	28	-9999.9	45	-9999.9	3	18.8	3
2025 05 03 16	0.39	0.37	3.5	3.6	5.1	0.6	-9999.9	3	29	-9999.9	45	-9999.9	3	18.8	3
2025 05 03 17	0.37	0.35	3.4	3.5	6.7	0.63	-9999.9	3	34	-9999.9	46	-9999.9	3	18.9	3
2025 05 03 18	0.39	0.37	3.6	3.6	5.5	0.69	-9999.9	3	33	-9999.9	45	-9999.9	3	19.0	3
2025 05 03 19	0.33	0.32	3.6	3.7	6.6	0.51	-9999.9	3	35	-9999.9	51	-9999.9	3	18.9	3
2025 05 03 20	0.31	0.3	3.6	3.5	6.1	0.46	-9999.9	3	34	-9999.9	48	-9999.9	3	18.8	3
2025 05 03 21	0.27	0.27	3.6	3.7	6.6	0.45	-9999.9	3	35	-9999.9	52	-9999.9	3	18.8	3
2025 05 03 22	0.26	0.25	3.5	3.6	5.9	0.4	-9999.9	3	36	-9999.9	50	-9999.9	3	18.8	3
2025 05 03 23	0.23	0.22	3.4	3.5	6.4	0.42	-9999.9	3	34	-9999.9	53	-9999.9	3	18.8	3
2025 05 04 00	0.21	0.2	3.3	3.6	5.8	0.35	-9999.9	3	40	-9999.9	51	-9999.9	3	18.8	3
2025 05 04 01	0.21	0.2	3.3	3.5	5.7	0.34	-9999.9	3	37	-9999.9	52	-9999.9	3	18.8	3
2025 05 04 02	0.22	0.21	3.5	3.7	6.3	0.33	-9999.9	3	31	-9999.9	51	-9999.9	3	18.6	3
2025 05 04 03	0.24	0.23	3.5	3.7	4.4	0.38	-9999.9	3	26	-9999.9	49	-9999.9	3	18.7	3
2025 05 04 04	0.21	0.2	3.4	3.6	5.7	0.31	-9999.9	3	35	-9999.9	50	-9999.9	3	18.6	3
2025 05 04 05	0.22	0.21	3.3	3.5	4.9	0.34	-9999.9	3	30	-9999.9	50	-9999.9	3	18.6	3
2025 05 04 06	0.23	0.22	3.2	3.3	4.9	0.4	-9999.9	3	34	-9999.9	51	-9999.9	3	18.6	3
2025 05 04 07	0.22	0.21	3.4	3.5	5.1	0.34	-9999.9	3	30	-9999.9	53	-9999.9	3	18.5	3
2025 05 04 08	0.23	0.22	3.6	3.5	5.1	0.37	-9999.9	3	27	-9999.9	51	-9999.9	3	18.6	3
2025 05 04 09	0.23	0.22	3.3	3.4	4.9	0.41	-9999.9	3	26	-9999.9	49	-9999.9	3	18.8	3
2025 05 04 10	0.24	0.24	2.9	3.1	4.9	0.42	-9999.9	3	32	-9999.9	52	-9999.9	3	19.0	3
2025 05 04 11	0.23	0.22	2.6	2.9	4.3	0.39	-9999.9	3	26	-9999.9	52	-9999.9	3	19.0	3
2025 05 04 12	0.27	0.27	2.2	2.4	2.3	0.49	-9999.9	3	13	-9999.9	48	-9999.9	3	18.9	3
2025 05 04 13	0.3	0.3	2.2	2.4	2.5	0.49	-9999.9	3	16	-9999.9	44	-9999.9	3	19.0	3
2025 05 04 14	0.37	0.36	2.3	2.5	2.8	0.68	-9999.9	3	6	-9999.9	40	-9999.9	3	19.0	3
2025 05 04 15	0.39	0.39	2.4	2.5	2.8	0.73	-9999.9	3	356	-9999.9	40	-9999.9	3	19.0	3
2025 05 04 16	0.39	0.38	2.2	2.4	2.3	0.63	-9999.9	3	351	-9999.9	39	-9999.9	3	19.1	3
2025 05 04 17	0.32	0.32	2.1	2.2	1.9	0.49	-9999.9	3	343	-9999.9	39	-9999.9	3	19.1	3
2025 05 04 18	0.26	0.27	2.0	2.3	2.1	0.6	-9999.9	3	358	-9999.9	43	-9999.9	3	19.0	3
2025 05 04 19	0.18	0.2	2.1	2.7	3.1	0.35	-9999.9	3	16	-9999.9	54	-9999.9	3	18.9	3
2025 05 04 20	0.16	0.15	2.9	3.4	4.9	0.28	-9999.9	3	44	-9999.9	56	-9999.9	3	18.8	3
2025 05 04 21	0.19	0.18	3.3	3.8	4.9	0.29	-9999.9	3	26	-9999.9	53	-9999.9	3	18.8	3
2025 05 04 22	0.19	0.18	2.7	3.5	5.0	0.34	-9999.9	3	23	-9999.9	57	-9999.9	3	18.7	3
2025 05 04 23	0.2	0.2	3.1	3.7	5.0	0.32	-9999.9	3	25	-9999.9	55	-9999.9	3	18.7	3
2025 05 05 00	0.21	0.21	2.7	3.5	5.1	0.4	-9999.9	3	18	-9999.9	54	-9999.9	3	18.6	3
2025 05 05 01	0.25	0.24	3.2	3.6	4.8	0.49	-9999.9	3	18	-9999.9	52	-9999.9	3	18.6	3
2025 05 05 02	0.32	0.31	2.8	3.2	5.1	0.5	-9999.9	3	13	-9999.9	47	-9999.9	3	18.6	3
2025 05 05 03	0.39	0.38	3.8	3.9	5.0	0.73	-9999.9	3	17	-9999.9	42	-9999.9	3	18.6	3
2025 05 05 04	0.39	0.38	3.7	3.8	4.7	0.71	-9999.9	3	18	-9999.9	44	-9999.9	3	18.5	3
2025 05 05 05	0.35	0.35	3.5	3.9	5.5	0.64	-9999.9	3	16	-9999.9	47	-9999.9	3	18.5	3
2025 05 05 06	0.31	0.3	3.2	3.6	5.0	0.57	-9999.9	3	18	-9999.9	49	-9999.9	3	18.4	3
2025 05 05 07	0.32	0.31	3.6	3.9	5.3	0.55	-9999.9	3	28	-9999.9	49	-9999.9	3	18.4	3
2025 05 05 08	0.29	0.28	3.5	3.8	5.3	0.49	-9999.9	3	20	-9999.9	49	-9999.9	3	18.5	3
2025 05 05 09	0.28	0.28	3.4	3.7	4.8	0.48	-9999.9	3	22	-9999.9	48	-9999.9	3	18.5	3
2025 05 05 10	0.29	0.29	2.5	2.9	4.5	0.51	-9999.9	3	19	-9999.9	49	-9999.9	3	18.6	3
2025 05 05 11	0.3	0.29	2.4	2.6	4.1	0.52	-9999.9	3	12	-9999.9	44	-9999.9	3	18.7	3
2025 05 05 12	0.29	0.28	2.4	2.6	3.4	0.44	-9999.9	3	4	-9999.9	46	-9999.9	3	18.7	3
2025 05 05 13	0.25	0.25	2.5	3.0	5.8	0.4	-9999.9	3	19	-9999.9	50	-9999.9	3	18.8	3
2025 05 05 14	0.27	0.27	2.1	2.4	1.7	0.46	-9999.9	3	360	-9999.9	45	-9999.9	3	18.8	3
2025 05 05 15	0.3	0.29	2.1	2.3	2.3	0.52	-9999.9	3	354	-9999.9	41	-9999.9	3	18.8	3
2025 05 05 16	0.26	0.26	2.2	2.8	4.3	0.55	-9999.9	3	15	-9999.9	47	-9999.9	3	18.9	3
2025 05 05 17	0.22	0.22	2.7	3.3	5.4	0.42	-9999.9	3	24	-9999.9	52	-9999.9	3	18.9	3
2025 05 05 18	0.22	0.21	3.4	3.7	5.5	0.37	-9999.9	3	32	-9999.9	50	-9999.9	3	18.8	3
2025 05 05 19	0.24	0.23	3.7	3.6	5.4	0.36	-9999.9	3	34	-9999.9	53	-9999.9	3	18.8	3
2025 05 05 20	0.26	0.26	3.9	4.0	5.6	0.45	-9999.9	3	33	-9999.9	51	-9999.9	3	18.8	3
2025 05 05 21	0.25	0.23	3.6	4.0	6.0	0.43	-9999.9	3	34	-9999.9	54	-9999.9	3	18.8	3
2025 05 05 22	0.24	0.23	3.7	4.0	6.1	0.34	-9999.9	3	36	-9999.9	56	-9999.9	3	18.7	3
2025 05 05 23	0.26	0.26	3.9	4.2	6.0	0.41	-9999.9	3	15	-9999.9	53	-9999.9	3	18.7	3
2025 05 06 00	0.29	0.28	3.5	4.0	6.1	0.48	-9999.9	3	18	-9999.9	50	-9999.9	3	18.7	3
2025 05 06 01	0.31	0.3	3.1	4.0	5.9	0.52	-9999.9	3	16	-9999.9	48	-9999.9	3	18.6	3
2025 05 06 02	0.3	0.29	3.3	4.0	5.4	0.52	-9999.9	3	20	-9999.9	51	-9999.9	3	18.6	3
2025 05 06 03	0.33	0.32	3.2	4.0	6.5	0.61	-9999.9	3	24	-9999.9	51	-9999.9	3	18.5	3
2025 05 06 04	0.33	0.32	2.8	3.7	5.8	0.63	-9999.9	3	21	-9999.9	50	-9999.9	3	18.6	3
2025 05 06 05	0.33	0.32	3.1	4.0	5.3	0.58	-9999.9	3	27	-9999.9	51	-9999.9	3	18.5	3
2025 05 06 06	0.31	0.3	2.8	3.4	5.3	0.57	-9999.9	3	22	-9999.9	48	-9999.9	3	18.5	3
2025 05 06 07	0.28	0.28	3.5	3.7	4.9	0.56	-9999.9	3	25	-9999.9	50	-9999.9	3	18.5	3
2025 05 06 08	0.27	0.26	3.0	3.7	5.4	0.41	-9999.9	3	36	-9999.9	52	-9999.9	3	18.6	3
2025 05 06 09	0.27	0.26	3.0	3.6	5.4	0.39	-9999.9	3	36	-9999.9	51	-9999.9	3	18.6	3
2025 05 06 10	0.32	0.3	2.5	2.8	4.7	0.48	-9999.9	3	19	-9999.9	45	-9999.9	3	18.6	3
2025 05 06 11	0.28	0.27	2.4	2.7	4.7	0.46	-9999.9	3	22	-9999.9	44	-9999.9	3	18.7	3
2025 05 06 12	0.3	0.29	2.4	2.6	4.4	0.49	-9999.9	3	18	-9999.9	44	-9999.9	3	18.7	3
2025 05 06 13	0.31	0.3	2.3	2.5	3.1	0.52	-9999.9	3	15	-9999.9	42	-9999.9	3	18.7	3
2025 05 06 14	0.25	0.24	2.5	2.9	5.6	0.38	-9999.9	3	44	-9999.9	52	-9999.9	3	18.9	3
2025 05 06 15	0.27	0.27	2.2	2.5	2.8	0.45	-9999.9	3	19	-9999.9	45	-9999.9	3	18.9	3
2025 05 06 16	0.23	0.22	2.7	3.0	4.3	0.35	-9999.9	3	36	-9999.9	50	-9999.9	3	18.9	3
2025 05 06 17	0.23	0.22	2.8	3.0	5.8	0.37	-9999.9	3	42	-9999.9	53	-9999.9	3	18.9	3
2025 05 06 18	0.23	0.22	2.9	3.2	5.8	0.34	-9999.9	3	45	-9999.9	50	-9999.9	3	19.0	3
2025 05 06 19	0.24	0.23	3.0	3.2	5.5	0.41	-9999.9	3	54	-9999.9	52	-9999.9	3	18.9	3
2025 05 06 20	0.21	0.2	3.1	3.2	5.0	0.31	-9999.9	3	55	-9999.9	52	-9999.9	3	18.9	3
2025 05 06 21	0.23	0.22	2.3	2.6	3.2	0.4	-9999.9	3	69	-9999.9	48	-9999.9	3	18.9	3
2025 05 06 22	0.21	0.2	2.5	2.9	5.9	0.3	-9999.9	3	66	-9999.9	52	-9999.9	3	18.9	3
2025 05 06 23	0.23	0.21	3.1	3.3	5.6	0.35	-9999.9	3	69	-9999.9	50	-9999.9	3	18.8	3
2025 05 07 00	0.22	0.21	3.0	3.1	5.3	0.41	-9999.9	3	78	-9999.9	54	-9999.9	3	18.8	3
2025 05 07 01	0.19	0.18	3.2	3.4	5.6	0.3	-9999.9	3	63	-9999.9	56	-9999.9	3	18.7	3
2025 05 07 02	0.18	0.17	3.3	3.4	5.7	0.26	-9999.9	3	61	-9999.9	58	-9999.9	3	18.7	3
2025 05 07 03	0.17	0.16	3.3	3.4	6.6	0.27	-9999.9	3	69	-9999.9	55	-9999.9	3	18.7	3
2025 05 07 04	0.18	0.17	3.6	3.7	6.8	0.27	-9999.9	3	64	-9999.9	54	-9999.9	3	18.6	3
2025 05 07 05	0.17	0.16	3.4	3.4	5.7	0.25	-9999.9	3	61	-9999.9	56	-9999.9	3	18.6	3
2025 05 07 06	0.17	0.16	3.8	4.0	6.8	0.28	-9999.9	3	60	-9999.9	53	-9999.9	3	18.6	3
2025 05 07 07	0.18	0.18	4.2	4.1	6.6	0.31	-9999.9	3	62	-9999.9	47	-9999.9	3	18.6	3
2025 05 07 08	0.19	0.18	3.6	3.9	6.6	0.37	-9999.9	3	61	-9999.9	49	-9999.9	3	18.7	3
2025 05 07 09	0.25	0.25	4.2	4.4	6.6	0.4	-9999.9	3	56	-9999.9	48	-9999.9	3	18.8	3
2025 05 07 10	0.34	0.33	4.2	4.4	6.1	0.63	-9999.9	3	51	-9999.9	47	-9999.9	3	19.1	3
2025 05 07 11	0.35	0.35	4.4	4.9	5.9	0.56	-9999.9	3	49	-9999.9	39	-9999.9	3	19.4	3
2025 05 07 12	0.32	0.32	3.2	4.3	5.9	0.59	-9999.9	3	52	-9999.9	45	-9999.9	3	19.4	3
2025 05 07 13	0.31	0.29	2.7	3.0	5.5	0.52	-9999.9	3	51	-9999.9	47	-9999.9	3	19.4	3
2025 05 07 14	0.3	0.28	2.5	2.7	5.6	0.53	-9999.9	3	57	-9999.9	48	-9999.9	3	19.5	3
2025 05 07 15	0.31	0.3	2.5	2.7	4.3	0.49	-9999.9	3	58	-9999.9	47	-9999.9	3	19.6	3
2025 05 07 16	0.3	0.29	2.4	2.6	3.6	0.43	-9999.9	3	54	-9999.9	49	-9999.9	3	19.6	3
2025 05 07 17	0.31	0.3	2.7	2.8	4.8	0.5	-9999.9	3	53	-9999.9	47	-9999.9	3	19.7	3
2025 05 07 18	0.3	0.28	2.6	2.8	3.5	0.47	-9999.9	3	56	-9999.9	48	-9999.9	3	19.7	3
2025 05 07 19	0.29	0.28	2.8	2.9	4.1	0.5	-9999.9	3	45	-9999.9	49	-9999.9	3	19.7	3
2025 05 07 20	0.27	0.25	3.0	3.1	3.7	0.47	-9999.9	3	42	-9999.9	49	-9999.9	3	19.7	3
2025 05 07 21	0.27	0.26	3.0	3.2	3.9	0.46	-9999.9	3	42	-9999.9	51	-9999.9	3	19.9	3
2025 05 07 22	0.29	0.27	3.2	3.3	4.0	0.46	-9999.9	3	42	-9999.9	52	-9999.9	3	19.6	3
2025 05 07 23	0.34	0.32	3.4	3.5	3.8	0.56	-9999.9	3	43	-9999.9	47	-9999.9	3	19.7	3
2025 05 08 00	0.36	0.34	3.5	3.5	4.3	0.57	-9999.9	3	42	-9999.9	48	-9999.9	3	19.4	3
2025 05 08 01	0.34	0.33	3.4	3.5	3.9	0.61	-9999.9	3	42	-9999.9	50	-9999.9	3	19.4	3
2025 05 08 02	0.32	0.31	3.4	3.5	4.0	0.49	-9999.9	3	50	-9999.9	53	-9999.9	3	19.4	3
2025 05 08 03	0.38	0.37	3.6	3.6	4.3	0.65	-9999.9	3	55	-9999.9	51	-9999.9	3	19.4	3
2025 05 08 04	0.4	0.39	3.7	3.8	4.2	0.67	-9999.9	3	53	-9999.9	44	-9999.9	3	19.3	3
2025 05 08 05	0.44	0.44	3.8	3.9	4.3	0.71	-9999.9	3	57	-9999.9	45	-9999.9	3	19.3	3
2025 05 08 06	0.44	0.43	3.9	3.9	4.4	0.68	-9999.9	3	59	-9999.9	44	-9999.9	3	19.2	3
2025 05 08 07	0.43	0.41	3.8	3.9	4.5	0.79	-9999.9	3	63	-9999.9	48	-9999.9	3	19.3	3
2025 05 08 08	0.5	0.48	4.0	4.1	5.4	0.82	-9999.9	3	63	-9999.9	46	-9999.9	3	19.3	3
2025 05 08 09	0.49	0.48	4.0	4.0	5.3	0.69	-9999.9	3	64	-9999.9	46	-9999.9	3	19.3	3
2025 05 08 10	0.48	0.47	3.9	4.0	5.3	0.91	-9999.9	3	68	-9999.9	46	-9999.9	3	19.3	3
2025 05 08 11	0.51	0.49	4.2	4.2	5.6	0.83	-9999.9	3	67	-9999.9	42	-9999.9	3	19.5	3
2025 05 08 12	0.46	0.45	3.9	4.3	5.7	1.09	-9999.9	3	67	-9999.9	43	-9999.9	3	19.5	3
2025 05 08 13	0.43	0.43	3.0	3.8	5.8	0.81	-9999.9	3	65	-9999.9	47	-9999.9	3	19.4	3
2025 05 08 14	0.46	0.45	3.4	3.7	5.7	0.83	-9999.9	3	60	-9999.9	42	-9999.9	3	19.5	3
2025 05 08 15	0.42	0.4	3.0	3.5	5.8	0.64	-9999.9	3	53	-9999.9	45	-9999.9	3	19.4	3
2025 05 08 16	0.39	0.38	3.7	3.9	5.9	0.67	-9999.9	3	57	-9999.9	47	-9999.9	3	19.4	3
2025 05 08 17	0.38	0.37	3.6	4.1	5.7	0.73	-9999.9	3	57	-9999.9	47	-9999.9	3	19.4	3
2025 05 08 18	0.38	0.37	4.1	4.3	5.8	0.55	-9999.9	3	59	-9999.9	47	-9999.9	3	19.4	3
2025 05 08 19	0.36	0.35	3.9	4.2	5.7	0.64	-9999.9	3	55	-9999.9	49	-9999.9	3	19.3	3
2025 05 08 20	0.34	0.33	4.2	4.3	5.6	0.61	-9999.9	3	54	-9999.9	47	-9999.9	3	19.3	3
2025 05 08 21	0.38	0.36	4.3	4.5	5.7	0.74	-9999.9	3	51	-9999.9	43	-9999.9	3	19.4	3
2025 05 08 22	0.34	0.34	4.8	4.7	5.7	0.5	-9999.9	3	56	-9999.9	42	-9999.9	3	19.3	3
2025 05 08 23	0.3	0.3	4.4	4.6	5.6	0.5	-9999.9	3	56	-9999.9	44	-9999.9	3	19.3	3
2025 05 09 00	0.28	0.27	4.3	4.7	5.6	0.52	-9999.9	3	54	-9999.9	49	-9999.9	3	19.2	3
2025 05 09 01	0.26	0.25	4.3	4.5	5.4	0.45	-9999.9	3	54	-9999.9	49	-9999.9	3	19.2	3
2025 05 09 02	0.24	0.24	4.4	4.5	5.4	0.41	-9999.9	3	55	-9999.9	50	-9999.9	3	19.2	3
2025 05 09 03	0.26	0.26	4.4	4.3	5.5	0.44	-9999.9	3	56	-9999.9	50	-9999.9	3	19.1	3
2025 05 09 04	0.3	0.29	4.2	4.3	5.7	0.48	-9999.9	3	48	-9999.9	50	-9999.9	3	19.2	3
2025 05 09 05	0.29	0.28	4.1	4.3	5.5	0.53	-9999.9	3	46	-9999.9	49	-9999.9	3	19.2	3
2025 05 09 06	0.27	0.26	4.3	4.2	5.6	0.45	-9999.9	3	44	-9999.9	50	-9999.9	3	19.2	3
2025 05 09 07	0.28	0.27	4.1	4.0	6.4	0.4	-9999.9	3	47	-9999.9	51	-9999.9	3	19.2	3
2025 05 09 08	0.28	0.27	4.0	4.2	6.3	0.46	-9999.9	3	37	-9999.9	49	-9999.9	3	19.3	3
2025 05 09 09	0.27	0.25	3.3	3.8	6.5	0.56	-9999.9	3	42	-9999.9	49	-9999.9	3	19.5	3
2025 05 09 10	0.27	0.26	3.6	4.0	6.2	0.47	-9999.9	3	35	-9999.9	50	-9999.9	3	20.3	3
2025 05 09 11	0.24	0.23	4.1	4.2	6.1	0.4	-9999.9	3	49	-9999.9	50	-9999.9	3	20.2	3
2025 05 09 12	0.23	0.23	2.4	3.1	6.2	0.38	-9999.9	3	48	-9999.9	49	-9999.9	3	20.1	3
2025 05 09 13	0.35	0.34	2.3	2.3	2.2	0.66	-9999.9	3	35	-9999.9	44	-9999.9	3	19.8	3
2025 05 09 14	0.42	0.4	2.3	2.4	2.4	0.65	-9999.9	3	21	-9999.9	47	-9999.9	3	20.0	3
2025 05 09 15	0.44	0.43	2.3	2.4	2.6	0.77	-9999.9	3	22	-9999.9	49	-9999.9	3	19.9	3
2025 05 09 16	0.4	0.39	2.5	2.6	3.1	0.74	-9999.9	3	35	-9999.9	50	-9999.9	3	19.9	3
2025 05 09 17	0.34	0.33	2.5	2.6	3.5	0.6	-9999.9	3	40	-9999.9	49	-9999.9	3	19.9	3
2025 05 09 18	0.33	0.31	2.5	2.7	3.8	0.51	-9999.9	3	46	-9999.9	48	-9999.9	3	20.0	3
2025 05 09 19	0.31	0.29	2.8	2.9	6.3	0.59	-9999.9	3	52	-9999.9	50	-9999.9	3	20.4	3
2025 05 09 20	0.27	0.26	2.8	3.1	6.0	0.39	-9999.9	3	54	-9999.9	51	-9999.9	3	20.2	3
2025 05 09 21	0.26	0.25	2.8	3.1	6.1	0.42	-9999.9	3	56	-9999.9	47	-9999.9	3	20.0	3
2025 05 09 22	0.24	0.24	2.6	2.9	4.0	0.42	-9999.9	3	62	-9999.9	48	-9999.9	3	19.9	3
2025 05 09 23	0.22	0.21	2.9	3.2	6.4	0.41	-9999.9	3	56	-9999.9	51	-9999.9	3	20.0	3
2025 05 10 00	0.22	0.2	3.2	3.3	6.2	0.35	-9999.9	3	60	-9999.9	47	-9999.9	3	20.0	3
2025 05 10 01	0.18	0.17	3.1	3.3	6.5	0.29	-9999.9	3	59	-9999.9	53	-9999.9	3	19.8	3
2025 05 10 02	0.18	0.17	2.9	3.3	6.3	0.29	-9999.9	3	58	-9999.9	53	-9999.9	3	19.7	3
2025 05 10 03	0.19	0.17	2.8	3.1	6.3	0.34	-9999.9	3	67	-9999.9	47	-9999.9	3	19.7	3
2025 05 10 04	0.17	0.16	2.9	3.2	6.1	0.25	-9999.9	3	67	-9999.9	50	-9999.9	3	19.6	3
2025 05 10 05	0.17	0.17	2.8	3.0	6.2	0.27	-9999.9	3	68	-9999.9	51	-9999.9	3	19.6	3
2025 05 10 06	0.18	0.17	2.7	2.9	6.1	0.29	-9999.9	3	70	-9999.9	47	-9999.9	3	19.5	3
2025 05 10 07	0.17	0.16	2.7	3.0	6.1	0.29	-9999.9	3	60	-9999.9	47	-9999.9	3	19.6	3
2025 05 10 08	0.17	0.16	2.9	3.1	6.1	0.28	-9999.9	3	64	-9999.9	50	-9999.9	3	19.7	3
2025 05 10 09	0.17	0.16	2.9	3.1	5.9	0.3	-9999.9	3	58	-9999.9	51	-9999.9	3	19.8	3
2025 05 10 10	0.16	0.15	3.1	3.4	6.0	0.28	-9999.9	3	57	-9999.9	47	-9999.9	3	19.9	3
2025 05 10 11	0.17	0.17	3.1	3.3	5.4	0.31	-9999.9	3	50	-9999.9	50	-9999.9	3	20.4	3
2025 05 10 12	0.14	0.14	2.8	3.2	5.9	0.23	-9999.9	3	55	-9999.9	55	-9999.9	3	20.2	3
2025 05 10 13	0.22	0.23	2.1	2.2	2.0	0.44	-9999.9	3	50	-9999.9	50	-9999.9	3	20.4	3
2025 05 10 14	0.3	0.29	2.1	2.2	2.1	0.47	-9999.9	3	22	-9999.9	44	-9999.9	3	20.1	3
2025 05 10 15	0.3	0.3	2.3	2.4	19.5	0.63	-9999.9	3	36	-9999.9	50	-9999.9	3	20.2	3
2025 05 10 16	0.26	0.26	2.0	2.2	2.2	0.46	-9999.9	3	31	-9999.9	48	-9999.9	3	20.3	3
2025 05 10 17	0.21	0.21	2.1	2.3	2.8	0.36	-9999.9	3	38	-9999.9	56	-9999.9	3	20.3	3
2025 05 10 18	0.18	0.18	2.5	2.7	3.5	0.29	-9999.9	3	53	-9999.9	56	-9999.9	3	20.2	3
2025 05 10 19	0.19	0.18	2.7	2.8	3.2	0.31	-9999.9	3	51	-9999.9	53	-9999.9	3	20.1	3
2025 05 10 20	0.18	0.17	2.9	2.9	3.1	0.31	-9999.9	3	52	-9999.9	58	-9999.9	3	20.2	3
2025 05 10 21	0.18	0.18	3.2	3.2	3.6	0.29	-9999.9	3	54	-9999.9	49	-9999.9	3	20.1	3
2025 05 10 22	0.19	0.19	3.4	3.4	3.8	0.34	-9999.9	3	52	-9999.9	46	-9999.9	3	20.1	3
2025 05 10 23	0.2	0.2	3.5	3.4	4.0	0.38	-9999.9	3	56	-9999.9	45	-9999.9	3	20.1	3
2025 05 11 00	0.2	0.2	3.3	3.4	4.0	0.35	-9999.9	3	57	-9999.9	48	-9999.9	3	20.0	3
2025 05 11 01	0.2	0.2	3.3	3.6	4.5	0.32	-9999.9	3	59	-9999.9	47	-9999.9	3	19.9	3
2025 05 11 02	0.2	0.19	3.5	3.7	4.5	0.33	-9999.9	3	61	-9999.9	45	-9999.9	3	19.9	3
2025 05 11 03	0.18	0.17	3.3	3.5	4.7	0.31	-9999.9	3	64	-9999.9	50	-9999.9	3	19.8	3
2025 05 11 04	0.18	0.17	3.0	3.2	4.7	0.28	-9999.9	3	45	-9999.9	45	-9999.9	3	19.8	3
2025 05 11 05	0.17	0.18	2.4	2.9	4.7	0.31	-9999.9	3	34	-9999.9	50	-9999.9	3	19.6	3
2025 05 11 06	0.16	0.18	2.2	2.8	5.0	0.28	-9999.9	3	35	-9999.9	55	-9999.9	3	19.6	3
2025 05 11 07	0.15	0.16	2.0	2.9	4.8	0.3	-9999.9	3	36	-9999.9	53	-9999.9	3	19.5	3
2025 05 11 08	0.15	0.15	2.5	3.2	4.9	0.28	-9999.9	3	35	-9999.9	50	-9999.9	3	19.5	3
2025 05 11 09	0.16	0.17	2.2	3.1	5.1	0.29	-9999.9	3	38	-9999.9	47	-9999.9	3	19.4	3
2025 05 11 10	0.23	0.24	2.4	2.7	5.0	0.39	-9999.9	3	27	-9999.9	44	-9999.9	3	19.4	3
2025 05 11 11	0.28	0.29	2.1	2.3	2.3	0.48	-9999.9	3	5	-9999.9	43	-9999.9	3	19.4	3
2025 05 11 12	0.27	0.27	1.9	2.1	2.0	0.51	-9999.9	3	2	-9999.9	43	-9999.9	3	19.4	3
2025 05 11 13	0.24	0.25	1.9	2.1	1.9	0.52	-9999.9	3	6	-9999.9	43	-9999.9	3	19.5	3
2025 05 11 14	0.29	0.3	1.9	2.0	1.8	0.43	-9999.9	3	346	-9999.9	41	-9999.9	3	19.5	3
2025 05 11 15	0.23	0.25	1.9	2.2	1.8	0.45	-9999.9	3	10	-9999.9	50	-9999.9	3	19.4	3
2025 05 11 16	0.16	0.18	2.0	2.6	5.1	0.31	-9999.9	3	30	-9999.9	54	-9999.9	3	19.5	3
2025 05 11 17	0.18	0.2	2.0	2.6	3.4	0.34	-9999.9	3	24	-9999.9	53	-9999.9	3	19.5	3
2025 05 11 18	0.23	0.24	2.3	3.2	6.0	0.38	-9999.9	3	32	-9999.9	52	-9999.9	3	19.4	3
2025 05 11 19	0.2	0.2	2.1	2.4	3.7	0.33	-9999.9	3	15	-9999.9	47	-9999.9	3	19.3	3
2025 05 11 20	0.21	0.21	2.3	2.4	2.5	0.29	-9999.9	3	7	-9999.9	46	-9999.9	3	19.3	3
2025 05 11 21	0.2	0.19	2.7	2.9	4.9	0.32	-9999.9	3	19	-9999.9	52	-9999.9	3	19.3	3
2025 05 11 22	0.19	0.18	3.2	3.5	5.2	0.3	-9999.9	3	33	-9999.9	49	-9999.9	3	19.3	3
2025 05 11 23	0.19	0.18	3.3	3.6	6.0	0.29	-9999.9	3	43	-9999.9	51	-9999.9	3	19.2	3
2025 05 12 00	0.21	0.2	2.8	3.4	6.0	0.36	-9999.9	3	36	-9999.9	49	-9999.9	3	19.2	3
2025 05 12 01	0.22	0.21	3.0	3.3	7.0	0.41	-9999.9	3	33	-9999.9	50	-9999.9	3	19.2	3
2025 05 12 02	0.22	0.22	2.5	3.0	6.4	0.36	-9999.9	3	22	-9999.9	49	-9999.9	3	19.1	3
2025 05 12 03	0.25	0.24	2.9	3.4	6.0	0.42	-9999.9	3	23	-9999.9	48	-9999.9	3	19.1	3
2025 05 12 04	0.27	0.27	3.2	3.7	6.0	0.44	-9999.9	3	31	-9999.9	52	-9999.9	3	19.1	3
2025 05 12 05	0.29	0.27	3.3	3.6	6.3	0.47	-9999.9	3	33	-9999.9	51	-9999.9	3	19.1	3
2025 05 12 06	0.29	0.28	3.4	3.5	6.3	0.47	-9999.9	3	43	-9999.9	50	-9999.9	3	19.1	3
2025 05 12 07	0.31	0.29	3.4	3.6	5.4	0.47	-9999.9	3	32	-9999.9	49	-9999.9	3	19.1	3
2025 05 12 08	0.32	0.32	3.3	3.6	4.5	0.49	-9999.9	3	34	-9999.9	47	-9999.9	3	19.1	3
2025 05 12 09	0.35	0.34	3.2	3.6	4.7	0.55	-9999.9	3	24	-9999.9	47	-9999.9	3	19.1	3
2025 05 12 10	0.42	0.41	3.0	3.4	4.7	0.62	-9999.9	3	22	-9999.9	44	-9999.9	3	19.1	3
2025 05 12 11	0.34	0.33	2.6	3.1	5.2	0.55	-9999.9	3	22	-9999.9	47	-9999.9	3	19.2	3
2025 05 12 12	0.32	0.31	2.5	2.7	4.4	0.5	-9999.9	3	21	-9999.9	46	-9999.9	3	19.3	3
2025 05 12 13	0.27	0.27	2.4	2.9	5.0	0.43	-9999.9	3	28	-9999.9	51	-9999.9	3	19.3	3
2025 05 12 14	0.24	0.23	2.5	3.0	6.4	0.36	-9999.9	3	42	-9999.9	48	-9999.9	3	19.3	3
2025 05 12 15	0.21	0.21	2.6	3.2	6.0	0.34	-9999.9	3	56	-9999.9	52	-9999.9	3	19.4	3
2025 05 12 16	0.2	0.19	2.7	3.2	6.1	0.36	-9999.9	3	59	-9999.9	52	-9999.9	3	19.3	3
2025 05 12 17	0.19	0.18	3.0	3.4	6.2	0.29	-9999.9	3	60	-9999.9	51	-9999.9	3	19.2	3
2025 05 12 18	0.23	0.22	3.8	4.0	5.8	0.33	-9999.9	3	47	-9999.9	49	-9999.9	3	19.2	3
2025 05 12 19	0.22	0.21	3.2	3.7	5.6	0.38	-9999.9	3	54	-9999.9	53	-9999.9	3	19.1	3
2025 05 12 20	0.21	0.2	3.0	3.4	7.0	0.35	-9999.9	3	57	-9999.9	54	-9999.9	3	19.0	3
2025 05 12 21	0.23	0.22	3.7	4.0	7.5	0.41	-9999.9	3	65	-9999.9	53	-9999.9	3	19.1	3
2025 05 12 22	0.24	0.23	4.0	4.0	7.2	0.4	-9999.9	3	53	-9999.9	54	-9999.9	3	19.3	3
2025 05 12 23	0.24	0.24	2.7	3.7	7.5	0.41	-9999.9	3	53	-9999.9	54	-9999.9	3	19.2	3
2025 05 13 00	0.27	0.25	2.6	3.2	7.6	0.43	-9999.9	3	43	-9999.9	47	-9999.9	3	19.2	3
2025 05 13 01	0.24	0.23	2.9	3.1	7.4	0.37	-9999.9	3	41	-9999.9	54	-9999.9	3	19.1	3
2025 05 13 02	0.23	0.21	3.3	3.4	7.2	0.34	-9999.9	3	42	-9999.9	51	-9999.9	3	19.1	3
2025 05 13 03	0.23	0.22	3.7	3.8	7.5	0.39	-9999.9	3	56	-9999.9	47	-9999.9	3	19.1	3
2025 05 13 04	0.21	0.19	3.6	3.9	7.5	0.4	-9999.9	3	61	-9999.9	52	-9999.9	3	19.0	3
2025 05 13 05	0.21	0.2	3.2	3.7	7.3	0.41	-9999.9	3	60	-9999.9	52	-9999.9	3	19.0	3
2025 05 13 06	0.19	0.19	3.1	3.5	7.5	0.31	-9999.9	3	54	-9999.9	53	-9999.9	3	19.0	3
2025 05 13 07	0.21	0.2	2.7	3.3	7.2	0.34	-9999.9	3	54	-9999.9	52	-9999.9	3	19.0	3
2025 05 13 08	0.23	0.22	3.1	3.4	6.7	0.35	-9999.9	3	45	-9999.9	50	-9999.9	3	19.0	3
2025 05 13 09	0.24	0.23	3.3	3.5	7.2	0.39	-9999.9	3	47	-9999.9	51	-9999.9	3	19.0	3
2025 05 13 10	0.27	0.26	3.3	3.5	6.9	0.46	-9999.9	3	47	-9999.9	45	-9999.9	3	19.0	3
2025 05 13 11	0.24	0.23	3.4	3.6	5.7	0.39	-9999.9	3	55	-9999.9	50	-9999.9	3	19.0	3
2025 05 13 12	0.22	0.2	3.5	3.5	7.0	0.36	-9999.9	3	46	-9999.9	52	-9999.9	3	19.0	3
2025 05 13 13	0.2	0.19	2.9	3.3	7.1	0.33	-9999.9	3	48	-9999.9	49	-9999.9	3	19.0	3
2025 05 13 14	0.19	0.18	3.1	3.2	6.9	0.34	-9999.9	3	44	-9999.9	49	-9999.9	3	19.0	3
2025 05 13 15	0.18	0.17	2.7	3.0	6.7	0.28	-9999.9	3	41	-9999.9	49	-9999.9	3	19.0	3
2025 05 13 16	0.19	0.18	2.7	2.9	6.8	0.26	-9999.9	3	39	-9999.9	48	-9999.9	3	18.9	3
2025 05 13 17	0.17	0.16	2.7	2.8	6.2	0.32	-9999.9	3	31	-9999.9	51	-9999.9	3	19.0	3
2025 05 13 18	0.23	0.22	3.6	3.7	5.6	0.41	-9999.9	3	32	-9999.9	45	-9999.9	3	18.9	3
2025 05 13 19	0.19	0.17	2.8	3.1	6.0	0.36	-9999.9	3	40	-9999.9	55	-9999.9	3	19.0	3
2025 05 13 20	0.22	0.22	2.0	2.4	2.5	0.37	-9999.9	3	86	-9999.9	41	-9999.9	3	19.0	3
2025 05 13 21	0.22	0.21	2.4	2.6	3.1	0.39	-9999.9	3	86	-9999.9	49	-9999.9	3	18.9	3
2025 05 13 22	0.22	0.2	2.9	3.0	4.1	0.42	-9999.9	3	54	-9999.9	53	-9999.9	3	19.0	3
2025 05 13 23	0.25	0.25	2.4	2.5	3.4	0.45	-9999.9	3	92	-9999.9	45	-9999.9	3	18.9	3
2025 05 14 00	0.2	0.19	2.6	2.7	4.5	0.33	-9999.9	3	87	-9999.9	52	-9999.9	3	18.9	3
2025 05 14 01	0.24	0.24	2.3	2.4	2.6	0.44	-9999.9	3	110	-9999.9	39	-9999.9	3	18.9	3
2025 05 14 02	0.15	0.15	2.5	2.7	3.8	0.25	-9999.9	3	94	-9999.9	55	-9999.9	3	18.9	3
2025 05 14 03	0.12	0.12	2.9	2.9	6.4	0.17	-9999.9	3	79	-9999.9	59	-9999.9	3	19.0	3
2025 05 14 04	0.12	0.12	2.5	2.5	5.2	0.21	-9999.9	3	101	-9999.9	51	-9999.9	3	19.0	3
2025 05 14 05	0.11	0.11	2.6	2.7	5.9	0.17	-9999.9	3	86	-9999.9	49	-9999.9	3	18.9	3
2025 05 14 06	0.09	0.09	2.7	2.9	5.2	0.15	-9999.9	3	56	-9999.9	58	-9999.9	3	19.0	3
2025 05 14 07	0.11	0.11	2.2	2.5	5.1	0.2	-9999.9	3	71	-9999.9	50	-9999.9	3	18.9	3
2025 05 14 08	0.12	0.12	2.3	2.5	5.7	0.2	-9999.9	3	60	-9999.9	50	-9999.9	3	18.9	3
2025 05 14 09	0.14	0.13	2.7	2.8	3.9	0.22	-9999.9	3	28	-9999.9	52	-9999.9	3	19.0	3
2025 05 14 10	0.2	0.2	2.3	2.5	3.2	0.37	-9999.9	3	1	-9999.9	41	-9999.9	3	18.9	3
2025 05 14 11	0.29	0.29	2.2	2.3	2.2	0.51	-9999.9	3	337	-9999.9	34	-9999.9	3	18.9	3
2025 05 14 12	0.34	0.33	2.1	2.2	2.0	0.52	-9999.9	3	331	-9999.9	34	-9999.9	3	19.0	3
2025 05 14 13	0.36	0.36	2.1	2.1	2.0	0.61	-9999.9	3	319	-9999.9	32	-9999.9	3	19.0	3
2025 05 14 14	0.34	0.34	2.1	2.2	2.0	0.64	-9999.9	3	331	-9999.9	33	-9999.9	3	19.0	3
2025 05 14 15	0.39	0.38	2.1	2.3	2.2	0.6	-9999.9	3	344	-9999.9	36	-9999.9	3	19.0	3
2025 05 14 16	0.38	0.38	2.2	2.3	2.4	0.71	-9999.9	3	359	-9999.9	43	-9999.9	3	19.0	3
2025 05 14 17	0.37	0.37	2.3	2.5	2.8	0.69	-9999.9	3	2	-9999.9	44	-9999.9	3	19.0	3
2025 05 14 18	0.34	0.34	2.5	2.9	5.6	0.65	-9999.9	3	13	-9999.9	46	-9999.9	3	19.0	3
2025 05 14 19	0.31	0.31	2.4	2.7	3.0	0.57	-9999.9	3	18	-9999.9	49	-9999.9	3	18.9	3
2025 05 14 20	0.29	0.29	2.3	2.7	3.2	0.52	-9999.9	3	14	-9999.9	50	-9999.9	3	18.9	3
2025 05 14 21	0.3	0.29	2.3	2.7	3.6	0.47	-9999.9	3	6	-9999.9	47	-9999.9	3	18.9	3
2025 05 14 22	0.34	0.34	2.3	2.5	2.9	0.56	-9999.9	3	357	-9999.9	42	-9999.9	3	18.9	3
2025 05 14 23	0.39	0.38	2.6	2.8	4.3	0.79	-9999.9	3	7	-9999.9	41	-9999.9	3	18.9	3
2025 05 15 00	0.36	0.36	2.3	2.5	3.2	0.56	-9999.9	3	355	-9999.9	43	-9999.9	3	18.9	3
2025 05 15 01	0.38	0.36	2.4	2.7	5.7	0.63	-9999.9	3	354	-9999.9	43	-9999.9	3	18.8	3
2025 05 15 02	0.37	0.34	2.3	2.5	5.4	0.54	-9999.9	3	349	-9999.9	41	-9999.9	3	18.8	3
2025 05 15 03	0.39	0.37	2.3	2.6	7.5	0.8	-9999.9	3	351	-9999.9	41	-9999.9	3	18.8	3
2025 05 15 04	0.39	0.38	2.3	2.6	5.9	0.63	-9999.9	3	354	-9999.9	43	-9999.9	3	18.7	3
2025 05 15 05	0.3	0.3	2.4	3.0	5.9	0.44	-9999.9	3	1	-9999.9	48	-9999.9	3	18.7	3
2025 05 15 06	0.36	0.34	2.3	2.5	2.7	0.69	-9999.9	3	347	-9999.9	41	-9999.9	3	18.8	3
2025 05 15 07	0.36	0.35	2.2	2.4	2.2	0.6	-9999.9	3	342	-9999.9	41	-9999.9	3	18.7	3
2025 05 15 08	0.35	0.33	2.2	2.5	5.0	0.64	-9999.9	3	360	-9999.9	44	-9999.9	3	18.8	3
2025 05 15 09	0.32	0.31	2.5	2.9	6.2	0.5	-9999.9	3	17	-9999.9	47	-9999.9	3	18.8	3
2025 05 15 10	0.27	0.27	2.7	3.2	5.8	0.52	-9999.9	3	29	-9999.9	48	-9999.9	3	18.9	3
2025 05 15 11	0.29	0.28	2.3	2.7	7.0	0.48	-9999.9	3	26	-9999.9	46	-9999.9	3	18.9	3
2025 05 15 12	0.34	0.31	2.8	3.2	8.1	0.56	-9999.9	3	53	-9999.9	39	-9999.9	3	19.0	3
2025 05 15 13	0.31	0.3	2.4	2.6	7.3	0.5	-9999.9	3	32	-9999.9	44	-9999.9	3	19.0	3
2025 05 15 14	0.32	0.31	2.2	2.5	5.5	0.55	-9999.9	3	29	-9999.9	47	-9999.9	3	19.1	3
2025 05 15 15	0.29	0.29	2.4	2.7	6.4	0.47	-9999.9	3	40	-9999.9	49	-9999.9	3	19.2	3
2025 05 15 16	0.24	0.24	2.6	3.6	7.1	0.47	-9999.9	3	55	-9999.9	53	-9999.9	3	19.1	3
2025 05 15 17	0.23	0.23	2.8	4.0	6.7	0.44	-9999.9	3	54	-9999.9	56	-9999.9	3	19.2	3
2025 05 15 18	0.22	0.21	3.2	3.8	5.8	0.33	-9999.9	3	47	-9999.9	56	-9999.9	3	19.1	3
2025 05 15 19	0.23	0.22	3.4	3.6	6.0	0.36	-9999.9	3	41	-9999.9	55	-9999.9	3	19.0	3
2025 05 15 20	0.22	0.22	4.0	4.4	7.1	0.34	-9999.9	3	47	-9999.9	54	-9999.9	3	19.0	3
2025 05 15 21	0.23	0.22	3.5	3.9	6.4	0.41	-9999.9	3	39	-9999.9	53	-9999.9	3	19.0	3
2025 05 15 22	0.23	0.22	3.3	3.7	6.9	0.3	-9999.9	3	30	-9999.9	52	-9999.9	3	18.9	3
2025 05 15 23	0.25	0.23	3.9	4.0	6.9	0.42	-9999.9	3	44	-9999.9	51	-9999.9	3	18.9	3
2025 05 16 00	0.23	0.21	3.7	3.7	6.7	0.34	-9999.9	3	45	-9999.9	53	-9999.9	3	18.9	3
2025 05 16 01	0.26	0.25	3.8	4.0	6.8	0.38	-9999.9	3	53	-9999.9	51	-9999.9	3	18.9	3
2025 05 16 02	0.26	0.24	3.8	4.2	6.8	0.4	-9999.9	3	60	-9999.9	50	-9999.9	3	18.8	3
2025 05 16 03	0.27	0.26	2.8	3.6	6.7	0.44	-9999.9	3	56	-9999.9	50	-9999.9	3	18.9	3
2025 05 16 04	0.29	0.28	3.9	4.2	6.6	0.53	-9999.9	3	56	-9999.9	47	-9999.9	3	18.8	3
2025 05 16 05	0.26	0.25	4.1	4.1	6.4	0.39	-9999.9	3	61	-9999.9	50	-9999.9	3	18.8	3
2025 05 16 06	0.24	0.24	4.1	4.1	6.3	0.36	-9999.9	3	63	-9999.9	52	-9999.9	3	18.8	3
2025 05 16 07	0.26	0.25	4.3	4.4	6.5	0.45	-9999.9	3	62	-9999.9	47	-9999.9	3	18.8	3
2025 05 16 08	0.25	0.24	3.7	4.0	6.3	0.45	-9999.9	3	67	-9999.9	52	-9999.9	3	18.9	3
2025 05 16 09	0.31	0.28	2.7	3.1	6.6	0.65	-9999.9	3	80	-9999.9	44	-9999.9	3	18.9	3
2025 05 16 10	0.31	0.29	3.1	3.8	6.9	0.56	-9999.9	3	66	-9999.9	46	-9999.9	3	19.2	3
2025 05 16 11	0.33	0.31	4.0	4.3	6.8	0.49	-9999.9	3	66	-9999.9	46	-9999.9	3	19.6	3
2025 05 16 12	0.36	0.34	4.0	4.9	7.1	0.58	-9999.9	3	58	-9999.9	43	-9999.9	3	19.9	3
2025 05 16 13	0.42	0.37	2.9	3.2	7.3	0.72	-9999.9	3	48	-9999.9	41	-9999.9	3	19.9	3
2025 05 16 14	0.52	0.49	2.9	3.0	7.0	0.76	-9999.9	3	37	-9999.9	45	-9999.9	3	19.7	3
2025 05 16 15	0.51	0.47	2.8	2.9	6.7	0.77	-9999.9	3	34	-9999.9	44	-9999.9	3	19.8	3
2025 05 16 16	0.55	0.5	3.3	3.5	7.7	0.98	-9999.9	3	45	-9999.9	46	-9999.9	3	19.8	3
2025 05 16 17	0.52	0.47	3.5	3.7	8.3	0.98	-9999.9	3	51	-9999.9	45	-9999.9	3	19.7	3
2025 05 16 18	0.49	0.46	4.0	4.3	6.9	0.83	-9999.9	3	46	-9999.9	44	-9999.9	3	20.0	3
2025 05 16 19	0.42	0.39	4.0	4.2	8.1	0.8	-9999.9	3	61	-9999.9	49	-9999.9	3	20.0	3
2025 05 16 20	0.39	0.37	4.1	4.3	7.9	0.66	-9999.9	3	63	-9999.9	48	-9999.9	3	19.8	3
2025 05 16 21	0.39	0.37	4.2	4.5	7.5	0.67	-9999.9	3	66	-9999.9	46	-9999.9	3	20.0	3
2025 05 16 22	0.35	0.32	4.2	4.4	7.7	0.54	-9999.9	3	71	-9999.9	52	-9999.9	3	19.9	3
2025 05 16 23	0.34	0.31	4.3	4.7	7.9	0.55	-9999.9	3	69	-9999.9	46	-9999.9	3	19.7	3
2025 05 17 00	0.29	0.28	4.7	4.7	7.8	0.47	-9999.9	3	60	-9999.9	46	-9999.9	3	19.7	3
2025 05 17 01	0.28	0.27	4.5	4.7	7.2	0.43	-9999.9	3	65	-9999.9	49	-9999.9	3	19.6	3
2025 05 17 02	0.29	0.28	4.9	5.1	7.7	0.51	-9999.9	3	67	-9999.9	47	-9999.9	3	19.6	3
2025 05 17 03	0.28	0.28	4.8	5.0	7.7	0.47	-9999.9	3	71	-9999.9	42	-9999.9	3	19.5	3
2025 05 17 04	0.24	0.24	4.4	4.6	7.4	0.39	-9999.9	3	67	-9999.9	47	-9999.9	3	19.5	3
2025 05 17 05	0.23	0.22	4.6	4.7	7.4	0.37	-9999.9	3	70	-9999.9	49	-9999.9	3	19.4	3
2025 05 17 06	0.21	0.2	3.8	4.0	7.4	0.4	-9999.9	3	69	-9999.9	45	-9999.9	3	19.4	3
2025 05 17 07	0.2	0.19	4.3	4.3	7.2	0.31	-9999.9	3	68	-9999.9	49	-9999.9	3	19.4	3
2025 05 17 08	0.19	0.18	4.5	4.6	7.2	0.3	-9999.9	3	68	-9999.9	48	-9999.9	3	19.6	3
2025 05 17 09	0.16	0.16	3.8	3.8	6.9	0.28	-9999.9	3	76	-9999.9	50	-9999.9	3	19.8	3
2025 05 17 10	0.17	0.16	4.2	4.4	7.1	0.26	-9999.9	3	72	-9999.9	46	-9999.9	3	19.8	3
2025 05 17 11	0.15	0.14	3.6	3.8	6.8	0.24	-9999.9	3	68	-9999.9	49	-9999.9	3	20.4	3
2025 05 17 12	0.16	0.16	4.0	4.0	6.8	0.26	-9999.9	3	72	-9999.9	49	-9999.9	3	21.3	3
2025 05 17 13	0.16	0.15	3.6	3.6	6.7	0.26	-9999.9	3	64	-9999.9	51	-9999.9	3	21.4	3
2025 05 17 14	0.17	0.16	2.4	2.9	7.0	0.32	-9999.9	3	53	-9999.9	50	-9999.9	3	21.1	3
2025 05 17 15	0.26	0.24	2.4	2.5	5.0	0.47	-9999.9	3	47	-9999.9	48	-9999.9	3	21.3	3
2025 05 17 16	0.35	0.34	2.8	2.9	3.3	0.62	-9999.9	3	50	-9999.9	47	-9999.9	3	21.5	3
2025 05 17 17	0.43	0.42	3.0	3.1	3.5	0.67	-9999.9	3	53	-9999.9	45	-9999.9	3	21.3	3
2025 05 17 18	0.62	0.59	3.5	3.5	4.3	1.1	-9999.9	3	48	-9999.9	46	-9999.9	3	21.6	3
2025 05 17 19	0.67	0.65	3.5	3.7	4.4	1.11	-9999.9	3	55	-9999.9	45	-9999.9	3	21.5	3
2025 05 17 20	0.71	0.68	3.6	3.7	4.8	1.03	-9999.9	3	60	-9999.9	44	-9999.9	3	21.5	3
2025 05 17 21	0.67	0.66	3.8	3.8	4.7	1.14	-9999.9	3	63	-9999.9	49	-9999.9	3	21.3	3
2025 05 17 22	0.67	0.66	3.9	3.9	4.8	1.13	-9999.9	3	71	-9999.9	48	-9999.9	3	21.0	3
2025 05 17 23	0.79	0.77	4.0	4.2	5.0	1.37	-9999.9	3	75	-9999.9	43	-9999.9	3	20.9	3
2025 05 18 00	0.68	0.66	3.9	4.0	5.1	1.17	-9999.9	3	72	-9999.9	46	-9999.9	3	20.6	3
2025 05 18 01	0.73	0.71	4.1	4.1	5.2	1.11	-9999.9	3	68	-9999.9	45	-9999.9	3	20.8	3
2025 05 18 02	0.73	0.7	4.0	4.0	5.1	1.23	-9999.9	3	70	-9999.9	44	-9999.9	3	20.5	3
2025 05 18 03	0.67	0.65	3.7	3.9	4.9	1.29	-9999.9	3	66	-9999.9	45	-9999.9	3	20.3	3
2025 05 18 04	0.63	0.63	3.8	3.7	4.8	1.14	-9999.9	3	64	-9999.9	48	-9999.9	3	20.0	3
2025 05 18 05	0.65	0.63	3.7	3.8	4.8	0.91	-9999.9	3	62	-9999.9	44	-9999.9	3	19.9	3
2025 05 18 06	0.59	0.57	3.6	3.7	4.6	0.91	-9999.9	3	62	-9999.9	50	-9999.9	3	19.9	3
2025 05 18 07	0.64	0.62	3.7	3.8	4.9	0.9	-9999.9	3	62	-9999.9	49	-9999.9	3	19.9	3
2025 05 18 08	0.69	0.68	3.9	3.9	4.8	1.01	-9999.9	3	58	-9999.9	47	-9999.9	3	20.2	3
2025 05 18 09	0.75	0.73	3.8	4.0	5.0	1.1	-9999.9	3	55	-9999.9	47	-9999.9	3	20.0	3
2025 05 18 10	0.89	0.87	4.1	4.1	5.1	1.31	-9999.9	3	53	-9999.9	42	-9999.9	3	20.1	3
2025 05 18 11	0.82	0.79	3.8	4.0	5.3	1.37	-9999.9	3	58	-9999.9	50	-9999.9	3	20.3	3
2025 05 18 12	0.87	0.85	4.1	4.1	5.2	1.27	-9999.9	3	51	-9999.9	44	-9999.9	3	20.6	3
2025 05 18 13	0.94	0.92	4.2	4.3	5.5	1.54	-9999.9	3	50	-9999.9	40	-9999.9	3	20.6	3
2025 05 18 14	0.97	0.95	4.2	4.3	5.6	1.43	-9999.9	3	53	-9999.9	43	-9999.9	3	20.6	3
2025 05 18 15	0.97	0.96	4.1	4.2	5.5	1.6	-9999.9	3	53	-9999.9	39	-9999.9	3	20.9	3
2025 05 18 16	0.97	0.95	4.1	4.2	5.7	1.74	-9999.9	3	53	-9999.9	44	-9999.9	3	21.0	3
2025 05 18 17	0.84	0.82	4.1	4.0	5.6	1.25	-9999.9	3	54	-9999.9	46	-9999.9	3	20.8	3
2025 05 18 18	0.84	0.8	3.9	4.0	5.5	1.66	-9999.9	3	52	-9999.9	45	-9999.9	3	20.7	3
2025 05 18 19	0.8	0.8	4.2	4.2	5.4	1.46	-9999.9	3	54	-9999.9	45	-9999.9	3	20.6	3
2025 05 18 20	0.65	0.64	4.1	4.1	5.4	1.05	-9999.9	3	49	-9999.9	48	-9999.9	3	20.6	3
2025 05 18 21	0.62	0.6	4.3	4.3	5.4	0.95	-9999.9	3	53	-9999.9	47	-9999.9	3	20.5	3
2025 05 18 22	0.62	0.61	4.4	4.4	5.4	0.93	-9999.9	3	43	-9999.9	46	-9999.9	3	20.4	3
2025 05 18 23	0.63	0.61	4.3	4.4	5.3	1.14	-9999.9	3	39	-9999.9	43	-9999.9	3	20.5	3
2025 05 19 00	0.65	0.64	4.5	4.5	5.5	1.02	-9999.9	3	39	-9999.9	44	-9999.9	3	20.4	3
2025 05 19 01	0.64	0.63	4.4	4.4	5.4	1.3	-9999.9	3	46	-9999.9	44	-9999.9	3	20.5	3
2025 05 19 02	0.57	0.56	4.2	4.3	5.3	1.31	-9999.9	3	45	-9999.9	46	-9999.9	3	20.5	3
2025 05 19 03	0.61	0.59	4.2	4.3	5.2	1.07	-9999.9	3	54	-9999.9	43	-9999.9	3	20.4	3
2025 05 19 04	0.6	0.59	4.4	4.3	5.2	0.97	-9999.9	3	48	-9999.9	43	-9999.9	3	20.2	3
2025 05 19 05	0.58	0.57	3.7	4.0	5.3	1.01	-9999.9	3	54	-9999.9	41	-9999.9	3	20.0	3
2025 05 19 06	0.45	0.44	3.5	3.8	5.0	0.76	-9999.9	3	58	-9999.9	49	-9999.9	3	19.6	3
2025 05 19 07	0.43	0.43	3.5	3.8	5.1	0.77	-9999.9	3	52	-9999.9	47	-9999.9	3	19.3	3
2025 05 19 08	0.38	0.38	3.2	3.7	5.2	0.72	-9999.9	3	61	-9999.9	47	-9999.9	3	19.4	3
2025 05 19 09	0.35	0.34	2.5	3.1	5.2	0.56	-9999.9	3	46	-9999.9	45	-9999.9	3	19.4	3
2025 05 19 10	0.34	0.34	2.3	2.5	4.9	0.64	-9999.9	3	15	-9999.9	43	-9999.9	3	19.4	3
2025 05 19 11	0.33	0.33	2.3	2.5	5.2	0.57	-9999.9	3	12	-9999.9	44	-9999.9	3	19.3	3
2025 05 19 12	0.35	0.34	2.1	2.3	3.0	0.6	-9999.9	3	353	-9999.9	42	-9999.9	3	19.3	3
2025 05 19 13	0.25	0.24	2.3	2.7	5.9	0.43	-9999.9	3	34	-9999.9	49	-9999.9	3	19.3	3
2025 05 19 14	0.21	0.22	2.8	3.9	6.0	0.4	-9999.9	3	51	-9999.9	51	-9999.9	3	19.3	3
2025 05 19 15	0.25	0.24	3.0	3.5	5.6	0.41	-9999.9	3	39	-9999.9	42	-9999.9	3	19.3	3
2025 05 19 16	0.23	0.22	2.3	2.9	5.5	0.4	-9999.9	3	32	-9999.9	46	-9999.9	3	19.2	3
2025 05 19 17	0.22	0.23	2.2	2.7	5.7	0.37	-9999.9	3	25	-9999.9	47	-9999.9	3	19.1	3
2025 05 19 18	0.25	0.26	2.2	2.5	5.9	0.41	-9999.9	3	16	-9999.9	48	-9999.9	3	18.8	3
2025 05 19 19	0.21	0.21	2.2	2.5	4.9	0.35	-9999.9	3	25	-9999.9	53	-9999.9	3	18.7	3
2025 05 19 20	0.15	0.15	2.5	3.0	5.9	0.25	-9999.9	3	39	-9999.9	55	-9999.9	3	19.0	3
2025 05 19 21	0.14	0.14	2.6	3.0	5.6	0.26	-9999.9	3	49	-9999.9	55	-9999.9	3	19.0	3
2025 05 19 22	0.14	0.14	2.6	3.1	5.9	0.24	-9999.9	3	61	-9999.9	54	-9999.9	3	19.2	3
2025 05 19 23	0.15	0.14	3.3	3.6	5.6	0.22	-9999.9	3	66	-9999.9	52	-9999.9	3	19.1	3
2025 05 20 00	0.15	0.14	3.4	3.4	5.5	0.22	-9999.9	3	74	-9999.9	57	-9999.9	3	19.0	3
2025 05 20 01	0.13	0.13	3.5	3.7	5.3	0.21	-9999.9	3	59	-9999.9	56	-9999.9	3	19.1	3
2025 05 20 02	0.12	0.12	3.4	3.9	5.8	0.21	-9999.9	3	61	-9999.9	53	-9999.9	3	19.1	3
2025 05 20 03	0.13	0.15	2.1	3.0	5.7	0.26	-9999.9	3	54	-9999.9	56	-9999.9	3	19.0	3
2025 05 20 04	0.18	0.18	2.2	2.4	3.1	0.31	-9999.9	3	6	-9999.9	40	-9999.9	3	19.0	3
2025 05 20 05	0.16	0.15	2.5	2.7	5.7	0.24	-9999.9	3	26	-9999.9	51	-9999.9	3	19.0	3
2025 05 20 06	0.15	0.14	2.5	3.1	5.8	0.24	-9999.9	3	37	-9999.9	55	-9999.9	3	19.0	3
2025 05 20 07	0.2	0.2	2.3	2.9	6.9	0.39	-9999.9	3	23	-9999.9	53	-9999.9	3	19.0	3
2025 05 20 08	0.16	0.17	2.1	2.9	5.8	0.32	-9999.9	3	45	-9999.9	56	-9999.9	3	19.0	3
2025 05 20 09	0.15	0.15	2.5	3.5	5.6	0.28	-9999.9	3	62	-9999.9	56	-9999.9	3	19.0	3
2025 05 20 10	0.2	0.2	2.3	3.2	5.6	0.41	-9999.9	3	46	-9999.9	50	-9999.9	3	19.1	3
2025 05 20 11	0.15	0.15	2.8	3.4	5.3	0.25	-9999.9	3	53	-9999.9	58	-9999.9	3	19.3	3
2025 05 20 12	0.17	0.17	2.7	3.0	5.2	0.31	-9999.9	3	52	-9999.9	55	-9999.9	3	19.7	3
2025 05 20 13	0.19	0.19	2.4	2.6	4.9	0.36	-9999.9	3	42	-9999.9	63	-9999.9	3	20.3	3
2025 05 20 14	0.28	0.29	2.0	2.2	2.1	0.52	-9999.9	3	33	-9999.9	57	-9999.9	3	20.2	3
2025 05 20 15	0.29	0.29	2.0	2.2	1.9	0.47	-9999.9	3	28	-9999.9	64	-9999.9	3	20.0	3
2025 05 20 16	0.19	0.19	2.1	2.5	2.8	0.42	-9999.9	3	52	-9999.9	62	-9999.9	3	20.0	3
2025 05 20 17	0.16	0.16	2.9	3.2	4.7	0.26	-9999.9	3	71	-9999.9	61	-9999.9	3	20.4	3
2025 05 20 18	0.16	0.15	3.1	3.3	4.9	0.3	-9999.9	3	79	-9999.9	59	-9999.9	3	20.3	3
2025 05 20 19	0.17	0.16	3.1	3.1	4.9	0.29	-9999.9	3	79	-9999.9	58	-9999.9	3	20.0	3
2025 05 20 20	0.14	0.13	3.0	3.1	5.5	0.22	-9999.9	3	74	-9999.9	55	-9999.9	3	19.9	3
2025 05 20 21	0.14	0.13	3.4	3.5	5.3	0.24	-9999.9	3	70	-9999.9	52	-9999.9	3	19.8	3
2025 05 20 22	0.14	0.13	3.1	3.0	5.3	0.21	-9999.9	3	72	-9999.9	51	-9999.9	3	19.8	3
2025 05 20 23	0.13	0.12	3.1	3.2	5.4	0.19	-9999.9	3	65	-9999.9	54	-9999.9	3	19.9	3
2025 05 21 00	0.13	0.12	3.0	3.1	4.9	0.25	-9999.9	3	73	-9999.9	50	-9999.9	3	19.8	3
2025 05 21 01	0.11	0.11	3.3	3.4	5.3	0.18	-9999.9	3	66	-9999.9	52	-9999.9	3	19.8	3
2025 05 21 02	0.11	0.11	3.4	3.6	5.4	0.18	-9999.9	3	60	-9999.9	51	-9999.9	3	19.8	3
2025 05 21 03	0.12	0.11	3.2	3.3	5.4	0.18	-9999.9	3	55	-9999.9	52	-9999.9	3	19.8	3
2025 05 21 04	0.13	0.12	3.4	3.4	5.3	0.21	-9999.9	3	46	-9999.9	50	-9999.9	3	19.8	3
2025 05 21 05	0.14	0.13	3.1	3.0	5.4	0.23	-9999.9	3	61	-9999.9	49	-9999.9	3	19.8	3
2025 05 21 06	0.13	0.13	3.7	3.5	5.7	0.22	-9999.9	3	52	-9999.9	48	-9999.9	3	19.9	3
2025 05 21 07	0.12	0.11	3.4	3.8	5.7	0.19	-9999.9	3	53	-9999.9	50	-9999.9	3	19.9	3
2025 05 21 08	0.14	0.13	3.1	3.3	5.3	0.2	-9999.9	3	62	-9999.9	56	-9999.9	3	20.1	3
2025 05 21 09	0.13	0.13	3.9	3.8	5.6	0.2	-9999.9	3	54	-9999.9	49	-9999.9	3	20.5	3
2025 05 21 10	0.13	0.13	3.9	3.8	5.9	0.21	-9999.9	3	60	-9999.9	49	-9999.9	3	20.3	3
2025 05 21 11	0.14	0.14	4.2	4.3	6.0	0.24	-9999.9	3	59	-9999.9	49	-9999.9	3	20.6	3
2025 05 21 12	0.15	0.15	3.8	4.2	5.9	0.23	-9999.9	3	63	-9999.9	46	-9999.9	3	20.8	3
2025 05 21 13	0.16	0.16	2.8	4.2	6.8	0.27	-9999.9	3	64	-9999.9	54	-9999.9	3	21.2	3
2025 05 21 14	0.21	0.22	2.1	2.5	3.7	0.35	-9999.9	3	49	-9999.9	54	-9999.9	3	21.3	3
2025 05 21 15	0.24	0.23	2.3	2.5	5.4	0.42	-9999.9	3	51	-9999.9	55	-9999.9	3	21.2	3
2025 05 21 16	0.27	0.24	2.5	2.8	6.8	0.46	-9999.9	3	61	-9999.9	57	-9999.9	3	21.2	3
2025 05 21 17	0.28	0.27	2.7	2.9	6.5	0.48	-9999.9	3	65	-9999.9	51	-9999.9	3	21.2	3
2025 05 21 18	0.33	0.32	3.1	3.0	4.4	0.54	-9999.9	3	65	-9999.9	48	-9999.9	3	21.9	3
2025 05 21 19	0.35	0.32	2.9	3.1	4.1	0.6	-9999.9	3	64	-9999.9	48	-9999.9	3	21.6	3
2025 05 21 20	0.33	0.31	3.1	3.0	3.2	0.53	-9999.9	3	73	-9999.9	46	-9999.9	3	21.3	3
2025 05 21 21	0.32	0.3	3.0	3.1	4.5	0.5	-9999.9	3	69	-9999.9	47	-9999.9	3	20.9	3
2025 05 21 22	0.32	0.31	3.0	3.1	3.2	0.54	-9999.9	3	68	-9999.9	46	-9999.9	3	20.9	3
2025 05 21 23	0.29	0.28	3.1	3.2	4.1	0.48	-9999.9	3	72	-9999.9	46	-9999.9	3	20.9	3
2025 05 22 00	0.26	0.25	3.3	3.4	6.1	0.4	-9999.9	3	67	-9999.9	48	-9999.9	3	20.9	3
2025 05 22 01	0.27	0.26	3.7	3.8	6.7	0.38	-9999.9	3	70	-9999.9	47	-9999.9	3	20.9	3
2025 05 22 02	0.24	0.23	3.5	3.6	6.2	0.38	-9999.9	3	66	-9999.9	52	-9999.9	3	20.8	3
2025 05 22 03	0.25	0.24	3.9	3.9	6.6	0.36	-9999.9	3	61	-9999.9	49	-9999.9	3	20.9	3
2025 05 22 04	0.24	0.22	3.5	3.7	6.6	0.4	-9999.9	3	62	-9999.9	53	-9999.9	3	20.8	3
2025 05 22 05	0.23	0.21	3.6	3.8	6.5	0.35	-9999.9	3	54	-9999.9	50	-9999.9	3	20.5	3
2025 05 22 06	0.25	0.24	3.8	3.7	6.3	0.36	-9999.9	3	64	-9999.9	49	-9999.9	3	20.3	3
2025 05 22 07	0.25	0.24	4.2	4.2	6.4	0.37	-9999.9	3	61	-9999.9	51	-9999.9	3	20.4	3
2025 05 22 08	0.26	0.25	4.0	3.9	6.1	0.39	-9999.9	3	52	-9999.9	49	-9999.9	3	20.6	3
2025 05 22 09	0.23	0.22	3.6	3.8	6.2	0.37	-9999.9	3	60	-9999.9	50	-9999.9	3	20.9	3
2025 05 22 10	0.21	0.21	3.7	3.7	6.0	0.3	-9999.9	3	63	-9999.9	51	-9999.9	3	21.6	3
2025 05 22 11	0.23	0.22	3.8	3.9	6.0	0.35	-9999.9	3	60	-9999.9	46	-9999.9	3	21.0	3
2025 05 22 12	0.19	0.18	3.5	3.6	6.1	0.32	-9999.9	3	59	-9999.9	51	-9999.9	3	21.9	3
2025 05 22 13	0.21	0.21	3.9	3.7	6.1	0.47	-9999.9	3	67	-9999.9	45	-9999.9	3	22.5	3
2025 05 22 14	0.2	0.19	3.3	3.6	5.9	0.37	-9999.9	3	67	-9999.9	48	-9999.9	3	22.3	3
2025 05 22 15	0.19	0.19	2.8	3.6	5.8	0.36	-9999.9	3	56	-9999.9	49	-9999.9	3	23.0	3
2025 05 22 16	0.21	0.2	2.4	2.7	5.7	0.32	-9999.9	3	44	-9999.9	56	-9999.9	3	22.1	3
2025 05 22 17	0.19	0.19	2.8	3.2	5.8	0.33	-9999.9	3	58	-9999.9	50	-9999.9	3	21.9	3
2025 05 22 18	0.18	0.18	3.0	3.3	5.8	0.32	-9999.9	3	55	-9999.9	49	-9999.9	3	21.4	3
2025 05 22 19	0.18	0.18	3.1	3.2	5.6	0.28	-9999.9	3	62	-9999.9	51	-9999.9	3	22.0	3
2025 05 22 20	0.17	0.16	3.7	3.8	5.9	0.28	-9999.9	3	59	-9999.9	50	-9999.9	3	21.8	3
2025 05 22 21	0.17	0.16	3.9	3.9	5.7	0.25	-9999.9	3	64	-9999.9	46	-9999.9	3	21.6	3
2025 05 22 22	0.16	0.15	3.8	4.0	5.7	0.25	-9999.9	3	63	-9999.9	46	-9999.9	3	21.5	3
2025 05 22 23	0.15	0.15	3.3	3.6	4.6	0.26	-9999.9	3	66	-9999.9	47	-9999.9	3	21.0	3
2025 05 23 00	0.15	0.15	3.1	3.4	5.3	0.26	-9999.9	3	69	-9999.9	47	-9999.9	3	20.7	3
2025 05 23 01	0.16	0.15	2.6	2.8	5.5	0.26	-9999.9	3	63	-9999.9	47	-9999.9	3	20.5	3
2025 05 23 02	0.17	0.16	2.7	2.8	5.1	0.28	-9999.9	3	60	-9999.9	47	-9999.9	3	20.5	3
2025 05 23 03	0.19	0.17	2.9	3.0	5.7	0.3	-9999.9	3	62	-9999.9	46	-9999.9	3	20.5	3
2025 05 23 04	0.17	0.17	3.0	3.1	4.4	0.3	-9999.9	3	63	-9999.9	54	-9999.9	3	20.9	3
2025 05 23 05	0.2	0.19	2.2	2.5	4.1	0.32	-9999.9	3	70	-9999.9	52	-9999.9	3	21.0	3
2025 05 23 06	0.31	0.3	2.2	2.4	2.4	0.57	-9999.9	3	67	-9999.9	49	-9999.9	3	20.8	3
2025 05 23 07	0.52	0.51	2.7	2.8	3.4	0.92	-9999.9	3	54	-9999.9	48	-9999.9	3	20.6	3
2025 05 23 08	0.68	0.67	3.1	3.2	4.3	1.28	-9999.9	3	49	-9999.9	46	-9999.9	3	20.6	3
2025 05 23 09	0.79	0.76	3.2	3.4	4.8	1.38	-9999.9	3	49	-9999.9	42	-9999.9	3	20.5	3
2025 05 23 10	0.83	0.81	3.3	3.3	5.1	1.19	-9999.9	3	54	-9999.9	44	-9999.9	3	20.6	3
2025 05 23 11	1.02	0.97	3.4	3.4	4.9	1.69	-9999.9	3	56	-9999.9	41	-9999.9	3	20.6	3
2025 05 23 12	1.13	1.09	3.6	3.6	5.3	2.22	-9999.9	3	53	-9999.9	45	-9999.9	3	20.7	3
2025 05 23 13	1.49	1.41	3.9	4.0	5.6	2.54	-9999.9	3	53	-9999.9	41	-9999.9	3	20.6	3
2025 05 23 14	1.67	1.6	4.3	4.4	6.4	2.35	-9999.9	3	56	-9999.9	43	-9999.9	3	20.6	3
2025 05 23 15	1.73	1.67	4.8	4.7	6.9	2.97	-9999.9	3	58	-9999.9	41	-9999.9	3	20.7	3
2025 05 23 16	1.65	1.58	4.8	4.6	6.7	2.45	-9999.9	3	62	-9999.9	40	-9999.9	3	20.7	3
2025 05 23 17	1.57	1.51	4.8	4.7	7.2	2.59	-9999.9	3	60	-9999.9	45	-9999.9	3	20.7	3
2025 05 23 18	1.59	1.57	4.9	5.0	7.2	2.74	-9999.9	3	55	-9999.9	39	-9999.9	3	20.7	3
2025 05 23 19	1.49	1.44	5.0	5.0	7.0	2.33	-9999.9	3	58	-9999.9	45	-9999.9	3	20.7	3
2025 05 23 20	1.23	1.16	4.5	4.8	6.7	2.1	-9999.9	3	55	-9999.9	39	-9999.9	3	20.7	3
2025 05 23 21	1.25	1.22	4.7	4.8	6.8	2.06	-9999.9	3	56	-9999.9	40	-9999.9	3	20.7	3
2025 05 23 22	1.17	1.14	4.7	4.8	6.6	2.04	-9999.9	3	57	-9999.9	43	-9999.9	3	20.7	3
2025 05 23 23	0.99	0.97	4.3	4.4	6.4	1.54	-9999.9	3	60	-9999.9	45	-9999.9	3	20.6	3
2025 05 24 00	0.91	0.86	3.8	4.1	6.4	1.36	-9999.9	3	60	-9999.9	47	-9999.9	3	20.5	3
2025 05 24 01	0.89	0.84	4.1	4.2	6.4	1.39	-9999.9	3	62	-9999.9	45	-9999.9	3	20.6	3
2025 05 24 02	0.91	0.87	4.2	4.2	6.1	1.53	-9999.9	3	60	-9999.9	40	-9999.9	3	20.6	3
2025 05 24 03	0.83	0.79	4.0	4.1	6.3	1.39	-9999.9	3	64	-9999.9	43	-9999.9	3	20.5	3
2025 05 24 04	0.94	0.91	4.2	4.2	6.5	1.6	-9999.9	3	62	-9999.9	40	-9999.9	3	20.5	3
2025 05 24 05	0.98	0.93	4.2	4.3	6.8	1.35	-9999.9	3	63	-9999.9	43	-9999.9	3	20.4	3
2025 05 24 06	1.21	1.17	5.1	4.9	7.7	2.0	-9999.9	3	59	-9999.9	47	-9999.9	3	20.4	3
2025 05 24 07	1.43	1.38	5.4	5.5	8.4	2.22	-9999.9	3	61	-9999.9	37	-9999.9	3	20.4	3
2025 05 24 08	1.47	1.4	5.2	5.3	8.5	2.64	-9999.9	3	57	-9999.9	41	-9999.9	3	20.4	3
2025 05 24 09	1.47	1.43	5.4	5.4	8.4	2.83	-9999.9	3	55	-9999.9	39	-9999.9	3	20.5	3
2025 05 24 10	1.38	1.33	5.4	5.3	7.8	2.4	-9999.9	3	58	-9999.9	41	-9999.9	3	20.6	3
2025 05 24 11	1.25	1.2	5.5	5.3	7.9	2.02	-9999.9	3	60	-9999.9	41	-9999.9	3	20.8	3
2025 05 24 12	1.28	1.26	5.2	5.5	8.0	2.34	-9999.9	3	60	-9999.9	40	-9999.9	3	20.9	3
2025 05 24 13	1.33	1.29	5.6	5.6	8.0	2.14	-9999.9	3	60	-9999.9	37	-9999.9	3	21.1	3
2025 05 24 14	0.99	0.96	5.0	4.8	7.8	1.38	-9999.9	3	68	-9999.9	48	-9999.9	3	21.2	3
2025 05 24 15	1.01	0.96	4.8	4.9	7.9	1.71	-9999.9	3	63	-9999.9	44	-9999.9	3	21.3	3
2025 05 24 16	0.99	0.95	4.9	4.9	7.8	1.41	-9999.9	3	69	-9999.9	41	-9999.9	3	21.5	3
2025 05 24 17	0.89	0.86	4.6	4.7	7.3	1.55	-9999.9	3	66	-9999.9	43	-9999.9	3	21.4	3
2025 05 24 18	0.98	0.96	5.0	5.1	7.5	1.63	-9999.9	3	63	-9999.9	36	-9999.9	3	21.3	3
2025 05 24 19	0.84	0.82	4.9	4.8	7.2	1.25	-9999.9	3	64	-9999.9	40	-9999.9	3	21.2	3
2025 05 24 20	0.82	0.78	4.6	4.7	7.2	1.45	-9999.9	3	62	-9999.9	44	-9999.9	3	21.3	3
2025 05 24 21	0.82	0.79	4.7	4.8	7.0	1.35	-9999.9	3	63	-9999.9	41	-9999.9	3	21.2	3
2025 05 24 22	0.71	0.69	4.3	4.6	7.0	1.11	-9999.9	3	65	-9999.9	43	-9999.9	3	21.1	3
2025 05 24 23	0.74	0.72	4.4	4.7	6.8	1.25	-9999.9	3	64	-9999.9	40	-9999.9	3	20.9	3
2025 05 25 00	0.7	0.68	4.7	4.5	6.7	1.15	-9999.9	3	66	-9999.9	42	-9999.9	3	20.8	3
2025 05 25 01	0.63	0.61	4.1	4.2	6.5	1.19	-9999.9	3	66	-9999.9	45	-9999.9	3	20.7	3
2025 05 25 02	0.6	0.57	4.0	4.2	6.5	0.91	-9999.9	3	68	-9999.9	41	-9999.9	3	20.4	3
2025 05 25 03	0.52	0.49	3.9	4.0	6.3	0.7	-9999.9	3	74	-9999.9	46	-9999.9	3	20.4	3
2025 05 25 04	0.5	0.48	4.1	4.2	6.4	0.83	-9999.9	3	69	-9999.9	42	-9999.9	3	20.4	3
2025 05 25 05	0.49	0.47	4.0	4.3	6.2	0.96	-9999.9	3	70	-9999.9	43	-9999.9	3	20.3	3
2025 05 25 06	0.47	0.46	4.3	4.3	6.2	0.69	-9999.9	3	65	-9999.9	43	-9999.9	3	20.4	3
2025 05 25 07	0.46	0.44	4.3	4.3	5.9	0.73	-9999.9	3	62	-9999.9	42	-9999.9	3	20.5	3
2025 05 25 08	0.44	0.42	4.5	4.4	5.9	0.63	-9999.9	3	60	-9999.9	42	-9999.9	3	20.6	3
2025 05 25 09	0.41	0.39	4.2	4.3	5.8	0.71	-9999.9	3	62	-9999.9	45	-9999.9	3	20.7	3
2025 05 25 10	0.4	0.38	4.0	4.1	5.7	0.64	-9999.9	3	59	-9999.9	45	-9999.9	3	21.2	3
2025 05 25 11	0.38	0.37	3.8	4.0	5.4	0.6	-9999.9	3	61	-9999.9	44	-9999.9	3	21.3	3
2025 05 25 12	0.37	0.36	3.9	4.0	5.4	0.56	-9999.9	3	61	-9999.9	45	-9999.9	3	21.2	3
2025 05 25 13	0.37	0.35	3.3	3.6	5.2	0.59	-9999.9	3	66	-9999.9	47	-9999.9	3	21.5	3
2025 05 25 14	0.33	0.32	3.2	3.3	5.6	0.49	-9999.9	3	72	-9999.9	50	-9999.9	3	22.2	3
2025 05 25 15	0.35	0.32	3.0	3.1	4.7	0.53	-9999.9	3	75	-9999.9	51	-9999.9	3	22.0	3
2025 05 25 16	0.31	0.29	2.9	3.0	5.1	0.45	-9999.9	3	65	-9999.9	50	-9999.9	3	22.1	3
2025 05 25 17	0.31	0.29	2.9	3.0	4.5	0.48	-9999.9	3	62	-9999.9	49	-9999.9	3	22.3	3
2025 05 25 18	0.31	0.3	3.0	3.1	3.5	0.46	-9999.9	3	62	-9999.9	50	-9999.9	3	22.1	3
2025 05 25 19	0.32	0.3	3.2	3.4	4.2	0.5	-9999.9	3	61	-9999.9	52	-9999.9	3	22.0	3
2025 05 25 20	0.29	0.28	3.6	3.6	5.3	0.44	-9999.9	3	56	-9999.9	50	-9999.9	3	22.1	3
2025 05 25 21	0.3	0.28	3.7	3.7	5.5	0.48	-9999.9	3	64	-9999.9	50	-9999.9	3	22.1	3
2025 05 25 22	0.28	0.26	3.6	3.7	4.8	0.5	-9999.9	3	60	-9999.9	47	-9999.9	3	21.8	3
2025 05 25 23	0.3	0.28	3.8	3.9	4.8	0.52	-9999.9	3	59	-9999.9	46	-9999.9	3	21.6	3
2025 05 26 00	0.29	0.27	3.9	3.8	4.7	0.46	-9999.9	3	60	-9999.9	49	-9999.9	3	21.2	3
2025 05 26 01	0.27	0.26	3.6	3.7	4.7	0.4	-9999.9	3	57	-9999.9	52	-9999.9	3	21.0	3
2025 05 26 02	0.27	0.26	3.9	3.8	6.8	0.43	-9999.9	3	64	-9999.9	49	-9999.9	3	21.0	3
2025 05 26 03	0.26	0.24	3.6	3.8	7.1	0.38	-9999.9	3	66	-9999.9	49	-9999.9	3	21.0	3
2025 05 26 04	0.24	0.23	3.8	3.8	7.6	0.36	-9999.9	3	73	-9999.9	50	-9999.9	3	20.7	3
2025 05 26 05	0.24	0.23	3.6	3.8	7.3	0.35	-9999.9	3	74	-9999.9	50	-9999.9	3	20.7	3
2025 05 26 06	0.23	0.21	3.9	4.1	7.6	0.31	-9999.9	3	66	-9999.9	50	-9999.9	3	20.7	3
2025 05 26 07	0.23	0.22	4.0	4.0	7.2	0.33	-9999.9	3	64	-9999.9	49	-9999.9	3	20.7	3
2025 05 26 08	0.23	0.22	3.9	4.0	7.4	0.42	-9999.9	3	67	-9999.9	48	-9999.9	3	20.9	3
2025 05 26 09	0.21	0.2	3.7	3.8	7.1	0.34	-9999.9	3	60	-9999.9	54	-9999.9	3	21.6	3
2025 05 26 10	0.21	0.2	3.7	3.7	6.9	0.35	-9999.9	3	54	-9999.9	50	-9999.9	3	21.9	3
2025 05 26 11	0.2	0.19	3.6	3.6	6.3	0.3	-9999.9	3	56	-9999.9	54	-9999.9	3	22.1	3
2025 05 26 12	0.22	0.21	3.5	3.5	6.6	0.32	-9999.9	3	68	-9999.9	51	-9999.9	3	22.3	3
2025 05 26 13	0.2	0.19	3.6	3.8	6.4	0.34	-9999.9	3	54	-9999.9	47	-9999.9	3	22.4	3
2025 05 26 14	0.21	0.2	3.6	3.7	6.4	0.34	-9999.9	3	57	-9999.9	44	-9999.9	3	22.7	3
2025 05 26 15	0.2	0.2	3.5	3.7	5.5	0.32	-9999.9	3	61	-9999.9	47	-9999.9	3	22.7	3
2025 05 26 16	0.19	0.18	3.7	3.9	5.1	0.39	-9999.9	3	65	-9999.9	48	-9999.9	3	22.9	3
2025 05 26 17	0.2	0.19	3.6	3.7	5.0	0.35	-9999.9	3	67	-9999.9	54	-9999.9	3	22.7	3
2025 05 26 18	0.18	0.18	3.3	3.6	4.6	0.26	-9999.9	3	62	-9999.9	51	-9999.9	3	22.3	3
2025 05 26 19	0.2	0.19	3.3	3.5	4.3	0.41	-9999.9	3	59	-9999.9	49	-9999.9	3	22.0	3
2025 05 26 20	0.19	0.18	3.5	3.5	5.1	0.27	-9999.9	3	58	-9999.9	47	-9999.9	3	22.1	3
2025 05 26 21	0.18	0.17	3.7	3.6	4.4	0.34	-9999.9	3	59	-9999.9	49	-9999.9	3	22.1	3
2025 05 26 22	0.19	0.18	3.7	3.7	4.4	0.35	-9999.9	3	57	-9999.9	50	-9999.9	3	22.0	3
2025 05 26 23	0.21	0.21	3.7	3.9	5.1	0.33	-9999.9	3	50	-9999.9	47	-9999.9	3	21.9	3
2025 05 27 00	0.21	0.21	3.7	3.7	4.6	0.35	-9999.9	3	53	-9999.9	46	-9999.9	3	21.8	3
2025 05 27 01	0.23	0.22	3.8	3.9	4.3	0.41	-9999.9	3	49	-9999.9	44	-9999.9	3	21.7	3
2025 05 27 02	0.21	0.2	3.7	3.7	4.0	0.39	-9999.9	3	53	-9999.9	46	-9999.9	3	21.6	3
2025 05 27 03	0.21	0.2	3.4	3.5	3.9	0.38	-9999.9	3	56	-9999.9	45	-9999.9	3	21.3	3
2025 05 27 04	0.19	0.18	3.3	3.3	4.0	0.29	-9999.9	3	64	-9999.9	51	-9999.9	3	21.4	3
2025 05 27 05	0.19	0.18	3.1	3.2	4.1	0.29	-9999.9	3	63	-9999.9	51	-9999.9	3	21.0	3
2025 05 27 06	0.18	0.17	3.2	3.4	4.2	0.29	-9999.9	3	68	-9999.9	50	-9999.9	3	20.9	3
2025 05 27 07	0.19	0.19	2.9	3.2	3.9	0.32	-9999.9	3	63	-9999.9	50	-9999.9	3	21.1	3
2025 05 27 08	0.18	0.18	3.1	3.3	4.1	0.31	-9999.9	3	56	-9999.9	57	-9999.9	3	21.5	3
2025 05 27 09	0.23	0.22	3.2	3.3	3.7	0.55	-9999.9	3	80	-9999.9	55	-9999.9	3	22.0	3
2025 05 27 10	0.21	0.21	3.0	3.1	3.8	0.38	-9999.9	3	52	-9999.9	56	-9999.9	3	22.3	3
2025 05 27 11	0.22	0.21	3.0	3.0	3.8	0.38	-9999.9	3	55	-9999.9	55	-9999.9	3	22.9	3
2025 05 27 12	0.23	0.23	2.7	3.1	3.7	0.37	-9999.9	3	51	-9999.9	52	-9999.9	3	22.7	3
2025 05 27 13	0.26	0.25	2.4	2.5	3.6	0.44	-9999.9	3	48	-9999.9	51	-9999.9	3	22.5	3
2025 05 27 14	0.29	0.28	2.4	2.5	3.1	0.57	-9999.9	3	48	-9999.9	44	-9999.9	3	22.5	3
2025 05 27 15	0.29	0.28	2.4	2.5	2.8	0.46	-9999.9	3	49	-9999.9	44	-9999.9	3	22.8	3
2025 05 27 16	0.31	0.3	2.4	2.5	2.8	0.58	-9999.9	3	52	-9999.9	48	-9999.9	3	23.1	3
2025 05 27 17	0.4	0.38	2.7	2.8	3.5	0.64	-9999.9	3	53	-9999.9	48	-9999.9	3	22.7	3
2025 05 27 18	0.54	0.53	3.0	3.2	3.9	1.06	-9999.9	3	48	-9999.9	45	-9999.9	3	22.7	3
2025 05 27 19	0.55	0.53	3.0	3.0	4.1	1.07	-9999.9	3	56	-9999.9	45	-9999.9	3	22.6	3
2025 05 27 20	0.6	0.59	3.1	3.2	4.3	1.0	-9999.9	3	53	-9999.9	46	-9999.9	3	22.5	3
2025 05 27 21	0.63	0.61	3.3	3.4	4.4	1.07	-9999.9	3	50	-9999.9	46	-9999.9	3	22.4	3
2025 05 27 22	0.63	0.61	3.4	3.5	4.6	1.02	-9999.9	3	49	-9999.9	47	-9999.9	3	22.5	3
2025 05 27 23	0.66	0.66	3.8	3.9	4.8	1.05	-9999.9	3	43	-9999.9	44	-9999.9	3	22.3	3
2025 05 28 00	0.61	0.6	3.8	3.8	5.0	0.99	-9999.9	3	48	-9999.9	51	-9999.9	3	22.3	3
2025 05 28 01	0.73	0.72	3.9	4.1	5.1	1.23	-9999.9	3	47	-9999.9	43	-9999.9	3	22.1	3
2025 05 28 02	0.73	0.71	4.0	4.1	5.4	1.33	-9999.9	3	50	-9999.9	45	-9999.9	3	21.9	3
2025 05 28 03	0.75	0.71	3.9	4.1	5.6	1.14	-9999.9	3	59	-9999.9	46	-9999.9	3	21.9	3
2025 05 28 04	0.73	0.71	4.0	4.1	5.4	1.19	-9999.9	3	64	-9999.9	46	-9999.9	3	21.9	3
2025 05 28 05	0.71	0.7	4.2	4.2	5.5	1.25	-9999.9	3	68	-9999.9	43	-9999.9	3	21.9	3
2025 05 28 06	0.69	0.67	4.0	4.1	5.3	1.21	-9999.9	3	69	-9999.9	41	-9999.9	3	21.9	3
2025 05 28 07	0.65	0.64	3.7	3.9	5.4	1.09	-9999.9	3	69	-9999.9	42	-9999.9	3	21.9	3
2025 05 28 08	0.61	0.59	3.7	3.9	5.3	1.06	-9999.9	3	63	-9999.9	47	-9999.9	3	21.9	3
2025 05 28 09	0.59	0.58	3.9	3.9	5.4	1.03	-9999.9	3	61	-9999.9	43	-9999.9	3	21.8	3
2025 05 28 10	0.65	0.64	4.0	4.2	5.3	1.17	-9999.9	3	58	-9999.9	44	-9999.9	3	22.2	3
2025 05 28 11	0.67	0.65	4.1	4.2	5.4	1.07	-9999.9	3	51	-9999.9	39	-9999.9	3	22.2	3
2025 05 28 12	0.66	0.65	4.1	4.2	5.3	0.99	-9999.9	3	49	-9999.9	44	-9999.9	3	22.3	3
2025 05 28 13	0.65	0.63	3.8	4.0	5.3	1.2	-9999.9	3	56	-9999.9	47	-9999.9	3	22.6	3
2025 05 28 14	0.62	0.61	3.9	4.0	5.2	1.07	-9999.9	3	57	-9999.9	45	-9999.9	3	22.9	3
2025 05 28 15	0.57	0.55	3.7	3.8	5.0	0.9	-9999.9	3	63	-9999.9	50	-9999.9	3	22.9	3
2025 05 28 16	0.65	0.62	3.9	4.1	5.4	1.34	-9999.9	3	62	-9999.9	43	-9999.9	3	23.1	3
2025 05 28 17	0.67	0.66	3.9	4.1	5.7	1.05	-9999.9	3	66	-9999.9	45	-9999.9	3	23.1	3
2025 05 28 18	0.64	0.61	3.8	3.9	5.7	0.99	-9999.9	3	59	-9999.9	46	-9999.9	3	23.0	3
2025 05 28 19	0.66	0.64	3.9	3.9	5.7	1.04	-9999.9	3	61	-9999.9	41	-9999.9	3	22.9	3
2025 05 28 20	0.68	0.66	4.0	4.1	5.6	1.08	-9999.9	3	60	-9999.9	39	-9999.9	3	22.7	3
2025 05 28 21	0.64	0.63	4.0	4.0	5.5	0.99	-9999.9	3	59	-9999.9	41	-9999.9	3	21.5	3
2025 05 28 22	0.57	0.55	3.6	3.8	5.7	0.87	-9999.9	3	51	-9999.9	44	-9999.9	3	21.4	3
2025 05 28 23	0.6	0.59	4.1	4.0	5.8	0.9	-9999.9	3	51	-9999.9	43	-9999.9	3	22.1	3
2025 05 29 00	0.65	0.62	4.1	4.3	5.7	0.96	-9999.9	3	47	-9999.9	44	-9999.9	3	21.7	3
2025 05 29 01	0.61	0.59	4.2	4.2	5.8	1.04	-9999.9	3	44	-9999.9	45	-9999.9	3	21.8	3
2025 05 29 02	0.62	0.6	4.1	4.1	5.5	0.96	-9999.9	3	51	-9999.9	44	-9999.9	3	21.6	3
2025 05 29 03	0.65	0.64	4.4	4.3	5.7	0.96	-9999.9	3	58	-9999.9	39	-9999.9	3	21.4	3
2025 05 29 04	0.63	0.62	4.2	4.2	5.6	0.97	-9999.9	3	62	-9999.9	44	-9999.9	3	21.8	3
2025 05 29 05	0.65	0.64	4.2	4.3	5.4	1.0	-9999.9	3	61	-9999.9	43	-9999.9	3	21.9	3
2025 05 29 06	0.69	0.67	4.0	4.2	5.1	0.99	-9999.9	3	61	-9999.9	42	-9999.9	3	22.1	3
2025 05 29 07	0.57	0.56	3.9	4.0	5.2	1.09	-9999.9	3	58	-9999.9	45	-9999.9	3	22.1	3
2025 05 29 08	0.54	0.52	3.7	4.0	5.2	0.97	-9999.9	3	62	-9999.9	45	-9999.9	3	22.1	3
2025 05 29 09	0.53	0.52	3.8	4.0	5.5	0.94	-9999.9	3	54	-9999.9	40	-9999.9	3	22.2	3
2025 05 29 10	0.46	0.45	3.7	3.8	5.3	0.8	-9999.9	3	58	-9999.9	47	-9999.9	3	22.3	3
2025 05 29 11	0.51	0.5	3.8	4.0	5.3	0.81	-9999.9	3	53	-9999.9	46	-9999.9	3	22.5	3
2025 05 29 12	0.53	0.52	3.9	4.0	5.3	0.86	-9999.9	3	46	-9999.9	46	-9999.9	3	22.8	3
2025 05 29 13	0.51	0.5	4.0	4.0	5.2	1.02	-9999.9	3	53	-9999.9	49	-9999.9	3	23.1	3
2025 05 29 14	0.48	0.47	3.7	3.9	5.2	0.88	-9999.9	3	59	-9999.9	48	-9999.9	3	22.6	3
2025 05 29 15	0.47	0.46	3.7	3.8	5.2	0.82	-9999.9	3	61	-9999.9	47	-9999.9	3	23.5	3
2025 05 29 16	0.46	0.44	3.5	3.6	5.2	0.71	-9999.9	3	59	-9999.9	49	-9999.9	3	23.4	3
2025 05 29 17	0.48	0.47	3.5	3.6	5.1	0.8	-9999.9	3	57	-9999.9	48	-9999.9	3	24.1	3
2025 05 29 18	0.44	0.42	3.5	3.5	5.1	0.64	-9999.9	3	55	-9999.9	50	-9999.9	3	23.9	3
2025 05 29 19	0.45	0.44	3.3	3.6	4.8	0.74	-9999.9	3	59	-9999.9	48	-9999.9	3	23.4	3
2025 05 29 20	0.45	0.44	3.2	3.6	4.7	0.71	-9999.9	3	48	-9999.9	45	-9999.9	3	22.9	3
2025 05 29 21	0.46	0.45	3.3	3.6	4.8	0.78	-9999.9	3	38	-9999.9	42	-9999.9	3	21.7	3
2025 05 29 22	0.52	0.51	3.9	4.2	5.1	1.0	-9999.9	3	37	-9999.9	40	-9999.9	3	21.5	3
2025 05 29 23	0.59	0.58	4.4	4.3	5.0	0.95	-9999.9	3	41	-9999.9	41	-9999.9	3	21.6	3
2025 05 30 00	0.56	0.55	4.1	4.1	5.0	1.0	-9999.9	3	45	-9999.9	48	-9999.9	3	21.5	3
2025 05 30 01	0.68	0.66	3.9	3.9	5.0	1.0	-9999.9	3	51	-9999.9	41	-9999.9	3	21.4	3
2025 05 30 02	0.73	0.72	4.2	4.2	5.2	1.23	-9999.9	3	58	-9999.9	43	-9999.9	3	21.2	3
2025 05 30 03	0.72	0.69	3.9	4.0	5.0	1.4	-9999.9	3	60	-9999.9	46	-9999.9	3	21.1	3
2025 05 30 04	0.71	0.7	3.8	3.9	4.9	1.15	-9999.9	3	74	-9999.9	45	-9999.9	3	21.0	3
2025 05 30 05	0.66	0.65	3.8	3.7	4.8	1.07	-9999.9	3	73	-9999.9	44	-9999.9	3	21.0	3
2025 05 30 06	0.58	0.57	3.6	3.7	4.9	1.08	-9999.9	3	75	-9999.9	50	-9999.9	3	21.3	3
2025 05 30 07	0.53	0.52	3.5	3.6	4.6	0.83	-9999.9	3	71	-9999.9	48	-9999.9	3	21.2	3
2025 05 30 08	0.47	0.46	3.4	3.5	4.8	0.87	-9999.9	3	67	-9999.9	48	-9999.9	3	21.3	3
2025 05 30 09	0.42	0.41	3.5	3.5	4.6	0.66	-9999.9	3	63	-9999.9	48	-9999.9	3	21.7	3
2025 05 30 10	0.4	0.39	3.5	3.6	4.7	0.7	-9999.9	3	57	-9999.9	45	-9999.9	3	21.8	3
2025 05 30 11	0.36	0.36	3.5	3.6	4.5	0.64	-9999.9	3	62	-9999.9	49	-9999.9	3	21.7	3
2025 05 30 12	0.34	0.33	3.4	3.6	4.7	0.61	-9999.9	3	59	-9999.9	49	-9999.9	3	22.9	3
2025 05 30 13	0.35	0.34	3.8	3.7	4.7	0.6	-9999.9	3	63	-9999.9	48	-9999.9	3	23.4	3
2025 05 30 14	0.34	0.33	3.4	3.6	4.8	0.52	-9999.9	3	64	-9999.9	49	-9999.9	3	23.3	3
2025 05 30 15	0.34	0.33	3.2	3.5	4.7	0.53	-9999.9	3	61	-9999.9	53	-9999.9	3	23.4	3
2025 05 30 16	0.35	0.34	3.3	3.5	4.6	0.61	-9999.9	3	58	-9999.9	48	-9999.9	3	23.5	3
2025 05 30 17	0.36	0.35	3.3	3.5	4.5	0.59	-9999.9	3	66	-9999.9	49	-9999.9	3	23.6	3
2025 05 30 18	0.38	0.37	3.6	3.6	5.2	0.69	-9999.9	3	61	-9999.9	48	-9999.9	3	23.4	3
2025 05 30 19	0.39	0.38	3.3	3.4	4.3	0.65	-9999.9	3	58	-9999.9	44	-9999.9	3	23.6	3
2025 05 30 20	0.38	0.37	3.4	3.4	4.3	0.71	-9999.9	3	56	-9999.9	48	-9999.9	3	23.3	3
2025 05 30 21	0.38	0.37	3.3	3.5	4.4	0.69	-9999.9	3	55	-9999.9	47	-9999.9	3	22.7	3
2025 05 30 22	0.38	0.37	3.4	3.5	4.3	0.59	-9999.9	3	52	-9999.9	43	-9999.9	3	21.9	3
2025 05 30 23	0.34	0.33	3.4	3.4	4.0	0.56	-9999.9	3	52	-9999.9	48	-9999.9	3	22.1	3
2025 05 31 00	0.33	0.33	3.4	3.4	4.2	0.53	-9999.9	3	53	-9999.9	50	-9999.9	3	21.6	3
2025 05 31 01	0.35	0.34	3.5	3.6	4.3	0.57	-9999.9	3	53	-9999.9	44	-9999.9	3	21.2	3
2025 05 31 02	0.32	0.3	3.4	3.5	4.2	0.44	-9999.9	3	54	-9999.9	46	-9999.9	3	21.1	3
2025 05 31 03	0.34	0.34	3.3	3.4	4.1	0.54	-9999.9	3	64	-9999.9	51	-9999.9	3	21.0	3
2025 05 31 04	0.37	0.36	3.5	3.5	4.1	0.62	-9999.9	3	57	-9999.9	48	-9999.9	3	22.1	3
2025 05 31 05	0.39	0.38	3.3	3.4	4.2	0.71	-9999.9	3	63	-9999.9	48	-9999.9	3	22.1	3
2025 05 31 06	0.35	0.35	3.2	3.3	4.1	0.7	-9999.9	3	66	-9999.9	47	-9999.9	3	21.8	3
2025 05 31 07	0.33	0.32	3.3	3.3	4.1	0.51	-9999.9	3	73	-9999.9	48	-9999.9	3	21.4	3
2025 05 31 08	0.32	0.31	3.2	3.3	4.3	0.5	-9999.9	3	75	-9999.9	47	-9999.9	3	22.1	3
2025 05 31 09	0.3	0.29	3.1	3.2	4.0	0.48	-9999.9	3	75	-9999.9	47	-9999.9	3	22.1	3
2025 05 31 10	0.29	0.28	3.0	3.2	4.1	0.44	-9999.9	3	72	-9999.9	46	-9999.9	3	22.0	3
2025 05 31 11	0.28	0.27	3.0	3.1	4.0	0.45	-9999.9	3	72	-9999.9	48	-9999.9	3	22.8	3
2025 05 31 12	0.25	0.24	2.9	3.1	4.1	0.47	-9999.9	3	72	-9999.9	53	-9999.9	3	22.4	3
2025 05 31 14	0.22	0.22	2.9	3.2	4.4	0.42	-9999.9	3	74	-9999.9	57	-9999.9	3	23.2	3
2025 05 31 15	0.25	0.25	2.7	2.8	4.2	0.42	-9999.9	3	64	-9999.9	52	-9999.9	3	23.7	3
2025 05 31 16	0.27	0.26	2.7	3.0	4.3	0.42	-9999.9	3	60	-9999.9	49	-9999.9	3	23.4	3
2025 05 31 17	0.26	0.26	3.0	3.1	4.1	0.45	-9999.9	3	55	-9999.9	50	-9999.9	3	24.7	3
2025 05 31 18	0.32	0.3	3.4	3.4	4.8	0.49	-9999.9	3	47	-9999.9	43	-9999.9	3	24.2	3
2025 05 31 19	0.26	0.25	3.2	3.4	4.1	0.49	-9999.9	3	54	-9999.9	48	-9999.9	3	23.8	3
2025 05 31 20	0.27	0.26	3.4	3.4	4.0	0.41	-9999.9	3	53	-9999.9	47	-9999.9	3	23.5	3
2025 05 31 21	0.27	0.26	3.5	3.6	4.4	0.52	-9999.9	3	57	-9999.9	51	-9999.9	3	23.7	3
2025 05 31 22	0.3	0.29	3.7	3.7	4.9	0.56	-9999.9	3	65	-9999.9	49	-9999.9	3	23.5	3
2025 05 31 23	0.33	0.32	3.9	3.8	4.8	0.61	-9999.9	3	65	-9999.9	49	-9999.9	3	22.9	3
2025 06 01 00	0.32	0.31	3.7	3.8	4.7	0.49	-9999.9	3	66	-9999.9	48	-9999.9	3	22.6	3
2025 06 01 01	0.37	0.36	3.9	4.0	4.8	0.57	-9999.9	3	65	-9999.9	41	-9999.9	3	22.3	3
2025 06 01 02	0.38	0.37	3.9	4.0	4.9	0.66	-9999.9	3	64	-9999.9	44	-9999.9	3	22.2	3
2025 06 01 03	0.36	0.35	3.7	3.7	4.8	0.67	-9999.9	3	64	-9999.9	47	-9999.9	3	21.8	3
2025 06 01 04	0.35	0.33	3.5	3.6	4.7	0.55	-9999.9	3	65	-9999.9	48	-9999.9	3	21.7	3
2025 06 01 05	0.35	0.35	3.1	3.5	4.8	0.53	-9999.9	3	64	-9999.9	49	-9999.9	3	21.7	3
2025 06 01 06	0.35	0.34	3.1	3.3	4.8	0.55	-9999.9	3	63	-9999.9	51	-9999.9	3	21.7	3
2025 06 01 07	0.4	0.4	3.2	3.5	4.7	0.65	-9999.9	3	70	-9999.9	43	-9999.9	3	22.0	3
2025 06 01 08	0.39	0.38	3.3	3.5	4.7	0.73	-9999.9	3	70	-9999.9	48	-9999.9	3	22.6	3
2025 06 01 09	0.39	0.38	3.3	3.4	4.4	0.62	-9999.9	3	73	-9999.9	47	-9999.9	3	22.4	3
2025 06 01 10	0.37	0.36	3.3	3.4	4.3	0.62	-9999.9	3	62	-9999.9	48	-9999.9	3	22.8	3
2025 06 01 11	0.37	0.35	3.0	3.2	3.9	0.7	-9999.9	3	61	-9999.9	47	-9999.9	3	23.1	3
2025 06 01 12	0.36	0.36	2.9	3.1	4.0	0.58	-9999.9	3	66	-9999.9	48	-9999.9	3	23.2	3
2025 06 01 13	0.39	0.38	2.9	3.0	4.2	0.63	-9999.9	3	65	-9999.9	48	-9999.9	3	23.1	3
2025 06 01 14	0.38	0.37	2.7	2.9	3.8	0.6	-9999.9	3	58	-9999.9	49	-9999.9	3	23.3	3
2025 06 01 15	0.47	0.46	2.9	3.0	4.1	0.69	-9999.9	3	58	-9999.9	45	-9999.9	3	23.4	3
2025 06 01 16	0.47	0.45	2.9	3.1	4.3	0.84	-9999.9	3	57	-9999.9	49	-9999.9	3	23.5	3
2025 06 01 17	0.48	0.47	3.1	3.4	4.5	0.83	-9999.9	3	58	-9999.9	47	-9999.9	3	23.4	3
2025 06 01 18	0.54	0.52	3.6	3.7	4.8	0.91	-9999.9	3	55	-9999.9	43	-9999.9	3	23.4	3
2025 06 01 19	0.53	0.52	3.6	3.7	4.8	0.84	-9999.9	3	62	-9999.9	45	-9999.9	3	23.2	3
2025 06 01 20	0.56	0.54	3.7	3.8	4.7	0.81	-9999.9	3	60	-9999.9	42	-9999.9	3	23.1	3
2025 06 01 21	0.6	0.58	3.9	4.0	5.0	0.95	-9999.9	3	66	-9999.9	40	-9999.9	3	23.0	3
2025 06 01 23	0.58	0.57	4.1	4.1	5.1	0.88	-9999.9	3	78	-9999.9	44	-9999.9	3	22.8	3
2025 06 02 00	0.64	0.63	4.0	4.3	5.3	1.0	-9999.9	3	68	-9999.9	39	-9999.9	3	22.9	3
2025 06 02 01	0.63	0.62	4.1	4.2	5.3	0.99	-9999.9	3	76	-9999.9	42	-9999.9	3	22.9	3
2025 06 02 02	0.63	0.61	4.1	4.2	5.4	1.02	-9999.9	3	72	-9999.9	43	-9999.9	3	22.4	3
2025 06 02 03	0.64	0.62	4.0	4.3	5.3	0.92	-9999.9	3	70	-9999.9	41	-9999.9	3	21.8	3
2025 06 02 04	0.7	0.69	4.0	4.1	5.4	1.34	-9999.9	3	67	-9999.9	39	-9999.9	3	21.2	3
2025 06 02 05	0.69	0.67	3.8	4.0	5.2	1.12	-9999.9	3	71	-9999.9	44	-9999.9	3	21.0	3
2025 06 02 06	0.66	0.65	4.0	3.9	5.1	1.05	-9999.9	3	67	-9999.9	46	-9999.9	3	22.2	3
2025 06 02 07	0.68	0.67	3.9	4.0	5.1	1.24	-9999.9	3	71	-9999.9	43	-9999.9	3	22.3	3
2025 06 02 08	0.59	0.59	3.8	4.0	5.0	0.89	-9999.9	3	79	-9999.9	45	-9999.9	3	22.6	3
2025 06 02 09	0.55	0.55	3.2	3.7	4.7	0.98	-9999.9	3	74	-9999.9	47	-9999.9	3	22.6	3
2025 06 02 10	0.56	0.56	3.6	4.0	5.1	1.08	-9999.9	3	72	-9999.9	41	-9999.9	3	22.4	3
2025 06 02 11	0.54	0.54	3.3	3.7	5.0	1.11	-9999.9	3	68	-9999.9	43	-9999.9	3	22.2	3
2025 06 02 12	0.49	0.49	3.2	3.5	5.2	0.88	-9999.9	3	64	-9999.9	42	-9999.9	3	22.2	3
2025 06 02 13	0.46	0.46	3.2	3.5	5.1	0.8	-9999.9	3	62	-9999.9	45	-9999.9	3	20.9	3
2025 06 02 14	0.45	0.43	2.9	3.3	5.1	0.79	-9999.9	3	63	-9999.9	48	-9999.9	3	22.6	3
2025 06 02 15	0.45	0.44	3.0	3.4	4.9	0.73	-9999.9	3	56	-9999.9	45	-9999.9	3	22.9	3
2025 06 02 16	0.45	0.44	3.0	3.5	5.1	0.74	-9999.9	3	58	-9999.9	46	-9999.9	3	22.4	3
2025 06 02 17	0.43	0.42	2.9	3.2	4.8	0.79	-9999.9	3	54	-9999.9	43	-9999.9	3	21.8	3
2025 06 02 18	0.46	0.44	2.9	3.4	4.8	0.69	-9999.9	3	51	-9999.9	43	-9999.9	3	21.4	3
2025 06 02 19	0.42	0.41	3.4	3.6	4.9	0.72	-9999.9	3	52	-9999.9	45	-9999.9	3	20.9	3
2025 06 02 20	0.41	0.42	3.8	3.9	4.9	0.72	-9999.9	3	61	-9999.9	42	-9999.9	3	20.8	3
2025 06 02 21	0.37	0.37	3.8	3.8	4.9	0.74	-9999.9	3	55	-9999.9	45	-9999.9	3	20.7	3
2025 06 02 22	0.38	0.37	3.8	3.9	5.1	0.62	-9999.9	3	57	-9999.9	46	-9999.9	3	20.6	3
2025 06 02 23	0.36	0.35	3.9	3.9	4.9	0.58	-9999.9	3	59	-9999.9	54	-9999.9	3	22.1	3
2025 06 03 00	0.37	0.36	3.9	3.8	5.0	0.66	-9999.9	3	64	-9999.9	51	-9999.9	3	22.9	3
2025 06 03 01	0.37	0.36	3.7	3.9	5.1	0.68	-9999.9	3	54	-9999.9	49	-9999.9	3	23.1	3
2025 06 03 02	0.35	0.34	3.7	3.9	5.0	0.69	-9999.9	3	46	-9999.9	43	-9999.9	3	23.0	3
2025 06 03 03	0.36	0.35	3.8	3.9	5.1	0.53	-9999.9	3	48	-9999.9	40	-9999.9	3	22.8	3
2025 06 03 04	0.31	0.29	3.7	3.7	4.9	0.5	-9999.9	3	46	-9999.9	49	-9999.9	3	22.6	3
2025 06 03 05	0.34	0.33	3.5	3.6	5.0	0.59	-9999.9	3	44	-9999.9	46	-9999.9	3	22.2	3
2025 06 03 06	0.35	0.34	3.6	3.6	5.1	0.68	-9999.9	3	43	-9999.9	45	-9999.9	3	22.2	3
2025 06 03 07	0.31	0.3	3.2	3.4	5.1	0.52	-9999.9	3	44	-9999.9	50	-9999.9	3	22.2	3
2025 06 03 08	0.32	0.31	2.9	3.3	5.2	0.59	-9999.9	3	46	-9999.9	52	-9999.9	3	22.1	3
2025 06 03 09	0.34	0.33	2.3	2.6	5.0	0.58	-9999.9	3	45	-9999.9	53	-9999.9	3	22.0	3
2025 06 03 10	0.37	0.36	2.6	2.8	4.9	0.76	-9999.9	3	43	-9999.9	48	-9999.9	3	21.6	3
2025 06 03 11	0.38	0.38	2.5	2.7	4.6	0.62	-9999.9	3	37	-9999.9	47	-9999.9	3	21.9	3
2025 06 03 12	0.41	0.4	2.4	2.6	4.4	0.79	-9999.9	3	32	-9999.9	50	-9999.9	3	21.9	3
2025 06 03 13	0.44	0.43	2.3	2.4	3.9	0.86	-9999.9	3	20	-9999.9	46	-9999.9	3	21.6	3
2025 06 03 14	0.45	0.43	2.4	2.6	3.9	0.66	-9999.9	3	17	-9999.9	48	-9999.9	3	21.5	3
2025 06 03 15	0.39	0.38	2.4	2.7	4.1	0.66	-9999.9	3	19	-9999.9	47	-9999.9	3	21.4	3
2025 06 03 16	0.38	0.36	2.6	2.8	4.2	0.58	-9999.9	3	16	-9999.9	46	-9999.9	3	21.4	3
2025 06 03 17	0.33	0.32	2.7	3.0	4.5	0.55	-9999.9	3	15	-9999.9	48	-9999.9	3	21.7	3
2025 06 03 18	0.32	0.3	2.9	3.2	5.4	0.5	-9999.9	3	20	-9999.9	47	-9999.9	3	21.8	3
2025 06 03 19	0.37	0.36	3.6	3.7	4.9	0.57	-9999.9	3	35	-9999.9	49	-9999.9	3	21.8	3
2025 06 03 20	0.26	0.25	3.5	3.6	4.7	0.43	-9999.9	3	33	-9999.9	50	-9999.9	3	21.8	3
2025 06 03 21	0.22	0.21	3.6	3.7	7.0	0.35	-9999.9	3	36	-9999.9	53	-9999.9	3	21.8	3
2025 06 03 22	0.22	0.21	4.0	4.2	7.3	0.33	-9999.9	3	35	-9999.9	53	-9999.9	3	21.8	3
2025 06 03 23	0.28	0.27	4.1	4.3	7.1	0.46	-9999.9	3	13	-9999.9	45	-9999.9	3	21.8	3
2025 06 04 00	0.31	0.29	4.0	4.0	6.7	0.48	-9999.9	3	14	-9999.9	41	-9999.9	3	21.7	3
2025 06 04 01	0.35	0.33	4.0	4.0	5.3	0.68	-9999.9	3	13	-9999.9	43	-9999.9	3	21.5	3
2025 06 04 02	0.37	0.35	3.9	4.0	5.3	0.65	-9999.9	3	13	-9999.9	39	-9999.9	3	21.5	3
2025 06 04 03	0.4	0.38	3.6	3.7	4.9	0.62	-9999.9	3	17	-9999.9	45	-9999.9	3	21.5	3
2025 06 04 04	0.39	0.37	3.6	3.7	4.8	0.64	-9999.9	3	19	-9999.9	42	-9999.9	3	21.3	3
2025 06 04 05	0.35	0.33	3.6	3.7	4.8	0.51	-9999.9	3	22	-9999.9	47	-9999.9	3	21.4	3
2025 06 04 06	0.32	0.3	3.5	3.5	5.5	0.56	-9999.9	3	30	-9999.9	45	-9999.9	3	21.3	3
2025 06 04 07	0.28	0.27	3.3	3.3	5.0	0.45	-9999.9	3	36	-9999.9	57	-9999.9	3	21.0	3
2025 06 04 08	0.3	0.29	3.3	3.5	6.6	0.46	-9999.9	3	45	-9999.9	54	-9999.9	3	21.4	3
2025 06 04 09	0.3	0.29	3.0	3.4	6.5	0.58	-9999.9	3	54	-9999.9	52	-9999.9	3	21.4	3
2025 06 04 10	0.27	0.26	3.1	3.7	6.1	0.43	-9999.9	3	49	-9999.9	54	-9999.9	3	21.4	3
2025 06 04 11	0.23	0.23	2.5	3.3	5.1	0.38	-9999.9	3	46	-9999.9	57	-9999.9	3	21.5	3
2025 06 04 12	0.26	0.26	2.3	2.9	6.6	0.45	-9999.9	3	35	-9999.9	50	-9999.9	3	21.5	3
2025 06 04 13	0.24	0.23	2.5	3.0	6.3	0.41	-9999.9	3	40	-9999.9	51	-9999.9	3	21.5	3
2025 06 04 14	0.23	0.22	2.7	3.1	6.7	0.35	-9999.9	3	41	-9999.9	50	-9999.9	3	21.6	3
2025 06 04 15	0.24	0.23	3.0	3.2	6.3	0.37	-9999.9	3	45	-9999.9	52	-9999.9	3	21.9	3
2025 06 04 16	0.23	0.22	2.7	3.2	4.8	0.42	-9999.9	3	43	-9999.9	50	-9999.9	3	22.1	3
2025 06 04 17	0.22	0.21	3.0	3.2	4.9	0.44	-9999.9	3	50	-9999.9	51	-9999.9	3	21.9	3
2025 06 04 18	0.22	0.21	3.3	3.3	5.0	0.3	-9999.9	3	48	-9999.9	49	-9999.9	3	21.7	3
2025 06 04 19	0.22	0.2	3.2	3.3	4.6	0.35	-9999.9	3	41	-9999.9	52	-9999.9	3	21.7	3
2025 06 04 20	0.2	0.19	3.4	3.5	4.0	0.37	-9999.9	3	41	-9999.9	53	-9999.9	3	21.6	3
2025 06 04 21	0.19	0.18	3.6	3.6	5.4	0.27	-9999.9	3	45	-9999.9	52	-9999.9	3	21.9	3
2025 06 04 22	0.2	0.19	2.7	3.0	4.4	0.34	-9999.9	3	53	-9999.9	51	-9999.9	3	21.7	3
2025 06 04 23	0.19	0.18	3.1	3.3	5.6	0.3	-9999.9	3	50	-9999.9	53	-9999.9	3	21.7	3
2025 06 05 00	0.2	0.19	3.3	3.5	6.2	0.3	-9999.9	3	44	-9999.9	53	-9999.9	3	21.8	3
2025 06 05 01	0.21	0.2	3.7	3.7	5.9	0.32	-9999.9	3	29	-9999.9	49	-9999.9	3	21.6	3
2025 06 05 02	0.23	0.21	3.6	3.7	4.8	0.31	-9999.9	3	23	-9999.9	47	-9999.9	3	21.6	3
2025 06 05 03	0.25	0.24	3.8	3.7	4.7	0.36	-9999.9	3	16	-9999.9	45	-9999.9	3	21.5	3
2025 06 05 04	0.29	0.27	3.7	3.7	5.1	0.49	-9999.9	3	15	-9999.9	45	-9999.9	3	21.4	3
2025 06 05 05	0.24	0.22	3.7	3.7	6.5	0.34	-9999.9	3	19	-9999.9	51	-9999.9	3	21.3	3
2025 06 05 06	0.25	0.23	3.9	3.9	8.1	0.36	-9999.9	3	34	-9999.9	51	-9999.9	3	21.4	3
2025 06 05 07	0.27	0.25	3.5	3.6	7.6	0.46	-9999.9	3	19	-9999.9	45	-9999.9	3	21.6	3
2025 06 05 08	0.27	0.26	3.6	3.6	5.9	0.42	-9999.9	3	22	-9999.9	45	-9999.9	3	21.6	3
2025 06 05 09	0.25	0.24	3.4	3.4	6.4	0.36	-9999.9	3	45	-9999.9	59	-9999.9	3	21.6	3
2025 06 05 10	0.23	0.22	3.3	3.5	7.5	0.34	-9999.9	3	57	-9999.9	59	-9999.9	3	21.7	3
2025 06 05 11	0.26	0.24	3.3	3.3	4.7	0.37	-9999.9	3	42	-9999.9	53	-9999.9	3	21.8	3
2025 06 05 12	0.23	0.21	3.1	3.2	6.4	0.4	-9999.9	3	43	-9999.9	53	-9999.9	3	22.4	3
2025 06 05 13	0.22	0.21	2.3	2.6	5.1	0.36	-9999.9	3	40	-9999.9	56	-9999.9	3	22.3	3
2025 06 05 14	0.34	0.33	2.2	2.4	2.5	0.59	-9999.9	3	29	-9999.9	46	-9999.9	3	22.0	3
2025 06 05 15	0.38	0.37	2.4	2.5	2.6	0.71	-9999.9	3	20	-9999.9	48	-9999.9	3	22.1	3
2025 06 05 16	0.33	0.32	2.4	2.5	2.8	0.57	-9999.9	3	18	-9999.9	53	-9999.9	3	22.7	3
2025 06 05 17	0.31	0.3	2.6	2.7	3.0	0.55	-9999.9	3	27	-9999.9	52	-9999.9	3	22.8	3
2025 06 05 18	0.28	0.27	2.8	3.0	6.1	0.42	-9999.9	3	29	-9999.9	50	-9999.9	3	22.6	3
2025 06 05 19	0.24	0.24	2.5	2.9	6.4	0.42	-9999.9	3	46	-9999.9	50	-9999.9	3	22.4	3
2025 06 05 20	0.2	0.19	2.6	3.0	7.7	0.28	-9999.9	3	56	-9999.9	52	-9999.9	3	22.3	3
2025 06 05 21	0.18	0.17	3.0	3.3	7.4	0.32	-9999.9	3	58	-9999.9	52	-9999.9	3	22.3	3
2025 06 05 22	0.17	0.16	3.4	3.4	7.6	0.27	-9999.9	3	59	-9999.9	54	-9999.9	3	22.3	3
2025 06 05 23	0.17	0.16	3.7	3.7	7.7	0.3	-9999.9	3	66	-9999.9	55	-9999.9	3	22.2	3
2025 06 06 00	0.18	0.17	3.8	3.9	7.7	0.3	-9999.9	3	67	-9999.9	49	-9999.9	3	22.3	3
2025 06 06 01	0.19	0.18	4.3	4.4	7.7	0.3	-9999.9	3	69	-9999.9	49	-9999.9	3	22.3	3
2025 06 06 02	0.17	0.16	4.4	4.3	7.7	0.26	-9999.9	3	71	-9999.9	50	-9999.9	3	22.3	3
2025 06 06 03	0.18	0.17	4.6	4.6	7.5	0.31	-9999.9	3	73	-9999.9	48	-9999.9	3	22.2	3
2025 06 06 04	0.17	0.16	4.4	4.4	7.3	0.26	-9999.9	3	72	-9999.9	51	-9999.9	3	22.2	3
2025 06 06 05	0.19	0.17	3.9	4.1	7.4	0.33	-9999.9	3	71	-9999.9	46	-9999.9	3	22.1	3
2025 06 06 06	0.15	0.15	3.9	4.4	7.0	0.26	-9999.9	3	60	-9999.9	52	-9999.9	3	22.2	3
2025 06 06 07	0.16	0.15	4.6	4.7	7.0	0.27	-9999.9	3	66	-9999.9	58	-9999.9	3	22.2	3
2025 06 06 08	0.16	0.15	4.5	4.3	7.0	0.24	-9999.9	3	61	-9999.9	52	-9999.9	3	22.3	3
2025 06 06 09	0.16	0.16	4.5	4.5	6.9	0.23	-9999.9	3	64	-9999.9	50	-9999.9	3	22.4	3
2025 06 06 10	0.17	0.17	4.6	4.6	6.8	0.28	-9999.9	3	78	-9999.9	49	-9999.9	3	22.7	3
2025 06 06 11	0.16	0.16	3.2	3.2	6.7	0.24	-9999.9	3	48	-9999.9	51	-9999.9	3	22.7	3
2025 06 06 12	0.15	0.15	2.3	2.9	6.4	0.5	-9999.9	3	83	-9999.9	55	-9999.9	3	23.1	3
2025 06 06 13	0.15	0.15	2.0	2.3	2.3	0.27	-9999.9	3	60	-9999.9	60	-9999.9	3	23.5	3
2025 06 06 14	0.18	0.17	2.0	2.2	3.2	0.26	-9999.9	3	51	-9999.9	57	-9999.9	3	23.9	3
2025 06 06 15	0.22	0.21	2.2	2.3	4.5	0.37	-9999.9	3	53	-9999.9	57	-9999.9	3	24.0	3
2025 06 06 16	0.26	0.25	2.4	2.5	4.2	0.44	-9999.9	3	60	-9999.9	55	-9999.9	3	23.0	3
2025 06 06 17	0.21	0.19	2.4	2.5	5.5	0.31	-9999.9	3	54	-9999.9	48	-9999.9	3	23.7	3
2025 06 06 18	0.16	0.15	2.4	2.6	4.9	0.25	-9999.9	3	59	-9999.9	52	-9999.9	3	23.7	3
2025 06 06 19	0.16	0.14	2.9	3.0	6.2	0.24	-9999.9	3	66	-9999.9	54	-9999.9	3	23.3	3
2025 06 06 20	0.15	0.14	3.3	3.5	6.9	0.3	-9999.9	3	58	-9999.9	48	-9999.9	3	23.3	3
2025 06 06 21	0.14	0.13	3.2	3.4	6.8	0.22	-9999.9	3	64	-9999.9	47	-9999.9	3	23.2	3
2025 06 06 22	0.15	0.15	3.2	3.3	5.2	0.37	-9999.9	3	84	-9999.9	42	-9999.9	3	22.9	3
2025 06 06 23	0.11	0.11	3.1	3.2	6.0	0.18	-9999.9	3	68	-9999.9	53	-9999.9	3	22.9	3
2025 06 07 00	0.11	0.11	3.5	3.5	6.7	0.16	-9999.9	3	63	-9999.9	47	-9999.9	3	22.9	3
2025 06 07 01	0.12	0.12	3.8	3.9	6.3	0.23	-9999.9	3	61	-9999.9	45	-9999.9	3	22.8	3
2025 06 07 02	0.13	0.13	3.3	3.9	6.6	0.22	-9999.9	3	62	-9999.9	45	-9999.9	3	22.8	3
2025 06 07 03	0.13	0.13	2.3	2.6	6.2	0.22	-9999.9	3	70	-9999.9	48	-9999.9	3	22.7	3
2025 06 07 04	0.12	0.12	2.5	2.8	6.2	0.19	-9999.9	3	65	-9999.9	51	-9999.9	3	22.6	3
2025 06 07 05	0.18	0.17	3.4	3.6	6.5	0.28	-9999.9	3	47	-9999.9	48	-9999.9	3	22.5	3
2025 06 07 06	0.19	0.19	4.5	4.6	6.3	0.27	-9999.9	3	35	-9999.9	36	-9999.9	3	22.6	3
2025 06 07 07	0.14	0.13	3.4	3.6	6.1	0.22	-9999.9	3	67	-9999.9	49	-9999.9	3	22.6	3
2025 06 07 08	0.15	0.15	3.3	3.4	6.1	0.25	-9999.9	3	67	-9999.9	45	-9999.9	3	22.8	3
2025 06 07 09	0.14	0.13	3.2	3.2	5.9	0.24	-9999.9	3	68	-9999.9	48	-9999.9	3	23.1	3
2025 06 07 10	0.13	0.13	3.2	3.3	5.8	0.21	-9999.9	3	67	-9999.9	53	-9999.9	3	23.4	3
2025 06 07 11	0.14	0.13	3.1	3.1	5.8	0.25	-9999.9	3	65	-9999.9	56	-9999.9	3	23.6	3
2025 06 07 12	0.14	0.14	2.8	2.8	5.6	0.31	-9999.9	3	56	-9999.9	54	-9999.9	3	24.2	3
2025 06 07 13	0.13	0.13	2.5	2.9	5.4	0.21	-9999.9	3	61	-9999.9	55	-9999.9	3	24.5	3
2025 06 07 14	0.13	0.13	2.6	2.9	5.4	0.19	-9999.9	3	66	-9999.9	50	-9999.9	3	24.3	3
2025 06 07 15	0.14	0.14	2.3	2.7	5.4	0.25	-9999.9	3	69	-9999.9	49	-9999.9	3	24.1	3
2025 06 07 16	0.12	0.13	2.1	2.6	5.2	0.21	-9999.9	3	67	-9999.9	52	-9999.9	3	24.5	3
2025 06 07 17	0.14	0.14	2.1	2.4	5.3	0.25	-9999.9	3	67	-9999.9	53	-9999.9	3	24.6	3
2025 06 07 18	0.16	0.16	2.3	2.3	2.4	0.29	-9999.9	3	58	-9999.9	53	-9999.9	3	24.8	3
2025 06 07 19	0.15	0.15	2.5	2.7	4.0	0.24	-9999.9	3	76	-9999.9	50	-9999.9	3	24.5	3
2025 06 07 20	0.16	0.15	2.5	2.6	4.2	0.24	-9999.9	3	83	-9999.9	50	-9999.9	3	24.1	3
2025 06 07 21	0.15	0.14	2.4	2.5	4.7	0.28	-9999.9	3	83	-9999.9	51	-9999.9	3	24.3	3
2025 06 07 22	0.14	0.14	2.6	2.7	4.3	0.23	-9999.9	3	80	-9999.9	50	-9999.9	3	24.4	3
2025 06 07 23	0.16	0.16	2.1	2.4	2.4	0.32	-9999.9	3	83	-9999.9	50	-9999.9	3	24.3	3
2025 06 08 00	0.15	0.14	2.4	2.5	3.3	0.23	-9999.9	3	71	-9999.9	51	-9999.9	3	24.2	3
2025 06 08 01	0.13	0.13	2.5	2.6	3.7	0.23	-9999.9	3	70	-9999.9	53	-9999.9	3	24.2	3
2025 06 08 02	0.14	0.13	2.4	2.6	2.9	0.25	-9999.9	3	70	-9999.9	45	-9999.9	3	23.7	3
2025 06 08 03	0.22	0.22	2.2	2.3	2.4	0.39	-9999.9	3	75	-9999.9	43	-9999.9	3	23.1	3
2025 06 08 04	0.27	0.27	2.2	2.4	2.4	0.53	-9999.9	3	79	-9999.9	48	-9999.9	3	23.3	3
2025 06 08 05	0.26	0.25	2.2	2.3	2.4	0.42	-9999.9	3	73	-9999.9	51	-9999.9	3	23.2	3
2025 06 08 06	0.21	0.21	2.3	2.4	3.3	0.3	-9999.9	3	69	-9999.9	57	-9999.9	3	23.6	3
2025 06 08 07	0.2	0.19	2.3	2.4	3.4	0.34	-9999.9	3	71	-9999.9	57	-9999.9	3	23.5	3
2025 06 08 08	0.18	0.17	2.4	2.5	3.4	0.29	-9999.9	3	73	-9999.9	58	-9999.9	3	23.7	3
2025 06 08 09	0.2	0.19	2.4	2.6	3.3	0.35	-9999.9	3	83	-9999.9	55	-9999.9	3	24.0	3
2025 06 08 10	0.25	0.24	2.6	2.6	3.0	0.38	-9999.9	3	94	-9999.9	44	-9999.9	3	24.1	3
2025 06 08 11	0.24	0.23	2.4	2.5	2.8	0.37	-9999.9	3	88	-9999.9	45	-9999.9	3	23.9	3
2025 06 08 12	0.23	0.23	2.5	2.5	2.6	0.44	-9999.9	3	87	-9999.9	45	-9999.9	3	24.1	3
2025 06 08 13	0.21	0.2	2.5	2.5	2.6	0.36	-9999.9	3	87	-9999.9	53	-9999.9	3	24.6	3
2025 06 08 14	0.21	0.21	2.5	2.5	2.5	0.38	-9999.9	3	78	-9999.9	52	-9999.9	3	24.7	3
2025 06 08 15	0.22	0.21	2.4	2.6	3.1	0.35	-9999.9	3	90	-9999.9	51	-9999.9	3	24.5	3
2025 06 08 16	0.22	0.21	2.1	2.3	2.5	0.35	-9999.9	3	88	-9999.9	52	-9999.9	3	24.1	3
2025 06 08 17	0.29	0.28	2.3	2.5	2.8	0.5	-9999.9	3	70	-9999.9	51	-9999.9	3	24.0	3
2025 06 08 18	0.59	0.57	3.2	3.3	4.1	1.4	-9999.9	3	60	-9999.9	43	-9999.9	3	24.0	3
2025 06 08 19	1.0	0.99	4.1	4.1	5.3	1.86	-9999.9	3	57	-9999.9	39	-9999.9	3	24.5	3
2025 06 08 20	1.12	1.07	4.2	4.3	5.8	1.96	-9999.9	3	54	-9999.9	45	-9999.9	3	24.6	3
2025 06 08 21	1.22	1.19	4.3	4.4	6.0	2.02	-9999.9	3	56	-9999.9	43	-9999.9	3	23.8	3
2025 06 08 22	1.27	1.22	4.4	4.5	6.0	1.97	-9999.9	3	60	-9999.9	41	-9999.9	3	23.2	3
2025 06 08 23	1.21	1.18	4.4	4.5	6.0	2.03	-9999.9	3	56	-9999.9	43	-9999.9	3	23.6	3
2025 06 09 00	1.17	1.15	4.5	4.4	6.2	2.05	-9999.9	3	58	-9999.9	41	-9999.9	3	23.7	3
2025 06 09 01	1.03	1.01	4.1	4.2	6.0	2.01	-9999.9	3	58	-9999.9	42	-9999.9	3	23.3	3
2025 06 09 02	1.03	1.01	4.0	4.1	6.1	1.57	-9999.9	3	57	-9999.9	45	-9999.9	3	22.8	3
2025 06 09 03	0.94	0.91	3.9	4.0	6.0	1.72	-9999.9	3	55	-9999.9	45	-9999.9	3	22.8	3
2025 06 09 04	1.02	0.96	3.8	4.1	6.1	2.32	-9999.9	3	52	-9999.9	43	-9999.9	3	22.8	3
2025 06 09 05	1.07	1.01	4.1	4.2	6.1	1.91	-9999.9	3	51	-9999.9	46	-9999.9	3	22.6	3
2025 06 09 06	1.19	1.17	4.1	4.1	6.2	2.26	-9999.9	3	51	-9999.9	42	-9999.9	3	22.8	3
2025 06 09 07	1.29	1.26	4.4	4.4	6.3	1.98	-9999.9	3	50	-9999.9	40	-9999.9	3	22.8	3
2025 06 09 08	1.35	1.3	4.6	4.6	6.5	2.39	-9999.9	3	51	-9999.9	42	-9999.9	3	22.7	3
2025 06 09 09	1.29	1.25	4.5	4.6	6.5	2.01	-9999.9	3	51	-9999.9	43	-9999.9	3	22.7	3
2025 06 09 10	1.33	1.28	4.5	4.6	6.7	2.03	-9999.9	3	54	-9999.9	41	-9999.9	3	22.7	3
2025 06 09 11	1.41	1.36	4.5	4.7	6.7	2.49	-9999.9	3	56	-9999.9	44	-9999.9	3	22.8	3
2025 06 09 12	1.36	1.33	4.6	4.7	6.5	2.16	-9999.9	3	56	-9999.9	41	-9999.9	3	22.9	3
2025 06 09 13	1.32	1.28	4.6	4.6	6.6	2.02	-9999.9	3	54	-9999.9	40	-9999.9	3	22.7	3
2025 06 09 14	1.18	1.14	4.3	4.2	6.5	1.75	-9999.9	3	59	-9999.9	46	-9999.9	3	22.6	3
2025 06 09 15	1.18	1.13	4.5	4.4	6.7	1.69	-9999.9	3	57	-9999.9	44	-9999.9	3	22.7	3
2025 06 09 16	1.11	1.09	4.6	4.4	6.4	1.86	-9999.9	3	55	-9999.9	41	-9999.9	3	22.7	3
2025 06 09 17	0.97	0.95	4.4	4.3	6.6	1.48	-9999.9	3	57	-9999.9	43	-9999.9	3	22.9	3
2025 06 09 18	1.07	1.03	4.5	4.6	6.6	1.76	-9999.9	3	53	-9999.9	37	-9999.9	3	22.9	3
2025 06 09 19	0.97	0.94	4.7	4.6	6.7	1.57	-9999.9	3	55	-9999.9	38	-9999.9	3	22.7	3
2025 06 09 20	0.98	0.95	4.9	4.8	6.6	1.64	-9999.9	3	52	-9999.9	37	-9999.9	3	22.7	3
2025 06 09 21	1.02	0.99	4.8	4.7	6.5	1.57	-9999.9	3	52	-9999.9	39	-9999.9	3	22.6	3
2025 06 09 22	0.95	0.92	4.5	4.6	6.7	1.43	-9999.9	3	54	-9999.9	41	-9999.9	3	22.6	3
2025 06 09 23	0.99	0.96	4.4	4.6	6.8	1.97	-9999.9	3	54	-9999.9	39	-9999.9	3	22.6	3
2025 06 10 00	1.04	1.01	5.0	4.7	6.8	1.52	-9999.9	3	57	-9999.9	36	-9999.9	3	22.5	3
2025 06 10 01	1.05	1.01	4.5	4.7	6.9	1.94	-9999.9	3	59	-9999.9	35	-9999.9	3	22.5	3
2025 06 10 02	0.95	0.93	4.5	4.6	6.9	1.69	-9999.9	3	63	-9999.9	40	-9999.9	3	22.5	3
2025 06 10 03	0.97	0.94	4.9	4.9	6.8	1.58	-9999.9	3	64	-9999.9	38	-9999.9	3	22.4	3
2025 06 10 04	0.85	0.81	4.2	4.4	7.0	1.47	-9999.9	3	63	-9999.9	46	-9999.9	3	22.4	3
2025 06 10 05	0.94	0.92	4.1	4.2	6.6	1.48	-9999.9	3	62	-9999.9	43	-9999.9	3	22.4	3
2025 06 10 06	0.8	0.77	3.8	3.8	6.7	1.24	-9999.9	3	60	-9999.9	48	-9999.9	3	22.3	3
2025 06 10 07	0.9	0.86	4.0	4.3	6.8	1.47	-9999.9	3	60	-9999.9	39	-9999.9	3	22.2	3
2025 06 10 08	0.99	0.96	4.4	4.5	6.5	1.57	-9999.9	3	59	-9999.9	42	-9999.9	3	22.2	3
2025 06 10 09	0.96	0.91	4.3	4.4	6.9	1.97	-9999.9	3	51	-9999.9	45	-9999.9	3	22.5	3
2025 06 10 10	0.97	0.92	4.6	4.7	6.7	1.59	-9999.9	3	54	-9999.9	40	-9999.9	3	22.6	3
2025 06 10 11	0.99	0.99	4.7	4.5	6.8	1.49	-9999.9	3	50	-9999.9	41	-9999.9	3	22.5	3
2025 06 10 12	1.03	1.02	4.7	4.8	6.7	2.05	-9999.9	3	53	-9999.9	39	-9999.9	3	22.6	3
2025 06 10 13	0.97	0.95	4.7	4.6	6.8	1.5	-9999.9	3	54	-9999.9	43	-9999.9	3	22.8	3
2025 06 10 14	0.93	0.91	4.6	4.6	6.8	1.37	-9999.9	3	64	-9999.9	40	-9999.9	3	23.0	3
2025 06 10 15	0.84	0.82	4.1	4.3	6.5	1.42	-9999.9	3	67	-9999.9	42	-9999.9	3	23.0	3
2025 06 10 16	0.82	0.79	4.1	4.3	6.4	1.47	-9999.9	3	68	-9999.9	42	-9999.9	3	22.9	3
2025 06 10 17	0.84	0.81	4.6	4.5	6.6	1.29	-9999.9	3	73	-9999.9	39	-9999.9	3	22.8	3
2025 06 10 18	0.67	0.66	4.4	4.3	6.5	1.14	-9999.9	3	75	-9999.9	45	-9999.9	3	22.8	3
2025 06 10 19	0.7	0.68	4.2	4.4	6.6	1.44	-9999.9	3	67	-9999.9	42	-9999.9	3	22.8	3
2025 06 10 20	0.75	0.73	4.2	4.2	7.0	1.3	-9999.9	3	56	-9999.9	41	-9999.9	3	22.8	3
2025 06 10 21	0.77	0.74	4.0	4.2	6.5	1.23	-9999.9	3	58	-9999.9	40	-9999.9	3	22.9	3
2025 06 10 22	0.84	0.79	4.0	4.0	6.3	1.48	-9999.9	3	57	-9999.9	38	-9999.9	3	22.9	3
2025 06 10 23	0.87	0.83	4.2	4.0	6.2	1.48	-9999.9	3	50	-9999.9	43	-9999.9	3	23.0	3
2025 06 11 00	0.86	0.82	4.0	4.1	5.1	1.31	-9999.9	3	48	-9999.9	41	-9999.9	3	22.9	3
2025 06 11 01	0.95	0.92	3.9	4.0	5.3	1.61	-9999.9	3	48	-9999.9	36	-9999.9	3	22.9	3
2025 06 11 02	0.95	0.91	3.8	3.9	5.9	1.68	-9999.9	3	48	-9999.9	38	-9999.9	3	22.7	3
2025 06 11 03	0.79	0.76	3.9	3.9	5.4	1.26	-9999.9	3	51	-9999.9	44	-9999.9	3	22.7	3
2025 06 11 04	0.73	0.7	3.8	3.8	5.2	1.47	-9999.9	3	58	-9999.9	47	-9999.9	3	22.7	3
2025 06 11 05	0.82	0.8	4.0	4.1	6.0	1.13	-9999.9	3	55	-9999.9	42	-9999.9	3	22.7	3
2025 06 11 06	0.7	0.69	4.0	4.0	6.0	1.11	-9999.9	3	57	-9999.9	41	-9999.9	3	22.7	3
2025 06 11 07	0.67	0.64	4.0	4.0	5.8	1.01	-9999.9	3	59	-9999.9	40	-9999.9	3	22.8	3
2025 06 11 08	0.62	0.6	3.9	4.1	6.0	1.0	-9999.9	3	60	-9999.9	40	-9999.9	3	22.8	3
2025 06 11 09	0.63	0.61	4.2	4.3	6.2	1.16	-9999.9	3	60	-9999.9	42	-9999.9	3	23.0	3
2025 06 11 10	0.65	0.62	3.5	3.6	5.9	1.08	-9999.9	3	49	-9999.9	40	-9999.9	3	22.9	3
2025 06 11 11	0.68	0.65	3.5	3.6	6.1	1.21	-9999.9	3	43	-9999.9	43	-9999.9	3	22.9	3
2025 06 11 12	0.67	0.65	3.6	3.7	5.8	1.04	-9999.9	3	48	-9999.9	42	-9999.9	3	23.0	3
2025 06 11 13	0.64	0.62	3.7	3.8	6.5	0.93	-9999.9	3	46	-9999.9	44	-9999.9	3	23.2	3
2025 06 11 14	0.66	0.63	3.6	3.8	6.4	1.1	-9999.9	3	51	-9999.9	41	-9999.9	3	23.4	3
2025 06 11 15	0.58	0.58	3.3	3.6	6.0	0.97	-9999.9	3	51	-9999.9	44	-9999.9	3	23.3	3
2025 06 11 16	0.58	0.56	3.3	3.8	6.1	1.07	-9999.9	3	60	-9999.9	39	-9999.9	3	23.1	3
2025 06 11 17	0.54	0.53	3.8	4.1	6.0	0.83	-9999.9	3	58	-9999.9	40	-9999.9	3	23.1	3
2025 06 11 18	0.61	0.6	3.8	4.2	6.4	0.98	-9999.9	3	55	-9999.9	36	-9999.9	3	22.9	3
2025 06 11 19	0.61	0.59	4.6	4.6	6.4	0.9	-9999.9	3	59	-9999.9	40	-9999.9	3	22.4	3
2025 06 11 20	0.61	0.58	4.4	4.4	6.3	1.0	-9999.9	3	59	-9999.9	40	-9999.9	3	22.2	3
2025 06 11 21	0.59	0.57	4.3	4.6	6.3	0.99	-9999.9	3	53	-9999.9	41	-9999.9	3	21.8	3
2025 06 11 22	0.6	0.58	4.4	4.5	6.2	0.94	-9999.9	3	55	-9999.9	40	-9999.9	3	22.3	3
2025 06 11 23	0.64	0.62	4.7	4.7	6.3	1.11	-9999.9	3	55	-9999.9	34	-9999.9	3	22.4	3
2025 06 12 00	0.6	0.59	4.3	4.4	6.2	1.12	-9999.9	3	52	-9999.9	42	-9999.9	3	22.6	3
2025 06 12 01	0.61	0.59	4.8	4.6	6.2	1.04	-9999.9	3	57	-9999.9	39	-9999.9	3	22.8	3
2025 06 12 02	0.55	0.53	4.6	4.5	6.6	0.83	-9999.9	3	53	-9999.9	42	-9999.9	3	22.7	3
2025 06 12 03	0.55	0.54	4.8	4.8	6.6	1.07	-9999.9	3	60	-9999.9	40	-9999.9	3	22.7	3
2025 06 12 04	0.48	0.47	4.7	4.8	6.5	0.82	-9999.9	3	61	-9999.9	40	-9999.9	3	22.6	3
2025 06 12 05	0.39	0.38	4.5	4.6	6.8	0.55	-9999.9	3	58	-9999.9	45	-9999.9	3	22.5	3
2025 06 12 06	0.38	0.36	4.7	4.7	6.5	0.52	-9999.9	3	57	-9999.9	45	-9999.9	3	22.4	3
2025 06 12 07	0.33	0.33	4.7	4.7	6.7	0.51	-9999.9	3	59	-9999.9	43	-9999.9	3	22.4	3
2025 06 12 08	0.3	0.29	4.4	4.4	6.7	0.43	-9999.9	3	53	-9999.9	47	-9999.9	3	22.4	3
2025 06 12 09	0.3	0.29	4.2	4.3	6.7	0.48	-9999.9	3	59	-9999.9	46	-9999.9	3	22.5	3
2025 06 12 10	0.33	0.32	4.2	4.2	7.0	0.58	-9999.9	3	64	-9999.9	51	-9999.9	3	22.7	3
2025 06 12 11	0.34	0.33	3.9	4.3	6.8	0.58	-9999.9	3	53	-9999.9	45	-9999.9	3	23.2	3
2025 06 12 12	0.36	0.34	3.4	3.8	6.6	0.62	-9999.9	3	50	-9999.9	49	-9999.9	3	23.8	3
2025 06 12 13	0.36	0.34	3.1	3.5	6.5	0.52	-9999.9	3	53	-9999.9	50	-9999.9	3	23.4	3
2025 06 12 14	0.4	0.38	3.5	3.8	6.5	0.6	-9999.9	3	54	-9999.9	44	-9999.9	3	23.4	3
2025 06 12 15	0.36	0.34	3.2	3.7	6.3	0.7	-9999.9	3	52	-9999.9	45	-9999.9	3	23.4	3
2025 06 12 16	0.36	0.35	3.0	3.5	6.5	0.54	-9999.9	3	48	-9999.9	41	-9999.9	3	23.3	3
2025 06 12 17	0.33	0.31	3.2	3.7	6.3	0.56	-9999.9	3	50	-9999.9	42	-9999.9	3	23.1	3
2025 06 12 18	0.27	0.26	3.3	3.5	6.2	0.44	-9999.9	3	50	-9999.9	46	-9999.9	3	23.1	3
2025 06 12 19	0.33	0.31	2.9	3.1	6.6	0.64	-9999.9	3	75	-9999.9	44	-9999.9	3	23.1	3
2025 06 12 20	0.35	0.33	2.8	2.9	5.6	0.6	-9999.9	3	78	-9999.9	45	-9999.9	3	23.1	3
2025 06 12 21	0.33	0.32	3.1	3.2	6.1	0.5	-9999.9	3	72	-9999.9	45	-9999.9	3	23.1	3
2025 06 12 22	0.3	0.28	3.0	3.2	6.1	0.54	-9999.9	3	62	-9999.9	44	-9999.9	3	23.1	3
2025 06 12 23	0.26	0.24	2.7	3.1	6.2	0.42	-9999.9	3	55	-9999.9	43	-9999.9	3	23.0	3
2025 06 13 00	0.24	0.24	2.7	3.0	5.9	0.42	-9999.9	3	49	-9999.9	47	-9999.9	3	23.0	3
2025 06 13 01	0.23	0.22	3.0	3.1	6.1	0.34	-9999.9	3	56	-9999.9	49	-9999.9	3	22.9	3
2025 06 13 02	0.22	0.2	2.9	3.2	6.2	0.41	-9999.9	3	54	-9999.9	51	-9999.9	3	22.8	3
2025 06 13 03	0.24	0.23	3.0	3.5	6.2	0.45	-9999.9	3	59	-9999.9	47	-9999.9	3	22.8	3
2025 06 13 04	0.23	0.22	3.5	3.7	6.2	0.39	-9999.9	3	65	-9999.9	47	-9999.9	3	22.8	3
2025 06 13 05	0.19	0.18	3.6	3.9	6.1	0.29	-9999.9	3	60	-9999.9	51	-9999.9	3	22.8	3
2025 06 13 06	0.19	0.18	4.4	4.4	6.3	0.29	-9999.9	3	64	-9999.9	43	-9999.9	3	22.8	3
2025 06 13 07	0.19	0.18	4.1	4.3	5.9	0.31	-9999.9	3	69	-9999.9	45	-9999.9	3	23.1	3
2025 06 13 08	0.2	0.19	4.2	4.1	5.8	0.28	-9999.9	3	69	-9999.9	46	-9999.9	3	23.0	3
2025 06 13 09	0.2	0.2	3.6	3.8	5.8	0.32	-9999.9	3	70	-9999.9	49	-9999.9	3	23.1	3
2025 06 13 10	0.17	0.17	2.7	3.4	5.9	0.29	-9999.9	3	73	-9999.9	51	-9999.9	3	23.1	3
2025 06 13 11	0.3	0.3	2.2	2.3	2.4	0.57	-9999.9	3	45	-9999.9	46	-9999.9	3	23.2	3
2025 06 13 12	0.36	0.36	2.3	2.4	2.6	0.6	-9999.9	3	10	-9999.9	48	-9999.9	3	23.4	3
2025 06 13 13	0.45	0.44	2.3	2.4	2.7	0.76	-9999.9	3	9	-9999.9	45	-9999.9	3	23.3	3
2025 06 13 14	0.41	0.4	2.3	2.4	2.6	0.73	-9999.9	3	14	-9999.9	47	-9999.9	3	23.4	3
2025 06 13 15	0.43	0.42	2.4	2.5	2.7	0.68	-9999.9	3	15	-9999.9	43	-9999.9	3	23.3	3
2025 06 13 16	0.39	0.39	2.4	2.4	2.7	0.64	-9999.9	3	20	-9999.9	43	-9999.9	3	23.3	3
2025 06 13 17	0.32	0.31	2.3	2.4	2.5	0.5	-9999.9	3	22	-9999.9	46	-9999.9	3	23.4	3
2025 06 13 18	0.3	0.29	2.6	2.8	6.2	0.45	-9999.9	3	29	-9999.9	47	-9999.9	3	23.5	3
2025 06 13 19	0.22	0.21	2.5	2.6	3.8	0.37	-9999.9	3	31	-9999.9	53	-9999.9	3	23.6	3
2025 06 13 20	0.18	0.18	2.6	2.7	4.0	0.27	-9999.9	3	34	-9999.9	54	-9999.9	3	23.5	3
2025 06 13 21	0.16	0.15	2.5	2.6	4.8	0.29	-9999.9	3	38	-9999.9	53	-9999.9	3	23.5	3
2025 06 13 22	0.15	0.15	2.6	2.9	5.7	0.25	-9999.9	3	54	-9999.9	51	-9999.9	3	23.5	3
2025 06 13 23	0.14	0.13	3.0	3.2	5.9	0.24	-9999.9	3	51	-9999.9	53	-9999.9	3	23.4	3
2025 06 14 00	0.15	0.14	2.9	3.1	5.6	0.23	-9999.9	3	64	-9999.9	53	-9999.9	3	23.4	3
2025 06 14 01	0.14	0.13	3.1	3.5	5.5	0.22	-9999.9	3	53	-9999.9	49	-9999.9	3	23.3	3
2025 06 14 02	0.17	0.17	2.6	3.2	4.9	0.28	-9999.9	3	37	-9999.9	51	-9999.9	3	23.3	3
2025 06 14 03	0.18	0.18	3.2	3.3	3.9	0.34	-9999.9	3	44	-9999.9	51	-9999.9	3	23.2	3
2025 06 14 04	0.2	0.19	3.3	3.4	3.6	0.33	-9999.9	3	45	-9999.9	46	-9999.9	3	23.2	3
2025 06 14 05	0.19	0.18	3.2	3.3	3.5	0.3	-9999.9	3	49	-9999.9	43	-9999.9	3	23.2	3
2025 06 14 06	0.18	0.17	3.1	3.1	3.4	0.26	-9999.9	3	54	-9999.9	49	-9999.9	3	23.1	3
2025 06 14 07	0.16	0.16	3.2	3.2	3.5	0.27	-9999.9	3	57	-9999.9	52	-9999.9	3	23.1	3
2025 06 14 08	0.18	0.17	3.0	3.2	3.6	0.28	-9999.9	3	63	-9999.9	47	-9999.9	3	23.1	3
2025 06 14 09	0.2	0.2	2.8	3.4	3.7	0.36	-9999.9	3	59	-9999.9	53	-9999.9	3	23.2	3
2025 06 14 10	0.28	0.27	3.5	3.6	4.0	0.44	-9999.9	3	63	-9999.9	45	-9999.9	3	23.4	3
2025 06 14 11	0.36	0.36	3.3	3.6	4.5	0.62	-9999.9	3	61	-9999.9	47	-9999.9	3	23.6	3
2025 06 14 12	0.45	0.45	3.6	3.8	5.0	0.76	-9999.9	3	56	-9999.9	44	-9999.9	3	23.9	3
2025 06 14 13	0.52	0.51	4.0	4.1	5.2	0.79	-9999.9	3	58	-9999.9	44	-9999.9	3	24.1	3
2025 06 14 14	0.55	0.53	4.0	4.2	5.5	0.96	-9999.9	3	58	-9999.9	46	-9999.9	3	23.8	3
2025 06 14 15	0.63	0.61	3.4	3.6	5.3	1.33	-9999.9	3	46	-9999.9	42	-9999.9	3	24.0	3
2025 06 14 16	0.66	0.62	3.3	3.4	5.0	1.04	-9999.9	3	42	-9999.9	40	-9999.9	3	23.9	3
2025 06 14 17	0.57	0.55	3.2	3.4	5.5	0.93	-9999.9	3	48	-9999.9	43	-9999.9	3	24.0	3
2025 06 14 18	0.5	0.48	3.3	3.4	5.6	0.75	-9999.9	3	46	-9999.9	47	-9999.9	3	24.0	3
2025 06 14 19	0.45	0.44	3.8	3.7	5.3	0.86	-9999.9	3	56	-9999.9	43	-9999.9	3	24.3	3
2025 06 14 20	0.37	0.36	3.6	3.7	5.3	0.55	-9999.9	3	62	-9999.9	49	-9999.9	3	24.1	3
2025 06 14 21	0.41	0.41	3.9	4.1	5.4	0.67	-9999.9	3	58	-9999.9	41	-9999.9	3	24.1	3
2025 06 14 22	0.36	0.34	3.9	3.9	5.4	0.54	-9999.9	3	62	-9999.9	47	-9999.9	3	24.0	3
2025 06 14 23	0.39	0.38	3.9	4.1	5.2	0.72	-9999.9	3	57	-9999.9	45	-9999.9	3	23.9	3
2025 06 15 00	0.43	0.42	4.1	4.1	5.1	0.96	-9999.9	3	54	-9999.9	45	-9999.9	3	23.8	3
2025 06 15 01	0.43	0.42	4.2	4.2	5.0	0.73	-9999.9	3	51	-9999.9	46	-9999.9	3	23.8	3
2025 06 15 02	0.42	0.41	4.4	4.3	4.9	0.63	-9999.9	3	52	-9999.9	42	-9999.9	3	23.8	3
2025 06 15 03	0.46	0.45	4.3	4.4	5.4	0.67	-9999.9	3	47	-9999.9	43	-9999.9	3	23.8	3
2025 06 15 04	0.49	0.47	4.1	4.2	5.5	0.84	-9999.9	3	60	-9999.9	42	-9999.9	3	23.7	3
2025 06 15 05	0.51	0.5	4.4	4.3	5.9	0.79	-9999.9	3	67	-9999.9	46	-9999.9	3	23.7	3
2025 06 15 06	0.54	0.53	4.7	4.5	5.9	0.92	-9999.9	3	64	-9999.9	41	-9999.9	3	23.7	3
2025 06 15 07	0.53	0.52	4.3	4.3	5.7	0.87	-9999.9	3	70	-9999.9	46	-9999.9	3	23.6	3
2025 06 15 08	0.51	0.5	4.2	4.3	5.3	0.78	-9999.9	3	60	-9999.9	43	-9999.9	3	23.8	3
2025 06 15 09	0.49	0.47	4.2	4.2	5.7	0.72	-9999.9	3	63	-9999.9	47	-9999.9	3	23.9	3
2025 06 15 10	0.47	0.45	4.2	4.2	6.0	0.77	-9999.9	3	64	-9999.9	45	-9999.9	3	24.0	3
2025 06 15 11	0.44	0.42	3.1	3.5	5.3	0.85	-9999.9	3	57	-9999.9	48	-9999.9	3	24.0	3
2025 06 15 12	0.46	0.44	3.8	4.0	5.7	0.71	-9999.9	3	58	-9999.9	47	-9999.9	3	24.3	3
2025 06 15 13	0.45	0.45	4.0	4.1	5.6	0.66	-9999.9	3	55	-9999.9	48	-9999.9	3	24.3	3
2025 06 15 14	0.4	0.4	3.5	3.8	6.0	0.88	-9999.9	3	56	-9999.9	48	-9999.9	3	24.4	3
2025 06 15 15	0.4	0.38	3.5	3.8	5.5	0.6	-9999.9	3	61	-9999.9	52	-9999.9	3	24.5	3
2025 06 15 16	0.43	0.42	3.7	4.0	5.0	0.77	-9999.9	3	57	-9999.9	48	-9999.9	3	24.7	3
2025 06 15 17	0.42	0.4	3.7	3.9	5.5	0.7	-9999.9	3	57	-9999.9	49	-9999.9	3	24.7	3
2025 06 15 18	0.43	0.42	3.8	4.0	5.9	0.69	-9999.9	3	59	-9999.9	42	-9999.9	3	24.5	3
2025 06 15 19	0.43	0.42	4.0	4.0	5.7	0.83	-9999.9	3	57	-9999.9	43	-9999.9	3	24.4	3
2025 06 15 20	0.43	0.42	3.9	4.0	5.6	0.69	-9999.9	3	51	-9999.9	40	-9999.9	3	24.3	3
2025 06 15 21	0.38	0.37	3.8	3.9	5.5	0.59	-9999.9	3	49	-9999.9	44	-9999.9	3	24.4	3
2025 06 15 22	0.35	0.33	3.8	3.8	5.5	0.62	-9999.9	3	50	-9999.9	49	-9999.9	3	24.4	3
2025 06 15 23	0.37	0.36	3.6	3.8	5.4	0.55	-9999.9	3	51	-9999.9	52	-9999.9	3	24.3	3
2025 06 16 00	0.34	0.33	3.5	3.5	4.6	0.54	-9999.9	3	47	-9999.9	48	-9999.9	3	24.2	3
2025 06 16 01	0.36	0.35	3.4	3.6	4.7	0.57	-9999.9	3	46	-9999.9	50	-9999.9	3	24.0	3
2025 06 16 02	0.42	0.41	3.5	3.7	5.0	0.73	-9999.9	3	47	-9999.9	44	-9999.9	3	23.9	3
2025 06 16 03	0.41	0.39	3.2	3.4	5.1	0.66	-9999.9	3	47	-9999.9	49	-9999.9	3	23.8	3
2025 06 16 04	0.46	0.45	3.8	3.9	5.4	0.78	-9999.9	3	46	-9999.9	46	-9999.9	3	23.8	3
2025 06 16 05	0.49	0.48	4.0	4.1	6.0	0.79	-9999.9	3	44	-9999.9	45	-9999.9	3	23.7	3
2025 06 16 06	0.52	0.52	4.1	4.3	5.8	0.89	-9999.9	3	51	-9999.9	46	-9999.9	3	23.6	3
2025 06 16 07	0.51	0.49	3.5	3.7	5.7	0.85	-9999.9	3	56	-9999.9	46	-9999.9	3	23.7	3
2025 06 16 08	0.46	0.44	3.5	3.6	5.8	0.79	-9999.9	3	60	-9999.9	50	-9999.9	3	23.7	3
2025 06 16 09	0.48	0.47	3.7	3.9	5.7	0.86	-9999.9	3	56	-9999.9	45	-9999.9	3	23.9	3
2025 06 16 10	0.49	0.48	3.9	4.1	5.6	0.79	-9999.9	3	64	-9999.9	45	-9999.9	3	24.1	3
2025 06 16 11	0.54	0.52	3.9	4.1	5.6	0.85	-9999.9	3	57	-9999.9	47	-9999.9	3	24.3	3
2025 06 16 12	0.55	0.54	4.0	4.1	5.3	0.91	-9999.9	3	45	-9999.9	47	-9999.9	3	24.4	3
2025 06 16 13	0.64	0.62	3.8	3.9	4.8	1.1	-9999.9	3	42	-9999.9	47	-9999.9	3	24.6	3
2025 06 16 14	0.59	0.57	3.7	3.8	5.2	0.99	-9999.9	3	54	-9999.9	50	-9999.9	3	24.5	3
2025 06 16 15	0.66	0.64	3.7	4.0	5.3	1.14	-9999.9	3	52	-9999.9	50	-9999.9	3	24.5	3
2025 06 16 16	0.72	0.69	3.9	4.0	5.5	1.3	-9999.9	3	42	-9999.9	45	-9999.9	3	25.1	3
2025 06 16 17	0.76	0.74	4.2	4.2	5.4	1.19	-9999.9	3	42	-9999.9	42	-9999.9	3	25.1	3
2025 06 16 18	0.75	0.75	4.2	4.1	5.5	1.07	-9999.9	3	39	-9999.9	42	-9999.9	3	25.0	3
2025 06 16 19	0.81	0.79	4.3	4.4	5.9	1.56	-9999.9	3	39	-9999.9	44	-9999.9	3	25.1	3
2025 06 16 20	0.81	0.8	4.4	4.5	5.5	1.29	-9999.9	3	47	-9999.9	40	-9999.9	3	25.1	3
2025 06 16 21	0.8	0.78	4.7	4.5	5.6	1.29	-9999.9	3	45	-9999.9	46	-9999.9	3	25.2	3
2025 06 16 22	0.75	0.73	4.4	4.4	5.5	1.38	-9999.9	3	47	-9999.9	41	-9999.9	3	24.9	3
2025 06 16 23	0.83	0.81	4.5	4.6	5.7	1.17	-9999.9	3	47	-9999.9	42	-9999.9	3	24.5	3
2025 06 17 00	0.89	0.87	4.3	4.4	5.7	1.51	-9999.9	3	45	-9999.9	38	-9999.9	3	24.4	3
2025 06 17 01	0.85	0.84	4.3	4.3	5.6	1.51	-9999.9	3	42	-9999.9	44	-9999.9	3	24.3	3
2025 06 17 02	0.91	0.88	4.0	4.2	5.5	1.56	-9999.9	3	43	-9999.9	45	-9999.9	3	24.1	3
2025 06 17 03	0.92	0.88	3.9	4.0	5.4	1.58	-9999.9	3	40	-9999.9	46	-9999.9	3	24.1	3
2025 06 17 04	0.86	0.83	4.0	4.0	5.5	1.67	-9999.9	3	47	-9999.9	46	-9999.9	3	24.1	3
2025 06 17 05	0.91	0.88	3.9	4.0	5.5	1.43	-9999.9	3	52	-9999.9	44	-9999.9	3	24.1	3
2025 06 17 06	0.83	0.81	3.8	3.9	5.4	1.35	-9999.9	3	49	-9999.9	43	-9999.9	3	23.9	3
2025 06 17 07	0.78	0.77	4.0	4.1	6.1	1.15	-9999.9	3	56	-9999.9	49	-9999.9	3	23.8	3
2025 06 17 08	0.78	0.75	4.0	4.2	5.9	1.19	-9999.9	3	56	-9999.9	45	-9999.9	3	24.0	3
2025 06 17 09	0.75	0.72	4.1	4.3	6.0	1.09	-9999.9	3	57	-9999.9	46	-9999.9	3	24.2	3
2025 06 17 10	0.76	0.74	4.3	4.3	5.9	1.14	-9999.9	3	59	-9999.9	45	-9999.9	3	24.2	3
2025 06 17 11	0.69	0.68	4.2	4.3	5.8	1.16	-9999.9	3	57	-9999.9	45	-9999.9	3	24.7	3
2025 06 17 12	0.69	0.68	4.1	4.3	5.7	1.14	-9999.9	3	61	-9999.9	43	-9999.9	3	25.0	3
2025 06 17 13	0.65	0.62	4.2	4.2	5.9	1.08	-9999.9	3	60	-9999.9	43	-9999.9	3	24.8	3
2025 06 17 14	0.68	0.65	3.9	4.1	5.9	1.18	-9999.9	3	64	-9999.9	46	-9999.9	3	24.7	3
2025 06 17 15	0.64	0.62	4.0	4.2	5.8	1.04	-9999.9	3	63	-9999.9	44	-9999.9	3	25.2	3
2025 06 17 16	0.64	0.63	4.2	4.3	5.8	1.04	-9999.9	3	56	-9999.9	43	-9999.9	3	25.4	3
2025 06 17 17	0.58	0.56	4.0	4.1	5.4	0.95	-9999.9	3	57	-9999.9	47	-9999.9	3	25.7	3
2025 06 17 18	0.58	0.57	4.1	4.2	5.8	0.88	-9999.9	3	52	-9999.9	47	-9999.9	3	25.7	3
2025 06 17 19	0.56	0.54	4.2	4.2	5.8	0.86	-9999.9	3	58	-9999.9	46	-9999.9	3	25.7	3
2025 06 17 20	0.54	0.53	3.9	4.1	5.8	0.86	-9999.9	3	48	-9999.9	49	-9999.9	3	25.5	3
2025 06 17 21	0.54	0.52	4.1	4.2	6.2	1.0	-9999.9	3	59	-9999.9	45	-9999.9	3	25.3	3
2025 06 17 22	0.52	0.5	4.2	4.4	6.3	0.9	-9999.9	3	57	-9999.9	45	-9999.9	3	25.0	3
2025 06 17 23	0.49	0.47	4.2	4.4	6.4	0.88	-9999.9	3	49	-9999.9	45	-9999.9	3	24.9	3
2025 06 18 00	0.48	0.46	4.4	4.3	6.2	0.77	-9999.9	3	52	-9999.9	49	-9999.9	3	24.7	3
2025 06 18 01	0.53	0.51	3.8	3.8	5.9	0.78	-9999.9	3	45	-9999.9	45	-9999.9	3	24.8	3
2025 06 18 02	0.5	0.48	3.8	3.9	6.1	0.76	-9999.9	3	48	-9999.9	47	-9999.9	3	24.6	3
2025 06 18 03	0.5	0.48	3.7	3.9	5.9	0.86	-9999.9	3	46	-9999.9	43	-9999.9	3	24.9	3
2025 06 18 04	0.49	0.46	3.7	3.8	6.0	0.76	-9999.9	3	45	-9999.9	45	-9999.9	3	25.0	3
2025 06 18 05	0.5	0.48	3.7	3.8	5.6	0.73	-9999.9	3	47	-9999.9	46	-9999.9	3	25.0	3
2025 06 18 06	0.53	0.5	3.7	3.8	5.7	0.9	-9999.9	3	47	-9999.9	40	-9999.9	3	24.4	3
2025 06 18 07	0.48	0.47	3.8	4.0	5.7	0.91	-9999.9	3	56	-9999.9	43	-9999.9	3	23.9	3
2025 06 18 08	0.45	0.44	3.8	4.0	5.5	0.74	-9999.9	3	69	-9999.9	44	-9999.9	3	23.8	3
2025 06 18 09	0.41	0.4	3.7	3.9	5.6	0.7	-9999.9	3	73	-9999.9	47	-9999.9	3	24.2	3
2025 06 18 10	0.41	0.4	3.6	3.9	5.4	0.71	-9999.9	3	65	-9999.9	47	-9999.9	3	24.5	3
2025 06 18 11	0.36	0.34	3.2	3.5	5.4	0.64	-9999.9	3	64	-9999.9	51	-9999.9	3	24.7	3
2025 06 18 12	0.32	0.31	3.5	3.7	5.3	0.48	-9999.9	3	57	-9999.9	56	-9999.9	3	25.4	3
2025 06 18 13	0.33	0.33	3.6	3.8	5.2	0.55	-9999.9	3	55	-9999.9	52	-9999.9	3	26.0	3
2025 06 18 14	0.33	0.33	3.7	3.8	5.1	0.54	-9999.9	3	53	-9999.9	47	-9999.9	3	26.4	3
2025 06 18 15	0.31	0.3	3.6	4.0	5.2	0.51	-9999.9	3	48	-9999.9	47	-9999.9	3	26.4	3
2025 06 18 16	0.28	0.27	3.8	3.8	5.1	0.53	-9999.9	3	49	-9999.9	48	-9999.9	3	26.0	3
2025 06 18 17	0.3	0.29	3.5	3.8	5.2	0.49	-9999.9	3	46	-9999.9	49	-9999.9	3	25.9	3
2025 06 18 18	0.29	0.28	3.6	3.7	4.8	0.46	-9999.9	3	45	-9999.9	49	-9999.9	3	25.9	3
2025 06 18 19	0.29	0.28	3.5	3.6	5.0	0.45	-9999.9	3	40	-9999.9	49	-9999.9	3	25.8	3
2025 06 18 20	0.3	0.29	3.4	3.5	5.0	0.43	-9999.9	3	38	-9999.9	49	-9999.9	3	25.8	3
2025 06 18 21	0.31	0.3	3.2	3.3	4.7	0.5	-9999.9	3	42	-9999.9	47	-9999.9	3	25.7	3
2025 06 18 22	0.29	0.28	3.3	3.3	4.7	0.47	-9999.9	3	50	-9999.9	49	-9999.9	3	25.6	3
2025 06 18 23	0.26	0.25	3.3	3.4	4.5	0.48	-9999.9	3	51	-9999.9	51	-9999.9	3	25.4	3
2025 06 19 00	0.32	0.31	2.5	2.6	4.9	0.51	-9999.9	3	50	-9999.9	46	-9999.9	3	25.3	3
2025 06 19 01	0.35	0.34	2.5	2.6	3.9	0.53	-9999.9	3	59	-9999.9	46	-9999.9	3	25.1	3
2025 06 19 02	0.4	0.39	2.5	2.7	2.9	0.82	-9999.9	3	61	-9999.9	49	-9999.9	3	24.9	3
2025 06 19 03	0.32	0.3	2.7	2.8	3.3	0.52	-9999.9	3	59	-9999.9	54	-9999.9	3	25.0	3
2025 06 19 04	0.27	0.26	2.9	2.9	4.1	0.43	-9999.9	3	71	-9999.9	49	-9999.9	3	24.8	3
2025 06 19 05	0.24	0.24	3.0	3.1	4.4	0.39	-9999.9	3	77	-9999.9	48	-9999.9	3	24.6	3
2025 06 19 06	0.3	0.29	2.8	3.1	3.8	0.59	-9999.9	3	60	-9999.9	49	-9999.9	3	24.5	3
2025 06 19 07	0.46	0.45	2.6	2.7	3.1	0.74	-9999.9	3	50	-9999.9	45	-9999.9	3	24.4	3
2025 06 19 08	0.4	0.39	2.6	2.7	3.3	0.69	-9999.9	3	55	-9999.9	50	-9999.9	3	24.0	3
2025 06 19 09	0.38	0.36	2.7	2.9	3.9	0.66	-9999.9	3	50	-9999.9	49	-9999.9	3	24.3	3
2025 06 19 10	0.35	0.34	2.7	2.8	4.0	0.56	-9999.9	3	56	-9999.9	52	-9999.9	3	24.7	3
2025 06 19 11	0.34	0.33	3.0	3.1	4.3	0.53	-9999.9	3	58	-9999.9	48	-9999.9	3	25.2	3
2025 06 19 12	0.3	0.29	2.9	3.0	4.1	0.61	-9999.9	3	72	-9999.9	57	-9999.9	3	25.3	3
2025 06 19 13	0.3	0.29	2.9	3.0	4.2	0.47	-9999.9	3	53	-9999.9	55	-9999.9	3	26.1	3
2025 06 19 14	0.29	0.28	3.0	3.2	4.1	0.52	-9999.9	3	63	-9999.9	56	-9999.9	3	26.7	3
2025 06 19 15	0.28	0.27	2.8	3.0	4.0	0.45	-9999.9	3	35	-9999.9	53	-9999.9	3	26.8	3
2025 06 19 16	0.34	0.32	2.8	2.9	3.8	0.56	-9999.9	3	41	-9999.9	49	-9999.9	3	26.9	3
2025 06 19 17	0.32	0.31	2.9	2.9	3.7	0.56	-9999.9	3	36	-9999.9	53	-9999.9	3	26.8	3
2025 06 19 18	0.32	0.31	2.9	2.9	3.5	0.57	-9999.9	3	42	-9999.9	54	-9999.9	3	26.3	3
2025 06 19 19	0.31	0.3	2.9	3.0	3.8	0.49	-9999.9	3	35	-9999.9	55	-9999.9	3	25.5	3
2025 06 19 20	0.34	0.33	3.0	3.1	3.7	0.62	-9999.9	3	45	-9999.9	48	-9999.9	3	25.1	3
2025 06 19 21	0.34	0.33	3.3	3.3	4.0	0.52	-9999.9	3	46	-9999.9	51	-9999.9	3	24.5	3
2025 06 19 22	0.35	0.34	3.2	3.3	4.0	0.56	-9999.9	3	39	-9999.9	54	-9999.9	3	24.4	3
2025 06 19 23	0.37	0.36	3.3	3.3	3.8	0.56	-9999.9	3	27	-9999.9	50	-9999.9	3	24.4	3
2025 06 20 00	0.38	0.36	3.3	3.4	4.0	0.69	-9999.9	3	35	-9999.9	48	-9999.9	3	24.7	3
2025 06 20 01	0.41	0.4	3.4	3.5	4.1	0.67	-9999.9	3	42	-9999.9	48	-9999.9	3	24.3	3
2025 06 20 02	0.47	0.45	3.1	3.3	4.0	0.73	-9999.9	3	47	-9999.9	47	-9999.9	3	24.0	3
2025 06 20 03	0.46	0.45	3.3	3.3	4.2	0.72	-9999.9	3	46	-9999.9	52	-9999.9	3	24.1	3
2025 06 20 04	0.43	0.43	3.3	3.4	4.2	0.76	-9999.9	3	37	-9999.9	53	-9999.9	3	25.5	3
2025 06 20 05	0.47	0.46	3.4	3.4	4.2	0.83	-9999.9	3	43	-9999.9	47	-9999.9	3	25.4	3
2025 06 20 06	0.48	0.48	3.4	3.4	4.2	0.82	-9999.9	3	45	-9999.9	48	-9999.9	3	25.0	3
2025 06 20 07	0.53	0.51	3.4	3.4	4.3	0.76	-9999.9	3	51	-9999.9	46	-9999.9	3	24.7	3
2025 06 20 08	0.61	0.6	3.5	3.7	4.5	1.08	-9999.9	3	71	-9999.9	46	-9999.9	3	23.7	3
2025 06 20 09	0.7	0.68	3.7	3.8	4.5	1.16	-9999.9	3	57	-9999.9	51	-9999.9	3	24.6	3
2025 06 20 10	0.62	0.61	3.4	3.4	4.6	0.92	-9999.9	3	65	-9999.9	51	-9999.9	3	24.7	3
2025 06 20 11	0.66	0.64	3.5	3.6	4.7	1.19	-9999.9	3	60	-9999.9	48	-9999.9	3	25.2	3
2025 06 20 12	0.56	0.54	3.3	3.4	4.6	1.22	-9999.9	3	63	-9999.9	54	-9999.9	3	25.2	3
2025 06 20 13	0.54	0.53	3.6	3.7	4.6	0.87	-9999.9	3	54	-9999.9	52	-9999.9	3	25.9	3
2025 06 20 14	0.57	0.56	3.5	3.5	4.5	1.0	-9999.9	3	57	-9999.9	51	-9999.9	3	26.5	3
2025 06 20 15	0.54	0.52	3.3	3.5	4.5	1.06	-9999.9	3	42	-9999.9	50	-9999.9	3	26.4	3
2025 06 20 16	0.57	0.55	3.6	3.6	4.6	0.88	-9999.9	3	46	-9999.9	50	-9999.9	3	26.1	3
2025 06 20 17	0.71	0.69	3.7	3.8	4.6	1.1	-9999.9	3	41	-9999.9	46	-9999.9	3	26.1	3
2025 06 20 18	0.73	0.71	3.9	3.9	4.8	1.1	-9999.9	3	33	-9999.9	43	-9999.9	3	26.0	3
2025 06 20 19	0.75	0.73	4.0	4.0	4.7	1.13	-9999.9	3	38	-9999.9	48	-9999.9	3	26.0	3
2025 06 20 20	0.69	0.66	3.8	3.9	4.9	1.21	-9999.9	3	60	-9999.9	47	-9999.9	3	25.9	3
2025 06 20 21	0.73	0.72	4.0	4.0	5.1	1.03	-9999.9	3	63	-9999.9	49	-9999.9	3	25.9	3
2025 06 20 22	0.69	0.68	4.0	3.9	4.7	1.12	-9999.9	3	64	-9999.9	49	-9999.9	3	25.7	3
2025 06 20 23	0.66	0.65	3.9	4.0	5.2	1.01	-9999.9	3	65	-9999.9	45	-9999.9	3	25.3	3
2025 06 21 00	0.67	0.65	4.1	4.2	5.1	1.13	-9999.9	3	67	-9999.9	44	-9999.9	3	25.2	3
2025 06 21 01	0.71	0.69	4.2	4.3	5.2	1.23	-9999.9	3	67	-9999.9	38	-9999.9	3	25.0	3
2025 06 21 02	0.65	0.62	3.1	3.4	5.0	1.13	-9999.9	3	58	-9999.9	48	-9999.9	3	25.0	3
2025 06 21 03	0.63	0.6	3.5	3.7	5.1	1.07	-9999.9	3	68	-9999.9	47	-9999.9	3	25.0	3
2025 06 21 04	0.64	0.62	3.6	3.6	5.1	1.12	-9999.9	3	69	-9999.9	49	-9999.9	3	24.5	3
2025 06 21 05	0.61	0.59	3.7	3.8	5.1	0.97	-9999.9	3	75	-9999.9	49	-9999.9	3	24.4	3
2025 06 21 06	0.61	0.6	3.8	3.9	4.8	0.92	-9999.9	3	70	-9999.9	44	-9999.9	3	25.1	3
2025 06 21 07	0.67	0.66	4.1	4.0	4.7	1.1	-9999.9	3	65	-9999.9	43	-9999.9	3	25.3	3
2025 06 21 08	0.6	0.59	3.8	3.8	4.8	1.07	-9999.9	3	72	-9999.9	44	-9999.9	3	25.3	3
2025 06 21 09	0.57	0.56	3.6	3.8	4.7	0.94	-9999.9	3	78	-9999.9	44	-9999.9	3	25.3	3
2025 06 21 10	0.5	0.49	3.4	3.6	4.9	0.89	-9999.9	3	78	-9999.9	47	-9999.9	3	25.2	3
2025 06 21 11	0.48	0.46	3.2	3.3	4.6	0.84	-9999.9	3	77	-9999.9	47	-9999.9	3	25.4	3
2025 06 21 12	0.42	0.4	3.1	3.4	4.9	0.67	-9999.9	3	64	-9999.9	50	-9999.9	3	25.4	3
2025 06 21 13	0.39	0.39	3.3	3.5	4.8	0.8	-9999.9	3	71	-9999.9	50	-9999.9	3	26.1	3
2025 06 21 14	0.34	0.33	3.2	3.3	4.0	0.54	-9999.9	3	64	-9999.9	55	-9999.9	3	26.8	3
2025 06 21 15	0.33	0.32	3.4	3.5	4.9	0.63	-9999.9	3	61	-9999.9	49	-9999.9	3	26.4	3
2025 06 21 16	0.29	0.28	3.3	3.4	4.8	0.47	-9999.9	3	54	-9999.9	52	-9999.9	3	26.7	3
2025 06 21 17	0.3	0.29	3.6	3.6	5.0	0.64	-9999.9	3	58	-9999.9	48	-9999.9	3	26.9	3
2025 06 21 18	0.3	0.29	3.4	3.6	5.0	0.49	-9999.9	3	53	-9999.9	55	-9999.9	3	26.8	3
2025 06 21 19	0.31	0.3	3.6	3.6	4.7	0.47	-9999.9	3	61	-9999.9	53	-9999.9	3	26.4	3
2025 06 21 20	0.29	0.28	3.5	3.6	4.6	0.49	-9999.9	3	63	-9999.9	53	-9999.9	3	26.0	3
2025 06 21 21	0.3	0.29	3.8	3.7	4.6	0.48	-9999.9	3	51	-9999.9	53	-9999.9	3	25.9	3
2025 06 21 22	0.32	0.32	3.7	3.6	4.6	0.59	-9999.9	3	51	-9999.9	48	-9999.9	3	25.9	3
2025 06 21 23	0.35	0.34	3.3	3.4	4.8	0.55	-9999.9	3	60	-9999.9	47	-9999.9	3	25.6	3
2025 06 22 00	0.36	0.35	3.2	3.3	4.2	0.59	-9999.9	3	58	-9999.9	47	-9999.9	3	25.6	3
2025 06 22 01	0.33	0.33	3.1	3.2	4.2	0.56	-9999.9	3	57	-9999.9	51	-9999.9	3	25.4	3
2025 06 22 02	0.33	0.32	3.0	3.2	4.2	0.6	-9999.9	3	58	-9999.9	50	-9999.9	3	25.3	3
2025 06 22 03	0.34	0.33	2.9	3.0	3.9	0.55	-9999.9	3	63	-9999.9	49	-9999.9	3	25.2	3
2025 06 22 04	0.34	0.33	3.0	3.1	4.3	0.57	-9999.9	3	67	-9999.9	51	-9999.9	3	25.2	3
2025 06 22 05	0.36	0.35	3.1	3.3	4.3	0.67	-9999.9	3	57	-9999.9	50	-9999.9	3	25.0	3
2025 06 22 06	0.4	0.38	3.3	3.4	4.1	0.64	-9999.9	3	58	-9999.9	49	-9999.9	3	25.2	3
2025 06 22 07	0.46	0.45	3.2	3.3	4.1	0.79	-9999.9	3	53	-9999.9	49	-9999.9	3	25.0	3
2025 06 22 08	0.49	0.48	3.4	3.4	4.2	0.68	-9999.9	3	59	-9999.9	47	-9999.9	3	25.1	3
2025 06 22 09	0.52	0.5	3.5	3.5	4.2	0.86	-9999.9	3	59	-9999.9	48	-9999.9	3	25.2	3
2025 06 22 10	0.49	0.48	3.3	3.4	4.3	0.82	-9999.9	3	55	-9999.9	51	-9999.9	3	26.1	3
2025 06 22 11	0.45	0.44	3.4	3.5	4.4	0.79	-9999.9	3	61	-9999.9	52	-9999.9	3	26.1	3
2025 06 22 12	0.44	0.43	3.2	3.3	4.3	0.79	-9999.9	3	61	-9999.9	50	-9999.9	3	26.8	3
2025 06 22 13	0.46	0.44	3.5	3.6	4.4	0.67	-9999.9	3	48	-9999.9	50	-9999.9	3	27.1	3
2025 06 22 14	0.44	0.43	3.5	3.6	4.4	0.65	-9999.9	3	55	-9999.9	51	-9999.9	3	26.9	3
2025 06 22 15	0.43	0.42	3.3	3.4	4.2	0.79	-9999.9	3	64	-9999.9	52	-9999.9	3	26.8	3
2025 06 22 16	0.45	0.44	3.3	3.5	4.5	0.77	-9999.9	3	52	-9999.9	48	-9999.9	3	26.9	3
2025 06 22 17	0.52	0.52	3.7	3.7	4.6	0.81	-9999.9	3	49	-9999.9	46	-9999.9	3	26.9	3
2025 06 22 18	0.55	0.54	3.5	3.6	4.8	0.98	-9999.9	3	50	-9999.9	48	-9999.9	3	26.7	3
2025 06 22 19	0.57	0.56	3.6	3.7	4.7	0.85	-9999.9	3	49	-9999.9	49	-9999.9	3	26.3	3
2025 06 22 20	0.54	0.53	3.8	3.8	4.8	0.86	-9999.9	3	51	-9999.9	49	-9999.9	3	26.6	3
2025 06 22 21	0.64	0.61	3.8	4.0	4.9	0.97	-9999.9	3	50	-9999.9	46	-9999.9	3	26.5	3
2025 06 22 22	0.73	0.73	4.0	4.1	4.9	1.15	-9999.9	3	48	-9999.9	45	-9999.9	3	26.3	3
2025 06 22 23	0.75	0.73	4.1	4.2	5.0	1.21	-9999.9	3	43	-9999.9	42	-9999.9	3	25.9	3
2025 06 23 00	0.78	0.77	3.9	4.1	5.2	1.39	-9999.9	3	50	-9999.9	44	-9999.9	3	25.7	3
2025 06 23 01	0.81	0.79	4.3	4.3	5.3	1.22	-9999.9	3	60	-9999.9	44	-9999.9	3	25.4	3
2025 06 23 02	0.79	0.76	4.2	4.2	5.6	1.13	-9999.9	3	62	-9999.9	44	-9999.9	3	25.7	3
2025 06 23 03	0.87	0.84	4.2	4.2	5.4	1.36	-9999.9	3	60	-9999.9	43	-9999.9	3	25.6	3
2025 06 23 04	0.87	0.84	4.3	4.2	5.3	1.38	-9999.9	3	65	-9999.9	48	-9999.9	3	25.6	3
2025 06 23 05	0.81	0.79	4.0	4.1	5.4	1.31	-9999.9	3	61	-9999.9	44	-9999.9	3	25.4	3
2025 06 23 06	0.86	0.84	4.1	4.1	5.4	1.45	-9999.9	3	59	-9999.9	42	-9999.9	3	25.3	3
2025 06 23 07	0.92	0.9	4.1	4.1	5.3	1.38	-9999.9	3	53	-9999.9	39	-9999.9	3	25.3	3
2025 06 23 08	0.94	0.91	4.1	4.3	5.6	1.39	-9999.9	3	45	-9999.9	44	-9999.9	3	25.4	3
2025 06 23 09	1.16	1.13	4.6	4.5	5.9	1.79	-9999.9	3	51	-9999.9	41	-9999.9	3	25.5	3
2025 06 23 10	1.15	1.14	4.6	4.6	6.2	1.9	-9999.9	3	48	-9999.9	43	-9999.9	3	25.3	3
2025 06 23 11	1.14	1.1	4.5	4.4	6.1	1.67	-9999.9	3	51	-9999.9	42	-9999.9	3	25.4	3
2025 06 23 12	1.08	1.04	4.1	4.2	6.0	1.79	-9999.9	3	54	-9999.9	42	-9999.9	3	25.5	3
2025 06 23 13	1.0	0.98	4.3	4.2	6.2	1.92	-9999.9	3	52	-9999.9	45	-9999.9	3	25.9	3
2025 06 23 14	0.96	0.94	4.3	4.2	5.8	1.69	-9999.9	3	52	-9999.9	45	-9999.9	3	26.1	3
2025 06 23 15	0.99	0.94	4.1	4.1	5.9	1.4	-9999.9	3	56	-9999.9	42	-9999.9	3	26.3	3
2025 06 23 16	0.93	0.89	3.9	4.1	6.0	1.77	-9999.9	3	58	-9999.9	44	-9999.9	3	26.6	3
2025 06 23 17	0.87	0.85	4.2	4.2	6.1	1.41	-9999.9	3	53	-9999.9	46	-9999.9	3	26.4	3
2025 06 23 18	1.02	0.99	4.7	4.7	6.1	1.87	-9999.9	3	59	-9999.9	42	-9999.9	3	26.3	3
2025 06 23 19	1.03	1.03	5.0	4.7	6.2	1.79	-9999.9	3	51	-9999.9	43	-9999.9	3	26.1	3
2025 06 23 20	0.95	0.93	4.6	4.6	6.2	1.6	-9999.9	3	53	-9999.9	45	-9999.9	3	26.1	3
2025 06 23 21	1.07	1.06	4.9	5.0	6.4	1.83	-9999.9	3	50	-9999.9	41	-9999.9	3	25.9	3
2025 06 23 22	1.08	1.05	4.9	4.9	6.3	1.68	-9999.9	3	53	-9999.9	43	-9999.9	3	25.6	3
2025 06 23 23	1.13	1.11	4.6	4.6	6.1	2.22	-9999.9	3	54	-9999.9	46	-9999.9	3	25.2	3
2025 06 24 00	1.22	1.2	4.8	4.8	6.3	1.97	-9999.9	3	57	-9999.9	41	-9999.9	3	24.9	3
2025 06 24 01	1.12	1.1	4.5	4.7	6.5	1.83	-9999.9	3	58	-9999.9	41	-9999.9	3	24.3	3
2025 06 24 02	1.08	1.07	4.6	4.7	6.1	1.58	-9999.9	3	61	-9999.9	40	-9999.9	3	24.2	3
2025 06 24 03	1.0	0.96	4.6	4.6	6.3	1.76	-9999.9	3	60	-9999.9	41	-9999.9	3	23.7	3
2025 06 24 04	0.92	0.88	4.3	4.3	6.1	1.41	-9999.9	3	59	-9999.9	42	-9999.9	3	23.6	3
2025 06 24 05	0.89	0.87	4.2	4.1	5.6	1.62	-9999.9	3	55	-9999.9	44	-9999.9	3	23.1	3
2025 06 24 06	0.81	0.78	3.9	3.9	5.5	1.25	-9999.9	3	53	-9999.9	47	-9999.9	3	22.8	3
2025 06 24 07	0.74	0.71	3.7	3.7	5.4	1.27	-9999.9	3	53	-9999.9	46	-9999.9	3	22.7	3
2025 06 24 08	0.72	0.7	3.7	3.8	4.8	1.29	-9999.9	3	48	-9999.9	46	-9999.9	3	23.7	3
2025 06 24 09	0.7	0.68	3.8	3.8	5.5	1.09	-9999.9	3	57	-9999.9	44	-9999.9	3	24.2	3
2025 06 24 10	0.65	0.63	3.8	3.8	5.3	1.09	-9999.9	3	56	-9999.9	49	-9999.9	3	24.7	3
2025 06 24 11	0.64	0.62	3.9	3.9	5.9	0.97	-9999.9	3	53	-9999.9	50	-9999.9	3	25.0	3
2025 06 24 12	0.76	0.74	4.0	4.3	5.8	1.38	-9999.9	3	53	-9999.9	42	-9999.9	3	25.5	3
2025 06 24 13	0.76	0.73	4.2	4.3	6.2	1.45	-9999.9	3	53	-9999.9	40	-9999.9	3	25.5	3
2025 06 24 14	0.74	0.73	4.0	4.0	5.7	1.16	-9999.9	3	54	-9999.9	43	-9999.9	3	25.5	3
2025 06 24 15	0.71	0.67	4.0	4.0	6.1	1.19	-9999.9	3	60	-9999.9	42	-9999.9	3	25.5	3
2025 06 24 16	0.68	0.68	3.8	4.0	5.5	1.11	-9999.9	3	55	-9999.9	45	-9999.9	3	25.4	3
2025 06 24 17	0.77	0.74	4.1	4.3	5.6	1.47	-9999.9	3	54	-9999.9	42	-9999.9	3	24.1	3
2025 06 24 18	0.8	0.78	4.4	4.5	5.6	1.19	-9999.9	3	51	-9999.9	39	-9999.9	3	23.6	3
2025 06 24 19	0.75	0.74	4.3	4.5	5.6	1.39	-9999.9	3	57	-9999.9	42	-9999.9	3	23.2	3
2025 06 24 20	0.75	0.73	3.8	4.2	5.8	1.59	-9999.9	3	54	-9999.9	41	-9999.9	3	23.0	3
2025 06 24 21	0.67	0.65	4.2	4.2	5.8	1.08	-9999.9	3	53	-9999.9	43	-9999.9	3	22.1	3
2025 06 24 22	0.58	0.57	4.2	4.2	5.4	0.91	-9999.9	3	49	-9999.9	42	-9999.9	3	22.4	3
2025 06 24 23	0.56	0.55	4.0	4.0	5.8	0.89	-9999.9	3	54	-9999.9	46	-9999.9	3	22.4	3
2025 06 25 00	0.57	0.54	3.8	4.1	6.0	1.02	-9999.9	3	57	-9999.9	46	-9999.9	3	22.3	3
2025 06 25 01	0.6	0.59	4.1	4.2	5.8	0.94	-9999.9	3	54	-9999.9	43	-9999.9	3	22.2	3
2025 06 25 02	0.55	0.53	3.4	3.7	5.6	0.84	-9999.9	3	50	-9999.9	46	-9999.9	3	22.5	3
2025 06 25 03	0.52	0.51	3.4	3.8	5.7	0.89	-9999.9	3	46	-9999.9	49	-9999.9	3	22.4	3
2025 06 25 04	0.5	0.49	3.8	4.0	5.4	0.85	-9999.9	3	48	-9999.9	43	-9999.9	3	22.3	3
2025 06 25 05	0.45	0.44	3.9	4.2	5.4	0.7	-9999.9	3	47	-9999.9	47	-9999.9	3	22.0	3
2025 06 25 06	0.42	0.41	4.0	4.3	5.2	0.62	-9999.9	3	44	-9999.9	48	-9999.9	3	22.1	3
2025 06 25 07	0.36	0.35	4.1	4.2	5.3	0.68	-9999.9	3	35	-9999.9	50	-9999.9	3	23.3	3
2025 06 25 08	0.4	0.4	3.7	4.2	5.2	0.57	-9999.9	3	28	-9999.9	54	-9999.9	3	23.5	3
2025 06 25 09	0.42	0.42	3.6	4.0	5.2	0.65	-9999.9	3	30	-9999.9	47	-9999.9	3	23.5	3
2025 06 25 10	0.39	0.39	3.3	3.7	5.1	0.78	-9999.9	3	40	-9999.9	50	-9999.9	3	23.5	3
2025 06 25 11	0.43	0.42	3.3	3.7	5.2	0.73	-9999.9	3	43	-9999.9	44	-9999.9	3	23.4	3
2025 06 25 12	0.39	0.37	2.7	3.1	4.9	0.65	-9999.9	3	33	-9999.9	48	-9999.9	3	23.4	3
2025 06 25 13	0.35	0.35	2.8	3.2	5.1	0.57	-9999.9	3	38	-9999.9	46	-9999.9	3	23.4	3
2025 06 25 14	0.36	0.34	2.6	3.0	5.3	0.62	-9999.9	3	29	-9999.9	47	-9999.9	3	23.3	3
2025 06 25 15	0.32	0.31	2.6	2.9	5.1	0.49	-9999.9	3	27	-9999.9	42	-9999.9	3	23.4	3
2025 06 25 16	0.33	0.32	2.7	2.9	5.3	0.55	-9999.9	3	32	-9999.9	46	-9999.9	3	23.2	3
2025 06 25 17	0.32	0.3	3.1	3.3	5.1	0.52	-9999.9	3	25	-9999.9	44	-9999.9	3	23.3	3
2025 06 25 18	0.37	0.36	3.6	3.8	4.9	0.69	-9999.9	3	18	-9999.9	42	-9999.9	3	23.4	3
2025 06 25 19	0.42	0.41	3.7	3.8	5.1	0.78	-9999.9	3	13	-9999.9	43	-9999.9	3	23.2	3
2025 06 25 20	0.33	0.32	3.5	3.8	4.9	0.59	-9999.9	3	16	-9999.9	48	-9999.9	3	23.1	3
2025 06 25 21	0.32	0.3	2.8	2.9	4.7	0.5	-9999.9	3	12	-9999.9	45	-9999.9	3	23.0	3
2025 06 25 22	0.28	0.27	3.2	3.5	4.8	0.46	-9999.9	3	23	-9999.9	48	-9999.9	3	23.4	3
2025 06 25 23	0.24	0.23	3.2	3.4	4.5	0.4	-9999.9	3	29	-9999.9	51	-9999.9	3	23.5	3
2025 06 26 00	0.22	0.2	3.0	3.0	5.3	0.34	-9999.9	3	48	-9999.9	54	-9999.9	3	23.7	3
2025 06 26 01	0.19	0.18	3.0	3.2	6.1	0.3	-9999.9	3	47	-9999.9	49	-9999.9	3	23.7	3
2025 06 26 02	0.18	0.18	2.8	3.2	6.6	0.32	-9999.9	3	39	-9999.9	46	-9999.9	3	23.6	3
2025 06 26 03	0.17	0.17	2.6	3.1	6.1	0.3	-9999.9	3	43	-9999.9	53	-9999.9	3	23.6	3
2025 06 26 04	0.17	0.16	2.3	2.8	6.3	0.27	-9999.9	3	34	-9999.9	48	-9999.9	3	23.5	3
2025 06 26 05	0.16	0.15	2.5	3.1	6.7	0.27	-9999.9	3	40	-9999.9	50	-9999.9	3	23.4	3
2025 06 26 06	0.17	0.17	2.8	3.2	5.8	0.31	-9999.9	3	42	-9999.9	51	-9999.9	3	23.4	3
2025 06 26 07	0.2	0.19	2.9	3.0	6.4	0.35	-9999.9	3	35	-9999.9	49	-9999.9	3	23.3	3
2025 06 26 08	0.22	0.21	2.9	3.0	4.4	0.32	-9999.9	3	10	-9999.9	44	-9999.9	3	23.4	3
2025 06 26 09	0.2	0.19	3.0	3.1	4.1	0.29	-9999.9	3	17	-9999.9	49	-9999.9	3	23.6	3
2025 06 26 10	0.2	0.19	2.5	2.8	3.9	0.41	-9999.9	3	28	-9999.9	50	-9999.9	3	23.9	3
2025 06 26 11	0.19	0.19	2.6	2.9	3.7	0.31	-9999.9	3	30	-9999.9	47	-9999.9	3	24.2	3
2025 06 26 12	0.26	0.25	2.4	2.5	2.4	0.47	-9999.9	3	36	-9999.9	44	-9999.9	3	24.5	3
2025 06 26 13	0.42	0.41	2.5	2.6	2.8	0.77	-9999.9	3	9	-9999.9	38	-9999.9	3	24.3	3
2025 06 26 14	0.37	0.36	2.4	2.5	2.7	0.77	-9999.9	3	12	-9999.9	51	-9999.9	3	24.4	3
2025 06 26 15	0.29	0.29	2.3	2.4	2.4	0.74	-9999.9	3	13	-9999.9	51	-9999.9	3	24.6	3
2025 06 26 16	0.23	0.22	2.3	2.4	2.5	0.46	-9999.9	3	24	-9999.9	51	-9999.9	3	24.7	3
2025 06 26 17	0.23	0.22	2.4	2.5	2.8	0.4	-9999.9	3	34	-9999.9	51	-9999.9	3	24.8	3
2025 06 26 18	0.23	0.22	2.6	2.7	3.0	0.43	-9999.9	3	26	-9999.9	50	-9999.9	3	24.9	3
2025 06 26 19	0.21	0.21	2.7	2.7	3.3	0.36	-9999.9	3	22	-9999.9	51	-9999.9	3	24.7	3
2025 06 26 20	0.21	0.2	2.8	2.8	3.8	0.31	-9999.9	3	20	-9999.9	49	-9999.9	3	24.8	3
2025 06 26 21	0.17	0.16	2.9	3.0	3.9	0.26	-9999.9	3	23	-9999.9	52	-9999.9	3	24.6	3
2025 06 26 22	0.16	0.16	3.1	3.2	4.0	0.28	-9999.9	3	25	-9999.9	51	-9999.9	3	24.5	3
2025 06 26 23	0.14	0.14	3.2	3.4	4.6	0.22	-9999.9	3	33	-9999.9	50	-9999.9	3	24.3	3
2025 06 27 00	0.14	0.13	3.4	3.4	4.5	0.26	-9999.9	3	40	-9999.9	52	-9999.9	3	24.3	3
2025 06 27 01	0.12	0.11	3.6	3.5	5.1	0.18	-9999.9	3	39	-9999.9	52	-9999.9	3	24.2	3
2025 06 27 02	0.12	0.11	3.4	3.4	4.1	0.21	-9999.9	3	41	-9999.9	51	-9999.9	3	24.2	3
2025 06 27 03	0.13	0.13	3.4	3.4	3.8	0.23	-9999.9	3	69	-9999.9	50	-9999.9	3	24.1	3
2025 06 27 04	0.11	0.1	3.4	3.4	5.9	0.14	-9999.9	3	32	-9999.9	54	-9999.9	3	24.2	3
2025 06 27 05	0.11	0.1	3.3	3.4	4.9	0.17	-9999.9	3	40	-9999.9	53	-9999.9	3	24.2	3
2025 06 27 06	0.11	0.11	2.9	3.1	4.7	0.18	-9999.9	3	50	-9999.9	54	-9999.9	3	24.2	3
2025 06 27 07	0.14	0.14	2.4	2.9	3.4	0.26	-9999.9	3	62	-9999.9	46	-9999.9	3	24.2	3
2025 06 27 08	0.37	0.36	2.5	2.7	3.7	0.76	-9999.9	3	58	-9999.9	41	-9999.9	3	24.2	3
2025 06 27 09	0.47	0.46	3.0	3.1	4.3	0.88	-9999.9	3	51	-9999.9	44	-9999.9	3	24.2	3
2025 06 27 10	0.52	0.52	3.1	3.2	4.6	0.81	-9999.9	3	48	-9999.9	45	-9999.9	3	24.4	3
2025 06 27 11	0.51	0.5	3.2	3.2	4.6	0.84	-9999.9	3	53	-9999.9	46	-9999.9	3	24.7	3
2025 06 27 12	0.5	0.48	3.2	3.4	4.8	0.76	-9999.9	3	44	-9999.9	49	-9999.9	3	25.3	3
2025 06 27 13	0.57	0.56	3.5	3.5	4.7	0.89	-9999.9	3	43	-9999.9	50	-9999.9	3	25.3	3
2025 06 27 14	0.69	0.67	3.7	3.7	5.1	1.07	-9999.9	3	47	-9999.9	45	-9999.9	3	25.6	3
2025 06 27 15	0.69	0.67	3.8	3.9	4.9	1.1	-9999.9	3	45	-9999.9	47	-9999.9	3	25.6	3
2025 06 27 16	0.68	0.65	3.8	3.9	5.1	1.26	-9999.9	3	44	-9999.9	46	-9999.9	3	25.6	3
2025 06 27 17	0.65	0.62	3.5	3.7	5.1	1.15	-9999.9	3	45	-9999.9	49	-9999.9	3	25.5	3
2025 06 27 18	0.67	0.66	3.8	3.8	5.3	1.08	-9999.9	3	55	-9999.9	49	-9999.9	3	25.3	3
2025 06 27 19	0.66	0.65	3.8	3.8	5.3	1.03	-9999.9	3	60	-9999.9	45	-9999.9	3	25.1	3
2025 06 27 20	0.65	0.64	3.8	3.9	5.3	1.04	-9999.9	3	63	-9999.9	48	-9999.9	3	25.1	3
2025 06 27 21	0.67	0.65	3.9	3.9	5.1	1.17	-9999.9	3	67	-9999.9	44	-9999.9	3	25.0	3
2025 06 27 22	0.63	0.62	4.1	4.2	5.2	1.13	-9999.9	3	69	-9999.9	42	-9999.9	3	24.9	3
2025 06 27 23	0.61	0.59	3.9	4.1	5.3	0.99	-9999.9	3	68	-9999.9	44	-9999.9	3	24.7	3
2025 06 28 00	0.65	0.63	4.2	4.2	5.4	0.88	-9999.9	3	70	-9999.9	43	-9999.9	3	24.7	3
2025 06 28 01	0.68	0.66	4.4	4.3	5.2	1.15	-9999.9	3	62	-9999.9	44	-9999.9	3	24.8	3
2025 06 28 02	0.67	0.66	4.2	4.1	5.1	1.19	-9999.9	3	67	-9999.9	49	-9999.9	3	24.9	3
2025 06 28 03	0.65	0.63	3.7	3.9	4.8	1.09	-9999.9	3	68	-9999.9	50	-9999.9	3	25.0	3
2025 06 28 04	0.69	0.67	3.7	3.8	4.9	1.25	-9999.9	3	74	-9999.9	48	-9999.9	3	25.0	3
2025 06 28 05	0.66	0.63	3.6	3.6	4.7	1.01	-9999.9	3	73	-9999.9	49	-9999.9	3	24.9	3
2025 06 28 06	0.65	0.64	3.6	3.6	4.8	0.93	-9999.9	3	70	-9999.9	46	-9999.9	3	24.7	3
2025 06 28 07	0.63	0.62	3.3	3.5	4.6	1.07	-9999.9	3	72	-9999.9	47	-9999.9	3	24.7	3
2025 06 28 08	0.59	0.58	3.4	3.5	4.5	1.1	-9999.9	3	68	-9999.9	48	-9999.9	3	24.8	3
2025 06 28 09	0.57	0.55	3.4	3.6	4.6	0.77	-9999.9	3	65	-9999.9	47	-9999.9	3	25.0	3
2025 06 28 10	0.61	0.6	3.6	3.7	5.0	0.94	-9999.9	3	64	-9999.9	45	-9999.9	3	25.3	3
2025 06 28 11	0.7	0.69	3.9	4.0	5.5	1.24	-9999.9	3	63	-9999.9	42	-9999.9	3	25.4	3
2025 06 28 12	0.64	0.62	3.7	3.9	5.6	1.14	-9999.9	3	65	-9999.9	46	-9999.9	3	25.5	3
2025 06 28 13	0.54	0.53	3.5	3.6	5.2	0.87	-9999.9	3	60	-9999.9	48	-9999.9	3	25.9	3
2025 06 28 14	0.54	0.53	3.5	3.6	5.1	0.83	-9999.9	3	61	-9999.9	47	-9999.9	3	25.9	3
2025 06 28 15	0.58	0.56	3.6	3.7	4.9	0.86	-9999.9	3	57	-9999.9	46	-9999.9	3	26.0	3
2025 06 28 16	0.52	0.5	3.6	3.7	4.6	0.9	-9999.9	3	34	-9999.9	53	-9999.9	3	26.4	3
2025 06 28 17	0.5	0.48	3.5	3.6	4.9	0.91	-9999.9	3	42	-9999.9	49	-9999.9	3	26.3	3
2025 06 28 18	0.59	0.57	3.7	3.8	4.7	1.01	-9999.9	3	44	-9999.9	42	-9999.9	3	26.3	3
2025 06 28 19	0.52	0.51	3.7	3.8	4.7	0.85	-9999.9	3	50	-9999.9	49	-9999.9	3	26.2	3
2025 06 28 20	0.56	0.55	3.7	3.8	4.5	0.98	-9999.9	3	40	-9999.9	50	-9999.9	3	26.0	3
2025 06 28 21	0.56	0.55	3.8	3.8	4.7	0.89	-9999.9	3	52	-9999.9	49	-9999.9	3	25.9	3
2025 06 28 22	0.56	0.55	3.8	3.7	4.7	0.96	-9999.9	3	55	-9999.9	47	-9999.9	3	25.8	3
2025 06 28 23	0.57	0.56	3.7	3.7	4.5	0.85	-9999.9	3	59	-9999.9	46	-9999.9	3	25.7	3
2025 06 29 00	0.56	0.55	3.6	3.7	4.6	0.94	-9999.9	3	55	-9999.9	46	-9999.9	3	25.4	3
2025 06 29 01	0.5	0.49	3.7	3.7	4.8	0.79	-9999.9	3	63	-9999.9	47	-9999.9	3	25.3	3
2025 06 29 02	0.46	0.45	3.5	3.6	4.7	0.69	-9999.9	3	55	-9999.9	53	-9999.9	3	25.4	3
2025 06 29 03	0.48	0.47	3.6	3.7	4.4	0.82	-9999.9	3	44	-9999.9	45	-9999.9	3	25.3	3
2025 06 29 04	0.47	0.47	3.6	3.7	4.5	1.01	-9999.9	3	57	-9999.9	45	-9999.9	3	25.2	3
2025 06 29 05	0.44	0.42	3.6	3.6	4.5	0.79	-9999.9	3	62	-9999.9	46	-9999.9	3	25.2	3
2025 06 29 06	0.48	0.47	3.6	3.6	4.5	0.87	-9999.9	3	70	-9999.9	49	-9999.9	3	25.1	3
2025 06 29 07	0.51	0.49	3.6	3.7	4.7	0.9	-9999.9	3	68	-9999.9	45	-9999.9	3	25.0	3
2025 06 29 08	0.52	0.5	3.6	3.7	4.8	0.81	-9999.9	3	73	-9999.9	47	-9999.9	3	25.1	3
2025 06 29 09	0.43	0.41	3.3	3.4	4.9	0.82	-9999.9	3	74	-9999.9	47	-9999.9	3	25.4	3
2025 06 29 10	0.39	0.37	3.3	3.4	4.7	0.66	-9999.9	3	70	-9999.9	48	-9999.9	3	25.5	3
2025 06 29 11	0.35	0.33	3.3	3.4	5.2	0.56	-9999.9	3	71	-9999.9	48	-9999.9	3	25.8	3
2025 06 29 12	0.31	0.3	3.2	3.3	5.3	0.55	-9999.9	3	72	-9999.9	53	-9999.9	3	26.4	3
2025 06 29 13	0.32	0.3	3.5	3.6	5.3	0.49	-9999.9	3	68	-9999.9	51	-9999.9	3	26.3	3
2025 06 29 14	0.34	0.33	3.1	3.4	5.0	0.53	-9999.9	3	60	-9999.9	53	-9999.9	3	26.8	3
2025 06 29 15	0.38	0.37	3.2	3.4	5.2	0.68	-9999.9	3	69	-9999.9	51	-9999.9	3	26.7	3
2025 06 29 16	0.38	0.36	3.2	3.5	5.2	0.62	-9999.9	3	61	-9999.9	48	-9999.9	3	26.7	3
2025 06 29 17	0.42	0.42	3.3	3.4	5.1	0.88	-9999.9	3	64	-9999.9	44	-9999.9	3	26.7	3
2025 06 29 18	0.43	0.42	3.5	3.5	5.0	0.86	-9999.9	3	55	-9999.9	46	-9999.9	3	26.6	3
2025 06 29 19	0.45	0.43	3.4	3.4	4.7	0.64	-9999.9	3	65	-9999.9	45	-9999.9	3	26.5	3
2025 06 29 20	0.4	0.39	3.4	3.4	4.6	0.68	-9999.9	3	70	-9999.9	48	-9999.9	3	26.5	3
2025 06 29 21	0.42	0.41	3.3	3.4	4.7	0.79	-9999.9	3	69	-9999.9	42	-9999.9	3	26.4	3
2025 06 29 22	0.37	0.36	3.2	3.3	4.5	0.67	-9999.9	3	72	-9999.9	45	-9999.9	3	26.2	3
2025 06 29 23	0.32	0.31	3.2	3.3	4.3	0.5	-9999.9	3	62	-9999.9	52	-9999.9	3	24.6	3
2025 06 30 00	0.28	0.27	3.2	3.3	4.6	0.53	-9999.9	3	48	-9999.9	50	-9999.9	3	25.6	3
2025 06 30 01	0.3	0.29	3.4	3.5	4.7	0.49	-9999.9	3	57	-9999.9	48	-9999.9	3	25.5	3
2025 06 30 02	0.29	0.28	3.4	3.5	4.6	0.43	-9999.9	3	61	-9999.9	53	-9999.9	3	25.7	3
2025 06 30 03	0.26	0.25	3.3	3.4	4.4	0.39	-9999.9	3	54	-9999.9	50	-9999.9	3	25.2	3
2025 06 30 04	0.27	0.26	3.3	3.5	4.4	0.41	-9999.9	3	73	-9999.9	48	-9999.9	3	25.0	3
2025 06 30 05	0.24	0.23	3.4	3.5	4.4	0.48	-9999.9	3	67	-9999.9	52	-9999.9	3	24.8	3
2025 06 30 06	0.25	0.24	3.3	3.4	4.3	0.43	-9999.9	3	73	-9999.9	48	-9999.9	3	25.2	3
2025 06 30 07	0.29	0.28	3.3	3.4	4.3	0.48	-9999.9	3	77	-9999.9	46	-9999.9	3	25.2	3
2025 06 30 08	0.29	0.28	3.3	3.4	3.9	0.53	-9999.9	3	80	-9999.9	52	-9999.9	3	25.3	3
2025 06 30 09	0.31	0.3	3.2	3.3	4.6	0.48	-9999.9	3	72	-9999.9	45	-9999.9	3	25.2	3
2025 06 30 10	0.24	0.23	3.2	3.1	4.3	0.41	-9999.9	3	83	-9999.9	57	-9999.9	3	25.5	3
2025 06 30 11	0.27	0.26	3.3	3.4	4.5	0.46	-9999.9	3	84	-9999.9	50	-9999.9	3	26.0	3
2025 06 30 12	0.25	0.24	2.6	2.9	4.1	0.37	-9999.9	3	77	-9999.9	52	-9999.9	3	26.4	3
2025 06 30 13	0.24	0.24	2.5	2.8	4.1	0.42	-9999.9	3	82	-9999.9	54	-9999.9	3	26.6	3
2025 06 30 14	0.25	0.25	2.4	2.6	4.2	0.4	-9999.9	3	75	-9999.9	50	-9999.9	3	27.0	3
2025 06 30 15	0.28	0.27	2.3	2.4	2.5	0.52	-9999.9	3	61	-9999.9	58	-9999.9	3	26.8	3
2025 06 30 16	0.29	0.28	2.3	2.4	2.5	0.47	-9999.9	3	59	-9999.9	53	-9999.9	3	26.9	3
2025 06 30 17	0.27	0.27	2.6	2.6	2.6	0.45	-9999.9	3	56	-9999.9	60	-9999.9	3	27.1	3
2025 06 30 18	0.27	0.26	2.7	2.7	3.7	0.47	-9999.9	3	47	-9999.9	52	-9999.9	3	26.9	3
2025 06 30 19	0.27	0.26	2.8	2.8	3.2	0.43	-9999.9	3	58	-9999.9	45	-9999.9	3	26.3	3
2025 06 30 20	0.25	0.25	2.8	2.9	3.4	0.42	-9999.9	3	60	-9999.9	46	-9999.9	3	26.5	3
2025 06 30 21	0.28	0.27	2.7	2.8	3.2	0.43	-9999.9	3	64	-9999.9	46	-9999.9	3	26.4	3
2025 06 30 22	0.24	0.24	2.7	2.7	2.7	0.45	-9999.9	3	70	-9999.9	47	-9999.9	3	26.3	3
2025 06 30 23	0.26	0.25	2.7	2.8	2.9	0.5	-9999.9	3	76	-9999.9	46	-9999.9	3	25.8	3
2025 07 01 00	0.22	0.21	2.8	2.8	3.0	0.4	-9999.9	3	82	-9999.9	49	-9999.9	3	25.9	3
2025 07 01 01	0.18	0.17	2.8	2.9	4.0	0.25	-9999.9	3	72	-9999.9	53	-9999.9	3	24.4	3
2025 07 01 02	0.16	0.16	2.9	3.0	4.3	0.29	-9999.9	3	67	-9999.9	58	-9999.9	3	25.3	3
2025 07 01 03	0.16	0.16	3.1	3.2	4.4	0.31	-9999.9	3	71	-9999.9	54	-9999.9	3	25.4	3
2025 07 01 04	0.15	0.15	2.9	3.1	4.3	0.26	-9999.9	3	73	-9999.9	53	-9999.9	3	25.1	3
2025 07 01 05	0.15	0.15	2.5	3.0	4.3	0.25	-9999.9	3	66	-9999.9	53	-9999.9	3	25.3	3
2025 07 01 06	0.16	0.17	2.9	3.2	4.1	0.28	-9999.9	3	71	-9999.9	53	-9999.9	3	25.3	3
2025 07 01 07	0.16	0.16	3.1	3.3	3.9	0.29	-9999.9	3	64	-9999.9	49	-9999.9	3	25.5	3
2025 07 01 08	0.16	0.16	3.2	3.4	4.0	0.24	-9999.9	3	82	-9999.9	53	-9999.9	3	25.5	3
2025 07 01 09	0.19	0.18	3.4	3.4	3.9	0.33	-9999.9	3	86	-9999.9	48	-9999.9	3	25.8	3
2025 07 01 10	0.19	0.19	3.3	3.3	3.9	0.32	-9999.9	3	86	-9999.9	51	-9999.9	3	25.5	3
2025 07 01 11	0.18	0.18	3.1	3.1	3.7	0.34	-9999.9	3	90	-9999.9	54	-9999.9	3	26.6	3
2025 07 01 12	0.22	0.21	3.0	3.1	3.7	0.36	-9999.9	3	82	-9999.9	50	-9999.9	3	26.6	3
2025 07 01 13	0.22	0.21	2.8	2.9	3.4	0.41	-9999.9	3	76	-9999.9	50	-9999.9	3	26.2	3
2025 07 01 14	0.23	0.23	2.5	2.5	3.0	0.38	-9999.9	3	82	-9999.9	57	-9999.9	3	26.1	3
2025 07 01 15	0.23	0.23	2.3	2.4	3.0	0.47	-9999.9	3	75	-9999.9	46	-9999.9	3	26.1	3
2025 07 01 16	0.24	0.24	2.3	2.4	2.9	0.43	-9999.9	3	73	-9999.9	47	-9999.9	3	26.4	3
2025 07 01 17	0.22	0.22	2.2	2.4	2.9	0.37	-9999.9	3	64	-9999.9	50	-9999.9	3	26.6	3
2025 07 01 18	0.21	0.21	2.3	2.5	3.0	0.36	-9999.9	3	62	-9999.9	57	-9999.9	3	26.5	3
2025 07 01 19	0.21	0.2	2.6	2.7	3.1	0.31	-9999.9	3	53	-9999.9	49	-9999.9	3	25.8	3
2025 07 01 20	0.21	0.2	2.7	2.8	3.3	0.42	-9999.9	3	52	-9999.9	49	-9999.9	3	25.5	3
2025 07 01 21	0.22	0.21	2.8	2.8	3.3	0.36	-9999.9	3	55	-9999.9	49	-9999.9	3	24.9	3
2025 07 01 22	0.24	0.23	2.8	2.9	3.1	0.58	-9999.9	3	87	-9999.9	53	-9999.9	3	24.4	3
2025 07 01 23	0.22	0.22	3.0	3.0	3.6	0.43	-9999.9	3	56	-9999.9	53	-9999.9	3	24.2	3
2025 07 02 00	0.23	0.22	3.0	3.1	3.3	0.44	-9999.9	3	60	-9999.9	52	-9999.9	3	24.2	3
2025 07 02 01	0.25	0.24	3.3	3.3	3.7	0.46	-9999.9	3	58	-9999.9	51	-9999.9	3	23.9	3
2025 07 02 02	0.27	0.27	3.5	3.5	4.4	0.43	-9999.9	3	68	-9999.9	52	-9999.9	3	23.6	3
2025 07 02 03	0.31	0.31	3.6	3.6	4.5	0.52	-9999.9	3	76	-9999.9	47	-9999.9	3	23.7	3
2025 07 02 04	0.33	0.33	3.6	3.6	4.2	0.63	-9999.9	3	69	-9999.9	51	-9999.9	3	23.4	3
2025 07 02 05	0.33	0.32	3.4	3.4	4.2	0.54	-9999.9	3	61	-9999.9	55	-9999.9	3	23.5	3
2025 07 02 06	0.37	0.37	3.6	3.6	4.1	0.68	-9999.9	3	73	-9999.9	50	-9999.9	3	23.6	3
2025 07 02 07	0.38	0.37	3.4	3.5	4.1	0.56	-9999.9	3	74	-9999.9	57	-9999.9	3	23.9	3
2025 07 02 08	0.39	0.38	3.3	3.4	3.9	0.71	-9999.9	3	68	-9999.9	54	-9999.9	3	23.8	3
2025 07 02 09	0.39	0.39	3.3	3.3	3.9	0.61	-9999.9	3	75	-9999.9	53	-9999.9	3	24.1	3
2025 07 02 10	0.41	0.4	3.3	3.2	3.8	0.63	-9999.9	3	72	-9999.9	49	-9999.9	3	24.2	3
2025 07 02 11	0.41	0.4	3.2	3.2	3.9	0.81	-9999.9	3	75	-9999.9	51	-9999.9	3	24.2	3
2025 07 02 12	0.42	0.41	3.1	3.1	3.9	0.65	-9999.9	3	86	-9999.9	51	-9999.9	3	24.3	3
2025 07 02 13	0.39	0.37	3.0	3.1	4.1	0.66	-9999.9	3	79	-9999.9	51	-9999.9	3	24.1	3
2025 07 02 14	0.37	0.37	3.0	3.1	4.0	0.64	-9999.9	3	81	-9999.9	43	-9999.9	3	24.6	3
2025 07 02 15	0.36	0.35	3.0	3.0	4.1	0.57	-9999.9	3	76	-9999.9	48	-9999.9	3	25.7	3
2025 07 02 16	0.32	0.31	2.8	3.0	4.1	0.65	-9999.9	3	76	-9999.9	52	-9999.9	3	25.8	3
2025 07 02 17	0.33	0.32	2.9	3.1	4.1	0.62	-9999.9	3	69	-9999.9	50	-9999.9	3	25.7	3
2025 07 02 18	0.34	0.34	3.2	3.2	4.3	0.6	-9999.9	3	55	-9999.9	53	-9999.9	3	26.0	3
2025 07 02 19	0.34	0.32	2.9	3.1	4.4	0.54	-9999.9	3	65	-9999.9	49	-9999.9	3	25.9	3
2025 07 02 20	0.38	0.37	3.2	3.3	4.4	0.59	-9999.9	3	72	-9999.9	45	-9999.9	3	25.7	3
2025 07 02 21	0.37	0.36	3.2	3.4	4.4	0.53	-9999.9	3	69	-9999.9	48	-9999.9	3	25.6	3
2025 07 02 22	0.39	0.38	3.4	3.5	4.6	0.66	-9999.9	3	61	-9999.9	44	-9999.9	3	24.6	3
2025 07 02 23	0.41	0.4	3.4	3.5	4.5	0.73	-9999.9	3	61	-9999.9	45	-9999.9	3	25.1	3
2025 07 03 00	0.39	0.37	3.4	3.4	4.5	0.58	-9999.9	3	57	-9999.9	48	-9999.9	3	24.8	3
2025 07 03 01	0.39	0.38	3.5	3.5	4.6	0.66	-9999.9	3	55	-9999.9	46	-9999.9	3	24.5	3
2025 07 03 02	0.4	0.39	3.5	3.5	4.3	0.63	-9999.9	3	60	-9999.9	46	-9999.9	3	24.1	3
2025 07 03 03	0.37	0.35	3.3	3.5	4.2	0.59	-9999.9	3	50	-9999.9	50	-9999.9	3	23.3	3
2025 07 03 04	0.41	0.39	3.5	3.6	4.4	0.63	-9999.9	3	45	-9999.9	52	-9999.9	3	23.7	3
2025 07 03 05	0.41	0.41	3.3	3.5	4.3	0.78	-9999.9	3	58	-9999.9	52	-9999.9	3	24.0	3
2025 07 03 06	0.58	0.58	3.1	3.3	4.4	1.04	-9999.9	3	60	-9999.9	45	-9999.9	3	24.4	3
2025 07 03 07	0.7	0.68	3.2	3.3	4.3	1.06	-9999.9	3	60	-9999.9	46	-9999.9	3	23.9	3
2025 07 03 08	0.63	0.61	3.2	3.2	4.4	0.96	-9999.9	3	74	-9999.9	52	-9999.9	3	23.4	3
2025 07 03 09	0.69	0.67	3.3	3.3	4.3	1.12	-9999.9	3	80	-9999.9	47	-9999.9	3	24.1	3
2025 07 03 10	0.68	0.66	3.2	3.3	4.5	1.12	-9999.9	3	76	-9999.9	49	-9999.9	3	24.4	3
2025 07 03 11	0.72	0.7	3.2	3.2	4.4	1.12	-9999.9	3	75	-9999.9	42	-9999.9	3	24.5	3
2025 07 03 12	0.74	0.72	3.2	3.3	4.4	1.49	-9999.9	3	72	-9999.9	46	-9999.9	3	25.0	3
2025 07 03 13	0.8	0.77	3.3	3.4	4.5	1.38	-9999.9	3	75	-9999.9	43	-9999.9	3	24.9	3
2025 07 03 14	0.64	0.62	3.2	3.3	4.7	1.02	-9999.9	3	69	-9999.9	47	-9999.9	3	25.1	3
2025 07 03 15	0.71	0.68	3.4	3.4	4.7	1.2	-9999.9	3	70	-9999.9	45	-9999.9	3	25.1	3
2025 07 03 16	0.71	0.68	3.4	3.5	4.7	1.1	-9999.9	3	73	-9999.9	45	-9999.9	3	25.0	3
2025 07 03 17	0.78	0.74	3.6	3.6	4.8	1.44	-9999.9	3	65	-9999.9	48	-9999.9	3	24.8	3
2025 07 03 18	0.91	0.89	3.7	3.8	5.2	1.55	-9999.9	3	71	-9999.9	43	-9999.9	3	24.7	3
2025 07 03 19	0.98	0.96	4.1	4.0	5.3	1.78	-9999.9	3	68	-9999.9	44	-9999.9	3	24.8	3
2025 07 03 20	1.03	1.01	4.1	4.2	5.4	1.53	-9999.9	3	66	-9999.9	45	-9999.9	3	24.6	3
2025 07 03 21	1.04	1.0	4.2	4.3	5.7	2.1	-9999.9	3	64	-9999.9	43	-9999.9	3	24.5	3
2025 07 03 22	1.12	1.09	4.6	4.6	5.8	1.61	-9999.9	3	67	-9999.9	45	-9999.9	3	24.6	3
2025 07 03 23	1.08	1.05	4.4	4.5	5.8	1.89	-9999.9	3	59	-9999.9	44	-9999.9	3	24.7	3
2025 07 04 00	1.23	1.2	4.5	4.5	5.7	1.88	-9999.9	3	63	-9999.9	40	-9999.9	3	24.6	3
2025 07 04 01	1.16	1.13	4.3	4.4	5.7	1.91	-9999.9	3	53	-9999.9	41	-9999.9	3	24.5	3
2025 07 04 02	1.16	1.15	4.4	4.4	5.9	2.14	-9999.9	3	50	-9999.9	44	-9999.9	3	24.3	3
2025 07 04 03	1.08	1.03	4.2	4.2	5.7	1.72	-9999.9	3	51	-9999.9	46	-9999.9	3	24.2	3
2025 07 04 04	1.03	1.0	4.0	4.1	5.5	1.71	-9999.9	3	52	-9999.9	45	-9999.9	3	24.3	3
2025 07 04 05	1.1	1.06	4.2	4.4	5.7	1.87	-9999.9	3	52	-9999.9	41	-9999.9	3	23.8	3
2025 07 04 06	1.2	1.17	4.5	4.4	5.7	1.97	-9999.9	3	54	-9999.9	41	-9999.9	3	23.6	3
2025 07 14 10	0.18	0.17	4.3	4.3	11.3	0.29	-9999.9	3	54	-9999.9	61	-9999.9	3	25.6	3
2025 07 14 11	0.19	0.2	2.4	3.2	5.4	0.37	-9999.9	3	45	-9999.9	49	-9999.9	3	25.7	3
2025 07 14 12	0.25	0.24	2.2	2.4	3.7	0.45	-9999.9	3	31	-9999.9	55	-9999.9	3	25.9	3
2025 07 14 13	0.36	0.33	2.4	2.6	6.2	0.56	-9999.9	3	36	-9999.9	52	-9999.9	3	26.0	3
2025 07 14 14	0.38	0.37	2.3	2.4	2.6	0.67	-9999.9	3	17	-9999.9	49	-9999.9	3	25.9	3
2025 07 14 15	0.36	0.35	2.4	2.5	2.5	0.69	-9999.9	3	32	-9999.9	53	-9999.9	3	26.0	3
2025 07 14 16	0.33	0.31	2.5	2.7	3.2	0.5	-9999.9	3	34	-9999.9	47	-9999.9	3	26.1	3
2025 07 14 17	0.34	0.33	3.1	3.2	4.4	0.57	-9999.9	3	45	-9999.9	47	-9999.9	3	26.3	3
2025 07 14 18	0.54	0.52	3.6	3.7	4.7	0.99	-9999.9	3	36	-9999.9	47	-9999.9	3	26.1	3
2025 07 14 19	0.79	0.76	3.9	4.0	5.1	1.23	-9999.9	3	40	-9999.9	41	-9999.9	3	26.2	3
2025 07 14 20	0.72	0.7	4.1	4.0	5.2	1.07	-9999.9	3	47	-9999.9	45	-9999.9	3	26.0	3
2025 07 14 21	0.77	0.75	4.3	4.2	5.4	1.23	-9999.9	3	50	-9999.9	41	-9999.9	3	25.9	3
2025 07 14 22	0.75	0.74	4.2	4.3	5.5	1.19	-9999.9	3	52	-9999.9	44	-9999.9	3	25.8	3
2025 07 14 23	0.78	0.76	4.2	4.3	5.5	1.35	-9999.9	3	56	-9999.9	42	-9999.9	3	25.9	3
2025 07 15 00	0.79	0.78	4.3	4.4	5.6	1.13	-9999.9	3	54	-9999.9	48	-9999.9	3	25.8	3
2025 07 15 01	0.81	0.79	4.4	4.5	5.8	1.45	-9999.9	3	51	-9999.9	44	-9999.9	3	25.6	3
2025 07 15 02	0.8	0.8	4.5	4.5	5.8	1.47	-9999.9	3	48	-9999.9	46	-9999.9	3	25.7	3
2025 07 15 03	0.81	0.79	4.5	4.5	5.8	1.37	-9999.9	3	42	-9999.9	46	-9999.9	3	25.9	3
2025 07 15 04	0.83	0.8	4.3	4.4	5.7	1.49	-9999.9	3	53	-9999.9	48	-9999.9	3	25.8	3
2025 07 15 05	0.85	0.83	4.3	4.3	5.9	1.34	-9999.9	3	54	-9999.9	46	-9999.9	3	25.6	3
2025 07 15 06	0.77	0.75	4.1	4.4	5.6	1.32	-9999.9	3	55	-9999.9	48	-9999.9	3	25.5	3
2025 07 15 07	0.79	0.78	4.4	4.3	6.0	1.64	-9999.9	3	59	-9999.9	50	-9999.9	3	25.6	3
2025 07 15 08	0.9	0.89	4.7	4.6	6.3	1.54	-9999.9	3	54	-9999.9	48	-9999.9	3	25.7	3
2025 07 15 09	0.88	0.88	4.9	4.9	6.2	1.36	-9999.9	3	52	-9999.9	42	-9999.9	3	26.1	3
2025 07 15 10	0.81	0.78	4.6	4.8	6.1	1.22	-9999.9	3	53	-9999.9	40	-9999.9	3	26.4	3
2025 07 15 11	0.72	0.7	4.5	4.7	6.1	1.25	-9999.9	3	54	-9999.9	45	-9999.9	3	26.6	3
2025 07 15 12	0.71	0.69	4.7	4.9	5.8	1.02	-9999.9	3	49	-9999.9	45	-9999.9	3	26.9	3
2025 07 15 13	0.63	0.62	4.5	4.6	6.1	1.0	-9999.9	3	53	-9999.9	48	-9999.9	3	26.9	3
2025 07 15 14	0.68	0.67	4.7	4.7	6.5	0.93	-9999.9	3	54	-9999.9	50	-9999.9	3	27.1	3
2025 07 15 15	0.65	0.63	4.1	4.3	5.9	1.03	-9999.9	3	65	-9999.9	49	-9999.9	3	27.1	3
2025 07 15 16	0.64	0.62	4.1	4.2	5.8	1.05	-9999.9	3	62	-9999.9	47	-9999.9	3	27.0	3
2025 07 15 17	0.67	0.66	4.3	4.3	6.3	1.16	-9999.9	3	57	-9999.9	44	-9999.9	3	27.0	3
2025 07 15 18	0.67	0.63	4.3	4.4	6.2	1.09	-9999.9	3	57	-9999.9	42	-9999.9	3	27.1	3
2025 07 15 19	0.62	0.59	4.2	4.2	6.1	1.07	-9999.9	3	49	-9999.9	45	-9999.9	3	27.0	3
2025 07 15 20	0.6	0.58	4.3	4.3	6.2	1.04	-9999.9	3	57	-9999.9	48	-9999.9	3	27.0	3
2025 07 15 21	0.61	0.59	4.3	4.3	5.9	1.0	-9999.9	3	57	-9999.9	46	-9999.9	3	27.0	3
2025 07 15 22	0.6	0.58	4.5	4.5	6.4	1.04	-9999.9	3	52	-9999.9	45	-9999.9	3	26.7	3
2025 07 15 23	0.61	0.59	4.4	4.6	6.6	1.07	-9999.9	3	55	-9999.9	42	-9999.9	3	26.4	3
2025 07 16 00	0.56	0.54	4.5	4.5	7.1	0.88	-9999.9	3	52	-9999.9	46	-9999.9	3	25.8	3
2025 07 16 01	0.54	0.52	4.5	4.7	7.0	0.93	-9999.9	3	46	-9999.9	44	-9999.9	3	26.2	3
2025 07 16 02	0.57	0.55	4.7	4.7	6.6	0.86	-9999.9	3	46	-9999.9	42	-9999.9	3	26.2	3
2025 07 16 03	0.57	0.56	4.9	4.6	6.6	0.95	-9999.9	3	44	-9999.9	44	-9999.9	3	26.2	3
2025 07 16 04	0.54	0.52	4.6	4.6	6.6	1.01	-9999.9	3	46	-9999.9	50	-9999.9	3	26.1	3
2025 07 16 05	0.56	0.54	4.2	4.4	6.3	0.9	-9999.9	3	47	-9999.9	45	-9999.9	3	26.0	3
2025 07 16 06	0.52	0.5	4.2	4.3	6.1	0.78	-9999.9	3	45	-9999.9	46	-9999.9	3	25.8	3
2025 07 16 07	0.44	0.43	4.0	4.0	6.2	0.75	-9999.9	3	55	-9999.9	51	-9999.9	3	25.8	3
2025 07 16 08	0.42	0.4	3.8	3.9	5.9	0.64	-9999.9	3	64	-9999.9	52	-9999.9	3	25.9	3
2025 07 16 09	0.41	0.39	4.1	4.1	6.3	0.6	-9999.9	3	60	-9999.9	48	-9999.9	3	25.9	3
2025 07 16 10	0.37	0.35	3.7	3.8	6.3	0.53	-9999.9	3	62	-9999.9	48	-9999.9	3	26.3	3
2025 07 16 11	0.43	0.41	4.2	4.4	6.2	0.68	-9999.9	3	53	-9999.9	49	-9999.9	3	26.5	3
2025 07 16 12	0.39	0.38	4.5	4.3	6.0	0.57	-9999.9	3	54	-9999.9	43	-9999.9	3	26.7	3
2025 07 16 13	0.39	0.38	4.4	4.4	6.0	0.6	-9999.9	3	54	-9999.9	44	-9999.9	3	26.9	3
2025 07 16 14	0.38	0.38	4.2	4.5	6.2	0.56	-9999.9	3	53	-9999.9	46	-9999.9	3	26.8	3
2025 07 16 15	0.36	0.35	3.6	3.8	5.9	0.57	-9999.9	3	58	-9999.9	47	-9999.9	3	27.1	3
2025 07 16 16	0.37	0.36	3.3	3.7	5.7	0.67	-9999.9	3	53	-9999.9	53	-9999.9	3	27.1	3
2025 07 16 17	0.34	0.33	3.4	3.6	5.6	0.55	-9999.9	3	50	-9999.9	53	-9999.9	3	27.7	3
2025 07 16 18	0.34	0.33	3.4	3.4	5.4	0.64	-9999.9	3	52	-9999.9	53	-9999.9	3	27.5	3
2025 07 16 19	0.34	0.32	3.3	3.4	5.4	0.51	-9999.9	3	55	-9999.9	50	-9999.9	3	27.2	3
2025 07 16 20	0.31	0.3	3.4	3.5	4.8	0.49	-9999.9	3	55	-9999.9	51	-9999.9	3	27.2	3
2025 07 16 21	0.31	0.3	3.4	3.4	4.5	0.57	-9999.9	3	50	-9999.9	48	-9999.9	3	27.0	3
2025 07 16 22	0.34	0.33	3.3	3.3	5.0	0.56	-9999.9	3	49	-9999.9	44	-9999.9	3	27.0	3
2025 07 16 23	0.28	0.27	3.3	3.2	4.8	0.47	-9999.9	3	52	-9999.9	51	-9999.9	3	26.8	3
2025 07 17 00	0.26	0.25	3.5	3.5	4.8	0.47	-9999.9	3	45	-9999.9	52	-9999.9	3	26.9	3
2025 07 17 01	0.28	0.27	3.5	3.7	5.4	0.54	-9999.9	3	42	-9999.9	51	-9999.9	3	26.6	3
2025 07 17 02	0.31	0.3	3.8	3.8	5.4	0.5	-9999.9	3	44	-9999.9	45	-9999.9	3	26.2	3
2025 07 17 03	0.33	0.32	4.0	3.9	5.3	0.52	-9999.9	3	41	-9999.9	46	-9999.9	3	26.1	3
2025 07 17 04	0.32	0.31	3.9	3.9	5.4	0.52	-9999.9	3	39	-9999.9	47	-9999.9	3	25.6	3
2025 07 17 05	0.28	0.26	3.5	3.6	4.6	0.49	-9999.9	3	54	-9999.9	51	-9999.9	3	25.6	3
2025 07 17 06	0.3	0.29	3.5	3.5	5.2	0.44	-9999.9	3	71	-9999.9	48	-9999.9	3	26.1	3
2025 07 17 07	0.3	0.29	3.7	3.7	5.3	0.44	-9999.9	3	60	-9999.9	50	-9999.9	3	25.4	3
2025 07 17 08	0.28	0.28	3.6	3.6	4.8	0.53	-9999.9	3	57	-9999.9	48	-9999.9	3	25.8	3
2025 07 17 09	0.26	0.25	3.5	3.5	5.0	0.38	-9999.9	3	71	-9999.9	51	-9999.9	3	25.8	3
2025 07 17 10	0.25	0.24	3.5	3.5	4.9	0.41	-9999.9	3	80	-9999.9	52	-9999.9	3	26.4	3
2025 07 17 13	0.42	0.41	2.5	2.5	2.6	0.65	-9999.9	3	43	-9999.9	54	-9999.9	3	26.7	3
2025 07 17 14	0.39	0.37	2.4	2.6	3.4	0.66	-9999.9	3	41	-9999.9	49	-9999.9	3	26.7	3
2025 07 17 15	0.34	0.32	2.8	3.0	4.9	0.5	-9999.9	3	60	-9999.9	50	-9999.9	3	26.9	3
2025 07 17 16	0.31	0.3	3.2	3.4	5.0	0.5	-9999.9	3	64	-9999.9	54	-9999.9	3	27.1	3
2025 07 17 17	0.34	0.33	3.4	3.7	5.0	0.5	-9999.9	3	55	-9999.9	51	-9999.9	3	27.2	3
2025 07 17 18	0.41	0.39	3.8	3.9	4.8	0.58	-9999.9	3	58	-9999.9	47	-9999.9	3	26.9	3
2025 07 17 19	0.41	0.4	4.0	4.0	5.1	0.65	-9999.9	3	60	-9999.9	48	-9999.9	3	26.8	3
2025 07 17 20	0.41	0.4	4.1	4.1	5.9	0.75	-9999.9	3	53	-9999.9	47	-9999.9	3	26.8	3
2025 07 17 21	0.38	0.37	3.9	4.0	5.1	0.64	-9999.9	3	55	-9999.9	46	-9999.9	3	26.8	3
2025 07 17 22	0.37	0.35	4.2	4.2	5.2	0.63	-9999.9	3	56	-9999.9	42	-9999.9	3	26.9	3
2025 07 17 23	0.31	0.3	4.0	4.0	5.1	0.46	-9999.9	3	64	-9999.9	49	-9999.9	3	26.7	3
2025 07 18 00	0.25	0.24	4.0	3.9	5.0	0.39	-9999.9	3	70	-9999.9	48	-9999.9	3	26.8	3
2025 07 18 01	0.23	0.22	4.1	4.2	4.9	0.4	-9999.9	3	61	-9999.9	50	-9999.9	3	26.6	3
2025 07 18 02	0.21	0.2	4.1	4.3	4.9	0.37	-9999.9	3	64	-9999.9	49	-9999.9	3	26.6	3
2025 07 18 03	0.23	0.22	4.4	4.5	4.9	0.43	-9999.9	3	75	-9999.9	45	-9999.9	3	26.0	3
2025 07 18 04	0.21	0.2	4.3	4.4	5.1	0.42	-9999.9	3	78	-9999.9	50	-9999.9	3	26.5	3
2025 07 18 05	0.22	0.21	3.8	3.9	4.8	0.34	-9999.9	3	72	-9999.9	43	-9999.9	3	26.1	3
2025 07 18 06	0.19	0.18	4.5	4.6	4.9	0.25	-9999.9	3	66	-9999.9	52	-9999.9	3	25.4	3
2025 07 18 07	0.19	0.19	4.3	4.5	6.6	0.31	-9999.9	3	64	-9999.9	47	-9999.9	3	25.8	3
2025 07 18 08	0.19	0.18	4.0	4.1	5.6	0.35	-9999.9	3	69	-9999.9	48	-9999.9	3	25.6	3
2025 07 18 09	0.18	0.17	4.5	4.4	5.6	0.29	-9999.9	3	66	-9999.9	50	-9999.9	3	25.8	3
2025 07 18 10	0.17	0.17	4.2	4.4	5.5	0.29	-9999.9	3	70	-9999.9	47	-9999.9	3	26.7	3
2025 07 18 11	0.17	0.17	3.4	4.1	5.3	0.29	-9999.9	3	70	-9999.9	54	-9999.9	3	27.0	3
2025 07 18 12	0.26	0.27	2.0	2.3	3.4	0.5	-9999.9	3	346	-9999.9	52	-9999.9	3	25.6	3
2025 07 18 13	0.22	0.23	2.3	2.8	20.2	0.43	-9999.9	3	20	-9999.9	54	-9999.9	3	24.7	3
2025 07 18 14	0.2	0.2	2.4	2.9	13.7	0.34	-9999.9	3	30	-9999.9	55	-9999.9	3	24.5	3
2025 07 18 15	0.22	0.22	2.3	2.5	5.3	0.43	-9999.9	3	6	-9999.9	50	-9999.9	3	23.8	3
2025 07 18 16	0.19	0.2	2.1	2.6	4.7	0.36	-9999.9	3	21	-9999.9	52	-9999.9	3	24.0	3
2025 07 18 17	0.21	0.2	2.1	2.4	2.2	0.42	-9999.9	3	11	-9999.9	47	-9999.9	3	24.1	3
2025 07 18 18	0.22	0.22	2.1	2.3	2.0	0.42	-9999.9	3	347	-9999.9	40	-9999.9	3	24.0	3
2025 07 18 19	0.16	0.16	2.8	3.2	4.6	0.24	-9999.9	3	50	-9999.9	51	-9999.9	3	23.9	3
2025 07 18 20	0.14	0.14	2.7	3.5	6.9	0.24	-9999.9	3	43	-9999.9	56	-9999.9	3	23.9	3
2025 07 18 21	0.16	0.15	3.3	4.3	6.7	0.26	-9999.9	3	31	-9999.9	55	-9999.9	3	23.8	3
2025 07 18 22	0.24	0.25	1.9	2.0	1.7	0.41	-9999.9	3	323	-9999.9	38	-9999.9	3	23.6	3
2025 07 18 23	0.4	0.38	2.1	2.2	2.4	0.64	-9999.9	3	311	-9999.9	32	-9999.9	3	23.2	3
2025 07 19 00	0.27	0.27	2.0	2.2	1.9	0.52	-9999.9	3	332	-9999.9	37	-9999.9	3	23.1	3
2025 07 19 01	0.24	0.23	2.1	2.3	2.1	0.41	-9999.9	3	350	-9999.9	35	-9999.9	3	23.2	3
2025 07 19 02	0.18	0.18	2.3	2.6	5.8	0.27	-9999.9	3	4	-9999.9	40	-9999.9	3	23.2	3
2025 07 19 03	0.24	0.23	2.6	2.9	6.7	0.35	-9999.9	3	0	-9999.9	41	-9999.9	3	23.1	3
2025 07 19 04	0.33	0.31	2.7	3.0	6.4	0.6	-9999.9	3	358	-9999.9	37	-9999.9	3	23.0	3
2025 07 19 05	0.32	0.31	3.4	3.8	6.1	0.53	-9999.9	3	11	-9999.9	39	-9999.9	3	22.9	3
2025 07 19 06	0.36	0.35	3.7	3.9	5.1	0.54	-9999.9	3	15	-9999.9	40	-9999.9	3	23.0	3
2025 07 19 07	0.38	0.36	3.3	4.0	6.1	0.69	-9999.9	3	12	-9999.9	45	-9999.9	3	22.9	3
2025 07 19 08	0.44	0.42	3.2	3.6	5.2	0.71	-9999.9	3	15	-9999.9	43	-9999.9	3	22.8	3
2025 07 19 09	0.37	0.36	2.8	2.9	4.5	0.69	-9999.9	3	5	-9999.9	44	-9999.9	3	22.6	3
2025 07 19 10	0.38	0.36	2.8	3.1	4.5	0.63	-9999.9	3	17	-9999.9	38	-9999.9	3	22.5	3
2025 07 19 11	0.34	0.33	2.4	2.7	3.8	0.58	-9999.9	3	5	-9999.9	45	-9999.9	3	22.5	3
2025 07 19 12	0.35	0.34	2.4	2.6	4.0	0.67	-9999.9	3	358	-9999.9	45	-9999.9	3	24.1	3
2025 07 19 13	0.32	0.3	2.4	2.5	3.5	0.57	-9999.9	3	353	-9999.9	39	-9999.9	3	24.3	3
2025 07 19 14	0.33	0.32	2.2	2.3	2.1	0.56	-9999.9	3	334	-9999.9	32	-9999.9	3	24.4	3
2025 07 19 15	0.27	0.26	2.3	2.4	2.9	0.48	-9999.9	3	352	-9999.9	38	-9999.9	3	24.4	3
2025 07 19 16	0.21	0.2	2.3	2.7	6.1	0.31	-9999.9	3	11	-9999.9	45	-9999.9	3	24.4	3
2025 07 19 17	0.18	0.17	2.7	3.0	5.6	0.29	-9999.9	3	26	-9999.9	53	-9999.9	3	24.5	3
2025 07 19 18	0.15	0.14	3.2	3.4	6.2	0.26	-9999.9	3	30	-9999.9	56	-9999.9	3	24.7	3
2025 07 19 19	0.18	0.17	4.1	4.0	5.8	0.27	-9999.9	3	37	-9999.9	51	-9999.9	3	24.7	3
2025 07 19 20	0.17	0.16	2.9	4.0	6.9	0.28	-9999.9	3	42	-9999.9	56	-9999.9	3	24.5	3
2025 07 19 21	0.26	0.25	2.2	2.6	6.4	0.44	-9999.9	3	2	-9999.9	39	-9999.9	3	24.4	3
2025 07 19 22	0.27	0.26	2.1	2.3	4.6	0.39	-9999.9	3	338	-9999.9	38	-9999.9	3	24.1	3
2025 07 19 23	0.24	0.24	1.8	2.1	3.0	0.4	-9999.9	3	338	-9999.9	36	-9999.9	3	24.1	3
2025 07 20 00	0.22	0.23	2.0	2.4	5.3	0.37	-9999.9	3	3	-9999.9	40	-9999.9	3	24.0	3
2025 07 20 01	0.21	0.22	1.9	2.2	1.7	0.38	-9999.9	3	345	-9999.9	39	-9999.9	3	24.0	3
2025 07 20 02	0.22	0.21	2.2	2.5	4.4	0.36	-9999.9	3	4	-9999.9	40	-9999.9	3	23.9	3
2025 07 20 03	0.21	0.2	2.4	2.5	4.3	0.32	-9999.9	3	12	-9999.9	42	-9999.9	3	23.9	3
2025 07 20 04	0.28	0.26	2.2	2.3	2.3	0.49	-9999.9	3	357	-9999.9	38	-9999.9	3	24.0	3
2025 07 20 05	0.23	0.22	2.3	2.5	3.3	0.4	-9999.9	3	5	-9999.9	48	-9999.9	3	24.0	3
2025 07 20 06	0.18	0.17	2.5	2.9	5.8	0.29	-9999.9	3	33	-9999.9	53	-9999.9	3	24.1	3
2025 07 20 07	0.18	0.17	2.7	3.0	6.0	0.3	-9999.9	3	31	-9999.9	57	-9999.9	3	24.2	3
2025 07 20 08	0.2	0.2	2.3	2.7	3.6	0.33	-9999.9	3	37	-9999.9	54	-9999.9	3	24.2	3
2025 07 20 09	0.22	0.21	2.2	2.5	5.2	0.38	-9999.9	3	9	-9999.9	49	-9999.9	3	24.3	3
2025 07 20 10	0.25	0.25	2.1	2.3	2.4	0.36	-9999.9	3	355	-9999.9	41	-9999.9	3	24.3	3
2025 07 20 11	0.27	0.27	2.2	2.2	2.1	0.46	-9999.9	3	340	-9999.9	44	-9999.9	3	24.4	3
2025 07 20 12	0.3	0.29	2.2	2.3	4.8	0.54	-9999.9	3	344	-9999.9	45	-9999.9	3	24.3	3
2025 07 20 13	0.26	0.27	2.0	2.2	1.8	0.48	-9999.9	3	346	-9999.9	44	-9999.9	3	24.3	3
2025 07 20 14	0.3	0.29	2.0	2.1	2.4	0.62	-9999.9	3	331	-9999.9	47	-9999.9	3	24.3	3
2025 07 20 15	0.3	0.3	2.0	2.3	2.6	0.53	-9999.9	3	348	-9999.9	47	-9999.9	3	24.1	3
2025 07 20 16	0.27	0.28	1.9	2.0	2.1	0.49	-9999.9	3	321	-9999.9	46	-9999.9	3	24.2	3
2025 07 20 17	0.23	0.24	2.1	2.4	6.6	0.5	-9999.9	3	349	-9999.9	52	-9999.9	3	24.2	3
2025 07 20 18	0.2	0.21	2.1	2.2	8.2	0.38	-9999.9	3	331	-9999.9	50	-9999.9	3	24.1	3
2025 07 20 19	0.21	0.22	1.8	2.0	1.7	0.43	-9999.9	3	323	-9999.9	43	-9999.9	3	24.3	3
2025 07 20 20	0.23	0.23	2.2	2.3	10.5	0.46	-9999.9	3	334	-9999.9	48	-9999.9	3	24.1	3
2025 07 20 21	0.19	0.18	2.1	2.6	5.1	0.28	-9999.9	3	359	-9999.9	52	-9999.9	3	24.2	3
2025 07 20 22	0.27	0.28	1.9	2.1	2.1	0.51	-9999.9	3	318	-9999.9	33	-9999.9	3	24.1	3
2025 07 20 23	0.3	0.29	2.0	2.2	2.0	0.62	-9999.9	3	332	-9999.9	30	-9999.9	3	24.0	3
2025 07 21 00	0.31	0.3	2.2	2.3	2.1	0.5	-9999.9	3	335	-9999.9	35	-9999.9	3	23.6	3
2025 07 21 01	0.29	0.28	2.3	2.6	5.7	0.46	-9999.9	3	351	-9999.9	41	-9999.9	3	22.5	3
2025 07 21 02	0.3	0.29	2.5	2.8	4.3	0.48	-9999.9	3	2	-9999.9	36	-9999.9	3	22.1	3
2025 07 21 03	0.33	0.32	2.4	2.7	4.0	0.57	-9999.9	3	0	-9999.9	36	-9999.9	3	22.1	3
2025 07 21 04	0.32	0.31	2.5	2.6	3.7	0.51	-9999.9	3	0	-9999.9	39	-9999.9	3	22.0	3
2025 07 21 05	0.28	0.26	2.9	3.1	6.0	0.4	-9999.9	3	11	-9999.9	44	-9999.9	3	22.0	3
2025 07 21 06	0.25	0.25	3.2	3.3	5.8	0.38	-9999.9	3	30	-9999.9	55	-9999.9	3	21.5	3
2025 07 21 07	0.26	0.26	2.7	3.3	6.5	0.44	-9999.9	3	26	-9999.9	49	-9999.9	3	21.6	3
2025 07 21 08	0.25	0.25	2.5	2.9	6.3	0.47	-9999.9	3	355	-9999.9	46	-9999.9	3	23.3	3
2025 07 21 09	0.24	0.24	2.6	3.1	4.5	0.45	-9999.9	3	1	-9999.9	51	-9999.9	3	23.6	3
2025 07 21 10	0.24	0.24	2.5	2.8	4.0	0.4	-9999.9	3	350	-9999.9	50	-9999.9	3	23.8	3
2025 07 21 11	0.21	0.21	2.5	2.7	7.0	0.36	-9999.9	3	3	-9999.9	52	-9999.9	3	23.8	3
2025 07 21 12	0.22	0.22	2.3	2.4	9.2	0.33	-9999.9	3	7	-9999.9	49	-9999.9	3	23.9	3
2025 07 21 13	0.27	0.26	2.1	2.3	2.8	0.51	-9999.9	3	359	-9999.9	43	-9999.9	3	23.5	3
2025 07 21 14	0.27	0.28	2.1	2.2	2.9	0.48	-9999.9	3	358	-9999.9	42	-9999.9	3	23.5	3
2025 07 21 15	0.28	0.26	2.2	2.3	3.7	0.45	-9999.9	3	356	-9999.9	50	-9999.9	3	23.5	3
2025 07 21 16	0.22	0.22	2.0	2.3	3.8	0.43	-9999.9	3	9	-9999.9	46	-9999.9	3	23.4	3
2025 07 21 17	0.21	0.21	2.3	2.8	6.4	0.38	-9999.9	3	36	-9999.9	47	-9999.9	3	23.4	3
2025 07 21 18	0.19	0.18	2.4	2.9	6.5	0.33	-9999.9	3	33	-9999.9	50	-9999.9	3	23.7	3
2025 07 21 19	0.2	0.19	2.9	3.2	6.5	0.34	-9999.9	3	58	-9999.9	50	-9999.9	3	24.0	3
2025 07 21 20	0.2	0.2	2.5	2.9	6.5	0.33	-9999.9	3	82	-9999.9	51	-9999.9	3	23.9	3
2025 07 21 21	0.22	0.21	2.3	2.5	4.1	0.38	-9999.9	3	88	-9999.9	46	-9999.9	3	23.8	3
2025 07 21 22	0.19	0.19	2.4	2.5	5.6	0.33	-9999.9	3	75	-9999.9	53	-9999.9	3	24.5	3
2025 07 21 23	0.18	0.17	2.9	3.1	5.8	0.28	-9999.9	3	56	-9999.9	55	-9999.9	3	25.1	3
2025 07 22 00	0.17	0.16	3.4	3.4	5.7	0.25	-9999.9	3	47	-9999.9	54	-9999.9	3	24.9	3
2025 07 22 01	0.16	0.15	3.3	3.3	6.1	0.24	-9999.9	3	48	-9999.9	52	-9999.9	3	24.6	3
2025 07 22 02	0.15	0.14	3.3	3.4	5.8	0.26	-9999.9	3	45	-9999.9	51	-9999.9	3	24.6	3
2025 07 22 03	0.14	0.13	3.4	3.5	5.8	0.24	-9999.9	3	45	-9999.9	51	-9999.9	3	24.4	3
2025 07 22 04	0.13	0.12	2.8	3.5	5.7	0.23	-9999.9	3	50	-9999.9	51	-9999.9	3	24.2	3
2025 07 22 05	0.14	0.14	2.9	3.3	5.7	0.24	-9999.9	3	45	-9999.9	53	-9999.9	3	24.0	3
2025 07 22 06	0.14	0.13	3.4	3.6	6.2	0.2	-9999.9	3	42	-9999.9	55	-9999.9	3	23.6	3
2025 07 22 07	0.13	0.12	3.6	3.6	5.3	0.19	-9999.9	3	49	-9999.9	55	-9999.9	3	23.8	3
2025 07 22 08	0.15	0.15	3.0	3.0	4.2	0.56	-9999.9	3	80	-9999.9	50	-9999.9	3	23.7	3
2025 07 22 09	0.14	0.13	3.0	3.2	6.5	0.25	-9999.9	3	52	-9999.9	54	-9999.9	3	23.6	3
2025 07 22 10	0.15	0.17	2.0	2.5	4.2	0.29	-9999.9	3	44	-9999.9	50	-9999.9	3	23.9	3
2025 07 22 11	0.25	0.25	2.1	2.3	2.2	0.45	-9999.9	3	40	-9999.9	46	-9999.9	3	23.8	3
2025 07 22 12	0.32	0.32	2.2	2.3	2.5	0.54	-9999.9	3	22	-9999.9	49	-9999.9	3	23.6	3
2025 07 22 13	0.38	0.38	2.3	2.4	2.5	0.66	-9999.9	3	10	-9999.9	49	-9999.9	3	25.0	3
2025 07 22 14	0.4	0.39	2.3	2.4	2.5	0.73	-9999.9	3	4	-9999.9	44	-9999.9	3	25.5	3
2025 07 22 15	0.46	0.45	2.4	2.5	2.7	0.73	-9999.9	3	11	-9999.9	43	-9999.9	3	25.5	3
2025 07 22 16	0.4	0.38	2.3	2.5	2.7	0.61	-9999.9	3	13	-9999.9	48	-9999.9	3	25.7	3
2025 07 22 17	0.29	0.27	2.4	2.5	6.7	0.47	-9999.9	3	20	-9999.9	54	-9999.9	3	25.8	3
2025 07 22 18	0.28	0.26	2.5	2.6	6.1	0.43	-9999.9	3	25	-9999.9	51	-9999.9	3	25.8	3
2025 07 22 19	0.31	0.28	2.8	3.0	8.4	0.5	-9999.9	3	38	-9999.9	48	-9999.9	3	25.7	3
2025 07 22 20	0.3	0.27	3.2	3.3	8.2	0.48	-9999.9	3	37	-9999.9	51	-9999.9	3	25.6	3
2025 07 22 21	0.33	0.3	3.3	3.6	8.0	0.52	-9999.9	3	38	-9999.9	51	-9999.9	3	25.6	3
2025 07 22 22	0.33	0.3	3.5	3.8	7.8	0.56	-9999.9	3	39	-9999.9	52	-9999.9	3	25.5	3
2025 07 22 23	0.3	0.27	3.9	4.2	7.8	0.49	-9999.9	3	40	-9999.9	52	-9999.9	3	25.4	3
2025 07 23 00	0.29	0.28	4.1	4.0	7.6	0.44	-9999.9	3	46	-9999.9	52	-9999.9	3	25.2	3
2025 07 23 01	0.29	0.27	3.9	4.1	7.2	0.51	-9999.9	3	46	-9999.9	52	-9999.9	3	25.0	3
2025 07 23 02	0.25	0.23	3.8	3.9	6.7	0.39	-9999.9	3	43	-9999.9	51	-9999.9	3	24.8	3
2025 07 23 03	0.25	0.24	4.1	4.3	7.1	0.39	-9999.9	3	48	-9999.9	50	-9999.9	3	24.5	3
2025 07 23 04	0.21	0.2	4.0	4.1	7.0	0.36	-9999.9	3	42	-9999.9	52	-9999.9	3	24.4	3
2025 07 23 05	0.22	0.22	4.1	4.1	7.0	0.34	-9999.9	3	46	-9999.9	53	-9999.9	3	24.8	3
2025 07 23 06	0.21	0.21	3.7	3.7	6.8	0.32	-9999.9	3	43	-9999.9	52	-9999.9	3	24.9	3
2025 07 23 07	0.2	0.19	3.6	3.6	7.1	0.35	-9999.9	3	35	-9999.9	50	-9999.9	3	25.0	3
2025 07 23 08	0.25	0.23	3.9	3.9	6.8	0.43	-9999.9	3	35	-9999.9	46	-9999.9	3	25.3	3
2025 07 23 09	0.24	0.23	3.5	3.6	6.3	0.36	-9999.9	3	32	-9999.9	48	-9999.9	3	25.6	3
2025 07 23 10	0.27	0.25	2.9	3.1	6.4	0.4	-9999.9	3	27	-9999.9	49	-9999.9	3	25.6	3
2025 07 23 11	0.3	0.28	3.0	3.2	6.6	0.52	-9999.9	3	30	-9999.9	49	-9999.9	3	25.8	3
2025 07 23 12	0.36	0.34	2.8	2.9	5.6	0.6	-9999.9	3	30	-9999.9	47	-9999.9	3	26.0	3
2025 07 23 13	0.35	0.34	3.0	3.1	6.3	0.57	-9999.9	3	25	-9999.9	50	-9999.9	3	26.0	3
2025 07 23 14	0.41	0.39	2.5	2.7	4.8	0.73	-9999.9	3	27	-9999.9	48	-9999.9	3	26.2	3
2025 07 23 15	0.54	0.51	2.7	2.8	3.4	0.79	-9999.9	3	27	-9999.9	41	-9999.9	3	26.3	3
2025 07 23 16	0.5	0.47	2.8	2.9	5.5	0.88	-9999.9	3	39	-9999.9	44	-9999.9	3	26.2	3
2025 07 23 17	0.45	0.43	3.0	3.0	6.0	0.74	-9999.9	3	52	-9999.9	47	-9999.9	3	26.4	3
2025 07 23 18	0.43	0.42	3.4	3.5	6.0	0.83	-9999.9	3	58	-9999.9	51	-9999.9	3	26.3	3
2025 07 23 19	0.43	0.43	3.8	3.9	5.8	0.72	-9999.9	3	62	-9999.9	48	-9999.9	3	26.3	3
2025 07 23 20	0.48	0.47	4.5	4.7	6.2	0.8	-9999.9	3	63	-9999.9	43	-9999.9	3	26.4	3
2025 07 23 21	0.44	0.43	4.8	4.8	6.0	0.79	-9999.9	3	67	-9999.9	45	-9999.9	3	26.4	3
2025 07 23 22	0.47	0.47	4.9	4.9	6.3	0.9	-9999.9	3	67	-9999.9	45	-9999.9	3	26.3	3
2025 07 23 23	0.5	0.5	4.8	5.0	6.2	0.78	-9999.9	3	66	-9999.9	43	-9999.9	3	26.3	3
2025 07 24 00	0.49	0.48	4.8	5.0	6.3	0.86	-9999.9	3	72	-9999.9	43	-9999.9	3	26.2	3
2025 07 24 01	0.54	0.53	4.9	5.2	6.1	0.98	-9999.9	3	77	-9999.9	43	-9999.9	3	25.7	3
2025 07 24 02	0.56	0.55	5.1	5.2	6.3	0.79	-9999.9	3	77	-9999.9	44	-9999.9	3	25.8	3
2025 07 24 03	0.55	0.54	4.8	5.1	6.4	1.06	-9999.9	3	69	-9999.9	46	-9999.9	3	25.9	3
2025 07 24 04	0.59	0.59	5.2	5.3	6.6	0.99	-9999.9	3	77	-9999.9	41	-9999.9	3	25.8	3
2025 07 24 05	0.52	0.51	4.8	5.1	6.5	0.81	-9999.9	3	76	-9999.9	42	-9999.9	3	25.8	3
2025 07 24 06	0.47	0.48	5.0	5.0	6.4	0.72	-9999.9	3	74	-9999.9	43	-9999.9	3	25.7	3
2025 07 24 07	0.45	0.44	4.7	5.0	6.4	0.74	-9999.9	3	71	-9999.9	42	-9999.9	3	25.5	3
2025 07 24 08	0.49	0.48	4.7	4.9	6.3	0.81	-9999.9	3	71	-9999.9	43	-9999.9	3	25.4	3
2025 07 24 09	0.45	0.44	4.6	4.8	5.8	0.71	-9999.9	3	66	-9999.9	47	-9999.9	3	25.4	3
2025 07 24 10	0.43	0.42	4.3	4.6	6.5	0.72	-9999.9	3	66	-9999.9	48	-9999.9	3	25.4	3
2025 07 24 11	0.48	0.45	3.0	3.2	6.2	0.8	-9999.9	3	48	-9999.9	43	-9999.9	3	25.6	3
2025 07 24 12	0.54	0.49	3.0	3.1	6.1	1.06	-9999.9	3	40	-9999.9	46	-9999.9	3	25.6	3
2025 07 24 13	0.52	0.5	2.9	2.9	5.5	1.04	-9999.9	3	37	-9999.9	45	-9999.9	3	25.5	3
2025 07 24 14	0.47	0.43	2.8	3.0	6.0	0.78	-9999.9	3	40	-9999.9	48	-9999.9	3	25.5	3
2025 07 24 15	0.4	0.36	3.0	3.3	6.3	0.65	-9999.9	3	60	-9999.9	51	-9999.9	3	25.4	3
2025 07 24 16	0.39	0.38	3.7	4.0	6.1	0.64	-9999.9	3	77	-9999.9	43	-9999.9	3	25.5	3
2025 07 24 17	0.37	0.37	4.2	4.5	6.2	0.6	-9999.9	3	80	-9999.9	47	-9999.9	3	25.6	3
2025 07 24 18	0.32	0.31	4.0	4.4	6.2	0.53	-9999.9	3	80	-9999.9	50	-9999.9	3	25.7	3
2025 07 24 19	0.42	0.41	4.3	4.4	6.3	0.73	-9999.9	3	63	-9999.9	50	-9999.9	3	25.5	3
2025 07 24 20	0.4	0.39	4.5	4.6	6.5	0.64	-9999.9	3	56	-9999.9	44	-9999.9	3	25.6	3
2025 07 24 21	0.4	0.38	4.4	4.4	6.3	0.58	-9999.9	3	59	-9999.9	50	-9999.9	3	25.7	3
2025 07 24 22	0.38	0.37	4.3	4.3	6.1	0.63	-9999.9	3	62	-9999.9	46	-9999.9	3	25.6	3
2025 07 24 23	0.4	0.38	3.8	4.3	6.4	0.86	-9999.9	3	56	-9999.9	43	-9999.9	3	25.6	3
2025 07 25 00	0.4	0.38	3.6	3.8	6.0	0.65	-9999.9	3	56	-9999.9	44	-9999.9	3	25.5	3
2025 07 25 01	0.41	0.39	3.9	4.1	6.2	0.73	-9999.9	3	57	-9999.9	42	-9999.9	3	25.2	3
2025 07 25 02	0.35	0.34	3.8	3.8	6.1	0.52	-9999.9	3	57	-9999.9	48	-9999.9	3	24.7	3
2025 07 25 03	0.36	0.34	3.6	3.7	6.0	0.58	-9999.9	3	54	-9999.9	47	-9999.9	3	24.6	3
2025 07 25 04	0.37	0.35	3.4	3.7	6.0	0.64	-9999.9	3	54	-9999.9	48	-9999.9	3	24.9	3
2025 07 25 05	0.44	0.43	2.7	2.8	5.1	0.69	-9999.9	3	49	-9999.9	45	-9999.9	3	23.3	3
2025 07 25 06	0.57	0.55	2.8	2.9	4.1	0.91	-9999.9	3	38	-9999.9	52	-9999.9	3	24.6	3
2025 07 25 07	1.08	1.03	3.7	3.7	5.2	1.85	-9999.9	3	36	-9999.9	43	-9999.9	3	24.4	3
2025 07 25 08	1.41	1.39	4.4	4.4	5.8	2.1	-9999.9	3	35	-9999.9	36	-9999.9	3	24.2	3
2025 07 25 09	1.44	1.37	4.3	4.5	6.5	2.31	-9999.9	3	37	-9999.9	40	-9999.9	3	24.5	3
2025 07 25 10	1.46	1.39	4.7	4.6	6.9	2.18	-9999.9	3	36	-9999.9	41	-9999.9	3	24.5	3
2025 07 25 11	1.47	1.4	4.8	4.7	7.0	2.19	-9999.9	3	35	-9999.9	40	-9999.9	3	24.6	3
2025 07 25 12	1.81	1.81	5.5	5.2	8.4	2.88	-9999.9	3	39	-9999.9	38	-9999.9	3	24.7	3
2025 07 25 13	2.15	2.04	5.5	5.6	9.1	4.24	-9999.9	3	45	-9999.9	40	-9999.9	3	24.7	3
2025 07 25 14	2.57	2.46	6.2	6.3	9.3	4.27	-9999.9	3	57	-9999.9	39	-9999.9	3	24.4	3
2025 07 25 15	2.3	2.19	6.2	5.9	9.5	3.69	-9999.9	3	57	-9999.9	43	-9999.9	3	24.3	3
2025 07 25 16	2.1	2.04	6.1	5.9	9.6	2.85	-9999.9	3	67	-9999.9	43	-9999.9	3	24.3	3
2025 07 25 17	1.89	1.79	5.6	5.6	9.7	2.98	-9999.9	3	62	-9999.9	47	-9999.9	3	24.4	3
2025 07 25 18	2.08	2.01	6.1	6.0	9.7	3.01	-9999.9	3	71	-9999.9	46	-9999.9	3	24.6	3
2025 07 25 19	2.06	1.95	5.9	6.0	9.7	3.04	-9999.9	3	67	-9999.9	46	-9999.9	3	24.5	3
2025 07 25 20	2.13	2.04	6.0	5.8	9.8	2.97	-9999.9	3	68	-9999.9	43	-9999.9	3	24.4	3
2025 07 25 21	2.08	1.94	6.1	6.1	9.5	3.54	-9999.9	3	67	-9999.9	44	-9999.9	3	24.5	3
2025 07 25 22	2.21	2.12	6.4	6.3	9.5	3.87	-9999.9	3	70	-9999.9	45	-9999.9	3	24.4	3
2025 07 25 23	2.22	2.19	6.4	6.2	9.6	3.81	-9999.9	3	73	-9999.9	49	-9999.9	3	24.4	3
2025 07 26 00	2.24	2.14	6.2	6.2	9.6	3.73	-9999.9	3	69	-9999.9	45	-9999.9	3	24.3	3
2025 07 26 01	1.94	1.87	5.7	5.6	9.5	3.76	-9999.9	3	70	-9999.9	51	-9999.9	3	24.1	3
2025 07 26 02	1.8	1.72	5.7	5.6	8.5	2.58	-9999.9	3	66	-9999.9	46	-9999.9	3	24.0	3
2025 07 26 03	1.5	1.43	5.1	5.0	7.7	2.38	-9999.9	3	64	-9999.9	47	-9999.9	3	24.0	3
2025 07 26 04	1.45	1.39	4.9	5.0	8.7	2.58	-9999.9	3	61	-9999.9	45	-9999.9	3	23.8	3
2025 07 26 05	1.5	1.45	4.9	5.0	8.5	2.47	-9999.9	3	61	-9999.9	45	-9999.9	3	23.2	3
2025 07 26 06	1.41	1.33	4.6	4.7	7.7	2.83	-9999.9	3	58	-9999.9	43	-9999.9	3	22.4	3
2025 07 26 07	1.31	1.25	4.9	4.8	7.8	2.08	-9999.9	3	61	-9999.9	46	-9999.9	3	22.4	3
2025 07 26 08	1.37	1.32	5.0	5.0	8.1	2.73	-9999.9	3	58	-9999.9	44	-9999.9	3	22.5	3
2025 07 26 09	1.32	1.25	5.0	5.0	8.1	1.83	-9999.9	3	60	-9999.9	46	-9999.9	3	23.1	3
2025 07 26 10	1.44	1.36	4.9	5.1	8.4	2.38	-9999.9	3	58	-9999.9	40	-9999.9	3	23.9	3
2025 07 26 11	1.33	1.26	5.1	5.0	7.6	2.11	-9999.9	3	61	-9999.9	44	-9999.9	3	24.5	3
2025 07 26 12	1.33	1.28	4.9	5.0	7.5	1.94	-9999.9	3	57	-9999.9	39	-9999.9	3	24.6	3
2025 07 26 13	1.27	1.21	5.0	5.0	7.8	2.11	-9999.9	3	56	-9999.9	41	-9999.9	3	25.2	3
2025 07 26 14	1.23	1.21	5.2	5.0	7.6	2.05	-9999.9	3	60	-9999.9	42	-9999.9	3	25.3	3
2025 07 26 15	1.02	0.98	4.6	4.6	7.7	1.59	-9999.9	3	65	-9999.9	44	-9999.9	3	25.6	3
2025 07 26 16	1.03	0.97	4.5	4.7	7.6	1.53	-9999.9	3	63	-9999.9	40	-9999.9	3	24.9	3
2025 07 26 17	0.89	0.85	4.2	4.3	7.0	1.35	-9999.9	3	62	-9999.9	42	-9999.9	3	25.3	3
2025 07 26 18	0.9	0.88	4.3	4.1	6.5	1.48	-9999.9	3	67	-9999.9	44	-9999.9	3	25.2	3
2025 07 26 19	0.84	0.8	3.9	4.1	6.6	1.36	-9999.9	3	65	-9999.9	47	-9999.9	3	24.9	3
2025 07 26 20	0.9	0.85	4.2	4.3	7.1	1.4	-9999.9	3	60	-9999.9	43	-9999.9	3	25.0	3
2025 07 26 21	0.86	0.81	4.2	4.4	6.8	1.4	-9999.9	3	48	-9999.9	44	-9999.9	3	25.0	3
2025 07 26 22	0.85	0.81	4.3	4.5	6.6	1.56	-9999.9	3	51	-9999.9	43	-9999.9	3	25.1	3
2025 07 26 23	0.84	0.82	4.4	4.5	6.8	1.39	-9999.9	3	57	-9999.9	43	-9999.9	3	25.0	3
2025 07 27 00	0.82	0.78	4.4	4.5	6.7	1.29	-9999.9	3	58	-9999.9	43	-9999.9	3	24.7	3
2025 07 27 01	0.84	0.8	4.3	4.4	5.9	1.34	-9999.9	3	60	-9999.9	41	-9999.9	3	24.3	3
2025 07 27 02	0.85	0.82	4.3	4.3	6.5	1.37	-9999.9	3	64	-9999.9	46	-9999.9	3	24.1	3
2025 07 27 03	0.77	0.75	4.2	4.2	5.9	1.18	-9999.9	3	66	-9999.9	46	-9999.9	3	24.1	3
2025 07 27 04	0.72	0.7	4.0	4.1	5.1	1.09	-9999.9	3	67	-9999.9	45	-9999.9	3	24.1	3
2025 07 27 05	0.66	0.64	3.9	3.9	5.2	1.06	-9999.9	3	63	-9999.9	43	-9999.9	3	23.9	3
2025 07 27 06	0.66	0.63	3.8	3.9	5.4	1.24	-9999.9	3	63	-9999.9	45	-9999.9	3	23.6	3
2025 07 27 07	0.61	0.59	3.8	3.8	5.1	0.93	-9999.9	3	66	-9999.9	48	-9999.9	3	23.7	3
2025 07 27 08	0.58	0.56	3.7	3.8	5.6	0.98	-9999.9	3	65	-9999.9	46	-9999.9	3	23.8	3
2025 07 27 09	0.59	0.57	3.8	3.9	5.6	1.02	-9999.9	3	69	-9999.9	48	-9999.9	3	24.3	3
2025 07 27 10	0.52	0.5	3.8	3.9	5.7	0.88	-9999.9	3	72	-9999.9	52	-9999.9	3	24.7	3
2025 07 27 11	0.56	0.54	4.0	4.0	5.8	0.86	-9999.9	3	64	-9999.9	45	-9999.9	3	24.8	3
2025 07 27 12	0.53	0.52	3.7	3.9	5.9	0.88	-9999.9	3	55	-9999.9	46	-9999.9	3	24.7	3
2025 07 27 13	0.47	0.46	3.8	3.9	5.5	0.67	-9999.9	3	57	-9999.9	49	-9999.9	3	25.3	3
2025 07 27 14	0.48	0.46	3.8	3.9	5.6	0.76	-9999.9	3	65	-9999.9	43	-9999.9	3	25.6	3
2025 07 27 15	0.38	0.37	3.5	3.6	5.5	0.61	-9999.9	3	62	-9999.9	51	-9999.9	3	25.0	3
2025 07 27 16	0.41	0.41	3.9	3.9	5.8	0.7	-9999.9	3	67	-9999.9	48	-9999.9	3	25.5	3
2025 07 27 17	0.43	0.42	3.9	3.9	5.7	0.66	-9999.9	3	69	-9999.9	49	-9999.9	3	26.0	3
2025 07 27 18	0.42	0.4	3.8	4.0	5.6	0.78	-9999.9	3	78	-9999.9	47	-9999.9	3	25.9	3
2025 07 27 19	0.41	0.4	3.9	4.0	6.0	0.63	-9999.9	3	78	-9999.9	47	-9999.9	3	25.1	3
2025 07 27 20	0.42	0.41	3.7	4.0	5.8	0.83	-9999.9	3	79	-9999.9	51	-9999.9	3	25.3	3
2025 07 27 21	0.37	0.35	3.6	3.9	5.6	0.64	-9999.9	3	76	-9999.9	48	-9999.9	3	25.2	3
2025 07 27 22	0.36	0.35	4.1	4.1	5.3	0.58	-9999.9	3	76	-9999.9	46	-9999.9	3	25.1	3
2025 07 27 23	0.33	0.32	4.0	4.0	5.3	0.48	-9999.9	3	70	-9999.9	47	-9999.9	3	25.1	3
2025 07 28 00	0.3	0.29	3.8	3.8	5.1	0.44	-9999.9	3	70	-9999.9	48	-9999.9	3	25.0	3
2025 07 28 01	0.31	0.31	4.1	4.0	5.1	0.52	-9999.9	3	64	-9999.9	45	-9999.9	3	25.0	3
2025 07 28 02	0.32	0.3	3.7	4.1	5.5	0.56	-9999.9	3	65	-9999.9	47	-9999.9	3	24.8	3
2025 07 28 03	0.3	0.29	3.9	4.0	5.0	0.45	-9999.9	3	65	-9999.9	47	-9999.9	3	24.8	3
2025 07 28 04	0.32	0.31	3.9	4.0	5.0	0.56	-9999.9	3	68	-9999.9	46	-9999.9	3	24.4	3
2025 07 28 05	0.28	0.27	3.7	3.8	5.3	0.52	-9999.9	3	72	-9999.9	46	-9999.9	3	24.5	3
2025 07 28 06	0.27	0.26	4.2	4.2	5.2	0.41	-9999.9	3	74	-9999.9	46	-9999.9	3	24.4	3
2025 07 28 07	0.25	0.24	4.1	4.1	5.1	0.48	-9999.9	3	66	-9999.9	50	-9999.9	3	24.3	3
2025 07 28 08	0.21	0.2	3.7	3.8	5.0	0.34	-9999.9	3	68	-9999.9	46	-9999.9	3	24.4	3
2025 07 28 09	0.2	0.19	3.6	3.9	4.9	0.33	-9999.9	3	86	-9999.9	53	-9999.9	3	24.7	3
2025 07 28 10	0.17	0.17	3.6	3.7	4.8	0.3	-9999.9	3	82	-9999.9	54	-9999.9	3	25.3	3
2025 07 28 11	0.18	0.17	3.4	3.4	4.8	0.34	-9999.9	3	77	-9999.9	47	-9999.9	3	25.2	3
2025 07 28 12	0.16	0.15	3.9	4.1	5.1	0.24	-9999.9	3	70	-9999.9	52	-9999.9	3	25.9	3
2025 07 28 13	0.18	0.17	3.6	3.7	6.4	0.39	-9999.9	3	61	-9999.9	53	-9999.9	3	26.0	3
2025 07 28 14	0.16	0.16	2.8	3.5	4.9	0.32	-9999.9	3	63	-9999.9	54	-9999.9	3	25.9	3
2025 07 28 15	0.17	0.16	3.0	3.4	4.7	0.3	-9999.9	3	51	-9999.9	58	-9999.9	3	27.0	3
2025 07 28 16	0.24	0.23	2.7	2.8	5.1	0.44	-9999.9	3	52	-9999.9	46	-9999.9	3	26.7	3
2025 07 28 17	0.24	0.23	2.5	2.6	3.4	0.35	-9999.9	3	39	-9999.9	47	-9999.9	3	26.5	3
2025 07 28 18	0.22	0.21	2.7	2.8	4.4	0.41	-9999.9	3	54	-9999.9	49	-9999.9	3	26.5	3
2025 07 28 19	0.24	0.23	3.0	3.1	5.3	0.36	-9999.9	3	59	-9999.9	46	-9999.9	3	26.4	3
2025 07 28 20	0.18	0.17	2.8	2.9	6.0	0.3	-9999.9	3	68	-9999.9	55	-9999.9	3	25.8	3
2025 07 28 21	0.16	0.15	2.8	2.9	5.8	0.25	-9999.9	3	66	-9999.9	54	-9999.9	3	25.8	3
2025 07 28 22	0.16	0.14	3.1	3.1	6.8	0.25	-9999.9	3	69	-9999.9	54	-9999.9	3	25.6	3
2025 07 28 23	0.16	0.15	2.9	2.9	4.7	0.24	-9999.9	3	62	-9999.9	50	-9999.9	3	25.4	3
2025 07 29 00	0.18	0.18	2.9	3.0	2.9	0.36	-9999.9	3	90	-9999.9	47	-9999.9	3	24.8	3
2025 07 29 01	0.15	0.14	3.3	3.4	5.7	0.22	-9999.9	3	57	-9999.9	52	-9999.9	3	24.7	3
2025 07 29 02	0.14	0.13	3.4	3.5	7.9	0.2	-9999.9	3	53	-9999.9	53	-9999.9	3	24.8	3
2025 07 29 03	0.14	0.13	3.1	3.2	8.5	0.21	-9999.9	3	72	-9999.9	54	-9999.9	3	24.7	3
2025 07 29 04	0.15	0.15	3.0	3.2	6.9	0.23	-9999.9	3	64	-9999.9	46	-9999.9	3	24.5	3
2025 07 29 05	0.18	0.17	2.5	2.7	6.5	0.32	-9999.9	3	69	-9999.9	52	-9999.9	3	24.7	3
2025 07 29 06	0.19	0.18	2.5	2.6	3.7	0.33	-9999.9	3	64	-9999.9	50	-9999.9	3	24.6	3
2025 07 29 07	0.2	0.19	2.8	2.9	4.5	0.31	-9999.9	3	53	-9999.9	52	-9999.9	3	24.5	3
2025 07 29 08	0.37	0.35	3.2	3.4	4.0	0.62	-9999.9	3	35	-9999.9	44	-9999.9	3	24.7	3
2025 07 29 09	0.77	0.75	4.3	4.3	5.0	1.44	-9999.9	3	30	-9999.9	45	-9999.9	3	24.9	3
2025 07 29 10	0.86	0.83	4.4	4.4	5.5	1.31	-9999.9	3	39	-9999.9	44	-9999.9	3	25.5	3
2025 07 29 11	0.87	0.85	4.4	4.4	5.6	1.54	-9999.9	3	42	-9999.9	45	-9999.9	3	25.5	3
2025 07 29 12	1.05	1.01	4.8	4.8	6.0	1.81	-9999.9	3	33	-9999.9	39	-9999.9	3	26.3	3
2025 07 29 13	1.2	1.16	5.1	5.0	6.2	1.99	-9999.9	3	33	-9999.9	38	-9999.9	3	26.4	3
2025 07 29 14	1.18	1.15	4.7	4.8	6.2	2.05	-9999.9	3	33	-9999.9	41	-9999.9	3	26.0	3
2025 07 29 15	1.18	1.15	4.8	4.8	6.2	2.06	-9999.9	3	28	-9999.9	40	-9999.9	3	25.8	3
2025 07 29 16	1.05	1.04	4.6	4.6	6.1	1.89	-9999.9	3	32	-9999.9	47	-9999.9	3	25.4	3
2025 07 29 17	1.15	1.11	4.7	4.9	6.0	2.42	-9999.9	3	44	-9999.9	43	-9999.9	3	25.9	3
2025 07 29 18	1.4	1.34	5.0	5.2	6.8	2.08	-9999.9	3	56	-9999.9	42	-9999.9	3	25.7	3
2025 07 29 19	1.53	1.48	5.4	5.3	7.2	2.3	-9999.9	3	62	-9999.9	46	-9999.9	3	25.7	3
2025 07 29 20	1.49	1.45	5.6	5.4	7.9	2.19	-9999.9	3	60	-9999.9	47	-9999.9	3	25.5	3
2025 07 29 21	1.41	1.39	5.4	5.3	7.3	2.32	-9999.9	3	61	-9999.9	43	-9999.9	3	25.2	3
2025 07 29 22	1.39	1.34	5.4	5.5	7.7	2.07	-9999.9	3	66	-9999.9	44	-9999.9	3	24.9	3
2025 07 29 23	1.54	1.52	5.9	5.7	7.8	2.44	-9999.9	3	64	-9999.9	41	-9999.9	3	24.8	3
2025 07 30 00	1.61	1.53	5.7	5.7	7.5	2.56	-9999.9	3	65	-9999.9	41	-9999.9	3	25.0	3
2025 07 30 01	1.46	1.44	5.6	5.6	8.2	2.32	-9999.9	3	68	-9999.9	42	-9999.9	3	25.0	3
2025 07 30 02	1.46	1.41	5.4	5.5	8.0	2.26	-9999.9	3	68	-9999.9	41	-9999.9	3	25.0	3
2025 07 30 03	1.34	1.3	5.1	5.1	7.4	2.02	-9999.9	3	69	-9999.9	43	-9999.9	3	25.0	3
2025 07 30 04	1.57	1.53	5.7	5.7	8.0	2.46	-9999.9	3	69	-9999.9	38	-9999.9	3	25.1	3
2025 07 30 05	1.39	1.34	5.5	5.6	8.5	2.36	-9999.9	3	72	-9999.9	44	-9999.9	3	25.0	3
2025 07 30 06	1.36	1.32	5.4	5.6	8.3	2.26	-9999.9	3	67	-9999.9	44	-9999.9	3	25.0	3
2025 07 30 07	1.21	1.16	5.1	5.2	8.3	2.17	-9999.9	3	76	-9999.9	51	-9999.9	3	25.0	3
2025 07 30 08	1.09	1.06	4.9	5.0	8.3	1.61	-9999.9	3	66	-9999.9	47	-9999.9	3	25.1	3
2025 07 30 09	1.14	1.09	4.7	4.8	7.6	1.96	-9999.9	3	65	-9999.9	46	-9999.9	3	25.0	3
2025 07 30 10	1.06	0.99	4.6	4.6	8.0	1.46	-9999.9	3	55	-9999.9	47	-9999.9	3	25.1	3
2025 07 30 11	1.08	1.03	4.6	4.5	7.5	2.36	-9999.9	3	49	-9999.9	46	-9999.9	3	25.1	3
2025 07 30 12	1.01	0.96	4.1	4.1	6.4	1.89	-9999.9	3	43	-9999.9	48	-9999.9	3	25.3	3
2025 07 30 13	1.15	1.08	4.2	4.4	7.3	2.14	-9999.9	3	42	-9999.9	46	-9999.9	3	25.4	3
2025 07 30 14	1.14	1.11	4.2	4.2	6.0	1.75	-9999.9	3	39	-9999.9	47	-9999.9	3	25.4	3
2025 07 30 15	1.18	1.13	4.2	4.3	6.0	2.15	-9999.9	3	43	-9999.9	46	-9999.9	3	25.6	3
2025 07 30 16	1.28	1.22	4.5	4.5	6.4	1.84	-9999.9	3	43	-9999.9	46	-9999.9	3	25.7	3
2025 07 30 17	1.35	1.3	4.5	4.5	6.1	1.95	-9999.9	3	49	-9999.9	44	-9999.9	3	25.6	3
2025 07 30 18	1.59	1.51	5.0	5.0	6.9	2.35	-9999.9	3	54	-9999.9	42	-9999.9	3	25.6	3
2025 07 30 19	1.66	1.61	5.2	4.9	7.1	2.82	-9999.9	3	56	-9999.9	43	-9999.9	3	25.5	3
2025 07 30 20	1.62	1.57	5.0	5.0	7.1	2.48	-9999.9	3	59	-9999.9	46	-9999.9	3	25.5	3
2025 07 30 21	1.96	1.9	5.4	5.3	7.3	3.23	-9999.9	3	60	-9999.9	38	-9999.9	3	25.4	3
2025 07 30 22	1.82	1.78	5.5	5.2	7.0	2.86	-9999.9	3	63	-9999.9	43	-9999.9	3	25.4	3
2025 07 30 23	1.66	1.59	4.9	4.9	7.4	2.39	-9999.9	3	60	-9999.9	42	-9999.9	3	25.3	3
2025 07 31 00	1.58	1.51	4.9	5.1	7.1	2.38	-9999.9	3	61	-9999.9	43	-9999.9	3	25.3	3
2025 07 31 01	1.8	1.76	5.3	5.2	7.1	2.75	-9999.9	3	64	-9999.9	40	-9999.9	3	25.3	3
2025 07 31 02	1.52	1.46	5.0	4.8	7.0	2.26	-9999.9	3	61	-9999.9	42	-9999.9	3	25.2	3
2025 07 31 03	1.52	1.45	4.9	5.0	7.2	2.28	-9999.9	3	63	-9999.9	42	-9999.9	3	25.2	3
2025 07 31 04	1.68	1.62	5.4	5.3	7.3	2.93	-9999.9	3	64	-9999.9	40	-9999.9	3	25.2	3
2025 07 31 05	1.56	1.51	5.2	5.3	7.4	2.53	-9999.9	3	64	-9999.9	38	-9999.9	3	25.2	3
2025 07 31 06	1.49	1.45	5.3	5.2	7.1	2.68	-9999.9	3	59	-9999.9	39	-9999.9	3	25.0	3
2025 07 31 07	1.49	1.44	5.1	5.1	7.0	2.53	-9999.9	3	51	-9999.9	42	-9999.9	3	25.1	3
2025 07 31 08	1.42	1.37	5.1	5.1	6.9	1.93	-9999.9	3	53	-9999.9	43	-9999.9	3	25.1	3
2025 07 31 09	1.39	1.33	4.9	5.1	7.2	2.08	-9999.9	3	55	-9999.9	46	-9999.9	3	25.2	3
2025 07 31 10	1.49	1.44	5.2	5.2	7.2	2.11	-9999.9	3	50	-9999.9	38	-9999.9	3	25.2	3
2025 07 31 11	1.45	1.4	4.9	5.0	7.7	2.03	-9999.9	3	49	-9999.9	43	-9999.9	3	25.3	3
2025 07 31 12	1.33	1.29	5.0	4.9	6.9	2.12	-9999.9	3	46	-9999.9	43	-9999.9	3	25.5	3
2025 07 31 13	1.48	1.43	5.1	5.1	7.0	2.12	-9999.9	3	51	-9999.9	38	-9999.9	3	25.7	3
2025 07 31 14	1.3	1.24	4.9	4.9	6.9	1.89	-9999.9	3	52	-9999.9	42	-9999.9	3	25.8	3
2025 07 31 15	1.28	1.24	4.7	4.8	6.6	1.93	-9999.9	3	50	-9999.9	39	-9999.9	3	25.9	3
2025 07 31 16	1.2	1.15	4.7	4.8	6.7	2.35	-9999.9	3	46	-9999.9	43	-9999.9	3	25.9	3
2025 07 31 17	1.13	1.09	4.5	4.6	6.6	1.77	-9999.9	3	49	-9999.9	43	-9999.9	3	25.8	3
2025 07 31 18	1.17	1.13	4.7	4.8	6.7	1.92	-9999.9	3	53	-9999.9	41	-9999.9	3	25.5	3
2025 07 31 19	1.21	1.16	4.7	4.8	6.6	2.64	-9999.9	3	56	-9999.9	42	-9999.9	3	25.5	3
2025 07 31 20	1.23	1.18	4.8	4.8	7.1	2.09	-9999.9	3	53	-9999.9	43	-9999.9	3	25.4	3
2025 07 31 21	1.26	1.23	5.0	5.0	7.1	1.92	-9999.9	3	55	-9999.9	41	-9999.9	3	25.4	3
2025 07 31 22	1.21	1.18	4.9	4.7	7.1	1.88	-9999.9	3	52	-9999.9	44	-9999.9	3	25.4	3
2025 07 31 23	1.27	1.24	5.0	5.0	7.1	2.13	-9999.9	3	54	-9999.9	39	-9999.9	3	24.9	3
2025 08 01 00	1.2	1.17	4.6	4.7	7.0	1.79	-9999.9	3	56	-9999.9	44	-9999.9	3	25.1	3
2025 08 01 01	1.28	1.25	4.8	4.8	6.6	1.99	-9999.9	3	58	-9999.9	43	-9999.9	3	24.7	3
2025 08 01 02	1.19	1.17	4.7	4.7	6.6	1.89	-9999.9	3	48	-9999.9	43	-9999.9	3	24.8	3
2025 08 01 03	1.21	1.19	4.8	4.8	6.8	1.94	-9999.9	3	51	-9999.9	46	-9999.9	3	24.8	3
2025 08 01 04	1.19	1.14	4.6	4.7	7.1	1.78	-9999.9	3	53	-9999.9	44	-9999.9	3	24.9	3
2025 08 01 05	1.26	1.2	4.7	4.9	7.1	2.2	-9999.9	3	54	-9999.9	41	-9999.9	3	25.2	3
2025 08 01 06	1.18	1.1	4.4	4.7	6.6	2.01	-9999.9	3	55	-9999.9	43	-9999.9	3	25.1	3
2025 08 01 07	1.13	1.1	4.6	4.8	7.0	1.76	-9999.9	3	60	-9999.9	45	-9999.9	3	24.7	3
2025 08 01 08	1.21	1.17	5.1	5.1	7.1	2.07	-9999.9	3	57	-9999.9	39	-9999.9	3	24.5	3
2025 08 01 09	1.06	1.04	5.0	5.0	7.3	1.74	-9999.9	3	56	-9999.9	43	-9999.9	3	24.6	3
2025 08 01 10	1.04	1.02	4.8	4.8	6.9	1.68	-9999.9	3	57	-9999.9	44	-9999.9	3	24.8	3
2025 08 01 11	1.0	0.97	4.9	4.9	6.8	1.62	-9999.9	3	60	-9999.9	44	-9999.9	3	25.0	3
2025 08 01 12	0.96	0.92	5.0	5.0	7.1	1.54	-9999.9	3	59	-9999.9	44	-9999.9	3	25.2	3
2025 08 01 13	1.07	1.02	4.8	5.0	7.3	1.76	-9999.9	3	57	-9999.9	39	-9999.9	3	25.4	3
2025 08 01 14	1.14	1.12	5.3	5.1	7.1	1.73	-9999.9	3	57	-9999.9	39	-9999.9	3	25.5	3
2025 08 01 15	1.01	0.98	4.6	4.8	6.8	1.46	-9999.9	3	61	-9999.9	43	-9999.9	3	25.4	3
2025 08 01 16	1.03	1.0	4.9	4.8	7.1	1.59	-9999.9	3	61	-9999.9	43	-9999.9	3	25.5	3
2025 08 01 17	1.05	1.02	4.9	4.8	6.9	1.6	-9999.9	3	63	-9999.9	38	-9999.9	3	25.7	3
2025 08 01 18	0.96	0.93	4.8	4.8	6.6	1.64	-9999.9	3	62	-9999.9	43	-9999.9	3	25.4	3
2025 08 01 19	1.04	0.99	4.6	4.8	6.7	1.63	-9999.9	3	58	-9999.9	43	-9999.9	3	25.3	3
2025 08 01 20	0.86	0.81	4.1	4.3	6.7	1.4	-9999.9	3	62	-9999.9	49	-9999.9	3	25.0	3
2025 08 01 21	0.87	0.85	4.3	4.4	6.8	1.7	-9999.9	3	63	-9999.9	44	-9999.9	3	25.0	3
2025 08 01 22	0.82	0.8	4.3	4.4	6.3	1.2	-9999.9	3	61	-9999.9	42	-9999.9	3	24.8	3
2025 08 01 23	0.78	0.75	4.2	4.4	6.5	1.35	-9999.9	3	63	-9999.9	44	-9999.9	3	24.7	3
2025 08 02 00	0.73	0.7	4.2	4.3	6.3	1.16	-9999.9	3	56	-9999.9	44	-9999.9	3	24.6	3
2025 08 02 01	0.72	0.69	4.2	4.3	6.5	1.24	-9999.9	3	55	-9999.9	42	-9999.9	3	24.6	3
2025 08 02 02	0.75	0.71	4.3	4.3	5.9	1.38	-9999.9	3	54	-9999.9	42	-9999.9	3	24.6	3
2025 08 02 03	0.71	0.69	4.2	4.2	5.6	1.02	-9999.9	3	49	-9999.9	46	-9999.9	3	24.5	3
2025 08 02 04	0.77	0.74	4.1	4.2	5.5	1.22	-9999.9	3	42	-9999.9	45	-9999.9	3	24.7	3
2025 08 02 05	0.88	0.86	4.1	4.2	5.3	1.72	-9999.9	3	49	-9999.9	42	-9999.9	3	24.4	3
2025 08 02 06	0.87	0.84	3.7	3.8	5.0	1.49	-9999.9	3	48	-9999.9	48	-9999.9	3	24.2	3
2025 08 02 07	0.92	0.88	3.7	3.7	5.1	1.59	-9999.9	3	52	-9999.9	45	-9999.9	3	24.1	3
2025 08 02 08	0.93	0.89	3.6	3.8	5.5	1.48	-9999.9	3	57	-9999.9	45	-9999.9	3	24.0	3
2025 08 02 09	0.87	0.84	3.7	3.7	5.7	1.49	-9999.9	3	59	-9999.9	45	-9999.9	3	24.0	3
2025 08 02 10	0.87	0.84	3.9	3.8	5.7	1.43	-9999.9	3	60	-9999.9	45	-9999.9	3	24.1	3
2025 08 02 11	0.83	0.78	3.8	3.9	6.5	1.13	-9999.9	3	63	-9999.9	44	-9999.9	3	24.2	3
2025 08 02 12	0.83	0.81	4.1	4.1	6.3	1.22	-9999.9	3	64	-9999.9	42	-9999.9	3	24.5	3
2025 08 02 13	0.83	0.81	4.1	4.2	6.3	1.46	-9999.9	3	65	-9999.9	42	-9999.9	3	24.6	3
2025 08 02 14	0.84	0.83	4.2	4.3	6.4	1.33	-9999.9	3	69	-9999.9	42	-9999.9	3	24.7	3
2025 08 02 15	0.84	0.79	4.0	4.3	6.4	1.38	-9999.9	3	70	-9999.9	44	-9999.9	3	24.9	3
2025 08 02 16	0.92	0.88	4.2	4.3	5.9	1.76	-9999.9	3	69	-9999.9	42	-9999.9	3	24.8	3
2025 08 02 17	0.85	0.81	3.9	4.0	6.3	1.28	-9999.9	3	64	-9999.9	48	-9999.9	3	25.0	3
2025 08 02 18	0.89	0.85	4.2	4.2	6.4	1.56	-9999.9	3	66	-9999.9	42	-9999.9	3	25.0	3
2025 08 02 19	0.85	0.81	4.1	4.1	6.1	1.21	-9999.9	3	63	-9999.9	44	-9999.9	3	24.9	3
2025 08 02 20	0.88	0.85	4.3	4.2	5.7	1.49	-9999.9	3	56	-9999.9	43	-9999.9	3	24.9	3
2025 08 02 21	0.87	0.84	4.3	4.4	6.0	1.33	-9999.9	3	60	-9999.9	46	-9999.9	3	24.8	3
2025 08 02 22	0.99	0.95	4.5	4.6	6.3	1.51	-9999.9	3	61	-9999.9	42	-9999.9	3	24.7	3
2025 08 02 23	0.95	0.92	4.5	4.5	5.9	1.44	-9999.9	3	60	-9999.9	44	-9999.9	3	24.6	3
2025 08 03 00	0.95	0.94	4.5	4.5	6.2	1.7	-9999.9	3	60	-9999.9	45	-9999.9	3	24.6	3
2025 08 03 01	0.97	0.93	4.5	4.6	6.3	1.64	-9999.9	3	59	-9999.9	41	-9999.9	3	24.6	3
2025 08 03 02	0.9	0.86	4.3	4.4	6.1	1.38	-9999.9	3	62	-9999.9	42	-9999.9	3	24.5	3
2025 08 03 03	0.96	0.92	4.3	4.4	5.8	1.39	-9999.9	3	61	-9999.9	39	-9999.9	3	24.5	3
2025 08 03 04	0.88	0.85	4.2	4.2	5.5	1.65	-9999.9	3	51	-9999.9	42	-9999.9	3	24.4	3
2025 08 03 05	0.83	0.82	4.2	4.1	5.5	1.14	-9999.9	3	52	-9999.9	46	-9999.9	3	24.4	3
2025 08 03 06	0.81	0.79	4.1	4.2	5.7	1.47	-9999.9	3	57	-9999.9	45	-9999.9	3	24.4	3
2025 08 03 07	0.83	0.79	4.2	4.3	5.6	1.78	-9999.9	3	56	-9999.9	43	-9999.9	3	24.4	3
2025 08 03 08	0.83	0.8	4.1	4.3	5.7	1.41	-9999.9	3	60	-9999.9	43	-9999.9	3	24.3	3
2025 08 03 09	0.82	0.8	4.2	4.2	6.1	1.28	-9999.9	3	64	-9999.9	44	-9999.9	3	24.5	3
2025 08 03 10	0.79	0.76	4.1	4.1	5.8	1.35	-9999.9	3	60	-9999.9	47	-9999.9	3	24.5	3
2025 08 03 11	0.84	0.83	4.3	4.2	6.0	1.26	-9999.9	3	62	-9999.9	44	-9999.9	3	24.5	3
2025 08 03 12	0.89	0.87	4.3	4.3	5.8	1.62	-9999.9	3	62	-9999.9	38	-9999.9	3	24.6	3
2025 08 03 13	0.78	0.75	3.9	4.0	5.9	1.18	-9999.9	3	60	-9999.9	45	-9999.9	3	24.7	3
2025 08 03 14	0.8	0.77	4.2	4.2	6.1	1.21	-9999.9	3	57	-9999.9	42	-9999.9	3	24.8	3
2025 08 03 15	0.87	0.86	4.2	4.3	6.1	1.47	-9999.9	3	59	-9999.9	47	-9999.9	3	24.8	3
2025 08 03 16	1.02	0.98	4.5	4.5	5.8	1.73	-9999.9	3	51	-9999.9	39	-9999.9	3	24.8	3
2025 08 03 17	1.24	1.19	5.0	4.9	6.3	1.98	-9999.9	3	53	-9999.9	40	-9999.9	3	24.7	3
2025 08 03 18	1.17	1.14	4.5	4.6	6.5	2.15	-9999.9	3	46	-9999.9	47	-9999.9	3	24.8	3
2025 08 03 19	1.38	1.34	5.0	5.0	6.5	2.18	-9999.9	3	46	-9999.9	44	-9999.9	3	24.7	3
2025 08 03 20	1.36	1.33	5.0	5.2	6.6	2.1	-9999.9	3	46	-9999.9	45	-9999.9	3	24.8	3
2025 08 03 21	1.34	1.3	5.1	5.0	6.8	2.04	-9999.9	3	50	-9999.9	44	-9999.9	3	24.9	3
2025 08 03 22	1.5	1.46	5.2	5.1	6.7	2.4	-9999.9	3	49	-9999.9	40	-9999.9	3	24.8	3
2025 08 03 23	1.37	1.34	5.0	5.1	6.8	2.24	-9999.9	3	55	-9999.9	42	-9999.9	3	24.6	3
2025 08 04 00	1.36	1.31	4.8	4.9	6.9	2.61	-9999.9	3	59	-9999.9	46	-9999.9	3	24.6	3
2025 08 04 01	1.37	1.34	4.9	4.9	6.6	2.2	-9999.9	3	55	-9999.9	41	-9999.9	3	24.5	3
2025 08 04 02	1.32	1.29	4.8	4.8	6.6	2.09	-9999.9	3	52	-9999.9	43	-9999.9	3	24.4	3
2025 08 04 03	1.22	1.21	4.8	4.6	6.5	2.23	-9999.9	3	58	-9999.9	42	-9999.9	3	24.3	3
2025 08 04 04	1.38	1.38	4.8	4.9	6.5	2.3	-9999.9	3	54	-9999.9	39	-9999.9	3	24.3	3
2025 08 04 05	1.5	1.48	5.3	5.1	6.9	2.24	-9999.9	3	56	-9999.9	36	-9999.9	3	24.3	3
2025 08 04 06	1.48	1.45	5.1	5.2	7.1	2.48	-9999.9	3	63	-9999.9	44	-9999.9	3	24.1	3
2025 08 04 07	1.6	1.55	5.4	5.3	7.2	2.63	-9999.9	3	67	-9999.9	43	-9999.9	3	23.9	3
2025 08 04 08	1.58	1.54	5.4	5.3	7.4	2.6	-9999.9	3	65	-9999.9	40	-9999.9	3	23.8	3
2025 08 04 09	1.57	1.52	5.2	5.2	6.8	2.43	-9999.9	3	59	-9999.9	39	-9999.9	3	24.0	3
2025 08 04 10	1.5	1.44	4.9	4.9	7.1	2.78	-9999.9	3	58	-9999.9	44	-9999.9	3	24.1	3
2025 08 04 11	1.39	1.32	4.6	4.8	7.1	2.18	-9999.9	3	59	-9999.9	46	-9999.9	3	24.2	3
2025 08 04 12	1.54	1.49	4.8	5.1	6.8	2.66	-9999.9	3	58	-9999.9	42	-9999.9	3	24.3	3
2025 08 04 13	1.39	1.32	4.7	4.8	6.8	2.47	-9999.9	3	55	-9999.9	42	-9999.9	3	24.6	3
2025 08 04 14	1.5	1.47	5.1	5.1	7.0	2.5	-9999.9	3	58	-9999.9	34	-9999.9	3	24.8	3
2025 08 04 15	1.45	1.4	5.0	5.0	6.8	2.24	-9999.9	3	53	-9999.9	40	-9999.9	3	24.9	3
2025 08 04 16	1.42	1.38	5.2	5.2	6.9	2.47	-9999.9	3	54	-9999.9	35	-9999.9	3	24.8	3
2025 08 04 17	1.42	1.35	5.1	5.1	7.1	2.28	-9999.9	3	51	-9999.9	39	-9999.9	3	24.8	3
2025 08 04 18	1.39	1.36	5.1	5.1	6.8	2.26	-9999.9	3	47	-9999.9	43	-9999.9	3	24.8	3
2025 08 04 19	1.28	1.25	5.1	4.9	6.8	2.16	-9999.9	3	42	-9999.9	45	-9999.9	3	24.8	3
2025 08 04 20	1.31	1.28	5.2	5.0	6.9	2.04	-9999.9	3	43	-9999.9	44	-9999.9	3	24.6	3
2025 08 04 21	1.25	1.18	4.4	4.7	7.0	2.2	-9999.9	3	44	-9999.9	44	-9999.9	3	24.6	3
2025 08 04 22	1.29	1.25	5.1	4.9	7.0	2.21	-9999.9	3	49	-9999.9	44	-9999.9	3	24.3	3
2025 08 04 23	1.2	1.17	4.8	4.7	6.7	1.95	-9999.9	3	53	-9999.9	46	-9999.9	3	24.3	3
2025 08 05 00	1.23	1.19	5.0	4.9	6.6	1.79	-9999.9	3	54	-9999.9	47	-9999.9	3	24.2	3
2025 08 05 01	1.18	1.13	4.8	4.7	6.7	1.8	-9999.9	3	55	-9999.9	45	-9999.9	3	24.2	3
2025 08 05 02	1.13	1.08	4.8	4.9	6.8	1.72	-9999.9	3	63	-9999.9	46	-9999.9	3	24.3	3
2025 08 05 03	1.14	1.1	4.7	4.8	6.7	1.77	-9999.9	3	62	-9999.9	42	-9999.9	3	24.3	3
2025 08 05 04	1.2	1.18	4.9	4.9	6.5	1.86	-9999.9	3	60	-9999.9	36	-9999.9	3	24.2	3
2025 08 05 05	1.1	1.07	4.5	4.8	6.3	1.91	-9999.9	3	56	-9999.9	41	-9999.9	3	24.1	3
2025 08 05 06	1.19	1.16	4.9	4.9	6.3	1.83	-9999.9	3	58	-9999.9	36	-9999.9	3	24.1	3
2025 08 05 07	1.11	1.07	4.8	4.8	6.2	1.74	-9999.9	3	62	-9999.9	39	-9999.9	3	24.1	3
2025 08 05 08	1.04	1.01	5.0	4.8	5.8	1.47	-9999.9	3	68	-9999.9	45	-9999.9	3	24.2	3
2025 08 05 09	0.92	0.89	4.7	4.7	6.0	1.42	-9999.9	3	65	-9999.9	41	-9999.9	3	24.5	3
2025 08 05 10	0.87	0.84	4.7	4.7	6.2	1.53	-9999.9	3	66	-9999.9	46	-9999.9	3	24.6	3
2025 08 05 11	0.89	0.86	4.8	4.8	6.3	1.7	-9999.9	3	67	-9999.9	48	-9999.9	3	25.1	3
2025 08 05 12	0.9	0.89	4.6	4.8	6.5	1.6	-9999.9	3	58	-9999.9	41	-9999.9	3	25.2	3
2025 08 05 13	0.85	0.83	4.4	4.5	6.4	1.21	-9999.9	3	60	-9999.9	42	-9999.9	3	24.9	3
2025 08 05 14	0.82	0.8	4.2	4.2	6.3	1.32	-9999.9	3	64	-9999.9	45	-9999.9	3	25.0	3
2025 08 05 15	0.8	0.77	4.1	4.3	6.2	1.49	-9999.9	3	60	-9999.9	43	-9999.9	3	25.0	3
2025 08 05 16	0.71	0.68	3.8	4.0	6.3	1.25	-9999.9	3	64	-9999.9	45	-9999.9	3	25.1	3
2025 08 05 17	0.7	0.67	3.7	4.0	5.9	1.16	-9999.9	3	63	-9999.9	48	-9999.9	3	25.2	3
2025 08 05 18	0.61	0.59	3.8	3.9	5.6	0.88	-9999.9	3	62	-9999.9	48	-9999.9	3	25.5	3
2025 08 05 19	0.6	0.57	3.6	3.8	5.7	1.08	-9999.9	3	65	-9999.9	46	-9999.9	3	25.4	3
2025 08 05 20	0.6	0.58	4.0	3.9	5.7	0.92	-9999.9	3	60	-9999.9	44	-9999.9	3	25.3	3
2025 08 05 21	0.63	0.61	4.0	4.2	5.7	1.13	-9999.9	3	56	-9999.9	42	-9999.9	3	25.3	3
2025 08 05 22	0.56	0.53	4.0	4.1	5.8	0.92	-9999.9	3	61	-9999.9	48	-9999.9	3	25.2	3
2025 08 05 23	0.54	0.52	4.0	4.0	5.7	0.91	-9999.9	3	63	-9999.9	45	-9999.9	3	25.1	3
2025 08 06 00	0.54	0.53	4.1	4.1	5.7	0.98	-9999.9	3	65	-9999.9	44	-9999.9	3	25.2	3
2025 08 06 01	0.51	0.5	4.0	4.0	5.6	0.82	-9999.9	3	64	-9999.9	42	-9999.9	3	25.2	3
2025 08 06 02	0.53	0.51	3.9	4.0	5.4	0.78	-9999.9	3	64	-9999.9	42	-9999.9	3	25.1	3
2025 08 06 03	0.47	0.46	4.0	3.9	5.4	0.72	-9999.9	3	65	-9999.9	44	-9999.9	3	25.0	3
2025 08 06 04	0.47	0.45	3.8	3.9	5.3	0.72	-9999.9	3	63	-9999.9	44	-9999.9	3	24.9	3
2025 08 06 05	0.43	0.41	3.7	3.8	5.3	0.67	-9999.9	3	64	-9999.9	45	-9999.9	3	24.9	3
2025 08 06 06	0.38	0.37	3.7	3.8	4.5	0.61	-9999.9	3	56	-9999.9	44	-9999.9	3	24.6	3
2025 08 06 07	0.39	0.38	4.0	4.0	4.8	0.63	-9999.9	3	54	-9999.9	45	-9999.9	3	24.2	3
2025 08 06 08	0.34	0.33	3.9	3.9	4.8	0.58	-9999.9	3	58	-9999.9	50	-9999.9	3	24.0	3
2025 08 06 09	0.34	0.34	3.9	3.9	5.3	0.59	-9999.9	3	55	-9999.9	48	-9999.9	3	25.1	3
2025 08 06 10	0.37	0.37	3.2	3.6	4.3	0.7	-9999.9	3	55	-9999.9	50	-9999.9	3	25.1	3
2025 08 06 11	0.44	0.42	3.0	3.2	4.4	0.73	-9999.9	3	37	-9999.9	54	-9999.9	3	25.2	3
2025 08 06 12	0.43	0.42	3.4	3.6	4.6	0.79	-9999.9	3	46	-9999.9	48	-9999.9	3	25.5	3
2025 08 06 13	0.43	0.42	3.4	3.6	4.6	0.62	-9999.9	3	41	-9999.9	51	-9999.9	3	25.7	3
2025 08 06 14	0.43	0.42	3.1	3.4	4.7	0.78	-9999.9	3	41	-9999.9	47	-9999.9	3	25.8	3
2025 08 06 15	0.51	0.5	3.1	3.3	4.7	0.82	-9999.9	3	49	-9999.9	50	-9999.9	3	25.7	3
2025 08 06 16	0.51	0.49	3.3	3.4	5.0	0.9	-9999.9	3	51	-9999.9	44	-9999.9	3	25.9	3
2025 08 06 17	0.5	0.48	3.5	3.5	4.9	1.02	-9999.9	3	51	-9999.9	50	-9999.9	3	25.9	3
2025 08 06 18	0.57	0.55	3.5	3.7	4.8	1.06	-9999.9	3	55	-9999.9	44	-9999.9	3	25.8	3
2025 08 06 19	0.56	0.55	3.8	3.8	4.8	0.89	-9999.9	3	60	-9999.9	47	-9999.9	3	25.6	3
2025 08 06 20	0.52	0.51	3.9	3.8	4.9	0.77	-9999.9	3	61	-9999.9	45	-9999.9	3	25.6	3
2025 08 06 21	0.52	0.49	3.9	3.9	4.9	0.85	-9999.9	3	68	-9999.9	49	-9999.9	3	25.7	3
2025 08 06 22	0.53	0.51	3.6	3.7	4.8	0.89	-9999.9	3	61	-9999.9	49	-9999.9	3	25.6	3
2025 08 06 23	0.53	0.51	3.5	3.7	4.7	0.93	-9999.9	3	56	-9999.9	48	-9999.9	3	25.6	3
2025 08 07 00	0.55	0.54	3.8	3.8	4.7	0.99	-9999.9	3	62	-9999.9	44	-9999.9	3	25.6	3
2025 08 07 01	0.51	0.49	3.8	3.8	4.7	0.86	-9999.9	3	58	-9999.9	45	-9999.9	3	25.6	3
2025 08 07 02	0.5	0.49	3.7	3.7	4.9	0.93	-9999.9	3	55	-9999.9	46	-9999.9	3	25.6	3
2025 08 07 03	0.47	0.46	3.6	3.7	5.4	0.88	-9999.9	3	61	-9999.9	46	-9999.9	3	25.6	3
2025 08 07 04	0.48	0.48	3.9	3.9	5.1	0.85	-9999.9	3	62	-9999.9	44	-9999.9	3	25.4	3
2025 08 07 05	0.42	0.41	3.7	3.7	4.9	0.68	-9999.9	3	62	-9999.9	49	-9999.9	3	25.2	3
2025 08 07 06	0.4	0.38	3.8	3.9	5.4	0.64	-9999.9	3	60	-9999.9	47	-9999.9	3	25.1	3
2025 08 07 07	0.38	0.37	3.9	3.8	5.0	0.78	-9999.9	3	51	-9999.9	48	-9999.9	3	25.0	3
2025 08 07 08	0.4	0.39	4.1	4.1	5.3	0.62	-9999.9	3	51	-9999.9	44	-9999.9	3	25.0	3
2025 08 07 09	0.38	0.37	3.9	3.9	5.2	0.75	-9999.9	3	31	-9999.9	50	-9999.9	3	25.3	3
2025 08 07 10	0.42	0.41	3.8	4.0	5.0	0.76	-9999.9	3	31	-9999.9	48	-9999.9	3	25.5	3
2025 08 07 11	0.42	0.4	3.4	3.6	5.0	0.64	-9999.9	3	35	-9999.9	52	-9999.9	3	25.5	3
2025 08 07 12	0.46	0.45	3.8	3.9	4.9	0.77	-9999.9	3	30	-9999.9	44	-9999.9	3	25.6	3
2025 08 07 13	0.44	0.43	3.6	3.8	4.5	0.81	-9999.9	3	28	-9999.9	48	-9999.9	3	25.9	3
2025 08 07 14	0.46	0.45	3.6	3.6	4.8	0.67	-9999.9	3	34	-9999.9	47	-9999.9	3	26.1	3
2025 08 07 15	0.47	0.46	3.4	3.5	5.0	0.73	-9999.9	3	42	-9999.9	46	-9999.9	3	26.0	3
2025 08 07 16	0.46	0.44	3.2	3.4	4.6	0.76	-9999.9	3	50	-9999.9	50	-9999.9	3	26.1	3
2025 08 07 17	0.42	0.41	3.3	3.3	4.9	0.66	-9999.9	3	53	-9999.9	48	-9999.9	3	26.2	3
2025 08 07 18	0.38	0.36	3.2	3.3	4.6	0.66	-9999.9	3	57	-9999.9	51	-9999.9	3	26.3	3
2025 08 07 19	0.37	0.36	3.3	3.4	4.4	0.55	-9999.9	3	62	-9999.9	50	-9999.9	3	26.2	3
2025 08 07 20	0.35	0.34	3.4	3.5	4.1	0.64	-9999.9	3	59	-9999.9	54	-9999.9	3	26.1	3
2025 08 07 21	0.35	0.34	3.4	3.6	4.3	0.57	-9999.9	3	42	-9999.9	53	-9999.9	3	26.0	3
2025 08 07 22	0.39	0.38	3.0	3.2	4.5	0.69	-9999.9	3	48	-9999.9	45	-9999.9	3	25.8	3
2025 08 07 23	0.37	0.36	3.1	3.3	4.5	0.61	-9999.9	3	44	-9999.9	49	-9999.9	3	25.6	3
2025 08 08 00	0.36	0.35	3.2	3.2	4.4	0.6	-9999.9	3	50	-9999.9	49	-9999.9	3	25.7	3
2025 08 08 01	0.42	0.41	3.2	3.2	3.9	0.89	-9999.9	3	43	-9999.9	45	-9999.9	3	25.5	3
2025 08 08 02	0.5	0.49	3.1	3.2	3.8	0.79	-9999.9	3	43	-9999.9	46	-9999.9	3	25.4	3
2025 08 08 03	0.48	0.46	3.2	3.3	4.2	0.8	-9999.9	3	51	-9999.9	48	-9999.9	3	25.6	3
2025 08 08 04	0.5	0.48	3.4	3.5	4.4	0.74	-9999.9	3	57	-9999.9	47	-9999.9	3	25.7	3
2025 08 08 05	0.45	0.44	3.4	3.5	4.4	0.76	-9999.9	3	64	-9999.9	50	-9999.9	3	25.8	3
2025 08 08 06	0.46	0.44	3.3	3.4	4.5	0.76	-9999.9	3	71	-9999.9	47	-9999.9	3	25.7	3
2025 08 08 07	0.51	0.48	3.3	3.5	4.5	0.95	-9999.9	3	64	-9999.9	46	-9999.9	3	25.2	3
2025 08 08 08	0.5	0.48	3.4	3.5	4.5	0.78	-9999.9	3	58	-9999.9	46	-9999.9	3	25.0	3
2025 08 08 09	0.55	0.51	2.9	3.0	4.6	0.88	-9999.9	3	67	-9999.9	49	-9999.9	3	25.4	3
2025 08 08 10	0.51	0.49	3.1	3.3	4.6	0.93	-9999.9	3	55	-9999.9	49	-9999.9	3	25.4	3
2025 08 08 11	0.54	0.53	3.5	3.6	4.9	1.02	-9999.9	3	50	-9999.9	48	-9999.9	3	25.5	3
2025 08 08 12	0.47	0.46	3.3	3.4	4.6	0.77	-9999.9	3	53	-9999.9	52	-9999.9	3	25.7	3
2025 08 08 13	0.53	0.52	3.3	3.6	4.6	0.88	-9999.9	3	47	-9999.9	48	-9999.9	3	26.0	3
2025 08 08 14	0.51	0.5	3.5	3.5	4.4	0.74	-9999.9	3	51	-9999.9	52	-9999.9	3	26.1	3
2025 08 08 15	0.51	0.49	3.3	3.6	4.6	1.02	-9999.9	3	54	-9999.9	53	-9999.9	3	26.2	3
2025 08 08 16	0.49	0.47	3.5	3.5	4.7	0.74	-9999.9	3	50	-9999.9	50	-9999.9	3	26.2	3
2025 08 08 17	0.49	0.48	3.5	3.5	4.6	0.81	-9999.9	3	61	-9999.9	49	-9999.9	3	26.5	3
2025 08 08 18	0.46	0.45	3.5	3.5	4.8	0.75	-9999.9	3	67	-9999.9	50	-9999.9	3	26.5	3
2025 08 08 19	0.47	0.45	3.6	3.6	4.6	0.8	-9999.9	3	61	-9999.9	50	-9999.9	3	26.6	3
2025 08 08 20	0.52	0.52	3.7	3.7	4.6	0.86	-9999.9	3	57	-9999.9	50	-9999.9	3	26.0	3
2025 08 08 21	0.48	0.47	3.6	3.7	4.9	0.93	-9999.9	3	57	-9999.9	51	-9999.9	3	26.0	3
2025 08 08 22	0.49	0.48	3.6	3.7	4.8	0.88	-9999.9	3	64	-9999.9	56	-9999.9	3	24.7	3
2025 08 08 23	0.57	0.56	3.9	3.8	4.9	0.93	-9999.9	3	52	-9999.9	50	-9999.9	3	24.6	3
2025 08 09 00	0.51	0.49	3.5	3.6	4.6	0.83	-9999.9	3	57	-9999.9	47	-9999.9	3	24.4	3
2025 08 09 01	0.57	0.56	3.8	3.7	4.9	0.91	-9999.9	3	57	-9999.9	49	-9999.9	3	24.3	3
2025 08 09 02	0.58	0.56	3.7	3.7	5.1	0.92	-9999.9	3	56	-9999.9	48	-9999.9	3	24.3	3
2025 08 09 03	0.6	0.58	3.7	3.8	5.0	1.03	-9999.9	3	60	-9999.9	51	-9999.9	3	24.0	3
2025 08 09 04	0.5	0.48	3.5	3.5	4.8	0.78	-9999.9	3	60	-9999.9	50	-9999.9	3	24.3	3
2025 08 09 05	0.47	0.46	3.6	3.6	5.2	0.78	-9999.9	3	58	-9999.9	54	-9999.9	3	23.9	3
2025 08 09 06	0.49	0.46	3.8	3.8	5.4	0.78	-9999.9	3	52	-9999.9	57	-9999.9	3	24.5	3
2025 08 09 07	0.51	0.5	3.9	4.0	5.3	0.8	-9999.9	3	51	-9999.9	48	-9999.9	3	24.6	3
2025 08 09 08	0.49	0.47	3.8	3.9	5.3	0.84	-9999.9	3	56	-9999.9	49	-9999.9	3	24.6	3
2025 08 09 09	0.48	0.47	3.8	3.9	5.2	0.89	-9999.9	3	45	-9999.9	52	-9999.9	3	25.0	3
2025 08 09 10	0.51	0.49	3.7	3.8	5.0	0.97	-9999.9	3	43	-9999.9	49	-9999.9	3	25.4	3
2025 08 09 11	0.57	0.55	3.9	4.0	5.1	1.0	-9999.9	3	45	-9999.9	46	-9999.9	3	25.6	3
2025 08 09 12	0.59	0.58	4.0	4.0	4.8	1.09	-9999.9	3	45	-9999.9	51	-9999.9	3	25.7	3
2025 08 09 13	0.62	0.6	3.8	3.9	4.9	1.14	-9999.9	3	45	-9999.9	48	-9999.9	3	25.9	3
2025 08 09 14	0.59	0.57	3.5	3.6	5.0	0.84	-9999.9	3	47	-9999.9	54	-9999.9	3	25.8	3
2025 08 09 15	0.56	0.54	3.3	3.4	5.2	0.94	-9999.9	3	51	-9999.9	54	-9999.9	3	25.7	3
2025 08 09 16	0.6	0.57	3.4	3.6	5.2	1.12	-9999.9	3	49	-9999.9	48	-9999.9	3	25.8	3
2025 08 09 17	0.53	0.52	3.4	3.4	4.7	0.93	-9999.9	3	49	-9999.9	54	-9999.9	3	26.0	3
2025 08 09 18	0.6	0.58	3.5	3.5	4.7	1.02	-9999.9	3	46	-9999.9	48	-9999.9	3	25.7	3
2025 08 09 19	0.58	0.56	3.5	3.6	5.4	0.88	-9999.9	3	51	-9999.9	52	-9999.9	3	25.7	3
2025 08 09 20	0.63	0.6	3.5	3.7	5.7	0.99	-9999.9	3	55	-9999.9	47	-9999.9	3	25.5	3
2025 08 09 21	0.65	0.62	3.8	3.8	5.1	1.11	-9999.9	3	51	-9999.9	43	-9999.9	3	25.5	3
2025 08 09 22	0.63	0.61	4.0	3.9	5.6	1.28	-9999.9	3	57	-9999.9	48	-9999.9	3	25.4	3
2025 08 09 23	0.64	0.61	3.8	3.9	5.5	1.07	-9999.9	3	57	-9999.9	46	-9999.9	3	25.6	3
2025 08 10 00	0.69	0.67	4.0	4.1	5.6	0.99	-9999.9	3	59	-9999.9	42	-9999.9	3	25.5	3
2025 08 10 01	0.7	0.69	4.0	4.1	5.7	1.25	-9999.9	3	60	-9999.9	43	-9999.9	3	25.5	3
2025 08 10 02	0.68	0.65	4.0	4.1	5.5	1.01	-9999.9	3	62	-9999.9	44	-9999.9	3	25.5	3
2025 08 10 03	0.7	0.67	3.9	4.0	5.5	1.16	-9999.9	3	64	-9999.9	46	-9999.9	3	25.5	3
2025 08 10 04	0.7	0.68	4.0	4.0	5.4	1.5	-9999.9	3	60	-9999.9	44	-9999.9	3	25.4	3
2025 08 10 05	0.64	0.63	3.9	3.8	5.4	1.08	-9999.9	3	59	-9999.9	47	-9999.9	3	25.4	3
2025 08 10 06	0.59	0.57	3.4	3.5	4.9	0.87	-9999.9	3	54	-9999.9	47	-9999.9	3	25.1	3
2025 08 10 07	0.6	0.58	3.5	3.6	5.1	0.94	-9999.9	3	54	-9999.9	45	-9999.9	3	25.1	3
2025 08 10 08	0.55	0.54	3.6	3.6	4.9	0.8	-9999.9	3	50	-9999.9	45	-9999.9	3	24.7	3
2025 08 10 09	0.57	0.55	3.5	3.7	4.9	1.11	-9999.9	3	48	-9999.9	45	-9999.9	3	24.5	3
2025 08 10 10	0.62	0.6	3.8	3.9	4.8	1.0	-9999.9	3	44	-9999.9	43	-9999.9	3	24.9	3
2025 08 10 11	0.62	0.61	3.9	4.0	5.1	0.94	-9999.9	3	48	-9999.9	48	-9999.9	3	25.3	3
2025 08 10 12	0.71	0.69	4.0	4.2	5.4	1.35	-9999.9	3	47	-9999.9	44	-9999.9	3	25.4	3
2025 08 10 13	0.76	0.74	4.1	4.1	5.6	1.16	-9999.9	3	51	-9999.9	45	-9999.9	3	25.7	3
2025 08 10 14	0.72	0.7	3.7	3.8	5.2	1.21	-9999.9	3	54	-9999.9	44	-9999.9	3	25.3	3
2025 08 10 15	0.68	0.66	3.6	3.6	5.0	1.1	-9999.9	3	48	-9999.9	50	-9999.9	3	25.5	3
2025 08 10 16	0.71	0.69	3.7	3.7	5.0	1.22	-9999.9	3	51	-9999.9	49	-9999.9	3	25.9	3
2025 08 10 17	0.7	0.68	3.7	3.7	5.1	1.04	-9999.9	3	55	-9999.9	50	-9999.9	3	26.0	3
2025 08 10 18	0.62	0.61	3.7	3.6	4.5	1.02	-9999.9	3	64	-9999.9	50	-9999.9	3	25.5	3
2025 08 10 19	0.6	0.58	3.6	3.7	5.3	1.01	-9999.9	3	61	-9999.9	44	-9999.9	3	25.7	3
2025 08 10 20	0.63	0.61	3.9	3.9	5.6	1.23	-9999.9	3	68	-9999.9	42	-9999.9	3	25.3	3
2025 08 10 21	0.61	0.59	3.9	3.9	5.8	0.85	-9999.9	3	69	-9999.9	43	-9999.9	3	25.4	3
2025 08 10 22	0.59	0.57	3.9	3.9	5.6	1.01	-9999.9	3	73	-9999.9	44	-9999.9	3	24.6	3
2025 08 10 23	0.64	0.63	4.1	4.1	5.6	1.01	-9999.9	3	72	-9999.9	39	-9999.9	3	24.1	3
2025 08 11 00	0.58	0.56	3.6	3.8	5.1	1.15	-9999.9	3	73	-9999.9	47	-9999.9	3	24.2	3
2025 08 11 01	0.56	0.54	3.9	3.9	5.3	0.96	-9999.9	3	72	-9999.9	49	-9999.9	3	24.5	3
2025 08 11 02	0.64	0.63	4.0	4.0	5.1	1.21	-9999.9	3	72	-9999.9	42	-9999.9	3	24.4	3
2025 08 11 03	0.61	0.59	3.8	3.8	5.0	0.96	-9999.9	3	69	-9999.9	44	-9999.9	3	24.4	3
2025 08 11 04	0.67	0.66	3.8	3.9	4.9	1.26	-9999.9	3	72	-9999.9	41	-9999.9	3	24.6	3
2025 08 11 05	0.69	0.67	3.9	3.9	4.9	1.11	-9999.9	3	69	-9999.9	42	-9999.9	3	24.4	3
2025 08 11 06	0.71	0.69	3.8	3.9	4.9	1.21	-9999.9	3	78	-9999.9	40	-9999.9	3	24.4	3
2025 08 11 07	0.59	0.57	3.6	3.8	4.9	0.96	-9999.9	3	79	-9999.9	45	-9999.9	3	24.4	3
2025 08 11 08	0.53	0.52	3.7	3.7	4.6	0.92	-9999.9	3	71	-9999.9	42	-9999.9	3	24.4	3
2025 08 11 09	0.48	0.47	3.7	3.7	4.6	0.93	-9999.9	3	66	-9999.9	45	-9999.9	3	24.0	3
2025 08 11 10	0.42	0.41	3.6	3.7	4.7	0.62	-9999.9	3	64	-9999.9	50	-9999.9	3	24.5	3
2025 08 11 11	0.36	0.34	3.7	3.7	4.5	0.53	-9999.9	3	64	-9999.9	52	-9999.9	3	24.6	3
2025 08 11 12	0.35	0.34	3.6	3.7	4.3	0.63	-9999.9	3	61	-9999.9	50	-9999.9	3	25.3	3
2025 08 11 13	0.32	0.32	3.5	3.7	4.4	0.56	-9999.9	3	57	-9999.9	51	-9999.9	3	25.8	3
2025 08 11 14	0.33	0.32	3.6	3.5	4.2	0.57	-9999.9	3	49	-9999.9	52	-9999.9	3	26.1	3
2025 08 11 15	0.35	0.34	3.5	3.5	4.4	0.67	-9999.9	3	48	-9999.9	48	-9999.9	3	25.6	3
2025 08 11 16	0.36	0.36	3.5	3.5	4.4	0.59	-9999.9	3	47	-9999.9	47	-9999.9	3	25.6	3
2025 08 11 17	0.33	0.32	3.2	3.5	4.5	0.6	-9999.9	3	59	-9999.9	51	-9999.9	3	25.5	3
2025 08 11 18	0.34	0.34	3.3	3.3	4.3	0.53	-9999.9	3	58	-9999.9	52	-9999.9	3	25.6	3
2025 08 11 19	0.34	0.33	3.2	3.3	4.1	0.53	-9999.9	3	61	-9999.9	50	-9999.9	3	25.2	3
2025 08 11 20	0.28	0.27	3.1	3.2	4.3	0.44	-9999.9	3	67	-9999.9	50	-9999.9	3	25.0	3
2025 08 11 21	0.28	0.27	3.2	3.3	4.1	0.46	-9999.9	3	61	-9999.9	48	-9999.9	3	24.9	3
2025 08 11 22	0.26	0.25	3.2	3.2	4.0	0.43	-9999.9	3	73	-9999.9	50	-9999.9	3	25.0	3
2025 08 11 23	0.24	0.23	3.0	3.1	3.9	0.36	-9999.9	3	69	-9999.9	47	-9999.9	3	24.8	3
2025 08 12 00	0.24	0.23	3.1	3.1	3.9	0.4	-9999.9	3	67	-9999.9	48	-9999.9	3	24.7	3
2025 08 12 01	0.2	0.19	3.1	3.1	4.2	0.31	-9999.9	3	58	-9999.9	54	-9999.9	3	24.5	3
2025 08 12 02	0.18	0.17	3.2	3.3	4.1	0.3	-9999.9	3	52	-9999.9	53	-9999.9	3	24.6	3
2025 08 12 03	0.17	0.17	3.2	3.2	4.6	0.31	-9999.9	3	52	-9999.9	51	-9999.9	3	24.4	3
2025 08 12 04	0.17	0.17	3.4	3.4	4.0	0.27	-9999.9	3	52	-9999.9	50	-9999.9	3	24.3	3
2025 08 12 05	0.18	0.18	3.4	3.3	4.5	0.31	-9999.9	3	55	-9999.9	46	-9999.9	3	24.3	3
2025 08 12 06	0.18	0.17	3.3	3.4	5.2	0.31	-9999.9	3	57	-9999.9	50	-9999.9	3	24.0	3
2025 08 12 07	0.16	0.16	3.2	3.4	5.4	0.26	-9999.9	3	67	-9999.9	49	-9999.9	3	23.9	3
2025 08 12 08	0.16	0.15	3.1	3.4	5.2	0.28	-9999.9	3	60	-9999.9	50	-9999.9	3	24.4	3
2025 08 12 09	0.16	0.16	3.2	3.5	5.2	0.27	-9999.9	3	63	-9999.9	52	-9999.9	3	24.4	3
2025 08 12 10	0.14	0.14	3.3	3.3	4.7	0.22	-9999.9	3	49	-9999.9	53	-9999.9	3	24.5	3
2025 08 12 11	0.17	0.17	3.5	3.3	4.2	0.54	-9999.9	3	81	-9999.9	54	-9999.9	3	24.8	3
2025 08 12 12	0.14	0.14	3.5	3.6	4.7	0.23	-9999.9	3	47	-9999.9	55	-9999.9	3	24.9	3
2025 08 12 13	0.16	0.17	2.4	2.7	-9999.9	0.26	-9999.9	3	33	-9999.9	60	-9999.9	3	25.2	3
2025 08 12 14	0.24	0.23	2.5	2.5	-9999.9	0.43	-9999.9	3	40	-9999.9	52	-9999.9	3	25.9	3
2025 08 12 15	0.25	0.25	2.6	2.7	2.9	0.49	-9999.9	3	37	-9999.9	51	-9999.9	3	26.1	3
2025 08 12 16	0.29	0.28	2.7	2.8	2.9	0.5	-9999.9	3	38	-9999.9	48	-9999.9	3	26.3	3
2025 08 12 17	0.33	0.32	2.7	2.8	3.0	0.52	-9999.9	3	35	-9999.9	48	-9999.9	3	26.6	3
2025 08 12 18	0.34	0.33	2.7	2.9	3.1	0.63	-9999.9	3	43	-9999.9	49	-9999.9	3	25.7	3
2025 08 12 19	0.38	0.36	2.8	2.9	3.1	0.62	-9999.9	3	54	-9999.9	51	-9999.9	3	25.1	3
2025 08 12 20	0.39	0.38	2.8	2.9	3.3	0.65	-9999.9	3	54	-9999.9	54	-9999.9	3	25.4	3
2025 08 12 21	0.39	0.38	3.0	2.9	3.5	0.63	-9999.9	3	65	-9999.9	53	-9999.9	3	25.5	3
2025 08 12 22	0.44	0.43	2.9	3.1	3.6	0.73	-9999.9	3	65	-9999.9	42	-9999.9	3	25.0	3
2025 08 12 23	0.44	0.43	3.2	3.3	3.9	0.78	-9999.9	3	67	-9999.9	49	-9999.9	3	25.0	3
2025 08 13 00	0.56	0.55	3.7	3.7	4.4	1.02	-9999.9	3	60	-9999.9	46	-9999.9	3	25.8	3
2025 08 13 01	0.76	0.75	4.1	4.2	5.0	1.14	-9999.9	3	60	-9999.9	42	-9999.9	3	25.5	3
2025 08 13 03	0.78	0.76	3.9	4.1	5.6	1.3	-9999.9	3	67	-9999.9	45	-9999.9	3	25.3	3
2025 08 13 04	0.84	0.83	4.2	4.1	5.5	1.43	-9999.9	3	71	-9999.9	45	-9999.9	3	25.5	3
2025 08 13 05	0.78	0.76	3.8	3.9	5.2	1.35	-9999.9	3	73	-9999.9	47	-9999.9	3	25.4	3
2025 08 13 06	0.74	0.72	4.0	3.9	5.3	1.02	-9999.9	3	74	-9999.9	47	-9999.9	3	25.3	3
2025 08 13 07	0.7	0.69	3.8	3.9	5.1	1.12	-9999.9	3	69	-9999.9	45	-9999.9	3	25.3	3
2025 08 13 08	0.66	0.64	3.6	3.6	4.9	1.08	-9999.9	3	65	-9999.9	48	-9999.9	3	25.4	3
2025 08 13 09	0.64	0.62	3.6	3.6	5.1	1.04	-9999.9	3	66	-9999.9	47	-9999.9	3	25.6	3
2025 08 13 10	0.7	0.68	3.8	3.8	5.1	1.14	-9999.9	3	54	-9999.9	46	-9999.9	3	25.5	3
2025 08 13 11	0.84	0.82	4.1	4.2	5.3	1.28	-9999.9	3	53	-9999.9	41	-9999.9	3	25.8	3
2025 08 13 12	0.77	0.76	4.1	4.1	5.1	1.18	-9999.9	3	52	-9999.9	50	-9999.9	3	25.7	3
2025 08 13 13	0.73	0.73	4.2	4.2	5.1	1.25	-9999.9	3	34	-9999.9	50	-9999.9	3	26.2	3
2025 08 13 14	0.77	0.76	4.0	4.0	5.0	1.23	-9999.9	3	40	-9999.9	48	-9999.9	3	26.3	3
2025 08 13 15	0.77	0.75	3.7	3.9	5.0	1.42	-9999.9	3	45	-9999.9	42	-9999.9	3	26.3	3
2025 08 13 16	0.86	0.83	3.9	3.9	5.0	1.64	-9999.9	3	45	-9999.9	43	-9999.9	3	26.3	3
2025 08 13 17	0.81	0.77	3.8	3.8	5.0	1.26	-9999.9	3	36	-9999.9	46	-9999.9	3	26.5	3
2025 08 13 18	0.8	0.76	3.7	3.9	4.9	1.45	-9999.9	3	56	-9999.9	47	-9999.9	3	26.7	3
2025 08 13 19	0.79	0.77	3.7	3.7	4.9	1.43	-9999.9	3	64	-9999.9	43	-9999.9	3	26.3	3
2025 08 13 20	0.81	0.78	3.7	3.8	4.9	1.77	-9999.9	3	64	-9999.9	41	-9999.9	3	26.0	3
2025 08 13 21	0.74	0.72	3.7	3.8	5.2	1.24	-9999.9	3	71	-9999.9	45	-9999.9	3	25.9	3
2025 08 13 22	0.8	0.79	4.1	4.2	5.3	1.23	-9999.9	3	69	-9999.9	41	-9999.9	3	25.6	3
2025 08 13 23	0.77	0.75	4.2	4.2	5.4	1.16	-9999.9	3	69	-9999.9	43	-9999.9	3	25.6	3
2025 08 14 00	0.8	0.79	4.5	4.4	5.6	1.44	-9999.9	3	69	-9999.9	38	-9999.9	3	25.4	3
2025 08 14 01	0.74	0.72	4.3	4.3	5.5	1.32	-9999.9	3	77	-9999.9	42	-9999.9	3	25.3	3
2025 08 14 02	0.75	0.72	4.2	4.2	5.6	1.28	-9999.9	3	73	-9999.9	43	-9999.9	3	25.5	3
2025 08 14 03	0.77	0.75	4.3	4.2	5.5	1.19	-9999.9	3	74	-9999.9	43	-9999.9	3	25.1	3
2025 08 14 04	0.79	0.76	3.9	4.0	5.2	1.6	-9999.9	3	76	-9999.9	43	-9999.9	3	25.0	3
2025 08 14 05	0.69	0.67	3.8	3.8	5.2	1.14	-9999.9	3	76	-9999.9	47	-9999.9	3	24.9	3
2025 08 14 06	0.63	0.61	3.5	3.7	5.2	0.98	-9999.9	3	75	-9999.9	46	-9999.9	3	25.0	3
2025 08 14 07	0.65	0.63	3.7	3.7	5.3	1.09	-9999.9	3	76	-9999.9	44	-9999.9	3	25.0	3
2025 08 14 08	0.57	0.56	3.6	3.6	5.0	0.94	-9999.9	3	68	-9999.9	47	-9999.9	3	25.2	3
2025 08 14 09	0.54	0.52	3.5	3.5	4.9	0.99	-9999.9	3	67	-9999.9	45	-9999.9	3	25.3	3
2025 08 14 10	0.52	0.5	3.4	3.6	4.8	0.89	-9999.9	3	65	-9999.9	45	-9999.9	3	25.4	3
2025 08 14 11	0.49	0.48	3.7	3.7	4.7	0.76	-9999.9	3	70	-9999.9	49	-9999.9	3	25.9	3
2025 08 14 12	0.54	0.53	3.8	3.9	4.9	1.2	-9999.9	3	63	-9999.9	49	-9999.9	3	26.0	3
2025 08 14 13	0.58	0.56	3.9	4.0	5.0	0.88	-9999.9	3	66	-9999.9	46	-9999.9	3	26.3	3
2025 08 14 14	0.62	0.61	3.9	3.8	5.6	1.0	-9999.9	3	62	-9999.9	47	-9999.9	3	26.1	3
2025 08 14 15	0.75	0.73	4.2	4.2	5.9	1.23	-9999.9	3	63	-9999.9	39	-9999.9	3	26.3	3
2025 08 14 16	0.7	0.69	4.0	3.9	5.4	1.02	-9999.9	3	56	-9999.9	40	-9999.9	3	26.5	3
2025 08 14 17	0.72	0.71	3.7	3.8	5.4	1.24	-9999.9	3	62	-9999.9	40	-9999.9	3	25.7	3
2025 08 14 18	0.78	0.76	3.9	3.8	5.1	1.33	-9999.9	3	66	-9999.9	41	-9999.9	3	25.6	3
2025 08 14 19	0.77	0.74	3.6	3.8	5.1	1.23	-9999.9	3	60	-9999.9	46	-9999.9	3	26.2	3
2025 08 14 20	0.83	0.81	3.8	4.0	5.2	1.4	-9999.9	3	63	-9999.9	44	-9999.9	3	26.3	3
2025 08 14 21	0.86	0.84	4.0	4.2	5.5	1.43	-9999.9	3	59	-9999.9	43	-9999.9	3	25.9	3
2025 08 14 22	0.86	0.85	4.2	4.2	5.3	1.38	-9999.9	3	56	-9999.9	45	-9999.9	3	25.6	3
2025 08 14 23	0.88	0.86	4.2	4.3	5.4	1.4	-9999.9	3	63	-9999.9	42	-9999.9	3	25.5	3
2025 08 15 00	0.99	0.98	4.4	4.4	5.6	1.89	-9999.9	3	70	-9999.9	40	-9999.9	3	24.6	3
2025 08 15 01	0.95	0.93	4.6	4.5	5.8	1.69	-9999.9	3	76	-9999.9	43	-9999.9	3	24.0	3
2025 08 15 02	0.95	0.91	4.4	4.5	5.7	1.78	-9999.9	3	80	-9999.9	41	-9999.9	3	24.0	3
2025 08 15 03	0.94	0.91	4.5	4.6	5.8	1.65	-9999.9	3	74	-9999.9	39	-9999.9	3	24.7	3
2025 08 15 04	0.85	0.82	4.4	4.4	5.5	1.27	-9999.9	3	73	-9999.9	42	-9999.9	3	24.7	3
2025 08 15 05	0.9	0.87	4.1	4.3	5.6	1.38	-9999.9	3	74	-9999.9	42	-9999.9	3	24.6	3
2025 08 15 06	0.84	0.81	4.0	4.0	5.3	1.46	-9999.9	3	68	-9999.9	43	-9999.9	3	24.3	3
2025 08 15 07	0.78	0.77	3.9	4.0	5.1	1.26	-9999.9	3	66	-9999.9	45	-9999.9	3	24.0	3
2025 08 15 08	0.81	0.79	4.1	4.1	5.3	1.21	-9999.9	3	66	-9999.9	44	-9999.9	3	23.6	3
2025 08 15 09	0.76	0.75	3.8	3.9	4.9	1.23	-9999.9	3	68	-9999.9	44	-9999.9	3	24.4	3
2025 08 15 10	0.78	0.77	3.9	4.0	5.2	1.28	-9999.9	3	70	-9999.9	42	-9999.9	3	25.1	3
2025 08 15 11	0.66	0.65	3.7	3.8	4.8	1.1	-9999.9	3	67	-9999.9	47	-9999.9	3	25.4	3
2025 08 15 12	0.67	0.65	3.8	3.9	5.0	1.18	-9999.9	3	68	-9999.9	49	-9999.9	3	25.1	3
2025 08 15 13	0.76	0.74	4.0	4.0	5.1	1.19	-9999.9	3	67	-9999.9	43	-9999.9	3	25.3	3
2025 08 15 14	0.81	0.79	4.0	4.1	5.3	1.27	-9999.9	3	64	-9999.9	44	-9999.9	3	25.9	3
2025 08 15 15	0.78	0.76	4.2	4.1	5.4	1.35	-9999.9	3	58	-9999.9	43	-9999.9	3	26.3	3
2025 08 15 16	0.73	0.7	4.1	4.1	5.2	1.37	-9999.9	3	51	-9999.9	44	-9999.9	3	26.6	3
2025 08 15 17	0.78	0.76	4.2	4.2	5.3	1.22	-9999.9	3	56	-9999.9	42	-9999.9	3	26.2	3
2025 08 15 18	0.76	0.73	4.0	4.1	5.5	1.37	-9999.9	3	57	-9999.9	42	-9999.9	3	25.9	3
2025 08 15 19	0.71	0.68	3.9	4.0	5.2	1.19	-9999.9	3	59	-9999.9	44	-9999.9	3	25.8	3
2025 08 15 20	0.67	0.65	4.0	4.0	5.3	1.15	-9999.9	3	64	-9999.9	48	-9999.9	3	25.6	3
2025 08 15 21	0.62	0.59	3.8	4.0	5.3	0.97	-9999.9	3	64	-9999.9	48	-9999.9	3	25.4	3
2025 08 15 22	0.62	0.61	4.1	4.1	5.3	1.03	-9999.9	3	66	-9999.9	45	-9999.9	3	25.3	3
2025 08 15 23	0.59	0.57	4.0	4.0	5.3	0.93	-9999.9	3	67	-9999.9	43	-9999.9	3	25.1	3
2025 08 16 00	0.58	0.58	4.0	4.1	5.1	0.95	-9999.9	3	69	-9999.9	45	-9999.9	3	25.0	3
2025 08 16 01	0.56	0.55	4.1	4.0	5.1	0.95	-9999.9	3	69	-9999.9	49	-9999.9	3	24.9	3
2025 08 16 02	0.54	0.52	3.8	4.0	4.9	0.88	-9999.9	3	62	-9999.9	47	-9999.9	3	24.8	3
2025 08 16 03	0.55	0.54	3.9	4.0	5.1	0.9	-9999.9	3	72	-9999.9	47	-9999.9	3	24.7	3
2025 08 16 04	0.58	0.56	3.9	4.0	4.9	0.9	-9999.9	3	69	-9999.9	43	-9999.9	3	24.5	3
2025 08 16 05	0.5	0.49	3.5	3.6	4.4	0.93	-9999.9	3	72	-9999.9	50	-9999.9	3	24.5	3
2025 08 16 06	0.53	0.51	3.7	3.8	5.0	0.86	-9999.9	3	68	-9999.9	46	-9999.9	3	24.3	3
2025 08 16 07	0.45	0.44	3.5	3.5	4.7	0.76	-9999.9	3	77	-9999.9	52	-9999.9	3	24.8	3
2025 08 16 08	0.41	0.4	3.5	3.5	4.8	0.65	-9999.9	3	70	-9999.9	49	-9999.9	3	24.9	3
2025 08 16 09	0.4	0.38	3.3	3.3	4.3	0.68	-9999.9	3	71	-9999.9	48	-9999.9	3	25.0	3
2025 08 16 10	0.36	0.34	3.2	3.3	4.9	0.54	-9999.9	3	73	-9999.9	48	-9999.9	3	24.6	3
2025 08 16 11	0.32	0.31	3.2	3.3	4.8	0.49	-9999.9	3	76	-9999.9	51	-9999.9	3	25.3	3
2025 08 16 12	0.31	0.3	3.2	3.4	4.7	0.5	-9999.9	3	78	-9999.9	53	-9999.9	3	25.4	3
2025 08 16 13	0.29	0.28	3.2	3.4	4.5	0.56	-9999.9	3	69	-9999.9	51	-9999.9	3	25.0	3
2025 08 16 14	0.33	0.32	3.2	3.4	4.5	0.62	-9999.9	3	64	-9999.9	45	-9999.9	3	25.6	3
2025 08 16 15	0.34	0.33	2.9	3.1	4.5	0.8	-9999.9	3	71	-9999.9	48	-9999.9	3	26.0	3
2025 08 16 16	0.3	0.29	3.0	3.1	4.3	0.52	-9999.9	3	72	-9999.9	53	-9999.9	3	26.3	3
2025 08 16 17	0.3	0.28	3.0	3.1	4.2	0.46	-9999.9	3	64	-9999.9	51	-9999.9	3	26.7	3
2025 08 16 18	0.31	0.3	3.1	3.3	4.2	0.61	-9999.9	3	59	-9999.9	50	-9999.9	3	25.8	3
2025 08 16 19	0.31	0.29	3.1	3.1	4.2	0.54	-9999.9	3	55	-9999.9	50	-9999.9	3	25.6	3
2025 08 16 20	0.33	0.32	3.5	3.4	4.2	0.6	-9999.9	3	54	-9999.9	47	-9999.9	3	25.3	3
2025 08 16 21	0.31	0.3	3.5	3.6	5.2	0.51	-9999.9	3	45	-9999.9	47	-9999.9	3	25.2	3
2025 08 16 22	0.27	0.26	3.3	3.3	4.2	0.41	-9999.9	3	52	-9999.9	47	-9999.9	3	25.2	3
2025 08 16 23	0.23	0.22	3.1	3.1	4.3	0.39	-9999.9	3	52	-9999.9	50	-9999.9	3	25.0	3
2025 08 17 00	0.2	0.19	3.1	3.3	4.5	0.28	-9999.9	3	45	-9999.9	49	-9999.9	3	24.7	3
2025 08 17 01	0.21	0.21	3.1	3.3	4.4	0.37	-9999.9	3	54	-9999.9	53	-9999.9	3	24.2	3
2025 08 17 02	0.2	0.19	3.4	3.5	4.4	0.35	-9999.9	3	55	-9999.9	53	-9999.9	3	24.0	3
2025 08 17 03	0.19	0.18	3.4	3.4	4.3	0.41	-9999.9	3	51	-9999.9	49	-9999.9	3	23.8	3
2025 08 17 04	0.24	0.23	3.5	3.6	4.9	0.4	-9999.9	3	60	-9999.9	47	-9999.9	3	23.3	3
2025 08 17 05	0.19	0.19	3.3	3.4	4.2	0.31	-9999.9	3	57	-9999.9	49	-9999.9	3	23.3	3
2025 08 17 06	0.17	0.17	3.2	3.3	4.0	0.33	-9999.9	3	75	-9999.9	52	-9999.9	3	23.3	3
2025 08 17 07	0.16	0.15	3.1	3.1	4.0	0.25	-9999.9	3	79	-9999.9	50	-9999.9	3	23.8	3
2025 08 17 08	0.15	0.14	2.6	2.7	4.1	0.23	-9999.9	3	84	-9999.9	54	-9999.9	3	23.8	3
2025 08 17 09	0.17	0.16	2.4	2.5	3.8	0.26	-9999.9	3	87	-9999.9	47	-9999.9	3	23.7	3
2025 08 17 10	0.18	0.17	2.3	2.4	3.4	0.36	-9999.9	3	80	-9999.9	46	-9999.9	3	24.1	3
2025 08 17 11	0.16	0.16	2.4	2.4	3.3	0.3	-9999.9	3	85	-9999.9	54	-9999.9	3	24.6	3
2025 08 17 12	0.2	0.19	2.8	2.9	6.4	0.32	-9999.9	3	55	-9999.9	55	-9999.9	3	24.9	3
2025 08 17 13	0.17	0.17	2.6	2.7	5.4	0.28	-9999.9	3	76	-9999.9	51	-9999.9	3	24.6	3
2025 08 17 14	0.14	0.13	2.9	3.0	6.7	0.25	-9999.9	3	52	-9999.9	60	-9999.9	3	25.9	3
2025 08 17 15	0.14	0.14	2.9	2.9	3.0	0.28	-9999.9	3	68	-9999.9	51	-9999.9	3	26.7	3
2025 08 17 16	0.18	0.16	2.7	3.0	3.8	0.45	-9999.9	3	74	-9999.9	51	-9999.9	3	26.6	3
2025 08 17 17	0.17	0.16	2.6	2.6	3.4	0.3	-9999.9	3	38	-9999.9	55	-9999.9	3	26.3	3
2025 08 17 18	0.17	0.16	2.7	2.7	3.9	0.32	-9999.9	3	52	-9999.9	51	-9999.9	3	25.2	3
2025 08 17 19	0.24	0.21	3.0	2.9	-9999.9	0.4	-9999.9	3	46	-9999.9	52	-9999.9	3	24.5	3
2025 08 17 20	0.16	0.15	3.2	3.1	-9999.9	0.23	-9999.9	3	44	-9999.9	58	-9999.9	3	24.9	3
2025 08 17 21	0.17	0.16	3.0	3.0	8.5	0.25	-9999.9	3	52	-9999.9	47	-9999.9	3	24.4	3
2025 08 17 22	0.15	0.13	3.1	3.2	8.5	0.21	-9999.9	3	52	-9999.9	53	-9999.9	3	24.6	3
2025 08 17 23	0.12	0.12	2.6	2.7	5.1	0.22	-9999.9	3	49	-9999.9	58	-9999.9	3	23.8	3
2025 08 18 00	0.13	0.13	2.4	2.5	3.8	0.23	-9999.9	3	69	-9999.9	53	-9999.9	3	23.3	3
2025 08 18 01	0.1	0.1	2.5	2.7	4.1	0.16	-9999.9	3	54	-9999.9	60	-9999.9	3	23.9	3
2025 08 18 02	0.11	0.11	2.5	2.7	3.9	0.2	-9999.9	3	76	-9999.9	52	-9999.9	3	24.1	3
2025 08 18 03	0.2	0.2	2.2	2.2	2.3	0.38	-9999.9	3	16	-9999.9	41	-9999.9	3	23.9	3
2025 08 18 04	0.12	0.12	2.1	2.2	2.0	0.2	-9999.9	3	27	-9999.9	51	-9999.9	3	23.5	3
2025 08 18 05	0.12	0.12	2.2	2.4	5.0	0.23	-9999.9	3	37	-9999.9	50	-9999.9	3	22.9	3
2025 08 18 06	0.14	0.14	2.2	2.3	2.3	0.25	-9999.9	3	57	-9999.9	55	-9999.9	3	22.8	3
2025 08 18 07	0.1	0.09	2.3	2.4	4.2	0.17	-9999.9	3	24	-9999.9	60	-9999.9	3	23.3	3
2025 08 18 08	0.09	0.08	2.5	2.6	4.5	0.13	-9999.9	3	27	-9999.9	52	-9999.9	3	23.6	3
2025 08 18 09	0.11	0.1	2.5	2.7	3.5	0.25	-9999.9	3	69	-9999.9	47	-9999.9	3	24.4	3
2025 08 18 10	0.09	0.09	2.5	2.6	4.0	0.15	-9999.9	3	32	-9999.9	63	-9999.9	3	24.4	3
2025 08 18 11	0.09	0.09	2.4	2.4	2.9	0.17	-9999.9	3	29	-9999.9	60	-9999.9	3	24.5	3
2025 08 18 12	0.09	0.08	2.8	2.9	5.7	0.13	-9999.9	3	68	-9999.9	51	-9999.9	3	24.8	3
2025 08 18 13	0.11	0.11	2.6	2.4	2.2	0.33	-9999.9	3	66	-9999.9	46	-9999.9	3	25.1	3
2025 08 18 14	0.13	0.13	2.7	2.6	3.1	0.29	-9999.9	3	110	-9999.9	35	-9999.9	3	25.4	3
2025 08 18 15	0.16	0.17	2.0	2.0	1.9	0.43	-9999.9	3	104	-9999.9	51	-9999.9	3	26.0	3
2025 08 18 16	0.18	0.18	2.1	2.1	2.2	0.33	-9999.9	3	98	-9999.9	46	-9999.9	3	26.3	3
2025 08 18 17	0.2	0.2	2.1	2.4	-9999.9	0.71	-9999.9	3	339	-9999.9	63	-9999.9	3	25.9	3
2025 08 18 18	0.2	0.22	2.1	2.2	-9999.9	0.38	-9999.9	3	329	-9999.9	58	-9999.9	3	23.8	3
2025 08 18 19	0.11	0.12	1.7	2.1	1.6	0.25	-9999.9	3	3	-9999.9	52	-9999.9	3	23.5	3
2025 08 18 20	0.06	0.07	1.8	2.3	4.7	0.14	-9999.9	3	43	-9999.9	64	-9999.9	3	23.3	3
2025 08 18 21	0.09	0.08	3.1	3.2	7.0	0.13	-9999.9	3	51	-9999.9	49	-9999.9	3	23.6	3
2025 08 18 22	0.09	0.1	2.1	2.9	7.2	0.18	-9999.9	3	76	-9999.9	54	-9999.9	3	23.9	3
2025 08 18 23	0.1	0.1	2.7	2.8	7.1	0.23	-9999.9	3	51	-9999.9	50	-9999.9	3	23.8	3
2025 08 19 00	0.07	0.07	2.7	2.8	7.0	0.12	-9999.9	3	55	-9999.9	57	-9999.9	3	23.6	3
2025 08 19 01	0.07	0.07	2.6	2.6	3.6	0.11	-9999.9	3	45	-9999.9	58	-9999.9	3	23.9	3
2025 08 19 02	0.09	0.09	2.7	2.6	2.9	0.15	-9999.9	3	12	-9999.9	53	-9999.9	3	24.5	3
2025 08 19 03	0.1	0.09	2.7	2.6	2.6	0.21	-9999.9	3	12	-9999.9	48	-9999.9	3	25.5	3
2025 08 19 04	0.13	0.13	1.9	2.1	4.0	0.24	-9999.9	3	2	-9999.9	41	-9999.9	3	25.0	3
2025 08 19 05	0.15	0.14	2.5	2.8	7.2	0.23	-9999.9	3	18	-9999.9	54	-9999.9	3	24.8	3
2025 08 19 06	0.13	0.12	2.2	2.5	8.4	0.2	-9999.9	3	31	-9999.9	54	-9999.9	3	24.0	3
2025 08 19 07	0.16	0.17	2.1	2.4	7.7	0.27	-9999.9	3	357	-9999.9	50	-9999.9	3	23.9	3
2025 08 19 08	0.25	0.24	2.1	2.4	7.9	0.37	-9999.9	3	341	-9999.9	42	-9999.9	3	23.5	3
2025 08 19 09	0.21	0.2	2.1	2.3	6.8	0.32	-9999.9	3	340	-9999.9	50	-9999.9	3	23.5	3
2025 08 19 10	0.19	0.19	2.1	2.3	5.9	0.34	-9999.9	3	358	-9999.9	52	-9999.9	3	23.4	3
2025 08 19 11	0.17	0.18	2.3	2.6	8.0	0.29	-9999.9	3	0	-9999.9	50	-9999.9	3	23.3	3
2025 08 19 12	0.15	0.15	2.4	3.0	6.3	0.25	-9999.9	3	44	-9999.9	50	-9999.9	3	23.2	3
2025 08 19 13	0.18	0.17	2.8	3.1	6.7	0.42	-9999.9	3	32	-9999.9	40	-9999.9	3	23.3	3
2025 08 19 14	0.22	0.21	2.5	2.8	6.7	0.39	-9999.9	3	4	-9999.9	39	-9999.9	3	23.5	3
2025 08 19 15	0.29	0.27	2.5	2.6	6.2	0.52	-9999.9	3	357	-9999.9	38	-9999.9	3	23.5	3
2025 08 19 16	0.28	0.27	2.8	3.1	6.8	0.44	-9999.9	3	5	-9999.9	50	-9999.9	3	23.5	3
2025 08 19 17	0.36	0.35	3.4	3.7	6.2	0.56	-9999.9	3	4	-9999.9	41	-9999.9	3	24.0	3
2025 08 19 18	0.48	0.46	3.8	4.2	5.0	0.92	-9999.9	3	8	-9999.9	37	-9999.9	3	23.6	3
2025 08 19 19	0.45	0.43	4.0	4.2	5.5	0.78	-9999.9	3	9	-9999.9	47	-9999.9	3	23.1	3
2025 08 19 20	0.34	0.33	4.2	4.2	5.2	0.73	-9999.9	3	18	-9999.9	48	-9999.9	3	23.1	3
2025 08 19 21	0.29	0.28	4.0	4.3	6.0	0.49	-9999.9	3	17	-9999.9	56	-9999.9	3	23.8	3
2025 08 19 22	0.37	0.35	3.4	4.0	6.0	0.59	-9999.9	3	16	-9999.9	46	-9999.9	3	25.0	3
2025 08 19 23	0.32	0.32	3.6	4.2	5.3	0.64	-9999.9	3	18	-9999.9	46	-9999.9	3	24.6	3
2025 08 20 00	0.33	0.32	3.4	3.8	5.9	0.55	-9999.9	3	13	-9999.9	46	-9999.9	3	24.4	3
2025 08 20 01	0.29	0.28	3.5	3.8	4.9	0.5	-9999.9	3	25	-9999.9	49	-9999.9	3	24.0	3
2025 08 20 02	0.3	0.29	3.7	4.0	6.9	0.47	-9999.9	3	20	-9999.9	50	-9999.9	3	23.9	3
2025 08 20 03	0.34	0.33	3.8	3.9	6.4	0.54	-9999.9	3	13	-9999.9	45	-9999.9	3	23.8	3
2025 08 20 04	0.34	0.31	3.3	3.5	6.4	0.53	-9999.9	3	16	-9999.9	44	-9999.9	3	23.8	3
2025 08 20 05	0.35	0.33	3.6	3.6	6.3	0.61	-9999.9	3	16	-9999.9	46	-9999.9	3	24.6	3
2025 08 20 06	0.33	0.32	3.5	3.7	4.1	0.5	-9999.9	3	7	-9999.9	42	-9999.9	3	24.7	3
2025 08 20 07	0.33	0.32	3.3	3.5	4.3	0.56	-9999.9	3	7	-9999.9	42	-9999.9	3	24.8	3
2025 08 20 08	0.31	0.3	3.8	3.9	4.3	0.5	-9999.9	3	12	-9999.9	41	-9999.9	3	24.8	3
2025 08 20 09	0.3	0.29	2.9	3.4	6.1	0.55	-9999.9	3	13	-9999.9	42	-9999.9	3	24.8	3
2025 08 20 10	0.31	0.3	2.6	3.0	6.7	0.52	-9999.9	3	14	-9999.9	46	-9999.9	3	24.7	3
2025 08 20 11	0.36	0.35	3.3	3.5	6.9	0.65	-9999.9	3	22	-9999.9	43	-9999.9	3	24.7	3
2025 08 20 12	0.4	0.38	3.1	3.4	5.5	0.63	-9999.9	3	23	-9999.9	44	-9999.9	3	24.7	3
2025 08 20 13	0.45	0.43	2.8	3.0	6.4	0.68	-9999.9	3	6	-9999.9	48	-9999.9	3	24.5	3
2025 08 20 14	0.56	0.53	3.0	3.2	5.9	0.9	-9999.9	3	2	-9999.9	41	-9999.9	3	24.4	3
2025 08 20 15	0.46	0.44	2.8	3.2	5.4	0.89	-9999.9	3	5	-9999.9	49	-9999.9	3	24.4	3
2025 08 20 16	0.48	0.45	3.3	3.9	5.9	0.93	-9999.9	3	9	-9999.9	52	-9999.9	3	24.2	3
2025 08 20 17	0.5	0.49	3.4	3.7	5.4	0.81	-9999.9	3	14	-9999.9	52	-9999.9	3	24.9	3
2025 08 20 18	0.46	0.44	3.9	4.3	5.5	0.87	-9999.9	3	24	-9999.9	53	-9999.9	3	24.8	3
2025 08 20 19	0.48	0.47	3.7	3.9	5.2	0.78	-9999.9	3	26	-9999.9	47	-9999.9	3	25.0	3
2025 08 20 20	0.5	0.49	3.9	4.0	4.4	0.83	-9999.9	3	29	-9999.9	44	-9999.9	3	25.2	3
2025 08 20 21	0.41	0.4	3.6	3.9	4.9	0.67	-9999.9	3	28	-9999.9	49	-9999.9	3	25.3	3
2025 08 20 22	0.41	0.4	3.4	3.7	4.8	0.72	-9999.9	3	24	-9999.9	47	-9999.9	3	25.2	3
2025 08 20 23	0.4	0.39	3.3	3.6	4.1	0.76	-9999.9	3	43	-9999.9	49	-9999.9	3	25.2	3
2025 08 21 00	0.33	0.32	3.4	3.8	4.6	0.55	-9999.9	3	32	-9999.9	48	-9999.9	3	25.1	3
2025 08 21 01	0.31	0.29	3.2	3.4	4.8	0.51	-9999.9	3	33	-9999.9	51	-9999.9	3	25.1	3
2025 08 21 02	0.33	0.31	3.7	3.8	5.0	0.5	-9999.9	3	27	-9999.9	49	-9999.9	3	25.1	3
2025 08 21 03	0.32	0.3	3.7	3.7	4.6	0.43	-9999.9	3	28	-9999.9	50	-9999.9	3	25.0	3
2025 08 21 04	0.33	0.31	3.7	3.8	5.4	0.5	-9999.9	3	31	-9999.9	50	-9999.9	3	24.9	3
2025 08 21 05	0.34	0.33	3.6	3.6	4.2	0.66	-9999.9	3	8	-9999.9	45	-9999.9	3	24.9	3
2025 08 21 06	0.33	0.31	3.7	3.6	4.8	0.54	-9999.9	3	19	-9999.9	48	-9999.9	3	25.2	3
2025 08 21 07	0.29	0.27	3.6	3.6	5.5	0.45	-9999.9	3	13	-9999.9	50	-9999.9	3	25.0	3
2025 08 21 08	0.31	0.29	3.3	3.3	4.1	0.49	-9999.9	3	11	-9999.9	45	-9999.9	3	25.0	3
2025 08 21 09	0.29	0.28	3.3	3.5	6.2	0.44	-9999.9	3	18	-9999.9	47	-9999.9	3	25.2	3
2025 08 21 10	0.26	0.25	3.0	3.3	5.4	0.37	-9999.9	3	33	-9999.9	50	-9999.9	3	25.2	3
2025 08 21 11	0.24	0.23	2.8	3.1	6.3	0.4	-9999.9	3	39	-9999.9	50	-9999.9	3	25.2	3
2025 08 21 12	0.32	0.3	2.6	2.8	5.3	0.45	-9999.9	3	26	-9999.9	45	-9999.9	3	25.1	3
2025 08 21 13	0.34	0.33	2.8	2.9	5.8	0.59	-9999.9	3	28	-9999.9	46	-9999.9	3	25.1	3
2025 08 21 14	0.31	0.29	3.0	3.2	6.3	0.65	-9999.9	3	26	-9999.9	52	-9999.9	3	25.2	3
2025 08 21 15	0.3	0.28	3.2	3.6	6.4	0.42	-9999.9	3	30	-9999.9	57	-9999.9	3	25.2	3
2025 08 21 16	0.33	0.32	2.9	3.4	5.2	0.55	-9999.9	3	24	-9999.9	56	-9999.9	3	25.2	3
2025 08 21 17	0.32	0.3	3.7	3.8	7.2	0.49	-9999.9	3	42	-9999.9	65	-9999.9	3	25.1	3
2025 08 21 18	0.33	0.34	3.6	4.0	5.7	0.54	-9999.9	3	36	-9999.9	58	-9999.9	3	25.3	3
2025 08 21 19	0.32	0.3	3.5	3.8	5.4	0.52	-9999.9	3	31	-9999.9	54	-9999.9	3	25.6	3
2025 08 21 20	0.34	0.33	4.0	4.2	6.4	0.49	-9999.9	3	36	-9999.9	55	-9999.9	3	25.6	3
2025 08 21 21	0.31	0.29	3.7	3.8	6.8	0.56	-9999.9	3	33	-9999.9	49	-9999.9	3	25.5	3
2025 08 21 22	0.31	0.3	3.9	4.0	7.0	0.5	-9999.9	3	31	-9999.9	53	-9999.9	3	25.4	3
2025 08 21 23	0.34	0.31	4.1	4.2	6.8	0.47	-9999.9	3	37	-9999.9	49	-9999.9	3	25.4	3
2025 08 22 00	0.32	0.3	3.7	3.9	6.5	0.5	-9999.9	3	38	-9999.9	52	-9999.9	3	25.4	3
2025 08 22 01	0.29	0.29	4.1	4.1	6.2	0.4	-9999.9	3	37	-9999.9	52	-9999.9	3	25.3	3
2025 08 22 02	0.28	0.26	4.1	4.2	6.2	0.46	-9999.9	3	35	-9999.9	49	-9999.9	3	25.3	3
2025 08 22 03	0.28	0.27	4.3	4.4	6.3	0.47	-9999.9	3	29	-9999.9	49	-9999.9	3	25.3	3
2025 08 22 04	0.32	0.31	4.5	4.8	6.2	0.54	-9999.9	3	23	-9999.9	44	-9999.9	3	25.3	3
2025 08 22 05	0.27	0.26	4.6	4.6	6.6	0.41	-9999.9	3	21	-9999.9	43	-9999.9	3	25.2	3
2025 08 22 06	0.22	0.22	4.6	4.5	6.3	0.37	-9999.9	3	23	-9999.9	47	-9999.9	3	25.2	3
2025 08 22 07	0.22	0.21	4.8	4.7	6.3	0.39	-9999.9	3	26	-9999.9	44	-9999.9	3	25.2	3
2025 08 22 08	0.21	0.2	4.3	4.3	6.0	0.34	-9999.9	3	21	-9999.9	46	-9999.9	3	25.2	3
2025 08 22 09	0.2	0.2	4.3	4.3	6.1	0.4	-9999.9	3	25	-9999.9	46	-9999.9	3	25.3	3
2025 08 22 10	0.21	0.2	3.5	3.8	5.8	0.34	-9999.9	3	37	-9999.9	53	-9999.9	3	25.5	3
2025 08 22 11	0.23	0.22	3.2	3.4	5.4	0.39	-9999.9	3	26	-9999.9	47	-9999.9	3	25.8	3
2025 08 22 12	0.24	0.23	2.9	3.1	6.1	0.37	-9999.9	3	39	-9999.9	51	-9999.9	3	25.8	3
2025 08 22 13	0.24	0.23	2.8	3.0	5.9	0.4	-9999.9	3	30	-9999.9	53	-9999.9	3	26.1	3
2025 08 22 14	0.23	0.21	2.6	2.7	5.8	0.35	-9999.9	3	43	-9999.9	57	-9999.9	3	26.1	3
2025 08 22 15	0.23	0.22	2.5	2.6	4.6	0.35	-9999.9	3	64	-9999.9	57	-9999.9	3	26.1	3
2025 08 22 16	0.24	0.23	2.4	2.6	5.0	0.43	-9999.9	3	52	-9999.9	60	-9999.9	3	26.2	3
2025 08 22 17	0.24	0.23	2.4	2.5	4.4	0.4	-9999.9	3	73	-9999.9	56	-9999.9	3	26.5	3
2025 08 22 18	0.22	0.21	2.8	2.9	5.6	0.49	-9999.9	3	77	-9999.9	56	-9999.9	3	26.1	3
2025 08 22 19	0.2	0.19	2.8	3.0	5.9	0.37	-9999.9	3	76	-9999.9	58	-9999.9	3	26.2	3
2025 08 22 20	0.2	0.19	3.5	3.7	5.7	0.35	-9999.9	3	65	-9999.9	50	-9999.9	3	26.0	3
2025 08 22 21	0.2	0.19	3.5	3.5	6.3	0.32	-9999.9	3	55	-9999.9	58	-9999.9	3	26.1	3
2025 08 22 22	0.18	0.17	3.4	3.4	6.3	0.26	-9999.9	3	40	-9999.9	53	-9999.9	3	26.0	3
2025 08 22 23	0.19	0.18	3.3	3.3	6.1	0.35	-9999.9	3	43	-9999.9	50	-9999.9	3	25.9	3
2025 08 23 00	0.18	0.17	3.7	3.6	5.3	0.3	-9999.9	3	38	-9999.9	47	-9999.9	3	25.8	3
2025 08 23 01	0.21	0.21	3.5	3.4	5.6	0.37	-9999.9	3	31	-9999.9	47	-9999.9	3	25.8	3
2025 08 23 02	0.2	0.19	3.3	3.4	5.6	0.31	-9999.9	3	34	-9999.9	44	-9999.9	3	25.7	3
2025 08 23 03	0.2	0.19	3.2	3.2	4.3	0.3	-9999.9	3	17	-9999.9	46	-9999.9	3	25.7	3
2025 08 23 04	0.2	0.19	3.2	3.4	5.5	0.3	-9999.9	3	30	-9999.9	50	-9999.9	3	25.6	3
2025 08 23 05	0.18	0.18	3.2	3.2	4.7	0.4	-9999.9	3	24	-9999.9	47	-9999.9	3	25.6	3
2025 08 23 06	0.19	0.18	3.1	3.1	5.1	0.31	-9999.9	3	27	-9999.9	52	-9999.9	3	25.5	3
2025 08 23 07	0.16	0.16	3.2	3.2	5.4	0.25	-9999.9	3	31	-9999.9	52	-9999.9	3	25.5	3
2025 08 23 08	0.21	0.19	3.1	3.1	4.8	0.33	-9999.9	3	69	-9999.9	52	-9999.9	3	25.3	3
2025 08 23 09	0.18	0.18	3.3	3.4	4.9	0.3	-9999.9	3	34	-9999.9	48	-9999.9	3	25.4	3
2025 08 23 10	0.19	0.18	3.0	2.9	4.8	0.41	-9999.9	3	41	-9999.9	56	-9999.9	3	25.6	3
2025 08 23 11	0.19	0.18	3.2	3.2	4.8	0.3	-9999.9	3	25	-9999.9	56	-9999.9	3	25.7	3
2025 08 23 12	0.24	0.24	2.5	2.7	3.9	0.43	-9999.9	3	42	-9999.9	53	-9999.9	3	25.4	3
2025 08 23 13	0.31	0.3	3.1	3.3	6.5	0.51	-9999.9	3	38	-9999.9	46	-9999.9	3	25.6	3
2025 08 23 14	0.27	0.25	2.8	3.0	6.3	0.41	-9999.9	3	36	-9999.9	49	-9999.9	3	25.5	3
2025 08 23 15	0.31	0.3	2.9	3.0	3.5	0.66	-9999.9	3	48	-9999.9	51	-9999.9	3	25.8	3
2025 08 23 16	0.32	0.31	2.9	2.9	3.4	0.57	-9999.9	3	41	-9999.9	51	-9999.9	3	25.8	3
2025 08 23 17	0.34	0.33	3.0	3.1	3.7	0.54	-9999.9	3	33	-9999.9	51	-9999.9	3	25.6	3
2025 08 23 18	0.32	0.31	3.0	3.1	3.8	0.55	-9999.9	3	40	-9999.9	50	-9999.9	3	25.3	3
2025 08 23 19	0.36	0.35	3.0	3.2	3.8	0.63	-9999.9	3	39	-9999.9	47	-9999.9	3	25.2	3
2025 08 23 20	0.39	0.38	3.1	3.1	3.9	0.64	-9999.9	3	42	-9999.9	51	-9999.9	3	24.9	3
2025 08 23 21	0.41	0.39	3.2	3.2	4.0	0.66	-9999.9	3	41	-9999.9	51	-9999.9	3	24.7	3
2025 08 23 22	0.35	0.34	3.2	3.2	4.2	0.54	-9999.9	3	76	-9999.9	57	-9999.9	3	23.4	3
2025 08 23 23	0.4	0.39	3.2	3.1	3.9	0.73	-9999.9	3	93	-9999.9	52	-9999.9	3	23.9	3
2025 08 24 00	0.4	0.39	3.3	3.2	4.1	0.57	-9999.9	3	74	-9999.9	52	-9999.9	3	24.0	3
2025 08 24 01	0.39	0.38	3.3	3.4	4.5	0.64	-9999.9	3	68	-9999.9	48	-9999.9	3	23.7	3
2025 08 24 02	0.35	0.34	3.3	3.4	5.0	0.69	-9999.9	3	63	-9999.9	50	-9999.9	3	23.5	3
2025 08 24 03	0.37	0.35	3.5	3.5	4.7	0.54	-9999.9	3	63	-9999.9	47	-9999.9	3	23.3	3
2025 08 24 04	0.41	0.4	3.6	3.7	4.7	0.75	-9999.9	3	62	-9999.9	44	-9999.9	3	22.9	3
2025 08 24 05	0.45	0.44	3.6	3.6	4.6	0.74	-9999.9	3	55	-9999.9	49	-9999.9	3	22.7	3
2025 08 24 06	0.5	0.49	3.6	3.8	4.8	0.81	-9999.9	3	57	-9999.9	46	-9999.9	3	22.8	3
2025 08 24 07	0.56	0.54	3.8	3.9	5.2	1.27	-9999.9	3	53	-9999.9	43	-9999.9	3	22.8	3
2025 08 24 08	0.65	0.62	3.9	3.9	5.0	1.05	-9999.9	3	48	-9999.9	42	-9999.9	3	22.9	3
2025 08 24 09	0.59	0.57	3.8	3.8	5.0	0.94	-9999.9	3	49	-9999.9	45	-9999.9	3	22.8	3
2025 08 24 10	0.61	0.59	3.9	3.9	4.9	0.96	-9999.9	3	50	-9999.9	43	-9999.9	3	22.8	3
2025 08 24 11	0.68	0.65	3.7	3.8	5.1	1.24	-9999.9	3	52	-9999.9	40	-9999.9	3	22.9	3
2025 08 24 12	0.69	0.68	3.9	3.9	4.8	1.23	-9999.9	3	57	-9999.9	48	-9999.9	3	23.0	3
2025 08 24 13	0.69	0.67	3.7	3.6	4.8	1.23	-9999.9	3	45	-9999.9	48	-9999.9	3	22.8	3
2025 08 24 14	0.75	0.73	3.8	3.9	4.8	1.34	-9999.9	3	55	-9999.9	46	-9999.9	3	23.2	3
2025 08 24 15	0.71	0.69	3.9	3.9	5.1	1.17	-9999.9	3	55	-9999.9	47	-9999.9	3	22.9	3
2025 08 24 16	0.63	0.61	3.8	4.0	5.2	0.98	-9999.9	3	57	-9999.9	46	-9999.9	3	23.3	3
2025 08 24 17	0.6	0.59	4.0	4.2	5.3	0.97	-9999.9	3	62	-9999.9	47	-9999.9	3	23.0	3
2025 08 24 18	0.57	0.56	4.0	4.2	5.1	0.9	-9999.9	3	74	-9999.9	47	-9999.9	3	22.3	3
2025 08 24 19	0.43	0.42	4.0	4.0	5.4	0.67	-9999.9	3	66	-9999.9	55	-9999.9	3	22.5	3
2025 08 24 20	0.5	0.5	4.0	4.2	5.3	1.01	-9999.9	3	71	-9999.9	55	-9999.9	3	22.8	3
2025 08 24 21	0.59	0.58	4.1	4.2	5.3	0.94	-9999.9	3	60	-9999.9	48	-9999.9	3	22.8	3
2025 08 24 22	0.59	0.57	3.9	4.1	5.4	0.95	-9999.9	3	63	-9999.9	47	-9999.9	3	22.7	3
2025 08 24 23	0.55	0.53	4.0	4.0	5.4	0.95	-9999.9	3	65	-9999.9	48	-9999.9	3	22.8	3
2025 08 25 00	0.46	0.45	3.9	4.0	5.4	0.85	-9999.9	3	73	-9999.9	51	-9999.9	3	22.8	3
2025 08 25 01	0.41	0.41	4.0	4.0	5.5	0.65	-9999.9	3	71	-9999.9	46	-9999.9	3	22.7	3
2025 08 25 02	0.48	0.46	4.0	4.0	5.7	0.81	-9999.9	3	67	-9999.9	42	-9999.9	3	22.7	3
2025 08 25 03	0.47	0.45	3.6	3.7	5.5	0.72	-9999.9	3	58	-9999.9	45	-9999.9	3	22.5	3
2025 08 25 04	0.53	0.52	3.7	3.7	5.5	0.92	-9999.9	3	56	-9999.9	41	-9999.9	3	22.5	3
2025 08 25 05	0.51	0.5	3.8	3.9	5.7	0.74	-9999.9	3	55	-9999.9	50	-9999.9	3	23.4	3
2025 08 25 06	0.44	0.42	3.9	4.0	5.6	0.72	-9999.9	3	51	-9999.9	46	-9999.9	3	23.3	3
2025 08 25 07	0.43	0.41	3.7	3.8	5.5	0.68	-9999.9	3	53	-9999.9	48	-9999.9	3	23.3	3
2025 08 25 08	0.54	0.53	4.2	4.3	5.6	0.85	-9999.9	3	54	-9999.9	40	-9999.9	3	23.4	3
2025 08 25 09	0.61	0.6	4.2	4.4	5.7	0.92	-9999.9	3	55	-9999.9	44	-9999.9	3	23.5	3
2025 08 25 10	0.65	0.63	4.5	4.5	5.8	1.11	-9999.9	3	59	-9999.9	42	-9999.9	3	23.7	3
2025 08 25 11	0.56	0.54	4.4	4.5	5.9	1.04	-9999.9	3	59	-9999.9	45	-9999.9	3	23.9	3
2025 08 25 12	0.69	0.68	4.7	4.7	5.7	1.39	-9999.9	3	57	-9999.9	37	-9999.9	3	24.6	3
2025 08 25 13	0.74	0.74	5.0	5.0	6.0	1.09	-9999.9	3	63	-9999.9	38	-9999.9	3	24.6	3
2025 08 25 14	0.65	0.62	4.5	4.6	6.2	1.26	-9999.9	3	61	-9999.9	41	-9999.9	3	24.6	3
2025 08 25 15	0.63	0.61	4.6	4.7	6.2	1.19	-9999.9	3	59	-9999.9	45	-9999.9	3	24.8	3
2025 08 25 16	0.59	0.57	4.4	4.5	6.2	1.03	-9999.9	3	56	-9999.9	45	-9999.9	3	24.6	3
2025 08 25 17	0.57	0.57	4.5	4.4	6.3	1.03	-9999.9	3	59	-9999.9	46	-9999.9	3	25.0	3
2025 08 25 18	0.55	0.54	4.2	4.1	6.1	1.05	-9999.9	3	59	-9999.9	46	-9999.9	3	25.0	3
2025 08 25 19	0.54	0.52	3.8	3.9	6.0	0.85	-9999.9	3	57	-9999.9	45	-9999.9	3	24.8	3
2025 08 25 20	0.62	0.59	3.7	4.0	6.0	1.16	-9999.9	3	51	-9999.9	42	-9999.9	3	24.0	3
2025 08 25 21	0.68	0.65	3.5	3.8	5.2	1.0	-9999.9	3	47	-9999.9	42	-9999.9	3	23.4	3
2025 08 25 22	0.78	0.76	3.9	4.1	5.7	1.33	-9999.9	3	49	-9999.9	42	-9999.9	3	23.4	3
2025 08 25 23	0.81	0.78	4.0	4.0	5.5	1.28	-9999.9	3	51	-9999.9	43	-9999.9	3	23.2	3
2025 08 26 00	0.83	0.8	4.1	4.0	5.3	1.43	-9999.9	3	49	-9999.9	45	-9999.9	3	23.3	3
2025 08 26 01	0.76	0.73	4.0	4.2	6.0	1.18	-9999.9	3	61	-9999.9	49	-9999.9	3	23.2	3
2025 08 26 02	0.69	0.68	4.2	4.2	5.3	1.2	-9999.9	3	55	-9999.9	48	-9999.9	3	23.1	3
2025 08 26 03	0.76	0.75	4.5	4.5	5.6	1.26	-9999.9	3	69	-9999.9	48	-9999.9	3	23.4	3
2025 08 26 04	0.65	0.62	4.3	4.3	5.5	1.1	-9999.9	3	54	-9999.9	50	-9999.9	3	24.0	3
2025 08 26 05	0.66	0.64	4.5	4.4	6.0	0.95	-9999.9	3	59	-9999.9	53	-9999.9	3	24.7	3
2025 08 26 06	0.64	0.61	3.7	4.0	6.2	1.05	-9999.9	3	52	-9999.9	50	-9999.9	3	25.2	3
2025 08 26 07	0.75	0.73	4.1	4.2	5.8	1.14	-9999.9	3	56	-9999.9	46	-9999.9	3	25.0	3
2025 08 26 08	0.72	0.71	4.3	4.3	5.7	1.27	-9999.9	3	53	-9999.9	43	-9999.9	3	25.0	3
2025 08 26 09	0.7	0.67	4.0	4.1	5.7	1.22	-9999.9	3	49	-9999.9	45	-9999.9	3	25.2	3
2025 08 26 10	0.64	0.62	3.8	4.0	5.7	0.94	-9999.9	3	47	-9999.9	43	-9999.9	3	25.3	3
2025 08 26 11	0.64	0.63	4.0	4.1	5.5	1.17	-9999.9	3	47	-9999.9	40	-9999.9	3	25.3	3
2025 08 26 12	0.6	0.58	3.8	3.8	5.5	0.87	-9999.9	3	44	-9999.9	43	-9999.9	3	25.7	3
2025 08 26 13	0.58	0.57	3.8	3.8	5.4	1.04	-9999.9	3	41	-9999.9	44	-9999.9	3	26.0	3
2025 08 26 14	0.56	0.54	3.8	3.9	5.5	0.9	-9999.9	3	40	-9999.9	45	-9999.9	3	26.3	3
2025 08 26 15	0.61	0.58	3.7	4.0	5.3	0.98	-9999.9	3	33	-9999.9	45	-9999.9	3	26.3	3
2025 08 26 16	0.59	0.56	3.5	3.5	5.5	0.91	-9999.9	3	32	-9999.9	46	-9999.9	3	26.1	3
2025 08 26 17	0.55	0.52	3.2	3.3	5.3	0.8	-9999.9	3	32	-9999.9	45	-9999.9	3	26.0	3
2025 08 26 18	0.58	0.56	3.2	3.4	5.3	0.93	-9999.9	3	34	-9999.9	44	-9999.9	3	26.0	3
2025 08 26 19	0.57	0.53	3.4	3.6	5.4	0.88	-9999.9	3	35	-9999.9	49	-9999.9	3	25.8	3
2025 08 26 20	0.59	0.57	3.8	3.9	5.3	0.94	-9999.9	3	44	-9999.9	49	-9999.9	3	25.8	3
2025 08 26 21	0.69	0.68	4.2	4.2	5.3	1.21	-9999.9	3	49	-9999.9	48	-9999.9	3	25.9	3
2025 08 26 22	0.63	0.61	4.1	4.1	5.1	1.0	-9999.9	3	54	-9999.9	49	-9999.9	3	25.8	3
2025 08 26 23	0.6	0.57	3.9	4.0	4.9	0.95	-9999.9	3	53	-9999.9	49	-9999.9	3	25.8	3
2025 08 27 00	0.55	0.53	4.0	4.1	5.4	0.87	-9999.9	3	54	-9999.9	47	-9999.9	3	25.8	3
2025 08 27 01	0.53	0.52	4.2	4.2	5.3	0.84	-9999.9	3	49	-9999.9	46	-9999.9	3	25.7	3
2025 08 27 02	0.57	0.55	4.2	4.3	5.0	1.09	-9999.9	3	53	-9999.9	44	-9999.9	3	25.7	3
2025 08 27 03	0.57	0.55	4.4	4.4	5.1	0.87	-9999.9	3	57	-9999.9	43	-9999.9	3	25.6	3
2025 08 27 04	0.59	0.57	4.4	4.5	5.1	0.96	-9999.9	3	53	-9999.9	42	-9999.9	3	25.5	3
2025 08 27 05	0.53	0.5	4.3	4.5	6.3	0.96	-9999.9	3	57	-9999.9	47	-9999.9	3	25.3	3
2025 08 27 06	0.55	0.53	4.5	4.5	6.0	0.84	-9999.9	3	56	-9999.9	41	-9999.9	3	25.2	3
2025 08 27 07	0.48	0.47	4.5	4.5	5.7	0.7	-9999.9	3	59	-9999.9	46	-9999.9	3	25.2	3
2025 08 27 08	0.44	0.43	4.7	4.5	5.9	0.69	-9999.9	3	55	-9999.9	41	-9999.9	3	25.5	3
2025 08 27 09	0.39	0.38	4.2	4.2	5.5	0.58	-9999.9	3	52	-9999.9	46	-9999.9	3	25.8	3
2025 08 27 10	0.38	0.36	4.3	4.3	5.3	0.63	-9999.9	3	55	-9999.9	48	-9999.9	3	26.0	3
2025 08 27 11	0.39	0.38	4.4	4.2	5.0	0.67	-9999.9	3	51	-9999.9	44	-9999.9	3	26.4	3
2025 08 27 12	0.43	0.42	4.2	4.3	5.6	0.83	-9999.9	3	42	-9999.9	41	-9999.9	3	26.5	3
2025 08 27 13	0.4	0.39	3.3	3.8	4.9	0.78	-9999.9	3	45	-9999.9	47	-9999.9	3	25.9	3
2025 08 27 14	0.42	0.41	3.3	3.5	5.5	0.65	-9999.9	3	43	-9999.9	49	-9999.9	3	24.3	3
2025 08 27 15	0.39	0.37	3.1	3.4	5.3	0.58	-9999.9	3	33	-9999.9	49	-9999.9	3	24.3	3
2025 08 27 16	0.34	0.33	2.7	3.0	5.7	0.57	-9999.9	3	28	-9999.9	47	-9999.9	3	24.2	3
2025 08 27 17	0.29	0.28	2.7	3.0	5.6	0.44	-9999.9	3	33	-9999.9	49	-9999.9	3	24.1	3
2025 08 27 18	0.22	0.22	3.0	3.9	5.7	0.42	-9999.9	3	50	-9999.9	51	-9999.9	3	23.8	3
2025 08 27 19	0.26	0.26	3.8	4.1	5.5	0.45	-9999.9	3	52	-9999.9	47	-9999.9	3	23.4	3
2025 08 27 20	0.22	0.22	3.6	4.1	5.8	0.33	-9999.9	3	69	-9999.9	55	-9999.9	3	23.3	3
2025 08 27 21	0.22	0.22	2.7	3.8	6.9	0.36	-9999.9	3	19	-9999.9	60	-9999.9	3	22.9	3
2025 08 27 22	0.27	0.26	2.9	3.3	5.1	0.45	-9999.9	3	15	-9999.9	53	-9999.9	3	22.7	3
2025 08 27 23	0.31	0.3	4.0	4.0	5.0	0.5	-9999.9	3	33	-9999.9	50	-9999.9	3	23.0	3
2025 08 28 00	0.29	0.28	3.9	4.2	5.5	0.62	-9999.9	3	16	-9999.9	49	-9999.9	3	23.1	3
2025 08 28 01	0.3	0.29	3.3	4.0	4.9	0.57	-9999.9	3	11	-9999.9	46	-9999.9	3	22.8	3
2025 08 28 02	0.39	0.38	3.9	4.0	5.7	0.55	-9999.9	3	16	-9999.9	39	-9999.9	3	22.8	3
2025 08 28 03	0.52	0.5	3.9	4.1	5.0	0.84	-9999.9	3	11	-9999.9	34	-9999.9	3	22.7	3
2025 08 28 04	0.54	0.53	4.0	4.2	5.5	0.88	-9999.9	3	13	-9999.9	39	-9999.9	3	22.7	3
2025 08 28 05	0.65	0.63	4.4	4.4	5.8	1.09	-9999.9	3	14	-9999.9	41	-9999.9	3	22.6	3
2025 08 28 06	0.77	0.75	4.3	4.4	6.2	1.22	-9999.9	3	13	-9999.9	38	-9999.9	3	22.6	3
2025 08 28 07	0.74	0.72	3.9	4.1	5.6	1.18	-9999.9	3	9	-9999.9	42	-9999.9	3	23.6	3
2025 08 28 08	0.72	0.72	4.1	4.4	5.8	1.35	-9999.9	3	15	-9999.9	39	-9999.9	3	23.8	3
2025 08 28 09	0.61	0.6	3.7	3.9	4.9	1.01	-9999.9	3	15	-9999.9	47	-9999.9	3	23.8	3
2025 08 28 10	0.57	0.54	3.3	3.5	4.5	0.9	-9999.9	3	11	-9999.9	40	-9999.9	3	23.8	3
2025 08 28 11	0.52	0.49	3.1	3.3	5.7	0.98	-9999.9	3	10	-9999.9	39	-9999.9	3	23.8	3
2025 08 28 12	0.51	0.49	3.0	3.2	7.1	0.78	-9999.9	3	11	-9999.9	39	-9999.9	3	23.8	3
2025 08 28 13	0.54	0.51	3.2	3.2	6.6	0.8	-9999.9	3	6	-9999.9	40	-9999.9	3	23.7	3
2025 08 28 14	0.53	0.49	3.0	3.1	7.3	0.87	-9999.9	3	357	-9999.9	36	-9999.9	3	23.6	3
2025 08 28 15	0.48	0.45	2.8	2.9	7.2	0.72	-9999.9	3	359	-9999.9	41	-9999.9	3	23.6	3
2025 08 28 16	0.43	0.4	3.1	3.1	7.0	0.7	-9999.9	3	354	-9999.9	43	-9999.9	3	23.6	3
2025 08 28 17	0.44	0.41	3.2	3.2	7.3	0.74	-9999.9	3	4	-9999.9	44	-9999.9	3	23.6	3
2025 08 28 18	0.41	0.39	2.8	3.1	5.7	0.6	-9999.9	3	4	-9999.9	49	-9999.9	3	23.5	3
2025 08 28 19	0.38	0.36	3.3	3.7	6.7	0.62	-9999.9	3	20	-9999.9	53	-9999.9	3	23.4	3
2025 08 28 20	0.35	0.33	3.5	3.8	6.5	0.49	-9999.9	3	17	-9999.9	52	-9999.9	3	23.2	3
2025 08 28 21	0.41	0.39	3.3	3.7	6.2	0.62	-9999.9	3	17	-9999.9	47	-9999.9	3	23.2	3
2025 08 28 22	0.53	0.51	3.8	3.7	4.6	0.82	-9999.9	3	21	-9999.9	46	-9999.9	3	23.1	3
2025 08 28 23	0.47	0.46	3.4	3.4	4.7	0.76	-9999.9	3	21	-9999.9	45	-9999.9	3	23.1	3
2025 08 29 00	0.44	0.41	3.6	3.6	6.7	0.64	-9999.9	3	26	-9999.9	47	-9999.9	3	23.1	3
2025 08 29 01	0.43	0.41	3.8	3.8	6.9	0.69	-9999.9	3	16	-9999.9	45	-9999.9	3	23.2	3
2025 08 29 02	0.41	0.38	4.1	4.1	7.5	0.58	-9999.9	3	14	-9999.9	47	-9999.9	3	23.2	3
2025 08 29 03	0.41	0.39	4.5	4.4	7.9	0.69	-9999.9	3	13	-9999.9	43	-9999.9	3	23.3	3
2025 08 29 04	0.45	0.43	4.5	4.4	7.5	0.72	-9999.9	3	9	-9999.9	45	-9999.9	3	23.4	3
2025 08 29 05	0.51	0.48	4.7	4.8	7.2	0.78	-9999.9	3	15	-9999.9	42	-9999.9	3	23.3	3
2025 08 29 06	0.45	0.43	4.9	4.8	7.6	0.73	-9999.9	3	14	-9999.9	43	-9999.9	3	23.5	3
2025 08 29 07	0.36	0.35	4.3	4.4	7.3	0.54	-9999.9	3	13	-9999.9	48	-9999.9	3	23.7	3
2025 08 29 08	0.34	0.32	4.0	4.3	7.8	0.56	-9999.9	3	29	-9999.9	46	-9999.9	3	23.8	3
2025 08 29 09	0.3	0.28	4.2	4.4	7.9	0.46	-9999.9	3	38	-9999.9	49	-9999.9	3	23.9	3
2025 08 29 10	0.3	0.27	3.2	3.5	7.7	0.44	-9999.9	3	30	-9999.9	45	-9999.9	3	23.9	3
2025 08 29 11	0.32	0.3	2.7	2.9	7.3	0.55	-9999.9	3	10	-9999.9	41	-9999.9	3	23.8	3
2025 08 29 12	0.33	0.29	2.4	2.6	6.2	0.48	-9999.9	3	4	-9999.9	40	-9999.9	3	23.7	3
2025 08 29 13	0.32	0.3	2.4	2.5	4.9	0.48	-9999.9	3	5	-9999.9	42	-9999.9	3	23.7	3
2025 08 29 14	0.32	0.3	2.4	2.6	6.5	0.49	-9999.9	3	5	-9999.9	48	-9999.9	3	23.6	3
2025 08 29 15	0.32	0.3	2.4	2.8	7.2	0.47	-9999.9	3	12	-9999.9	47	-9999.9	3	23.7	3
2025 08 29 16	0.34	0.32	2.4	2.6	4.7	0.52	-9999.9	3	359	-9999.9	44	-9999.9	3	23.8	3
2025 08 29 17	0.29	0.28	2.4	2.8	7.4	0.53	-9999.9	3	10	-9999.9	52	-9999.9	3	23.8	3
2025 08 29 18	0.33	0.31	2.3	2.6	5.8	0.49	-9999.9	3	354	-9999.9	49	-9999.9	3	23.9	3
2025 08 29 19	0.3	0.29	2.8	3.2	7.4	0.52	-9999.9	3	14	-9999.9	52	-9999.9	3	23.8	3
2025 08 29 20	0.23	0.22	2.9	3.8	6.7	0.36	-9999.9	3	39	-9999.9	57	-9999.9	3	23.5	3
2025 08 29 21	0.24	0.23	3.9	4.4	6.4	0.44	-9999.9	3	75	-9999.9	57	-9999.9	3	23.2	3
2025 08 29 22	0.23	0.22	3.7	4.4	7.2	0.41	-9999.9	3	70	-9999.9	60	-9999.9	3	23.0	3
2025 08 29 23	0.21	0.21	4.0	4.4	6.9	0.35	-9999.9	3	57	-9999.9	60	-9999.9	3	23.0	3
2025 08 30 00	0.24	0.23	4.5	4.1	7.9	0.42	-9999.9	3	80	-9999.9	53	-9999.9	3	22.8	3
2025 08 30 01	0.22	0.21	4.5	4.7	7.6	0.39	-9999.9	3	71	-9999.9	56	-9999.9	3	22.8	3
2025 08 30 02	0.21	0.2	3.3	4.5	7.4	0.33	-9999.9	3	65	-9999.9	54	-9999.9	3	22.9	3
2025 08 30 03	0.21	0.2	3.0	3.9	7.6	0.35	-9999.9	3	55	-9999.9	54	-9999.9	3	22.3	3
2025 08 30 04	0.23	0.21	3.4	3.9	7.2	0.41	-9999.9	3	57	-9999.9	53	-9999.9	3	22.6	3
2025 08 30 05	0.27	0.26	4.1	4.3	6.9	0.52	-9999.9	3	61	-9999.9	51	-9999.9	3	22.7	3
2025 08 30 06	0.24	0.22	4.2	4.4	7.4	0.41	-9999.9	3	48	-9999.9	52	-9999.9	3	23.0	3
2025 08 30 07	0.26	0.25	4.5	4.6	7.0	0.35	-9999.9	3	19	-9999.9	56	-9999.9	3	23.3	3
2025 08 30 08	0.22	0.21	3.8	3.8	7.1	0.36	-9999.9	3	43	-9999.9	52	-9999.9	3	23.4	3
2025 08 30 09	0.23	0.21	3.4	3.5	7.5	0.36	-9999.9	3	55	-9999.9	53	-9999.9	3	23.8	3
2025 08 30 10	0.26	0.24	3.8	3.9	7.5	0.48	-9999.9	3	50	-9999.9	56	-9999.9	3	23.9	3
2025 08 30 11	0.26	0.24	3.6	3.6	7.4	0.44	-9999.9	3	35	-9999.9	50	-9999.9	3	24.3	3
2025 08 30 12	0.24	0.22	3.6	3.7	7.3	0.42	-9999.9	3	32	-9999.9	54	-9999.9	3	24.5	3
2025 08 30 13	0.26	0.25	3.8	3.9	6.9	0.41	-9999.9	3	41	-9999.9	51	-9999.9	3	24.3	3
2025 08 30 14	0.23	0.22	4.1	4.1	7.1	0.33	-9999.9	3	29	-9999.9	50	-9999.9	3	24.6	3
2025 08 30 15	0.21	0.19	3.0	3.3	7.1	0.34	-9999.9	3	50	-9999.9	58	-9999.9	3	24.8	3
2025 08 30 16	0.2	0.19	3.0	3.1	6.8	0.31	-9999.9	3	32	-9999.9	54	-9999.9	3	25.0	3
2025 08 30 17	0.21	0.19	2.9	3.1	6.8	0.37	-9999.9	3	35	-9999.9	54	-9999.9	3	25.0	3
2025 08 30 18	0.23	0.21	2.8	2.9	6.7	0.41	-9999.9	3	37	-9999.9	51	-9999.9	3	24.8	3
2025 08 30 19	0.17	0.16	3.2	3.4	6.7	0.27	-9999.9	3	40	-9999.9	49	-9999.9	3	24.4	3
2025 08 30 20	0.25	0.24	4.2	4.2	6.2	0.36	-9999.9	3	60	-9999.9	44	-9999.9	3	24.0	3
2025 08 30 21	0.17	0.16	4.1	4.2	6.7	0.26	-9999.9	3	48	-9999.9	55	-9999.9	3	24.2	3
2025 08 30 22	0.2	0.19	4.4	4.3	6.7	0.31	-9999.9	3	49	-9999.9	53	-9999.9	3	24.1	3
2025 08 30 23	0.18	0.17	3.8	3.8	6.6	0.27	-9999.9	3	61	-9999.9	55	-9999.9	3	23.9	3
2025 08 31 00	0.17	0.16	3.7	3.7	8.2	0.3	-9999.9	3	64	-9999.9	53	-9999.9	3	23.8	3
2025 08 31 01	0.16	0.15	3.3	3.3	7.0	0.26	-9999.9	3	75	-9999.9	51	-9999.9	3	23.8	3
2025 08 31 02	0.15	0.15	3.9	3.7	6.1	0.27	-9999.9	3	77	-9999.9	51	-9999.9	3	23.7	3
2025 08 31 03	0.13	0.12	3.9	3.9	7.5	0.22	-9999.9	3	66	-9999.9	52	-9999.9	3	23.1	3
2025 08 31 04	0.15	0.14	3.6	3.5	5.2	0.29	-9999.9	3	75	-9999.9	54	-9999.9	3	23.3	3
2025 08 31 05	0.19	0.18	4.0	4.0	6.5	0.37	-9999.9	3	46	-9999.9	55	-9999.9	3	23.5	3
2025 08 31 06	0.14	0.13	3.4	3.5	6.8	0.25	-9999.9	3	61	-9999.9	54	-9999.9	3	23.2	3
2025 08 31 07	0.14	0.13	4.0	4.1	6.6	0.22	-9999.9	3	54	-9999.9	55	-9999.9	3	22.8	3
2025 08 31 08	0.14	0.13	3.3	3.5	6.5	0.24	-9999.9	3	68	-9999.9	57	-9999.9	3	22.9	3
2025 08 31 09	0.12	0.12	3.4	3.3	6.9	0.2	-9999.9	3	70	-9999.9	57	-9999.9	3	23.0	3
2025 08 31 10	0.13	0.13	2.8	3.4	7.0	0.21	-9999.9	3	57	-9999.9	58	-9999.9	3	22.9	3
2025 08 31 11	0.16	0.15	2.5	2.9	3.6	0.3	-9999.9	3	89	-9999.9	47	-9999.9	3	23.1	3
2025 08 31 12	0.16	0.15	2.6	3.0	6.6	0.31	-9999.9	3	41	-9999.9	56	-9999.9	3	23.0	3
2025 08 31 13	0.16	0.17	2.1	2.4	3.4	0.43	-9999.9	3	18	-9999.9	52	-9999.9	3	24.1	3
2025 08 31 14	0.2	0.2	2.1	2.3	6.6	0.33	-9999.9	3	5	-9999.9	46	-9999.9	3	24.5	3
2025 08 31 15	0.25	0.24	2.7	2.7	-9999.9	0.42	-9999.9	3	13	-9999.9	51	-9999.9	3	24.4	3
2025 08 31 16	0.21	0.21	2.2	2.4	-9999.9	0.34	-9999.9	3	9	-9999.9	53	-9999.9	3	24.1	3
2025 08 31 17	0.21	0.2	2.4	2.8	-9999.9	0.31	-9999.9	3	26	-9999.9	55	-9999.9	3	23.3	3
2025 08 31 18	0.2	0.2	2.1	2.4	-9999.9	0.37	-9999.9	3	4	-9999.9	51	-9999.9	3	22.7	3
2025 08 31 19	0.24	0.25	2.1	2.1	3.7	0.41	-9999.9	3	334	-9999.9	46	-9999.9	3	22.6	3
2025 08 31 20	0.25	0.24	2.2	2.7	6.8	0.47	-9999.9	3	8	-9999.9	53	-9999.9	3	22.4	3
2025 08 31 21	0.32	0.29	2.3	2.4	6.9	0.46	-9999.9	3	346	-9999.9	52	-9999.9	3	22.1	3
2025 08 31 22	0.21	0.2	2.1	2.3	5.9	0.34	-9999.9	3	354	-9999.9	51	-9999.9	3	21.8	3
2025 08 31 23	0.16	0.16	2.9	4.4	7.2	0.29	-9999.9	3	20	-9999.9	57	-9999.9	3	21.7	3
2025 09 01 00	0.24	0.23	2.0	2.1	2.0	0.41	-9999.9	3	332	-9999.9	46	-9999.9	3	21.6	3
2025 09 01 01	0.17	0.17	2.1	2.3	2.3	0.3	-9999.9	3	12	-9999.9	49	-9999.9	3	21.5	3
2025 09 01 02	0.15	0.16	2.0	2.2	1.7	0.3	-9999.9	3	2	-9999.9	43	-9999.9	3	21.4	3
2025 09 01 03	0.17	0.18	2.0	2.3	1.7	0.31	-9999.9	3	1	-9999.9	41	-9999.9	3	21.9	3
2025 09 01 04	0.24	0.24	2.0	2.2	1.9	0.46	-9999.9	3	338	-9999.9	35	-9999.9	3	21.6	3
2025 09 01 05	0.22	0.22	2.1	2.3	1.9	0.39	-9999.9	3	358	-9999.9	44	-9999.9	3	21.5	3
2025 09 01 06	0.18	0.17	2.6	3.1	5.2	0.31	-9999.9	3	14	-9999.9	47	-9999.9	3	21.5	3
2025 09 01 07	0.26	0.26	2.2	2.3	2.2	0.39	-9999.9	3	350	-9999.9	39	-9999.9	3	21.5	3
2025 09 01 08	0.27	0.26	2.2	2.3	3.0	0.43	-9999.9	3	348	-9999.9	41	-9999.9	3	21.9	3
2025 09 01 09	0.3	0.29	2.4	2.6	3.3	0.49	-9999.9	3	357	-9999.9	38	-9999.9	3	21.7	3
2025 09 01 10	0.37	0.36	2.3	2.5	2.3	0.56	-9999.9	3	348	-9999.9	39	-9999.9	3	21.8	3
2025 09 01 11	0.37	0.36	2.2	2.3	2.0	0.63	-9999.9	3	340	-9999.9	42	-9999.9	3	21.6	3
2025 09 01 12	0.34	0.33	2.2	2.3	3.4	0.53	-9999.9	3	344	-9999.9	44	-9999.9	3	21.4	3
2025 09 01 13	0.36	0.34	2.3	2.4	2.4	0.68	-9999.9	3	351	-9999.9	41	-9999.9	3	21.3	3
2025 09 01 14	0.34	0.32	2.4	2.6	3.3	0.54	-9999.9	3	10	-9999.9	42	-9999.9	3	21.2	3
2025 09 01 15	0.33	0.32	2.5	2.7	7.3	0.5	-9999.9	3	8	-9999.9	50	-9999.9	3	21.1	3
2025 09 01 16	0.34	0.32	2.1	2.3	2.0	0.49	-9999.9	3	346	-9999.9	44	-9999.9	3	22.6	3
2025 09 01 17	0.31	0.3	2.4	2.6	5.1	0.46	-9999.9	3	353	-9999.9	45	-9999.9	3	22.8	3
2025 09 01 18	0.33	0.31	2.3	2.4	2.5	0.55	-9999.9	3	347	-9999.9	45	-9999.9	3	22.7	3
2025 09 01 19	0.25	0.24	4.0	4.0	6.0	0.44	-9999.9	3	29	-9999.9	51	-9999.9	3	22.3	3
2025 09 01 20	0.21	0.2	3.4	3.7	6.1	0.32	-9999.9	3	15	-9999.9	49	-9999.9	3	22.0	3
2025 09 01 21	0.26	0.26	2.4	2.6	4.3	0.41	-9999.9	3	356	-9999.9	51	-9999.9	3	22.2	3
2025 09 01 22	0.21	0.2	2.8	3.2	6.2	0.34	-9999.9	3	17	-9999.9	50	-9999.9	3	21.7	3
2025 09 01 23	0.22	0.21	3.6	3.8	6.1	0.32	-9999.9	3	27	-9999.9	51	-9999.9	3	21.7	3
2025 09 02 00	0.2	0.19	3.9	3.9	5.7	0.32	-9999.9	3	27	-9999.9	52	-9999.9	3	21.4	3
2025 09 02 01	0.24	0.22	4.1	4.0	5.7	0.36	-9999.9	3	47	-9999.9	59	-9999.9	3	21.4	3
2025 09 02 02	0.21	0.2	4.0	4.2	6.7	0.36	-9999.9	3	39	-9999.9	55	-9999.9	3	21.3	3
2025 09 02 03	0.27	0.25	3.8	4.0	5.8	0.41	-9999.9	3	19	-9999.9	47	-9999.9	3	21.2	3
2025 09 02 04	0.25	0.24	3.3	3.5	5.3	0.42	-9999.9	3	36	-9999.9	54	-9999.9	3	22.4	3
2025 09 02 05	0.25	0.24	3.2	3.4	5.2	0.37	-9999.9	3	48	-9999.9	56	-9999.9	3	22.3	3
2025 09 02 06	0.25	0.24	3.2	3.3	4.5	0.36	-9999.9	3	42	-9999.9	52	-9999.9	3	22.0	3
2025 09 02 07	0.25	0.23	3.1	3.1	4.6	0.37	-9999.9	3	58	-9999.9	50	-9999.9	3	21.8	3
2025 09 02 08	0.24	0.22	3.0	3.0	6.2	0.37	-9999.9	3	51	-9999.9	52	-9999.9	3	21.8	3
2025 09 02 09	0.23	0.22	3.0	3.1	5.5	0.35	-9999.9	3	47	-9999.9	53	-9999.9	3	21.9	3
2025 09 02 10	0.25	0.24	3.0	3.2	4.6	0.39	-9999.9	3	47	-9999.9	52	-9999.9	3	21.8	3
2025 09 02 11	0.28	0.27	3.0	3.2	4.1	0.43	-9999.9	3	24	-9999.9	47	-9999.9	3	22.0	3
2025 09 02 12	0.22	0.21	2.6	3.1	5.3	0.4	-9999.9	3	39	-9999.9	54	-9999.9	3	22.8	3
2025 09 02 13	0.24	0.23	2.4	2.7	5.7	0.43	-9999.9	3	59	-9999.9	50	-9999.9	3	22.6	3
2025 09 02 14	0.3	0.29	2.3	2.5	2.9	0.54	-9999.9	3	44	-9999.9	52	-9999.9	3	23.1	3
2025 09 02 15	0.43	0.41	2.3	2.4	2.5	0.77	-9999.9	3	16	-9999.9	46	-9999.9	3	23.0	3
2025 09 02 16	0.37	0.36	2.4	2.4	2.3	0.56	-9999.9	3	20	-9999.9	51	-9999.9	3	22.7	3
2025 09 02 17	0.34	0.31	2.5	2.6	5.8	0.53	-9999.9	3	35	-9999.9	53	-9999.9	3	22.6	3
2025 09 02 18	0.31	0.29	2.8	3.0	7.0	0.47	-9999.9	3	44	-9999.9	53	-9999.9	3	22.5	3
2025 09 02 19	0.3	0.28	3.2	3.2	5.9	0.45	-9999.9	3	45	-9999.9	49	-9999.9	3	23.1	3
2025 09 02 20	0.26	0.24	3.4	3.6	7.0	0.42	-9999.9	3	50	-9999.9	53	-9999.9	3	22.6	3
2025 09 02 21	0.28	0.26	4.0	4.0	8.0	0.44	-9999.9	3	55	-9999.9	52	-9999.9	3	22.4	3
2025 09 02 22	0.36	0.36	5.0	4.9	7.8	0.61	-9999.9	3	52	-9999.9	51	-9999.9	3	22.3	3
2025 09 02 23	0.33	0.31	4.6	4.7	7.7	0.57	-9999.9	3	53	-9999.9	56	-9999.9	3	22.7	3
2025 09 03 00	0.34	0.33	4.9	4.7	7.3	0.58	-9999.9	3	56	-9999.9	54	-9999.9	3	22.8	3
2025 09 03 01	0.3	0.29	4.8	4.8	7.2	0.51	-9999.9	3	51	-9999.9	56	-9999.9	3	22.8	3
2025 09 03 02	0.25	0.25	4.7	4.8	6.6	0.42	-9999.9	3	45	-9999.9	48	-9999.9	3	22.9	3
2025 09 03 03	0.27	0.26	4.5	4.5	6.8	0.44	-9999.9	3	52	-9999.9	49	-9999.9	3	22.9	3
2025 09 03 04	0.23	0.22	4.3	4.4	6.1	0.43	-9999.9	3	48	-9999.9	49	-9999.9	3	22.8	3
2025 09 03 05	0.23	0.22	4.1	4.0	6.7	0.37	-9999.9	3	53	-9999.9	51	-9999.9	3	22.8	3
2025 09 03 06	0.23	0.22	4.2	4.2	5.8	0.45	-9999.9	3	44	-9999.9	49	-9999.9	3	22.8	3
2025 09 03 07	0.2	0.19	4.3	4.2	6.0	0.38	-9999.9	3	37	-9999.9	51	-9999.9	3	22.8	3
2025 09 03 08	0.22	0.21	4.1	3.9	5.6	0.32	-9999.9	3	44	-9999.9	49	-9999.9	3	22.8	3
2025 09 03 09	0.22	0.21	4.1	4.0	6.1	0.43	-9999.9	3	39	-9999.9	50	-9999.9	3	23.0	3
2025 09 03 10	0.24	0.22	4.1	4.2	5.6	0.39	-9999.9	3	43	-9999.9	50	-9999.9	3	23.2	3
2025 09 03 11	0.2	0.19	4.3	4.2	6.2	0.32	-9999.9	3	46	-9999.9	48	-9999.9	3	23.4	3
2025 09 03 12	0.23	0.22	4.0	4.2	6.5	0.37	-9999.9	3	54	-9999.9	46	-9999.9	3	23.3	3
2025 09 03 13	0.21	0.2	4.3	4.4	6.3	0.33	-9999.9	3	46	-9999.9	50	-9999.9	3	23.5	3
2025 09 03 14	0.22	0.21	4.1	3.9	6.2	0.34	-9999.9	3	62	-9999.9	51	-9999.9	3	24.0	3
2025 09 03 15	0.18	0.17	4.1	4.1	6.4	0.27	-9999.9	3	48	-9999.9	56	-9999.9	3	24.4	3
2025 09 03 16	0.19	0.18	3.1	3.7	6.4	0.39	-9999.9	3	47	-9999.9	52	-9999.9	3	24.0	3
2025 09 03 17	0.2	0.19	2.5	3.0	6.2	0.52	-9999.9	3	50	-9999.9	55	-9999.9	3	23.7	3
2025 09 03 18	0.22	0.21	2.7	2.8	6.6	0.36	-9999.9	3	47	-9999.9	53	-9999.9	3	23.6	3
2025 09 03 19	0.21	0.2	3.0	3.2	5.4	0.35	-9999.9	3	42	-9999.9	53	-9999.9	3	23.7	3
2025 09 03 20	0.18	0.17	3.2	3.2	6.6	0.3	-9999.9	3	43	-9999.9	54	-9999.9	3	23.7	3
2025 09 03 21	0.18	0.17	2.9	3.1	6.2	0.35	-9999.9	3	46	-9999.9	55	-9999.9	3	23.7	3
2025 09 03 22	0.19	0.18	2.9	3.0	5.6	0.35	-9999.9	3	50	-9999.9	54	-9999.9	3	23.6	3
2025 09 03 23	0.2	0.18	3.3	3.3	6.4	0.29	-9999.9	3	43	-9999.9	49	-9999.9	3	23.8	3
2025 09 04 00	0.19	0.18	3.4	3.4	5.5	0.3	-9999.9	3	51	-9999.9	50	-9999.9	3	23.9	3
2025 09 04 01	0.18	0.17	3.1	3.1	5.2	0.29	-9999.9	3	48	-9999.9	53	-9999.9	3	23.8	3
2025 09 04 02	0.18	0.17	3.0	3.1	4.1	0.27	-9999.9	3	39	-9999.9	48	-9999.9	3	23.7	3
2025 09 04 03	0.2	0.19	3.1	3.2	5.2	0.3	-9999.9	3	32	-9999.9	46	-9999.9	3	23.4	3
2025 09 04 04	0.19	0.18	3.3	3.3	5.2	0.27	-9999.9	3	38	-9999.9	50	-9999.9	3	23.2	3
2025 09 04 05	0.19	0.18	3.2	3.2	5.1	0.35	-9999.9	3	38	-9999.9	52	-9999.9	3	23.3	3
2025 09 04 06	0.2	0.19	3.3	3.3	4.2	0.3	-9999.9	3	33	-9999.9	48	-9999.9	3	23.2	3
2025 09 04 07	0.22	0.21	3.4	3.5	3.8	0.37	-9999.9	3	44	-9999.9	52	-9999.9	3	23.1	3
2025 09 04 08	0.22	0.21	3.4	3.5	3.8	0.34	-9999.9	3	50	-9999.9	54	-9999.9	3	23.2	3
2025 09 04 09	0.23	0.21	3.5	3.5	3.8	0.37	-9999.9	3	48	-9999.9	53	-9999.9	3	23.3	3
2025 09 04 10	0.23	0.22	3.5	3.5	3.9	0.45	-9999.9	3	53	-9999.9	57	-9999.9	3	23.4	3
2025 09 04 11	0.25	0.24	3.5	3.5	4.1	0.44	-9999.9	3	71	-9999.9	52	-9999.9	3	23.8	3
2025 09 04 12	0.25	0.24	3.5	3.6	3.9	0.43	-9999.9	3	61	-9999.9	50	-9999.9	3	23.9	3
2025 09 04 13	0.35	0.35	3.8	3.9	6.7	0.6	-9999.9	3	62	-9999.9	54	-9999.9	3	24.3	3
2025 09 04 14	0.35	0.34	3.5	3.5	4.7	0.54	-9999.9	3	65	-9999.9	54	-9999.9	3	24.3	3
2025 09 04 15	0.36	0.36	3.6	3.7	4.8	0.56	-9999.9	3	58	-9999.9	50	-9999.9	3	24.4	3
2025 09 04 16	0.4	0.38	3.9	3.9	4.9	0.56	-9999.9	3	65	-9999.9	47	-9999.9	3	24.6	3
2025 09 04 17	0.36	0.35	3.8	3.8	5.2	0.6	-9999.9	3	70	-9999.9	53	-9999.9	3	24.6	3
2025 09 04 18	0.4	0.39	4.0	4.1	5.3	0.62	-9999.9	3	73	-9999.9	50	-9999.9	3	24.5	3
2025 09 04 19	0.42	0.4	3.8	4.0	5.3	0.68	-9999.9	3	68	-9999.9	49	-9999.9	3	24.3	3
2025 09 04 20	0.33	0.33	4.2	4.3	5.7	0.53	-9999.9	3	78	-9999.9	44	-9999.9	3	23.2	3
2025 09 04 21	0.31	0.3	4.4	4.2	5.4	0.46	-9999.9	3	75	-9999.9	49	-9999.9	3	23.0	3
2025 09 04 22	0.29	0.29	4.3	4.4	5.4	0.51	-9999.9	3	79	-9999.9	49	-9999.9	3	22.9	3
2025 09 04 23	0.27	0.26	4.1	4.3	5.4	0.42	-9999.9	3	81	-9999.9	49	-9999.9	3	22.6	3
2025 09 05 00	0.24	0.24	4.0	4.0	5.2	0.42	-9999.9	3	85	-9999.9	49	-9999.9	3	22.2	3
2025 09 05 01	0.23	0.22	4.3	4.3	5.4	0.37	-9999.9	3	81	-9999.9	51	-9999.9	3	22.4	3
2025 09 05 02	0.2	0.19	3.9	4.0	4.9	0.29	-9999.9	3	91	-9999.9	54	-9999.9	3	22.5	3
2025 09 05 03	0.16	0.15	3.7	3.9	5.0	0.28	-9999.9	3	88	-9999.9	52	-9999.9	3	22.6	3
2025 09 05 04	0.17	0.16	4.1	4.1	5.0	0.31	-9999.9	3	79	-9999.9	48	-9999.9	3	22.6	3
2025 09 05 05	0.15	0.15	3.9	3.9	4.7	0.23	-9999.9	3	77	-9999.9	51	-9999.9	3	22.7	3
2025 09 05 06	0.18	0.18	2.5	2.7	4.7	0.32	-9999.9	3	78	-9999.9	48	-9999.9	3	22.6	3
2025 09 05 07	0.17	0.16	2.9	3.1	4.9	0.3	-9999.9	3	70	-9999.9	46	-9999.9	3	22.6	3
2025 09 05 08	0.17	0.17	2.5	3.1	4.7	0.3	-9999.9	3	81	-9999.9	46	-9999.9	3	22.6	3
2025 09 05 09	0.17	0.17	3.1	3.4	4.5	0.29	-9999.9	3	77	-9999.9	46	-9999.9	3	22.6	3
2025 09 05 10	0.22	0.2	3.4	3.4	4.5	0.35	-9999.9	3	67	-9999.9	45	-9999.9	3	22.9	3
2025 09 05 11	0.19	0.18	3.1	3.2	4.3	0.29	-9999.9	3	82	-9999.9	45	-9999.9	3	23.1	3
2025 09 05 12	0.22	0.21	3.3	3.4	6.9	0.36	-9999.9	3	70	-9999.9	47	-9999.9	3	23.7	3
2025 09 05 13	0.24	0.23	2.9	3.0	4.3	0.47	-9999.9	3	68	-9999.9	43	-9999.9	3	24.2	3
2025 09 05 14	0.31	0.3	2.9	3.0	3.3	0.53	-9999.9	3	59	-9999.9	46	-9999.9	3	23.9	3
2025 09 05 15	0.43	0.41	3.2	3.2	3.6	0.83	-9999.9	3	57	-9999.9	43	-9999.9	3	23.9	3
2025 09 05 16	0.66	0.64	3.7	3.7	4.5	1.1	-9999.9	3	47	-9999.9	41	-9999.9	3	23.8	3
2025 09 05 17	0.85	0.83	4.1	4.0	5.2	1.27	-9999.9	3	45	-9999.9	41	-9999.9	3	23.5	3
2025 09 05 18	0.96	0.93	4.0	4.2	5.7	1.46	-9999.9	3	43	-9999.9	40	-9999.9	3	23.2	3
2025 09 05 19	0.99	0.95	4.3	4.4	6.0	1.7	-9999.9	3	45	-9999.9	39	-9999.9	3	23.0	3
2025 09 05 20	0.99	0.97	4.3	4.3	5.9	1.71	-9999.9	3	44	-9999.9	42	-9999.9	3	23.1	3
2025 09 05 21	1.17	1.14	4.6	4.6	6.3	1.87	-9999.9	3	47	-9999.9	40	-9999.9	3	22.9	3
2025 09 05 22	1.18	1.13	4.4	4.4	6.5	1.69	-9999.9	3	45	-9999.9	42	-9999.9	3	22.9	3
2025 09 05 23	1.34	1.29	4.8	4.7	6.6	2.37	-9999.9	3	52	-9999.9	38	-9999.9	3	22.8	3
2025 09 06 00	1.26	1.2	4.5	4.7	6.6	2.46	-9999.9	3	53	-9999.9	39	-9999.9	3	22.7	3
2025 09 06 01	1.29	1.24	4.6	4.8	6.9	2.2	-9999.9	3	53	-9999.9	38	-9999.9	3	22.7	3
2025 09 06 02	1.42	1.37	5.1	5.0	6.9	2.11	-9999.9	3	56	-9999.9	38	-9999.9	3	22.6	3
2025 09 06 03	1.21	1.17	4.9	4.7	7.2	1.77	-9999.9	3	51	-9999.9	46	-9999.9	3	23.6	3
2025 09 06 04	1.32	1.28	5.0	5.0	7.2	1.9	-9999.9	3	53	-9999.9	46	-9999.9	3	23.8	3
2025 09 06 05	1.28	1.24	5.2	5.1	7.6	1.94	-9999.9	3	53	-9999.9	46	-9999.9	3	23.9	3
2025 09 06 06	1.29	1.25	5.1	5.0	7.7	2.38	-9999.9	3	47	-9999.9	42	-9999.9	3	23.8	3
2025 09 06 07	1.34	1.29	5.2	5.2	7.9	2.22	-9999.9	3	49	-9999.9	40	-9999.9	3	23.7	3
2025 09 06 08	1.29	1.23	5.3	5.1	7.3	1.87	-9999.9	3	43	-9999.9	40	-9999.9	3	23.7	3
2025 09 06 09	1.35	1.33	5.3	5.2	7.8	1.92	-9999.9	3	49	-9999.9	40	-9999.9	3	23.8	3
2025 09 06 10	1.29	1.26	5.2	5.1	7.6	2.15	-9999.9	3	48	-9999.9	42	-9999.9	3	23.7	3
2025 09 06 11	1.18	1.12	4.8	5.0	7.9	2.06	-9999.9	3	50	-9999.9	46	-9999.9	3	23.5	3
2025 09 06 12	1.07	1.01	4.6	4.5	8.0	1.56	-9999.9	3	53	-9999.9	48	-9999.9	3	23.6	3
2025 09 06 13	1.08	1.04	4.7	4.8	7.8	1.67	-9999.9	3	63	-9999.9	47	-9999.9	3	24.1	3
2025 09 06 14	1.06	1.0	4.7	4.8	7.4	1.72	-9999.9	3	60	-9999.9	45	-9999.9	3	24.5	3
2025 09 06 15	1.14	1.12	5.3	5.1	7.6	1.76	-9999.9	3	63	-9999.9	43	-9999.9	3	24.8	3
2025 09 06 16	1.13	1.08	4.9	5.1	7.5	1.87	-9999.9	3	61	-9999.9	48	-9999.9	3	24.7	3
2025 09 06 17	1.07	1.02	4.8	4.9	7.8	1.63	-9999.9	3	59	-9999.9	48	-9999.9	3	24.5	3
2025 09 06 18	1.07	1.04	5.1	4.9	7.6	1.8	-9999.9	3	56	-9999.9	46	-9999.9	3	24.2	3
2025 09 06 19	1.15	1.12	5.1	5.0	7.6	2.07	-9999.9	3	56	-9999.9	44	-9999.9	3	23.9	3
2025 09 06 20	1.06	1.02	4.9	4.9	7.0	2.0	-9999.9	3	57	-9999.9	46	-9999.9	3	23.4	3
2025 09 06 21	1.18	1.17	5.3	5.2	6.6	1.75	-9999.9	3	53	-9999.9	46	-9999.9	3	23.7	3
2025 09 06 22	1.15	1.13	5.2	5.1	7.6	1.87	-9999.9	3	53	-9999.9	43	-9999.9	3	24.2	3
2025 09 06 23	1.06	1.02	4.8	4.9	7.5	1.52	-9999.9	3	57	-9999.9	43	-9999.9	3	23.9	3
2025 09 07 00	1.06	1.03	5.2	5.0	7.5	1.58	-9999.9	3	56	-9999.9	41	-9999.9	3	23.6	3
2025 09 07 01	0.97	0.95	4.8	4.8	7.4	1.49	-9999.9	3	62	-9999.9	41	-9999.9	3	23.8	3
2025 09 07 02	0.9	0.87	4.8	4.7	7.4	1.44	-9999.9	3	64	-9999.9	46	-9999.9	3	23.6	3
2025 09 07 03	0.88	0.84	4.5	4.7	6.8	1.34	-9999.9	3	63	-9999.9	42	-9999.9	3	23.3	3
2025 09 07 04	0.86	0.83	4.7	4.6	6.6	1.37	-9999.9	3	63	-9999.9	41	-9999.9	3	23.3	3
2025 09 07 05	0.84	0.8	4.2	4.2	6.9	1.37	-9999.9	3	69	-9999.9	43	-9999.9	3	23.2	3
2025 09 07 06	0.85	0.83	4.6	4.6	7.1	1.42	-9999.9	3	58	-9999.9	40	-9999.9	3	23.3	3
2025 09 07 07	0.78	0.75	4.4	4.5	7.0	1.31	-9999.9	3	59	-9999.9	44	-9999.9	3	23.4	3
2025 09 07 08	0.77	0.74	4.6	4.9	7.3	1.17	-9999.9	3	56	-9999.9	42	-9999.9	3	23.3	3
2025 09 07 09	0.68	0.65	4.1	4.5	7.1	1.41	-9999.9	3	57	-9999.9	41	-9999.9	3	23.2	3
2025 09 07 10	0.71	0.69	4.8	4.9	6.5	1.07	-9999.9	3	58	-9999.9	42	-9999.9	3	23.2	3
2025 09 07 11	0.67	0.66	4.8	5.0	6.8	1.07	-9999.9	3	57	-9999.9	48	-9999.9	3	23.5	3
2025 09 07 12	0.71	0.69	4.9	4.8	6.2	1.42	-9999.9	3	59	-9999.9	48	-9999.9	3	23.7	3
2025 09 07 13	0.76	0.74	4.7	4.7	5.8	1.56	-9999.9	3	47	-9999.9	46	-9999.9	3	24.5	3
2025 09 07 14	0.77	0.74	4.5	4.6	6.3	1.34	-9999.9	3	49	-9999.9	44	-9999.9	3	24.4	3
2025 09 07 15	0.76	0.73	4.4	4.4	6.0	1.16	-9999.9	3	51	-9999.9	45	-9999.9	3	24.1	3
2025 09 07 16	0.73	0.72	4.5	4.7	5.8	1.25	-9999.9	3	59	-9999.9	42	-9999.9	3	23.8	3
2025 09 07 17	0.65	0.63	4.5	4.6	6.6	0.93	-9999.9	3	62	-9999.9	41	-9999.9	3	23.8	3
2025 09 07 18	0.56	0.54	4.6	4.6	6.7	0.82	-9999.9	3	66	-9999.9	45	-9999.9	3	23.5	3
2025 09 07 19	0.57	0.55	4.4	4.5	6.1	0.87	-9999.9	3	69	-9999.9	41	-9999.9	3	23.3	3
2025 09 07 20	0.54	0.52	4.4	4.5	5.9	0.85	-9999.9	3	75	-9999.9	46	-9999.9	3	23.3	3
2025 09 07 21	0.5	0.49	4.0	4.2	5.7	0.91	-9999.9	3	74	-9999.9	47	-9999.9	3	23.2	3
2025 09 07 22	0.5	0.49	4.3	4.5	6.0	0.79	-9999.9	3	64	-9999.9	45	-9999.9	3	23.3	3
2025 09 07 23	0.45	0.45	4.3	4.4	6.5	1.0	-9999.9	3	71	-9999.9	45	-9999.9	3	23.4	3
2025 09 08 00	0.43	0.41	3.9	4.0	6.6	0.81	-9999.9	3	76	-9999.9	49	-9999.9	3	23.5	3
2025 09 08 01	0.43	0.42	4.6	4.6	6.6	0.7	-9999.9	3	54	-9999.9	48	-9999.9	3	24.3	3
2025 09 08 02	0.4	0.39	4.2	4.3	6.3	0.58	-9999.9	3	43	-9999.9	50	-9999.9	3	24.1	3
2025 09 08 03	0.49	0.47	4.4	4.5	6.2	0.79	-9999.9	3	44	-9999.9	44	-9999.9	3	23.8	3
2025 09 08 04	0.42	0.41	4.3	4.3	6.1	0.63	-9999.9	3	49	-9999.9	49	-9999.9	3	23.7	3
2025 09 08 05	0.4	0.38	4.2	4.3	5.9	0.61	-9999.9	3	50	-9999.9	46	-9999.9	3	23.7	3
2025 09 08 06	0.37	0.36	4.2	4.3	6.1	0.59	-9999.9	3	60	-9999.9	41	-9999.9	3	23.7	3
2025 09 08 07	0.34	0.33	4.5	4.5	6.3	0.49	-9999.9	3	67	-9999.9	43	-9999.9	3	23.6	3
2025 09 08 08	0.33	0.32	3.2	4.0	6.2	0.52	-9999.9	3	65	-9999.9	44	-9999.9	3	23.5	3
2025 09 08 09	0.31	0.3	3.3	4.1	6.3	0.51	-9999.9	3	69	-9999.9	47	-9999.9	3	23.2	3
2025 09 08 10	0.31	0.31	3.5	4.3	6.2	0.47	-9999.9	3	70	-9999.9	47	-9999.9	3	23.3	3
2025 09 08 11	0.31	0.31	3.7	4.4	6.3	0.74	-9999.9	3	61	-9999.9	50	-9999.9	3	23.3	3
2025 09 08 12	0.31	0.31	4.2	4.9	6.4	0.62	-9999.9	3	71	-9999.9	44	-9999.9	3	23.4	3
2025 09 08 13	0.25	0.25	4.0	4.6	6.3	0.45	-9999.9	3	70	-9999.9	48	-9999.9	3	23.7	3
2025 09 08 14	0.25	0.25	4.6	4.6	6.2	0.39	-9999.9	3	69	-9999.9	53	-9999.9	3	24.5	3
2025 09 08 15	0.26	0.26	3.6	4.3	6.1	0.45	-9999.9	3	69	-9999.9	54	-9999.9	3	24.0	3
2025 09 08 16	0.27	0.26	2.9	3.5	6.2	0.48	-9999.9	3	54	-9999.9	45	-9999.9	3	24.2	3
2025 09 08 17	0.3	0.28	2.6	2.9	5.7	0.41	-9999.9	3	35	-9999.9	46	-9999.9	3	24.1	3
2025 09 08 18	0.28	0.28	3.0	3.2	6.1	0.46	-9999.9	3	41	-9999.9	45	-9999.9	3	23.9	3
2025 09 08 19	0.27	0.26	3.3	3.6	5.8	0.45	-9999.9	3	52	-9999.9	47	-9999.9	3	23.8	3
2025 09 08 20	0.23	0.23	2.8	3.3	5.8	0.38	-9999.9	3	49	-9999.9	51	-9999.9	3	23.7	3
2025 09 08 21	0.25	0.25	3.2	3.8	5.8	0.45	-9999.9	3	73	-9999.9	45	-9999.9	3	23.3	3
2025 09 08 22	0.22	0.22	3.1	3.5	5.7	0.36	-9999.9	3	73	-9999.9	50	-9999.9	3	23.0	3
2025 09 08 23	0.2	0.2	2.7	3.3	5.8	0.36	-9999.9	3	82	-9999.9	51	-9999.9	3	23.2	3
2025 09 09 00	0.2	0.19	2.6	3.0	5.8	0.32	-9999.9	3	54	-9999.9	52	-9999.9	3	23.1	3
2025 09 09 01	0.2	0.19	2.2	2.5	5.4	0.33	-9999.9	3	16	-9999.9	48	-9999.9	3	22.8	3
2025 09 09 02	0.19	0.18	2.3	2.6	5.5	0.28	-9999.9	3	19	-9999.9	50	-9999.9	3	22.8	3
2025 09 09 03	0.2	0.2	2.2	2.5	5.5	0.34	-9999.9	3	5	-9999.9	46	-9999.9	3	23.1	3
2025 09 09 04	0.17	0.17	2.2	2.4	5.5	0.29	-9999.9	3	16	-9999.9	46	-9999.9	3	23.3	3
2025 09 09 05	0.16	0.16	2.4	2.7	5.7	0.26	-9999.9	3	21	-9999.9	50	-9999.9	3	23.2	3
2025 09 09 06	0.16	0.16	2.5	2.8	5.9	0.28	-9999.9	3	26	-9999.9	49	-9999.9	3	23.0	3
2025 09 09 07	0.17	0.16	2.7	2.8	5.4	0.25	-9999.9	3	20	-9999.9	41	-9999.9	3	23.0	3
2025 09 09 08	0.17	0.16	2.8	3.0	5.1	0.25	-9999.9	3	26	-9999.9	44	-9999.9	3	23.0	3
2025 09 09 09	0.16	0.15	3.0	3.2	5.4	0.25	-9999.9	3	20	-9999.9	47	-9999.9	3	23.0	3
2025 09 09 10	0.16	0.16	3.2	3.5	4.4	0.27	-9999.9	3	21	-9999.9	51	-9999.9	3	22.9	3
2025 09 09 11	0.23	0.23	1.9	2.1	1.8	0.36	-9999.9	3	341	-9999.9	35	-9999.9	3	22.8	3
2025 09 09 12	0.22	0.22	2.1	2.2	2.1	0.42	-9999.9	3	1	-9999.9	43	-9999.9	3	23.0	3
2025 09 09 13	0.18	0.17	2.2	2.3	3.2	0.29	-9999.9	3	17	-9999.9	46	-9999.9	3	23.2	3
2025 09 09 14	0.23	0.23	2.1	2.2	3.1	0.41	-9999.9	3	13	-9999.9	43	-9999.9	3	23.1	3
2025 09 09 15	0.26	0.25	2.2	2.5	5.3	0.48	-9999.9	3	4	-9999.9	40	-9999.9	3	22.9	3
2025 09 09 16	0.26	0.25	2.6	2.9	6.4	0.51	-9999.9	3	1	-9999.9	44	-9999.9	3	23.1	3
2025 09 09 17	0.31	0.3	3.3	3.5	5.3	0.5	-9999.9	3	6	-9999.9	41	-9999.9	3	23.5	3
2025 09 09 18	0.31	0.29	3.2	3.4	4.5	0.54	-9999.9	3	4	-9999.9	42	-9999.9	3	23.4	3
2025 09 09 19	0.41	0.39	4.0	4.1	5.2	0.71	-9999.9	3	21	-9999.9	42	-9999.9	3	23.3	3
2025 09 09 20	0.39	0.38	3.9	4.0	4.6	0.64	-9999.9	3	10	-9999.9	47	-9999.9	3	23.1	3
2025 09 09 21	0.4	0.38	3.8	3.9	4.5	0.61	-9999.9	3	13	-9999.9	47	-9999.9	3	23.0	3
2025 09 09 22	0.37	0.35	4.1	4.1	4.3	0.59	-9999.9	3	22	-9999.9	43	-9999.9	3	22.7	3
2025 09 09 23	0.27	0.26	2.6	3.3	5.8	0.45	-9999.9	3	28	-9999.9	59	-9999.9	3	22.4	3
2025 09 10 00	0.26	0.25	3.4	4.0	7.5	0.44	-9999.9	3	32	-9999.9	57	-9999.9	3	22.9	3
2025 09 10 01	0.25	0.24	3.9	3.9	5.8	0.36	-9999.9	3	31	-9999.9	56	-9999.9	3	22.9	3
2025 09 10 02	0.24	0.22	3.9	4.0	7.5	0.4	-9999.9	3	31	-9999.9	53	-9999.9	3	22.9	3
2025 09 10 03	0.23	0.22	3.8	3.8	7.3	0.4	-9999.9	3	32	-9999.9	56	-9999.9	3	23.0	3
2025 09 10 04	0.28	0.26	3.5	3.6	6.9	0.46	-9999.9	3	40	-9999.9	56	-9999.9	3	23.0	3
2025 09 10 05	0.31	0.3	3.8	3.8	7.1	0.5	-9999.9	3	19	-9999.9	51	-9999.9	3	23.0	3
2025 09 10 06	0.31	0.3	3.4	3.7	7.3	0.48	-9999.9	3	14	-9999.9	49	-9999.9	3	23.0	3
2025 09 10 07	0.29	0.27	3.1	3.5	7.3	0.49	-9999.9	3	14	-9999.9	49	-9999.9	3	23.0	3
2025 09 10 08	0.29	0.27	3.6	3.9	7.7	0.45	-9999.9	3	27	-9999.9	51	-9999.9	3	23.0	3
2025 09 10 09	0.25	0.25	2.6	3.0	6.4	0.44	-9999.9	3	26	-9999.9	51	-9999.9	3	23.0	3
2025 09 10 10	0.27	0.26	2.2	2.4	2.3	0.42	-9999.9	3	351	-9999.9	51	-9999.9	3	23.0	3
2025 09 10 11	0.26	0.24	2.3	2.6	5.3	0.41	-9999.9	3	3	-9999.9	54	-9999.9	3	23.0	3
2025 09 10 12	0.26	0.25	2.6	2.7	7.3	0.39	-9999.9	3	6	-9999.9	52	-9999.9	3	23.0	3
2025 09 10 13	0.32	0.29	2.4	2.6	7.0	0.53	-9999.9	3	352	-9999.9	50	-9999.9	3	23.1	3
2025 09 10 14	0.33	0.3	2.6	2.9	7.5	0.53	-9999.9	3	4	-9999.9	49	-9999.9	3	23.2	3
2025 09 10 15	0.37	0.34	2.7	2.8	7.4	0.61	-9999.9	3	356	-9999.9	46	-9999.9	3	23.2	3
2025 09 10 16	0.31	0.3	2.9	3.5	7.6	0.58	-9999.9	3	8	-9999.9	51	-9999.9	3	23.1	3
2025 09 10 17	0.36	0.35	3.2	3.6	6.8	0.54	-9999.9	3	14	-9999.9	47	-9999.9	3	23.1	3
2025 09 10 18	0.39	0.38	3.5	3.9	4.5	0.6	-9999.9	3	11	-9999.9	44	-9999.9	3	23.1	3
2025 09 10 19	0.39	0.37	3.7	3.8	4.6	0.6	-9999.9	3	22	-9999.9	46	-9999.9	3	23.1	3
2025 09 10 20	0.28	0.27	2.9	3.4	5.8	0.44	-9999.9	3	28	-9999.9	52	-9999.9	3	23.1	3
2025 09 10 21	0.35	0.34	3.0	3.4	4.6	0.56	-9999.9	3	19	-9999.9	45	-9999.9	3	22.9	3
2025 09 10 22	0.34	0.32	3.8	4.0	4.3	0.54	-9999.9	3	31	-9999.9	52	-9999.9	3	22.8	3
2025 09 10 23	0.26	0.24	3.4	3.9	6.5	0.41	-9999.9	3	56	-9999.9	59	-9999.9	3	22.3	3
2025 09 11 00	0.25	0.24	2.4	2.9	6.9	0.43	-9999.9	3	48	-9999.9	57	-9999.9	3	22.6	3
2025 09 11 01	0.29	0.27	2.3	2.7	6.3	0.51	-9999.9	3	46	-9999.9	52	-9999.9	3	22.7	3
2025 09 11 02	0.27	0.25	2.3	2.7	5.9	0.43	-9999.9	3	25	-9999.9	50	-9999.9	3	22.8	3
2025 09 11 03	0.23	0.22	2.4	3.0	7.4	0.45	-9999.9	3	40	-9999.9	48	-9999.9	3	22.8	3
2025 09 11 04	0.22	0.21	2.6	2.9	7.1	0.37	-9999.9	3	41	-9999.9	50	-9999.9	3	22.9	3
2025 09 11 05	0.2	0.19	3.3	3.6	7.4	0.3	-9999.9	3	54	-9999.9	51	-9999.9	3	22.9	3
2025 09 11 06	0.22	0.21	3.6	3.7	6.3	0.34	-9999.9	3	58	-9999.9	51	-9999.9	3	22.9	3
2025 09 11 07	0.2	0.19	3.7	3.7	6.6	0.34	-9999.9	3	56	-9999.9	54	-9999.9	3	22.9	3
2025 09 11 08	0.2	0.19	3.4	3.5	6.6	0.33	-9999.9	3	59	-9999.9	51	-9999.9	3	23.0	3
2025 09 11 09	0.2	0.19	3.0	3.3	6.2	0.4	-9999.9	3	42	-9999.9	57	-9999.9	3	23.1	3
2025 09 11 10	0.2	0.19	3.0	3.1	6.2	0.28	-9999.9	3	44	-9999.9	50	-9999.9	3	23.4	3
2025 09 11 11	0.2	0.19	2.9	3.0	6.3	0.33	-9999.9	3	46	-9999.9	49	-9999.9	3	23.6	3
2025 09 11 12	0.17	0.16	3.3	3.5	5.8	0.28	-9999.9	3	42	-9999.9	55	-9999.9	3	24.0	3
2025 09 11 13	0.17	0.17	3.1	3.4	5.1	0.28	-9999.9	3	51	-9999.9	52	-9999.9	3	24.3	3
2025 09 11 14	0.27	0.26	2.2	2.4	2.5	0.42	-9999.9	3	53	-9999.9	43	-9999.9	3	24.5	3
2025 09 11 15	0.29	0.28	2.2	2.3	2.4	0.55	-9999.9	3	26	-9999.9	50	-9999.9	3	24.0	3
2025 09 11 16	0.28	0.27	2.2	2.4	2.4	0.56	-9999.9	3	24	-9999.9	52	-9999.9	3	23.8	3
2025 09 11 17	0.26	0.25	2.5	2.6	2.8	0.43	-9999.9	3	48	-9999.9	54	-9999.9	3	23.7	3
2025 09 11 18	0.21	0.2	2.6	2.6	2.7	0.33	-9999.9	3	30	-9999.9	53	-9999.9	3	23.5	3
2025 09 11 19	0.24	0.23	2.8	2.8	3.0	0.4	-9999.9	3	39	-9999.9	45	-9999.9	3	23.6	3
2025 09 11 20	0.21	0.2	2.9	2.9	3.6	0.36	-9999.9	3	30	-9999.9	43	-9999.9	3	23.7	3
2025 09 11 21	0.2	0.19	3.1	3.2	3.9	0.32	-9999.9	3	15	-9999.9	50	-9999.9	3	23.7	3
2025 09 11 22	0.17	0.16	3.2	3.3	3.8	0.25	-9999.9	3	28	-9999.9	51	-9999.9	3	23.6	3
2025 09 11 23	0.16	0.15	3.2	3.3	3.9	0.25	-9999.9	3	38	-9999.9	53	-9999.9	3	23.5	3
2025 09 12 00	0.16	0.15	3.6	3.5	5.5	0.23	-9999.9	3	52	-9999.9	51	-9999.9	3	23.5	3
2025 09 12 01	0.16	0.15	3.6	3.6	3.9	0.25	-9999.9	3	45	-9999.9	51	-9999.9	3	23.6	3
2025 09 12 02	0.14	0.13	3.7	3.7	5.9	0.24	-9999.9	3	63	-9999.9	54	-9999.9	3	23.3	3
2025 09 12 03	0.13	0.13	3.8	3.7	4.8	0.27	-9999.9	3	82	-9999.9	56	-9999.9	3	23.2	3
2025 09 12 04	0.12	0.11	3.7	3.7	5.9	0.26	-9999.9	3	71	-9999.9	55	-9999.9	3	23.3	3
2025 09 12 05	0.11	0.1	3.2	3.3	5.4	0.17	-9999.9	3	66	-9999.9	55	-9999.9	3	23.3	3
2025 09 12 06	0.11	0.11	3.1	3.1	5.5	0.17	-9999.9	3	59	-9999.9	53	-9999.9	3	23.2	3
2025 09 12 07	0.1	0.1	3.6	3.7	5.8	0.16	-9999.9	3	62	-9999.9	52	-9999.9	3	23.2	3
2025 09 12 08	0.11	0.1	3.7	3.9	6.4	0.16	-9999.9	3	57	-9999.9	55	-9999.9	3	23.2	3
2025 09 12 09	0.11	0.1	3.6	3.6	6.4	0.17	-9999.9	3	63	-9999.9	58	-9999.9	3	23.5	3
2025 09 12 10	0.13	0.12	3.4	3.5	3.9	0.28	-9999.9	3	57	-9999.9	47	-9999.9	3	23.8	3
2025 09 12 11	0.11	0.1	3.8	3.9	6.4	0.17	-9999.9	3	58	-9999.9	58	-9999.9	3	24.4	3
2025 09 12 12	0.1	0.1	2.8	3.1	4.4	0.16	-9999.9	3	83	-9999.9	55	-9999.9	3	24.3	3
2025 09 12 13	0.1	0.09	2.5	2.9	6.4	0.15	-9999.9	3	69	-9999.9	59	-9999.9	3	24.8	3
2025 09 12 14	0.15	0.14	2.4	2.8	3.7	0.34	-9999.9	3	93	-9999.9	43	-9999.9	3	25.0	3
2025 09 12 15	0.15	0.14	2.5	2.6	2.6	0.23	-9999.9	3	47	-9999.9	52	-9999.9	3	25.1	3
2025 09 12 16	0.23	0.22	2.7	2.8	3.1	0.35	-9999.9	3	54	-9999.9	48	-9999.9	3	25.4	3
2025 09 12 17	0.24	0.23	2.8	2.8	3.1	0.36	-9999.9	3	60	-9999.9	46	-9999.9	3	25.5	3
2025 09 12 18	0.23	0.22	2.9	2.8	3.0	0.43	-9999.9	3	62	-9999.9	46	-9999.9	3	25.1	3
2025 09 12 19	0.23	0.22	2.7	2.8	3.0	0.37	-9999.9	3	62	-9999.9	46	-9999.9	3	24.5	3
2025 09 12 20	0.21	0.2	2.7	2.8	2.7	0.33	-9999.9	3	63	-9999.9	50	-9999.9	3	23.6	3
2025 09 12 21	0.25	0.24	3.1	3.1	3.4	0.41	-9999.9	3	52	-9999.9	48	-9999.9	3	24.5	3
2025 09 12 22	0.39	0.38	3.3	3.4	4.0	0.78	-9999.9	3	62	-9999.9	49	-9999.9	3	24.6	3
2025 09 12 23	0.46	0.45	3.5	3.6	4.2	0.84	-9999.9	3	70	-9999.9	49	-9999.9	3	24.5	3
2025 09 13 00	0.47	0.46	3.5	3.6	4.1	0.85	-9999.9	3	68	-9999.9	48	-9999.9	3	24.0	3
2025 09 13 01	0.52	0.51	3.4	3.5	4.3	0.89	-9999.9	3	72	-9999.9	44	-9999.9	3	24.0	3
2025 09 13 02	0.47	0.46	3.2	3.3	4.3	0.72	-9999.9	3	65	-9999.9	49	-9999.9	3	23.7	3
2025 09 13 03	0.44	0.42	3.3	3.4	4.4	0.73	-9999.9	3	85	-9999.9	55	-9999.9	3	23.7	3
2025 09 13 04	0.43	0.43	3.5	3.6	4.3	0.75	-9999.9	3	81	-9999.9	53	-9999.9	3	24.1	3
2025 09 13 05	0.41	0.41	3.4	3.5	4.2	0.71	-9999.9	3	81	-9999.9	51	-9999.9	3	23.9	3
2025 09 13 06	0.44	0.44	3.6	3.7	4.4	0.74	-9999.9	3	73	-9999.9	50	-9999.9	3	23.8	3
2025 09 13 07	0.46	0.45	3.6	3.8	4.3	0.71	-9999.9	3	71	-9999.9	48	-9999.9	3	24.0	3
2025 09 13 08	0.42	0.41	3.6	3.6	4.4	0.8	-9999.9	3	73	-9999.9	50	-9999.9	3	23.8	3
2025 09 13 09	0.43	0.42	3.5	3.6	4.2	0.72	-9999.9	3	71	-9999.9	48	-9999.9	3	23.9	3
2025 09 13 10	0.42	0.41	3.6	3.5	4.1	0.71	-9999.9	3	73	-9999.9	49	-9999.9	3	24.0	3
2025 09 13 11	0.39	0.39	3.6	3.5	4.0	0.7	-9999.9	3	81	-9999.9	52	-9999.9	3	24.1	3
2025 09 13 12	0.39	0.38	3.5	3.6	4.2	0.6	-9999.9	3	81	-9999.9	52	-9999.9	3	24.3	3
2025 09 13 13	0.4	0.38	3.5	3.6	4.1	0.67	-9999.9	3	72	-9999.9	52	-9999.9	3	24.3	3
2025 09 13 14	0.39	0.38	3.2	3.3	4.2	0.59	-9999.9	3	66	-9999.9	50	-9999.9	3	24.4	3
2025 09 13 15	0.46	0.44	3.3	3.4	4.2	0.78	-9999.9	3	65	-9999.9	46	-9999.9	3	24.5	3
2025 09 13 16	0.43	0.41	3.2	3.3	4.3	0.83	-9999.9	3	61	-9999.9	50	-9999.9	3	24.7	3
2025 09 13 17	0.49	0.48	3.4	3.5	4.6	0.81	-9999.9	3	60	-9999.9	46	-9999.9	3	24.7	3
2025 09 13 18	0.47	0.46	3.5	3.5	4.4	0.94	-9999.9	3	59	-9999.9	49	-9999.9	3	24.5	3
2025 09 13 19	0.51	0.5	3.7	3.7	4.7	0.93	-9999.9	3	59	-9999.9	46	-9999.9	3	24.6	3
2025 09 13 20	0.49	0.48	3.7	3.8	4.6	0.86	-9999.9	3	62	-9999.9	45	-9999.9	3	24.4	3
2025 09 13 21	0.5	0.49	3.7	3.8	4.8	0.8	-9999.9	3	63	-9999.9	44	-9999.9	3	24.2	3
2025 09 13 22	0.49	0.47	3.7	3.8	4.8	0.8	-9999.9	3	69	-9999.9	47	-9999.9	3	24.3	3
2025 09 13 23	0.45	0.44	3.8	3.9	4.9	0.75	-9999.9	3	76	-9999.9	48	-9999.9	3	23.8	3
2025 09 14 00	0.43	0.41	3.8	3.8	5.3	0.66	-9999.9	3	77	-9999.9	46	-9999.9	3	23.8	3
2025 09 14 01	0.42	0.41	3.9	4.0	5.3	0.71	-9999.9	3	77	-9999.9	46	-9999.9	3	24.2	3
2025 09 14 02	0.39	0.38	4.1	4.1	5.2	0.65	-9999.9	3	77	-9999.9	50	-9999.9	3	24.0	3
2025 09 14 03	0.38	0.37	4.1	4.2	5.4	0.67	-9999.9	3	71	-9999.9	48	-9999.9	3	24.0	3
2025 09 14 04	0.4	0.38	4.2	4.3	5.2	0.6	-9999.9	3	69	-9999.9	45	-9999.9	3	23.9	3
2025 09 14 05	0.37	0.36	4.1	4.2	5.3	0.67	-9999.9	3	70	-9999.9	49	-9999.9	3	23.8	3
2025 09 14 06	0.38	0.37	4.2	4.2	5.5	0.64	-9999.9	3	68	-9999.9	47	-9999.9	3	23.8	3
2025 09 14 07	0.44	0.43	4.4	4.4	5.2	0.75	-9999.9	3	69	-9999.9	42	-9999.9	3	23.8	3
2025 09 14 08	0.43	0.43	4.3	4.4	5.1	0.69	-9999.9	3	70	-9999.9	43	-9999.9	3	23.8	3
2025 09 14 09	0.43	0.42	4.4	4.4	5.3	0.63	-9999.9	3	72	-9999.9	42	-9999.9	3	23.8	3
2025 09 14 10	0.4	0.38	4.2	4.3	5.7	0.6	-9999.9	3	75	-9999.9	45	-9999.9	3	24.1	3
2025 09 14 11	0.43	0.42	4.6	4.4	5.4	0.7	-9999.9	3	73	-9999.9	41	-9999.9	3	24.7	3
2025 09 14 12	0.38	0.38	4.3	4.2	5.5	0.64	-9999.9	3	86	-9999.9	45	-9999.9	3	24.8	3
2025 09 14 13	0.4	0.4	3.8	4.0	5.3	0.65	-9999.9	3	82	-9999.9	45	-9999.9	3	24.5	3
2025 09 14 14	0.43	0.41	3.5	3.6	6.0	0.66	-9999.9	3	73	-9999.9	47	-9999.9	3	25.0	3
2025 09 14 15	0.45	0.43	3.1	3.2	5.6	0.74	-9999.9	3	75	-9999.9	50	-9999.9	3	24.5	3
2025 09 14 16	0.44	0.43	3.1	3.3	5.7	0.7	-9999.9	3	67	-9999.9	46	-9999.9	3	24.9	3
2025 09 14 17	0.41	0.39	3.2	3.2	5.6	0.64	-9999.9	3	64	-9999.9	43	-9999.9	3	25.0	3
2025 09 14 18	0.38	0.36	3.4	3.5	5.9	0.64	-9999.9	3	66	-9999.9	48	-9999.9	3	25.1	3
2025 09 14 19	0.4	0.39	3.8	3.7	5.9	0.64	-9999.9	3	61	-9999.9	40	-9999.9	3	25.1	3
2025 09 14 20	0.35	0.33	3.5	3.7	5.9	0.53	-9999.9	3	61	-9999.9	44	-9999.9	3	25.1	3
2025 09 14 21	0.34	0.34	3.6	3.5	5.5	0.57	-9999.9	3	59	-9999.9	48	-9999.9	3	25.1	3
2025 09 14 22	0.36	0.34	3.7	3.7	5.5	0.55	-9999.9	3	62	-9999.9	48	-9999.9	3	24.9	3
2025 09 14 23	0.34	0.32	3.6	3.7	5.7	0.49	-9999.9	3	67	-9999.9	46	-9999.9	3	24.6	3
2025 09 15 00	0.34	0.33	3.8	3.8	5.8	0.55	-9999.9	3	65	-9999.9	46	-9999.9	3	24.5	3
2025 09 15 01	0.33	0.32	3.9	4.0	5.7	0.49	-9999.9	3	71	-9999.9	48	-9999.9	3	24.4	3
2025 09 15 02	0.33	0.31	3.8	4.0	5.7	0.54	-9999.9	3	71	-9999.9	47	-9999.9	3	24.3	3
2025 09 15 03	0.33	0.31	3.8	3.9	5.4	0.49	-9999.9	3	67	-9999.9	45	-9999.9	3	24.3	3
2025 09 15 04	0.34	0.33	4.0	4.0	5.2	0.56	-9999.9	3	70	-9999.9	44	-9999.9	3	24.2	3
2025 09 15 05	0.33	0.33	3.9	3.9	5.2	0.5	-9999.9	3	62	-9999.9	48	-9999.9	3	24.2	3
2025 09 15 06	0.34	0.33	3.6	3.7	5.0	0.71	-9999.9	3	61	-9999.9	46	-9999.9	3	24.1	3
2025 09 15 07	0.35	0.34	3.5	3.7	4.5	0.56	-9999.9	3	60	-9999.9	45	-9999.9	3	24.1	3
2025 09 15 08	0.36	0.35	3.3	3.5	3.7	0.59	-9999.9	3	58	-9999.9	47	-9999.9	3	24.1	3
2025 09 15 09	0.43	0.42	3.4	3.4	4.0	0.66	-9999.9	3	60	-9999.9	49	-9999.9	3	24.2	3
2025 09 15 10	0.41	0.39	3.3	3.4	3.9	0.65	-9999.9	3	59	-9999.9	47	-9999.9	3	24.3	3
2025 09 15 11	0.4	0.38	3.3	3.3	3.8	0.69	-9999.9	3	55	-9999.9	48	-9999.9	3	24.6	3
2025 09 15 12	0.34	0.33	3.4	3.4	3.7	0.59	-9999.9	3	56	-9999.9	51	-9999.9	3	24.9	3
2025 09 15 13	0.32	0.32	3.6	3.5	4.0	0.5	-9999.9	3	55	-9999.9	52	-9999.9	3	25.5	3
2025 09 15 14	0.3	0.3	3.5	3.5	3.8	0.47	-9999.9	3	53	-9999.9	50	-9999.9	3	25.9	3
2025 09 15 15	0.3	0.29	3.4	3.5	3.9	0.46	-9999.9	3	51	-9999.9	49	-9999.9	3	25.4	3
2025 09 15 16	0.3	0.29	3.4	3.4	3.6	0.49	-9999.9	3	49	-9999.9	51	-9999.9	3	25.1	3
2025 09 15 17	0.3	0.29	3.4	3.4	3.8	0.52	-9999.9	3	51	-9999.9	53	-9999.9	3	25.3	3
2025 09 15 18	0.3	0.29	3.3	3.3	3.8	0.51	-9999.9	3	47	-9999.9	49	-9999.9	3	24.7	3
2025 09 15 19	0.35	0.33	3.3	3.4	4.0	0.68	-9999.9	3	45	-9999.9	46	-9999.9	3	25.0	3
2025 09 15 20	0.35	0.33	3.2	3.4	4.3	0.55	-9999.9	3	43	-9999.9	52	-9999.9	3	24.8	3
2025 09 15 21	0.4	0.38	3.5	3.5	4.5	0.62	-9999.9	3	43	-9999.9	48	-9999.9	3	24.6	3
2025 09 15 22	0.4	0.39	3.5	3.5	4.4	0.58	-9999.9	3	53	-9999.9	48	-9999.9	3	24.6	3
2025 09 15 23	0.38	0.37	3.5	3.5	4.5	0.63	-9999.9	3	66	-9999.9	52	-9999.9	3	24.2	3
2025 09 16 00	0.35	0.34	3.6	3.6	4.4	0.56	-9999.9	3	62	-9999.9	53	-9999.9	3	24.4	3
2025 09 16 01	0.35	0.34	3.6	3.7	4.6	0.66	-9999.9	3	60	-9999.9	56	-9999.9	3	24.6	3
2025 09 16 02	0.37	0.35	3.7	3.8	4.4	0.54	-9999.9	3	56	-9999.9	53	-9999.9	3	24.3	3
2025 09 16 03	0.37	0.36	3.7	3.8	4.4	0.67	-9999.9	3	53	-9999.9	49	-9999.9	3	24.4	3
2025 09 16 04	0.32	0.31	3.7	3.7	4.6	0.53	-9999.9	3	49	-9999.9	53	-9999.9	3	24.3	3
2025 09 16 05	0.34	0.33	3.7	3.7	4.7	0.53	-9999.9	3	47	-9999.9	49	-9999.9	3	24.1	3
2025 09 16 06	0.33	0.32	3.6	3.6	4.6	0.6	-9999.9	3	44	-9999.9	52	-9999.9	3	23.9	3
2025 09 16 07	0.38	0.37	3.5	3.4	4.7	0.69	-9999.9	3	39	-9999.9	46	-9999.9	3	23.8	3
2025 09 16 08	0.38	0.36	3.3	3.5	4.6	0.64	-9999.9	3	41	-9999.9	46	-9999.9	3	23.3	3
2025 09 16 09	0.35	0.33	3.3	3.3	4.6	0.6	-9999.9	3	38	-9999.9	48	-9999.9	3	22.9	3
2025 09 16 10	0.35	0.34	2.9	3.3	4.5	0.7	-9999.9	3	36	-9999.9	48	-9999.9	3	24.0	3
2025 09 16 11	0.36	0.35	2.8	3.1	4.7	0.78	-9999.9	3	46	-9999.9	51	-9999.9	3	24.2	3
2025 09 16 12	0.34	0.33	2.9	3.0	4.3	0.54	-9999.9	3	45	-9999.9	54	-9999.9	3	24.3	3
2025 09 16 13	0.35	0.34	2.7	2.9	4.1	0.6	-9999.9	3	44	-9999.9	57	-9999.9	3	24.6	3
2025 09 16 14	0.38	0.36	3.0	3.0	4.4	0.55	-9999.9	3	46	-9999.9	52	-9999.9	3	24.6	3
2025 09 16 15	0.43	0.42	3.0	3.0	4.2	0.64	-9999.9	3	45	-9999.9	44	-9999.9	3	24.5	3
2025 09 16 16	0.44	0.42	3.0	3.1	3.9	0.72	-9999.9	3	38	-9999.9	48	-9999.9	3	24.7	3
2025 09 16 17	0.47	0.46	3.2	3.2	4.0	0.95	-9999.9	3	32	-9999.9	47	-9999.9	3	24.8	3
2025 09 16 18	0.51	0.48	3.3	3.4	4.0	0.97	-9999.9	3	40	-9999.9	45	-9999.9	3	24.6	3
2025 09 16 19	0.49	0.47	3.3	3.3	3.9	0.85	-9999.9	3	40	-9999.9	45	-9999.9	3	24.5	3
2025 09 16 20	0.4	0.39	3.2	3.3	4.3	0.69	-9999.9	3	55	-9999.9	49	-9999.9	3	24.2	3
2025 09 16 21	0.4	0.38	3.3	3.3	4.1	0.64	-9999.9	3	58	-9999.9	51	-9999.9	3	24.1	3
2025 09 16 22	0.39	0.37	3.1	3.2	4.3	0.56	-9999.9	3	52	-9999.9	51	-9999.9	3	24.3	3
2025 09 16 23	0.37	0.36	3.3	3.3	4.6	0.63	-9999.9	3	45	-9999.9	49	-9999.9	3	24.2	3
2025 09 17 00	0.4	0.38	3.5	3.7	5.2	0.6	-9999.9	3	55	-9999.9	41	-9999.9	3	24.2	3
2025 09 17 01	0.37	0.36	3.7	3.7	5.3	0.64	-9999.9	3	61	-9999.9	44	-9999.9	3	24.0	3
2025 09 17 02	0.36	0.34	3.6	3.7	5.1	0.65	-9999.9	3	64	-9999.9	48	-9999.9	3	23.8	3
2025 09 17 03	0.34	0.33	3.5	3.6	4.2	0.54	-9999.9	3	57	-9999.9	51	-9999.9	3	23.8	3
2025 09 17 04	0.37	0.36	3.8	3.8	5.0	0.55	-9999.9	3	59	-9999.9	47	-9999.9	3	23.8	3
2025 09 17 05	0.35	0.34	3.7	3.6	4.5	0.52	-9999.9	3	60	-9999.9	53	-9999.9	3	23.9	3
2025 09 17 06	0.39	0.38	3.5	3.6	4.4	0.62	-9999.9	3	51	-9999.9	52	-9999.9	3	23.9	3
2025 09 17 07	0.46	0.45	3.4	3.5	4.4	0.82	-9999.9	3	54	-9999.9	48	-9999.9	3	23.8	3
2025 09 17 08	0.45	0.43	3.2	3.3	4.2	0.94	-9999.9	3	48	-9999.9	48	-9999.9	3	23.8	3
2025 09 17 09	0.54	0.53	3.3	3.4	4.2	0.87	-9999.9	3	43	-9999.9	46	-9999.9	3	23.7	3
2025 09 17 10	0.53	0.51	3.2	3.3	4.4	0.84	-9999.9	3	45	-9999.9	50	-9999.9	3	23.8	3
2025 09 17 11	0.51	0.49	3.3	3.3	4.4	0.8	-9999.9	3	49	-9999.9	49	-9999.9	3	23.9	3
2025 09 17 12	0.46	0.44	3.1	3.2	5.1	0.89	-9999.9	3	51	-9999.9	50	-9999.9	3	24.1	3
2025 09 17 13	0.47	0.46	3.3	3.3	4.7	0.84	-9999.9	3	45	-9999.9	46	-9999.9	3	24.3	3
2025 09 17 14	0.45	0.43	3.3	3.4	4.9	0.74	-9999.9	3	49	-9999.9	46	-9999.9	3	24.5	3
2025 09 17 15	0.43	0.41	3.2	3.3	5.1	0.73	-9999.9	3	43	-9999.9	43	-9999.9	3	24.6	3
2025 09 17 16	0.43	0.42	3.3	3.3	4.9	0.68	-9999.9	3	40	-9999.9	47	-9999.9	3	24.7	3
2025 09 17 17	0.46	0.45	3.5	3.5	5.0	0.74	-9999.9	3	44	-9999.9	44	-9999.9	3	24.7	3
2025 09 17 18	0.5	0.48	3.6	3.6	5.4	0.83	-9999.9	3	52	-9999.9	41	-9999.9	3	24.5	3
2025 09 17 19	0.49	0.47	3.6	3.6	5.0	0.84	-9999.9	3	43	-9999.9	46	-9999.9	3	24.2	3
2025 09 17 20	0.46	0.45	3.7	3.7	5.2	0.7	-9999.9	3	58	-9999.9	46	-9999.9	3	24.3	3
2025 09 17 21	0.42	0.4	3.6	3.6	4.9	0.66	-9999.9	3	64	-9999.9	49	-9999.9	3	24.2	3
2025 09 17 22	0.43	0.42	3.6	3.7	5.2	0.69	-9999.9	3	61	-9999.9	47	-9999.9	3	24.3	3
2025 09 17 23	0.4	0.38	3.5	3.5	4.9	0.68	-9999.9	3	58	-9999.9	46	-9999.9	3	23.6	3
2025 09 18 00	0.39	0.38	3.6	3.7	5.1	0.6	-9999.9	3	61	-9999.9	47	-9999.9	3	23.4	3
2025 09 18 01	0.41	0.4	3.6	3.6	5.3	0.61	-9999.9	3	52	-9999.9	46	-9999.9	3	23.3	3
2025 09 18 02	0.47	0.45	3.7	3.7	5.2	0.76	-9999.9	3	52	-9999.9	44	-9999.9	3	23.3	3
2025 09 18 03	0.51	0.49	3.7	3.6	4.9	0.87	-9999.9	3	53	-9999.9	41	-9999.9	3	23.1	3
2025 09 18 04	0.5	0.49	3.6	3.7	5.0	0.96	-9999.9	3	54	-9999.9	44	-9999.9	3	23.3	3
2025 09 18 05	0.42	0.41	3.7	3.8	4.9	0.64	-9999.9	3	57	-9999.9	49	-9999.9	3	23.5	3
2025 09 18 06	0.46	0.45	3.9	3.8	4.7	0.74	-9999.9	3	45	-9999.9	47	-9999.9	3	23.4	3
2025 09 18 07	0.5	0.48	3.9	3.9	4.9	0.78	-9999.9	3	49	-9999.9	48	-9999.9	3	23.5	3
2025 09 18 08	0.49	0.47	3.9	3.9	4.9	0.79	-9999.9	3	49	-9999.9	47	-9999.9	3	23.6	3
2025 09 18 09	0.48	0.47	3.8	3.8	5.4	0.74	-9999.9	3	56	-9999.9	48	-9999.9	3	23.6	3
2025 09 18 10	0.45	0.43	3.6	3.7	5.3	0.78	-9999.9	3	56	-9999.9	52	-9999.9	3	23.7	3
2025 09 18 11	0.44	0.43	3.6	3.6	5.2	0.67	-9999.9	3	72	-9999.9	53	-9999.9	3	24.4	3
2025 09 18 12	0.46	0.45	3.7	3.8	4.7	0.8	-9999.9	3	63	-9999.9	47	-9999.9	3	24.6	3
2025 09 18 13	0.46	0.45	3.8	3.8	5.3	0.69	-9999.9	3	64	-9999.9	45	-9999.9	3	24.9	3
2025 09 18 14	0.47	0.46	3.9	3.9	5.3	0.75	-9999.9	3	58	-9999.9	47	-9999.9	3	24.8	3
2025 09 18 15	0.45	0.44	3.5	3.8	5.5	0.72	-9999.9	3	55	-9999.9	47	-9999.9	3	24.3	3
2025 09 18 16	0.48	0.46	3.6	3.7	5.4	0.8	-9999.9	3	64	-9999.9	45	-9999.9	3	23.9	3
2025 09 18 17	0.54	0.52	3.9	3.9	5.6	1.1	-9999.9	3	63	-9999.9	47	-9999.9	3	24.5	3
2025 09 18 18	0.61	0.59	4.0	4.0	5.5	1.19	-9999.9	3	58	-9999.9	42	-9999.9	3	24.3	3
2025 09 18 19	0.65	0.62	3.9	4.0	5.5	1.12	-9999.9	3	60	-9999.9	48	-9999.9	3	24.5	3
2025 09 18 20	0.68	0.66	4.2	4.1	5.4	1.09	-9999.9	3	58	-9999.9	41	-9999.9	3	24.4	3
2025 09 18 21	0.63	0.62	4.0	4.0	5.3	1.06	-9999.9	3	61	-9999.9	44	-9999.9	3	24.5	3
2025 09 18 22	0.57	0.56	3.8	3.9	5.4	0.94	-9999.9	3	61	-9999.9	44	-9999.9	3	24.3	3
2025 09 18 23	0.48	0.46	3.6	3.6	5.4	0.81	-9999.9	3	60	-9999.9	48	-9999.9	3	24.3	3
2025 09 19 00	0.49	0.47	3.5	3.5	4.7	0.92	-9999.9	3	58	-9999.9	48	-9999.9	3	24.2	3
2025 09 19 01	0.53	0.51	3.6	3.7	5.1	0.97	-9999.9	3	52	-9999.9	45	-9999.9	3	24.1	3
2025 09 19 02	0.59	0.57	3.7	3.8	5.1	1.0	-9999.9	3	55	-9999.9	46	-9999.9	3	24.2	3
2025 09 19 03	0.6	0.58	3.7	3.8	5.2	1.15	-9999.9	3	57	-9999.9	46	-9999.9	3	24.1	3
2025 09 19 04	0.6	0.57	3.6	3.8	5.2	1.14	-9999.9	3	51	-9999.9	46	-9999.9	3	24.0	3
2025 09 19 05	0.66	0.63	3.6	3.8	5.0	1.16	-9999.9	3	53	-9999.9	45	-9999.9	3	24.1	3
2025 09 19 06	0.75	0.73	3.9	3.9	4.9	1.08	-9999.9	3	48	-9999.9	40	-9999.9	3	23.9	3
2025 09 19 07	0.74	0.71	4.0	4.0	5.1	1.25	-9999.9	3	40	-9999.9	46	-9999.9	3	24.2	3
2025 09 19 08	0.74	0.71	4.0	4.1	5.2	1.14	-9999.9	3	35	-9999.9	43	-9999.9	3	24.0	3
2025 09 19 09	0.77	0.75	4.1	4.0	5.2	1.26	-9999.9	3	39	-9999.9	43	-9999.9	3	24.0	3
2025 09 19 10	0.76	0.75	3.9	4.1	5.3	1.23	-9999.9	3	43	-9999.9	45	-9999.9	3	24.2	3
2025 09 19 11	0.82	0.79	4.0	4.2	5.4	1.39	-9999.9	3	43	-9999.9	41	-9999.9	3	24.3	3
2025 09 19 12	0.81	0.78	4.0	4.1	5.1	1.26	-9999.9	3	46	-9999.9	45	-9999.9	3	24.4	3
2025 09 19 13	0.76	0.74	3.9	3.9	5.5	1.38	-9999.9	3	57	-9999.9	48	-9999.9	3	24.4	3
2025 09 19 14	0.78	0.75	3.9	4.0	5.3	1.2	-9999.9	3	58	-9999.9	49	-9999.9	3	24.6	3
2025 09 19 16	0.79	0.77	4.0	4.1	5.3	1.1	-9999.9	3	65	-9999.9	43	-9999.9	3	24.4	3
2025 09 19 17	0.82	0.78	3.9	3.9	5.5	1.41	-9999.9	3	66	-9999.9	45	-9999.9	3	24.5	3
2025 09 19 18	0.85	0.83	4.0	4.0	5.2	1.38	-9999.9	3	66	-9999.9	40	-9999.9	3	24.5	3
2025 09 19 19	0.85	0.82	4.2	4.1	5.7	1.32	-9999.9	3	62	-9999.9	43	-9999.9	3	24.4	3
2025 09 19 20	0.85	0.84	4.1	4.1	5.7	1.42	-9999.9	3	65	-9999.9	42	-9999.9	3	24.3	3
2025 09 19 21	0.92	0.89	4.2	4.3	5.4	1.53	-9999.9	3	62	-9999.9	42	-9999.9	3	24.3	3
2025 09 19 22	1.12	1.1	4.6	4.6	5.6	1.68	-9999.9	3	62	-9999.9	38	-9999.9	3	24.1	3
2025 09 19 23	1.09	1.07	4.5	4.6	5.8	1.61	-9999.9	3	69	-9999.9	40	-9999.9	3	24.0	3
2025 09 20 00	1.14	1.1	4.5	4.6	6.1	1.76	-9999.9	3	67	-9999.9	37	-9999.9	3	24.1	3
2025 09 20 01	1.08	1.05	4.5	4.5	6.0	1.6	-9999.9	3	70	-9999.9	41	-9999.9	3	24.2	3
2025 09 20 02	0.98	0.95	4.4	4.2	5.7	1.46	-9999.9	3	68	-9999.9	44	-9999.9	3	24.1	3
2025 09 20 03	0.95	0.93	4.1	4.1	5.6	1.67	-9999.9	3	63	-9999.9	40	-9999.9	3	24.0	3
2025 09 20 04	0.9	0.86	3.8	4.0	5.7	1.41	-9999.9	3	65	-9999.9	39	-9999.9	3	23.9	3
2025 09 20 05	0.82	0.8	3.8	3.8	5.4	1.52	-9999.9	3	61	-9999.9	43	-9999.9	3	23.8	3
2025 09 20 06	0.78	0.76	3.8	3.9	5.7	1.39	-9999.9	3	63	-9999.9	41	-9999.9	3	23.7	3
2025 09 20 07	0.77	0.76	4.0	4.0	5.5	1.32	-9999.9	3	59	-9999.9	43	-9999.9	3	23.3	3
2025 09 20 08	0.71	0.69	3.9	4.0	5.3	1.27	-9999.9	3	57	-9999.9	45	-9999.9	3	23.6	3
2025 09 20 09	0.71	0.69	4.0	4.1	5.5	1.04	-9999.9	3	53	-9999.9	45	-9999.9	3	23.6	3
2025 09 20 10	0.67	0.65	4.0	4.2	5.5	0.99	-9999.9	3	47	-9999.9	48	-9999.9	3	24.1	3
2025 09 20 11	0.63	0.61	4.0	4.1	5.4	1.0	-9999.9	3	47	-9999.9	47	-9999.9	3	24.4	3
2025 09 20 12	0.67	0.65	4.2	4.1	5.3	0.98	-9999.9	3	32	-9999.9	47	-9999.9	3	24.8	3
2025 09 20 13	0.71	0.7	4.2	4.2	5.1	1.28	-9999.9	3	26	-9999.9	45	-9999.9	3	25.3	3
2025 09 20 14	0.7	0.68	4.1	4.0	5.2	0.98	-9999.9	3	37	-9999.9	47	-9999.9	3	25.0	3
2025 09 20 15	0.67	0.66	4.2	4.1	5.1	1.02	-9999.9	3	46	-9999.9	43	-9999.9	3	24.8	3
2025 09 20 16	0.63	0.62	3.9	4.0	5.0	1.05	-9999.9	3	53	-9999.9	45	-9999.9	3	24.5	3
2025 09 20 17	0.6	0.58	3.8	3.8	4.9	1.22	-9999.9	3	59	-9999.9	48	-9999.9	3	24.5	3
2025 09 20 18	0.55	0.53	3.7	3.8	5.0	0.99	-9999.9	3	60	-9999.9	46	-9999.9	3	24.2	3
2025 09 20 19	0.56	0.54	3.8	3.8	5.0	0.92	-9999.9	3	58	-9999.9	42	-9999.9	3	23.9	3
2025 09 20 20	0.52	0.5	3.7	3.7	5.1	0.82	-9999.9	3	61	-9999.9	47	-9999.9	3	23.7	3
2025 09 20 21	0.53	0.52	3.7	3.8	5.0	0.85	-9999.9	3	76	-9999.9	48	-9999.9	3	23.9	3
2025 09 20 22	0.52	0.51	3.6	3.7	4.9	0.87	-9999.9	3	72	-9999.9	47	-9999.9	3	23.5	3
2025 09 20 23	0.45	0.44	3.5	3.5	5.2	0.81	-9999.9	3	77	-9999.9	48	-9999.9	3	23.4	3
2025 09 21 00	0.48	0.46	3.7	3.7	4.9	0.76	-9999.9	3	67	-9999.9	44	-9999.9	3	23.1	3
2025 09 21 01	0.45	0.44	3.7	3.7	4.9	0.85	-9999.9	3	61	-9999.9	44	-9999.9	3	22.9	3
2025 09 21 02	0.38	0.37	3.6	3.6	4.8	0.61	-9999.9	3	61	-9999.9	50	-9999.9	3	23.3	3
2025 09 21 03	0.38	0.37	3.7	3.7	4.8	0.59	-9999.9	3	58	-9999.9	49	-9999.9	3	23.7	3
2025 09 21 04	0.35	0.34	3.6	3.6	5.0	0.58	-9999.9	3	54	-9999.9	47	-9999.9	3	23.9	3
2025 09 21 05	0.34	0.33	3.6	3.7	5.0	0.54	-9999.9	3	55	-9999.9	46	-9999.9	3	23.5	3
2025 09 21 06	0.36	0.34	3.4	3.6	5.0	0.62	-9999.9	3	55	-9999.9	45	-9999.9	3	23.4	3
2025 09 21 07	0.38	0.37	3.9	3.8	4.8	0.55	-9999.9	3	58	-9999.9	42	-9999.9	3	23.3	3
2025 09 21 08	0.45	0.44	4.4	4.4	5.5	0.69	-9999.9	3	62	-9999.9	40	-9999.9	3	23.3	3
2025 09 21 09	0.41	0.4	4.3	4.3	5.9	0.72	-9999.9	3	65	-9999.9	44	-9999.9	3	23.3	3
2025 09 21 10	0.45	0.43	4.1	4.4	5.4	0.67	-9999.9	3	64	-9999.9	40	-9999.9	3	23.2	3
2025 09 21 11	0.43	0.42	4.4	4.5	6.2	0.68	-9999.9	3	63	-9999.9	41	-9999.9	3	22.9	3
2025 09 21 12	0.42	0.41	4.3	4.5	6.3	0.8	-9999.9	3	63	-9999.9	46	-9999.9	3	22.9	3
2025 09 21 13	0.46	0.46	4.1	4.7	6.2	0.75	-9999.9	3	71	-9999.9	45	-9999.9	3	22.7	3
2025 09 21 14	0.42	0.41	4.6	4.8	6.9	0.86	-9999.9	3	66	-9999.9	44	-9999.9	3	22.3	3
2025 09 21 15	0.41	0.39	4.2	4.7	6.5	0.8	-9999.9	3	63	-9999.9	46	-9999.9	3	22.4	3
2025 09 21 16	0.47	0.46	4.8	5.0	6.8	0.75	-9999.9	3	65	-9999.9	45	-9999.9	3	23.0	3
2025 09 21 17	0.42	0.4	4.6	4.7	6.9	0.7	-9999.9	3	59	-9999.9	43	-9999.9	3	23.4	3
2025 09 21 18	0.38	0.37	4.6	4.8	6.9	0.68	-9999.9	3	56	-9999.9	43	-9999.9	3	23.4	3
2025 09 21 19	0.38	0.36	4.7	4.7	6.6	0.62	-9999.9	3	58	-9999.9	44	-9999.9	3	23.1	3
2025 09 21 20	0.44	0.43	5.7	5.6	7.2	0.69	-9999.9	3	64	-9999.9	36	-9999.9	3	22.6	3
2025 09 21 21	0.38	0.38	4.9	5.1	6.9	0.7	-9999.9	3	68	-9999.9	42	-9999.9	3	22.8	3
2025 09 21 22	0.38	0.38	4.2	5.1	7.0	0.61	-9999.9	3	69	-9999.9	47	-9999.9	3	22.7	3
2025 09 21 23	0.35	0.32	3.4	4.3	7.3	0.58	-9999.9	3	65	-9999.9	46	-9999.9	3	22.4	3
2025 09 22 00	0.35	0.32	2.9	3.4	7.0	0.61	-9999.9	3	50	-9999.9	41	-9999.9	3	22.2	3
2025 09 22 01	0.25	0.23	2.8	3.2	6.8	0.38	-9999.9	3	49	-9999.9	41	-9999.9	3	22.0	3
2025 09 22 02	0.19	0.18	2.8	3.4	6.6	0.32	-9999.9	3	46	-9999.9	51	-9999.9	3	21.9	3
2025 09 22 03	0.21	0.2	2.4	3.1	6.8	0.36	-9999.9	3	26	-9999.9	47	-9999.9	3	21.7	3
2025 09 22 04	0.21	0.2	2.5	3.0	6.2	0.35	-9999.9	3	31	-9999.9	46	-9999.9	3	21.7	3
2025 09 22 05	0.24	0.23	2.9	3.1	6.4	0.43	-9999.9	3	20	-9999.9	42	-9999.9	3	21.8	3
2025 09 22 06	0.24	0.23	3.2	3.2	5.5	0.37	-9999.9	3	25	-9999.9	42	-9999.9	3	21.6	3
2025 09 22 07	0.25	0.25	3.4	3.3	4.4	0.45	-9999.9	3	22	-9999.9	46	-9999.9	3	21.6	3
2025 09 22 08	0.25	0.24	3.0	3.5	4.2	0.39	-9999.9	3	28	-9999.9	53	-9999.9	3	21.6	3
2025 09 22 09	0.24	0.23	2.9	3.3	4.2	0.37	-9999.9	3	22	-9999.9	52	-9999.9	3	23.2	3
2025 09 22 10	0.22	0.22	2.8	3.2	4.1	0.39	-9999.9	3	22	-9999.9	49	-9999.9	3	23.4	3
2025 09 22 11	0.22	0.21	2.4	3.1	4.1	0.39	-9999.9	3	28	-9999.9	49	-9999.9	3	23.4	3
2025 09 22 12	0.19	0.2	2.5	2.8	4.3	0.31	-9999.9	3	19	-9999.9	47	-9999.9	3	23.3	3
2025 09 22 13	0.22	0.21	2.1	2.4	3.4	0.36	-9999.9	3	9	-9999.9	41	-9999.9	3	23.4	3
2025 09 22 14	0.26	0.26	2.2	2.3	2.1	0.41	-9999.9	3	7	-9999.9	38	-9999.9	3	23.4	3
2025 09 22 15	0.28	0.27	2.2	2.3	3.1	0.42	-9999.9	3	7	-9999.9	38	-9999.9	3	23.3	3
2025 09 22 16	0.26	0.25	2.4	2.6	4.4	0.38	-9999.9	3	17	-9999.9	42	-9999.9	3	23.1	3
2025 09 22 17	0.23	0.23	2.9	3.1	6.2	0.35	-9999.9	3	25	-9999.9	42	-9999.9	3	23.0	3
2025 09 22 18	0.22	0.21	3.1	3.4	6.3	0.36	-9999.9	3	33	-9999.9	45	-9999.9	3	22.8	3
2025 09 22 19	0.25	0.23	3.4	3.4	5.6	0.37	-9999.9	3	33	-9999.9	44	-9999.9	3	22.6	3
2025 09 22 20	0.25	0.24	3.4	3.4	5.2	0.38	-9999.9	3	25	-9999.9	43	-9999.9	3	22.3	3
2025 09 22 21	0.28	0.26	3.3	3.4	5.2	0.44	-9999.9	3	17	-9999.9	44	-9999.9	3	22.1	3
2025 09 22 22	0.27	0.25	3.4	3.4	5.4	0.42	-9999.9	3	23	-9999.9	45	-9999.9	3	22.0	3
2025 09 22 23	0.27	0.26	3.7	3.7	5.7	0.43	-9999.9	3	47	-9999.9	45	-9999.9	3	21.7	3
2025 09 23 00	0.28	0.26	4.2	4.1	5.3	0.41	-9999.9	3	40	-9999.9	54	-9999.9	3	21.7	3
2025 09 23 01	0.33	0.32	4.2	4.3	5.0	0.71	-9999.9	3	47	-9999.9	50	-9999.9	3	22.2	3
2025 09 23 02	0.38	0.36	4.2	4.3	4.8	0.86	-9999.9	3	64	-9999.9	49	-9999.9	3	22.2	3
2025 09 23 03	0.34	0.32	4.6	4.6	6.2	0.55	-9999.9	3	63	-9999.9	49	-9999.9	3	22.1	3
2025 09 23 04	0.37	0.36	4.7	4.8	7.1	0.58	-9999.9	3	74	-9999.9	56	-9999.9	3	22.2	3
2025 09 23 05	0.34	0.33	4.5	4.7	7.5	0.52	-9999.9	3	65	-9999.9	60	-9999.9	3	22.6	3
2025 09 23 06	0.39	0.38	4.9	5.0	7.1	0.59	-9999.9	3	61	-9999.9	53	-9999.9	3	22.7	3
2025 09 23 07	0.42	0.41	4.7	5.0	6.9	0.8	-9999.9	3	62	-9999.9	46	-9999.9	3	22.7	3
2025 09 23 08	0.39	0.38	4.9	4.9	6.4	0.61	-9999.9	3	60	-9999.9	48	-9999.9	3	22.7	3
2025 09 23 09	0.43	0.42	4.7	4.7	6.1	0.77	-9999.9	3	62	-9999.9	45	-9999.9	3	22.8	3
2025 09 23 10	0.49	0.48	4.8	4.9	7.3	0.82	-9999.9	3	56	-9999.9	45	-9999.9	3	23.1	3
2025 09 23 11	0.55	0.53	4.5	4.9	7.0	1.23	-9999.9	3	49	-9999.9	49	-9999.9	3	23.0	3
2025 09 23 12	0.69	0.68	4.7	5.1	7.5	1.13	-9999.9	3	52	-9999.9	48	-9999.9	3	23.0	3
2025 09 23 13	0.69	0.67	4.9	5.0	7.6	1.15	-9999.9	3	48	-9999.9	51	-9999.9	3	23.1	3
2025 09 23 14	0.65	0.62	4.3	4.6	7.1	1.1	-9999.9	3	45	-9999.9	45	-9999.9	3	23.2	3
2025 09 23 15	0.66	0.65	4.5	4.8	7.2	1.09	-9999.9	3	47	-9999.9	50	-9999.9	3	23.5	3
2025 09 23 16	0.7	0.7	5.0	5.1	7.1	1.24	-9999.9	3	48	-9999.9	42	-9999.9	3	23.4	3
2025 09 23 17	0.63	0.62	4.5	4.7	7.4	0.99	-9999.9	3	49	-9999.9	42	-9999.9	3	23.3	3
2025 09 23 18	0.6	0.58	4.7	4.8	6.8	1.01	-9999.9	3	53	-9999.9	43	-9999.9	3	23.3	3
2025 09 23 19	0.62	0.61	4.6	4.7	6.8	0.99	-9999.9	3	54	-9999.9	47	-9999.9	3	23.2	3
2025 09 23 20	0.59	0.58	4.9	4.9	6.6	0.97	-9999.9	3	52	-9999.9	44	-9999.9	3	23.1	3
2025 09 23 21	0.57	0.57	4.7	4.6	5.9	0.93	-9999.9	3	58	-9999.9	41	-9999.9	3	23.1	3
2025 09 23 22	0.53	0.52	4.4	4.3	5.2	0.87	-9999.9	3	64	-9999.9	42	-9999.9	3	22.8	3
2025 09 23 23	0.45	0.44	4.0	4.2	5.6	0.86	-9999.9	3	70	-9999.9	49	-9999.9	3	23.0	3
2025 09 24 00	0.43	0.42	4.2	4.3	5.8	0.77	-9999.9	3	71	-9999.9	45	-9999.9	3	23.0	3
2025 09 24 01	0.43	0.41	4.3	4.2	5.3	0.75	-9999.9	3	68	-9999.9	48	-9999.9	3	22.9	3
2025 09 24 02	0.46	0.45	4.3	4.2	5.3	0.69	-9999.9	3	74	-9999.9	50	-9999.9	3	22.9	3
2025 09 24 03	0.42	0.39	4.0	4.2	5.4	0.92	-9999.9	3	74	-9999.9	51	-9999.9	3	22.9	3
2025 09 24 04	0.52	0.51	4.2	4.3	5.3	0.85	-9999.9	3	68	-9999.9	51	-9999.9	3	22.9	3
2025 09 24 05	0.53	0.51	4.2	4.2	5.4	0.82	-9999.9	3	70	-9999.9	46	-9999.9	3	22.9	3
2025 09 24 06	0.57	0.54	4.1	4.2	5.4	0.91	-9999.9	3	71	-9999.9	44	-9999.9	3	22.9	3
2025 09 24 07	0.65	0.62	4.2	4.3	5.7	1.16	-9999.9	3	67	-9999.9	42	-9999.9	3	22.9	3
2025 09 24 08	0.65	0.62	4.1	4.2	5.5	1.08	-9999.9	3	65	-9999.9	45	-9999.9	3	22.9	3
2025 09 24 09	0.67	0.65	4.1	4.2	5.6	1.04	-9999.9	3	57	-9999.9	43	-9999.9	3	22.9	3
2025 09 24 10	0.69	0.67	4.3	4.2	5.3	1.12	-9999.9	3	49	-9999.9	45	-9999.9	3	23.2	3
2025 09 24 11	0.7	0.68	4.3	4.2	5.3	1.04	-9999.9	3	54	-9999.9	46	-9999.9	3	23.5	3
2025 09 24 12	0.75	0.73	4.3	4.4	5.6	1.18	-9999.9	3	51	-9999.9	46	-9999.9	3	23.9	3
2025 09 24 13	0.79	0.79	4.1	4.2	5.8	1.29	-9999.9	3	48	-9999.9	49	-9999.9	3	23.5	3
2025 09 24 14	0.85	0.83	4.0	3.8	5.7	1.42	-9999.9	3	50	-9999.9	47	-9999.9	3	23.3	3
2025 09 24 15	1.06	1.03	3.9	3.9	5.6	1.78	-9999.9	3	50	-9999.9	47	-9999.9	3	23.3	3
2025 09 24 16	1.26	1.22	4.2	4.2	5.9	2.02	-9999.9	3	54	-9999.9	46	-9999.9	3	23.4	3
2025 09 24 17	1.41	1.37	4.2	4.3	5.7	2.5	-9999.9	3	57	-9999.9	44	-9999.9	3	23.4	3
2025 09 24 18	1.61	1.58	4.6	4.6	6.0	2.72	-9999.9	3	55	-9999.9	46	-9999.9	3	23.3	3
2025 09 24 19	1.64	1.6	4.9	4.8	6.5	2.6	-9999.9	3	56	-9999.9	42	-9999.9	3	23.2	3
2025 09 24 20	1.76	1.7	4.8	5.0	6.6	2.84	-9999.9	3	57	-9999.9	39	-9999.9	3	23.2	3
2025 09 24 21	1.78	1.73	5.0	5.0	6.7	2.59	-9999.9	3	64	-9999.9	41	-9999.9	3	23.2	3
2025 09 24 22	1.76	1.71	4.9	5.0	6.7	2.39	-9999.9	3	67	-9999.9	43	-9999.9	3	23.1	3
2025 09 24 23	1.74	1.68	5.0	5.0	6.6	2.72	-9999.9	3	67	-9999.9	42	-9999.9	3	23.1	3
2025 09 25 00	1.86	1.81	5.2	5.1	6.7	2.92	-9999.9	3	66	-9999.9	39	-9999.9	3	23.1	3
2025 09 25 01	1.58	1.54	5.1	5.0	6.8	2.87	-9999.9	3	71	-9999.9	45	-9999.9	3	23.2	3
2025 09 25 02	1.6	1.55	5.0	5.0	6.9	2.76	-9999.9	3	78	-9999.9	45	-9999.9	3	23.1	3
2025 09 25 03	1.5	1.46	5.2	5.1	6.8	2.35	-9999.9	3	75	-9999.9	46	-9999.9	3	22.9	3
2025 09 25 04	1.62	1.56	5.2	5.3	7.0	2.5	-9999.9	3	70	-9999.9	43	-9999.9	3	23.1	3
2025 09 25 05	1.49	1.42	5.3	5.4	7.4	2.71	-9999.9	3	65	-9999.9	40	-9999.9	3	23.1	3
2025 09 25 06	1.57	1.52	5.4	5.3	7.0	2.52	-9999.9	3	67	-9999.9	42	-9999.9	3	23.1	3
2025 09 25 07	1.56	1.52	5.4	5.4	7.2	2.99	-9999.9	3	67	-9999.9	43	-9999.9	3	23.1	3
2025 09 25 08	1.56	1.54	5.2	5.3	6.9	2.55	-9999.9	3	60	-9999.9	41	-9999.9	3	23.1	3
2025 09 25 09	1.52	1.46	4.9	5.1	7.0	2.42	-9999.9	3	56	-9999.9	41	-9999.9	3	23.2	3
2025 09 25 10	1.52	1.46	5.0	5.1	7.1	2.26	-9999.9	3	56	-9999.9	44	-9999.9	3	23.3	3
2025 09 25 11	1.55	1.5	5.3	5.1	7.0	2.51	-9999.9	3	54	-9999.9	45	-9999.9	3	23.5	3
2025 09 25 12	1.58	1.53	5.1	5.2	7.2	2.51	-9999.9	3	50	-9999.9	42	-9999.9	3	23.6	3
2025 09 25 13	1.53	1.48	5.0	5.2	7.3	2.49	-9999.9	3	54	-9999.9	44	-9999.9	3	23.6	3
2025 09 25 14	1.6	1.54	5.3	5.2	7.0	2.46	-9999.9	3	53	-9999.9	43	-9999.9	3	23.7	3
2025 09 25 15	1.59	1.56	5.4	5.2	7.1	2.23	-9999.9	3	50	-9999.9	41	-9999.9	3	23.7	3
2025 09 25 16	1.63	1.58	5.3	5.3	7.6	2.46	-9999.9	3	51	-9999.9	42	-9999.9	3	23.6	3
2025 09 25 17	1.58	1.54	5.2	5.3	7.2	2.47	-9999.9	3	56	-9999.9	43	-9999.9	3	23.4	3
2025 09 25 18	1.62	1.6	5.3	5.3	7.3	2.76	-9999.9	3	62	-9999.9	41	-9999.9	3	23.2	3
2025 09 25 19	1.43	1.38	5.2	5.0	7.7	2.09	-9999.9	3	62	-9999.9	41	-9999.9	3	23.3	3
2025 09 25 20	1.39	1.36	5.3	5.1	7.5	1.93	-9999.9	3	58	-9999.9	43	-9999.9	3	23.3	3
2025 09 25 21	1.45	1.42	4.9	5.1	7.5	2.34	-9999.9	3	60	-9999.9	41	-9999.9	3	23.2	3
2025 09 25 22	1.37	1.34	5.2	5.2	7.4	2.18	-9999.9	3	63	-9999.9	38	-9999.9	3	23.1	3
2025 09 25 23	1.34	1.3	5.1	5.2	7.3	1.91	-9999.9	3	65	-9999.9	39	-9999.9	3	23.0	3
2025 09 26 00	1.25	1.21	5.0	5.0	6.9	1.73	-9999.9	3	67	-9999.9	42	-9999.9	3	23.0	3
2025 09 26 01	1.24	1.21	5.2	5.1	6.9	1.97	-9999.9	3	69	-9999.9	43	-9999.9	3	22.9	3
2025 09 26 02	1.2	1.17	5.0	5.0	7.1	2.06	-9999.9	3	68	-9999.9	46	-9999.9	3	23.0	3
2025 09 26 03	1.15	1.13	5.0	5.0	6.7	1.71	-9999.9	3	72	-9999.9	45	-9999.9	3	23.1	3
2025 09 26 04	1.12	1.08	4.9	5.0	6.9	1.82	-9999.9	3	69	-9999.9	45	-9999.9	3	23.0	3
2025 09 26 05	1.19	1.14	4.9	4.8	6.7	1.91	-9999.9	3	71	-9999.9	46	-9999.9	3	22.9	3
2025 09 26 06	1.11	1.08	4.7	4.8	6.8	1.92	-9999.9	3	67	-9999.9	46	-9999.9	3	22.8	3
2025 09 26 07	1.15	1.12	4.7	4.7	6.5	1.62	-9999.9	3	69	-9999.9	43	-9999.9	3	22.7	3
2025 09 26 08	1.05	1.03	4.6	4.7	6.7	1.73	-9999.9	3	62	-9999.9	41	-9999.9	3	22.6	3
2025 09 26 09	1.06	1.03	4.6	4.7	6.2	1.83	-9999.9	3	62	-9999.9	42	-9999.9	3	22.6	3
2025 09 26 10	0.97	0.94	4.7	4.6	6.2	1.6	-9999.9	3	62	-9999.9	41	-9999.9	3	22.9	3
2025 09 26 11	0.96	0.93	4.5	4.5	6.2	1.37	-9999.9	3	61	-9999.9	42	-9999.9	3	23.1	3
2025 09 26 12	0.84	0.81	4.5	4.4	6.1	1.46	-9999.9	3	53	-9999.9	41	-9999.9	3	23.4	3
2025 09 26 13	0.86	0.83	4.5	4.6	6.1	1.23	-9999.9	3	56	-9999.9	44	-9999.9	3	23.9	3
2025 09 26 14	0.85	0.84	4.6	4.4	5.8	1.43	-9999.9	3	56	-9999.9	45	-9999.9	3	23.5	3
2025 09 26 15	0.86	0.85	4.3	4.5	5.8	1.46	-9999.9	3	54	-9999.9	42	-9999.9	3	23.4	3
2025 09 26 16	0.72	0.69	4.3	4.3	5.8	1.18	-9999.9	3	58	-9999.9	44	-9999.9	3	23.7	3
2025 09 26 17	0.65	0.62	4.0	4.2	5.9	1.08	-9999.9	3	57	-9999.9	44	-9999.9	3	23.8	3
2025 09 26 18	0.65	0.63	4.2	4.2	5.4	1.02	-9999.9	3	53	-9999.9	45	-9999.9	3	23.7	3
2025 09 26 19	0.59	0.57	4.0	4.0	5.6	1.03	-9999.9	3	53	-9999.9	47	-9999.9	3	23.7	3
2025 09 26 20	0.61	0.59	4.1	4.1	5.6	1.13	-9999.9	3	53	-9999.9	42	-9999.9	3	23.7	3
2025 09 26 21	0.61	0.59	4.1	4.1	5.4	1.02	-9999.9	3	56	-9999.9	41	-9999.9	3	23.7	3
2025 09 26 22	0.55	0.53	4.0	4.0	5.2	0.88	-9999.9	3	58	-9999.9	46	-9999.9	3	23.6	3
2025 09 26 23	0.5	0.48	4.0	4.0	5.6	0.84	-9999.9	3	64	-9999.9	45	-9999.9	3	23.4	3
2025 09 27 00	0.5	0.48	4.0	4.1	5.3	0.81	-9999.9	3	70	-9999.9	44	-9999.9	3	23.1	3
2025 09 27 01	0.48	0.47	4.1	4.0	5.3	0.72	-9999.9	3	71	-9999.9	47	-9999.9	3	23.0	3
2025 09 27 02	0.49	0.47	4.0	4.0	5.1	0.94	-9999.9	3	72	-9999.9	47	-9999.9	3	23.1	3
2025 09 27 03	0.46	0.45	3.9	3.9	4.9	0.69	-9999.9	3	72	-9999.9	47	-9999.9	3	23.0	3
2025 09 27 04	0.44	0.42	3.8	4.0	4.6	0.64	-9999.9	3	73	-9999.9	48	-9999.9	3	23.0	3
2025 09 27 05	0.44	0.44	3.9	4.0	4.9	0.71	-9999.9	3	69	-9999.9	46	-9999.9	3	23.1	3
2025 09 27 06	0.41	0.4	3.7	3.7	4.8	0.66	-9999.9	3	65	-9999.9	49	-9999.9	3	23.0	3
2025 09 27 07	0.4	0.39	3.7	3.8	4.8	0.6	-9999.9	3	61	-9999.9	48	-9999.9	3	23.0	3
2025 09 27 08	0.41	0.39	3.7	3.8	4.7	0.71	-9999.9	3	67	-9999.9	47	-9999.9	3	23.1	3
2025 09 27 09	0.38	0.38	3.4	3.5	4.5	0.61	-9999.9	3	73	-9999.9	46	-9999.9	3	23.2	3
2025 09 27 10	0.37	0.35	3.2	3.4	4.7	0.54	-9999.9	3	74	-9999.9	46	-9999.9	3	23.5	3
2025 09 27 11	0.35	0.34	3.2	3.5	4.7	0.51	-9999.9	3	73	-9999.9	45	-9999.9	3	23.8	3
2025 09 27 12	0.37	0.35	2.7	2.9	4.4	0.57	-9999.9	3	72	-9999.9	47	-9999.9	3	23.9	3
2025 09 27 13	0.39	0.36	2.7	2.8	3.9	0.68	-9999.9	3	72	-9999.9	47	-9999.9	3	24.0	3
2025 09 27 14	0.42	0.4	2.8	2.9	3.5	0.63	-9999.9	3	67	-9999.9	48	-9999.9	3	24.1	3
2025 09 27 15	0.4	0.39	2.9	3.0	4.3	0.66	-9999.9	3	62	-9999.9	43	-9999.9	3	23.9	3
2025 09 27 16	0.38	0.36	2.7	2.9	3.8	0.62	-9999.9	3	63	-9999.9	44	-9999.9	3	24.2	3
2025 09 27 17	0.38	0.36	3.0	3.0	4.6	0.64	-9999.9	3	60	-9999.9	46	-9999.9	3	24.2	3
2025 09 27 18	0.36	0.35	3.1	3.1	3.8	0.64	-9999.9	3	52	-9999.9	49	-9999.9	3	24.1	3
2025 09 27 19	0.34	0.32	2.9	3.1	4.1	0.52	-9999.9	3	54	-9999.9	46	-9999.9	3	23.9	3
2025 09 27 20	0.3	0.28	2.9	3.2	4.0	0.48	-9999.9	3	55	-9999.9	48	-9999.9	3	23.7	3
2025 09 27 21	0.28	0.27	3.0	3.2	4.2	0.42	-9999.9	3	59	-9999.9	45	-9999.9	3	23.2	3
2025 09 27 22	0.3	0.28	3.5	3.6	5.7	0.43	-9999.9	3	62	-9999.9	45	-9999.9	3	22.8	3
2025 09 27 23	0.27	0.25	3.6	3.7	5.8	0.51	-9999.9	3	61	-9999.9	46	-9999.9	3	22.6	3
2025 09 28 00	0.25	0.24	3.9	4.0	5.6	0.47	-9999.9	3	58	-9999.9	47	-9999.9	3	22.4	3
2025 09 28 01	0.24	0.23	3.9	4.0	5.9	0.37	-9999.9	3	60	-9999.9	47	-9999.9	3	22.3	3
2025 09 28 02	0.23	0.22	3.8	4.0	5.9	0.39	-9999.9	3	54	-9999.9	50	-9999.9	3	22.6	3
2025 09 28 03	0.23	0.22	3.9	3.9	5.9	0.33	-9999.9	3	51	-9999.9	47	-9999.9	3	22.8	3
2025 09 28 04	0.21	0.2	3.8	3.9	6.0	0.33	-9999.9	3	60	-9999.9	45	-9999.9	3	22.8	3
2025 09 28 05	0.19	0.19	4.0	4.0	5.5	0.31	-9999.9	3	61	-9999.9	50	-9999.9	3	22.8	3
2025 09 28 06	0.18	0.17	3.6	3.5	5.5	0.29	-9999.9	3	67	-9999.9	45	-9999.9	3	22.7	3
2025 09 28 07	0.17	0.16	3.7	3.5	5.6	0.25	-9999.9	3	70	-9999.9	46	-9999.9	3	22.7	3
2025 09 28 08	0.14	0.13	3.8	3.7	5.4	0.21	-9999.9	3	60	-9999.9	47	-9999.9	3	22.6	3
2025 09 28 09	0.15	0.15	3.4	3.5	4.8	0.24	-9999.9	3	55	-9999.9	47	-9999.9	3	22.6	3
2025 09 28 10	0.16	0.15	3.5	3.6	5.1	0.25	-9999.9	3	62	-9999.9	46	-9999.9	3	22.6	3
2025 09 28 11	0.16	0.16	2.5	3.0	5.4	0.28	-9999.9	3	52	-9999.9	51	-9999.9	3	22.6	3
2025 09 28 12	0.18	0.18	2.1	2.4	4.1	0.35	-9999.9	3	25	-9999.9	47	-9999.9	3	22.6	3
2025 09 28 13	0.22	0.21	2.0	2.2	1.9	0.35	-9999.9	3	1	-9999.9	36	-9999.9	3	22.6	3
2025 09 28 14	0.23	0.22	2.2	2.3	2.3	0.34	-9999.9	3	359	-9999.9	39	-9999.9	3	22.8	3
2025 09 28 15	0.23	0.22	2.1	2.2	2.0	0.38	-9999.9	3	353	-9999.9	36	-9999.9	3	22.9	3
2025 09 28 16	0.23	0.22	2.0	2.2	1.9	0.37	-9999.9	3	5	-9999.9	41	-9999.9	3	23.1	3
2025 09 28 17	0.22	0.22	2.2	2.3	2.1	0.35	-9999.9	3	24	-9999.9	41	-9999.9	3	23.0	3
2025 09 28 18	0.19	0.18	2.3	2.4	2.7	0.31	-9999.9	3	21	-9999.9	49	-9999.9	3	22.6	3
2025 09 28 19	0.2	0.19	2.4	2.5	3.6	0.39	-9999.9	3	36	-9999.9	55	-9999.9	3	22.6	3
2025 09 28 20	0.17	0.16	2.5	2.7	5.1	0.28	-9999.9	3	48	-9999.9	60	-9999.9	3	22.4	3
2025 09 28 21	0.19	0.18	2.9	3.0	5.1	0.3	-9999.9	3	46	-9999.9	59	-9999.9	3	22.3	3
2025 09 28 22	0.17	0.16	3.1	3.3	4.8	0.28	-9999.9	3	44	-9999.9	57	-9999.9	3	22.1	3
2025 09 28 23	0.17	0.16	2.6	2.8	5.2	0.27	-9999.9	3	28	-9999.9	56	-9999.9	3	22.1	3
2025 09 29 00	0.2	0.19	3.2	3.4	5.0	0.32	-9999.9	3	18	-9999.9	52	-9999.9	3	22.2	3
2025 09 29 01	0.18	0.17	3.5	3.5	4.8	0.29	-9999.9	3	26	-9999.9	56	-9999.9	3	22.1	3
2025 09 29 02	0.2	0.19	3.5	3.6	5.0	0.28	-9999.9	3	50	-9999.9	60	-9999.9	3	22.2	3
2025 09 29 03	0.21	0.21	3.3	3.5	5.1	0.36	-9999.9	3	50	-9999.9	55	-9999.9	3	22.2	3
2025 09 29 04	0.21	0.2	3.4	3.5	5.3	0.32	-9999.9	3	56	-9999.9	57	-9999.9	3	22.2	3
2025 09 29 05	0.23	0.22	3.4	3.5	5.2	0.34	-9999.9	3	46	-9999.9	54	-9999.9	3	22.2	3
2025 09 29 06	0.22	0.21	3.2	3.2	5.5	0.34	-9999.9	3	54	-9999.9	52	-9999.9	3	22.3	3
2025 09 29 07	0.22	0.21	3.5	3.7	5.7	0.36	-9999.9	3	59	-9999.9	52	-9999.9	3	22.6	3
2025 09 29 08	0.26	0.25	2.8	3.0	5.8	0.48	-9999.9	3	68	-9999.9	49	-9999.9	3	22.6	3
2025 09 29 09	0.26	0.25	3.0	3.1	5.2	0.41	-9999.9	3	62	-9999.9	54	-9999.9	3	22.6	3
2025 09 29 10	0.28	0.26	3.5	3.6	6.0	0.41	-9999.9	3	57	-9999.9	48	-9999.9	3	22.8	3
2025 09 29 11	0.28	0.26	2.8	3.3	7.0	0.47	-9999.9	3	59	-9999.9	50	-9999.9	3	22.8	3
2025 09 29 12	0.31	0.29	2.5	2.8	5.1	0.48	-9999.9	3	57	-9999.9	49	-9999.9	3	22.8	3
2025 09 29 13	0.39	0.36	2.4	2.6	4.8	0.69	-9999.9	3	55	-9999.9	47	-9999.9	3	23.0	3
2025 09 29 14	0.45	0.43	2.5	2.5	2.5	0.73	-9999.9	3	44	-9999.9	50	-9999.9	3	23.0	3
2025 09 29 15	0.46	0.44	2.5	2.6	2.6	0.69	-9999.9	3	31	-9999.9	52	-9999.9	3	23.1	3
2025 09 29 16	0.45	0.43	2.4	2.5	2.6	0.74	-9999.9	3	33	-9999.9	53	-9999.9	3	22.9	3
2025 09 29 17	0.39	0.37	2.5	2.6	2.9	0.68	-9999.9	3	43	-9999.9	52	-9999.9	3	22.6	3
2025 09 29 18	0.34	0.33	2.6	2.7	3.3	0.6	-9999.9	3	49	-9999.9	50	-9999.9	3	22.6	3
2025 09 29 19	0.32	0.3	2.8	2.9	3.5	0.5	-9999.9	3	50	-9999.9	50	-9999.9	3	22.8	3
2025 09 29 20	0.27	0.26	2.8	2.8	3.2	0.38	-9999.9	3	60	-9999.9	51	-9999.9	3	22.8	3
2025 09 29 21	0.25	0.24	2.8	2.8	3.0	0.48	-9999.9	3	62	-9999.9	47	-9999.9	3	22.8	3
2025 09 29 22	0.22	0.22	2.6	2.8	2.9	0.38	-9999.9	3	70	-9999.9	48	-9999.9	3	22.8	3
2025 09 29 23	0.21	0.21	2.6	2.7	2.9	0.36	-9999.9	3	72	-9999.9	49	-9999.9	3	22.7	3
2025 09 30 00	0.19	0.18	2.6	2.8	2.9	0.39	-9999.9	3	72	-9999.9	52	-9999.9	3	22.7	3
2025 09 30 01	0.18	0.17	2.8	2.9	3.3	0.29	-9999.9	3	69	-9999.9	53	-9999.9	3	22.7	3
2025 09 30 02	0.16	0.15	2.9	3.0	3.4	0.25	-9999.9	3	57	-9999.9	51	-9999.9	3	22.7	3
2025 09 30 03	0.15	0.14	3.0	3.1	4.6	0.23	-9999.9	3	59	-9999.9	53	-9999.9	3	22.7	3
2025 09 30 04	0.14	0.14	3.1	3.1	4.5	0.28	-9999.9	3	50	-9999.9	53	-9999.9	3	22.7	3
2025 09 30 05	0.14	0.14	3.4	3.3	5.0	0.23	-9999.9	3	56	-9999.9	54	-9999.9	3	22.7	3
2025 09 30 06	0.14	0.13	3.2	3.2	4.5	0.22	-9999.9	3	42	-9999.9	51	-9999.9	3	22.7	3
2025 09 30 07	0.15	0.15	3.3	3.4	4.2	0.22	-9999.9	3	50	-9999.9	53	-9999.9	3	22.7	3
2025 09 30 08	0.14	0.13	3.4	3.4	4.6	0.24	-9999.9	3	43	-9999.9	55	-9999.9	3	22.8	3
2025 09 30 09	0.14	0.13	3.3	3.3	4.1	0.2	-9999.9	3	44	-9999.9	53	-9999.9	3	22.9	3
2025 09 30 10	0.14	0.13	3.3	3.5	5.4	0.22	-9999.9	3	44	-9999.9	49	-9999.9	3	23.1	3
2025 09 30 11	0.15	0.14	3.2	3.3	5.6	0.24	-9999.9	3	64	-9999.9	51	-9999.9	3	22.8	3
2025 09 30 12	0.15	0.15	4.1	3.8	-9999.9	0.25	-9999.9	3	72	-9999.9	55	-9999.9	3	23.0	3
2025 09 30 13	0.22	0.2	3.3	4.0	-9999.9	0.55	-9999.9	3	57	-9999.9	63	-9999.9	3	23.0	3
2025 09 30 14	0.24	0.23	2.4	2.4	-9999.9	0.4	-9999.9	3	66	-9999.9	58	-9999.9	3	23.2	3
2025 09 30 15	0.29	0.28	2.4	2.5	3.6	0.49	-9999.9	3	61	-9999.9	56	-9999.9	3	23.3	3
2025 09 30 16	0.3	0.28	2.5	2.6	6.0	0.45	-9999.9	3	55	-9999.9	53	-9999.9	3	23.3	3
2025 09 30 17	0.31	0.29	2.6	2.8	6.8	0.49	-9999.9	3	54	-9999.9	50	-9999.9	3	23.2	3
2025 09 30 18	0.32	0.29	2.7	2.9	6.7	0.52	-9999.9	3	58	-9999.9	49	-9999.9	3	22.7	3
2025 09 30 19	0.32	0.29	2.9	3.0	6.5	0.47	-9999.9	3	56	-9999.9	52	-9999.9	3	22.7	3
2025 09 30 20	0.31	0.28	3.2	3.3	6.6	0.48	-9999.9	3	57	-9999.9	47	-9999.9	3	22.8	3
2025 09 30 21	0.32	0.3	3.2	3.3	6.5	0.47	-9999.9	3	63	-9999.9	45	-9999.9	3	23.0	3
2025 09 30 22	0.33	0.31	3.3	3.5	6.4	0.61	-9999.9	3	66	-9999.9	45	-9999.9	3	23.0	3
2025 09 30 23	0.32	0.3	3.4	3.5	6.7	0.47	-9999.9	3	73	-9999.9	50	-9999.9	3	23.0	3
2025 10 01 00	0.31	0.29	3.7	3.8	6.6	0.46	-9999.9	3	60	-9999.9	47	-9999.9	3	23.0	3
2025 10 01 01	0.31	0.29	3.9	4.1	6.4	0.49	-9999.9	3	58	-9999.9	52	-9999.9	3	22.9	3
2025 10 01 02	0.36	0.35	4.4	4.5	6.8	0.55	-9999.9	3	59	-9999.9	47	-9999.9	3	22.9	3
2025 10 01 03	0.4	0.39	4.2	4.5	6.6	0.65	-9999.9	3	59	-9999.9	45	-9999.9	3	22.8	3
2025 10 01 04	0.49	0.48	4.4	4.6	6.5	0.82	-9999.9	3	60	-9999.9	46	-9999.9	3	22.7	3
2025 10 01 05	0.5	0.48	4.1	4.3	6.3	0.76	-9999.9	3	61	-9999.9	44	-9999.9	3	22.8	3
2025 10 01 06	0.52	0.51	4.3	4.2	5.4	0.93	-9999.9	3	51	-9999.9	48	-9999.9	3	22.7	3
2025 10 01 07	0.51	0.49	4.1	4.2	5.8	0.85	-9999.9	3	55	-9999.9	49	-9999.9	3	22.7	3
2025 10 01 08	0.57	0.55	4.3	4.3	5.7	1.02	-9999.9	3	49	-9999.9	47	-9999.9	3	22.8	3
2025 10 01 09	0.54	0.53	4.1	4.1	5.4	0.81	-9999.9	3	53	-9999.9	50	-9999.9	3	23.0	3
2025 10 01 10	0.65	0.64	4.0	4.1	4.8	1.06	-9999.9	3	55	-9999.9	48	-9999.9	3	23.3	3
2025 10 01 11	0.64	0.63	4.0	4.1	4.7	1.04	-9999.9	3	55	-9999.9	44	-9999.9	3	23.4	3
2025 10 01 12	0.68	0.66	4.0	4.1	4.9	1.19	-9999.9	3	57	-9999.9	47	-9999.9	3	23.9	3
2025 10 01 13	0.69	0.66	4.2	4.2	4.9	1.06	-9999.9	3	56	-9999.9	46	-9999.9	3	23.9	3
2025 10 01 14	0.73	0.72	4.2	4.3	5.4	1.36	-9999.9	3	59	-9999.9	45	-9999.9	3	23.8	3
2025 10 01 15	0.74	0.72	3.9	4.0	5.9	1.23	-9999.9	3	61	-9999.9	47	-9999.9	3	23.6	3
2025 10 01 16	0.76	0.72	3.9	3.9	6.1	1.42	-9999.9	3	60	-9999.9	46	-9999.9	3	23.5	3
2025 10 01 17	0.84	0.81	4.1	4.1	6.2	1.3	-9999.9	3	64	-9999.9	42	-9999.9	3	23.6	3
2025 10 01 18	0.85	0.82	4.1	4.1	5.9	1.34	-9999.9	3	68	-9999.9	46	-9999.9	3	23.7	3
2025 10 01 19	0.83	0.82	4.3	4.2	5.8	1.4	-9999.9	3	64	-9999.9	45	-9999.9	3	23.6	3
2025 10 01 20	0.8	0.78	4.0	4.2	5.7	1.41	-9999.9	3	63	-9999.9	45	-9999.9	3	23.6	3
2025 10 01 21	0.77	0.75	4.1	4.3	6.0	1.21	-9999.9	3	65	-9999.9	44	-9999.9	3	23.6	3
2025 10 01 22	0.82	0.8	4.4	4.4	5.7	1.43	-9999.9	3	58	-9999.9	45	-9999.9	3	23.6	3
2025 10 01 23	0.84	0.81	4.4	4.4	5.7	1.3	-9999.9	3	64	-9999.9	45	-9999.9	3	23.6	3
2025 10 02 00	0.79	0.77	4.3	4.4	5.6	1.27	-9999.9	3	60	-9999.9	42	-9999.9	3	23.5	3
2025 10 02 01	0.76	0.75	4.1	4.2	5.5	1.64	-9999.9	3	59	-9999.9	43	-9999.9	3	23.5	3
2025 10 02 02	0.72	0.69	4.1	4.2	5.8	1.22	-9999.9	3	58	-9999.9	43	-9999.9	3	23.4	3
2025 10 02 03	0.66	0.65	4.0	4.1	5.5	1.18	-9999.9	3	61	-9999.9	44	-9999.9	3	23.4	3
2025 10 02 04	0.61	0.59	4.1	4.1	5.6	0.9	-9999.9	3	58	-9999.9	46	-9999.9	3	23.3	3
2025 10 02 05	0.6	0.58	3.9	4.1	5.2	1.05	-9999.9	3	55	-9999.9	42	-9999.9	3	23.3	3
2025 10 02 06	0.59	0.58	4.1	4.2	5.4	1.1	-9999.9	3	49	-9999.9	44	-9999.9	3	23.2	3
2025 10 02 07	0.56	0.54	3.8	4.0	5.3	0.91	-9999.9	3	52	-9999.9	44	-9999.9	3	23.2	3
2025 10 02 08	0.56	0.55	3.9	4.0	5.5	0.91	-9999.9	3	54	-9999.9	45	-9999.9	3	23.1	3
2025 10 02 09	0.55	0.53	4.1	4.0	5.3	0.77	-9999.9	3	52	-9999.9	47	-9999.9	3	23.3	3
2025 10 02 10	0.52	0.51	4.1	4.1	5.5	0.82	-9999.9	3	51	-9999.9	49	-9999.9	3	23.6	3
2025 10 02 11	0.51	0.49	4.0	4.0	5.2	0.86	-9999.9	3	42	-9999.9	48	-9999.9	3	23.6	3
2025 10 02 12	0.55	0.54	4.0	4.1	5.5	1.01	-9999.9	3	51	-9999.9	44	-9999.9	3	23.6	3
2025 10 02 13	0.53	0.52	4.0	4.1	5.2	0.85	-9999.9	3	55	-9999.9	44	-9999.9	3	23.7	3
2025 10 02 14	0.59	0.57	3.9	4.0	5.3	1.12	-9999.9	3	62	-9999.9	45	-9999.9	3	23.7	3
2025 10 02 15	0.6	0.59	3.5	3.5	5.1	0.91	-9999.9	3	57	-9999.9	45	-9999.9	3	23.6	3
2025 10 02 16	0.6	0.58	3.3	3.4	5.1	1.0	-9999.9	3	62	-9999.9	47	-9999.9	3	23.6	3
2025 10 02 17	0.61	0.58	3.4	3.5	5.3	0.92	-9999.9	3	65	-9999.9	46	-9999.9	3	23.5	3
2025 10 02 18	0.63	0.61	3.6	3.5	5.4	1.2	-9999.9	3	64	-9999.9	46	-9999.9	3	23.4	3
2025 10 02 19	0.64	0.63	3.7	3.7	5.3	1.16	-9999.9	3	66	-9999.9	42	-9999.9	3	23.3	3
2025 10 02 20	0.65	0.63	3.9	3.8	5.3	1.08	-9999.9	3	68	-9999.9	45	-9999.9	3	23.4	3
2025 10 02 21	0.65	0.62	3.7	3.9	5.4	1.15	-9999.9	3	74	-9999.9	46	-9999.9	3	23.3	3
2025 10 02 22	0.64	0.62	3.9	4.1	5.6	0.99	-9999.9	3	72	-9999.9	43	-9999.9	3	23.3	3
2025 10 02 23	0.65	0.64	4.0	4.1	5.7	0.97	-9999.9	3	70	-9999.9	43	-9999.9	3	23.2	3
2025 10 03 00	0.63	0.61	3.8	4.1	5.2	1.18	-9999.9	3	68	-9999.9	44	-9999.9	3	23.2	3
2025 10 03 01	0.66	0.63	4.0	4.2	5.7	1.03	-9999.9	3	64	-9999.9	42	-9999.9	3	23.1	3
2025 10 03 02	0.65	0.65	4.1	4.1	5.3	1.13	-9999.9	3	67	-9999.9	40	-9999.9	3	23.0	3
2025 10 03 03	0.58	0.56	4.2	4.1	5.5	0.88	-9999.9	3	67	-9999.9	48	-9999.9	3	23.0	3
2025 10 03 04	0.56	0.54	4.2	4.1	5.3	0.93	-9999.9	3	65	-9999.9	45	-9999.9	3	23.0	3
2025 10 03 05	0.53	0.51	4.0	4.1	5.2	1.0	-9999.9	3	68	-9999.9	42	-9999.9	3	23.0	3
2025 10 03 06	0.52	0.5	3.9	4.1	5.0	1.07	-9999.9	3	68	-9999.9	45	-9999.9	3	22.8	3
2025 10 03 07	0.49	0.47	4.1	4.2	5.1	0.74	-9999.9	3	67	-9999.9	45	-9999.9	3	22.6	3
2025 10 03 08	0.45	0.44	3.9	4.0	4.7	0.82	-9999.9	3	61	-9999.9	46	-9999.9	3	22.7	3
2025 10 03 09	0.43	0.41	4.2	4.1	4.8	0.66	-9999.9	3	60	-9999.9	51	-9999.9	3	22.9	3
2025 10 03 10	0.44	0.42	4.1	4.1	5.0	0.64	-9999.9	3	55	-9999.9	46	-9999.9	3	23.1	3
2025 10 03 11	0.46	0.44	4.1	4.0	4.9	0.76	-9999.9	3	55	-9999.9	46	-9999.9	3	23.3	3
2025 10 03 12	0.47	0.46	4.2	4.1	5.2	0.72	-9999.9	3	55	-9999.9	44	-9999.9	3	23.6	3
2025 10 03 13	0.5	0.48	4.0	4.1	5.2	0.76	-9999.9	3	61	-9999.9	42	-9999.9	3	23.6	3
2025 10 03 14	0.53	0.52	3.6	3.9	5.3	0.98	-9999.9	3	61	-9999.9	44	-9999.9	3	23.1	3
2025 10 03 15	0.48	0.46	3.2	3.4	5.5	0.78	-9999.9	3	55	-9999.9	49	-9999.9	3	23.9	3
2025 10 03 16	0.49	0.46	3.2	3.4	5.2	0.87	-9999.9	3	63	-9999.9	48	-9999.9	3	23.8	3
2025 10 03 17	0.45	0.43	3.3	3.3	5.1	0.66	-9999.9	3	59	-9999.9	47	-9999.9	3	23.7	3
2025 10 03 18	0.43	0.4	3.3	3.3	5.4	0.64	-9999.9	3	59	-9999.9	48	-9999.9	3	23.8	3
2025 10 03 19	0.42	0.4	3.4	3.4	5.2	0.71	-9999.9	3	55	-9999.9	46	-9999.9	3	23.8	3
2025 10 03 20	0.39	0.36	3.4	3.6	6.0	0.58	-9999.9	3	61	-9999.9	47	-9999.9	3	23.6	3
2025 10 03 21	0.37	0.36	3.6	3.6	5.5	0.62	-9999.9	3	64	-9999.9	53	-9999.9	3	23.6	3
2025 10 03 22	0.38	0.36	3.7	3.9	5.6	0.63	-9999.9	3	69	-9999.9	46	-9999.9	3	23.4	3
2025 10 03 23	0.32	0.3	3.7	3.8	5.9	0.49	-9999.9	3	75	-9999.9	50	-9999.9	3	23.3	3
2025 10 04 00	0.3	0.29	3.8	3.9	5.9	0.44	-9999.9	3	69	-9999.9	48	-9999.9	3	23.1	3
2025 10 04 01	0.3	0.29	4.0	4.0	5.9	0.49	-9999.9	3	72	-9999.9	47	-9999.9	3	22.7	3
2025 10 04 02	0.28	0.27	4.0	4.0	5.7	0.38	-9999.9	3	73	-9999.9	47	-9999.9	3	22.9	3
2025 10 04 03	0.27	0.26	4.1	4.2	5.8	0.39	-9999.9	3	72	-9999.9	51	-9999.9	3	23.0	3
2025 10 04 04	0.29	0.28	4.2	4.3	5.4	0.51	-9999.9	3	69	-9999.9	45	-9999.9	3	22.9	3
2025 10 04 05	0.3	0.29	4.0	4.1	5.7	0.6	-9999.9	3	69	-9999.9	49	-9999.9	3	22.9	3
2025 10 04 06	0.27	0.26	3.7	3.9	5.6	0.42	-9999.9	3	63	-9999.9	50	-9999.9	3	22.8	3
2025 10 04 07	0.3	0.29	4.2	4.2	7.4	0.48	-9999.9	3	63	-9999.9	47	-9999.9	3	22.6	3
2025 10 04 08	0.27	0.26	4.6	4.7	7.0	0.39	-9999.9	3	52	-9999.9	48	-9999.9	3	22.7	3
2025 10 04 09	0.26	0.24	4.3	4.6	7.2	0.44	-9999.9	3	54	-9999.9	52	-9999.9	3	23.0	3
2025 10 04 10	0.26	0.25	4.6	4.9	7.1	0.42	-9999.9	3	55	-9999.9	48	-9999.9	3	23.2	3
2025 10 04 11	0.26	0.25	4.4	4.6	6.9	0.51	-9999.9	3	52	-9999.9	50	-9999.9	3	23.5	3
2025 10 04 12	0.24	0.23	4.4	4.8	7.0	0.35	-9999.9	3	55	-9999.9	46	-9999.9	3	23.5	3
2025 10 04 13	0.23	0.22	4.8	4.6	7.0	0.37	-9999.9	3	53	-9999.9	49	-9999.9	3	23.7	3
2025 10 04 14	0.22	0.21	4.6	4.8	7.1	0.31	-9999.9	3	52	-9999.9	47	-9999.9	3	24.3	3
2025 10 04 15	0.23	0.21	4.0	4.2	7.0	0.4	-9999.9	3	62	-9999.9	48	-9999.9	3	23.9	3
2025 10 04 16	0.21	0.2	3.1	3.7	7.2	0.36	-9999.9	3	58	-9999.9	48	-9999.9	3	23.5	3
2025 10 04 17	0.23	0.22	3.1	3.7	6.4	0.38	-9999.9	3	56	-9999.9	46	-9999.9	3	23.2	3
2025 10 04 18	0.2	0.19	2.7	3.1	7.4	0.31	-9999.9	3	67	-9999.9	50	-9999.9	3	23.0	3
2025 10 04 19	0.19	0.17	2.8	3.3	7.2	0.31	-9999.9	3	61	-9999.9	47	-9999.9	3	23.0	3
2025 10 04 20	0.19	0.18	3.1	3.4	6.9	0.32	-9999.9	3	63	-9999.9	48	-9999.9	3	22.9	3
2025 10 04 21	0.17	0.16	3.0	3.3	7.0	0.33	-9999.9	3	66	-9999.9	49	-9999.9	3	22.8	3
2025 10 04 22	0.16	0.14	3.5	3.5	6.9	0.27	-9999.9	3	76	-9999.9	51	-9999.9	3	22.8	3
2025 10 04 23	0.12	0.12	3.6	3.7	7.2	0.21	-9999.9	3	72	-9999.9	53	-9999.9	3	22.8	3
2025 10 05 00	0.14	0.13	4.2	4.4	6.9	0.24	-9999.9	3	68	-9999.9	47	-9999.9	3	22.8	3
2025 10 05 01	0.13	0.12	4.1	4.3	6.9	0.21	-9999.9	3	65	-9999.9	46	-9999.9	3	22.9	3
2025 10 05 02	0.14	0.13	4.1	4.3	6.9	0.19	-9999.9	3	67	-9999.9	48	-9999.9	3	22.8	3
2025 10 05 03	0.13	0.12	3.6	3.6	6.9	0.22	-9999.9	3	71	-9999.9	44	-9999.9	3	22.8	3
2025 10 05 04	0.14	0.13	2.6	2.9	6.5	0.2	-9999.9	3	75	-9999.9	50	-9999.9	3	22.8	3
2025 10 05 05	0.12	0.12	2.2	2.6	6.7	0.2	-9999.9	3	54	-9999.9	53	-9999.9	3	22.6	3
2025 10 05 06	0.15	0.15	2.1	2.3	5.2	0.23	-9999.9	3	27	-9999.9	49	-9999.9	3	22.5	3
2025 10 05 07	0.13	0.13	2.1	2.6	6.9	0.22	-9999.9	3	44	-9999.9	56	-9999.9	3	22.4	3
2025 10 05 08	0.16	0.15	2.4	2.8	6.4	0.23	-9999.9	3	44	-9999.9	49	-9999.9	3	22.5	3
2025 10 05 09	0.16	0.16	2.3	2.6	4.1	0.26	-9999.9	3	43	-9999.9	57	-9999.9	3	23.0	3
2025 10 05 10	0.18	0.18	2.0	2.2	2.0	0.33	-9999.9	3	36	-9999.9	55	-9999.9	3	23.0	3
2025 10 05 11	0.18	0.18	2.2	2.4	3.9	0.31	-9999.9	3	28	-9999.9	57	-9999.9	3	22.9	3
2025 10 05 12	0.17	0.16	2.5	3.1	-9999.9	0.27	-9999.9	3	45	-9999.9	58	-9999.9	3	23.0	3
2025 10 05 13	0.14	0.13	2.3	3.1	6.8	0.23	-9999.9	3	51	-9999.9	53	-9999.9	3	22.8	3
2025 10 05 14	0.15	0.14	2.6	3.1	-9999.9	0.25	-9999.9	3	52	-9999.9	60	-9999.9	3	22.8	3
2025 10 05 15	0.14	0.14	2.2	2.7	-9999.9	0.24	-9999.9	3	53	-9999.9	56	-9999.9	3	22.8	3
2025 10 05 16	0.18	0.18	2.3	2.5	-9999.9	0.29	-9999.9	3	43	-9999.9	56	-9999.9	3	23.1	3
2025 10 05 17	0.31	0.3	2.2	2.2	-9999.9	0.48	-9999.9	3	41	-9999.9	52	-9999.9	3	22.9	3
2025 10 05 18	0.25	0.24	2.2	2.3	-9999.9	0.38	-9999.9	3	37	-9999.9	63	-9999.9	3	23.1	3
2025 10 05 19	0.19	0.19	2.5	2.6	9.2	0.3	-9999.9	3	68	-9999.9	66	-9999.9	3	23.3	3
2025 10 05 20	0.16	0.16	2.8	2.9	4.3	0.24	-9999.9	3	71	-9999.9	63	-9999.9	3	23.2	3
2025 10 05 21	0.16	0.18	4.2	2.8	-9999.9	0.34	-9999.9	3	84	-9999.9	62	-9999.9	3	23.2	3
2025 10 05 22	0.15	0.15	3.0	3.0	4.6	0.22	-9999.9	3	89	-9999.9	58	-9999.9	3	23.2	3
2025 10 05 23	0.16	0.15	3.2	3.1	4.6	0.28	-9999.9	3	90	-9999.9	59	-9999.9	3	23.3	3
2025 10 06 00	0.15	0.14	3.2	3.1	4.7	0.2	-9999.9	3	84	-9999.9	62	-9999.9	3	23.4	3
2025 10 06 01	0.13	0.13	2.4	2.6	4.1	0.22	-9999.9	3	74	-9999.9	54	-9999.9	3	23.4	3
2025 10 06 02	0.15	0.14	2.3	2.4	3.7	0.23	-9999.9	3	67	-9999.9	54	-9999.9	3	23.3	3
2025 10 06 03	0.19	0.18	2.5	2.5	7.7	0.33	-9999.9	3	50	-9999.9	49	-9999.9	3	23.2	3
2025 10 06 04	0.38	0.35	2.9	3.2	7.4	0.59	-9999.9	3	47	-9999.9	46	-9999.9	3	23.2	3
2025 10 06 05	0.68	0.65	3.8	3.9	6.2	1.23	-9999.9	3	45	-9999.9	42	-9999.9	3	23.2	3
2025 10 06 06	0.87	0.85	4.3	4.4	6.5	1.56	-9999.9	3	53	-9999.9	45	-9999.9	3	23.1	3
2025 10 06 07	0.97	0.94	4.9	4.7	6.7	1.67	-9999.9	3	52	-9999.9	40	-9999.9	3	23.1	3
2025 10 06 08	1.04	1.0	4.9	4.8	6.6	1.6	-9999.9	3	55	-9999.9	42	-9999.9	3	23.2	3
2025 10 06 09	1.08	1.06	4.7	4.7	6.0	1.71	-9999.9	3	52	-9999.9	43	-9999.9	3	23.2	3
2025 10 06 10	0.97	0.93	4.4	4.5	6.6	1.59	-9999.9	3	51	-9999.9	44	-9999.9	3	23.3	3
2025 10 06 11	0.98	0.95	4.6	4.6	5.9	1.78	-9999.9	3	47	-9999.9	42	-9999.9	3	23.4	3
2025 10 06 12	0.89	0.84	4.4	4.5	5.8	1.18	-9999.9	3	47	-9999.9	42	-9999.9	3	23.6	3
2025 10 06 13	1.01	0.97	4.5	4.7	5.9	1.9	-9999.9	3	46	-9999.9	43	-9999.9	3	23.8	3
2025 10 06 14	1.07	1.04	4.8	4.7	6.3	1.75	-9999.9	3	48	-9999.9	45	-9999.9	3	23.7	3
2025 10 06 15	1.09	1.05	4.9	4.7	6.8	1.66	-9999.9	3	51	-9999.9	46	-9999.9	3	23.8	3
2025 10 06 16	1.22	1.15	4.7	4.9	6.7	1.87	-9999.9	3	49	-9999.9	40	-9999.9	3	23.8	3
2025 10 06 17	1.3	1.26	5.1	4.9	6.7	2.1	-9999.9	3	49	-9999.9	40	-9999.9	3	23.6	3
2025 10 06 18	1.44	1.39	5.2	5.0	6.8	2.45	-9999.9	3	50	-9999.9	41	-9999.9	3	23.5	3
2025 10 06 19	1.57	1.54	5.4	5.2	7.6	2.72	-9999.9	3	54	-9999.9	38	-9999.9	3	23.6	3
2025 10 06 20	1.41	1.33	4.9	4.8	7.4	2.31	-9999.9	3	60	-9999.9	43	-9999.9	3	23.5	3
2025 10 06 21	1.45	1.37	4.8	4.9	8.1	2.88	-9999.9	3	64	-9999.9	44	-9999.9	3	23.4	3
2025 10 06 22	1.56	1.49	5.0	5.0	7.4	2.61	-9999.9	3	61	-9999.9	41	-9999.9	3	23.5	3
2025 10 06 23	1.53	1.44	4.9	4.9	6.7	2.39	-9999.9	3	65	-9999.9	44	-9999.9	3	23.3	3
2025 10 07 00	1.61	1.56	5.0	5.0	7.8	2.61	-9999.9	3	69	-9999.9	45	-9999.9	3	23.2	3
2025 10 07 01	1.64	1.6	5.2	5.0	7.1	2.58	-9999.9	3	63	-9999.9	40	-9999.9	3	23.2	3
2025 10 07 02	1.4	1.34	4.9	4.7	6.8	2.19	-9999.9	3	65	-9999.9	44	-9999.9	3	23.1	3
2025 10 07 03	1.23	1.15	4.6	4.5	6.7	1.82	-9999.9	3	65	-9999.9	46	-9999.9	3	23.0	3
2025 10 07 04	1.19	1.12	4.4	4.5	7.4	2.26	-9999.9	3	66	-9999.9	42	-9999.9	3	22.6	3
2025 10 07 05	1.08	1.02	4.1	4.2	6.7	1.46	-9999.9	3	66	-9999.9	40	-9999.9	3	22.3	3
2025 10 07 06	1.08	1.02	4.3	4.1	6.6	1.63	-9999.9	3	66	-9999.9	40	-9999.9	3	22.2	3
2025 10 07 07	1.03	1.0	4.1	4.1	6.1	1.8	-9999.9	3	64	-9999.9	40	-9999.9	3	22.2	3
2025 10 07 08	1.02	0.97	4.2	4.2	6.5	1.68	-9999.9	3	68	-9999.9	41	-9999.9	3	22.2	3
2025 10 07 09	0.98	0.91	4.1	4.2	6.7	1.59	-9999.9	3	68	-9999.9	42	-9999.9	3	22.1	3
2025 10 07 10	0.9	0.87	4.0	4.1	6.7	1.55	-9999.9	3	64	-9999.9	47	-9999.9	3	22.0	3
2025 10 07 11	0.96	0.9	4.2	4.3	6.8	1.9	-9999.9	3	65	-9999.9	44	-9999.9	3	22.3	3
2025 10 07 12	0.94	0.89	4.2	4.3	6.6	1.41	-9999.9	3	60	-9999.9	44	-9999.9	3	22.5	3
2025 10 07 13	0.92	0.9	4.4	4.5	7.0	1.51	-9999.9	3	59	-9999.9	41	-9999.9	3	22.6	3
2025 10 07 14	0.97	0.94	4.6	4.6	7.1	1.67	-9999.9	3	63	-9999.9	43	-9999.9	3	22.8	3
2025 10 07 15	0.91	0.87	4.5	4.4	7.0	1.8	-9999.9	3	65	-9999.9	44	-9999.9	3	22.6	3
2025 10 07 16	0.89	0.86	4.4	4.4	6.9	1.39	-9999.9	3	65	-9999.9	45	-9999.9	3	22.5	3
2025 10 07 17	0.89	0.86	4.2	4.4	7.5	1.56	-9999.9	3	62	-9999.9	43	-9999.9	3	22.4	3
2025 10 07 18	0.82	0.78	4.3	4.3	7.2	1.32	-9999.9	3	56	-9999.9	42	-9999.9	3	22.5	3
2025 10 07 19	0.77	0.73	4.1	4.2	7.5	1.39	-9999.9	3	55	-9999.9	43	-9999.9	3	22.5	3
2025 10 07 20	0.72	0.68	4.3	4.3	6.5	1.03	-9999.9	3	54	-9999.9	41	-9999.9	3	22.6	3
2025 10 07 21	0.67	0.63	4.2	4.3	7.4	1.03	-9999.9	3	51	-9999.9	40	-9999.9	3	22.6	3
2025 10 07 22	0.64	0.61	4.2	4.4	7.3	0.88	-9999.9	3	56	-9999.9	42	-9999.9	3	22.2	3
2025 10 07 23	0.61	0.57	4.3	4.3	7.1	1.06	-9999.9	3	61	-9999.9	45	-9999.9	3	21.8	3
2025 10 08 00	0.58	0.56	4.1	4.2	6.1	0.81	-9999.9	3	63	-9999.9	44	-9999.9	3	21.7	3
2025 10 08 01	0.59	0.56	4.2	4.3	6.6	0.91	-9999.9	3	64	-9999.9	47	-9999.9	3	21.5	3
2025 10 08 02	0.6	0.57	4.2	4.3	6.7	0.94	-9999.9	3	60	-9999.9	45	-9999.9	3	21.4	3
2025 10 08 03	0.53	0.51	4.1	4.1	5.7	0.97	-9999.9	3	59	-9999.9	48	-9999.9	3	21.3	3
2025 10 08 04	0.53	0.52	4.2	4.2	6.3	0.87	-9999.9	3	59	-9999.9	45	-9999.9	3	21.3	3
2025 10 08 05	0.48	0.45	3.9	4.0	6.1	0.88	-9999.9	3	63	-9999.9	46	-9999.9	3	21.2	3
2025 10 08 06	0.45	0.42	4.0	4.1	6.2	0.66	-9999.9	3	63	-9999.9	46	-9999.9	3	21.1	3
2025 10 08 07	0.44	0.42	4.1	4.2	5.8	0.86	-9999.9	3	60	-9999.9	44	-9999.9	3	21.0	3
2025 10 08 08	0.44	0.42	4.1	4.2	5.7	0.78	-9999.9	3	58	-9999.9	47	-9999.9	3	20.8	3
2025 10 08 09	0.41	0.4	4.2	4.2	5.8	0.57	-9999.9	3	57	-9999.9	44	-9999.9	3	21.0	3
2025 10 08 10	0.41	0.4	4.0	4.1	5.7	0.87	-9999.9	3	52	-9999.9	42	-9999.9	3	21.2	3
2025 10 08 11	0.41	0.39	4.0	4.1	5.7	0.63	-9999.9	3	45	-9999.9	43	-9999.9	3	21.4	3
2025 10 08 12	0.39	0.37	3.9	4.0	5.6	0.61	-9999.9	3	49	-9999.9	48	-9999.9	3	21.5	3
2025 10 08 13	0.42	0.4	3.1	3.3	5.3	0.63	-9999.9	3	40	-9999.9	46	-9999.9	3	21.6	3
2025 10 08 14	0.41	0.39	3.3	3.4	5.4	0.7	-9999.9	3	46	-9999.9	49	-9999.9	3	21.9	3
2025 10 08 15	0.41	0.39	3.3	3.4	5.4	0.64	-9999.9	3	45	-9999.9	47	-9999.9	3	22.3	3
2025 10 08 16	0.37	0.36	3.3	3.4	5.3	0.6	-9999.9	3	50	-9999.9	45	-9999.9	3	22.4	3
2025 10 08 17	0.34	0.33	3.2	3.5	5.0	0.52	-9999.9	3	53	-9999.9	44	-9999.9	3	22.4	3
2025 10 08 18	0.35	0.35	3.6	3.7	5.1	0.56	-9999.9	3	52	-9999.9	41	-9999.9	3	22.0	3
2025 10 08 19	0.34	0.33	3.7	3.7	5.1	0.56	-9999.9	3	56	-9999.9	46	-9999.9	3	21.7	3
2025 10 08 20	0.28	0.27	3.8	3.9	5.3	0.51	-9999.9	3	53	-9999.9	49	-9999.9	3	21.8	3
2025 10 08 21	0.26	0.26	4.0	3.8	5.1	0.51	-9999.9	3	57	-9999.9	45	-9999.9	3	22.0	3
2025 10 08 22	0.23	0.22	3.9	3.9	5.1	0.37	-9999.9	3	57	-9999.9	51	-9999.9	3	22.7	3
2025 10 08 23	0.28	0.27	4.0	4.1	5.2	0.47	-9999.9	3	50	-9999.9	43	-9999.9	3	22.3	3
2025 10 09 00	0.27	0.26	4.0	4.0	5.0	0.45	-9999.9	3	56	-9999.9	49	-9999.9	3	22.2	3
2025 10 09 01	0.25	0.24	3.9	3.9	5.1	0.47	-9999.9	3	67	-9999.9	49	-9999.9	3	22.6	3
2025 10 09 02	0.25	0.24	3.9	4.1	5.2	0.45	-9999.9	3	62	-9999.9	46	-9999.9	3	22.6	3
2025 10 09 03	0.26	0.25	4.1	4.0	5.2	0.45	-9999.9	3	63	-9999.9	46	-9999.9	3	22.3	3
2025 10 09 04	0.24	0.23	4.1	4.1	4.9	0.36	-9999.9	3	56	-9999.9	45	-9999.9	3	22.0	3
2025 10 09 05	0.2	0.19	3.6	3.7	5.0	0.37	-9999.9	3	48	-9999.9	49	-9999.9	3	22.0	3
2025 10 09 06	0.26	0.25	3.8	3.8	4.7	0.39	-9999.9	3	31	-9999.9	43	-9999.9	3	21.7	3
2025 10 09 07	0.27	0.26	4.0	3.9	4.7	0.41	-9999.9	3	32	-9999.9	47	-9999.9	3	21.5	3
2025 10 09 08	0.25	0.24	3.8	3.7	4.9	0.43	-9999.9	3	24	-9999.9	44	-9999.9	3	21.2	3
2025 10 09 09	0.3	0.29	3.4	3.6	4.9	0.54	-9999.9	3	27	-9999.9	44	-9999.9	3	21.0	3
2025 10 09 10	0.32	0.31	3.1	3.2	4.9	0.53	-9999.9	3	21	-9999.9	41	-9999.9	3	20.9	3
2025 10 09 11	0.28	0.27	3.2	3.2	4.4	0.44	-9999.9	3	21	-9999.9	41	-9999.9	3	21.6	3
2025 10 09 12	0.29	0.28	2.9	2.9	4.4	0.44	-9999.9	3	23	-9999.9	38	-9999.9	3	21.5	3
2025 10 09 13	0.34	0.33	2.5	2.6	4.8	0.57	-9999.9	3	22	-9999.9	39	-9999.9	3	21.3	3
2025 10 09 14	0.36	0.35	2.3	2.4	2.5	0.6	-9999.9	3	16	-9999.9	49	-9999.9	3	21.6	3
2025 10 09 15	0.32	0.32	2.3	2.5	2.6	0.49	-9999.9	3	25	-9999.9	49	-9999.9	3	21.6	3
2025 10 09 16	0.29	0.28	2.4	2.5	2.7	0.49	-9999.9	3	27	-9999.9	47	-9999.9	3	21.6	3
2025 10 09 17	0.27	0.26	2.5	2.6	2.7	0.49	-9999.9	3	31	-9999.9	46	-9999.9	3	21.6	3
2025 10 09 18	0.23	0.22	2.6	2.7	4.3	0.4	-9999.9	3	39	-9999.9	51	-9999.9	3	21.7	3
2025 10 09 19	0.26	0.25	2.9	3.0	4.9	0.41	-9999.9	3	44	-9999.9	53	-9999.9	3	21.6	3
2025 10 09 20	0.21	0.2	2.5	2.8	4.5	0.38	-9999.9	3	46	-9999.9	54	-9999.9	3	21.7	3
2025 10 09 21	0.2	0.2	3.0	3.1	4.4	0.33	-9999.9	3	43	-9999.9	55	-9999.9	3	21.6	3
2025 10 09 22	0.17	0.17	3.1	3.2	4.8	0.31	-9999.9	3	64	-9999.9	54	-9999.9	3	21.6	3
2025 10 09 23	0.19	0.18	3.2	3.3	4.5	0.29	-9999.9	3	73	-9999.9	53	-9999.9	3	21.5	3
2025 10 10 00	0.17	0.16	3.1	3.3	4.9	0.32	-9999.9	3	68	-9999.9	57	-9999.9	3	22.3	3
2025 10 10 01	0.18	0.18	3.1	3.1	5.1	0.29	-9999.9	3	66	-9999.9	57	-9999.9	3	22.4	3
2025 10 10 02	0.18	0.17	3.0	3.1	5.1	0.33	-9999.9	3	65	-9999.9	50	-9999.9	3	22.2	3
2025 10 10 03	0.18	0.17	2.9	3.1	5.0	0.28	-9999.9	3	70	-9999.9	51	-9999.9	3	22.2	3
2025 10 10 04	0.18	0.17	3.2	3.3	4.7	0.32	-9999.9	3	66	-9999.9	48	-9999.9	3	22.2	3
2025 10 10 05	0.16	0.15	3.1	3.2	4.8	0.27	-9999.9	3	64	-9999.9	51	-9999.9	3	22.0	3
2025 10 10 06	0.17	0.17	2.9	3.2	5.1	0.27	-9999.9	3	61	-9999.9	47	-9999.9	3	22.1	3
2025 10 10 07	0.24	0.23	3.6	4.0	5.1	0.39	-9999.9	3	48	-9999.9	48	-9999.9	3	21.9	3
2025 10 10 08	0.4	0.39	4.5	4.5	5.5	0.66	-9999.9	3	36	-9999.9	37	-9999.9	3	21.9	3
2025 10 10 09	0.45	0.44	4.0	4.2	5.5	0.78	-9999.9	3	36	-9999.9	42	-9999.9	3	21.8	3
2025 10 10 10	0.56	0.55	4.1	4.3	5.7	0.89	-9999.9	3	35	-9999.9	44	-9999.9	3	22.1	3
2025 10 10 11	0.67	0.65	4.4	4.5	6.0	1.07	-9999.9	3	35	-9999.9	39	-9999.9	3	22.3	3
2025 10 10 12	0.74	0.72	4.2	4.4	5.9	1.21	-9999.9	3	32	-9999.9	42	-9999.9	3	22.4	3
2025 10 10 13	0.78	0.76	4.3	4.4	6.1	1.3	-9999.9	3	36	-9999.9	43	-9999.9	3	22.3	3
2025 10 10 14	0.79	0.78	4.4	4.4	6.0	1.34	-9999.9	3	36	-9999.9	41	-9999.9	3	22.4	3
2025 10 10 15	0.93	0.91	4.5	4.6	6.3	1.54	-9999.9	3	36	-9999.9	42	-9999.9	3	22.3	3
2025 10 10 16	0.98	0.94	4.4	4.5	6.3	1.57	-9999.9	3	34	-9999.9	46	-9999.9	3	22.3	3
2025 10 10 17	1.3	1.27	4.3	4.2	6.4	2.11	-9999.9	3	38	-9999.9	44	-9999.9	3	22.2	3
2025 10 10 18	1.47	1.43	4.4	4.3	6.8	2.49	-9999.9	3	39	-9999.9	42	-9999.9	3	22.1	3
2025 10 10 19	1.54	1.47	4.3	4.3	7.1	2.36	-9999.9	3	44	-9999.9	44	-9999.9	3	22.0	3
2025 10 10 20	1.75	1.68	4.5	4.5	6.8	2.88	-9999.9	3	47	-9999.9	40	-9999.9	3	21.9	3
2025 10 10 21	1.87	1.8	4.5	4.7	7.7	3.05	-9999.9	3	45	-9999.9	42	-9999.9	3	21.9	3
2025 10 10 22	1.99	1.92	4.8	4.8	7.6	3.31	-9999.9	3	46	-9999.9	41	-9999.9	3	21.8	3
2025 10 10 23	1.95	1.88	4.9	4.8	7.7	2.93	-9999.9	3	44	-9999.9	44	-9999.9	3	21.9	3
2025 10 11 00	1.98	1.88	5.0	4.9	7.7	2.78	-9999.9	3	48	-9999.9	43	-9999.9	3	22.0	3
2025 10 11 01	2.16	2.1	5.3	5.2	7.5	3.27	-9999.9	3	47	-9999.9	40	-9999.9	3	22.0	3
2025 10 11 02	2.09	2.04	5.2	5.1	7.6	3.73	-9999.9	3	45	-9999.9	42	-9999.9	3	22.0	3
2025 10 11 03	2.14	2.07	5.2	5.0	7.9	3.84	-9999.9	3	49	-9999.9	42	-9999.9	3	22.1	3
2025 10 11 04	2.17	2.09	4.9	5.0	7.5	3.05	-9999.9	3	48	-9999.9	41	-9999.9	3	22.1	3
2025 10 11 05	2.14	2.05	4.9	4.9	7.5	3.18	-9999.9	3	48	-9999.9	41	-9999.9	3	22.1	3
2025 10 11 06	2.01	1.87	4.8	4.9	7.6	2.87	-9999.9	3	52	-9999.9	43	-9999.9	3	22.0	3
2025 10 11 07	2.17	2.1	5.3	5.1	7.8	3.4	-9999.9	3	53	-9999.9	41	-9999.9	3	22.0	3
2025 10 11 08	1.95	1.86	5.0	5.0	7.6	3.83	-9999.9	3	52	-9999.9	42	-9999.9	3	22.0	3
2025 10 11 09	2.0	1.92	5.0	5.1	7.6	2.91	-9999.9	3	52	-9999.9	42	-9999.9	3	22.0	3
2025 10 11 10	2.08	2.01	5.2	5.1	7.7	3.39	-9999.9	3	49	-9999.9	39	-9999.9	3	22.1	3
2025 10 11 11	1.86	1.8	4.8	4.9	7.8	3.22	-9999.9	3	46	-9999.9	44	-9999.9	3	22.1	3
2025 10 11 12	1.99	1.94	5.2	5.0	7.6	3.17	-9999.9	3	42	-9999.9	44	-9999.9	3	22.1	3
2025 10 11 13	1.94	1.89	5.0	4.9	7.6	2.93	-9999.9	3	44	-9999.9	41	-9999.9	3	22.2	3
2025 10 11 14	1.94	1.82	4.7	4.8	7.3	2.96	-9999.9	3	44	-9999.9	42	-9999.9	3	22.2	3
2025 10 11 15	2.07	2.0	4.8	4.8	7.1	3.62	-9999.9	3	46	-9999.9	41	-9999.9	3	22.2	3
2025 10 11 16	2.16	2.13	5.2	5.2	7.7	3.8	-9999.9	3	46	-9999.9	41	-9999.9	3	22.2	3
2025 10 11 17	2.22	2.12	5.1	5.0	7.5	3.08	-9999.9	3	48	-9999.9	40	-9999.9	3	22.2	3
2025 10 11 18	2.26	2.13	5.1	5.2	7.4	3.22	-9999.9	3	51	-9999.9	41	-9999.9	3	22.2	3
2025 10 11 19	2.09	2.02	5.1	5.0	7.4	3.48	-9999.9	3	57	-9999.9	44	-9999.9	3	22.2	3
2025 10 11 20	2.24	2.17	5.3	5.2	7.7	3.68	-9999.9	3	51	-9999.9	40	-9999.9	3	22.2	3
2025 10 11 21	2.28	2.22	5.4	5.3	7.7	3.7	-9999.9	3	54	-9999.9	42	-9999.9	3	22.2	3
2025 10 11 22	2.24	2.15	5.3	5.3	7.5	3.49	-9999.9	3	54	-9999.9	42	-9999.9	3	22.2	3
2025 10 11 23	2.19	2.09	5.4	5.4	7.8	3.45	-9999.9	3	54	-9999.9	45	-9999.9	3	22.2	3
2025 10 12 00	2.3	2.21	5.5	5.6	8.1	3.73	-9999.9	3	50	-9999.9	37	-9999.9	3	22.3	3
2025 10 12 01	2.46	2.45	5.8	5.9	8.1	4.23	-9999.9	3	50	-9999.9	40	-9999.9	3	22.2	3
2025 10 12 02	2.39	2.36	6.1	5.8	8.4	3.74	-9999.9	3	45	-9999.9	43	-9999.9	3	22.2	3
2025 10 12 03	2.35	2.29	5.7	5.6	8.4	3.76	-9999.9	3	45	-9999.9	40	-9999.9	3	22.2	3
2025 10 12 04	2.11	2.01	5.3	5.5	8.4	3.21	-9999.9	3	46	-9999.9	44	-9999.9	3	22.2	3
2025 10 12 05	2.34	2.27	6.1	5.7	8.1	3.55	-9999.9	3	45	-9999.9	41	-9999.9	3	22.1	3
2025 10 12 06	2.14	2.08	5.9	5.5	7.8	3.61	-9999.9	3	44	-9999.9	44	-9999.9	3	22.1	3
2025 10 12 07	2.05	1.99	5.7	5.5	8.2	3.41	-9999.9	3	42	-9999.9	43	-9999.9	3	22.1	3
2025 10 12 08	2.0	1.94	5.5	5.6	8.0	3.27	-9999.9	3	44	-9999.9	44	-9999.9	3	22.1	3
2025 10 12 09	1.9	1.88	5.7	5.6	7.9	3.65	-9999.9	3	44	-9999.9	42	-9999.9	3	22.2	3
2025 10 12 10	1.72	1.68	5.4	5.4	7.8	2.5	-9999.9	3	42	-9999.9	40	-9999.9	3	22.4	3
2025 10 12 11	1.71	1.63	5.4	5.5	7.6	3.15	-9999.9	3	44	-9999.9	42	-9999.9	3	22.6	3
2025 10 12 12	1.66	1.62	5.6	5.3	7.5	2.51	-9999.9	3	41	-9999.9	45	-9999.9	3	22.8	3
2025 10 12 13	1.72	1.66	5.4	5.4	7.3	2.92	-9999.9	3	39	-9999.9	41	-9999.9	3	22.9	3
2025 10 12 14	1.61	1.55	5.2	5.2	7.5	2.5	-9999.9	3	37	-9999.9	48	-9999.9	3	22.8	3
2025 10 12 15	1.58	1.54	5.1	5.2	6.9	2.7	-9999.9	3	40	-9999.9	43	-9999.9	3	22.9	3
2025 10 12 16	1.48	1.43	5.0	5.1	7.1	2.34	-9999.9	3	38	-9999.9	49	-9999.9	3	22.9	3
2025 10 12 17	1.71	1.67	5.4	5.4	7.3	3.2	-9999.9	3	39	-9999.9	46	-9999.9	3	22.9	3
2025 10 12 18	1.72	1.7	5.4	5.2	7.1	2.73	-9999.9	3	39	-9999.9	43	-9999.9	3	22.8	3
2025 10 12 19	1.76	1.71	5.3	5.2	7.4	2.93	-9999.9	3	40	-9999.9	46	-9999.9	3	22.8	3
2025 10 12 20	1.73	1.65	5.2	5.1	7.2	2.62	-9999.9	3	42	-9999.9	45	-9999.9	3	22.7	3
2025 10 12 21	1.83	1.78	5.4	5.4	7.6	2.98	-9999.9	3	42	-9999.9	43	-9999.9	3	22.7	3
2025 10 12 22	1.81	1.78	5.4	5.3	7.2	3.1	-9999.9	3	44	-9999.9	42	-9999.9	3	22.7	3
2025 10 12 23	1.68	1.6	5.0	5.2	7.1	2.32	-9999.9	3	44	-9999.9	42	-9999.9	3	22.6	3
2025 10 13 00	1.9	1.83	5.8	5.6	7.7	2.79	-9999.9	3	45	-9999.9	42	-9999.9	3	22.5	3
2025 10 13 01	2.03	1.98	6.0	5.8	7.7	3.57	-9999.9	3	40	-9999.9	42	-9999.9	3	22.6	3
2025 10 13 02	2.01	1.96	6.0	5.7	7.7	2.89	-9999.9	3	43	-9999.9	43	-9999.9	3	22.6	3
2025 10 13 03	2.06	1.99	5.9	5.8	7.9	3.35	-9999.9	3	39	-9999.9	38	-9999.9	3	22.5	3
2025 10 13 04	1.99	1.92	5.5	5.5	8.1	3.51	-9999.9	3	38	-9999.9	39	-9999.9	3	22.5	3
2025 10 13 05	2.23	2.16	5.7	5.8	7.8	3.33	-9999.9	3	43	-9999.9	40	-9999.9	3	22.5	3
2025 10 13 06	2.19	2.14	5.7	5.9	8.0	3.98	-9999.9	3	37	-9999.9	42	-9999.9	3	22.5	3
2025 10 13 07	1.8	1.73	5.3	5.4	7.8	2.85	-9999.9	3	42	-9999.9	45	-9999.9	3	22.5	3
2025 10 13 08	1.88	1.82	5.7	5.5	7.4	2.71	-9999.9	3	40	-9999.9	45	-9999.9	3	22.5	3
2025 10 13 09	1.83	1.78	5.6	5.4	7.8	2.92	-9999.9	3	41	-9999.9	43	-9999.9	3	22.5	3
2025 10 13 10	1.62	1.56	5.2	5.1	7.5	2.46	-9999.9	3	44	-9999.9	47	-9999.9	3	22.5	3
2025 10 13 11	1.62	1.57	5.4	5.3	7.5	2.24	-9999.9	3	46	-9999.9	43	-9999.9	3	22.6	3
2025 10 13 12	1.48	1.42	4.8	4.9	7.5	2.34	-9999.9	3	46	-9999.9	43	-9999.9	3	22.6	3
2025 10 13 13	1.45	1.44	5.1	5.0	7.5	2.5	-9999.9	3	47	-9999.9	47	-9999.9	3	22.7	3
2025 10 13 14	1.42	1.36	5.1	4.9	7.0	2.48	-9999.9	3	47	-9999.9	48	-9999.9	3	22.8	3
2025 10 13 15	1.23	1.18	4.6	4.6	6.2	1.92	-9999.9	3	34	-9999.9	44	-9999.9	3	22.9	3
2025 10 13 16	1.32	1.28	4.9	5.0	6.8	2.05	-9999.9	3	39	-9999.9	40	-9999.9	3	22.7	3
2025 10 13 17	1.25	1.23	4.6	4.9	7.0	2.05	-9999.9	3	36	-9999.9	43	-9999.9	3	22.7	3
2025 10 13 18	1.27	1.23	4.8	4.8	7.1	1.91	-9999.9	3	36	-9999.9	43	-9999.9	3	22.7	3
2025 10 13 19	1.26	1.22	4.7	4.9	7.0	1.98	-9999.9	3	35	-9999.9	44	-9999.9	3	22.6	3
2025 10 13 20	1.22	1.18	4.9	4.9	7.0	2.12	-9999.9	3	40	-9999.9	42	-9999.9	3	22.6	3
2025 10 13 21	1.2	1.16	4.8	4.9	6.7	1.79	-9999.9	3	36	-9999.9	42	-9999.9	3	22.6	3
2025 10 13 22	1.13	1.09	4.9	4.9	7.0	1.79	-9999.9	3	40	-9999.9	42	-9999.9	3	22.5	3
2025 10 13 23	1.11	1.08	4.9	4.9	6.7	1.7	-9999.9	3	39	-9999.9	43	-9999.9	3	22.6	3
2025 10 14 00	1.1	1.07	5.0	5.1	6.6	1.83	-9999.9	3	37	-9999.9	42	-9999.9	3	22.5	3
2025 10 14 01	1.0	0.98	4.7	4.8	6.5	1.61	-9999.9	3	40	-9999.9	42	-9999.9	3	22.4	3
2025 10 14 02	0.93	0.9	4.8	4.7	6.6	1.39	-9999.9	3	47	-9999.9	44	-9999.9	3	22.4	3
2025 10 14 03	0.9	0.88	4.8	4.7	6.1	1.34	-9999.9	3	41	-9999.9	40	-9999.9	3	22.4	3
2025 10 14 04	0.84	0.82	4.4	4.6	6.0	1.69	-9999.9	3	40	-9999.9	41	-9999.9	3	22.4	3
2025 10 14 05	0.79	0.77	4.6	4.7	6.1	1.16	-9999.9	3	39	-9999.9	43	-9999.9	3	22.4	3
2025 10 14 06	0.69	0.68	4.6	4.4	6.0	1.01	-9999.9	3	38	-9999.9	45	-9999.9	3	22.4	3
2025 10 14 07	0.66	0.65	4.6	4.4	5.5	1.12	-9999.9	3	42	-9999.9	44	-9999.9	3	22.3	3
2025 10 14 08	0.7	0.68	4.7	4.5	5.9	1.13	-9999.9	3	41	-9999.9	43	-9999.9	3	22.3	3
2025 10 14 09	0.64	0.63	4.4	4.4	5.8	0.99	-9999.9	3	44	-9999.9	43	-9999.9	3	22.4	3
2025 10 14 10	0.62	0.6	4.3	4.4	5.7	0.99	-9999.9	3	43	-9999.9	44	-9999.9	3	22.6	3
2025 10 14 11	0.57	0.55	4.3	4.4	5.7	0.97	-9999.9	3	47	-9999.9	45	-9999.9	3	22.9	3
2025 10 14 12	0.6	0.58	4.5	4.5	5.7	0.87	-9999.9	3	46	-9999.9	45	-9999.9	3	23.0	3
2025 10 14 13	0.55	0.54	4.3	4.4	5.5	0.97	-9999.9	3	43	-9999.9	46	-9999.9	3	23.0	3
2025 10 14 14	0.58	0.56	3.8	4.2	6.6	0.92	-9999.9	3	46	-9999.9	45	-9999.9	3	23.0	3
2025 10 14 15	0.59	0.57	3.8	3.9	6.4	0.97	-9999.9	3	48	-9999.9	41	-9999.9	3	23.1	3
2025 10 14 16	0.61	0.58	3.9	4.0	6.1	0.91	-9999.9	3	44	-9999.9	46	-9999.9	3	23.2	3
2025 10 14 17	0.58	0.55	3.6	3.8	6.2	0.91	-9999.9	3	47	-9999.9	49	-9999.9	3	22.8	3
2025 10 14 18	0.6	0.57	3.9	4.0	6.0	0.97	-9999.9	3	48	-9999.9	41	-9999.9	3	22.8	3
2025 10 14 19	0.58	0.57	3.9	4.0	6.0	1.03	-9999.9	3	46	-9999.9	43	-9999.9	3	22.8	3
2025 10 14 20	0.63	0.63	4.3	4.3	5.7	1.13	-9999.9	3	44	-9999.9	39	-9999.9	3	22.8	3
2025 10 14 21	0.63	0.61	4.1	4.1	5.6	0.97	-9999.9	3	49	-9999.9	40	-9999.9	3	22.8	3
2025 10 14 22	0.55	0.53	3.8	4.0	5.9	0.93	-9999.9	3	48	-9999.9	45	-9999.9	3	22.8	3
2025 10 14 23	0.54	0.53	4.0	4.1	6.1	0.83	-9999.9	3	51	-9999.9	46	-9999.9	3	22.8	3
2025 10 15 00	0.5	0.48	3.9	4.0	5.9	0.83	-9999.9	3	54	-9999.9	47	-9999.9	3	22.7	3
2025 10 15 01	0.57	0.56	3.9	4.0	5.7	0.92	-9999.9	3	55	-9999.9	44	-9999.9	3	22.7	3
2025 10 15 02	0.6	0.59	3.8	3.9	6.1	1.0	-9999.9	3	56	-9999.9	45	-9999.9	3	22.7	3
2025 10 15 03	0.55	0.54	3.7	3.9	5.7	0.8	-9999.9	3	55	-9999.9	46	-9999.9	3	22.7	3
2025 10 15 04	0.63	0.6	3.7	3.9	6.2	1.1	-9999.9	3	55	-9999.9	42	-9999.9	3	22.6	3
2025 10 15 05	0.72	0.67	3.6	3.6	6.4	1.04	-9999.9	3	54	-9999.9	45	-9999.9	3	22.6	3
2025 10 15 06	0.68	0.64	3.4	3.6	6.4	1.21	-9999.9	3	47	-9999.9	47	-9999.9	3	22.6	3
2025 10 15 07	0.71	0.69	3.9	4.0	6.1	1.31	-9999.9	3	39	-9999.9	45	-9999.9	3	22.6	3
2025 10 15 08	0.69	0.66	3.8	3.9	6.2	1.22	-9999.9	3	43	-9999.9	48	-9999.9	3	22.5	3
2025 10 15 09	0.73	0.72	3.8	4.0	6.1	1.44	-9999.9	3	47	-9999.9	47	-9999.9	3	22.4	3
2025 10 15 10	0.67	0.66	4.1	4.0	6.1	1.01	-9999.9	3	51	-9999.9	44	-9999.9	3	22.5	3
2025 10 15 11	0.61	0.59	3.9	4.0	5.9	1.12	-9999.9	3	51	-9999.9	43	-9999.9	3	22.6	3
2025 10 15 12	0.56	0.55	3.9	4.1	6.2	0.9	-9999.9	3	54	-9999.9	47	-9999.9	3	22.8	3
2025 10 15 13	0.52	0.51	3.9	4.1	6.1	0.78	-9999.9	3	55	-9999.9	45	-9999.9	3	23.1	3
2025 10 15 14	0.47	0.45	3.9	4.0	6.1	0.82	-9999.9	3	55	-9999.9	45	-9999.9	3	23.1	3
2025 10 15 15	0.53	0.52	4.1	4.2	6.0	0.87	-9999.9	3	55	-9999.9	40	-9999.9	3	23.1	3
2025 10 15 16	0.45	0.44	3.8	3.8	5.7	0.65	-9999.9	3	65	-9999.9	47	-9999.9	3	23.2	3
2025 10 15 17	0.44	0.43	3.7	3.7	5.9	0.9	-9999.9	3	67	-9999.9	47	-9999.9	3	23.2	3
2025 10 15 18	0.43	0.42	3.5	3.6	5.6	0.71	-9999.9	3	61	-9999.9	48	-9999.9	3	23.0	3
2025 10 15 19	0.46	0.45	3.7	3.7	5.4	0.81	-9999.9	3	60	-9999.9	41	-9999.9	3	23.0	3
2025 10 15 20	0.45	0.42	3.2	3.4	5.3	0.65	-9999.9	3	59	-9999.9	43	-9999.9	3	23.0	3
2025 10 15 21	0.45	0.43	3.3	3.4	5.4	0.75	-9999.9	3	60	-9999.9	44	-9999.9	3	22.9	3
2025 10 15 22	0.43	0.42	3.3	3.4	5.5	0.67	-9999.9	3	61	-9999.9	46	-9999.9	3	22.9	3
2025 10 15 23	0.46	0.45	3.3	3.4	4.7	0.74	-9999.9	3	65	-9999.9	46	-9999.9	3	22.9	3
2025 10 16 00	0.47	0.45	3.4	3.6	5.0	0.81	-9999.9	3	59	-9999.9	47	-9999.9	3	22.9	3
2025 10 16 01	0.47	0.46	3.6	3.6	5.2	0.69	-9999.9	3	54	-9999.9	48	-9999.9	3	22.9	3
2025 10 16 02	0.55	0.52	3.4	3.5	5.1	0.91	-9999.9	3	58	-9999.9	46	-9999.9	3	22.8	3
2025 10 16 03	0.61	0.59	3.3	3.4	4.9	0.97	-9999.9	3	60	-9999.9	47	-9999.9	3	22.8	3
2025 10 16 04	0.56	0.55	3.2	3.3	5.0	1.01	-9999.9	3	56	-9999.9	52	-9999.9	3	22.8	3
2025 10 16 05	0.64	0.61	3.4	3.5	5.3	0.94	-9999.9	3	53	-9999.9	46	-9999.9	3	22.7	3
2025 10 16 06	0.64	0.6	3.3	3.3	5.0	1.12	-9999.9	3	49	-9999.9	50	-9999.9	3	22.6	3
2025 10 16 07	0.7	0.67	3.3	3.3	4.8	1.26	-9999.9	3	50	-9999.9	46	-9999.9	3	22.6	3
2025 10 16 08	0.76	0.75	3.4	3.3	4.9	1.27	-9999.9	3	51	-9999.9	46	-9999.9	3	22.7	3
2025 10 16 09	0.76	0.72	3.2	3.3	4.9	1.46	-9999.9	3	53	-9999.9	47	-9999.9	3	22.7	3
2025 10 16 10	0.82	0.78	3.3	3.4	5.0	1.39	-9999.9	3	60	-9999.9	47	-9999.9	3	22.6	3
2025 10 16 11	0.78	0.75	3.4	3.4	4.8	1.07	-9999.9	3	59	-9999.9	48	-9999.9	3	22.5	3
2025 10 16 12	0.79	0.78	3.6	3.5	5.2	1.23	-9999.9	3	60	-9999.9	46	-9999.9	3	22.7	3
2025 10 16 13	0.8	0.77	3.4	3.5	4.9	1.34	-9999.9	3	61	-9999.9	45	-9999.9	3	22.7	3
2025 10 16 14	0.8	0.77	3.4	3.5	5.0	1.33	-9999.9	3	59	-9999.9	44	-9999.9	3	22.7	3
2025 10 16 15	0.8	0.77	3.6	3.6	5.4	1.28	-9999.9	3	66	-9999.9	45	-9999.9	3	22.7	3
2025 10 16 16	0.76	0.75	3.6	3.7	5.3	1.31	-9999.9	3	68	-9999.9	46	-9999.9	3	22.7	3
2025 10 16 17	0.79	0.77	3.6	3.6	5.1	1.41	-9999.9	3	65	-9999.9	43	-9999.9	3	22.6	3
2025 10 16 18	0.8	0.77	3.5	3.6	5.3	1.45	-9999.9	3	70	-9999.9	45	-9999.9	3	22.5	3
2025 10 16 19	0.88	0.85	3.7	3.7	5.1	1.49	-9999.9	3	69	-9999.9	44	-9999.9	3	22.4	3
2025 10 16 20	0.83	0.81	3.6	3.8	5.3	1.31	-9999.9	3	64	-9999.9	42	-9999.9	3	22.4	3
2025 10 16 21	0.81	0.8	3.7	3.8	5.4	1.46	-9999.9	3	67	-9999.9	45	-9999.9	3	22.4	3
2025 10 16 22	0.86	0.84	4.0	3.9	5.3	1.38	-9999.9	3	64	-9999.9	45	-9999.9	3	22.4	3
2025 10 16 23	0.87	0.83	4.1	4.1	5.5	1.23	-9999.9	3	74	-9999.9	46	-9999.9	3	22.4	3
2025 10 17 00	0.83	0.8	3.8	3.9	5.7	1.39	-9999.9	3	67	-9999.9	45	-9999.9	3	22.4	3
2025 10 17 01	0.81	0.78	3.8	3.9	5.6	1.5	-9999.9	3	65	-9999.9	44	-9999.9	3	22.4	3
2025 10 17 02	0.8	0.77	3.8	3.8	5.5	1.2	-9999.9	3	66	-9999.9	46	-9999.9	3	22.3	3
2025 10 17 03	0.84	0.81	3.8	3.9	5.4	1.55	-9999.9	3	65	-9999.9	45	-9999.9	3	22.3	3
2025 10 17 04	0.86	0.82	3.9	4.0	5.6	1.31	-9999.9	3	62	-9999.9	42	-9999.9	3	22.4	3
2025 10 17 05	0.79	0.77	3.6	3.9	5.5	1.5	-9999.9	3	61	-9999.9	47	-9999.9	3	22.3	3
2025 10 17 06	0.89	0.86	3.9	4.0	5.5	1.27	-9999.9	3	59	-9999.9	42	-9999.9	3	22.3	3
2025 10 17 07	0.89	0.83	3.9	3.9	5.2	1.39	-9999.9	3	56	-9999.9	42	-9999.9	3	22.3	3
2025 10 17 08	0.85	0.84	3.8	3.8	5.2	1.34	-9999.9	3	61	-9999.9	43	-9999.9	3	22.3	3
2025 10 17 09	0.88	0.87	3.9	3.9	5.6	1.24	-9999.9	3	65	-9999.9	46	-9999.9	3	22.3	3
2025 10 17 10	0.91	0.88	3.7	3.9	5.6	1.55	-9999.9	3	61	-9999.9	42	-9999.9	3	22.4	3
2025 10 17 11	0.85	0.81	3.8	3.8	5.6	1.16	-9999.9	3	65	-9999.9	46	-9999.9	3	22.4	3
2025 10 17 12	0.92	0.9	4.0	4.0	5.4	1.69	-9999.9	3	66	-9999.9	42	-9999.9	3	22.5	3
2025 10 17 13	0.82	0.77	3.7	3.8	5.6	1.35	-9999.9	3	64	-9999.9	50	-9999.9	3	22.6	3
2025 10 17 14	0.84	0.81	3.9	3.9	5.6	1.23	-9999.9	3	63	-9999.9	45	-9999.9	3	22.6	3
2025 10 17 15	0.83	0.81	3.9	3.8	5.4	1.38	-9999.9	3	65	-9999.9	45	-9999.9	3	22.6	3
2025 10 17 16	0.98	0.94	4.0	4.1	5.9	1.66	-9999.9	3	63	-9999.9	38	-9999.9	3	22.5	3
2025 10 17 17	0.91	0.89	3.9	4.1	5.6	1.35	-9999.9	3	61	-9999.9	40	-9999.9	3	22.5	3
2025 10 17 18	0.88	0.85	4.0	4.1	5.5	1.61	-9999.9	3	63	-9999.9	43	-9999.9	3	22.5	3
2025 10 17 19	0.83	0.8	3.9	4.0	5.6	1.44	-9999.9	3	60	-9999.9	46	-9999.9	3	22.4	3
2025 10 17 20	0.94	0.91	4.0	4.0	5.8	1.37	-9999.9	3	64	-9999.9	41	-9999.9	3	22.4	3
2025 10 17 21	0.9	0.87	4.1	4.0	5.4	1.39	-9999.9	3	62	-9999.9	46	-9999.9	3	22.4	3
2025 10 17 22	0.91	0.88	4.1	4.1	5.7	1.3	-9999.9	3	64	-9999.9	44	-9999.9	3	22.4	3
2025 10 17 23	0.87	0.85	4.0	4.0	6.0	1.39	-9999.9	3	63	-9999.9	42	-9999.9	3	22.4	3
2025 10 18 00	0.89	0.89	4.2	4.1	5.6	1.4	-9999.9	3	59	-9999.9	44	-9999.9	3	22.3	3
2025 10 18 01	0.89	0.87	4.2	4.3	5.9	1.59	-9999.9	3	62	-9999.9	40	-9999.9	3	22.3	3
2025 10 18 02	0.82	0.8	4.3	4.3	5.9	1.31	-9999.9	3	63	-9999.9	43	-9999.9	3	22.2	3
2025 10 18 03	0.83	0.81	4.3	4.4	6.0	1.26	-9999.9	3	64	-9999.9	44	-9999.9	3	22.2	3
2025 10 18 04	0.82	0.8	4.5	4.4	6.0	1.26	-9999.9	3	63	-9999.9	39	-9999.9	3	22.1	3
2025 10 18 05	0.78	0.75	4.0	4.0	5.8	1.12	-9999.9	3	64	-9999.9	44	-9999.9	3	22.0	3
2025 10 18 06	0.79	0.78	4.0	4.2	5.7	1.45	-9999.9	3	63	-9999.9	42	-9999.9	3	22.1	3
2025 10 18 07	0.8	0.78	4.1	4.2	5.9	1.35	-9999.9	3	64	-9999.9	44	-9999.9	3	22.0	3
2025 10 18 08	0.82	0.8	4.4	4.4	5.9	1.6	-9999.9	3	64	-9999.9	42	-9999.9	3	22.1	3
2025 10 18 09	0.81	0.79	4.0	4.2	5.8	1.31	-9999.9	3	62	-9999.9	42	-9999.9	3	22.2	3
2025 10 18 10	0.79	0.74	3.9	4.1	5.4	1.34	-9999.9	3	57	-9999.9	44	-9999.9	3	22.3	3
2025 10 18 11	0.81	0.78	4.0	4.0	5.5	1.47	-9999.9	3	56	-9999.9	46	-9999.9	3	22.5	3
2025 10 18 12	0.79	0.78	4.2	4.2	5.9	1.26	-9999.9	3	57	-9999.9	43	-9999.9	3	22.7	3
2025 10 18 13	0.83	0.81	4.4	4.2	5.6	1.34	-9999.9	3	58	-9999.9	42	-9999.9	3	22.8	3
2025 10 18 14	0.83	0.8	4.0	4.2	5.5	1.32	-9999.9	3	58	-9999.9	45	-9999.9	3	22.7	3
2025 10 18 15	0.84	0.8	3.9	4.1	5.6	1.45	-9999.9	3	56	-9999.9	43	-9999.9	3	22.9	3
2025 10 18 16	0.82	0.79	3.7	3.8	5.5	1.22	-9999.9	3	60	-9999.9	44	-9999.9	3	22.7	3
2025 10 18 17	0.84	0.8	3.7	3.8	5.6	1.32	-9999.9	3	60	-9999.9	44	-9999.9	3	22.3	3
2025 10 18 18	0.81	0.79	3.6	3.7	5.5	1.25	-9999.9	3	62	-9999.9	46	-9999.9	3	22.1	3
2025 10 18 19	0.82	0.8	3.8	3.8	5.6	1.42	-9999.9	3	63	-9999.9	45	-9999.9	3	21.9	3
2025 10 18 20	0.79	0.75	3.8	3.9	5.6	1.28	-9999.9	3	62	-9999.9	49	-9999.9	3	22.1	3
2025 10 18 21	0.89	0.87	4.2	4.1	5.5	1.35	-9999.9	3	61	-9999.9	48	-9999.9	3	21.9	3
2025 10 18 22	0.94	0.92	4.3	4.2	5.5	1.67	-9999.9	3	63	-9999.9	44	-9999.9	3	21.8	3
2025 10 18 23	0.96	0.93	4.2	4.2	5.4	1.56	-9999.9	3	69	-9999.9	46	-9999.9	3	21.8	3
2025 10 19 00	0.98	0.96	4.3	4.3	5.6	1.65	-9999.9	3	63	-9999.9	45	-9999.9	3	21.8	3
2025 10 19 01	0.91	0.88	4.2	4.1	5.4	1.78	-9999.9	3	69	-9999.9	47	-9999.9	3	21.8	3
2025 10 19 02	0.95	0.94	4.2	4.1	5.4	1.6	-9999.9	3	65	-9999.9	43	-9999.9	3	21.7	3
2025 10 19 03	0.93	0.9	4.0	4.1	5.8	1.34	-9999.9	3	61	-9999.9	40	-9999.9	3	21.6	3
2025 10 19 04	0.88	0.84	4.0	4.2	5.8	1.47	-9999.9	3	64	-9999.9	41	-9999.9	3	21.4	3
2025 10 19 05	0.81	0.78	4.0	4.1	5.7	1.33	-9999.9	3	67	-9999.9	46	-9999.9	3	21.3	3
2025 10 19 06	0.83	0.8	4.0	4.1	5.8	1.45	-9999.9	3	69	-9999.9	44	-9999.9	3	21.4	3
2025 10 19 07	0.77	0.75	4.1	4.0	5.5	1.18	-9999.9	3	61	-9999.9	44	-9999.9	3	21.3	3
2025 10 19 08	0.69	0.66	3.8	3.9	5.6	1.12	-9999.9	3	60	-9999.9	49	-9999.9	3	21.3	3
2025 10 19 09	0.72	0.69	3.9	4.1	5.7	1.16	-9999.9	3	55	-9999.9	45	-9999.9	3	21.5	3
2025 10 19 10	0.81	0.78	4.2	4.2	5.3	1.26	-9999.9	3	58	-9999.9	43	-9999.9	3	21.7	3
2025 10 19 11	0.78	0.74	3.9	4.0	5.2	1.38	-9999.9	3	61	-9999.9	44	-9999.9	3	21.9	3
2025 10 19 12	0.77	0.74	4.1	4.1	5.4	1.18	-9999.9	3	63	-9999.9	43	-9999.9	3	22.3	3
2025 10 19 13	0.77	0.75	3.9	4.0	5.2	1.21	-9999.9	3	67	-9999.9	44	-9999.9	3	22.0	3
2025 10 19 14	0.74	0.72	4.0	4.0	5.3	1.24	-9999.9	3	71	-9999.9	44	-9999.9	3	22.2	3
2025 10 19 15	0.76	0.74	4.0	4.0	5.3	1.19	-9999.9	3	66	-9999.9	42	-9999.9	3	22.0	3
2025 10 19 16	0.7	0.69	3.9	3.9	5.3	1.3	-9999.9	3	68	-9999.9	44	-9999.9	3	22.0	3
2025 10 19 17	0.63	0.62	3.7	3.8	5.2	1.02	-9999.9	3	69	-9999.9	45	-9999.9	3	21.9	3
2025 10 19 18	0.56	0.54	3.6	3.7	5.0	0.84	-9999.9	3	69	-9999.9	50	-9999.9	3	22.6	3
2025 10 19 19	0.53	0.51	3.7	3.7	5.0	0.93	-9999.9	3	65	-9999.9	50	-9999.9	3	22.4	3
2025 10 19 20	0.54	0.52	3.8	3.8	4.9	0.84	-9999.9	3	63	-9999.9	47	-9999.9	3	22.3	3
2025 10 19 21	0.59	0.57	3.7	3.8	4.8	0.94	-9999.9	3	60	-9999.9	46	-9999.9	3	22.2	3
2025 10 19 22	0.59	0.57	3.9	3.9	5.1	0.92	-9999.9	3	63	-9999.9	40	-9999.9	3	22.1	3
2025 10 19 23	0.53	0.51	3.8	3.7	4.7	0.85	-9999.9	3	63	-9999.9	45	-9999.9	3	22.0	3
2025 10 20 00	0.5	0.49	3.7	3.7	4.6	0.8	-9999.9	3	67	-9999.9	44	-9999.9	3	22.0	3
2025 10 20 01	0.47	0.46	3.7	3.8	4.9	0.9	-9999.9	3	69	-9999.9	44	-9999.9	3	22.0	3
2025 10 20 02	0.4	0.4	3.6	3.7	4.7	0.63	-9999.9	3	65	-9999.9	44	-9999.9	3	21.9	3
2025 10 20 03	0.38	0.36	3.5	3.6	4.8	0.6	-9999.9	3	63	-9999.9	46	-9999.9	3	21.8	3
2025 10 20 04	0.37	0.36	3.6	3.6	4.7	0.56	-9999.9	3	62	-9999.9	43	-9999.9	3	21.7	3
2025 10 20 05	0.32	0.3	3.3	3.5	4.5	0.55	-9999.9	3	58	-9999.9	46	-9999.9	3	21.7	3
2025 10 20 06	0.3	0.29	3.5	3.5	4.4	0.48	-9999.9	3	58	-9999.9	47	-9999.9	3	21.6	3
2025 10 20 07	0.27	0.27	3.7	3.6	4.5	0.41	-9999.9	3	53	-9999.9	48	-9999.9	3	21.6	3
2025 10 20 08	0.24	0.23	3.4	3.5	4.5	0.42	-9999.9	3	47	-9999.9	56	-9999.9	3	21.7	3
2025 10 20 09	0.25	0.23	3.5	3.6	4.3	0.41	-9999.9	3	53	-9999.9	56	-9999.9	3	22.0	3
2025 10 20 10	0.24	0.24	3.4	3.6	4.2	0.44	-9999.9	3	47	-9999.9	50	-9999.9	3	22.1	3
2025 10 20 11	0.23	0.23	3.4	3.7	4.7	0.41	-9999.9	3	54	-9999.9	50	-9999.9	3	22.2	3
2025 10 20 12	0.25	0.24	2.9	3.3	4.7	0.4	-9999.9	3	47	-9999.9	47	-9999.9	3	22.3	3
2025 10 20 13	0.23	0.23	3.1	3.7	5.3	0.39	-9999.9	3	58	-9999.9	48	-9999.9	3	22.3	3
2025 10 20 14	0.21	0.21	3.0	4.0	5.4	0.39	-9999.9	3	70	-9999.9	47	-9999.9	3	22.1	3
2025 10 20 15	0.19	0.18	3.4	3.8	4.9	0.34	-9999.9	3	67	-9999.9	41	-9999.9	3	22.0	3
2025 10 20 16	0.2	0.19	3.3	3.3	3.8	0.31	-9999.9	3	40	-9999.9	42	-9999.9	3	22.0	3
2025 10 20 17	0.19	0.18	3.1	3.2	3.4	0.34	-9999.9	3	34	-9999.9	46	-9999.9	3	21.9	3
2025 10 20 18	0.19	0.18	3.1	3.0	3.8	0.32	-9999.9	3	34	-9999.9	48	-9999.9	3	21.8	3
2025 10 20 19	0.2	0.19	3.1	3.1	3.9	0.3	-9999.9	3	30	-9999.9	48	-9999.9	3	21.8	3
2025 10 20 20	0.19	0.18	3.2	3.2	4.3	0.27	-9999.9	3	26	-9999.9	48	-9999.9	3	21.7	3
2025 10 20 21	0.19	0.18	3.6	3.7	4.7	0.35	-9999.9	3	20	-9999.9	47	-9999.9	3	21.7	3
2025 10 20 22	0.2	0.19	3.7	4.1	5.8	0.34	-9999.9	3	23	-9999.9	45	-9999.9	3	21.6	3
2025 10 20 23	0.19	0.18	2.9	3.7	5.0	0.36	-9999.9	3	18	-9999.9	48	-9999.9	3	21.6	3
2025 10 21 00	0.17	0.16	3.6	3.7	5.4	0.3	-9999.9	3	26	-9999.9	49	-9999.9	3	21.6	3
2025 10 21 01	0.17	0.16	3.9	4.0	6.3	0.26	-9999.9	3	17	-9999.9	52	-9999.9	3	21.5	3
2025 10 21 02	0.2	0.2	3.6	4.3	6.3	0.36	-9999.9	3	29	-9999.9	52	-9999.9	3	21.5	3
2025 10 21 03	0.27	0.26	2.4	2.7	5.0	0.5	-9999.9	3	357	-9999.9	50	-9999.9	3	21.5	3
2025 10 21 04	0.23	0.22	2.7	3.1	6.5	0.4	-9999.9	3	15	-9999.9	54	-9999.9	3	21.5	3
2025 10 21 05	0.21	0.2	2.7	3.6	6.3	0.43	-9999.9	3	19	-9999.9	51	-9999.9	3	21.5	3
2025 10 21 06	0.19	0.18	3.6	3.9	6.6	0.4	-9999.9	3	23	-9999.9	53	-9999.9	3	21.5	3
2025 10 21 07	0.19	0.19	3.7	3.7	6.4	0.31	-9999.9	3	22	-9999.9	53	-9999.9	3	21.6	3
2025 10 21 08	0.2	0.2	2.5	3.3	5.9	0.3	-9999.9	3	32	-9999.9	48	-9999.9	3	21.6	3
2025 10 21 09	0.21	0.2	2.2	2.6	4.7	0.36	-9999.9	3	21	-9999.9	45	-9999.9	3	21.6	3
2025 10 21 10	0.21	0.2	2.6	3.0	6.7	0.35	-9999.9	3	39	-9999.9	45	-9999.9	3	21.6	3
2025 10 21 11	0.22	0.21	2.7	3.1	6.6	0.37	-9999.9	3	34	-9999.9	52	-9999.9	3	21.7	3
2025 10 21 12	0.31	0.29	2.7	2.9	6.5	0.46	-9999.9	3	4	-9999.9	48	-9999.9	3	21.7	3
2025 10 21 13	0.4	0.38	2.6	2.7	4.7	0.66	-9999.9	3	353	-9999.9	44	-9999.9	3	21.7	3
2025 10 21 14	0.32	0.31	2.6	3.0	6.2	0.57	-9999.9	3	6	-9999.9	47	-9999.9	3	21.6	3
2025 10 21 15	0.3	0.29	2.9	3.3	4.9	0.51	-9999.9	3	14	-9999.9	50	-9999.9	3	21.6	3
2025 10 21 16	0.37	0.35	2.8	3.2	6.3	0.55	-9999.9	3	8	-9999.9	48	-9999.9	3	21.5	3
2025 10 21 17	0.32	0.3	3.0	3.4	6.1	0.52	-9999.9	3	15	-9999.9	49	-9999.9	3	21.5	3
2025 10 21 18	0.25	0.24	3.5	3.6	5.9	0.4	-9999.9	3	28	-9999.9	49	-9999.9	3	21.4	3
2025 10 21 19	0.25	0.24	3.3	3.5	4.8	0.41	-9999.9	3	33	-9999.9	50	-9999.9	3	21.4	3
2025 10 21 20	0.26	0.25	3.6	3.8	5.8	0.39	-9999.9	3	28	-9999.9	47	-9999.9	3	21.5	3
2025 10 21 21	0.32	0.3	2.7	2.8	4.6	0.52	-9999.9	3	14	-9999.9	44	-9999.9	3	21.4	3
2025 10 21 22	0.2	0.19	3.4	3.6	5.3	0.36	-9999.9	3	34	-9999.9	51	-9999.9	3	21.3	3
2025 10 21 23	0.23	0.22	2.8	3.1	6.7	0.39	-9999.9	3	40	-9999.9	50	-9999.9	3	21.2	3
2025 10 22 00	0.27	0.26	2.1	2.3	2.1	0.47	-9999.9	3	353	-9999.9	46	-9999.9	3	21.4	3
2025 10 22 01	0.19	0.18	3.0	3.5	7.9	0.31	-9999.9	3	41	-9999.9	57	-9999.9	3	21.4	3
2025 10 22 02	0.23	0.22	2.3	2.8	4.3	0.36	-9999.9	3	16	-9999.9	56	-9999.9	3	21.4	3
2025 10 22 03	0.26	0.25	3.1	4.0	5.1	0.47	-9999.9	3	10	-9999.9	50	-9999.9	3	21.4	3
2025 10 22 04	0.25	0.23	3.9	4.2	5.9	0.41	-9999.9	3	19	-9999.9	50	-9999.9	3	21.4	3
2025 10 22 05	0.22	0.21	3.4	4.0	5.6	0.35	-9999.9	3	21	-9999.9	53	-9999.9	3	21.4	3
2025 10 22 06	0.22	0.22	4.3	4.4	6.0	0.42	-9999.9	3	27	-9999.9	48	-9999.9	3	21.4	3
2025 10 22 07	0.23	0.22	4.1	4.0	5.2	0.36	-9999.9	3	21	-9999.9	48	-9999.9	3	21.4	3
2025 10 22 08	0.23	0.22	3.9	4.3	6.7	0.42	-9999.9	3	16	-9999.9	47	-9999.9	3	21.4	3
2025 10 22 09	0.21	0.21	2.8	3.8	5.9	0.34	-9999.9	3	19	-9999.9	53	-9999.9	3	21.4	3
2025 10 22 10	0.17	0.17	2.3	3.5	6.3	0.39	-9999.9	3	24	-9999.9	54	-9999.9	3	21.5	3
2025 10 22 11	0.17	0.17	2.2	2.8	4.9	0.3	-9999.9	3	13	-9999.9	46	-9999.9	3	21.5	3
2025 10 22 12	0.16	0.16	2.4	3.3	6.4	0.26	-9999.9	3	28	-9999.9	49	-9999.9	3	21.5	3
2025 10 22 13	0.22	0.21	2.8	3.7	5.9	0.41	-9999.9	3	20	-9999.9	47	-9999.9	3	21.6	3
2025 10 22 14	0.26	0.25	3.2	3.9	6.1	0.41	-9999.9	3	8	-9999.9	46	-9999.9	3	21.6	3
2025 10 22 15	0.29	0.28	3.4	3.9	6.0	0.46	-9999.9	3	13	-9999.9	52	-9999.9	3	21.6	3
2025 10 22 16	0.31	0.29	3.1	3.5	6.0	0.54	-9999.9	3	12	-9999.9	48	-9999.9	3	21.6	3
2025 10 22 17	0.3	0.28	3.5	3.6	5.1	0.45	-9999.9	3	20	-9999.9	47	-9999.9	3	21.6	3
2025 10 22 18	0.27	0.26	3.7	3.7	5.6	0.42	-9999.9	3	20	-9999.9	49	-9999.9	3	21.5	3
2025 10 22 19	0.26	0.25	3.0	3.8	5.0	0.47	-9999.9	3	27	-9999.9	52	-9999.9	3	21.5	3
2025 10 22 20	0.27	0.26	2.5	2.9	5.5	0.49	-9999.9	3	19	-9999.9	46	-9999.9	3	21.5	3
2025 10 22 21	0.23	0.22	2.3	2.6	3.4	0.37	-9999.9	3	17	-9999.9	47	-9999.9	3	21.5	3
2025 10 22 22	0.21	0.21	2.2	2.7	5.4	0.42	-9999.9	3	33	-9999.9	46	-9999.9	3	21.5	3
2025 10 22 23	0.31	0.3	2.1	2.2	1.9	0.53	-9999.9	3	332	-9999.9	37	-9999.9	3	21.5	3
2025 10 23 00	0.32	0.3	2.0	2.1	2.0	0.69	-9999.9	3	306	-9999.9	44	-9999.9	3	21.5	3
2025 10 23 01	0.31	0.3	2.1	2.2	2.0	0.52	-9999.9	3	324	-9999.9	42	-9999.9	3	21.5	3
2025 10 23 02	0.27	0.25	2.5	2.6	5.8	0.39	-9999.9	3	16	-9999.9	50	-9999.9	3	21.4	3
2025 10 23 03	0.21	0.2	3.4	3.9	6.1	0.29	-9999.9	3	44	-9999.9	59	-9999.9	3	21.4	3
2025 10 23 04	0.26	0.24	4.0	4.1	6.6	0.43	-9999.9	3	21	-9999.9	46	-9999.9	3	21.4	3
2025 10 23 05	0.32	0.3	4.2	4.3	6.2	0.51	-9999.9	3	12	-9999.9	41	-9999.9	3	21.4	3
2025 10 23 06	0.3	0.29	3.4	3.6	4.2	0.54	-9999.9	3	14	-9999.9	42	-9999.9	3	21.4	3
2025 10 23 07	0.34	0.34	4.0	3.9	5.9	0.62	-9999.9	3	16	-9999.9	48	-9999.9	3	21.4	3
2025 10 23 08	0.32	0.31	3.8	3.8	5.0	0.59	-9999.9	3	16	-9999.9	46	-9999.9	3	21.4	3
2025 10 23 09	0.3	0.28	3.8	3.7	5.3	0.47	-9999.9	3	27	-9999.9	47	-9999.9	3	21.4	3
2025 10 23 10	0.27	0.26	3.1	3.7	5.9	0.46	-9999.9	3	42	-9999.9	48	-9999.9	3	21.5	3
2025 10 23 11	0.23	0.23	3.0	3.7	4.8	0.38	-9999.9	3	26	-9999.9	49	-9999.9	3	21.5	3
2025 10 23 12	0.21	0.21	3.0	3.5	4.8	0.38	-9999.9	3	42	-9999.9	50	-9999.9	3	21.6	3
2025 10 23 13	0.2	0.2	3.4	3.7	5.4	0.33	-9999.9	3	38	-9999.9	48	-9999.9	3	21.6	3
2025 10 23 14	0.21	0.2	3.6	3.8	4.9	0.38	-9999.9	3	45	-9999.9	53	-9999.9	3	21.7	3
2025 10 23 15	0.23	0.22	3.6	3.7	4.1	0.43	-9999.9	3	28	-9999.9	51	-9999.9	3	21.8	3
2025 10 23 16	0.23	0.22	3.7	3.7	4.5	0.38	-9999.9	3	18	-9999.9	51	-9999.9	3	21.8	3
2025 10 23 17	0.21	0.21	3.5	3.5	3.8	0.28	-9999.9	3	19	-9999.9	47	-9999.9	3	21.8	3
2025 10 23 18	0.19	0.18	3.3	3.4	3.5	0.4	-9999.9	3	18	-9999.9	48	-9999.9	3	21.6	3
2025 10 23 19	0.21	0.2	3.4	3.5	4.2	0.43	-9999.9	3	14	-9999.9	51	-9999.9	3	21.5	3
2025 10 23 20	0.22	0.21	3.4	3.6	4.1	0.34	-9999.9	3	8	-9999.9	42	-9999.9	3	21.5	3
2025 10 23 21	0.25	0.25	2.7	3.3	4.7	0.42	-9999.9	3	8	-9999.9	35	-9999.9	3	21.5	3
2025 10 23 22	0.24	0.23	3.6	3.6	4.4	0.41	-9999.9	3	19	-9999.9	44	-9999.9	3	21.4	3
2025 10 23 23	0.21	0.2	3.5	3.6	4.5	0.3	-9999.9	3	26	-9999.9	47	-9999.9	3	21.4	3
2025 10 24 00	0.18	0.17	3.5	3.5	4.3	0.29	-9999.9	3	24	-9999.9	52	-9999.9	3	21.5	3
2025 10 24 01	0.14	0.13	3.5	3.5	4.2	0.2	-9999.9	3	33	-9999.9	55	-9999.9	3	21.4	3
2025 10 24 02	0.16	0.15	3.5	3.6	4.2	0.25	-9999.9	3	37	-9999.9	52	-9999.9	3	21.4	3
2025 10 24 03	0.15	0.14	3.3	3.4	4.0	0.26	-9999.9	3	38	-9999.9	51	-9999.9	3	21.4	3
2025 10 24 04	0.16	0.16	3.2	3.4	3.9	0.27	-9999.9	3	33	-9999.9	53	-9999.9	3	21.4	3
2025 10 24 05	0.15	0.14	3.0	3.1	3.7	0.24	-9999.9	3	39	-9999.9	57	-9999.9	3	21.4	3
2025 10 24 06	0.13	0.13	3.1	3.1	3.5	0.21	-9999.9	3	33	-9999.9	55	-9999.9	3	21.3	3
2025 10 24 07	0.14	0.13	3.1	3.0	3.6	0.2	-9999.9	3	46	-9999.9	56	-9999.9	3	21.3	3
2025 10 24 08	0.15	0.15	3.0	3.0	3.5	0.23	-9999.9	3	32	-9999.9	51	-9999.9	3	21.3	3
2025 10 24 09	0.17	0.17	3.2	3.2	3.4	0.27	-9999.9	3	39	-9999.9	52	-9999.9	3	21.5	3
2025 10 24 10	0.2	0.19	3.3	3.4	3.6	0.32	-9999.9	3	32	-9999.9	46	-9999.9	3	21.7	3
2025 10 24 11	0.16	0.15	3.0	3.1	3.4	0.22	-9999.9	3	30	-9999.9	50	-9999.9	3	21.9	3
2025 10 24 12	0.17	0.16	3.2	3.3	4.1	0.29	-9999.9	3	48	-9999.9	47	-9999.9	3	22.0	3
2025 10 24 13	0.13	0.12	3.0	3.4	5.5	0.22	-9999.9	3	39	-9999.9	51	-9999.9	3	22.3	3
2025 10 24 14	0.18	0.17	2.9	3.3	3.6	0.35	-9999.9	3	82	-9999.9	50	-9999.9	3	22.8	3
2025 10 24 15	0.17	0.16	2.2	2.4	2.3	0.28	-9999.9	3	35	-9999.9	49	-9999.9	3	22.9	3
2025 10 24 16	0.2	0.2	2.4	2.4	2.3	0.3	-9999.9	3	32	-9999.9	56	-9999.9	3	23.0	3
2025 10 24 17	0.17	0.16	2.6	2.7	8.2	0.25	-9999.9	3	43	-9999.9	57	-9999.9	3	22.6	3
2025 10 24 18	0.17	0.16	2.8	3.2	8.6	0.25	-9999.9	3	51	-9999.9	53	-9999.9	3	22.3	3
2025 10 24 19	0.16	0.15	3.4	3.7	8.7	0.23	-9999.9	3	52	-9999.9	53	-9999.9	3	22.2	3
2025 10 24 20	0.15	0.13	3.5	3.7	8.4	0.23	-9999.9	3	56	-9999.9	54	-9999.9	3	22.0	3
2025 10 24 21	0.16	0.14	3.7	3.7	8.3	0.22	-9999.9	3	58	-9999.9	52	-9999.9	3	22.0	3
2025 10 24 22	0.15	0.14	3.4	3.5	8.0	0.27	-9999.9	3	50	-9999.9	50	-9999.9	3	22.0	3
2025 10 24 23	0.15	0.13	3.7	3.8	8.8	0.25	-9999.9	3	61	-9999.9	53	-9999.9	3	22.0	3
2025 10 25 00	0.14	0.12	4.4	4.5	8.1	0.19	-9999.9	3	52	-9999.9	55	-9999.9	3	21.8	3
2025 10 25 01	0.15	0.14	4.2	4.2	7.6	0.28	-9999.9	3	57	-9999.9	51	-9999.9	3	21.7	3
2025 10 25 02	0.15	0.14	4.9	5.0	7.8	0.22	-9999.9	3	48	-9999.9	56	-9999.9	3	21.6	3
2025 10 25 03	0.14	0.14	4.3	4.5	7.5	0.22	-9999.9	3	42	-9999.9	54	-9999.9	3	21.6	3
2025 10 25 04	0.16	0.16	4.7	4.7	8.0	0.31	-9999.9	3	45	-9999.9	56	-9999.9	3	21.5	3
2025 10 25 05	0.17	0.16	3.7	4.1	7.0	0.28	-9999.9	3	51	-9999.9	51	-9999.9	3	21.5	3
2025 10 25 06	0.23	0.22	5.0	4.9	8.1	0.39	-9999.9	3	48	-9999.9	47	-9999.9	3	21.5	3
2025 10 25 07	0.21	0.2	4.1	3.9	6.9	0.3	-9999.9	3	61	-9999.9	51	-9999.9	3	21.5	3
2025 10 25 08	0.21	0.2	4.8	4.9	7.1	0.32	-9999.9	3	51	-9999.9	57	-9999.9	3	21.4	3
2025 10 25 09	0.24	0.23	4.5	4.8	7.0	0.38	-9999.9	3	54	-9999.9	48	-9999.9	3	21.5	3
2025 10 25 10	0.22	0.21	4.3	4.3	6.9	0.32	-9999.9	3	50	-9999.9	53	-9999.9	3	21.9	3
2025 10 25 11	0.23	0.22	4.3	4.4	7.1	0.37	-9999.9	3	50	-9999.9	50	-9999.9	3	22.2	3
2025 10 25 12	0.23	0.23	4.6	4.4	6.8	0.36	-9999.9	3	53	-9999.9	53	-9999.9	3	22.7	3
2025 10 25 13	0.27	0.25	4.9	4.8	6.7	0.53	-9999.9	3	51	-9999.9	51	-9999.9	3	22.7	3
2025 10 25 14	0.27	0.26	3.4	3.6	6.4	0.4	-9999.9	3	43	-9999.9	54	-9999.9	3	22.6	3
2025 10 25 15	0.28	0.25	2.9	3.3	7.9	0.41	-9999.9	3	43	-9999.9	58	-9999.9	3	22.5	3
2025 10 25 16	0.26	0.24	2.8	3.7	6.5	0.43	-9999.9	3	35	-9999.9	60	-9999.9	3	22.2	3
2025 10 25 17	0.26	0.25	3.6	4.3	8.5	0.46	-9999.9	3	40	-9999.9	59	-9999.9	3	22.1	3
2025 10 25 18	0.25	0.23	4.2	4.6	8.9	0.38	-9999.9	3	55	-9999.9	56	-9999.9	3	22.0	3
2025 10 25 19	0.24	0.23	4.2	4.5	8.4	0.34	-9999.9	3	55	-9999.9	52	-9999.9	3	21.9	3
2025 10 25 20	0.21	0.2	4.3	4.5	8.8	0.32	-9999.9	3	54	-9999.9	50	-9999.9	3	21.8	3
2025 10 25 21	0.26	0.23	2.4	2.8	7.3	0.38	-9999.9	3	15	-9999.9	51	-9999.9	3	21.8	3
2025 10 25 22	0.27	0.25	2.5	2.7	6.2	0.45	-9999.9	3	17	-9999.9	44	-9999.9	3	21.7	3
2025 10 25 23	0.25	0.23	2.6	2.7	7.1	0.38	-9999.9	3	19	-9999.9	49	-9999.9	3	21.6	3
2025 10 26 00	0.21	0.19	3.2	3.3	8.2	0.35	-9999.9	3	41	-9999.9	52	-9999.9	3	21.5	3
2025 10 26 01	0.21	0.19	3.2	3.3	7.5	0.42	-9999.9	3	33	-9999.9	48	-9999.9	3	21.5	3
2025 10 26 02	0.24	0.22	3.5	3.7	6.2	0.38	-9999.9	3	18	-9999.9	49	-9999.9	3	21.5	3
2025 10 26 03	0.25	0.24	3.7	3.8	6.3	0.41	-9999.9	3	18	-9999.9	45	-9999.9	3	21.5	3
2025 10 26 04	0.27	0.26	3.7	3.8	6.4	0.39	-9999.9	3	19	-9999.9	45	-9999.9	3	21.6	3
2025 10 26 05	0.26	0.24	3.3	3.5	6.4	0.39	-9999.9	3	19	-9999.9	46	-9999.9	3	21.5	3
2025 10 26 06	0.28	0.26	3.7	3.7	6.6	0.44	-9999.9	3	28	-9999.9	50	-9999.9	3	21.8	3
2025 10 26 07	0.29	0.28	3.9	3.8	6.6	0.46	-9999.9	3	37	-9999.9	52	-9999.9	3	21.8	3
2025 10 26 08	0.3	0.29	4.2	4.2	6.5	0.62	-9999.9	3	35	-9999.9	55	-9999.9	3	21.8	3
2025 10 26 09	0.29	0.27	3.8	3.8	6.4	0.49	-9999.9	3	44	-9999.9	56	-9999.9	3	21.8	3
2025 10 26 10	0.33	0.31	4.1	4.3	6.5	0.6	-9999.9	3	28	-9999.9	51	-9999.9	3	21.8	3
2025 10 26 11	0.31	0.3	4.1	4.1	6.7	0.5	-9999.9	3	41	-9999.9	53	-9999.9	3	21.8	3
2025 10 26 12	0.33	0.32	3.7	4.0	6.1	0.49	-9999.9	3	37	-9999.9	51	-9999.9	3	21.8	3
2025 10 26 13	0.32	0.31	3.7	4.1	6.2	0.5	-9999.9	3	25	-9999.9	52	-9999.9	3	21.8	3
2025 10 26 14	0.3	0.28	3.0	3.7	6.4	0.54	-9999.9	3	34	-9999.9	57	-9999.9	3	21.8	3
2025 10 26 15	0.3	0.29	3.8	3.9	6.0	0.52	-9999.9	3	38	-9999.9	55	-9999.9	3	21.8	3
2025 10 26 16	0.3	0.29	3.7	4.0	6.1	0.46	-9999.9	3	58	-9999.9	54	-9999.9	3	21.8	3
2025 10 26 17	0.27	0.26	3.7	3.9	6.2	0.41	-9999.9	3	41	-9999.9	56	-9999.9	3	21.8	3
2025 10 26 18	0.28	0.26	4.3	4.3	6.2	0.46	-9999.9	3	45	-9999.9	53	-9999.9	3	21.7	3
2025 10 26 19	0.27	0.26	4.3	4.3	5.6	0.46	-9999.9	3	59	-9999.9	52	-9999.9	3	21.6	3
2025 10 26 20	0.3	0.3	4.3	4.4	5.7	0.46	-9999.9	3	33	-9999.9	54	-9999.9	3	21.6	3
2025 10 26 21	0.32	0.31	4.4	4.5	5.3	0.55	-9999.9	3	33	-9999.9	52	-9999.9	3	21.6	3
2025 10 26 22	0.3	0.29	3.5	4.0	5.2	0.56	-9999.9	3	41	-9999.9	55	-9999.9	3	21.6	3
2025 10 26 23	0.36	0.35	3.3	3.6	5.6	0.75	-9999.9	3	30	-9999.9	50	-9999.9	3	21.6	3
2025 10 27 00	0.41	0.39	3.6	3.7	5.6	0.66	-9999.9	3	26	-9999.9	47	-9999.9	3	21.6	3
2025 10 27 01	0.39	0.37	3.4	3.5	4.9	0.54	-9999.9	3	27	-9999.9	48	-9999.9	3	21.6	3
2025 10 27 02	0.39	0.38	3.6	3.5	5.1	0.62	-9999.9	3	23	-9999.9	45	-9999.9	3	21.6	3
2025 10 27 03	0.37	0.35	3.4	3.5	4.9	0.59	-9999.9	3	26	-9999.9	47	-9999.9	3	21.6	3
2025 10 27 04	0.38	0.36	3.6	3.5	6.4	0.58	-9999.9	3	29	-9999.9	44	-9999.9	3	21.6	3
2025 10 27 05	0.36	0.33	3.4	3.5	7.3	0.54	-9999.9	3	27	-9999.9	48	-9999.9	3	21.6	3
2025 10 27 06	0.42	0.4	3.9	4.0	7.1	0.69	-9999.9	3	30	-9999.9	45	-9999.9	3	21.5	3
2025 10 27 07	0.54	0.52	4.9	4.9	7.6	0.79	-9999.9	3	33	-9999.9	44	-9999.9	3	21.5	3
2025 10 27 08	0.69	0.68	5.5	5.5	7.4	0.92	-9999.9	3	35	-9999.9	43	-9999.9	3	21.5	3
2025 10 27 09	0.94	0.93	5.6	5.5	6.8	1.49	-9999.9	3	33	-9999.9	39	-9999.9	3	21.5	3
2025 10 27 10	0.93	0.91	5.1	5.1	6.5	1.62	-9999.9	3	31	-9999.9	39	-9999.9	3	21.6	3
2025 10 27 11	1.22	1.18	5.6	5.4	7.6	1.88	-9999.9	3	40	-9999.9	36	-9999.9	3	21.7	3
2025 10 27 12	1.14	1.1	4.9	5.0	6.2	1.79	-9999.9	3	40	-9999.9	39	-9999.9	3	21.8	3
2025 10 27 13	1.07	1.05	4.6	4.7	5.9	2.12	-9999.9	3	40	-9999.9	43	-9999.9	3	21.9	3
2025 10 27 14	0.96	0.94	4.2	4.2	7.1	1.55	-9999.9	3	38	-9999.9	47	-9999.9	3	21.8	3
2025 10 27 15	0.97	0.93	4.2	4.2	6.1	1.43	-9999.9	3	42	-9999.9	41	-9999.9	3	21.9	3
2025 10 27 16	0.87	0.85	4.3	4.2	7.2	1.26	-9999.9	3	40	-9999.9	48	-9999.9	3	21.9	3
2025 10 27 17	0.74	0.72	4.0	4.0	6.5	1.31	-9999.9	3	41	-9999.9	51	-9999.9	3	21.9	3
2025 10 27 18	0.78	0.75	4.2	4.1	6.1	1.3	-9999.9	3	44	-9999.9	48	-9999.9	3	21.9	3
2025 10 27 19	0.77	0.74	4.1	4.2	6.4	1.21	-9999.9	3	45	-9999.9	46	-9999.9	3	21.8	3
2025 10 27 20	0.74	0.72	4.2	4.2	6.9	1.12	-9999.9	3	44	-9999.9	48	-9999.9	3	21.7	3
2025 10 27 21	0.66	0.62	4.0	4.1	6.6	0.97	-9999.9	3	53	-9999.9	50	-9999.9	3	21.7	3
2025 10 27 22	0.57	0.54	4.1	4.3	6.8	0.94	-9999.9	3	59	-9999.9	52	-9999.9	3	21.7	3
2025 10 27 23	0.62	0.58	4.3	4.4	7.0	0.94	-9999.9	3	58	-9999.9	49	-9999.9	3	21.7	3
2025 10 28 00	0.64	0.6	4.4	4.8	7.0	1.03	-9999.9	3	52	-9999.9	46	-9999.9	3	21.6	3
2025 10 28 01	0.55	0.54	4.6	4.5	6.4	0.78	-9999.9	3	53	-9999.9	50	-9999.9	3	21.7	3
2025 10 28 02	0.57	0.54	4.6	4.6	7.2	0.85	-9999.9	3	54	-9999.9	50	-9999.9	3	21.7	3
2025 10 28 03	0.57	0.55	4.7	4.6	6.7	0.91	-9999.9	3	49	-9999.9	44	-9999.9	3	21.7	3
2025 10 28 04	0.54	0.51	4.4	4.5	7.5	0.86	-9999.9	3	54	-9999.9	49	-9999.9	3	21.8	3
2025 10 28 05	0.6	0.57	4.7	4.7	7.4	0.94	-9999.9	3	57	-9999.9	46	-9999.9	3	21.8	3
2025 10 28 06	0.52	0.5	4.2	4.4	7.1	0.85	-9999.9	3	55	-9999.9	50	-9999.9	3	21.7	3
2025 10 28 07	0.52	0.49	4.4	4.4	6.8	0.9	-9999.9	3	54	-9999.9	46	-9999.9	3	21.7	3
2025 10 28 08	0.52	0.49	4.4	4.4	6.5	0.84	-9999.9	3	53	-9999.9	47	-9999.9	3	21.6	3
2025 10 28 09	0.49	0.47	4.4	4.5	6.9	0.76	-9999.9	3	48	-9999.9	49	-9999.9	3	21.8	3
2025 10 28 10	0.53	0.51	4.7	4.5	6.8	0.78	-9999.9	3	51	-9999.9	47	-9999.9	3	21.9	3
2025 10 28 11	0.59	0.56	4.5	4.5	6.6	0.96	-9999.9	3	41	-9999.9	44	-9999.9	3	21.8	3
2025 10 28 12	0.59	0.56	4.4	4.2	7.0	0.95	-9999.9	3	42	-9999.9	45	-9999.9	3	21.9	3
2025 10 28 13	0.58	0.55	4.1	4.0	6.5	0.96	-9999.9	3	36	-9999.9	46	-9999.9	3	22.0	3
2025 10 28 14	0.56	0.53	3.9	3.9	6.6	0.85	-9999.9	3	38	-9999.9	47	-9999.9	3	21.9	3
2025 10 28 15	0.6	0.56	3.6	3.7	6.3	0.86	-9999.9	3	33	-9999.9	47	-9999.9	3	21.9	3
2025 10 28 16	0.66	0.62	3.3	3.5	5.9	1.19	-9999.9	3	36	-9999.9	47	-9999.9	3	21.8	3
2025 10 28 17	0.69	0.65	3.4	3.6	5.2	1.19	-9999.9	3	42	-9999.9	44	-9999.9	3	21.8	3
2025 10 28 18	0.74	0.7	3.6	3.7	4.8	1.07	-9999.9	3	49	-9999.9	48	-9999.9	3	21.8	3
2025 10 28 19	0.77	0.72	3.8	3.8	5.7	1.18	-9999.9	3	52	-9999.9	46	-9999.9	3	21.8	3
2025 10 28 20	0.78	0.75	3.8	3.9	5.0	1.19	-9999.9	3	61	-9999.9	46	-9999.9	3	21.8	3
2025 10 28 21	0.79	0.75	3.5	3.6	4.6	1.41	-9999.9	3	64	-9999.9	49	-9999.9	3	21.8	3
2025 10 28 22	0.75	0.72	3.6	3.7	4.7	1.32	-9999.9	3	62	-9999.9	50	-9999.9	3	21.8	3
2025 10 28 23	0.73	0.71	3.7	3.7	5.0	1.14	-9999.9	3	62	-9999.9	48	-9999.9	3	21.8	3
2025 10 29 00	0.67	0.64	3.5	3.6	4.7	1.13	-9999.9	3	66	-9999.9	48	-9999.9	3	21.7	3
2025 10 29 01	0.6	0.59	3.5	3.6	4.7	1.01	-9999.9	3	66	-9999.9	46	-9999.9	3	21.7	3
2025 10 29 02	0.58	0.55	3.7	3.7	5.0	1.04	-9999.9	3	57	-9999.9	48	-9999.9	3	21.7	3
2025 10 29 03	0.59	0.56	3.5	3.7	4.9	0.92	-9999.9	3	54	-9999.9	47	-9999.9	3	21.7	3
2025 10 29 04	0.61	0.59	3.7	3.8	4.9	0.97	-9999.9	3	51	-9999.9	46	-9999.9	3	21.7	3
2025 10 29 05	0.64	0.62	3.8	3.8	4.8	1.03	-9999.9	3	53	-9999.9	50	-9999.9	3	21.7	3
2025 10 29 06	0.65	0.62	3.7	3.8	4.7	1.09	-9999.9	3	51	-9999.9	45	-9999.9	3	21.7	3
2025 10 29 07	0.66	0.64	3.7	3.7	4.7	0.99	-9999.9	3	40	-9999.9	46	-9999.9	3	21.6	3
2025 10 29 08	0.67	0.64	3.7	3.7	4.8	1.11	-9999.9	3	45	-9999.9	48	-9999.9	3	21.6	3
2025 10 29 09	0.64	0.61	3.7	3.7	4.6	1.02	-9999.9	3	47	-9999.9	46	-9999.9	3	21.7	3
2025 10 29 10	0.69	0.67	3.8	3.9	4.7	1.13	-9999.9	3	47	-9999.9	45	-9999.9	3	21.7	3
2025 10 29 11	0.64	0.61	3.8	3.9	4.8	0.96	-9999.9	3	60	-9999.9	46	-9999.9	3	21.8	3
2025 10 29 12	0.61	0.58	3.8	4.0	4.9	1.15	-9999.9	3	58	-9999.9	53	-9999.9	3	21.9	3
2025 10 29 13	0.61	0.58	4.0	4.0	5.0	0.91	-9999.9	3	64	-9999.9	49	-9999.9	3	21.9	3
2025 10 29 14	0.58	0.56	4.2	4.1	4.9	0.91	-9999.9	3	62	-9999.9	51	-9999.9	3	21.8	3
2025 10 29 15	0.62	0.61	4.4	4.4	5.0	1.13	-9999.9	3	69	-9999.9	47	-9999.9	3	21.8	3
2025 10 29 16	0.6	0.58	4.4	4.5	5.2	1.02	-9999.9	3	69	-9999.9	45	-9999.9	3	21.8	3
2025 10 29 17	0.61	0.59	4.3	4.4	5.4	1.03	-9999.9	3	67	-9999.9	50	-9999.9	3	21.8	3
2025 10 29 18	0.63	0.62	4.6	4.5	5.4	1.08	-9999.9	3	67	-9999.9	44	-9999.9	3	21.7	3
2025 10 29 19	0.58	0.57	4.3	4.4	5.5	0.87	-9999.9	3	76	-9999.9	46	-9999.9	3	21.7	3
2025 10 29 20	0.43	0.42	3.8	4.1	5.4	0.72	-9999.9	3	61	-9999.9	48	-9999.9	3	21.7	3
2025 10 29 21	0.34	0.33	4.2	4.3	5.3	0.48	-9999.9	3	58	-9999.9	48	-9999.9	3	21.7	3
2025 10 29 22	0.31	0.29	3.9	4.1	5.4	0.47	-9999.9	3	55	-9999.9	50	-9999.9	3	21.6	3
2025 10 29 23	0.29	0.28	4.1	4.2	5.5	0.43	-9999.9	3	56	-9999.9	46	-9999.9	3	21.6	3
2025 10 30 00	0.27	0.25	4.2	4.2	5.1	0.38	-9999.9	3	54	-9999.9	54	-9999.9	3	21.6	3
2025 10 30 01	0.29	0.28	3.9	4.0	5.1	0.44	-9999.9	3	49	-9999.9	47	-9999.9	3	21.6	3
2025 10 30 02	0.26	0.26	3.6	4.1	5.2	0.41	-9999.9	3	49	-9999.9	51	-9999.9	3	21.5	3
2025 10 30 03	0.27	0.25	3.9	4.1	5.0	0.39	-9999.9	3	38	-9999.9	47	-9999.9	3	21.5	3
2025 10 30 04	0.26	0.25	4.3	4.3	5.3	0.43	-9999.9	3	45	-9999.9	48	-9999.9	3	21.5	3
2025 10 30 05	0.22	0.21	4.4	4.4	5.3	0.34	-9999.9	3	47	-9999.9	49	-9999.9	3	21.4	3
2025 10 30 06	0.21	0.21	4.4	4.5	5.4	0.34	-9999.9	3	52	-9999.9	51	-9999.9	3	21.4	3
2025 10 30 07	0.21	0.2	4.2	4.1	5.2	0.35	-9999.9	3	52	-9999.9	52	-9999.9	3	21.4	3
2025 10 30 08	0.19	0.18	4.5	4.4	5.5	0.32	-9999.9	3	49	-9999.9	52	-9999.9	3	21.4	3
2025 10 30 09	0.17	0.17	4.3	4.3	5.6	0.28	-9999.9	3	51	-9999.9	57	-9999.9	3	21.5	3
2025 10 30 10	0.19	0.19	3.5	4.0	4.9	0.31	-9999.9	3	21	-9999.9	53	-9999.9	3	21.5	3
2025 10 30 11	0.21	0.2	3.0	3.8	-9999.9	0.32	-9999.9	3	6	-9999.9	52	-9999.9	3	21.5	3
2025 10 30 12	0.2	0.21	2.5	3.3	-9999.9	0.32	-9999.9	3	10	-9999.9	59	-9999.9	3	21.6	3
2025 10 30 13	0.23	0.23	2.3	2.6	-9999.9	0.39	-9999.9	3	355	-9999.9	58	-9999.9	3	21.7	3
2025 10 30 14	0.18	0.17	2.4	2.9	-9999.9	0.32	-9999.9	3	32	-9999.9	58	-9999.9	3	21.6	3
2025 10 30 15	0.18	0.17	2.7	3.1	-9999.9	0.3	-9999.9	3	38	-9999.9	57	-9999.9	3	21.5	3
2025 10 30 16	0.15	0.15	2.1	2.6	6.1	0.24	-9999.9	3	30	-9999.9	62	-9999.9	3	21.6	3
2025 10 30 17	0.15	0.15	2.7	3.4	4.7	0.26	-9999.9	3	26	-9999.9	54	-9999.9	3	21.5	3
2025 10 30 18	0.19	0.19	3.4	3.7	5.0	0.35	-9999.9	3	25	-9999.9	52	-9999.9	3	21.6	3
2025 10 30 19	0.25	0.25	3.7	3.9	4.8	0.43	-9999.9	3	27	-9999.9	42	-9999.9	3	21.5	3
2025 10 30 20	0.23	0.22	3.7	3.7	4.4	0.36	-9999.9	3	29	-9999.9	48	-9999.9	3	21.5	3
2025 10 30 21	0.23	0.22	3.7	3.7	4.5	0.34	-9999.9	3	33	-9999.9	45	-9999.9	3	21.5	3
2025 10 30 22	0.21	0.2	3.5	3.5	4.6	0.32	-9999.9	3	30	-9999.9	47	-9999.9	3	21.5	3
2025 10 30 23	0.21	0.21	3.5	3.5	4.7	0.37	-9999.9	3	22	-9999.9	46	-9999.9	3	21.4	3
2025 10 31 00	0.21	0.2	3.6	3.7	4.7	0.34	-9999.9	3	18	-9999.9	44	-9999.9	3	21.4	3
2025 10 31 01	0.19	0.18	3.6	3.7	4.9	0.35	-9999.9	3	24	-9999.9	47	-9999.9	3	21.4	3
2025 10 31 02	0.22	0.21	3.7	3.7	4.5	0.35	-9999.9	3	17	-9999.9	41	-9999.9	3	21.4	3
2025 10 31 03	0.22	0.21	3.6	3.6	4.7	0.43	-9999.9	3	15	-9999.9	43	-9999.9	3	21.4	3
2025 10 31 05	0.21	0.2	3.2	3.3	4.4	0.34	-9999.9	3	20	-9999.9	43	-9999.9	3	21.5	3
2025 10 31 06	0.23	0.22	3.5	3.6	5.3	0.34	-9999.9	3	17	-9999.9	41	-9999.9	3	21.5	3
2025 10 31 07	0.22	0.21	3.4	3.4	4.2	0.35	-9999.9	3	13	-9999.9	42	-9999.9	3	21.5	3
2025 10 31 08	0.21	0.2	3.5	3.4	4.3	0.3	-9999.9	3	18	-9999.9	43	-9999.9	3	21.4	3
2025 10 31 09	0.21	0.2	3.3	3.2	3.9	0.38	-9999.9	3	13	-9999.9	41	-9999.9	3	21.4	3
2025 10 31 10	0.2	0.19	3.0	3.1	4.7	0.31	-9999.9	3	26	-9999.9	45	-9999.9	3	21.7	3
2025 10 31 11	0.19	0.18	3.0	3.0	3.8	0.37	-9999.9	3	25	-9999.9	48	-9999.9	3	21.8	3
2025 10 31 12	0.2	0.19	2.8	2.9	5.3	0.29	-9999.9	3	27	-9999.9	44	-9999.9	3	21.9	3
2025 10 31 13	0.27	0.26	2.1	2.3	2.2	0.45	-9999.9	3	17	-9999.9	41	-9999.9	3	21.8	3
2025 10 31 14	0.36	0.36	2.3	2.4	2.4	0.67	-9999.9	3	7	-9999.9	42	-9999.9	3	21.9	3
2025 10 31 15	0.32	0.31	2.2	2.3	2.3	0.62	-9999.9	3	20	-9999.9	48	-9999.9	3	21.9	3
2025 10 31 16	0.25	0.25	2.1	2.2	2.2	0.44	-9999.9	3	21	-9999.9	50	-9999.9	3	21.8	3
2025 10 31 17	0.23	0.22	2.2	2.3	2.1	0.39	-9999.9	3	34	-9999.9	54	-9999.9	3	21.7	3
2025 10 31 18	0.16	0.17	3.3	2.6	-9999.9	0.33	-9999.9	3	81	-9999.9	56	-9999.9	3	21.6	3
2025 10 31 19	0.14	0.15	4.1	3.1	-9999.9	0.25	-9999.9	3	90	-9999.9	55	-9999.9	3	21.5	3
2025 10 31 20	0.16	0.15	4.5	3.8	-9999.9	0.29	-9999.9	3	86	-9999.9	62	-9999.9	3	21.7	3
2025 10 31 21	0.12	0.13	3.8	3.2	-9999.9	0.21	-9999.9	3	84	-9999.9	54	-9999.9	3	21.6	3
2025 10 31 22	0.13	0.12	2.8	2.8	-9999.9	0.21	-9999.9	3	82	-9999.9	55	-9999.9	3	21.5	3
2025 10 31 23	0.11	0.1	3.0	3.1	4.5	0.18	-9999.9	3	76	-9999.9	57	-9999.9	3	21.6	3
2025 11 01 00	0.11	0.1	2.9	3.0	4.4	0.18	-9999.9	3	92	-9999.9	57	-9999.9	3	21.6	3
2025 11 01 01	0.13	0.12	2.4	2.5	2.5	0.2	-9999.9	3	102	-9999.9	44	-9999.9	3	21.5	3
2025 11 01 02	0.13	0.13	2.3	2.4	2.5	0.21	-9999.9	3	107	-9999.9	46	-9999.9	3	21.6	3
2025 11 01 03	0.13	0.12	2.4	2.4	2.8	0.23	-9999.9	3	104	-9999.9	46	-9999.9	3	21.6	3
2025 11 01 04	0.12	0.11	2.7	2.9	6.3	0.2	-9999.9	3	76	-9999.9	51	-9999.9	3	21.6	3
2025 11 01 05	0.11	0.1	2.8	2.8	5.6	0.17	-9999.9	3	75	-9999.9	54	-9999.9	3	21.6	3
2025 11 01 06	0.12	0.11	3.1	3.1	5.7	0.21	-9999.9	3	54	-9999.9	52	-9999.9	3	21.6	3
2025 11 01 07	0.12	0.11	2.8	2.9	3.5	0.21	-9999.9	3	58	-9999.9	47	-9999.9	3	21.6	3
2025 11 01 08	0.1	0.1	2.5	2.7	4.7	0.2	-9999.9	3	47	-9999.9	54	-9999.9	3	21.6	3
2025 11 01 09	0.11	0.11	2.3	2.4	3.0	0.21	-9999.9	3	48	-9999.9	54	-9999.9	3	21.7	3
2025 11 01 10	0.1	0.1	2.6	2.7	4.7	0.29	-9999.9	3	42	-9999.9	54	-9999.9	3	21.8	3
2025 11 01 11	0.11	0.1	2.7	2.8	5.2	0.16	-9999.9	3	74	-9999.9	59	-9999.9	3	22.0	3
2025 11 01 12	0.11	0.11	2.1	2.5	3.1	0.2	-9999.9	3	58	-9999.9	53	-9999.9	3	21.9	3
2025 11 01 13	0.12	0.13	2.0	2.5	4.2	0.26	-9999.9	3	53	-9999.9	55	-9999.9	3	22.0	3
2025 11 01 14	0.1	0.11	2.0	2.6	4.9	0.19	-9999.9	3	40	-9999.9	57	-9999.9	3	22.3	3
2025 11 01 15	0.19	0.19	1.9	2.0	1.9	0.33	-9999.9	3	23	-9999.9	43	-9999.9	3	22.1	3
2025 11 01 16	0.21	0.22	2.0	2.0	1.9	0.39	-9999.9	3	19	-9999.9	51	-9999.9	3	22.1	3
2025 11 01 17	0.16	0.17	2.0	2.1	1.8	0.31	-9999.9	3	27	-9999.9	59	-9999.9	3	22.0	3
2025 11 01 18	0.12	0.12	2.0	2.3	2.2	0.23	-9999.9	3	41	-9999.9	51	-9999.9	3	22.0	3
2025 11 01 19	0.1	0.1	2.4	2.9	6.4	0.17	-9999.9	3	45	-9999.9	55	-9999.9	3	21.9	3
2025 11 01 20	0.09	0.09	2.7	3.2	6.1	0.16	-9999.9	3	42	-9999.9	55	-9999.9	3	21.9	3
2025 11 01 21	0.11	0.11	2.7	3.0	4.6	0.23	-9999.9	3	59	-9999.9	52	-9999.9	3	21.9	3
2025 11 01 22	0.09	0.09	3.2	3.3	5.9	0.14	-9999.9	3	52	-9999.9	54	-9999.9	3	21.9	3
2025 11 01 23	0.08	0.07	3.1	3.2	6.3	0.12	-9999.9	3	50	-9999.9	57	-9999.9	3	21.8	3
2025 11 02 00	0.11	0.1	2.7	2.8	3.7	0.19	-9999.9	3	91	-9999.9	45	-9999.9	3	21.7	3
2025 11 02 01	0.08	0.09	2.0	2.6	5.4	0.2	-9999.9	3	30	-9999.9	53	-9999.9	3	21.7	3
2025 11 02 02	0.09	0.11	1.8	2.3	2.1	0.21	-9999.9	3	25	-9999.9	45	-9999.9	3	21.6	3
2025 11 02 03	0.11	0.12	1.8	2.1	1.6	0.22	-9999.9	3	7	-9999.9	38	-9999.9	3	21.7	3
2025 11 02 04	0.12	0.14	1.9	2.1	1.6	0.26	-9999.9	3	3	-9999.9	37	-9999.9	3	21.7	3
2025 11 02 05	0.09	0.1	2.0	2.4	2.6	0.15	-9999.9	3	16	-9999.9	44	-9999.9	3	21.6	3
2025 11 02 06	0.13	0.14	1.8	2.1	1.6	0.28	-9999.9	3	352	-9999.9	35	-9999.9	3	21.6	3
2025 11 02 07	0.1	0.11	2.0	2.4	2.2	0.18	-9999.9	3	15	-9999.9	44	-9999.9	3	21.6	3
2025 11 02 08	0.14	0.15	1.9	2.0	1.7	0.25	-9999.9	3	342	-9999.9	33	-9999.9	3	21.6	3
2025 11 02 09	0.14	0.14	1.9	2.2	1.8	0.23	-9999.9	3	353	-9999.9	43	-9999.9	3	21.5	3
2025 11 02 10	0.14	0.15	1.9	2.0	1.7	0.26	-9999.9	3	342	-9999.9	31	-9999.9	3	21.6	3
2025 11 02 11	0.14	0.15	1.8	2.1	1.7	0.27	-9999.9	3	347	-9999.9	36	-9999.9	3	21.6	3
2025 11 02 12	0.19	0.2	2.1	2.2	2.6	0.38	-9999.9	3	334	-9999.9	41	-9999.9	3	21.5	3
2025 11 02 13	0.27	0.27	2.1	2.1	1.9	0.49	-9999.9	3	311	-9999.9	40	-9999.9	3	21.5	3
2025 11 02 14	0.33	0.32	2.0	2.1	2.0	0.51	-9999.9	3	309	-9999.9	35	-9999.9	3	21.4	3
2025 11 02 15	0.22	0.22	2.2	2.2	2.9	0.41	-9999.9	3	338	-9999.9	45	-9999.9	3	21.3	3
2025 11 02 16	0.28	0.27	2.3	2.4	2.6	0.44	-9999.9	3	339	-9999.9	42	-9999.9	3	21.3	3
2025 11 02 17	0.24	0.23	2.5	2.9	5.1	0.41	-9999.9	3	350	-9999.9	45	-9999.9	3	21.3	3
2025 11 02 18	0.21	0.21	3.4	3.3	3.6	0.38	-9999.9	3	6	-9999.9	43	-9999.9	3	21.2	3
2025 11 02 19	0.19	0.19	2.5	3.3	3.8	0.35	-9999.9	3	10	-9999.9	58	-9999.9	3	21.0	3
2025 11 02 20	0.16	0.16	2.8	3.7	-9999.9	0.26	-9999.9	3	36	-9999.9	64	-9999.9	3	20.9	3
2025 11 02 21	0.17	0.16	3.0	3.1	3.1	0.27	-9999.9	3	50	-9999.9	58	-9999.9	3	20.9	3
2025 11 02 22	0.16	0.16	3.2	3.2	4.8	0.25	-9999.9	3	58	-9999.9	62	-9999.9	3	20.9	3
2025 11 02 23	0.16	0.16	3.1	3.4	10.7	0.25	-9999.9	3	51	-9999.9	60	-9999.9	3	20.9	3
2025 11 03 00	0.18	0.18	2.5	3.2	10.8	0.31	-9999.9	3	33	-9999.9	58	-9999.9	3	20.9	3
2025 11 03 01	0.18	0.17	3.0	3.3	5.0	0.31	-9999.9	3	59	-9999.9	53	-9999.9	3	20.8	3
2025 11 03 02	0.17	0.17	2.6	3.2	4.8	0.28	-9999.9	3	58	-9999.9	55	-9999.9	3	20.8	3
2025 11 03 03	0.15	0.15	3.1	3.4	4.9	0.25	-9999.9	3	66	-9999.9	54	-9999.9	3	20.8	3
2025 11 03 04	0.15	0.15	2.7	3.3	5.2	0.27	-9999.9	3	55	-9999.9	55	-9999.9	3	20.8	3
2025 11 03 05	0.16	0.15	2.6	3.0	5.1	0.25	-9999.9	3	57	-9999.9	55	-9999.9	3	20.8	3
2025 11 03 06	0.16	0.15	3.1	3.2	4.2	0.3	-9999.9	3	46	-9999.9	56	-9999.9	3	20.8	3
2025 11 03 07	0.19	0.18	3.2	3.2	4.6	0.37	-9999.9	3	50	-9999.9	51	-9999.9	3	20.8	3
2025 11 03 08	0.16	0.15	3.3	3.3	5.2	0.23	-9999.9	3	36	-9999.9	52	-9999.9	3	20.8	3
2025 11 03 09	0.15	0.14	3.3	3.3	5.4	0.27	-9999.9	3	37	-9999.9	52	-9999.9	3	21.2	3
2025 11 03 10	0.15	0.15	3.0	3.1	3.7	0.26	-9999.9	3	42	-9999.9	54	-9999.9	3	21.3	3
2025 11 03 11	0.16	0.15	3.0	3.1	5.9	0.23	-9999.9	3	31	-9999.9	53	-9999.9	3	21.6	3
2025 11 03 12	0.15	0.15	2.9	2.9	5.3	0.26	-9999.9	3	32	-9999.9	53	-9999.9	3	21.8	3
2025 11 03 13	0.15	0.15	2.6	2.8	5.2	0.26	-9999.9	3	51	-9999.9	53	-9999.9	3	21.7	3
2025 11 03 14	0.16	0.15	2.5	2.8	5.7	0.32	-9999.9	3	43	-9999.9	53	-9999.9	3	21.8	3
2025 11 03 15	0.18	0.18	2.2	2.5	2.7	0.29	-9999.9	3	35	-9999.9	53	-9999.9	3	21.8	3
2025 11 03 16	0.17	0.17	2.2	2.4	3.3	0.26	-9999.9	3	49	-9999.9	56	-9999.9	3	21.7	3
2025 11 03 17	0.18	0.17	2.4	2.5	3.2	0.31	-9999.9	3	45	-9999.9	58	-9999.9	3	21.7	3
2025 11 03 18	0.25	0.24	2.4	2.5	4.0	0.43	-9999.9	3	33	-9999.9	52	-9999.9	3	21.7	3
2025 11 03 19	0.31	0.3	2.7	2.8	4.2	0.53	-9999.9	3	40	-9999.9	49	-9999.9	3	21.6	3
2025 11 03 20	0.3	0.29	2.7	2.7	2.9	0.43	-9999.9	3	68	-9999.9	51	-9999.9	3	21.4	3
2025 11 03 21	0.34	0.33	2.8	2.8	3.1	0.6	-9999.9	3	75	-9999.9	53	-9999.9	3	21.0	3
2025 11 03 22	0.38	0.37	3.0	3.0	3.3	0.58	-9999.9	3	76	-9999.9	55	-9999.9	3	21.3	3
2025 11 03 23	0.44	0.43	3.0	3.1	3.5	0.7	-9999.9	3	71	-9999.9	51	-9999.9	3	21.2	3
2025 11 04 00	0.46	0.44	3.0	3.0	3.5	0.84	-9999.9	3	73	-9999.9	53	-9999.9	3	21.3	3
2025 11 04 01	0.44	0.43	3.0	3.0	3.5	0.77	-9999.9	3	74	-9999.9	53	-9999.9	3	21.3	3
2025 11 04 02	0.43	0.41	3.0	3.1	3.6	0.65	-9999.9	3	75	-9999.9	49	-9999.9	3	21.3	3
2025 11 04 03	0.42	0.41	2.9	3.0	3.5	0.67	-9999.9	3	79	-9999.9	50	-9999.9	3	21.3	3
2025 11 04 04	0.41	0.4	3.0	3.1	3.6	0.74	-9999.9	3	76	-9999.9	49	-9999.9	3	21.3	3
2025 11 04 05	0.46	0.45	3.1	3.2	4.2	0.77	-9999.9	3	74	-9999.9	49	-9999.9	3	21.3	3
2025 11 04 06	0.47	0.45	3.2	3.3	4.3	0.67	-9999.9	3	69	-9999.9	50	-9999.9	3	21.3	3
2025 11 04 07	0.54	0.54	3.3	3.4	4.3	0.94	-9999.9	3	57	-9999.9	50	-9999.9	3	21.3	3
2025 11 04 08	0.55	0.53	3.2	3.4	4.2	0.9	-9999.9	3	68	-9999.9	52	-9999.9	3	21.3	3
2025 11 04 09	0.6	0.58	3.5	3.6	4.4	1.02	-9999.9	3	50	-9999.9	49	-9999.9	3	21.4	3
2025 11 05 17	0.63	0.61	3.4	3.5	4.8	1.06	-9999.9	3	61	-9999.9	46	-9999.9	3	21.6	3
2025 11 05 18	0.6	0.57	3.2	3.4	4.5	1.0	-9999.9	3	61	-9999.9	46	-9999.9	3	21.5	3
2025 11 05 19	0.56	0.53	3.2	3.4	4.5	1.05	-9999.9	3	60	-9999.9	48	-9999.9	3	21.5	3
2025 11 05 20	0.53	0.51	3.4	3.4	4.5	0.86	-9999.9	3	55	-9999.9	47	-9999.9	3	21.4	3
2025 11 05 21	0.49	0.47	3.4	3.6	4.9	0.78	-9999.9	3	58	-9999.9	47	-9999.9	3	21.4	3
2025 11 05 22	0.46	0.45	3.6	3.7	4.6	0.81	-9999.9	3	63	-9999.9	45	-9999.9	3	21.3	3
2025 11 05 23	0.47	0.46	3.6	3.8	4.7	0.71	-9999.9	3	58	-9999.9	47	-9999.9	3	21.3	3
2025 11 06 00	0.41	0.4	3.4	3.7	4.9	0.74	-9999.9	3	62	-9999.9	48	-9999.9	3	21.1	3
2025 11 06 01	0.33	0.32	3.4	3.8	5.0	0.53	-9999.9	3	65	-9999.9	50	-9999.9	3	21.0	3
2025 11 06 02	0.31	0.31	2.4	2.8	4.8	0.51	-9999.9	3	43	-9999.9	52	-9999.9	3	21.0	3
2025 11 06 03	0.25	0.24	3.9	4.2	4.7	0.41	-9999.9	3	73	-9999.9	55	-9999.9	3	21.0	3
2025 11 06 04	0.21	0.21	3.6	4.3	5.0	0.38	-9999.9	3	70	-9999.9	46	-9999.9	3	20.9	3
2025 11 06 05	0.24	0.23	2.4	3.0	5.3	0.42	-9999.9	3	39	-9999.9	51	-9999.9	3	20.8	3
2025 11 06 06	0.34	0.33	2.6	2.8	4.5	0.54	-9999.9	3	20	-9999.9	37	-9999.9	3	20.7	3
2025 11 06 07	0.41	0.39	2.9	3.1	5.1	0.66	-9999.9	3	16	-9999.9	42	-9999.9	3	20.5	3
2025 11 06 08	0.35	0.34	2.9	3.1	4.5	0.59	-9999.9	3	15	-9999.9	43	-9999.9	3	20.3	3
2025 11 06 09	0.36	0.35	2.7	3.0	3.8	0.61	-9999.9	3	11	-9999.9	42	-9999.9	3	20.3	3
2025 11 06 10	0.37	0.36	2.5	2.6	3.6	0.64	-9999.9	3	3	-9999.9	42	-9999.9	3	20.4	3
2025 11 06 11	0.36	0.35	2.5	2.7	3.7	0.65	-9999.9	3	1	-9999.9	42	-9999.9	3	20.5	3
2025 11 06 12	0.37	0.36	2.4	2.6	3.8	0.54	-9999.9	3	358	-9999.9	42	-9999.9	3	20.7	3
2025 11 06 13	0.44	0.41	2.6	2.8	4.9	0.68	-9999.9	3	4	-9999.9	40	-9999.9	3	20.6	3
2025 11 06 14	0.47	0.45	2.7	3.0	4.8	0.86	-9999.9	3	10	-9999.9	45	-9999.9	3	20.6	3
2025 11 06 15	0.48	0.47	2.9	3.1	4.5	0.84	-9999.9	3	12	-9999.9	44	-9999.9	3	20.6	3
2025 11 06 16	0.58	0.55	2.8	2.8	3.6	0.91	-9999.9	3	7	-9999.9	42	-9999.9	3	20.6	3
2025 11 06 17	0.51	0.47	3.1	3.1	6.3	0.83	-9999.9	3	14	-9999.9	42	-9999.9	3	20.6	3
2025 11 06 18	0.53	0.51	3.2	3.3	5.7	0.82	-9999.9	3	8	-9999.9	39	-9999.9	3	20.5	3
2025 11 06 19	0.41	0.39	2.8	3.0	5.8	0.74	-9999.9	3	15	-9999.9	46	-9999.9	3	20.5	3
2025 11 06 20	0.37	0.35	3.0	3.2	6.3	0.56	-9999.9	3	16	-9999.9	47	-9999.9	3	20.5	3
2025 11 06 21	0.43	0.42	3.9	4.1	5.7	0.6	-9999.9	3	13	-9999.9	42	-9999.9	3	20.4	3
2025 11 06 22	0.42	0.41	3.9	4.1	5.6	0.76	-9999.9	3	10	-9999.9	44	-9999.9	3	20.4	3
2025 11 06 23	0.44	0.43	4.0	4.3	5.5	0.72	-9999.9	3	7	-9999.9	42	-9999.9	3	20.4	3
2025 11 07 00	0.47	0.45	4.1	4.2	5.0	0.79	-9999.9	3	9	-9999.9	35	-9999.9	3	20.3	3
2025 11 07 01	0.39	0.38	3.6	3.8	5.5	0.6	-9999.9	3	13	-9999.9	39	-9999.9	3	20.3	3
2025 11 07 02	0.39	0.37	3.9	3.8	5.6	0.64	-9999.9	3	19	-9999.9	41	-9999.9	3	20.3	3
2025 11 07 03	0.36	0.35	3.9	3.8	5.4	0.55	-9999.9	3	23	-9999.9	46	-9999.9	3	20.3	3
2025 11 07 04	0.4	0.38	3.7	3.8	5.3	0.63	-9999.9	3	22	-9999.9	42	-9999.9	3	20.3	3
2025 11 07 05	0.39	0.37	3.9	3.8	5.3	0.55	-9999.9	3	23	-9999.9	45	-9999.9	3	20.3	3
2025 11 07 06	0.39	0.37	3.7	3.8	5.1	0.77	-9999.9	3	19	-9999.9	42	-9999.9	3	20.4	3
2025 11 07 07	0.37	0.34	3.6	3.7	4.5	0.55	-9999.9	3	22	-9999.9	45	-9999.9	3	20.4	3
2025 11 07 08	0.43	0.41	3.9	3.9	4.9	0.65	-9999.9	3	18	-9999.9	35	-9999.9	3	20.4	3
2025 11 07 09	0.43	0.42	3.9	4.1	5.0	0.71	-9999.9	3	23	-9999.9	42	-9999.9	3	20.4	3
2025 11 07 10	0.39	0.39	3.7	3.9	5.0	0.64	-9999.9	3	21	-9999.9	40	-9999.9	3	20.4	3
2025 11 07 11	0.34	0.33	3.6	3.8	5.0	0.6	-9999.9	3	20	-9999.9	42	-9999.9	3	20.3	3
2025 11 07 12	0.31	0.3	3.3	3.4	4.8	0.46	-9999.9	3	32	-9999.9	45	-9999.9	3	20.4	3
2025 11 07 13	0.31	0.3	3.2	3.3	4.9	0.48	-9999.9	3	34	-9999.9	49	-9999.9	3	20.5	3
2025 11 07 14	0.27	0.27	3.2	3.4	4.9	0.48	-9999.9	3	43	-9999.9	48	-9999.9	3	20.5	3
2025 11 07 15	0.3	0.29	2.7	2.9	5.0	0.5	-9999.9	3	37	-9999.9	47	-9999.9	3	20.5	3
2025 11 07 16	0.24	0.23	2.9	3.3	4.6	0.43	-9999.9	3	31	-9999.9	49	-9999.9	3	20.5	3
2025 11 07 17	0.24	0.22	3.1	3.4	4.9	0.35	-9999.9	3	30	-9999.9	47	-9999.9	3	20.4	3
2025 11 07 18	0.23	0.22	3.3	3.3	4.3	0.42	-9999.9	3	23	-9999.9	48	-9999.9	3	20.4	3
2025 11 07 19	0.24	0.24	3.5	3.5	4.4	0.4	-9999.9	3	16	-9999.9	45	-9999.9	3	20.4	3
2025 11 07 20	0.26	0.25	3.5	3.5	4.4	0.42	-9999.9	3	13	-9999.9	47	-9999.9	3	20.3	3
2025 11 07 21	0.34	0.33	3.8	3.9	4.6	0.6	-9999.9	3	11	-9999.9	42	-9999.9	3	20.3	3
2025 11 07 22	0.33	0.32	3.8	3.8	4.5	0.6	-9999.9	3	8	-9999.9	40	-9999.9	3	20.3	3
2025 11 07 23	0.32	0.31	3.8	3.8	4.4	0.48	-9999.9	3	13	-9999.9	43	-9999.9	3	20.3	3
2025 11 08 00	0.23	0.22	3.8	3.7	4.1	0.33	-9999.9	3	16	-9999.9	46	-9999.9	3	20.3	3
2025 11 08 01	0.17	0.16	3.4	3.5	4.0	0.29	-9999.9	3	27	-9999.9	52	-9999.9	3	20.3	3
2025 11 08 02	0.22	0.22	2.0	2.2	2.0	0.37	-9999.9	3	339	-9999.9	40	-9999.9	3	20.2	3
2025 11 08 03	0.15	0.16	2.0	3.0	18.5	0.28	-9999.9	3	12	-9999.9	58	-9999.9	3	20.2	3
2025 11 08 04	0.12	0.12	3.8	4.1	5.3	0.2	-9999.9	3	44	-9999.9	58	-9999.9	3	20.2	3
2025 11 08 05	0.17	0.16	3.8	3.9	5.9	0.29	-9999.9	3	27	-9999.9	55	-9999.9	3	20.2	3
2025 11 08 06	0.19	0.18	3.7	3.7	4.5	0.32	-9999.9	3	23	-9999.9	53	-9999.9	3	20.1	3
2025 11 08 07	0.2	0.19	3.5	3.5	4.4	0.32	-9999.9	3	24	-9999.9	49	-9999.9	3	20.1	3
2025 11 08 08	0.23	0.22	3.5	3.5	4.1	0.4	-9999.9	3	19	-9999.9	48	-9999.9	3	20.1	3
2025 11 08 09	0.23	0.22	3.3	3.6	4.9	0.49	-9999.9	3	27	-9999.9	52	-9999.9	3	20.1	3
2025 11 08 10	0.27	0.27	2.9	3.8	4.4	0.49	-9999.9	3	22	-9999.9	48	-9999.9	3	20.1	3
2025 11 08 11	0.32	0.31	2.5	2.7	4.4	0.48	-9999.9	3	9	-9999.9	46	-9999.9	3	20.1	3
2025 11 08 12	0.37	0.36	2.4	2.5	3.7	0.6	-9999.9	3	351	-9999.9	40	-9999.9	3	20.2	3
2025 11 08 13	0.36	0.35	2.4	2.5	2.5	0.56	-9999.9	3	352	-9999.9	40	-9999.9	3	20.2	3
2025 11 08 14	0.31	0.3	2.3	2.7	5.2	0.48	-9999.9	3	7	-9999.9	47	-9999.9	3	20.2	3
2025 11 08 15	0.34	0.33	2.2	2.4	2.5	0.5	-9999.9	3	354	-9999.9	45	-9999.9	3	20.2	3
2025 11 08 16	0.36	0.35	2.4	2.6	4.5	0.59	-9999.9	3	354	-9999.9	44	-9999.9	3	20.1	3
2025 11 08 17	0.32	0.31	2.5	2.9	5.4	0.5	-9999.9	3	2	-9999.9	48	-9999.9	3	20.0	3
2025 11 08 18	0.32	0.3	3.1	3.8	5.9	0.49	-9999.9	3	10	-9999.9	46	-9999.9	3	20.0	3
2025 11 08 19	0.34	0.33	3.4	3.6	6.6	0.6	-9999.9	3	17	-9999.9	49	-9999.9	3	20.0	3
2025 11 08 20	0.34	0.32	3.6	3.6	7.1	0.52	-9999.9	3	27	-9999.9	53	-9999.9	3	20.0	3
2025 11 08 21	0.33	0.31	3.3	3.4	5.7	0.51	-9999.9	3	29	-9999.9	54	-9999.9	3	20.0	3
2025 11 08 22	0.33	0.31	3.4	3.4	4.8	0.61	-9999.9	3	30	-9999.9	54	-9999.9	3	20.0	3
2025 11 08 23	0.32	0.31	3.4	3.5	5.3	0.55	-9999.9	3	39	-9999.9	51	-9999.9	3	19.9	3
2025 11 09 00	0.29	0.28	3.0	3.7	7.2	0.48	-9999.9	3	42	-9999.9	50	-9999.9	3	19.9	3
2025 11 09 01	0.27	0.26	3.4	3.9	7.6	0.43	-9999.9	3	47	-9999.9	49	-9999.9	3	19.8	3
2025 11 09 02	0.24	0.22	3.4	4.0	7.5	0.41	-9999.9	3	55	-9999.9	50	-9999.9	3	19.8	3
2025 11 09 03	0.25	0.24	4.2	4.3	7.7	0.37	-9999.9	3	64	-9999.9	48	-9999.9	3	19.8	3
2025 11 09 04	0.23	0.22	3.2	3.4	7.3	0.34	-9999.9	3	66	-9999.9	50	-9999.9	3	19.8	3
2025 11 09 05	0.24	0.22	3.4	3.4	7.5	0.36	-9999.9	3	74	-9999.9	50	-9999.9	3	19.9	3
2025 11 09 06	0.22	0.21	3.3	3.4	7.2	0.33	-9999.9	3	75	-9999.9	51	-9999.9	3	19.8	3
2025 11 09 07	0.22	0.2	3.5	3.6	6.8	0.39	-9999.9	3	70	-9999.9	50	-9999.9	3	19.8	3
2025 11 09 08	0.22	0.22	4.2	4.2	6.9	0.33	-9999.9	3	71	-9999.9	50	-9999.9	3	19.9	3
2025 11 09 09	0.23	0.22	4.1	4.3	7.2	0.35	-9999.9	3	66	-9999.9	51	-9999.9	3	19.9	3
2025 11 09 10	0.27	0.26	4.5	4.4	6.7	0.38	-9999.9	3	67	-9999.9	46	-9999.9	3	20.0	3
2025 11 09 11	0.36	0.35	4.4	4.7	6.0	0.54	-9999.9	3	54	-9999.9	44	-9999.9	3	20.1	3
2025 11 09 12	0.39	0.38	4.6	4.7	5.5	0.57	-9999.9	3	59	-9999.9	49	-9999.9	3	20.2	3
2025 11 09 13	0.43	0.41	4.2	4.5	5.3	0.77	-9999.9	3	57	-9999.9	49	-9999.9	3	20.4	3
2025 11 09 14	0.44	0.42	4.5	4.6	5.7	0.65	-9999.9	3	56	-9999.9	50	-9999.9	3	20.5	3
2025 11 09 15	0.45	0.43	4.6	4.8	7.6	0.78	-9999.9	3	59	-9999.9	52	-9999.9	3	20.4	3
2025 11 09 16	0.4	0.39	4.0	4.2	6.5	0.53	-9999.9	3	85	-9999.9	52	-9999.9	3	20.3	3
2025 11 09 17	0.43	0.41	4.0	4.1	7.0	0.77	-9999.9	3	66	-9999.9	52	-9999.9	3	20.2	3
2025 11 09 18	0.4	0.37	3.4	3.8	6.6	0.6	-9999.9	3	69	-9999.9	48	-9999.9	3	20.1	3
2025 11 09 19	0.45	0.41	3.8	4.1	7.7	0.77	-9999.9	3	69	-9999.9	47	-9999.9	3	20.1	3
2025 11 09 20	0.47	0.45	4.2	4.3	7.2	0.83	-9999.9	3	67	-9999.9	52	-9999.9	3	20.1	3
2025 11 09 21	0.47	0.45	4.1	4.3	6.7	0.77	-9999.9	3	70	-9999.9	45	-9999.9	3	20.1	3
2025 11 09 22	0.42	0.41	4.1	4.1	7.3	0.57	-9999.9	3	76	-9999.9	49	-9999.9	3	20.0	3
2025 11 09 23	0.41	0.39	3.9	3.9	6.9	0.66	-9999.9	3	79	-9999.9	48	-9999.9	3	20.0	3
2025 11 10 00	0.41	0.39	4.0	4.1	6.9	0.68	-9999.9	3	77	-9999.9	47	-9999.9	3	20.0	3
2025 11 10 01	0.36	0.34	3.7	3.8	5.7	0.55	-9999.9	3	78	-9999.9	48	-9999.9	3	20.0	3
2025 11 10 02	0.34	0.32	3.7	4.0	5.8	0.57	-9999.9	3	80	-9999.9	48	-9999.9	3	19.9	3
2025 11 10 03	0.35	0.33	4.0	4.0	5.6	0.56	-9999.9	3	77	-9999.9	49	-9999.9	3	19.9	3
2025 11 10 04	0.35	0.34	4.0	4.1	6.0	0.51	-9999.9	3	78	-9999.9	51	-9999.9	3	19.8	3
2025 11 10 05	0.42	0.4	4.3	4.5	7.3	0.7	-9999.9	3	77	-9999.9	48	-9999.9	3	19.8	3
2025 11 10 06	0.43	0.41	4.3	4.6	7.8	0.7	-9999.9	3	72	-9999.9	48	-9999.9	3	19.8	3
2025 11 10 07	0.45	0.43	4.7	4.8	7.7	0.74	-9999.9	3	70	-9999.9	50	-9999.9	3	19.7	3
2025 11 10 08	0.44	0.41	4.7	4.9	7.8	0.67	-9999.9	3	78	-9999.9	52	-9999.9	3	19.7	3
2025 11 10 09	0.44	0.41	4.7	4.7	7.3	0.69	-9999.9	3	79	-9999.9	47	-9999.9	3	19.8	3
2025 11 10 10	0.44	0.43	4.6	4.9	7.4	0.7	-9999.9	3	83	-9999.9	43	-9999.9	3	19.9	3
2025 11 10 11	0.48	0.46	4.5	4.7	7.5	0.77	-9999.9	3	83	-9999.9	44	-9999.9	3	20.0	3
2025 11 10 12	0.44	0.41	4.1	4.4	6.8	0.73	-9999.9	3	82	-9999.9	46	-9999.9	3	20.0	3
2025 11 10 13	0.45	0.42	4.2	4.6	7.3	0.69	-9999.9	3	82	-9999.9	44	-9999.9	3	20.2	3
2025 11 10 14	0.38	0.36	4.7	4.6	7.7	0.63	-9999.9	3	77	-9999.9	50	-9999.9	3	20.2	3
2025 11 10 15	0.33	0.31	4.0	4.6	7.1	0.55	-9999.9	3	75	-9999.9	52	-9999.9	3	20.2	3
2025 11 10 16	0.33	0.32	4.8	5.0	7.5	0.5	-9999.9	3	70	-9999.9	47	-9999.9	3	20.1	3
2025 11 10 17	0.33	0.32	5.2	5.3	7.9	0.51	-9999.9	3	80	-9999.9	48	-9999.9	3	20.0	3
2025 11 10 18	0.27	0.25	4.5	4.6	7.4	0.47	-9999.9	3	79	-9999.9	52	-9999.9	3	20.0	3
2025 11 10 19	0.25	0.24	4.6	4.8	7.1	0.39	-9999.9	3	85	-9999.9	50	-9999.9	3	20.0	3
2025 11 10 20	0.26	0.25	4.5	4.5	7.4	0.47	-9999.9	3	80	-9999.9	49	-9999.9	3	19.9	3
2025 11 10 21	0.22	0.22	4.6	4.6	7.1	0.4	-9999.9	3	84	-9999.9	51	-9999.9	3	19.9	3
2025 11 10 22	0.22	0.2	3.5	3.6	7.7	0.36	-9999.9	3	87	-9999.9	49	-9999.9	3	19.9	3
2025 11 10 23	0.23	0.21	3.4	3.6	7.0	0.37	-9999.9	3	82	-9999.9	47	-9999.9	3	19.9	3
2025 11 11 00	0.22	0.2	3.5	3.8	7.5	0.32	-9999.9	3	74	-9999.9	50	-9999.9	3	19.9	3
2025 11 11 01	0.23	0.21	3.3	3.5	7.3	0.36	-9999.9	3	74	-9999.9	44	-9999.9	3	20.0	3
2025 11 11 02	0.26	0.24	2.9	3.0	6.9	0.51	-9999.9	3	96	-9999.9	41	-9999.9	3	19.9	3
2025 11 11 03	0.25	0.22	3.2	3.3	6.6	0.43	-9999.9	3	81	-9999.9	46	-9999.9	3	19.9	3
2025 11 11 04	0.21	0.19	3.5	3.7	7.1	0.31	-9999.9	3	76	-9999.9	46	-9999.9	3	19.9	3
2025 11 11 05	0.22	0.2	2.5	2.6	2.7	0.4	-9999.9	3	104	-9999.9	40	-9999.9	3	19.8	3
2025 11 11 06	0.16	0.14	2.9	3.2	6.7	0.26	-9999.9	3	77	-9999.9	54	-9999.9	3	19.9	3
2025 11 11 07	0.15	0.14	3.3	3.3	5.9	0.3	-9999.9	3	65	-9999.9	48	-9999.9	3	19.9	3
2025 11 11 08	0.14	0.13	3.7	4.0	7.5	0.23	-9999.9	3	57	-9999.9	50	-9999.9	3	19.8	3
2025 11 11 09	0.18	0.17	2.3	2.6	4.9	0.32	-9999.9	3	92	-9999.9	45	-9999.9	3	19.9	3
2025 11 11 10	0.15	0.15	2.6	2.8	5.8	0.25	-9999.9	3	86	-9999.9	50	-9999.9	3	19.9	3
2025 11 11 11	0.14	0.13	2.7	3.0	5.4	0.24	-9999.9	3	69	-9999.9	54	-9999.9	3	20.0	3
2025 11 11 12	0.13	0.13	2.7	3.0	5.4	0.25	-9999.9	3	51	-9999.9	50	-9999.9	3	20.2	3
2025 11 11 13	0.11	0.1	2.7	3.0	5.2	0.17	-9999.9	3	48	-9999.9	52	-9999.9	3	20.4	3
2025 11 11 14	0.17	0.17	2.5	3.0	5.5	0.32	-9999.9	3	43	-9999.9	51	-9999.9	3	20.4	3
2025 11 11 15	0.22	0.22	2.1	2.2	2.0	0.37	-9999.9	3	65	-9999.9	45	-9999.9	3	20.2	3
2025 11 11 16	0.33	0.32	2.3	2.5	2.8	0.54	-9999.9	3	57	-9999.9	45	-9999.9	3	20.2	3
2025 11 11 17	0.36	0.35	2.4	2.7	3.2	0.7	-9999.9	3	63	-9999.9	44	-9999.9	3	20.1	3
2025 11 11 18	0.38	0.37	2.6	2.8	3.4	0.59	-9999.9	3	66	-9999.9	44	-9999.9	3	20.1	3
2025 11 11 19	0.37	0.36	2.7	2.8	3.4	0.61	-9999.9	3	72	-9999.9	48	-9999.9	3	20.0	3
2025 11 11 20	0.37	0.36	2.7	2.9	3.5	0.64	-9999.9	3	72	-9999.9	45	-9999.9	3	20.0	3
2025 11 11 21	0.36	0.35	2.6	2.8	3.5	0.56	-9999.9	3	79	-9999.9	47	-9999.9	3	20.0	3
2025 11 11 22	0.31	0.3	2.6	2.7	3.4	0.51	-9999.9	3	75	-9999.9	52	-9999.9	3	20.0	3
2025 11 11 23	0.31	0.3	2.6	2.8	3.2	0.66	-9999.9	3	83	-9999.9	51	-9999.9	3	20.0	3
2025 11 12 00	0.27	0.26	2.7	2.7	3.3	0.44	-9999.9	3	62	-9999.9	51	-9999.9	3	20.0	3
2025 11 12 01	0.29	0.28	2.8	2.9	3.3	0.5	-9999.9	3	54	-9999.9	46	-9999.9	3	19.9	3
2025 11 12 02	0.32	0.32	3.0	3.0	3.4	0.54	-9999.9	3	46	-9999.9	49	-9999.9	3	19.9	3
2025 11 12 03	0.39	0.39	2.9	3.0	3.6	0.65	-9999.9	3	47	-9999.9	48	-9999.9	3	19.9	3
2025 11 12 04	0.42	0.41	3.0	3.1	3.8	0.67	-9999.9	3	45	-9999.9	51	-9999.9	3	19.9	3
2025 11 12 05	0.54	0.53	3.5	3.5	4.4	0.93	-9999.9	3	40	-9999.9	46	-9999.9	3	19.9	3
2025 11 12 06	0.64	0.63	3.8	3.8	4.4	1.16	-9999.9	3	34	-9999.9	48	-9999.9	3	19.8	3
2025 11 12 07	0.8	0.78	4.0	4.2	5.3	1.24	-9999.9	3	25	-9999.9	41	-9999.9	3	19.8	3
2025 11 12 08	1.06	1.04	4.8	4.7	5.3	1.66	-9999.9	3	30	-9999.9	37	-9999.9	3	19.8	3
2025 11 12 09	1.03	0.98	4.6	4.8	5.8	1.92	-9999.9	3	26	-9999.9	41	-9999.9	3	19.8	3
2025 11 12 10	0.94	0.93	4.8	4.9	6.4	1.5	-9999.9	3	28	-9999.9	41	-9999.9	3	19.8	3
2025 11 12 11	0.98	0.96	4.9	4.9	6.1	1.6	-9999.9	3	31	-9999.9	44	-9999.9	3	19.9	3
2025 11 12 12	0.97	0.95	4.9	4.8	6.1	1.76	-9999.9	3	36	-9999.9	45	-9999.9	3	20.1	3
2025 11 12 13	0.99	0.96	4.7	4.9	6.1	1.74	-9999.9	3	36	-9999.9	40	-9999.9	3	20.1	3
2025 11 12 14	0.87	0.85	4.5	4.6	5.9	1.39	-9999.9	3	40	-9999.9	45	-9999.9	3	20.1	3
2025 11 12 15	0.97	0.96	4.6	4.5	5.7	1.45	-9999.9	3	44	-9999.9	41	-9999.9	3	20.2	3
2025 11 12 16	0.91	0.88	4.2	4.4	5.8	1.38	-9999.9	3	35	-9999.9	44	-9999.9	3	20.2	3
2025 11 12 17	0.9	0.86	4.3	4.4	5.8	1.62	-9999.9	3	36	-9999.9	42	-9999.9	3	20.1	3
2025 11 12 18	0.74	0.73	4.0	4.0	5.4	1.14	-9999.9	3	40	-9999.9	49	-9999.9	3	20.0	3
2025 11 12 19	0.76	0.74	3.9	4.2	5.5	1.51	-9999.9	3	35	-9999.9	43	-9999.9	3	20.0	3
2025 11 12 20	0.71	0.7	3.9	4.1	5.5	1.18	-9999.9	3	35	-9999.9	44	-9999.9	3	20.0	3
2025 11 12 21	0.59	0.58	3.7	4.0	5.3	0.94	-9999.9	3	42	-9999.9	48	-9999.9	3	20.1	3
2025 11 12 22	0.5	0.49	3.6	3.7	4.9	0.79	-9999.9	3	50	-9999.9	48	-9999.9	3	20.0	3
2025 11 12 23	0.46	0.44	3.6	3.7	4.9	0.75	-9999.9	3	51	-9999.9	50	-9999.9	3	19.9	3
2025 11 13 00	0.44	0.43	3.5	3.6	5.3	0.68	-9999.9	3	47	-9999.9	47	-9999.9	3	19.9	3
2025 11 13 01	0.42	0.42	3.5	3.5	5.3	0.65	-9999.9	3	45	-9999.9	50	-9999.9	3	19.9	3
2025 11 13 02	0.44	0.43	3.4	3.6	5.2	0.78	-9999.9	3	43	-9999.9	46	-9999.9	3	19.9	3
2025 11 13 03	0.39	0.38	3.5	3.7	5.2	0.63	-9999.9	3	41	-9999.9	48	-9999.9	3	19.9	3
2025 11 13 04	0.45	0.43	3.8	3.9	5.0	0.69	-9999.9	3	47	-9999.9	47	-9999.9	3	19.9	3
2025 11 13 05	0.53	0.52	4.1	4.2	5.1	0.92	-9999.9	3	40	-9999.9	48	-9999.9	3	19.9	3
2025 11 13 06	0.65	0.63	3.8	4.1	5.2	1.16	-9999.9	3	33	-9999.9	44	-9999.9	3	19.9	3
2025 11 13 07	0.69	0.68	4.3	4.4	5.4	1.11	-9999.9	3	34	-9999.9	45	-9999.9	3	19.9	3
2025 11 13 08	0.84	0.81	4.4	4.6	5.7	1.35	-9999.9	3	39	-9999.9	43	-9999.9	3	19.9	3
2025 11 13 09	0.92	0.9	4.7	4.5	5.6	1.89	-9999.9	3	40	-9999.9	42	-9999.9	3	19.9	3
2025 11 13 10	0.94	0.94	4.2	4.5	5.7	1.6	-9999.9	3	45	-9999.9	45	-9999.9	3	19.9	3
2025 11 13 11	0.99	0.98	4.2	4.6	5.7	1.52	-9999.9	3	44	-9999.9	42	-9999.9	3	19.9	3
2025 11 13 12	0.86	0.83	3.8	4.3	5.9	1.48	-9999.9	3	38	-9999.9	43	-9999.9	3	19.9	3
2025 11 13 13	0.81	0.8	3.7	3.9	5.8	1.29	-9999.9	3	31	-9999.9	42	-9999.9	3	19.9	3
2025 11 13 14	0.72	0.7	3.7	3.9	6.3	1.17	-9999.9	3	31	-9999.9	45	-9999.9	3	19.8	3
2025 11 13 15	0.74	0.73	4.2	4.6	6.2	1.36	-9999.9	3	31	-9999.9	41	-9999.9	3	19.8	3
2025 11 13 16	0.75	0.73	4.5	4.7	5.8	1.41	-9999.9	3	36	-9999.9	42	-9999.9	3	19.7	3
2025 11 13 17	0.77	0.76	4.3	4.5	5.6	1.28	-9999.9	3	32	-9999.9	37	-9999.9	3	19.7	3
2025 11 13 18	0.72	0.71	4.0	4.3	5.6	1.01	-9999.9	3	32	-9999.9	41	-9999.9	3	19.7	3
2025 11 13 19	0.66	0.65	4.3	4.4	5.6	1.1	-9999.9	3	31	-9999.9	45	-9999.9	3	19.6	3
2025 11 13 20	0.66	0.65	4.2	4.2	5.3	1.08	-9999.9	3	38	-9999.9	46	-9999.9	3	19.6	3
2025 11 13 21	0.56	0.56	4.0	4.1	5.3	0.97	-9999.9	3	34	-9999.9	48	-9999.9	3	19.5	3
2025 11 13 22	0.45	0.44	3.7	3.8	5.0	0.7	-9999.9	3	35	-9999.9	53	-9999.9	3	19.7	3
2025 11 13 23	0.48	0.47	4.0	4.1	5.1	0.75	-9999.9	3	35	-9999.9	48	-9999.9	3	19.6	3
2025 11 14 00	0.47	0.46	3.8	4.0	5.0	0.79	-9999.9	3	39	-9999.9	51	-9999.9	3	19.7	3
2025 11 14 01	0.46	0.45	4.0	4.1	5.2	0.67	-9999.9	3	43	-9999.9	47	-9999.9	3	19.6	3
2025 11 14 02	0.38	0.37	3.8	3.9	5.3	0.73	-9999.9	3	38	-9999.9	47	-9999.9	3	19.6	3
2025 11 14 03	0.34	0.33	3.7	3.9	5.4	0.61	-9999.9	3	51	-9999.9	51	-9999.9	3	19.6	3
2025 11 14 04	0.31	0.31	3.4	3.7	4.6	0.54	-9999.9	3	45	-9999.9	51	-9999.9	3	19.5	3
2025 11 14 05	0.33	0.32	3.5	3.5	4.3	0.51	-9999.9	3	36	-9999.9	50	-9999.9	3	19.5	3
2025 11 14 06	0.48	0.47	4.1	4.1	4.7	0.84	-9999.9	3	17	-9999.9	46	-9999.9	3	19.5	3
2025 11 14 07	0.55	0.54	4.4	4.4	5.4	0.77	-9999.9	3	13	-9999.9	44	-9999.9	3	19.5	3
2025 11 14 08	0.53	0.51	4.2	4.4	5.7	0.91	-9999.9	3	16	-9999.9	43	-9999.9	3	19.5	3
2025 11 14 09	0.52	0.51	3.9	4.1	5.8	0.91	-9999.9	3	19	-9999.9	41	-9999.9	3	19.5	3
2025 11 14 10	0.46	0.44	3.1	3.3	5.1	0.71	-9999.9	3	30	-9999.9	48	-9999.9	3	19.5	3
2025 11 14 11	0.36	0.35	3.2	3.4	4.7	0.55	-9999.9	3	29	-9999.9	46	-9999.9	3	19.5	3
2025 11 14 12	0.3	0.3	3.2	3.3	5.2	0.44	-9999.9	3	36	-9999.9	53	-9999.9	3	19.5	3
2025 11 14 13	0.26	0.25	3.6	3.8	5.1	0.58	-9999.9	3	30	-9999.9	50	-9999.9	3	19.7	3
2025 11 14 14	0.23	0.22	3.4	3.6	5.2	0.35	-9999.9	3	35	-9999.9	53	-9999.9	3	19.8	3
2025 11 14 15	0.21	0.21	3.1	3.6	4.7	0.34	-9999.9	3	58	-9999.9	54	-9999.9	3	19.8	3
2025 11 14 16	0.24	0.23	2.5	2.7	5.3	0.46	-9999.9	3	43	-9999.9	49	-9999.9	3	19.8	3
2025 11 14 17	0.26	0.24	2.8	3.1	6.3	0.46	-9999.9	3	54	-9999.9	47	-9999.9	3	19.7	3
2025 11 14 18	0.26	0.26	3.7	4.0	6.3	0.45	-9999.9	3	71	-9999.9	44	-9999.9	3	19.7	3
2025 11 14 19	0.26	0.25	3.6	3.9	6.2	0.39	-9999.9	3	71	-9999.9	48	-9999.9	3	19.7	3
2025 11 14 20	0.27	0.26	3.5	3.6	6.4	0.43	-9999.9	3	74	-9999.9	47	-9999.9	3	19.6	3
2025 11 14 21	0.26	0.25	3.3	3.4	6.1	0.43	-9999.9	3	81	-9999.9	47	-9999.9	3	19.5	3
2025 11 14 22	0.25	0.23	3.3	3.5	5.4	0.39	-9999.9	3	79	-9999.9	48	-9999.9	3	19.5	3
2025 11 14 23	0.23	0.22	3.7	3.8	6.3	0.38	-9999.9	3	77	-9999.9	50	-9999.9	3	19.5	3
2025 11 15 00	0.21	0.2	3.5	3.6	6.1	0.32	-9999.9	3	78	-9999.9	49	-9999.9	3	19.5	3
2025 11 15 01	0.24	0.22	3.7	3.8	6.5	0.35	-9999.9	3	76	-9999.9	46	-9999.9	3	19.5	3
2025 11 15 02	0.25	0.23	3.1	3.2	6.9	0.41	-9999.9	3	87	-9999.9	46	-9999.9	3	19.5	3
2025 11 15 03	0.23	0.21	3.7	4.0	7.5	0.34	-9999.9	3	70	-9999.9	48	-9999.9	3	19.6	3
2025 11 15 04	0.22	0.2	3.4	3.5	8.0	0.34	-9999.9	3	76	-9999.9	49	-9999.9	3	19.6	3
2025 11 15 05	0.24	0.22	3.2	3.3	7.6	0.41	-9999.9	3	86	-9999.9	48	-9999.9	3	19.5	3
2025 11 15 06	0.27	0.24	3.0	3.2	7.6	0.44	-9999.9	3	90	-9999.9	47	-9999.9	3	19.5	3
2025 11 15 07	0.26	0.23	3.0	3.2	8.1	0.4	-9999.9	3	79	-9999.9	51	-9999.9	3	19.5	3
2025 11 15 08	0.37	0.35	2.7	2.8	3.3	0.54	-9999.9	3	115	-9999.9	34	-9999.9	3	19.6	3
2025 11 15 10	0.38	0.37	2.5	2.6	3.5	0.61	-9999.9	3	113	-9999.9	36	-9999.9	3	19.7	3
2025 11 15 11	0.35	0.33	2.4	2.5	2.8	0.52	-9999.9	3	115	-9999.9	37	-9999.9	3	19.7	3
2025 11 15 12	0.3	0.28	2.6	2.7	6.2	0.41	-9999.9	3	96	-9999.9	42	-9999.9	3	19.8	3
2025 11 15 13	0.23	0.21	2.8	3.0	7.3	0.39	-9999.9	3	72	-9999.9	45	-9999.9	3	19.9	3
2025 11 15 14	0.19	0.17	2.9	3.5	7.4	0.35	-9999.9	3	64	-9999.9	49	-9999.9	3	20.0	3
2025 11 15 15	0.19	0.19	2.4	3.1	7.8	0.32	-9999.9	3	52	-9999.9	51	-9999.9	3	19.8	3
2025 11 15 16	0.23	0.22	2.3	2.7	7.3	0.38	-9999.9	3	37	-9999.9	51	-9999.9	3	19.9	3
2025 11 15 17	0.22	0.2	2.6	2.9	7.3	0.34	-9999.9	3	43	-9999.9	51	-9999.9	3	19.9	3
2025 11 15 18	0.19	0.18	3.0	3.5	7.3	0.3	-9999.9	3	55	-9999.9	52	-9999.9	3	19.9	3
2025 11 15 19	0.18	0.17	3.7	3.9	7.4	0.35	-9999.9	3	55	-9999.9	45	-9999.9	3	19.8	3
2025 11 15 20	0.17	0.16	4.1	4.3	7.1	0.32	-9999.9	3	55	-9999.9	45	-9999.9	3	19.8	3
2025 11 15 21	0.18	0.18	3.4	3.7	6.9	0.34	-9999.9	3	57	-9999.9	49	-9999.9	3	19.8	3
2025 11 15 22	0.16	0.15	3.1	3.5	7.2	0.24	-9999.9	3	64	-9999.9	55	-9999.9	3	19.7	3
2025 11 15 23	0.17	0.16	2.7	2.8	7.1	0.32	-9999.9	3	86	-9999.9	49	-9999.9	3	19.7	3
2025 11 16 00	0.19	0.17	2.7	2.8	7.1	0.3	-9999.9	3	101	-9999.9	45	-9999.9	3	19.7	3
2025 11 16 01	0.2	0.19	2.5	2.5	2.8	0.31	-9999.9	3	118	-9999.9	39	-9999.9	3	19.8	3
2025 11 16 02	0.16	0.15	2.6	2.7	4.3	0.27	-9999.9	3	101	-9999.9	49	-9999.9	3	19.8	3
2025 11 16 03	0.12	0.11	2.6	2.8	6.3	0.18	-9999.9	3	92	-9999.9	50	-9999.9	3	19.8	3
2025 11 16 04	0.12	0.11	2.9	2.9	6.9	0.18	-9999.9	3	81	-9999.9	50	-9999.9	3	19.8	3
2025 11 16 05	0.14	0.14	2.6	3.0	6.5	0.25	-9999.9	3	65	-9999.9	47	-9999.9	3	19.8	3
2025 11 16 06	0.13	0.13	2.0	2.8	7.2	0.21	-9999.9	3	52	-9999.9	52	-9999.9	3	19.8	3
2025 11 16 07	0.15	0.15	2.1	2.5	7.0	0.24	-9999.9	3	37	-9999.9	49	-9999.9	3	19.8	3
2025 11 16 08	0.16	0.17	2.0	2.4	3.0	0.36	-9999.9	3	20	-9999.9	47	-9999.9	3	19.8	3
2025 11 16 09	0.23	0.23	2.2	2.5	6.0	0.4	-9999.9	3	15	-9999.9	48	-9999.9	3	19.8	3
2025 11 16 10	0.16	0.16	2.4	3.1	4.7	0.29	-9999.9	3	28	-9999.9	50	-9999.9	3	19.8	3
2025 11 16 11	0.14	0.13	2.8	3.4	5.7	0.25	-9999.9	3	38	-9999.9	48	-9999.9	3	19.8	3
2025 11 16 12	0.14	0.13	3.5	3.5	5.3	0.22	-9999.9	3	41	-9999.9	51	-9999.9	3	19.8	3
2025 11 16 13	0.14	0.13	3.1	3.3	3.4	0.27	-9999.9	3	32	-9999.9	47	-9999.9	3	19.8	3
2025 11 16 14	0.14	0.14	2.5	3.0	3.2	0.26	-9999.9	3	32	-9999.9	50	-9999.9	3	19.8	3
2025 11 16 15	0.16	0.15	3.0	3.1	4.8	0.27	-9999.9	3	52	-9999.9	51	-9999.9	3	19.8	3
2025 11 16 16	0.17	0.16	2.9	3.0	3.5	0.28	-9999.9	3	50	-9999.9	55	-9999.9	3	19.8	3
2025 11 16 17	0.18	0.18	2.6	3.1	3.9	0.33	-9999.9	3	30	-9999.9	54	-9999.9	3	19.8	3
2025 11 16 18	0.18	0.18	2.8	2.9	3.6	0.29	-9999.9	3	30	-9999.9	51	-9999.9	3	19.7	3
2025 11 16 19	0.19	0.18	2.9	3.1	3.8	0.38	-9999.9	3	26	-9999.9	49	-9999.9	3	19.7	3
2025 11 16 20	0.19	0.18	2.7	3.0	4.5	0.34	-9999.9	3	40	-9999.9	50	-9999.9	3	19.7	3
2025 11 16 21	0.21	0.2	3.5	3.6	5.8	0.35	-9999.9	3	77	-9999.9	48	-9999.9	3	19.7	3
2025 11 16 22	0.23	0.23	3.8	4.0	5.9	0.33	-9999.9	3	85	-9999.9	46	-9999.9	3	19.7	3
2025 11 16 23	0.2	0.2	3.9	4.0	5.6	0.3	-9999.9	3	88	-9999.9	46	-9999.9	3	19.7	3
2025 11 17 00	0.18	0.17	3.8	3.9	5.7	0.29	-9999.9	3	85	-9999.9	46	-9999.9	3	19.7	3
2025 11 17 01	0.17	0.16	3.4	3.6	6.0	0.28	-9999.9	3	71	-9999.9	46	-9999.9	3	19.6	3
2025 11 17 02	0.19	0.18	3.8	3.8	5.7	0.29	-9999.9	3	80	-9999.9	44	-9999.9	3	19.6	3
2025 11 17 03	0.24	0.24	2.1	2.4	4.5	0.37	-9999.9	3	28	-9999.9	43	-9999.9	3	19.6	3
2025 11 17 04	0.31	0.3	2.2	2.4	3.2	0.53	-9999.9	3	7	-9999.9	43	-9999.9	3	19.6	3
2025 11 17 05	0.36	0.36	2.1	2.3	2.3	0.62	-9999.9	3	1	-9999.9	42	-9999.9	3	19.6	3
2025 11 17 06	0.28	0.27	2.5	2.6	3.3	0.6	-9999.9	3	28	-9999.9	52	-9999.9	3	19.5	3
2025 11 17 07	0.2	0.19	3.2	3.3	4.4	0.37	-9999.9	3	51	-9999.9	51	-9999.9	3	19.5	3
2025 11 17 08	0.17	0.16	3.5	3.5	4.1	0.29	-9999.9	3	56	-9999.9	50	-9999.9	3	19.5	3
2025 11 17 09	0.16	0.15	3.5	3.7	5.5	0.31	-9999.9	3	78	-9999.9	51	-9999.9	3	19.5	3
2025 11 17 10	0.18	0.17	3.5	3.4	5.2	0.29	-9999.9	3	95	-9999.9	47	-9999.9	3	19.5	3
2025 11 17 11	0.19	0.18	2.8	2.8	3.8	0.3	-9999.9	3	93	-9999.9	43	-9999.9	3	19.6	3
2025 11 17 12	0.14	0.14	3.0	3.0	5.6	0.25	-9999.9	3	86	-9999.9	56	-9999.9	3	19.7	3
2025 11 17 13	0.16	0.15	3.3	3.3	5.5	0.26	-9999.9	3	62	-9999.9	58	-9999.9	3	19.8	3
2025 11 17 14	0.18	0.18	2.5	3.0	5.4	0.29	-9999.9	3	61	-9999.9	53	-9999.9	3	19.8	3
2025 11 17 15	0.22	0.21	2.9	3.1	6.0	0.37	-9999.9	3	79	-9999.9	48	-9999.9	3	19.8	3
2025 11 17 16	0.25	0.24	3.3	3.5	5.4	0.42	-9999.9	3	82	-9999.9	46	-9999.9	3	19.8	3
2025 11 17 17	0.28	0.27	3.5	3.8	5.2	0.52	-9999.9	3	75	-9999.9	45	-9999.9	3	19.7	3
2025 11 17 18	0.24	0.23	3.4	3.7	5.1	0.39	-9999.9	3	82	-9999.9	45	-9999.9	3	19.7	3
2025 11 17 19	0.2	0.19	3.2	3.5	5.3	0.35	-9999.9	3	78	-9999.9	47	-9999.9	3	19.7	3
2025 11 17 20	0.17	0.16	3.4	3.5	5.3	0.28	-9999.9	3	84	-9999.9	52	-9999.9	3	19.6	3
2025 11 17 21	0.15	0.17	2.2	3.1	7.5	0.26	-9999.9	3	65	-9999.9	53	-9999.9	3	19.6	3
2025 11 17 22	0.17	0.17	2.3	3.5	5.8	0.33	-9999.9	3	25	-9999.9	57	-9999.9	3	19.6	3
2025 11 17 23	0.19	0.19	2.5	3.7	6.4	0.34	-9999.9	3	25	-9999.9	54	-9999.9	3	19.5	3
2025 11 18 00	0.21	0.2	3.4	3.9	7.2	0.35	-9999.9	3	21	-9999.9	55	-9999.9	3	19.5	3
2025 11 18 01	0.23	0.22	3.3	3.8	6.6	0.35	-9999.9	3	16	-9999.9	49	-9999.9	3	19.5	3
2025 11 18 02	0.24	0.23	3.3	3.6	5.9	0.41	-9999.9	3	17	-9999.9	47	-9999.9	3	19.5	3
2025 11 18 03	0.24	0.23	3.5	3.7	5.5	0.39	-9999.9	3	17	-9999.9	47	-9999.9	3	19.5	3
2025 11 18 04	0.28	0.27	3.0	3.2	4.9	0.42	-9999.9	3	20	-9999.9	45	-9999.9	3	19.5	3
2025 11 18 05	0.27	0.26	3.0	3.1	4.9	0.47	-9999.9	3	24	-9999.9	48	-9999.9	3	19.5	3
2025 11 18 06	0.27	0.26	2.7	3.0	4.4	0.47	-9999.9	3	29	-9999.9	53	-9999.9	3	19.5	3
2025 11 18 07	0.25	0.24	2.9	3.1	4.3	0.38	-9999.9	3	27	-9999.9	48	-9999.9	3	19.5	3
2025 11 18 08	0.31	0.3	2.8	3.0	5.7	0.54	-9999.9	3	14	-9999.9	44	-9999.9	3	19.4	3
2025 11 18 09	0.48	0.46	3.2	3.4	5.7	1.16	-9999.9	3	10	-9999.9	40	-9999.9	3	19.5	3
2025 11 18 10	0.66	0.65	4.0	4.1	6.2	1.08	-9999.9	3	11	-9999.9	40	-9999.9	3	19.5	3
2025 11 18 11	0.76	0.74	4.5	4.6	6.1	1.07	-9999.9	3	25	-9999.9	41	-9999.9	3	19.5	3
2025 11 18 12	0.91	0.89	4.4	4.7	6.3	1.67	-9999.9	3	32	-9999.9	41	-9999.9	3	19.5	3
2025 11 18 13	0.99	0.97	4.8	4.8	6.4	1.62	-9999.9	3	35	-9999.9	40	-9999.9	3	19.5	3
2025 11 18 14	1.16	1.15	4.8	5.1	6.3	1.83	-9999.9	3	35	-9999.9	40	-9999.9	3	19.5	3
2025 11 18 15	1.08	1.05	4.6	4.7	6.3	1.62	-9999.9	3	41	-9999.9	39	-9999.9	3	19.5	3
2025 11 18 16	0.93	0.91	4.5	4.6	6.3	1.71	-9999.9	3	42	-9999.9	44	-9999.9	3	19.5	3
2025 11 18 17	0.86	0.85	4.5	4.6	6.1	1.66	-9999.9	3	46	-9999.9	44	-9999.9	3	19.5	3
2025 11 18 18	0.94	0.92	4.4	4.7	6.1	1.59	-9999.9	3	44	-9999.9	42	-9999.9	3	19.4	3
2025 11 18 19	0.97	0.95	4.5	4.8	6.1	1.63	-9999.9	3	40	-9999.9	40	-9999.9	3	19.4	3
2025 11 18 20	0.9	0.88	4.5	4.7	5.8	1.45	-9999.9	3	42	-9999.9	39	-9999.9	3	19.4	3
2025 11 18 21	0.77	0.76	4.4	4.4	5.7	1.25	-9999.9	3	44	-9999.9	42	-9999.9	3	19.4	3
2025 11 18 22	0.77	0.75	4.4	4.3	5.5	1.23	-9999.9	3	44	-9999.9	44	-9999.9	3	19.4	3
2025 11 18 23	0.7	0.7	4.3	4.4	5.7	1.27	-9999.9	3	43	-9999.9	45	-9999.9	3	19.4	3
2025 11 19 00	0.7	0.68	4.1	4.3	5.4	1.27	-9999.9	3	44	-9999.9	42	-9999.9	3	19.4	3
2025 11 19 01	0.59	0.57	4.0	4.2	5.3	1.03	-9999.9	3	43	-9999.9	46	-9999.9	3	19.4	3
2025 11 19 02	0.54	0.52	4.1	4.2	5.3	0.97	-9999.9	3	47	-9999.9	47	-9999.9	3	19.4	3
2025 11 19 03	0.49	0.48	4.1	4.1	5.2	0.76	-9999.9	3	44	-9999.9	46	-9999.9	3	19.4	3
2025 11 19 04	0.43	0.42	4.0	4.0	5.0	0.76	-9999.9	3	44	-9999.9	53	-9999.9	3	19.4	3
2025 11 19 05	0.41	0.4	3.8	4.1	4.9	0.82	-9999.9	3	44	-9999.9	46	-9999.9	3	19.3	3
2025 11 19 06	0.39	0.38	4.0	4.1	5.1	0.63	-9999.9	3	46	-9999.9	40	-9999.9	3	19.4	3
2025 11 19 07	0.39	0.39	3.9	4.0	4.9	0.64	-9999.9	3	47	-9999.9	45	-9999.9	3	19.3	3
2025 11 19 08	0.32	0.31	3.5	3.6	4.5	0.53	-9999.9	3	48	-9999.9	49	-9999.9	3	19.3	3
2025 11 19 09	0.33	0.31	3.2	3.3	4.6	0.56	-9999.9	3	57	-9999.9	48	-9999.9	3	19.3	3
2025 11 19 10	0.34	0.32	3.1	3.3	4.8	0.52	-9999.9	3	59	-9999.9	48	-9999.9	3	19.4	3
2025 11 19 11	0.33	0.31	3.7	3.8	6.7	0.58	-9999.9	3	53	-9999.9	50	-9999.9	3	19.5	3
2025 11 19 12	0.32	0.3	3.7	4.1	7.4	0.48	-9999.9	3	47	-9999.9	49	-9999.9	3	19.5	3
2025 11 19 13	0.38	0.34	3.9	4.7	9.8	0.64	-9999.9	3	49	-9999.9	52	-9999.9	3	19.5	3
2025 11 19 14	0.41	0.38	4.5	4.9	9.7	0.64	-9999.9	3	48	-9999.9	56	-9999.9	3	19.5	3
2025 11 19 15	0.45	0.43	4.4	5.1	9.7	0.67	-9999.9	3	43	-9999.9	55	-9999.9	3	19.5	3
2025 11 19 16	0.46	0.43	4.7	5.8	9.6	0.79	-9999.9	3	50	-9999.9	52	-9999.9	3	19.5	3
2025 11 19 17	0.46	0.44	5.1	5.8	9.5	0.7	-9999.9	3	48	-9999.9	51	-9999.9	3	19.4	3
2025 11 19 18	0.37	0.34	4.2	4.7	9.3	0.61	-9999.9	3	38	-9999.9	59	-9999.9	3	19.4	3
2025 11 19 19	0.33	0.32	4.7	5.1	8.5	0.6	-9999.9	3	47	-9999.9	53	-9999.9	3	19.4	3
2025 11 19 20	0.32	0.31	5.2	5.0	8.8	0.55	-9999.9	3	47	-9999.9	50	-9999.9	3	19.4	3
2025 11 19 21	0.3	0.29	5.4	5.5	8.6	0.52	-9999.9	3	48	-9999.9	51	-9999.9	3	19.4	3
2025 11 19 22	0.29	0.29	5.3	5.4	8.3	0.48	-9999.9	3	50	-9999.9	50	-9999.9	3	19.4	3
2025 11 19 23	0.26	0.25	4.4	5.4	8.2	0.41	-9999.9	3	49	-9999.9	55	-9999.9	3	19.4	3
2025 11 20 00	0.23	0.22	5.0	5.2	8.3	0.33	-9999.9	3	50	-9999.9	55	-9999.9	3	19.3	3
2025 11 20 01	0.21	0.2	5.1	5.2	8.0	0.35	-9999.9	3	55	-9999.9	53	-9999.9	3	19.3	3
2025 11 20 02	0.2	0.19	5.0	5.2	8.0	0.33	-9999.9	3	50	-9999.9	52	-9999.9	3	19.3	3
2025 11 20 03	0.19	0.19	5.1	5.3	7.9	0.32	-9999.9	3	50	-9999.9	53	-9999.9	3	19.3	3
2025 11 20 04	0.2	0.19	4.4	4.6	7.2	0.39	-9999.9	3	42	-9999.9	52	-9999.9	3	19.3	3
2025 11 20 05	0.21	0.19	3.8	3.8	7.9	0.31	-9999.9	3	56	-9999.9	52	-9999.9	3	19.3	3
2025 11 20 06	0.22	0.21	3.8	3.7	7.5	0.37	-9999.9	3	39	-9999.9	52	-9999.9	3	19.3	3
2025 11 20 07	0.23	0.21	3.4	3.6	7.2	0.38	-9999.9	3	31	-9999.9	50	-9999.9	3	19.3	3
2025 11 20 08	0.24	0.22	3.6	3.7	6.9	0.45	-9999.9	3	32	-9999.9	49	-9999.9	3	19.3	3
2025 11 20 09	0.25	0.23	3.6	3.7	7.0	0.36	-9999.9	3	37	-9999.9	47	-9999.9	3	19.3	3
2025 11 20 10	0.22	0.21	3.3	3.6	7.1	0.36	-9999.9	3	48	-9999.9	52	-9999.9	3	19.3	3
2025 11 20 11	0.23	0.21	3.5	4.0	6.9	0.43	-9999.9	3	41	-9999.9	56	-9999.9	3	19.3	3
2025 11 20 12	0.29	0.28	3.3	3.7	6.2	0.47	-9999.9	3	21	-9999.9	49	-9999.9	3	19.3	3
2025 11 20 13	0.26	0.26	2.5	3.2	6.6	0.45	-9999.9	3	23	-9999.9	54	-9999.9	3	19.4	3
2025 11 20 14	0.28	0.28	2.6	3.1	5.0	0.53	-9999.9	3	22	-9999.9	50	-9999.9	3	19.4	3
2025 11 20 15	0.31	0.3	2.4	2.9	6.5	0.48	-9999.9	3	26	-9999.9	52	-9999.9	3	19.4	3
2025 11 20 16	0.3	0.29	2.5	2.8	7.9	0.41	-9999.9	3	18	-9999.9	49	-9999.9	3	19.3	3
2025 11 20 17	0.32	0.31	2.4	2.7	6.3	0.5	-9999.9	3	16	-9999.9	46	-9999.9	3	19.3	3
2025 11 20 18	0.34	0.32	3.0	3.1	5.8	0.5	-9999.9	3	23	-9999.9	47	-9999.9	3	19.3	3
2025 11 20 19	0.39	0.37	2.9	3.2	5.7	0.55	-9999.9	3	20	-9999.9	46	-9999.9	3	19.3	3
2025 11 20 20	0.37	0.35	2.8	3.1	5.9	0.6	-9999.9	3	19	-9999.9	47	-9999.9	3	19.3	3
2025 11 20 21	0.4	0.38	2.8	2.9	4.7	0.65	-9999.9	3	16	-9999.9	46	-9999.9	3	19.3	3
2025 11 20 22	0.39	0.37	2.6	2.9	4.5	0.66	-9999.9	3	18	-9999.9	48	-9999.9	3	19.2	3
2025 11 20 23	0.41	0.39	2.7	2.9	5.2	0.62	-9999.9	3	25	-9999.9	48	-9999.9	3	19.2	3
2025 11 21 00	0.39	0.37	2.8	3.0	5.9	0.63	-9999.9	3	27	-9999.9	46	-9999.9	3	19.2	3
2025 11 21 01	0.36	0.33	2.7	3.0	6.3	0.58	-9999.9	3	33	-9999.9	49	-9999.9	3	19.2	3
2025 11 21 02	0.35	0.33	2.7	2.9	5.2	0.51	-9999.9	3	26	-9999.9	46	-9999.9	3	19.2	3
2025 11 21 03	0.39	0.37	2.7	2.9	5.6	0.6	-9999.9	3	20	-9999.9	47	-9999.9	3	19.2	3
2025 11 21 04	0.43	0.4	2.8	3.0	5.1	0.71	-9999.9	3	22	-9999.9	44	-9999.9	3	19.2	3
2025 11 21 05	0.43	0.41	2.9	3.1	4.6	0.69	-9999.9	3	25	-9999.9	43	-9999.9	3	19.2	3
2025 11 21 06	0.43	0.41	2.9	3.1	4.7	0.67	-9999.9	3	22	-9999.9	45	-9999.9	3	19.2	3
2025 11 21 07	0.4	0.38	3.0	3.2	4.9	0.63	-9999.9	3	23	-9999.9	45	-9999.9	3	19.1	3
2025 11 21 08	0.36	0.34	2.9	3.1	5.0	0.54	-9999.9	3	24	-9999.9	48	-9999.9	3	19.2	3
2025 11 21 09	0.33	0.31	2.6	2.8	4.8	0.5	-9999.9	3	26	-9999.9	47	-9999.9	3	19.1	3
2025 11 21 10	0.33	0.31	2.6	2.8	4.4	0.55	-9999.9	3	21	-9999.9	45	-9999.9	3	19.1	3
2025 11 21 11	0.33	0.31	2.6	2.7	5.2	0.5	-9999.9	3	27	-9999.9	46	-9999.9	3	19.2	3
2025 11 21 12	0.34	0.33	2.7	2.9	4.2	0.61	-9999.9	3	27	-9999.9	44	-9999.9	3	19.1	3
2025 11 21 13	0.35	0.33	2.9	3.2	5.2	0.66	-9999.9	3	32	-9999.9	47	-9999.9	3	19.2	3
2025 11 21 14	0.44	0.42	3.1	3.3	5.6	0.88	-9999.9	3	36	-9999.9	46	-9999.9	3	19.3	3
2025 11 21 15	0.59	0.56	3.4	3.7	5.8	0.92	-9999.9	3	43	-9999.9	45	-9999.9	3	19.3	3
2025 11 21 16	0.65	0.63	3.7	3.9	5.7	0.98	-9999.9	3	46	-9999.9	41	-9999.9	3	19.3	3
2025 11 21 17	0.59	0.55	3.7	3.9	5.6	0.99	-9999.9	3	47	-9999.9	43	-9999.9	3	19.3	3
2025 11 21 18	0.54	0.51	3.6	3.9	5.9	1.1	-9999.9	3	49	-9999.9	46	-9999.9	3	19.3	3
2025 11 21 19	0.51	0.49	3.9	4.0	6.0	0.88	-9999.9	3	57	-9999.9	46	-9999.9	3	19.3	3
2025 11 21 20	0.55	0.53	4.0	4.1	5.7	0.95	-9999.9	3	57	-9999.9	43	-9999.9	3	19.3	3
2025 11 21 21	0.56	0.55	4.2	4.2	6.5	0.85	-9999.9	3	56	-9999.9	43	-9999.9	3	19.2	3
2025 11 21 22	0.75	0.7	3.1	3.3	6.1	1.19	-9999.9	3	65	-9999.9	41	-9999.9	3	19.2	3
2025 11 21 23	0.86	0.83	3.3	3.4	5.2	1.3	-9999.9	3	71	-9999.9	45	-9999.9	3	19.2	3
2025 11 22 00	1.02	0.99	3.5	3.6	4.9	1.68	-9999.9	3	77	-9999.9	44	-9999.9	3	19.1	3
2025 11 22 01	1.11	1.07	3.7	3.7	5.0	1.7	-9999.9	3	76	-9999.9	42	-9999.9	3	19.1	3
2025 11 22 02	1.0	0.93	3.6	3.7	5.3	1.65	-9999.9	3	78	-9999.9	45	-9999.9	3	19.0	3
2025 11 22 03	1.05	0.99	4.0	4.0	6.4	1.59	-9999.9	3	73	-9999.9	43	-9999.9	3	19.0	3
2025 11 22 04	1.03	0.98	3.9	3.9	6.0	1.59	-9999.9	3	70	-9999.9	44	-9999.9	3	19.0	3
2025 11 22 05	1.23	1.2	4.3	4.1	6.1	2.07	-9999.9	3	68	-9999.9	43	-9999.9	3	19.3	3
2025 11 22 06	1.47	1.4	4.6	4.6	7.4	2.49	-9999.9	3	68	-9999.9	40	-9999.9	3	19.3	3
2025 11 22 07	1.43	1.38	4.9	4.6	7.3	2.39	-9999.9	3	62	-9999.9	42	-9999.9	3	19.3	3
2025 11 22 08	1.43	1.37	4.9	4.7	7.3	2.26	-9999.9	3	58	-9999.9	42	-9999.9	3	19.4	3
2025 11 22 09	1.31	1.27	4.9	4.8	6.8	1.9	-9999.9	3	57	-9999.9	44	-9999.9	3	19.4	3
2025 11 22 10	1.3	1.27	5.0	4.8	6.9	2.02	-9999.9	3	53	-9999.9	45	-9999.9	3	19.5	3
2025 11 22 11	1.28	1.24	5.2	5.0	7.2	1.94	-9999.9	3	51	-9999.9	46	-9999.9	3	19.5	3
2025 11 22 12	1.22	1.2	4.7	4.8	7.2	2.16	-9999.9	3	55	-9999.9	48	-9999.9	3	19.5	3
2025 11 22 13	1.21	1.17	4.6	4.8	7.2	1.88	-9999.9	3	57	-9999.9	43	-9999.9	3	19.6	3
2025 11 22 14	1.13	1.1	5.0	4.7	6.9	1.65	-9999.9	3	56	-9999.9	44	-9999.9	3	19.6	3
2025 11 22 15	1.03	0.98	4.5	4.7	6.5	1.47	-9999.9	3	56	-9999.9	44	-9999.9	3	19.6	3
2025 11 22 16	1.0	0.95	4.7	4.8	6.8	1.6	-9999.9	3	58	-9999.9	45	-9999.9	3	19.5	3
2025 11 22 17	0.99	0.96	4.9	4.9	6.8	1.66	-9999.9	3	60	-9999.9	44	-9999.9	3	19.4	3
2025 11 22 18	0.95	0.92	4.9	4.9	7.4	1.51	-9999.9	3	61	-9999.9	43	-9999.9	3	19.4	3
2025 11 22 19	0.89	0.84	4.7	4.8	7.6	1.82	-9999.9	3	59	-9999.9	44	-9999.9	3	19.4	3
2025 11 22 20	0.82	0.79	4.6	4.7	7.1	1.27	-9999.9	3	59	-9999.9	43	-9999.9	3	19.4	3
2025 11 22 21	0.87	0.82	4.7	4.8	7.5	1.73	-9999.9	3	60	-9999.9	43	-9999.9	3	19.4	3
2025 11 22 22	0.85	0.81	4.6	4.8	6.6	1.27	-9999.9	3	57	-9999.9	45	-9999.9	3	19.4	3
2025 11 22 23	0.85	0.81	4.9	4.9	6.4	1.51	-9999.9	3	53	-9999.9	43	-9999.9	3	19.4	3
2025 11 23 00	0.81	0.77	4.6	4.9	6.6	1.23	-9999.9	3	60	-9999.9	45	-9999.9	3	19.4	3
2025 11 23 01	0.74	0.69	4.6	4.9	7.1	1.17	-9999.9	3	65	-9999.9	46	-9999.9	3	19.3	3
2025 11 23 02	0.73	0.69	4.5	4.8	6.3	1.41	-9999.9	3	62	-9999.9	45	-9999.9	3	19.3	3
2025 11 23 03	0.64	0.61	4.6	4.6	5.8	0.96	-9999.9	3	62	-9999.9	45	-9999.9	3	19.2	3
2025 11 23 04	0.59	0.56	4.7	4.8	6.1	0.85	-9999.9	3	67	-9999.9	48	-9999.9	3	19.3	3
2025 11 23 05	0.6	0.57	4.9	5.0	7.2	0.96	-9999.9	3	67	-9999.9	45	-9999.9	3	19.3	3
2025 11 23 06	0.56	0.54	5.1	5.0	7.5	0.87	-9999.9	3	69	-9999.9	47	-9999.9	3	19.3	3
2025 11 23 07	0.46	0.43	4.4	4.7	7.9	0.81	-9999.9	3	65	-9999.9	49	-9999.9	3	19.3	3
2025 11 23 08	0.47	0.45	4.9	4.9	8.0	0.72	-9999.9	3	66	-9999.9	49	-9999.9	3	19.3	3
2025 11 23 09	0.43	0.4	4.5	4.8	8.4	0.69	-9999.9	3	64	-9999.9	52	-9999.9	3	19.3	3
2025 11 23 10	0.49	0.47	4.5	4.5	8.3	0.72	-9999.9	3	69	-9999.9	49	-9999.9	3	19.3	3
2025 11 23 11	0.49	0.44	3.9	4.2	7.8	0.91	-9999.9	3	65	-9999.9	46	-9999.9	3	19.3	3
2025 11 23 12	0.46	0.43	4.5	4.7	8.1	0.67	-9999.9	3	64	-9999.9	48	-9999.9	3	19.4	3
2025 11 23 13	0.39	0.37	4.5	4.8	8.0	0.67	-9999.9	3	59	-9999.9	49	-9999.9	3	19.5	3
2025 11 23 14	0.41	0.38	4.7	5.0	8.0	0.72	-9999.9	3	67	-9999.9	51	-9999.9	3	19.5	3
2025 11 23 15	0.37	0.34	4.7	5.0	7.6	0.63	-9999.9	3	67	-9999.9	52	-9999.9	3	19.5	3
2025 11 23 16	0.38	0.36	4.6	4.9	7.5	0.61	-9999.9	3	72	-9999.9	50	-9999.9	3	19.4	3
2025 11 23 17	0.34	0.31	4.9	5.3	9.3	0.54	-9999.9	3	63	-9999.9	52	-9999.9	3	19.4	3
2025 11 23 18	0.32	0.3	5.1	5.4	9.1	0.6	-9999.9	3	70	-9999.9	52	-9999.9	3	19.4	3
2025 11 23 19	0.28	0.26	5.3	5.7	9.6	0.48	-9999.9	3	70	-9999.9	53	-9999.9	3	19.4	3
2025 11 23 20	0.28	0.27	5.6	5.5	10.3	0.41	-9999.9	3	72	-9999.9	51	-9999.9	3	19.3	3
2025 11 23 21	0.26	0.24	5.0	5.2	9.7	0.42	-9999.9	3	74	-9999.9	53	-9999.9	3	19.3	3
2025 11 23 22	0.26	0.25	6.0	5.9	10.5	0.36	-9999.9	3	68	-9999.9	52	-9999.9	3	19.3	3
2025 11 23 23	0.25	0.23	5.8	6.2	10.7	0.32	-9999.9	3	61	-9999.9	52	-9999.9	3	19.2	3
2025 11 24 00	0.25	0.25	5.4	4.6	10.9	0.52	-9999.9	3	81	-9999.9	46	-9999.9	3	19.2	3
2025 11 24 01	0.22	0.21	6.2	6.3	9.5	0.35	-9999.9	3	70	-9999.9	53	-9999.9	3	19.1	3
2025 11 24 02	0.17	0.16	5.3	5.6	9.8	0.26	-9999.9	3	64	-9999.9	55	-9999.9	3	19.1	3
2025 11 24 03	0.19	0.18	5.4	5.6	9.4	0.33	-9999.9	3	58	-9999.9	47	-9999.9	3	19.1	3
2025 11 24 04	0.17	0.15	3.5	3.7	10.0	0.27	-9999.9	3	74	-9999.9	55	-9999.9	3	19.1	3
2025 11 24 05	0.16	0.15	4.2	4.4	9.6	0.28	-9999.9	3	64	-9999.9	57	-9999.9	3	19.1	3
2025 11 24 06	0.17	0.15	3.6	4.2	9.6	0.27	-9999.9	3	55	-9999.9	54	-9999.9	3	19.1	3
2025 11 24 07	0.18	0.17	2.7	3.6	9.5	0.35	-9999.9	3	51	-9999.9	57	-9999.9	3	19.1	3
2025 11 24 08	0.19	0.19	2.5	3.5	8.2	0.32	-9999.9	3	33	-9999.9	58	-9999.9	3	19.1	3
2025 11 24 09	0.26	0.25	3.0	3.3	3.6	0.43	-9999.9	3	24	-9999.9	48	-9999.9	3	19.1	3
2025 11 24 10	0.28	0.28	3.0	3.3	3.7	0.48	-9999.9	3	18	-9999.9	47	-9999.9	3	19.2	3
2025 11 24 11	0.26	0.26	2.5	3.1	3.6	0.51	-9999.9	3	13	-9999.9	46	-9999.9	3	19.2	3
2025 11 24 12	0.29	0.29	2.2	2.4	2.0	0.57	-9999.9	3	357	-9999.9	44	-9999.9	3	19.2	3
2025 11 24 13	0.36	0.36	2.3	2.4	2.9	0.58	-9999.9	3	345	-9999.9	43	-9999.9	3	19.2	3
2025 11 24 14	0.43	0.42	2.4	2.5	2.8	0.71	-9999.9	3	348	-9999.9	40	-9999.9	3	19.2	3
2025 11 24 15	0.45	0.44	2.4	2.5	3.4	0.74	-9999.9	3	351	-9999.9	43	-9999.9	3	19.2	3
2025 11 24 16	0.38	0.36	2.7	3.1	7.6	0.61	-9999.9	3	8	-9999.9	46	-9999.9	3	19.1	3
2025 11 24 17	0.42	0.41	2.8	3.0	7.6	0.73	-9999.9	3	3	-9999.9	45	-9999.9	3	19.1	3
2025 11 24 18	0.43	0.41	2.8	3.1	7.3	0.73	-9999.9	3	5	-9999.9	45	-9999.9	3	19.1	3
2025 11 24 19	0.41	0.37	3.4	3.6	7.5	0.67	-9999.9	3	10	-9999.9	47	-9999.9	3	19.1	3
2025 11 24 20	0.42	0.39	2.7	3.1	6.9	0.64	-9999.9	3	4	-9999.9	47	-9999.9	3	19.1	3
2025 11 24 21	0.39	0.37	2.8	3.1	6.5	0.58	-9999.9	3	12	-9999.9	45	-9999.9	3	19.1	3
2025 11 24 22	0.36	0.34	3.1	3.5	6.1	0.59	-9999.9	3	20	-9999.9	47	-9999.9	3	19.1	3
2025 11 24 23	0.41	0.38	2.9	3.1	6.3	0.66	-9999.9	3	15	-9999.9	45	-9999.9	3	19.0	3
2025 11 25 00	0.43	0.41	3.2	3.3	6.8	0.68	-9999.9	3	20	-9999.9	43	-9999.9	3	19.0	3
2025 11 25 01	0.33	0.31	3.9	4.1	6.6	0.54	-9999.9	3	44	-9999.9	50	-9999.9	3	19.0	3
2025 11 25 02	0.31	0.29	4.0	4.3	5.8	0.44	-9999.9	3	51	-9999.9	53	-9999.9	3	19.0	3
2025 11 25 03	0.31	0.29	4.4	4.3	7.1	0.5	-9999.9	3	48	-9999.9	51	-9999.9	3	19.0	3
2025 11 25 04	0.27	0.26	4.4	4.4	7.4	0.41	-9999.9	3	53	-9999.9	54	-9999.9	3	19.0	3
2025 11 25 05	0.31	0.29	4.1	4.1	6.8	0.46	-9999.9	3	44	-9999.9	54	-9999.9	3	18.9	3
2025 11 25 06	0.33	0.32	4.2	4.1	7.4	0.56	-9999.9	3	31	-9999.9	53	-9999.9	3	18.9	3
2025 11 25 07	0.35	0.33	4.3	4.3	6.8	0.57	-9999.9	3	35	-9999.9	51	-9999.9	3	18.9	3
2025 11 25 08	0.36	0.34	4.1	4.1	6.7	0.6	-9999.9	3	22	-9999.9	51	-9999.9	3	19.0	3
2025 11 25 09	0.44	0.41	3.9	3.9	6.1	0.78	-9999.9	3	23	-9999.9	48	-9999.9	3	19.0	3
2025 11 25 10	0.45	0.42	3.7	3.8	4.6	0.69	-9999.9	3	16	-9999.9	46	-9999.9	3	19.1	3
2025 11 25 11	0.52	0.49	3.0	3.1	4.5	0.8	-9999.9	3	359	-9999.9	41	-9999.9	3	19.1	3
2025 11 25 12	0.42	0.4	2.9	3.3	5.0	0.72	-9999.9	3	10	-9999.9	46	-9999.9	3	19.1	3
2025 11 25 13	0.41	0.39	2.7	2.8	4.7	0.63	-9999.9	3	6	-9999.9	43	-9999.9	3	19.2	3
2025 11 25 14	0.34	0.33	2.7	3.3	5.2	0.66	-9999.9	3	12	-9999.9	47	-9999.9	3	19.1	3
2025 11 25 15	0.32	0.31	2.4	2.8	7.2	0.58	-9999.9	3	12	-9999.9	47	-9999.9	3	19.1	3
2025 11 25 16	0.3	0.28	2.9	3.7	7.6	0.55	-9999.9	3	38	-9999.9	52	-9999.9	3	19.1	3
2025 11 25 17	0.35	0.33	2.6	3.0	7.2	0.5	-9999.9	3	17	-9999.9	49	-9999.9	3	19.1	3
2025 11 25 18	0.51	0.48	2.8	2.9	5.4	0.79	-9999.9	3	6	-9999.9	43	-9999.9	3	19.0	3
2025 11 25 19	0.49	0.47	2.9	3.1	7.1	0.81	-9999.9	3	11	-9999.9	46	-9999.9	3	19.0	3
2025 11 25 20	0.49	0.47	2.8	2.9	5.3	0.8	-9999.9	3	9	-9999.9	44	-9999.9	3	19.0	3
2025 11 25 21	0.41	0.38	2.9	3.2	7.4	0.69	-9999.9	3	28	-9999.9	49	-9999.9	3	19.0	3
2025 11 25 22	0.38	0.36	3.4	3.7	7.7	0.81	-9999.9	3	38	-9999.9	50	-9999.9	3	19.0	3
2025 11 25 23	0.33	0.31	3.1	3.6	7.9	0.56	-9999.9	3	43	-9999.9	54	-9999.9	3	19.0	3
2025 11 26 00	0.32	0.3	3.0	3.3	7.4	0.51	-9999.9	3	37	-9999.9	50	-9999.9	3	18.9	3
2025 11 26 01	0.3	0.28	2.8	3.3	6.6	0.48	-9999.9	3	41	-9999.9	53	-9999.9	3	18.9	3
2025 11 26 02	0.29	0.26	3.0	3.6	7.1	0.48	-9999.9	3	51	-9999.9	50	-9999.9	3	18.9	3
2025 11 26 03	0.26	0.25	4.2	4.8	7.3	0.47	-9999.9	3	63	-9999.9	51	-9999.9	3	18.9	3
2025 11 26 04	0.24	0.23	5.1	5.1	7.8	0.43	-9999.9	3	65	-9999.9	54	-9999.9	3	18.9	3
2025 11 26 05	0.22	0.21	3.6	4.9	8.0	0.44	-9999.9	3	56	-9999.9	52	-9999.9	3	18.9	3
2025 11 26 06	0.26	0.25	4.4	5.2	7.2	0.41	-9999.9	3	66	-9999.9	48	-9999.9	3	18.9	3
2025 11 26 07	0.3	0.28	4.4	4.8	7.3	0.58	-9999.9	3	59	-9999.9	47	-9999.9	3	18.9	3
2025 11 26 08	0.42	0.39	4.1	4.1	4.0	0.64	-9999.9	3	56	-9999.9	45	-9999.9	3	18.8	3
2025 11 26 09	0.65	0.62	4.4	4.3	6.1	1.05	-9999.9	3	57	-9999.9	46	-9999.9	3	18.9	3
2025 11 26 10	1.07	1.04	4.8	4.8	6.9	1.85	-9999.9	3	58	-9999.9	43	-9999.9	3	18.9	3
2025 11 26 11	0.99	0.94	4.5	4.6	6.8	1.45	-9999.9	3	55	-9999.9	41	-9999.9	3	18.9	3
2025 11 26 12	0.89	0.85	4.4	4.4	6.5	1.36	-9999.9	3	57	-9999.9	41	-9999.9	3	18.9	3
2025 11 26 13	0.9	0.88	4.4	4.4	6.0	1.32	-9999.9	3	59	-9999.9	43	-9999.9	3	18.9	3
2025 11 26 14	0.83	0.8	4.2	4.3	6.0	1.32	-9999.9	3	61	-9999.9	44	-9999.9	3	19.0	3
2025 11 26 15	0.81	0.77	4.1	4.3	6.4	1.25	-9999.9	3	58	-9999.9	43	-9999.9	3	19.0	3
2025 11 26 16	0.84	0.79	4.2	4.5	6.0	1.32	-9999.9	3	58	-9999.9	42	-9999.9	3	19.0	3
2025 11 26 17	0.89	0.85	4.4	4.5	6.0	1.5	-9999.9	3	61	-9999.9	45	-9999.9	3	18.9	3
2025 11 26 18	1.02	0.97	4.3	4.6	7.0	1.43	-9999.9	3	68	-9999.9	44	-9999.9	3	18.9	3
2025 11 26 19	1.06	0.99	4.6	4.6	7.4	1.54	-9999.9	3	68	-9999.9	43	-9999.9	3	18.9	3
2025 11 26 20	0.98	0.94	4.5	4.6	7.0	1.66	-9999.9	3	71	-9999.9	45	-9999.9	3	18.9	3
2025 11 26 21	1.02	0.97	4.6	4.6	7.0	2.01	-9999.9	3	70	-9999.9	42	-9999.9	3	18.9	3
2025 11 26 22	0.97	0.92	4.4	4.4	7.1	1.5	-9999.9	3	70	-9999.9	42	-9999.9	3	18.8	3
2025 11 26 23	0.95	0.89	4.5	4.6	7.2	1.34	-9999.9	3	70	-9999.9	43	-9999.9	3	18.8	3
2025 11 27 00	0.85	0.8	4.2	4.4	7.1	1.19	-9999.9	3	66	-9999.9	43	-9999.9	3	18.8	3
2025 11 27 01	0.81	0.78	4.3	4.3	6.9	1.25	-9999.9	3	71	-9999.9	40	-9999.9	3	18.8	3
2025 11 27 02	0.72	0.67	4.1	4.3	7.3	1.11	-9999.9	3	70	-9999.9	44	-9999.9	3	18.8	3
2025 11 27 03	0.68	0.63	4.1	4.4	7.2	1.34	-9999.9	3	74	-9999.9	48	-9999.9	3	18.8	3
2025 11 27 04	0.7	0.65	4.2	4.6	6.8	1.08	-9999.9	3	71	-9999.9	43	-9999.9	3	18.8	3
2025 11 27 05	0.69	0.66	4.7	4.9	6.8	1.13	-9999.9	3	71	-9999.9	43	-9999.9	3	18.8	3
2025 11 27 06	0.72	0.7	5.0	4.9	6.5	1.02	-9999.9	3	70	-9999.9	44	-9999.9	3	18.8	3
2025 11 27 07	0.76	0.74	5.0	5.1	7.3	1.15	-9999.9	3	69	-9999.9	41	-9999.9	3	18.8	3
2025 11 27 08	0.83	0.79	5.3	5.3	6.6	1.34	-9999.9	3	74	-9999.9	42	-9999.9	3	18.8	3
2025 11 27 09	0.84	0.82	5.1	5.3	6.3	1.19	-9999.9	3	68	-9999.9	42	-9999.9	3	18.8	3
2025 11 27 10	0.78	0.75	4.8	5.2	6.6	1.27	-9999.9	3	70	-9999.9	41	-9999.9	3	18.8	3
2025 11 27 11	0.78	0.75	4.8	4.9	6.2	1.37	-9999.9	3	72	-9999.9	42	-9999.9	3	18.9	3
2025 11 27 12	0.75	0.73	4.8	4.8	6.4	1.28	-9999.9	3	70	-9999.9	42	-9999.9	3	18.9	3
2025 11 27 13	0.79	0.75	4.7	4.9	6.3	1.57	-9999.9	3	70	-9999.9	42	-9999.9	3	19.0	3
2025 11 27 14	0.78	0.75	4.7	4.8	5.9	1.12	-9999.9	3	67	-9999.9	43	-9999.9	3	19.0	3
2025 11 27 15	0.68	0.64	4.2	4.6	7.1	1.16	-9999.9	3	67	-9999.9	46	-9999.9	3	19.0	3
2025 11 27 16	0.7	0.66	4.5	4.7	6.6	1.18	-9999.9	3	69	-9999.9	47	-9999.9	3	19.0	3
2025 11 27 17	0.69	0.65	4.5	4.7	5.7	1.12	-9999.9	3	66	-9999.9	44	-9999.9	3	18.9	3
2025 11 27 18	0.67	0.61	4.5	4.8	6.5	0.98	-9999.9	3	69	-9999.9	44	-9999.9	3	18.9	3
2025 11 27 19	0.62	0.59	4.5	4.6	6.0	0.95	-9999.9	3	66	-9999.9	46	-9999.9	3	18.9	3
2025 11 27 20	0.65	0.62	4.3	4.4	6.8	1.08	-9999.9	3	66	-9999.9	46	-9999.9	3	18.9	3
2025 11 27 21	0.67	0.6	4.1	4.5	9.0	1.21	-9999.9	3	66	-9999.9	49	-9999.9	3	18.8	3
2025 11 27 22	0.66	0.61	3.8	4.2	7.0	1.3	-9999.9	3	67	-9999.9	44	-9999.9	3	18.8	3
2025 11 27 23	0.73	0.67	4.3	4.2	10.5	1.41	-9999.9	3	63	-9999.9	47	-9999.9	3	18.8	3
2025 11 28 00	0.75	0.68	4.1	4.3	9.4	1.2	-9999.9	3	64	-9999.9	52	-9999.9	3	18.8	3
2025 11 28 01	0.76	0.69	4.5	4.4	10.1	1.1	-9999.9	3	68	-9999.9	50	-9999.9	3	18.8	3
2025 11 28 02	0.79	0.74	4.4	4.5	9.5	1.21	-9999.9	3	66	-9999.9	45	-9999.9	3	18.8	3
2025 11 28 03	0.78	0.73	4.6	4.4	9.6	1.1	-9999.9	3	63	-9999.9	48	-9999.9	3	18.8	3
2025 11 28 04	0.83	0.75	4.2	4.3	9.0	1.18	-9999.9	3	69	-9999.9	47	-9999.9	3	18.8	3
2025 11 28 05	0.83	0.77	4.1	4.2	8.3	1.25	-9999.9	3	66	-9999.9	47	-9999.9	3	18.7	3
2025 11 28 06	0.79	0.75	4.5	4.5	8.9	1.45	-9999.9	3	68	-9999.9	50	-9999.9	3	18.7	3
2025 11 28 07	0.66	0.6	4.3	4.3	8.4	0.99	-9999.9	3	67	-9999.9	49	-9999.9	3	18.7	3
2025 11 28 08	0.68	0.65	4.3	4.4	8.2	1.05	-9999.9	3	63	-9999.9	48	-9999.9	3	18.7	3
2025 11 28 09	0.68	0.65	4.7	4.8	9.7	1.02	-9999.9	3	66	-9999.9	54	-9999.9	3	18.7	3
2025 11 28 10	0.6	0.56	4.0	4.5	7.9	1.03	-9999.9	3	63	-9999.9	50	-9999.9	3	18.8	3
2025 11 28 11	0.6	0.55	4.2	4.6	8.9	1.04	-9999.9	3	64	-9999.9	49	-9999.9	3	18.8	3
2025 11 28 12	0.57	0.54	4.4	4.8	8.1	0.88	-9999.9	3	64	-9999.9	51	-9999.9	3	18.8	3
2025 11 28 13	0.57	0.54	4.5	4.7	8.1	0.79	-9999.9	3	69	-9999.9	49	-9999.9	3	18.8	3
2025 11 28 14	0.58	0.54	4.5	4.6	9.6	0.88	-9999.9	3	68	-9999.9	49	-9999.9	3	18.8	3
2025 11 28 15	0.53	0.5	4.2	4.3	9.0	0.76	-9999.9	3	74	-9999.9	54	-9999.9	3	18.9	3
2025 11 28 16	0.57	0.52	4.1	4.7	8.2	0.94	-9999.9	3	62	-9999.9	49	-9999.9	3	18.8	3
2025 11 28 17	0.57	0.52	4.4	4.7	8.8	0.91	-9999.9	3	66	-9999.9	52	-9999.9	3	18.8	3
2025 11 28 18	0.61	0.58	4.8	5.0	8.4	0.93	-9999.9	3	66	-9999.9	46	-9999.9	3	18.7	3
2025 11 28 19	0.52	0.48	4.3	4.8	8.2	0.82	-9999.9	3	70	-9999.9	51	-9999.9	3	18.7	3
2025 11 28 20	0.55	0.5	4.5	4.8	8.9	0.88	-9999.9	3	66	-9999.9	52	-9999.9	3	18.7	3
2025 11 28 21	0.53	0.52	5.0	5.0	8.3	0.77	-9999.9	3	64	-9999.9	47	-9999.9	3	18.7	3
2025 11 28 22	0.53	0.52	5.2	5.2	8.3	0.88	-9999.9	3	64	-9999.9	48	-9999.9	3	18.7	3
2025 11 28 23	0.51	0.49	5.4	5.2	8.5	0.74	-9999.9	3	72	-9999.9	49	-9999.9	3	18.7	3
2025 11 29 00	0.46	0.44	5.1	5.3	7.9	0.63	-9999.9	3	64	-9999.9	49	-9999.9	3	18.7	3
2025 11 29 01	0.5	0.49	5.4	5.5	8.1	0.85	-9999.9	3	60	-9999.9	46	-9999.9	3	18.6	3
2025 11 29 02	0.48	0.46	5.2	5.4	8.5	0.86	-9999.9	3	64	-9999.9	49	-9999.9	3	18.6	3
2025 11 29 03	0.45	0.45	5.2	5.4	9.4	0.78	-9999.9	3	71	-9999.9	52	-9999.9	3	18.6	3
2025 11 29 04	0.42	0.4	5.2	5.4	8.6	0.72	-9999.9	3	64	-9999.9	51	-9999.9	3	18.6	3
2025 11 29 05	0.47	0.45	5.9	5.8	9.3	0.7	-9999.9	3	64	-9999.9	52	-9999.9	3	18.6	3
2025 11 29 06	0.45	0.43	5.5	5.6	9.2	0.69	-9999.9	3	59	-9999.9	52	-9999.9	3	18.6	3
2025 11 29 07	0.47	0.46	5.8	5.9	9.3	0.8	-9999.9	3	63	-9999.9	53	-9999.9	3	18.6	3
2025 11 29 08	0.45	0.44	5.6	5.6	8.8	0.76	-9999.9	3	69	-9999.9	54	-9999.9	3	18.6	3
2025 11 29 09	0.47	0.45	5.1	5.2	9.4	0.67	-9999.9	3	73	-9999.9	52	-9999.9	3	18.6	3
2025 11 29 10	0.45	0.42	4.6	4.9	8.4	0.79	-9999.9	3	68	-9999.9	53	-9999.9	3	18.6	3
2025 11 29 11	0.47	0.44	4.3	4.7	8.4	0.87	-9999.9	3	68	-9999.9	49	-9999.9	3	18.7	3
2025 11 29 12	0.43	0.4	4.5	4.8	8.3	0.79	-9999.9	3	64	-9999.9	52	-9999.9	3	18.9	3
2025 11 29 13	0.42	0.4	5.1	5.3	8.4	0.64	-9999.9	3	71	-9999.9	56	-9999.9	3	19.0	3
2025 11 29 14	0.43	0.41	5.2	6.0	8.5	0.9	-9999.9	3	63	-9999.9	51	-9999.9	3	18.8	3
2025 11 29 15	0.41	0.4	5.7	6.0	8.0	0.68	-9999.9	3	69	-9999.9	51	-9999.9	3	18.8	3
2025 11 29 16	0.41	0.4	5.8	5.9	8.2	0.65	-9999.9	3	67	-9999.9	53	-9999.9	3	18.8	3
2025 11 29 17	0.44	0.43	5.6	6.0	8.3	0.72	-9999.9	3	69	-9999.9	44	-9999.9	3	18.7	3
2025 11 29 18	0.43	0.43	5.8	6.0	7.9	0.7	-9999.9	3	69	-9999.9	46	-9999.9	3	18.7	3
2025 11 29 19	0.43	0.41	5.6	6.1	7.9	0.67	-9999.9	3	63	-9999.9	47	-9999.9	3	18.7	3
2025 11 29 20	0.35	0.34	5.3	5.5	8.1	0.54	-9999.9	3	68	-9999.9	50	-9999.9	3	18.6	3
2025 11 29 21	0.38	0.37	5.2	5.7	8.2	0.61	-9999.9	3	65	-9999.9	48	-9999.9	3	18.6	3
2025 11 29 22	0.36	0.35	5.3	5.5	8.0	0.58	-9999.9	3	68	-9999.9	49	-9999.9	3	18.6	3
2025 11 29 23	0.33	0.32	4.4	5.1	8.1	0.63	-9999.9	3	57	-9999.9	50	-9999.9	3	18.6	3
2025 11 30 00	0.29	0.28	4.6	5.1	8.2	0.61	-9999.9	3	57	-9999.9	52	-9999.9	3	18.6	3
2025 11 30 01	0.3	0.3	5.0	5.0	8.0	0.5	-9999.9	3	48	-9999.9	50	-9999.9	3	18.6	3
2025 11 30 02	0.27	0.25	4.4	4.6	8.2	0.48	-9999.9	3	52	-9999.9	51	-9999.9	3	18.6	3
2025 11 30 03	0.26	0.24	4.4	4.4	8.1	0.35	-9999.9	3	52	-9999.9	53	-9999.9	3	18.6	3
2025 11 30 04	0.26	0.24	4.0	3.9	7.8	0.4	-9999.9	3	46	-9999.9	54	-9999.9	3	18.6	3
2025 11 30 05	0.24	0.23	3.6	3.9	8.0	0.34	-9999.9	3	50	-9999.9	52	-9999.9	3	18.5	3
2025 11 30 06	0.31	0.3	4.0	4.0	6.8	0.51	-9999.9	3	40	-9999.9	49	-9999.9	3	18.5	3
2025 11 30 07	0.27	0.25	3.5	3.7	7.2	0.54	-9999.9	3	47	-9999.9	54	-9999.9	3	18.5	3
2025 11 30 08	0.24	0.23	3.8	3.8	7.2	0.35	-9999.9	3	55	-9999.9	54	-9999.9	3	18.5	3
2025 11 30 09	0.31	0.29	2.7	2.8	3.6	0.49	-9999.9	3	83	-9999.9	46	-9999.9	3	18.5	3
2025 11 30 10	0.29	0.27	3.0	3.0	6.6	0.48	-9999.9	3	74	-9999.9	50	-9999.9	3	18.6	3
2025 11 30 11	0.3	0.28	3.0	3.1	6.2	0.47	-9999.9	3	83	-9999.9	51	-9999.9	3	18.6	3
2025 11 30 12	0.31	0.28	3.3	3.4	6.2	0.47	-9999.9	3	68	-9999.9	52	-9999.9	3	18.7	3
2025 11 30 13	0.34	0.33	2.9	3.4	6.9	0.67	-9999.9	3	65	-9999.9	48	-9999.9	3	18.7	3
2025 11 30 14	0.41	0.37	2.6	2.9	7.1	0.63	-9999.9	3	33	-9999.9	44	-9999.9	3	18.6	3
2025 11 30 15	0.4	0.38	3.2	3.4	6.9	0.82	-9999.9	3	40	-9999.9	45	-9999.9	3	18.6	3
2025 11 30 16	0.34	0.32	3.3	3.5	6.9	0.53	-9999.9	3	47	-9999.9	50	-9999.9	3	18.6	3
2025 11 30 17	0.31	0.28	3.3	3.4	6.6	0.48	-9999.9	3	41	-9999.9	51	-9999.9	3	18.5	3
2025 11 30 18	0.33	0.31	3.5	3.4	5.9	0.53	-9999.9	3	48	-9999.9	48	-9999.9	3	18.1	3
2025 11 30 19	0.29	0.27	3.2	3.4	5.9	0.44	-9999.9	3	48	-9999.9	50	-9999.9	3	18.3	3
2025 11 30 20	0.27	0.26	3.2	3.4	5.1	0.42	-9999.9	3	52	-9999.9	53	-9999.9	3	18.4	3
2025 11 30 21	0.26	0.25	3.1	3.3	4.4	0.46	-9999.9	3	50	-9999.9	52	-9999.9	3	18.6	3
2025 11 30 22	0.24	0.23	3.2	3.5	5.4	0.4	-9999.9	3	57	-9999.9	53	-9999.9	3	18.5	3
2025 11 30 23	0.23	0.22	2.8	3.0	6.4	0.37	-9999.9	3	66	-9999.9	49	-9999.9	3	18.6	3
2025 12 01 00	0.22	0.21	2.9	3.1	6.1	0.41	-9999.9	3	73	-9999.9	51	-9999.9	3	18.5	3
2025 12 01 01	0.23	0.21	3.2	3.3	6.2	0.36	-9999.9	3	74	-9999.9	50	-9999.9	3	18.5	3
2025 12 01 02	0.22	0.21	3.4	3.4	6.4	0.43	-9999.9	3	71	-9999.9	51	-9999.9	3	18.5	3
2025 12 01 03	0.18	0.18	3.3	3.6	5.7	0.3	-9999.9	3	70	-9999.9	52	-9999.9	3	18.5	3
2025 12 01 04	0.17	0.16	3.5	3.6	6.3	0.28	-9999.9	3	69	-9999.9	54	-9999.9	3	18.5	3
2025 12 01 05	0.17	0.16	3.5	3.7	6.0	0.29	-9999.9	3	68	-9999.9	50	-9999.9	3	18.5	3
2025 12 01 06	0.16	0.15	3.6	3.8	6.0	0.24	-9999.9	3	69	-9999.9	52	-9999.9	3	18.5	3
2025 12 01 07	0.16	0.15	3.6	3.7	5.9	0.26	-9999.9	3	65	-9999.9	51	-9999.9	3	18.5	3
2025 12 01 08	0.17	0.16	4.1	4.2	5.6	0.25	-9999.9	3	56	-9999.9	51	-9999.9	3	18.4	3
2025 12 01 09	0.24	0.24	4.2	4.3	5.2	0.37	-9999.9	3	50	-9999.9	51	-9999.9	3	18.5	3
2025 12 01 10	0.35	0.35	4.5	4.3	5.1	0.51	-9999.9	3	53	-9999.9	47	-9999.9	3	18.5	3
2025 12 01 11	0.46	0.45	4.6	4.7	5.5	0.75	-9999.9	3	47	-9999.9	46	-9999.9	3	18.6	3
2025 12 01 12	0.56	0.54	4.3	4.6	6.2	0.87	-9999.9	3	46	-9999.9	45	-9999.9	3	18.6	3
2025 12 01 13	0.84	0.83	5.0	5.2	6.3	1.31	-9999.9	3	40	-9999.9	39	-9999.9	3	18.8	3
2025 12 01 14	0.92	0.9	5.1	5.2	7.0	1.44	-9999.9	3	38	-9999.9	41	-9999.9	3	18.8	3
2025 12 01 15	1.05	1.02	5.4	5.4	6.9	1.94	-9999.9	3	41	-9999.9	42	-9999.9	3	18.8	3
2025 12 01 16	1.1	1.09	5.2	5.3	6.5	1.84	-9999.9	3	45	-9999.9	42	-9999.9	3	18.8	3
2025 12 01 17	1.06	1.03	5.1	5.2	6.7	1.82	-9999.9	3	41	-9999.9	38	-9999.9	3	18.7	3
2025 12 01 18	1.15	1.12	5.4	5.5	7.1	2.02	-9999.9	3	43	-9999.9	41	-9999.9	3	18.6	3
2025 12 01 19	1.05	1.01	5.2	5.1	6.8	1.67	-9999.9	3	41	-9999.9	42	-9999.9	3	18.6	3
2025 12 01 20	0.95	0.93	5.1	5.0	6.9	1.57	-9999.9	3	40	-9999.9	44	-9999.9	3	18.6	3
2025 12 01 21	0.84	0.8	4.7	4.9	6.9	1.24	-9999.9	3	40	-9999.9	47	-9999.9	3	18.6	3
2025 12 01 22	0.9	0.87	5.1	5.2	6.7	1.52	-9999.9	3	39	-9999.9	41	-9999.9	3	18.6	3
2025 12 01 23	0.83	0.81	4.8	5.0	7.1	1.32	-9999.9	3	44	-9999.9	45	-9999.9	3	18.6	3
2025 12 02 00	0.74	0.72	4.9	5.0	6.7	1.15	-9999.9	3	45	-9999.9	44	-9999.9	3	18.5	3
2025 12 02 01	0.73	0.71	4.7	4.9	6.8	1.32	-9999.9	3	44	-9999.9	47	-9999.9	3	18.5	3
2025 12 02 02	0.66	0.65	4.9	4.9	6.5	1.13	-9999.9	3	49	-9999.9	45	-9999.9	3	18.5	3
2025 12 02 03	0.64	0.62	4.7	4.9	6.3	0.88	-9999.9	3	51	-9999.9	46	-9999.9	3	18.5	3
2025 12 02 04	0.57	0.56	4.7	4.8	6.3	0.89	-9999.9	3	45	-9999.9	44	-9999.9	3	18.5	3
2025 12 02 05	0.52	0.5	4.7	4.7	5.9	0.91	-9999.9	3	50	-9999.9	48	-9999.9	3	18.5	3
2025 12 02 06	0.54	0.53	5.0	4.9	6.0	0.79	-9999.9	3	59	-9999.9	44	-9999.9	3	18.4	3
2025 12 02 07	0.52	0.51	4.8	4.9	6.9	0.97	-9999.9	3	57	-9999.9	48	-9999.9	3	18.4	3
2025 12 02 08	0.46	0.45	4.5	4.6	7.3	0.75	-9999.9	3	62	-9999.9	47	-9999.9	3	18.3	3
2025 12 02 09	0.44	0.43	4.3	4.5	7.2	0.87	-9999.9	3	59	-9999.9	45	-9999.9	3	18.4	3
2025 12 02 10	0.41	0.39	4.1	4.2	7.5	0.75	-9999.9	3	63	-9999.9	46	-9999.9	3	18.4	3
2025 12 02 11	0.39	0.37	3.8	4.2	7.1	0.68	-9999.9	3	71	-9999.9	42	-9999.9	3	18.5	3
2025 12 02 12	0.36	0.36	4.4	4.7	7.4	0.62	-9999.9	3	76	-9999.9	48	-9999.9	3	18.5	3
2025 12 02 13	0.35	0.34	4.9	5.1	7.4	0.54	-9999.9	3	72	-9999.9	49	-9999.9	3	18.5	3
2025 12 02 14	0.31	0.3	5.2	5.2	7.4	0.42	-9999.9	3	67	-9999.9	53	-9999.9	3	18.6	3
2025 12 02 15	0.34	0.32	5.0	5.0	7.3	0.52	-9999.9	3	60	-9999.9	45	-9999.9	3	18.6	3
2025 12 02 16	0.29	0.28	4.4	4.5	6.9	0.49	-9999.9	3	50	-9999.9	50	-9999.9	3	18.5	3
2025 12 02 17	0.29	0.28	4.2	4.4	7.5	0.49	-9999.9	3	50	-9999.9	48	-9999.9	3	18.5	3
2025 12 02 18	0.25	0.24	4.0	4.1	7.1	0.37	-9999.9	3	37	-9999.9	52	-9999.9	3	18.5	3
2025 12 02 19	0.25	0.24	4.3	4.1	7.1	0.36	-9999.9	3	46	-9999.9	50	-9999.9	3	18.5	3
2025 12 02 20	0.23	0.22	3.2	3.8	6.6	0.46	-9999.9	3	35	-9999.9	52	-9999.9	3	18.5	3
2025 12 02 21	0.33	0.31	2.4	2.7	5.6	0.51	-9999.9	3	360	-9999.9	46	-9999.9	3	18.5	3
2025 12 02 22	0.35	0.33	2.3	2.7	5.0	0.64	-9999.9	3	360	-9999.9	50	-9999.9	3	18.6	3
2025 12 02 23	0.36	0.35	2.4	2.8	8.3	0.59	-9999.9	3	359	-9999.9	52	-9999.9	3	18.7	3
2025 12 03 00	0.37	0.35	2.7	3.0	7.4	0.57	-9999.9	3	3	-9999.9	50	-9999.9	3	18.7	3
2025 12 03 01	0.33	0.32	2.6	3.5	7.4	0.54	-9999.9	3	9	-9999.9	50	-9999.9	3	18.7	3
2025 12 03 02	0.37	0.36	2.7	2.9	5.8	0.61	-9999.9	3	12	-9999.9	49	-9999.9	3	18.7	3
2025 12 03 03	0.36	0.35	3.2	3.4	6.2	0.55	-9999.9	3	24	-9999.9	51	-9999.9	3	18.7	3
2025 12 03 04	0.33	0.31	3.7	3.9	5.6	0.57	-9999.9	3	33	-9999.9	52	-9999.9	3	18.7	3
2025 12 03 05	0.34	0.33	2.6	2.9	5.5	0.59	-9999.9	3	11	-9999.9	48	-9999.9	3	18.6	3
2025 12 03 06	0.29	0.27	2.5	2.9	6.8	0.43	-9999.9	3	19	-9999.9	52	-9999.9	3	18.6	3
2025 12 03 07	0.4	0.38	2.3	2.4	2.2	0.65	-9999.9	3	346	-9999.9	39	-9999.9	3	18.6	3
2025 12 03 08	0.5	0.48	2.3	2.4	2.3	0.8	-9999.9	3	340	-9999.9	39	-9999.9	3	18.6	3
2025 12 03 09	0.52	0.49	2.4	2.4	3.2	0.9	-9999.9	3	337	-9999.9	37	-9999.9	3	18.6	3
2025 12 03 10	0.5	0.48	2.4	2.5	2.6	0.85	-9999.9	3	338	-9999.9	39	-9999.9	3	18.6	3
2025 12 03 11	0.59	0.55	2.4	2.5	2.6	0.94	-9999.9	3	335	-9999.9	38	-9999.9	3	18.6	3
2025 12 03 12	0.59	0.54	2.4	2.5	2.9	1.05	-9999.9	3	339	-9999.9	41	-9999.9	3	18.6	3
2025 12 03 13	0.63	0.59	2.6	2.8	5.9	1.13	-9999.9	3	348	-9999.9	42	-9999.9	3	18.6	3
2025 12 03 14	0.73	0.68	2.9	3.1	6.7	1.24	-9999.9	3	352	-9999.9	42	-9999.9	3	18.5	3
2025 12 03 15	0.88	0.82	3.2	3.3	6.5	1.44	-9999.9	3	4	-9999.9	43	-9999.9	3	18.5	3
2025 12 03 16	0.84	0.78	3.2	3.4	7.3	1.4	-9999.9	3	3	-9999.9	43	-9999.9	3	18.5	3
2025 12 03 17	0.77	0.72	3.2	3.3	6.9	1.21	-9999.9	3	11	-9999.9	44	-9999.9	3	18.4	3
2025 12 03 18	0.86	0.8	3.6	3.8	7.4	1.44	-9999.9	3	19	-9999.9	43	-9999.9	3	18.4	3
2025 12 03 19	0.79	0.75	3.8	4.0	7.0	1.29	-9999.9	3	18	-9999.9	43	-9999.9	3	18.4	3
2025 12 03 20	0.73	0.7	3.7	3.9	6.7	1.17	-9999.9	3	19	-9999.9	43	-9999.9	3	18.4	3
2025 12 03 21	0.62	0.59	3.4	3.7	6.0	0.9	-9999.9	3	18	-9999.9	44	-9999.9	3	18.4	3
2025 12 03 22	0.56	0.52	3.4	3.6	6.4	0.94	-9999.9	3	17	-9999.9	45	-9999.9	3	18.4	3
2025 12 03 23	0.54	0.51	3.0	3.4	5.9	1.0	-9999.9	3	17	-9999.9	43	-9999.9	3	18.3	3
2025 12 04 00	0.53	0.51	3.6	3.8	6.8	0.79	-9999.9	3	19	-9999.9	44	-9999.9	3	18.3	3
2025 12 04 01	0.52	0.5	3.2	3.4	6.5	0.93	-9999.9	3	13	-9999.9	43	-9999.9	3	18.3	3
2025 12 04 02	0.51	0.48	3.2	3.4	6.3	0.72	-9999.9	3	15	-9999.9	45	-9999.9	3	18.3	3
2025 12 04 03	0.46	0.44	3.0	3.4	5.8	0.7	-9999.9	3	16	-9999.9	47	-9999.9	3	18.3	3
2025 12 04 04	0.44	0.42	3.6	3.8	6.6	0.67	-9999.9	3	24	-9999.9	47	-9999.9	3	18.3	3
2025 12 04 05	0.39	0.38	3.8	4.2	6.2	0.64	-9999.9	3	32	-9999.9	49	-9999.9	3	18.3	3
2025 12 04 06	0.37	0.36	3.8	4.1	5.8	0.55	-9999.9	3	35	-9999.9	50	-9999.9	3	18.3	3
2025 12 04 07	0.38	0.36	2.8	3.0	5.4	0.64	-9999.9	3	10	-9999.9	45	-9999.9	3	18.2	3
2025 12 04 08	0.37	0.35	2.8	3.1	6.7	0.68	-9999.9	3	21	-9999.9	45	-9999.9	3	18.1	3
2025 12 04 09	0.39	0.37	2.7	2.8	6.0	0.69	-9999.9	3	12	-9999.9	43	-9999.9	3	18.1	3
2025 12 04 10	0.33	0.32	3.4	3.7	6.5	0.54	-9999.9	3	27	-9999.9	51	-9999.9	3	18.2	3
2025 12 04 11	0.35	0.33	2.9	3.1	6.3	0.56	-9999.9	3	12	-9999.9	47	-9999.9	3	18.2	3
2025 12 04 12	0.36	0.33	2.8	2.9	6.7	0.54	-9999.9	3	9	-9999.9	43	-9999.9	3	18.3	3
2025 12 04 13	0.36	0.34	2.8	3.1	6.7	0.58	-9999.9	3	14	-9999.9	45	-9999.9	3	18.4	3
2025 12 04 14	0.37	0.35	2.6	2.9	6.4	0.61	-9999.9	3	358	-9999.9	47	-9999.9	3	18.3	3
2025 12 04 15	0.36	0.35	3.0	3.6	6.7	0.52	-9999.9	3	15	-9999.9	53	-9999.9	3	18.2	3
2025 12 04 16	0.39	0.37	3.1	3.8	6.4	0.64	-9999.9	3	19	-9999.9	48	-9999.9	3	18.2	3
2025 12 04 17	0.41	0.39	3.2	3.8	5.7	0.66	-9999.9	3	11	-9999.9	49	-9999.9	3	18.2	3
2025 12 04 18	0.4	0.38	3.0	3.5	5.9	0.63	-9999.9	3	16	-9999.9	55	-9999.9	3	18.2	3
2025 12 04 19	0.39	0.37	2.7	3.3	6.1	0.64	-9999.9	3	27	-9999.9	54	-9999.9	3	18.2	3
2025 12 04 20	0.39	0.37	3.1	3.6	6.3	0.63	-9999.9	3	28	-9999.9	52	-9999.9	3	18.2	3
2025 12 04 21	0.35	0.34	3.8	4.1	6.9	0.54	-9999.9	3	37	-9999.9	54	-9999.9	3	18.2	3
2025 12 04 22	0.35	0.35	3.6	4.1	7.3	0.64	-9999.9	3	30	-9999.9	51	-9999.9	3	18.3	3
2025 12 04 23	0.37	0.35	2.8	3.1	7.4	0.7	-9999.9	3	17	-9999.9	48	-9999.9	3	18.2	3
2025 12 05 00	0.38	0.36	2.4	2.7	7.1	0.62	-9999.9	3	10	-9999.9	46	-9999.9	3	18.2	3
2025 12 05 01	0.43	0.4	2.5	2.7	7.2	0.65	-9999.9	3	6	-9999.9	44	-9999.9	3	18.2	3
2025 12 05 02	0.5	0.47	2.4	2.5	4.1	0.9	-9999.9	3	348	-9999.9	40	-9999.9	3	18.2	3
2025 12 05 03	0.46	0.43	2.4	2.6	5.7	0.68	-9999.9	3	357	-9999.9	42	-9999.9	3	18.2	3
2025 12 05 04	0.35	0.33	2.5	2.7	5.8	0.56	-9999.9	3	9	-9999.9	48	-9999.9	3	18.2	3
2025 12 05 05	0.36	0.34	2.6	2.9	6.2	0.57	-9999.9	3	14	-9999.9	47	-9999.9	3	18.2	3
2025 12 05 06	0.39	0.36	2.7	3.0	6.7	0.61	-9999.9	3	13	-9999.9	45	-9999.9	3	18.2	3
2025 12 05 07	0.37	0.35	2.6	2.8	6.5	0.69	-9999.9	3	6	-9999.9	45	-9999.9	3	18.1	3
2025 12 05 08	0.38	0.35	2.4	2.6	4.7	0.7	-9999.9	3	357	-9999.9	45	-9999.9	3	18.2	3
2025 12 05 09	0.38	0.35	2.4	2.6	3.9	0.57	-9999.9	3	359	-9999.9	42	-9999.9	3	18.2	3
2025 12 05 10	0.36	0.33	2.3	2.5	5.3	0.56	-9999.9	3	355	-9999.9	43	-9999.9	3	18.3	3
2025 12 05 11	0.33	0.31	2.3	2.7	6.6	0.6	-9999.9	3	11	-9999.9	47	-9999.9	3	18.3	3
2025 12 05 12	0.37	0.36	2.2	2.3	3.3	0.58	-9999.9	3	341	-9999.9	41	-9999.9	3	18.3	3
2025 12 05 13	0.43	0.41	2.2	2.3	2.4	0.7	-9999.9	3	336	-9999.9	36	-9999.9	3	18.3	3
2025 12 05 14	0.35	0.32	2.3	2.6	5.5	0.5	-9999.9	3	5	-9999.9	47	-9999.9	3	18.3	3
2025 12 05 15	0.31	0.29	2.5	3.0	6.7	0.57	-9999.9	3	21	-9999.9	50	-9999.9	3	18.3	3
2025 12 05 16	0.29	0.28	2.3	2.9	5.2	0.6	-9999.9	3	9	-9999.9	49	-9999.9	3	18.3	3
2025 12 05 17	0.27	0.26	2.3	3.1	7.1	0.45	-9999.9	3	35	-9999.9	49	-9999.9	3	18.4	3
2025 12 05 18	0.24	0.24	2.4	3.3	7.6	0.42	-9999.9	3	24	-9999.9	53	-9999.9	3	18.4	3
2025 12 05 19	0.27	0.26	2.8	3.6	6.8	0.44	-9999.9	3	25	-9999.9	53	-9999.9	3	18.4	3
2025 12 05 20	0.3	0.28	2.4	2.8	5.5	0.54	-9999.9	3	11	-9999.9	49	-9999.9	3	18.3	3
2025 12 05 21	0.34	0.31	2.3	2.5	4.3	0.6	-9999.9	3	360	-9999.9	43	-9999.9	3	18.3	3
2025 12 05 22	0.37	0.35	2.3	2.5	3.8	0.59	-9999.9	3	348	-9999.9	42	-9999.9	3	18.3	3
2025 12 05 23	0.35	0.34	2.3	2.5	3.1	0.53	-9999.9	3	347	-9999.9	42	-9999.9	3	18.3	3
2025 12 06 00	0.3	0.28	2.5	2.8	6.7	0.43	-9999.9	3	23	-9999.9	49	-9999.9	3	18.3	3
2025 12 06 01	0.26	0.25	4.1	4.3	7.4	0.51	-9999.9	3	43	-9999.9	52	-9999.9	3	18.2	3
2025 12 06 02	0.27	0.25	4.2	4.2	6.8	0.46	-9999.9	3	46	-9999.9	52	-9999.9	3	18.2	3
2025 12 06 03	0.29	0.27	4.7	4.8	6.9	0.43	-9999.9	3	62	-9999.9	52	-9999.9	3	18.2	3
2025 12 06 04	0.28	0.27	4.4	4.6	6.8	0.47	-9999.9	3	52	-9999.9	55	-9999.9	3	18.3	3
2025 12 06 05	0.28	0.28	4.5	4.8	6.4	0.42	-9999.9	3	43	-9999.9	55	-9999.9	3	18.2	3
2025 12 06 06	0.33	0.32	4.0	4.5	6.1	0.49	-9999.9	3	39	-9999.9	50	-9999.9	3	18.2	3
2025 12 06 07	0.28	0.26	3.5	4.4	5.9	0.45	-9999.9	3	46	-9999.9	52	-9999.9	3	18.2	3
2025 12 06 08	0.26	0.24	3.1	3.9	7.8	0.41	-9999.9	3	49	-9999.9	53	-9999.9	3	18.2	3
2025 12 06 09	0.29	0.27	3.1	3.4	8.9	0.46	-9999.9	3	51	-9999.9	51	-9999.9	3	18.3	3
2025 12 06 10	0.29	0.28	2.4	2.9	8.6	0.43	-9999.9	3	30	-9999.9	49	-9999.9	3	18.3	3
2025 12 06 11	0.32	0.3	2.8	3.1	8.7	0.6	-9999.9	3	48	-9999.9	49	-9999.9	3	18.3	3
2025 12 06 12	0.29	0.28	2.5	2.9	6.7	0.49	-9999.9	3	67	-9999.9	52	-9999.9	3	18.3	3
2025 12 06 13	0.3	0.28	2.5	2.8	7.6	0.5	-9999.9	3	47	-9999.9	51	-9999.9	3	18.4	3
2025 12 06 14	0.28	0.26	2.8	3.5	7.9	0.45	-9999.9	3	57	-9999.9	52	-9999.9	3	18.4	3
2025 12 06 15	0.26	0.23	3.1	4.1	7.6	0.47	-9999.9	3	60	-9999.9	53	-9999.9	3	18.4	3
2025 12 06 16	0.25	0.24	4.2	4.4	7.7	0.39	-9999.9	3	62	-9999.9	55	-9999.9	3	18.4	3
2025 12 06 17	0.25	0.24	4.7	4.7	7.3	0.41	-9999.9	3	58	-9999.9	55	-9999.9	3	18.4	3
2025 12 06 18	0.24	0.23	4.6	4.7	7.3	0.32	-9999.9	3	56	-9999.9	50	-9999.9	3	18.3	3
2025 12 06 19	0.24	0.23	4.4	4.5	7.8	0.36	-9999.9	3	61	-9999.9	50	-9999.9	3	18.3	3
2025 12 06 20	0.22	0.21	4.6	4.5	6.8	0.42	-9999.9	3	57	-9999.9	49	-9999.9	3	18.3	3
2025 12 06 21	0.22	0.21	4.3	4.5	7.0	0.35	-9999.9	3	61	-9999.9	50	-9999.9	3	18.3	3
2025 12 06 22	0.24	0.23	4.3	4.2	7.0	0.36	-9999.9	3	69	-9999.9	50	-9999.9	3	18.3	3
2025 12 06 23	0.21	0.2	3.6	4.0	7.0	0.31	-9999.9	3	77	-9999.9	53	-9999.9	3	18.3	3
2025 12 07 00	0.19	0.18	4.0	4.2	6.9	0.29	-9999.9	3	67	-9999.9	52	-9999.9	3	18.3	3
2025 12 07 01	0.19	0.17	3.7	3.9	7.9	0.29	-9999.9	3	74	-9999.9	53	-9999.9	3	18.3	3
2025 12 07 02	0.19	0.18	3.8	4.0	8.2	0.29	-9999.9	3	71	-9999.9	52	-9999.9	3	18.3	3
2025 12 07 03	0.19	0.17	3.5	3.6	7.9	0.32	-9999.9	3	71	-9999.9	50	-9999.9	3	18.2	3
2025 12 07 04	0.18	0.17	3.4	3.6	7.9	0.28	-9999.9	3	66	-9999.9	53	-9999.9	3	18.3	3
2025 12 07 05	0.17	0.16	3.7	3.8	8.3	0.28	-9999.9	3	54	-9999.9	52	-9999.9	3	18.3	3
2025 12 07 06	0.19	0.18	3.8	4.0	7.1	0.31	-9999.9	3	45	-9999.9	54	-9999.9	3	18.3	3
2025 12 07 07	0.2	0.18	3.6	3.7	5.4	0.32	-9999.9	3	42	-9999.9	53	-9999.9	3	18.2	3
2025 12 07 08	0.21	0.19	2.9	3.2	4.7	0.34	-9999.9	3	56	-9999.9	49	-9999.9	3	18.2	3
2025 12 07 09	0.24	0.23	2.7	2.9	4.2	0.42	-9999.9	3	65	-9999.9	46	-9999.9	3	18.2	3
2025 12 07 10	0.24	0.23	2.6	2.7	3.4	0.46	-9999.9	3	88	-9999.9	47	-9999.9	3	18.3	3
2025 12 07 11	0.19	0.18	2.5	2.8	7.4	0.31	-9999.9	3	77	-9999.9	52	-9999.9	3	18.4	3
2025 12 07 12	0.2	0.18	2.6	2.7	6.0	0.31	-9999.9	3	73	-9999.9	53	-9999.9	3	18.6	3
2025 12 07 13	0.18	0.17	2.9	3.1	6.5	0.25	-9999.9	3	59	-9999.9	52	-9999.9	3	18.9	3
2025 12 07 14	0.16	0.15	3.1	3.2	6.6	0.24	-9999.9	3	69	-9999.9	51	-9999.9	3	18.8	3
2025 12 07 15	0.16	0.14	3.4	3.6	6.8	0.28	-9999.9	3	60	-9999.9	53	-9999.9	3	18.8	3
2025 12 07 16	0.15	0.15	3.2	3.2	6.4	0.24	-9999.9	3	78	-9999.9	49	-9999.9	3	18.8	3
2025 12 07 17	0.14	0.13	3.5	3.8	6.5	0.22	-9999.9	3	60	-9999.9	50	-9999.9	3	18.6	3
2025 12 07 18	0.12	0.11	4.0	4.2	9.3	0.23	-9999.9	3	62	-9999.9	55	-9999.9	3	18.4	3
2025 12 07 19	0.14	0.13	3.6	3.6	6.7	0.25	-9999.9	3	58	-9999.9	48	-9999.9	3	18.4	3
2025 12 07 20	0.12	0.11	4.0	3.9	7.7	0.17	-9999.9	3	58	-9999.9	53	-9999.9	3	18.4	3
2025 12 07 21	0.12	0.12	3.6	3.9	8.1	0.2	-9999.9	3	54	-9999.9	53	-9999.9	3	18.3	3
2025 12 07 22	0.12	0.11	3.3	3.5	6.2	0.2	-9999.9	3	53	-9999.9	53	-9999.9	3	18.3	3
2025 12 07 23	0.11	0.11	3.4	3.6	7.7	0.17	-9999.9	3	64	-9999.9	51	-9999.9	3	18.3	3
2025 12 08 00	0.11	0.1	3.6	3.9	8.8	0.19	-9999.9	3	61	-9999.9	52	-9999.9	3	18.2	3
2025 12 08 01	0.11	0.1	3.1	3.1	5.7	0.16	-9999.9	3	55	-9999.9	54	-9999.9	3	18.2	3
2025 12 08 02	0.1	0.09	3.4	3.3	5.3	0.2	-9999.9	3	50	-9999.9	50	-9999.9	3	18.2	3
2025 12 08 03	0.09	0.09	3.1	3.4	7.3	0.15	-9999.9	3	60	-9999.9	55	-9999.9	3	18.2	3
2025 12 08 04	0.11	0.1	2.9	3.1	7.9	0.19	-9999.9	3	60	-9999.9	55	-9999.9	3	18.2	3
2025 12 08 05	0.11	0.1	3.3	3.3	7.7	0.19	-9999.9	3	70	-9999.9	49	-9999.9	3	18.2	3
2025 12 08 06	0.13	0.12	2.6	2.7	6.8	0.23	-9999.9	3	77	-9999.9	47	-9999.9	3	18.2	3
2025 12 08 07	0.14	0.13	2.6	2.7	5.3	0.24	-9999.9	3	88	-9999.9	44	-9999.9	3	18.2	3
2025 12 08 08	0.15	0.13	2.4	2.6	4.8	0.22	-9999.9	3	83	-9999.9	46	-9999.9	3	18.2	3
2025 12 08 09	0.14	0.14	2.3	2.4	2.5	0.24	-9999.9	3	100	-9999.9	51	-9999.9	3	18.2	3
2025 12 08 10	0.15	0.15	2.2	2.4	2.4	0.26	-9999.9	3	95	-9999.9	49	-9999.9	3	18.2	3
2025 12 08 11	0.16	0.16	2.2	2.3	2.2	0.26	-9999.9	3	98	-9999.9	50	-9999.9	3	18.3	3
2025 12 08 12	0.14	0.13	2.2	2.3	3.0	0.28	-9999.9	3	94	-9999.9	54	-9999.9	3	18.4	3
2025 12 08 13	0.12	0.11	2.3	2.4	2.2	0.22	-9999.9	3	83	-9999.9	55	-9999.9	3	18.5	3
2025 12 08 14	0.12	0.11	2.4	2.6	4.9	0.21	-9999.9	3	68	-9999.9	56	-9999.9	3	18.6	3
2025 12 08 15	0.14	0.15	2.0	2.2	1.8	0.25	-9999.9	3	34	-9999.9	50	-9999.9	3	18.6	3
2025 12 08 16	0.15	0.16	1.9	2.0	1.8	0.28	-9999.9	3	24	-9999.9	52	-9999.9	3	18.4	3
2025 12 08 17	0.17	0.18	2.0	2.1	4.8	0.34	-9999.9	3	14	-9999.9	53	-9999.9	3	18.4	3
2025 12 08 18	0.12	0.13	1.8	2.1	1.7	0.26	-9999.9	3	55	-9999.9	58	-9999.9	3	18.3	3
2025 12 08 19	0.09	0.09	2.2	2.6	5.7	0.15	-9999.9	3	77	-9999.9	53	-9999.9	3	18.3	3
2025 12 08 20	0.1	0.1	2.7	2.8	5.0	0.16	-9999.9	3	62	-9999.9	52	-9999.9	3	18.2	3
2025 12 08 21	0.09	0.09	2.7	2.9	7.0	0.17	-9999.9	3	64	-9999.9	54	-9999.9	3	18.2	3
2025 12 08 22	0.09	0.09	2.7	2.8	3.4	0.13	-9999.9	3	71	-9999.9	54	-9999.9	3	18.2	3
2025 12 08 23	0.1	0.09	2.6	2.6	4.6	0.16	-9999.9	3	53	-9999.9	53	-9999.9	3	18.2	3
2025 12 09 00	0.1	0.09	2.8	3.0	3.3	0.26	-9999.9	3	68	-9999.9	53	-9999.9	3	18.2	3
2025 12 09 01	0.08	0.08	2.8	2.9	3.9	0.13	-9999.9	3	61	-9999.9	56	-9999.9	3	18.2	3
2025 12 09 02	0.09	0.09	2.3	2.4	2.2	0.15	-9999.9	3	88	-9999.9	47	-9999.9	3	18.2	3
2025 12 09 03	0.1	0.09	2.5	2.6	3.6	0.14	-9999.9	3	77	-9999.9	50	-9999.9	3	18.2	3
2025 12 09 04	0.08	0.08	2.7	2.8	4.9	0.13	-9999.9	3	74	-9999.9	54	-9999.9	3	18.2	3
2025 12 09 05	0.08	0.07	2.9	3.1	6.0	0.11	-9999.9	3	70	-9999.9	54	-9999.9	3	18.2	3
2025 12 09 06	0.12	0.11	2.4	2.5	3.0	0.17	-9999.9	3	95	-9999.9	41	-9999.9	3	18.1	3
2025 12 09 07	0.13	0.12	2.3	2.4	2.7	0.21	-9999.9	3	92	-9999.9	51	-9999.9	3	18.1	3
2025 12 09 08	0.11	0.1	2.5	2.6	3.6	0.17	-9999.9	3	88	-9999.9	49	-9999.9	3	18.1	3
2025 12 09 09	0.13	0.13	2.3	2.4	2.4	0.22	-9999.9	3	106	-9999.9	43	-9999.9	3	18.1	3
2025 12 09 10	0.16	0.16	2.1	2.2	2.2	0.27	-9999.9	3	115	-9999.9	40	-9999.9	3	18.2	3
2025 12 09 11	0.16	0.15	2.2	2.4	3.4	0.32	-9999.9	3	104	-9999.9	41	-9999.9	3	18.2	3
2025 12 09 12	0.13	0.13	2.2	2.4	2.5	0.21	-9999.9	3	99	-9999.9	51	-9999.9	3	18.4	3
2025 12 09 13	0.14	0.13	2.5	2.8	3.9	0.38	-9999.9	3	90	-9999.9	46	-9999.9	3	18.4	3
2025 12 09 14	0.13	0.12	2.4	2.5	2.4	0.21	-9999.9	3	95	-9999.9	47	-9999.9	3	18.4	3
2025 12 09 15	0.12	0.11	2.5	2.7	3.5	0.2	-9999.9	3	81	-9999.9	50	-9999.9	3	18.4	3
2025 12 09 16	0.11	0.1	2.5	2.7	5.0	0.18	-9999.9	3	71	-9999.9	51	-9999.9	3	18.3	3
2025 12 09 17	0.1	0.1	2.5	2.6	4.5	0.17	-9999.9	3	73	-9999.9	54	-9999.9	3	18.3	3
2025 12 09 18	0.11	0.1	2.7	2.7	4.8	0.2	-9999.9	3	69	-9999.9	51	-9999.9	3	18.3	3
2025 12 09 19	0.09	0.09	2.8	3.2	4.0	0.16	-9999.9	3	58	-9999.9	52	-9999.9	3	18.2	3
2025 12 09 20	0.11	0.11	2.6	2.9	5.3	0.18	-9999.9	3	66	-9999.9	52	-9999.9	3	18.2	3
2025 12 09 21	0.08	0.08	2.9	3.2	6.1	0.14	-9999.9	3	68	-9999.9	57	-9999.9	3	18.2	3
2025 12 09 22	0.09	0.08	2.7	2.8	3.4	0.14	-9999.9	3	79	-9999.9	47	-9999.9	3	18.1	3
2025 12 09 23	0.14	0.12	2.5	2.6	3.2	0.55	-9999.9	3	91	-9999.9	44	-9999.9	3	18.1	3
2025 12 10 00	0.09	0.09	2.6	2.8	5.5	0.16	-9999.9	3	65	-9999.9	52	-9999.9	3	18.1	3
2025 12 10 01	0.1	0.09	2.4	2.6	4.8	0.15	-9999.9	3	82	-9999.9	45	-9999.9	3	18.1	3
2025 12 10 02	0.09	0.09	2.5	2.7	4.7	0.15	-9999.9	3	77	-9999.9	48	-9999.9	3	18.1	3
2025 12 10 03	0.1	0.1	2.4	2.5	2.8	0.15	-9999.9	3	85	-9999.9	46	-9999.9	3	18.1	3
2025 12 10 04	0.1	0.1	2.3	2.4	2.9	0.17	-9999.9	3	88	-9999.9	48	-9999.9	3	18.1	3
2025 12 10 05	0.12	0.12	2.4	2.4	3.0	0.23	-9999.9	3	92	-9999.9	43	-9999.9	3	18.1	3
2025 12 10 06	0.15	0.14	2.3	2.4	4.8	0.25	-9999.9	3	96	-9999.9	46	-9999.9	3	18.1	3
2025 12 10 07	0.18	0.18	2.2	2.3	2.2	0.29	-9999.9	3	115	-9999.9	38	-9999.9	3	18.1	3
2025 12 10 08	0.18	0.17	2.2	2.3	2.4	0.31	-9999.9	3	117	-9999.9	41	-9999.9	3	18.1	3
2025 12 10 09	0.13	0.12	2.3	2.5	2.4	0.24	-9999.9	3	85	-9999.9	53	-9999.9	3	18.1	3
2025 12 10 10	0.1	0.1	2.4	2.6	4.1	0.17	-9999.9	3	71	-9999.9	53	-9999.9	3	18.1	3
2025 12 10 11	0.2	0.21	1.8	1.9	1.7	0.39	-9999.9	3	320	-9999.9	36	-9999.9	3	18.1	3
2025 12 10 12	0.22	0.23	2.0	2.1	1.9	0.45	-9999.9	3	343	-9999.9	41	-9999.9	3	18.1	3
2025 12 10 13	0.15	0.17	1.9	2.1	1.8	0.28	-9999.9	3	6	-9999.9	47	-9999.9	3	18.1	3
2025 12 10 14	0.13	0.13	2.1	2.2	2.0	0.25	-9999.9	3	37	-9999.9	52	-9999.9	3	18.1	3
2025 12 10 15	0.11	0.11	2.1	2.4	2.5	0.21	-9999.9	3	40	-9999.9	52	-9999.9	3	18.1	3
2025 12 10 16	0.11	0.11	2.2	2.5	3.3	0.2	-9999.9	3	49	-9999.9	50	-9999.9	3	18.1	3
2025 12 10 17	0.11	0.11	2.3	2.5	3.1	0.19	-9999.9	3	58	-9999.9	53	-9999.9	3	18.1	3
2025 12 10 18	0.13	0.16	1.7	2.1	1.6	0.27	-9999.9	3	26	-9999.9	46	-9999.9	3	18.1	3
2025 12 10 19	0.21	0.21	2.0	2.2	2.2	0.41	-9999.9	3	16	-9999.9	43	-9999.9	3	18.1	3
2025 12 10 20	0.23	0.23	2.2	2.4	2.7	0.38	-9999.9	3	31	-9999.9	52	-9999.9	3	18.1	3
2025 12 10 21	0.26	0.25	2.5	2.6	3.0	0.44	-9999.9	3	23	-9999.9	48	-9999.9	3	18.1	3
2025 12 10 22	0.26	0.26	2.5	2.7	3.6	0.51	-9999.9	3	23	-9999.9	49	-9999.9	3	18.1	3
2025 12 10 23	0.27	0.26	2.8	2.9	4.4	0.47	-9999.9	3	26	-9999.9	50	-9999.9	3	18.1	3
2025 12 11 00	0.26	0.25	2.9	3.1	4.7	0.44	-9999.9	3	22	-9999.9	48	-9999.9	3	18.1	3
2025 12 11 01	0.25	0.24	3.0	3.1	4.4	0.35	-9999.9	3	20	-9999.9	45	-9999.9	3	18.0	3
2025 12 11 02	0.23	0.22	2.8	2.9	4.1	0.36	-9999.9	3	21	-9999.9	47	-9999.9	3	18.0	3
2025 12 11 03	0.22	0.21	2.8	3.0	4.3	0.43	-9999.9	3	22	-9999.9	50	-9999.9	3	18.0	3
2025 12 11 04	0.23	0.23	3.1	3.2	4.0	0.42	-9999.9	3	34	-9999.9	49	-9999.9	3	18.0	3
2025 12 11 05	0.23	0.23	3.1	3.2	3.7	0.36	-9999.9	3	32	-9999.9	48	-9999.9	3	18.0	3
2025 12 11 06	0.22	0.21	3.0	3.1	4.2	0.35	-9999.9	3	33	-9999.9	48	-9999.9	3	18.0	3
2025 12 11 07	0.19	0.18	3.1	3.1	3.9	0.28	-9999.9	3	29	-9999.9	48	-9999.9	3	18.0	3
2025 12 11 08	0.17	0.16	2.9	3.1	3.6	0.26	-9999.9	3	34	-9999.9	51	-9999.9	3	17.9	3
2025 12 11 09	0.19	0.18	2.9	3.0	3.7	0.36	-9999.9	3	39	-9999.9	49	-9999.9	3	17.9	3
2025 12 11 10	0.21	0.2	3.1	3.1	3.7	0.42	-9999.9	3	33	-9999.9	49	-9999.9	3	18.0	3
2025 12 11 11	0.28	0.27	3.4	3.5	4.1	0.42	-9999.9	3	30	-9999.9	50	-9999.9	3	18.1	3
2025 12 11 12	0.33	0.32	3.6	3.7	4.6	0.59	-9999.9	3	29	-9999.9	46	-9999.9	3	18.2	3
2025 12 11 13	0.42	0.43	3.8	4.0	4.8	0.77	-9999.9	3	30	-9999.9	48	-9999.9	3	18.2	3
2025 12 11 14	0.49	0.48	3.5	3.8	5.4	0.81	-9999.9	3	26	-9999.9	41	-9999.9	3	18.2	3
2025 12 11 15	0.53	0.52	4.1	4.1	5.3	0.88	-9999.9	3	30	-9999.9	44	-9999.9	3	18.2	3
2025 12 11 16	0.52	0.51	4.0	4.2	5.3	0.94	-9999.9	3	32	-9999.9	45	-9999.9	3	18.2	3
2025 12 11 17	0.5	0.49	4.1	4.2	5.2	1.06	-9999.9	3	29	-9999.9	40	-9999.9	3	18.1	3
2025 12 11 18	0.46	0.44	3.9	4.1	5.2	0.74	-9999.9	3	33	-9999.9	44	-9999.9	3	18.1	3
2025 12 11 19	0.43	0.43	4.0	4.1	5.2	0.67	-9999.9	3	30	-9999.9	46	-9999.9	3	18.1	3
2025 12 11 20	0.51	0.5	4.2	4.2	5.2	1.03	-9999.9	3	31	-9999.9	43	-9999.9	3	18.1	3
2025 12 11 21	0.55	0.54	4.2	4.3	5.5	1.02	-9999.9	3	34	-9999.9	46	-9999.9	3	18.0	3
2025 12 11 22	0.54	0.53	4.4	4.3	5.7	0.86	-9999.9	3	31	-9999.9	46	-9999.9	3	18.0	3
2025 12 11 23	0.49	0.48	4.2	4.2	5.6	0.78	-9999.9	3	28	-9999.9	48	-9999.9	3	18.0	3
2025 12 12 00	0.55	0.54	4.5	4.4	5.8	0.9	-9999.9	3	32	-9999.9	44	-9999.9	3	18.0	3
2025 12 12 01	0.57	0.53	4.0	4.1	5.8	0.92	-9999.9	3	39	-9999.9	45	-9999.9	3	18.0	3
2025 12 12 02	0.61	0.59	4.3	4.4	5.8	1.01	-9999.9	3	46	-9999.9	44	-9999.9	3	18.0	3
2025 12 12 03	0.61	0.59	4.3	4.3	5.8	0.93	-9999.9	3	50	-9999.9	42	-9999.9	3	17.9	3
2025 12 12 04	0.65	0.63	4.2	4.2	5.6	1.15	-9999.9	3	58	-9999.9	44	-9999.9	3	17.9	3
2025 12 12 05	0.74	0.72	4.6	4.5	6.0	1.15	-9999.9	3	56	-9999.9	43	-9999.9	3	17.9	3
2025 12 12 06	0.74	0.71	4.3	4.4	6.1	1.19	-9999.9	3	56	-9999.9	42	-9999.9	3	17.9	3
2025 12 12 07	0.59	0.58	4.3	4.3	5.7	1.01	-9999.9	3	56	-9999.9	47	-9999.9	3	17.9	3
2025 12 12 08	0.62	0.59	3.5	3.9	5.8	0.97	-9999.9	3	57	-9999.9	40	-9999.9	3	17.9	3
2025 12 12 09	0.59	0.56	3.4	3.7	5.7	1.04	-9999.9	3	61	-9999.9	42	-9999.9	3	17.9	3
2025 12 12 10	0.49	0.48	3.5	3.7	5.5	0.92	-9999.9	3	60	-9999.9	43	-9999.9	3	17.9	3
2025 12 12 11	0.51	0.5	3.8	4.0	5.3	0.75	-9999.9	3	58	-9999.9	44	-9999.9	3	18.0	3
2025 12 12 12	0.47	0.47	3.7	3.8	5.1	0.83	-9999.9	3	63	-9999.9	48	-9999.9	3	18.0	3
2025 12 12 13	0.53	0.51	3.8	3.9	5.0	0.91	-9999.9	3	59	-9999.9	40	-9999.9	3	18.1	3
2025 12 12 14	0.57	0.55	3.1	3.2	5.1	0.86	-9999.9	3	62	-9999.9	44	-9999.9	3	18.1	3
2025 12 12 15	0.71	0.68	3.1	3.2	5.2	1.0	-9999.9	3	59	-9999.9	43	-9999.9	3	18.0	3
2025 12 12 16	0.79	0.76	3.0	3.1	4.4	1.24	-9999.9	3	56	-9999.9	47	-9999.9	3	18.0	3
2025 12 12 17	0.83	0.8	3.2	3.3	4.8	1.57	-9999.9	3	55	-9999.9	47	-9999.9	3	18.0	3
2025 12 12 18	0.99	0.96	3.3	3.4	4.5	1.68	-9999.9	3	57	-9999.9	45	-9999.9	3	18.0	3
2025 12 12 19	1.09	1.05	3.5	3.5	4.9	1.72	-9999.9	3	63	-9999.9	46	-9999.9	3	17.9	3
2025 12 12 20	1.33	1.29	4.0	4.0	5.4	2.08	-9999.9	3	58	-9999.9	43	-9999.9	3	17.9	3
2025 12 12 21	1.59	1.55	4.2	4.2	5.8	2.39	-9999.9	3	60	-9999.9	42	-9999.9	3	17.9	3
2025 12 12 22	1.73	1.66	4.5	4.5	6.3	2.97	-9999.9	3	64	-9999.9	39	-9999.9	3	17.9	3
2025 12 12 23	1.88	1.83	4.7	4.8	6.6	3.05	-9999.9	3	60	-9999.9	36	-9999.9	3	17.9	3
2025 12 13 00	1.8	1.75	4.6	4.6	6.8	3.09	-9999.9	3	62	-9999.9	41	-9999.9	3	17.9	3
2025 12 13 01	1.71	1.64	4.4	4.5	6.7	2.46	-9999.9	3	58	-9999.9	42	-9999.9	3	17.9	3
2025 12 13 02	1.88	1.84	4.6	4.7	6.9	3.06	-9999.9	3	56	-9999.9	36	-9999.9	3	17.9	3
2025 12 13 03	1.96	1.89	4.6	4.7	7.2	2.83	-9999.9	3	58	-9999.9	39	-9999.9	3	17.9	3
2025 12 13 04	2.02	1.94	4.9	4.9	7.4	2.98	-9999.9	3	56	-9999.9	38	-9999.9	3	17.9	3
2025 12 13 05	1.95	1.88	4.9	4.8	7.3	2.96	-9999.9	3	54	-9999.9	41	-9999.9	3	17.9	3
2025 12 13 06	2.05	1.99	5.2	5.1	7.4	3.06	-9999.9	3	53	-9999.9	40	-9999.9	3	17.9	3
2025 12 13 07	2.08	1.97	5.1	5.2	8.0	3.45	-9999.9	3	50	-9999.9	39	-9999.9	3	17.9	3
2025 12 13 08	2.23	2.16	5.4	5.3	7.7	3.17	-9999.9	3	48	-9999.9	37	-9999.9	3	17.9	3
2025 12 13 09	2.13	2.03	5.1	5.1	7.8	3.74	-9999.9	3	51	-9999.9	42	-9999.9	3	17.9	3
2025 12 13 10	2.33	2.26	5.5	5.2	8.0	3.79	-9999.9	3	52	-9999.9	43	-9999.9	3	17.8	3
2025 12 13 11	2.62	2.54	5.5	5.5	8.1	4.56	-9999.9	3	54	-9999.9	38	-9999.9	3	17.8	3
2025 12 13 12	2.69	2.57	5.7	5.5	8.3	4.33	-9999.9	3	54	-9999.9	42	-9999.9	3	17.9	3
2025 12 13 13	2.65	2.56	5.6	5.6	8.5	4.98	-9999.9	3	56	-9999.9	39	-9999.9	3	17.9	3
2025 12 13 14	2.71	2.59	5.6	5.5	7.9	3.87	-9999.9	3	52	-9999.9	37	-9999.9	3	17.9	3
2025 12 13 15	2.93	2.8	5.6	5.7	8.0	5.15	-9999.9	3	57	-9999.9	39	-9999.9	3	17.9	3
2025 12 13 16	2.97	2.88	5.5	5.7	8.0	4.85	-9999.9	3	55	-9999.9	39	-9999.9	3	17.9	3
2025 12 13 17	3.3	3.16	6.0	6.0	8.5	5.43	-9999.9	3	56	-9999.9	39	-9999.9	3	17.9	3
2025 12 13 18	3.18	3.08	6.0	5.7	8.7	4.75	-9999.9	3	54	-9999.9	42	-9999.9	3	17.8	3
2025 12 13 19	3.31	3.22	6.2	5.9	8.2	4.8	-9999.9	3	53	-9999.9	39	-9999.9	3	17.9	3
2025 12 13 20	3.21	3.08	5.9	5.9	8.9	7.19	-9999.9	3	56	-9999.9	42	-9999.9	3	17.9	3
2025 12 13 21	3.26	3.12	6.0	5.9	8.7	5.85	-9999.9	3	56	-9999.9	40	-9999.9	3	17.8	3
2025 12 13 22	3.5	3.44	6.1	6.0	8.7	5.32	-9999.9	3	57	-9999.9	38	-9999.9	3	17.8	3
2025 12 13 23	3.38	3.32	6.3	5.8	8.7	5.39	-9999.9	3	57	-9999.9	44	-9999.9	3	17.8	3
2025 12 14 00	3.59	3.41	6.0	6.2	9.1	5.29	-9999.9	3	59	-9999.9	42	-9999.9	3	17.8	3
2025 12 14 01	3.75	3.63	6.9	6.5	9.2	5.22	-9999.9	3	54	-9999.9	37	-9999.9	3	17.8	3
2025 12 14 02	3.61	3.45	6.4	6.2	8.6	5.98	-9999.9	3	56	-9999.9	36	-9999.9	3	17.8	3
2025 12 14 03	3.21	3.12	6.1	6.0	9.4	5.42	-9999.9	3	57	-9999.9	41	-9999.9	3	17.8	3
2025 12 14 04	2.7	2.58	5.6	5.6	8.7	3.93	-9999.9	3	57	-9999.9	44	-9999.9	3	17.8	3
2025 12 14 05	2.76	2.66	6.4	6.1	8.6	4.24	-9999.9	3	56	-9999.9	40	-9999.9	3	17.8	3
2025 12 14 06	2.55	2.5	6.1	6.0	8.8	4.5	-9999.9	3	52	-9999.9	42	-9999.9	3	17.8	3
2025 12 14 07	2.15	2.04	5.4	5.4	8.8	3.26	-9999.9	3	51	-9999.9	43	-9999.9	3	17.8	3
2025 12 14 08	2.24	2.14	5.6	5.5	8.9	3.64	-9999.9	3	55	-9999.9	45	-9999.9	3	17.8	3
2025 12 14 09	2.3	2.22	5.4	5.5	8.2	4.81	-9999.9	3	53	-9999.9	38	-9999.9	3	17.8	3
2025 12 14 10	2.04	1.96	5.3	5.3	8.2	3.73	-9999.9	3	55	-9999.9	41	-9999.9	3	17.8	3
2025 12 14 11	2.05	1.89	5.1	5.1	8.2	3.21	-9999.9	3	58	-9999.9	43	-9999.9	3	17.8	3
2025 12 14 12	2.15	2.03	5.5	5.3	7.9	3.74	-9999.9	3	53	-9999.9	42	-9999.9	3	17.8	3
2025 12 14 13	1.98	1.92	5.2	5.0	7.7	3.42	-9999.9	3	52	-9999.9	44	-9999.9	3	17.9	3
2025 12 14 14	2.0	1.91	5.1	5.2	7.7	3.19	-9999.9	3	50	-9999.9	43	-9999.9	3	17.9	3
2025 12 14 15	1.76	1.71	5.3	5.1	7.5	3.02	-9999.9	3	49	-9999.9	41	-9999.9	3	17.8	3
2025 12 14 16	1.58	1.53	5.1	4.9	7.5	2.4	-9999.9	3	46	-9999.9	44	-9999.9	3	17.8	3
2025 12 14 17	1.46	1.41	4.9	4.7	7.4	2.7	-9999.9	3	47	-9999.9	43	-9999.9	3	17.8	3
2025 12 14 18	1.46	1.43	5.2	5.1	7.3	2.33	-9999.9	3	48	-9999.9	45	-9999.9	3	17.7	3
2025 12 14 19	1.45	1.41	4.8	4.9	7.3	2.16	-9999.9	3	52	-9999.9	43	-9999.9	3	17.7	3
2025 12 14 20	1.26	1.24	4.8	4.9	7.1	2.27	-9999.9	3	50	-9999.9	42	-9999.9	3	17.6	3
2025 12 14 21	1.14	1.1	4.6	4.6	6.8	1.8	-9999.9	3	56	-9999.9	46	-9999.9	3	17.6	3
2025 12 14 22	1.17	1.12	4.7	4.7	7.0	1.77	-9999.9	3	52	-9999.9	45	-9999.9	3	17.6	3
2025 12 14 23	1.16	1.11	4.7	4.7	6.7	1.76	-9999.9	3	49	-9999.9	44	-9999.9	3	17.6	3
2025 12 15 00	1.13	1.09	4.6	4.6	6.6	1.75	-9999.9	3	52	-9999.9	47	-9999.9	3	17.7	3
2025 12 15 01	1.14	1.11	4.8	4.8	6.5	1.87	-9999.9	3	54	-9999.9	45	-9999.9	3	17.7	3
2025 12 15 02	1.02	0.99	4.7	4.7	6.3	1.46	-9999.9	3	53	-9999.9	44	-9999.9	3	17.8	3
2025 12 15 03	1.04	1.02	4.7	4.7	6.4	1.49	-9999.9	3	54	-9999.9	41	-9999.9	3	17.7	3
2025 12 15 04	0.91	0.88	4.6	4.6	6.6	1.48	-9999.9	3	53	-9999.9	47	-9999.9	3	17.8	3
2025 12 15 05	0.91	0.89	4.8	4.8	6.7	1.46	-9999.9	3	51	-9999.9	46	-9999.9	3	17.8	3
2025 12 15 06	0.88	0.85	4.7	4.8	6.1	1.3	-9999.9	3	48	-9999.9	42	-9999.9	3	17.7	3
2025 12 15 07	0.82	0.79	4.7	4.9	6.6	1.38	-9999.9	3	49	-9999.9	46	-9999.9	3	17.7	3
2025 12 15 08	0.78	0.75	4.8	4.9	6.2	1.14	-9999.9	3	47	-9999.9	40	-9999.9	3	17.7	3
2025 12 15 09	0.68	0.66	4.6	4.9	6.4	1.21	-9999.9	3	48	-9999.9	49	-9999.9	3	17.7	3
2025 12 15 10	0.8	0.78	5.3	5.2	6.6	1.27	-9999.9	3	46	-9999.9	46	-9999.9	3	17.8	3
2025 12 15 11	0.65	0.62	4.2	4.6	6.3	1.24	-9999.9	3	45	-9999.9	44	-9999.9	3	17.9	3
2025 12 15 12	0.62	0.6	4.5	4.7	6.3	0.94	-9999.9	3	47	-9999.9	43	-9999.9	3	17.9	3
2025 12 15 13	0.57	0.56	4.5	4.7	5.9	0.86	-9999.9	3	44	-9999.9	46	-9999.9	3	17.8	3
2025 12 15 14	0.61	0.6	4.6	5.0	6.4	1.02	-9999.9	3	48	-9999.9	40	-9999.9	3	17.8	3
2025 12 15 15	0.55	0.55	4.4	4.6	6.2	0.87	-9999.9	3	41	-9999.9	41	-9999.9	3	17.8	3
2025 12 15 16	0.54	0.53	4.4	4.4	6.4	0.92	-9999.9	3	38	-9999.9	39	-9999.9	3	17.8	3
2025 12 15 17	0.51	0.5	4.5	4.7	6.2	0.81	-9999.9	3	39	-9999.9	41	-9999.9	3	17.7	3
2025 12 15 18	0.46	0.45	4.8	4.7	6.0	0.76	-9999.9	3	38	-9999.9	43	-9999.9	3	17.7	3
2025 12 15 19	0.52	0.51	4.7	4.9	6.0	0.99	-9999.9	3	36	-9999.9	37	-9999.9	3	17.7	3
2025 12 15 20	0.55	0.54	4.9	4.8	6.0	0.88	-9999.9	3	38	-9999.9	46	-9999.9	3	17.7	3
2025 12 15 21	0.51	0.48	3.9	4.1	6.0	0.8	-9999.9	3	47	-9999.9	45	-9999.9	3	17.7	3
2025 12 15 22	0.47	0.46	4.1	4.2	6.0	0.72	-9999.9	3	47	-9999.9	46	-9999.9	3	17.6	3
2025 12 15 23	0.49	0.48	4.0	4.3	6.0	0.77	-9999.9	3	44	-9999.9	39	-9999.9	3	17.6	3
2025 12 16 00	0.48	0.46	3.6	3.8	6.0	0.81	-9999.9	3	59	-9999.9	44	-9999.9	3	17.6	3
2025 12 16 01	0.46	0.45	3.8	3.7	6.0	0.73	-9999.9	3	59	-9999.9	46	-9999.9	3	17.6	3
2025 12 16 02	0.47	0.45	3.0	3.1	4.5	0.68	-9999.9	3	93	-9999.9	41	-9999.9	3	17.6	3
2025 12 16 03	0.42	0.39	3.2	3.3	6.1	0.65	-9999.9	3	88	-9999.9	40	-9999.9	3	17.6	3
2025 12 16 04	0.35	0.35	3.8	3.9	5.9	0.53	-9999.9	3	78	-9999.9	44	-9999.9	3	17.6	3
2025 12 16 05	0.26	0.25	3.5	4.2	6.2	0.47	-9999.9	3	62	-9999.9	46	-9999.9	3	17.6	3
2025 12 16 06	0.24	0.22	4.1	4.2	6.2	0.38	-9999.9	3	64	-9999.9	51	-9999.9	3	17.5	3
2025 12 16 07	0.22	0.21	4.0	4.0	6.3	0.42	-9999.9	3	60	-9999.9	51	-9999.9	3	17.5	3
2025 12 16 08	0.22	0.21	4.0	4.0	6.4	0.31	-9999.9	3	61	-9999.9	49	-9999.9	3	17.5	3
2025 12 16 09	0.21	0.19	4.0	4.1	7.0	0.37	-9999.9	3	63	-9999.9	53	-9999.9	3	17.5	3
2025 12 16 10	0.2	0.19	4.0	4.1	6.6	0.33	-9999.9	3	58	-9999.9	51	-9999.9	3	17.5	3
2025 12 16 11	0.2	0.19	4.0	4.0	7.9	0.31	-9999.9	3	65	-9999.9	51	-9999.9	3	17.5	3
2025 12 16 12	0.21	0.2	3.0	4.4	7.4	0.33	-9999.9	3	66	-9999.9	51	-9999.9	3	17.6	3
2025 12 16 13	0.26	0.24	2.5	3.0	7.4	0.46	-9999.9	3	39	-9999.9	42	-9999.9	3	17.6	3
2025 12 16 14	0.24	0.22	2.9	3.4	7.6	0.37	-9999.9	3	38	-9999.9	48	-9999.9	3	17.6	3
2025 12 16 15	0.25	0.24	2.7	3.2	7.0	0.38	-9999.9	3	34	-9999.9	48	-9999.9	3	17.6	3
2025 12 16 16	0.23	0.22	3.0	3.2	7.0	0.35	-9999.9	3	32	-9999.9	48	-9999.9	3	17.6	3
2025 12 16 17	0.24	0.23	3.4	3.6	6.9	0.38	-9999.9	3	30	-9999.9	48	-9999.9	3	17.6	3
2025 12 16 18	0.25	0.23	3.2	3.5	7.1	0.4	-9999.9	3	32	-9999.9	49	-9999.9	3	17.5	3
2025 12 16 19	0.28	0.26	2.9	3.0	7.0	0.48	-9999.9	3	61	-9999.9	50	-9999.9	3	17.5	3
2025 12 16 20	0.27	0.25	3.0	3.1	6.6	0.47	-9999.9	3	44	-9999.9	53	-9999.9	3	17.4	3
2025 12 16 21	0.26	0.25	3.4	3.6	7.5	0.37	-9999.9	3	47	-9999.9	49	-9999.9	3	17.3	3
2025 12 16 22	0.25	0.23	3.4	3.4	7.1	0.42	-9999.9	3	49	-9999.9	52	-9999.9	3	17.2	3
2025 12 16 23	0.24	0.23	3.4	3.5	6.6	0.39	-9999.9	3	47	-9999.9	53	-9999.9	3	17.3	3
2025 12 17 00	0.26	0.24	3.7	3.7	7.2	0.45	-9999.9	3	53	-9999.9	49	-9999.9	3	17.3	3
2025 12 17 01	0.29	0.26	2.7	2.9	6.9	0.45	-9999.9	3	79	-9999.9	47	-9999.9	3	17.4	3
2025 12 17 02	0.28	0.27	2.9	3.1	7.1	0.47	-9999.9	3	76	-9999.9	52	-9999.9	3	17.4	3
2025 12 17 03	0.28	0.26	2.8	3.0	6.9	0.47	-9999.9	3	82	-9999.9	52	-9999.9	3	17.2	3
2025 12 17 04	0.3	0.28	3.1	3.3	7.5	0.57	-9999.9	3	90	-9999.9	48	-9999.9	3	17.3	3
2025 12 17 05	0.28	0.26	3.2	3.4	7.3	0.47	-9999.9	3	85	-9999.9	50	-9999.9	3	17.4	3
2025 12 17 06	0.31	0.29	3.3	3.5	7.3	0.48	-9999.9	3	71	-9999.9	48	-9999.9	3	17.4	3
2025 12 17 07	0.29	0.26	3.5	3.5	7.3	0.43	-9999.9	3	65	-9999.9	50	-9999.9	3	17.4	3
2025 12 17 08	0.29	0.27	3.4	3.6	7.7	0.45	-9999.9	3	65	-9999.9	47	-9999.9	3	17.3	3
2025 12 17 09	0.3	0.28	2.9	3.1	7.4	0.47	-9999.9	3	61	-9999.9	50	-9999.9	3	17.4	3
2025 12 17 10	0.26	0.24	2.8	3.1	7.2	0.46	-9999.9	3	64	-9999.9	53	-9999.9	3	17.4	3
2025 12 17 11	0.26	0.24	3.0	3.4	7.3	0.45	-9999.9	3	60	-9999.9	54	-9999.9	3	17.4	3
2025 12 17 12	0.25	0.23	2.9	3.4	7.4	0.45	-9999.9	3	52	-9999.9	52	-9999.9	3	17.4	3
2025 12 17 13	0.25	0.23	3.2	3.8	7.5	0.4	-9999.9	3	59	-9999.9	54	-9999.9	3	17.4	3
2025 12 17 14	0.27	0.25	2.8	3.7	7.1	0.52	-9999.9	3	55	-9999.9	52	-9999.9	3	17.5	3
2025 12 17 15	0.3	0.27	3.2	3.7	7.3	0.45	-9999.9	3	51	-9999.9	51	-9999.9	3	17.5	3
2025 12 17 16	0.32	0.3	3.9	4.5	8.1	0.59	-9999.9	3	56	-9999.9	49	-9999.9	3	17.4	3
2025 12 17 17	0.33	0.31	4.4	5.0	8.3	0.6	-9999.9	3	58	-9999.9	50	-9999.9	3	17.4	3
2025 12 17 18	0.33	0.32	4.7	4.7	8.4	0.55	-9999.9	3	60	-9999.9	49	-9999.9	3	17.4	3
2025 12 17 19	0.33	0.31	4.0	4.6	8.3	0.63	-9999.9	3	55	-9999.9	50	-9999.9	3	17.4	3
2025 12 17 20	0.36	0.35	4.2	4.6	8.4	0.57	-9999.9	3	57	-9999.9	53	-9999.9	3	17.4	3
2025 12 17 21	0.4	0.38	4.3	4.5	7.7	0.62	-9999.9	3	64	-9999.9	53	-9999.9	3	17.4	3
2025 12 17 22	0.44	0.42	4.2	4.4	6.8	0.82	-9999.9	3	60	-9999.9	48	-9999.9	3	17.4	3
2025 12 17 23	0.54	0.51	4.0	4.3	7.1	0.81	-9999.9	3	59	-9999.9	47	-9999.9	3	17.4	3
2025 12 18 00	0.51	0.48	4.2	4.2	7.9	0.78	-9999.9	3	59	-9999.9	51	-9999.9	3	17.4	3
2025 12 18 01	0.55	0.53	4.7	4.6	8.1	0.75	-9999.9	3	52	-9999.9	49	-9999.9	3	17.4	3
2025 12 18 02	0.52	0.49	4.6	4.8	8.1	0.79	-9999.9	3	58	-9999.9	52	-9999.9	3	17.4	3
2025 12 18 03	0.54	0.51	4.6	4.8	7.3	0.78	-9999.9	3	61	-9999.9	50	-9999.9	3	17.4	3
2025 12 18 04	0.55	0.52	4.4	4.8	6.0	0.96	-9999.9	3	51	-9999.9	50	-9999.9	3	17.4	3
2025 12 18 05	0.58	0.56	4.6	4.7	6.4	0.99	-9999.9	3	57	-9999.9	50	-9999.9	3	17.4	3
2025 12 18 06	0.61	0.57	4.5	4.6	6.5	0.88	-9999.9	3	57	-9999.9	47	-9999.9	3	17.3	3
2025 12 18 07	0.71	0.68	4.6	4.7	5.3	0.99	-9999.9	3	55	-9999.9	48	-9999.9	3	17.3	3
2025 12 18 08	0.9	0.87	4.6	4.6	5.3	1.53	-9999.9	3	51	-9999.9	43	-9999.9	3	17.3	3
2025 12 18 09	0.95	0.9	4.5	4.7	5.6	1.31	-9999.9	3	49	-9999.9	46	-9999.9	3	17.3	3
2025 12 18 10	1.08	1.07	4.6	4.7	5.4	1.83	-9999.9	3	51	-9999.9	44	-9999.9	3	17.3	3
2025 12 18 11	1.05	1.01	4.6	4.9	5.3	1.69	-9999.9	3	51	-9999.9	39	-9999.9	3	17.4	3
2025 12 18 12	0.99	0.95	4.6	4.7	5.5	1.85	-9999.9	3	51	-9999.9	44	-9999.9	3	17.4	3
2025 12 18 13	1.28	1.24	4.7	4.6	5.7	2.06	-9999.9	3	49	-9999.9	43	-9999.9	3	17.4	3
2025 12 18 14	1.45	1.39	4.6	4.5	6.0	2.32	-9999.9	3	56	-9999.9	47	-9999.9	3	17.4	3
2025 12 18 15	1.51	1.46	4.6	4.5	6.3	2.68	-9999.9	3	56	-9999.9	47	-9999.9	3	17.4	3
2025 12 18 16	1.46	1.42	4.7	4.6	6.2	2.07	-9999.9	3	61	-9999.9	47	-9999.9	3	17.4	3
2025 12 18 17	1.4	1.33	4.4	4.5	6.2	2.0	-9999.9	3	58	-9999.9	46	-9999.9	3	17.4	3
2025 12 18 18	1.32	1.26	4.3	4.4	6.3	2.11	-9999.9	3	57	-9999.9	44	-9999.9	3	17.4	3
2025 12 18 19	1.33	1.3	4.6	4.5	6.4	2.13	-9999.9	3	59	-9999.9	47	-9999.9	3	17.4	3
2025 12 18 20	1.31	1.26	4.4	4.6	6.0	2.07	-9999.9	3	56	-9999.9	43	-9999.9	3	17.4	3
2025 12 18 21	1.3	1.29	4.7	4.6	6.3	1.97	-9999.9	3	51	-9999.9	44	-9999.9	3	17.4	3
2025 12 18 22	1.21	1.17	4.6	4.5	6.2	2.15	-9999.9	3	56	-9999.9	48	-9999.9	3	17.4	3
2025 12 18 23	1.19	1.16	4.7	4.7	6.1	1.77	-9999.9	3	59	-9999.9	44	-9999.9	3	17.4	3
2025 12 19 00	1.17	1.16	4.8	4.6	6.2	1.72	-9999.9	3	52	-9999.9	42	-9999.9	3	17.3	3
2025 12 19 01	1.06	1.02	4.4	4.5	5.9	1.66	-9999.9	3	53	-9999.9	44	-9999.9	3	17.3	3
2025 12 19 02	1.0	0.96	4.4	4.5	5.8	1.6	-9999.9	3	54	-9999.9	43	-9999.9	3	17.3	3
2025 12 19 03	0.91	0.87	4.2	4.4	5.7	1.51	-9999.9	3	59	-9999.9	50	-9999.9	3	17.3	3
2025 12 19 04	0.9	0.87	4.3	4.4	6.1	1.57	-9999.9	3	57	-9999.9	45	-9999.9	3	17.3	3
2025 12 19 05	0.95	0.91	4.5	4.6	6.0	1.97	-9999.9	3	57	-9999.9	43	-9999.9	3	17.3	3
2025 12 19 06	0.97	0.95	4.5	4.6	6.1	1.67	-9999.9	3	53	-9999.9	43	-9999.9	3	17.3	3
2025 12 19 07	1.01	0.99	4.4	4.7	6.2	1.49	-9999.9	3	56	-9999.9	41	-9999.9	3	17.3	3
2025 12 19 08	1.02	0.97	4.5	4.5	5.9	1.87	-9999.9	3	56	-9999.9	44	-9999.9	3	17.3	3
2025 12 19 09	0.95	0.93	4.5	4.5	5.9	1.49	-9999.9	3	59	-9999.9	46	-9999.9	3	17.3	3
2025 12 19 10	0.87	0.82	4.3	4.3	5.7	1.3	-9999.9	3	58	-9999.9	47	-9999.9	3	17.3	3
2025 12 19 11	0.92	0.89	4.5	4.4	6.0	1.58	-9999.9	3	57	-9999.9	44	-9999.9	3	17.4	3
2025 12 19 12	0.75	0.72	3.9	4.1	5.7	1.21	-9999.9	3	57	-9999.9	49	-9999.9	3	17.4	3
2025 12 19 13	0.81	0.79	4.3	4.4	5.7	1.42	-9999.9	3	56	-9999.9	44	-9999.9	3	17.4	3
2025 12 19 14	0.74	0.73	4.3	4.5	5.8	1.24	-9999.9	3	51	-9999.9	44	-9999.9	3	17.4	3
2025 12 19 15	0.72	0.69	4.4	4.5	5.8	1.11	-9999.9	3	55	-9999.9	43	-9999.9	3	17.4	3
2025 12 19 16	0.61	0.58	4.2	4.4	5.8	1.1	-9999.9	3	55	-9999.9	48	-9999.9	3	17.4	3
2025 12 19 17	0.61	0.59	4.2	4.3	5.4	1.11	-9999.9	3	62	-9999.9	45	-9999.9	3	17.4	3
2025 12 19 18	0.51	0.5	4.0	4.1	5.7	0.84	-9999.9	3	52	-9999.9	47	-9999.9	3	17.3	3
2025 12 19 19	0.53	0.52	4.0	4.1	5.7	0.86	-9999.9	3	60	-9999.9	45	-9999.9	3	17.4	3
2025 12 19 20	0.46	0.45	3.9	4.0	5.6	0.71	-9999.9	3	53	-9999.9	48	-9999.9	3	17.3	3
2025 12 19 21	0.48	0.46	3.8	4.1	5.6	0.87	-9999.9	3	54	-9999.9	47	-9999.9	3	17.3	3
2025 12 19 22	0.56	0.54	3.9	4.1	5.5	0.92	-9999.9	3	49	-9999.9	43	-9999.9	3	17.3	3
2025 12 19 23	0.5	0.48	3.8	4.0	5.5	0.88	-9999.9	3	50	-9999.9	45	-9999.9	3	17.3	3
2025 12 20 00	0.48	0.47	3.8	4.0	5.4	0.81	-9999.9	3	43	-9999.9	46	-9999.9	3	17.3	3
2025 12 20 01	0.5	0.48	3.8	4.1	5.2	0.97	-9999.9	3	50	-9999.9	44	-9999.9	3	17.3	3
2025 12 20 02	0.45	0.43	3.9	4.0	5.2	0.8	-9999.9	3	52	-9999.9	50	-9999.9	3	17.3	3
2025 12 20 03	0.47	0.46	4.1	4.2	5.1	0.67	-9999.9	3	54	-9999.9	48	-9999.9	3	17.3	3
2025 12 20 04	0.42	0.4	3.3	3.7	5.2	0.63	-9999.9	3	43	-9999.9	49	-9999.9	3	17.3	3
2025 12 20 05	0.43	0.41	2.7	3.0	5.0	0.71	-9999.9	3	40	-9999.9	47	-9999.9	3	17.3	3
2025 12 20 06	0.46	0.43	2.8	3.0	5.2	0.92	-9999.9	3	31	-9999.9	46	-9999.9	3	17.3	3
2025 12 20 07	0.45	0.43	2.9	3.1	5.0	0.75	-9999.9	3	20	-9999.9	46	-9999.9	3	17.2	3
2025 12 20 08	0.39	0.37	3.2	3.5	5.0	0.67	-9999.9	3	31	-9999.9	48	-9999.9	3	17.2	3
2025 12 20 09	0.36	0.35	2.9	3.1	5.1	0.78	-9999.9	3	26	-9999.9	47	-9999.9	3	17.2	3
2025 12 20 10	0.34	0.33	3.1	3.4	5.0	0.53	-9999.9	3	31	-9999.9	47	-9999.9	3	17.2	3
2025 12 20 11	0.34	0.32	2.3	2.7	5.2	0.55	-9999.9	3	9	-9999.9	44	-9999.9	3	17.2	3
2025 12 20 12	0.36	0.35	2.1	2.2	1.9	0.56	-9999.9	3	342	-9999.9	41	-9999.9	3	17.2	3
2025 12 20 13	0.32	0.32	2.1	2.3	2.3	0.49	-9999.9	3	353	-9999.9	45	-9999.9	3	17.3	3
2025 12 20 14	0.34	0.34	2.2	2.4	2.7	0.59	-9999.9	3	359	-9999.9	45	-9999.9	3	17.3	3
2025 12 20 15	0.4	0.39	2.2	2.3	2.3	0.66	-9999.9	3	348	-9999.9	42	-9999.9	3	17.3	3
2025 12 20 16	0.41	0.39	2.4	2.6	5.4	0.63	-9999.9	3	358	-9999.9	44	-9999.9	3	17.2	3
2025 12 20 17	0.41	0.39	2.5	2.7	7.2	0.65	-9999.9	3	1	-9999.9	46	-9999.9	3	17.2	3
2025 12 20 18	0.43	0.41	2.6	2.8	7.9	0.7	-9999.9	3	6	-9999.9	47	-9999.9	3	17.2	3
2025 12 20 19	0.43	0.4	2.7	3.0	7.2	0.65	-9999.9	3	15	-9999.9	46	-9999.9	3	17.2	3
2025 12 20 20	0.41	0.39	2.6	2.7	6.6	0.69	-9999.9	3	8	-9999.9	46	-9999.9	3	17.2	3
2025 12 20 21	0.38	0.35	2.7	3.0	7.5	0.65	-9999.9	3	21	-9999.9	46	-9999.9	3	17.2	3
2025 12 20 22	0.35	0.32	2.9	3.0	7.4	0.52	-9999.9	3	26	-9999.9	49	-9999.9	3	17.2	3
2025 12 20 23	0.36	0.34	3.3	3.4	8.3	0.55	-9999.9	3	43	-9999.9	49	-9999.9	3	17.2	3
2025 12 21 00	0.35	0.33	4.0	4.1	8.1	0.54	-9999.9	3	61	-9999.9	49	-9999.9	3	17.2	3
2025 12 21 01	0.38	0.36	4.8	4.8	7.9	0.65	-9999.9	3	76	-9999.9	47	-9999.9	3	17.2	3
2025 12 21 02	0.43	0.4	4.4	4.6	8.1	0.71	-9999.9	3	81	-9999.9	41	-9999.9	3	17.2	3
2025 12 21 03	0.45	0.43	5.1	5.1	8.5	0.69	-9999.9	3	85	-9999.9	37	-9999.9	3	17.1	3
2025 12 21 04	0.34	0.32	4.3	4.4	8.7	0.65	-9999.9	3	81	-9999.9	43	-9999.9	3	17.1	3
2025 12 21 05	0.37	0.35	3.6	3.6	7.4	0.54	-9999.9	3	79	-9999.9	45	-9999.9	3	17.1	3
2025 12 21 06	0.33	0.31	3.0	3.1	6.9	0.49	-9999.9	3	96	-9999.9	45	-9999.9	3	17.1	3
2025 12 21 07	0.34	0.32	2.8	2.9	6.0	0.49	-9999.9	3	100	-9999.9	46	-9999.9	3	17.1	3
2025 12 21 08	0.38	0.35	2.9	2.9	4.5	0.55	-9999.9	3	99	-9999.9	41	-9999.9	3	17.0	3
2025 12 21 09	0.36	0.34	2.7	2.9	3.1	0.57	-9999.9	3	108	-9999.9	43	-9999.9	3	17.1	3
2025 12 21 10	0.41	0.4	2.8	2.9	3.1	0.77	-9999.9	3	113	-9999.9	42	-9999.9	3	17.0	3
2025 12 21 11	0.37	0.36	2.8	2.8	3.1	0.55	-9999.9	3	110	-9999.9	48	-9999.9	3	17.1	3
2025 12 21 12	0.34	0.33	2.9	2.9	3.0	0.5	-9999.9	3	107	-9999.9	46	-9999.9	3	17.1	3
2025 12 21 13	0.28	0.27	2.9	2.9	3.3	0.44	-9999.9	3	99	-9999.9	48	-9999.9	3	17.2	3
2025 12 21 14	0.26	0.24	2.8	3.1	4.6	0.38	-9999.9	3	93	-9999.9	49	-9999.9	3	17.2	3
2025 12 21 15	0.22	0.21	3.0	3.1	6.5	0.36	-9999.9	3	80	-9999.9	54	-9999.9	3	17.2	3
2025 12 21 16	0.22	0.21	3.4	3.7	6.5	0.39	-9999.9	3	62	-9999.9	54	-9999.9	3	17.2	3
2025 12 21 17	0.19	0.18	3.4	3.6	6.4	0.31	-9999.9	3	67	-9999.9	53	-9999.9	3	17.2	3
2025 12 21 18	0.26	0.28	2.2	2.3	2.1	0.53	-9999.9	3	350	-9999.9	40	-9999.9	3	17.1	3
2025 12 21 19	0.47	0.45	2.4	2.5	3.0	0.92	-9999.9	3	2	-9999.9	39	-9999.9	3	17.1	3
2025 12 21 20	0.54	0.52	2.6	2.7	3.0	0.9	-9999.9	3	0	-9999.9	42	-9999.9	3	17.1	3
2025 12 21 21	0.55	0.52	2.6	2.8	3.1	0.91	-9999.9	3	5	-9999.9	43	-9999.9	3	17.1	3
2025 12 21 22	0.51	0.5	2.8	2.9	3.6	0.76	-9999.9	3	8	-9999.9	42	-9999.9	3	17.1	3
2025 12 21 23	0.4	0.39	3.0	3.2	5.1	0.64	-9999.9	3	16	-9999.9	48	-9999.9	3	16.9	3
2025 12 22 00	0.29	0.27	2.9	3.2	5.1	0.46	-9999.9	3	21	-9999.9	53	-9999.9	3	16.9	3
2025 12 22 01	0.24	0.23	4.1	4.1	5.2	0.37	-9999.9	3	70	-9999.9	51	-9999.9	3	16.9	3
2025 12 22 02	0.19	0.19	4.1	4.7	5.9	0.36	-9999.9	3	70	-9999.9	53	-9999.9	3	16.9	3
2025 12 22 03	0.29	0.3	2.3	2.4	2.3	0.61	-9999.9	3	339	-9999.9	41	-9999.9	3	16.9	3
2025 12 22 04	0.19	0.18	3.9	4.1	5.9	0.34	-9999.9	3	47	-9999.9	53	-9999.9	3	16.8	3
2025 12 22 05	0.2	0.19	4.5	4.6	6.5	0.36	-9999.9	3	50	-9999.9	49	-9999.9	3	16.8	3
2025 12 22 06	0.4	0.39	2.4	2.4	3.3	0.63	-9999.9	3	345	-9999.9	39	-9999.9	3	16.8	3
2025 12 22 07	0.48	0.46	2.4	2.6	3.8	0.83	-9999.9	3	342	-9999.9	41	-9999.9	3	16.8	3
2025 12 22 08	0.54	0.5	2.5	2.7	6.2	0.91	-9999.9	3	349	-9999.9	41	-9999.9	3	16.8	3
2025 12 22 09	0.57	0.53	2.6	2.9	6.2	1.08	-9999.9	3	355	-9999.9	41	-9999.9	3	16.8	3
2025 12 22 10	0.59	0.56	2.9	3.0	7.0	1.1	-9999.9	3	356	-9999.9	41	-9999.9	3	16.8	3
2025 12 22 11	0.53	0.5	2.7	2.8	5.9	0.85	-9999.9	3	356	-9999.9	42	-9999.9	3	16.9	3
2025 12 22 12	0.48	0.45	2.6	2.8	5.2	0.73	-9999.9	3	1	-9999.9	43	-9999.9	3	16.9	3
2025 12 22 13	0.45	0.42	2.7	2.9	5.5	0.67	-9999.9	3	3	-9999.9	45	-9999.9	3	16.8	3
2025 12 22 14	0.44	0.41	2.6	2.9	6.5	0.67	-9999.9	3	4	-9999.9	44	-9999.9	3	16.9	3
2025 12 22 15	0.48	0.46	2.5	2.7	6.2	0.7	-9999.9	3	3	-9999.9	42	-9999.9	3	16.9	3
2025 12 22 16	0.45	0.44	2.5	2.8	6.9	0.71	-9999.9	3	4	-9999.9	44	-9999.9	3	16.9	3
2025 12 22 17	0.45	0.43	2.4	2.7	5.4	0.64	-9999.9	3	1	-9999.9	44	-9999.9	3	16.9	3
2025 12 22 18	0.4	0.38	3.0	3.3	7.5	0.61	-9999.9	3	14	-9999.9	48	-9999.9	3	16.9	3
2025 12 22 19	0.43	0.42	3.1	3.4	6.8	0.69	-9999.9	3	14	-9999.9	49	-9999.9	3	16.8	3
2025 12 22 20	0.38	0.35	2.7	3.2	6.7	0.6	-9999.9	3	15	-9999.9	51	-9999.9	3	16.8	3
2025 12 22 21	0.35	0.33	2.5	3.0	6.9	0.61	-9999.9	3	7	-9999.9	46	-9999.9	3	16.8	3
2025 12 22 22	0.35	0.33	3.0	3.4	6.5	0.62	-9999.9	3	16	-9999.9	47	-9999.9	3	16.8	3
2025 12 22 23	0.47	0.43	2.8	3.0	7.2	0.74	-9999.9	3	13	-9999.9	44	-9999.9	3	16.8	3
2025 12 23 00	0.43	0.4	2.9	3.1	6.9	0.65	-9999.9	3	20	-9999.9	50	-9999.9	3	16.8	3
2025 12 23 01	0.48	0.44	2.6	2.8	5.7	0.73	-9999.9	3	4	-9999.9	44	-9999.9	3	16.8	3
2025 12 23 02	0.46	0.44	3.0	3.2	6.8	0.66	-9999.9	3	14	-9999.9	47	-9999.9	3	16.8	3
2025 12 23 03	0.46	0.44	2.9	3.4	6.0	0.94	-9999.9	3	18	-9999.9	51	-9999.9	3	16.7	3
2025 12 23 04	0.4	0.38	3.4	4.3	6.4	0.64	-9999.9	3	23	-9999.9	52	-9999.9	3	16.8	3
2025 12 23 05	0.37	0.36	3.2	4.0	6.3	0.65	-9999.9	3	24	-9999.9	53	-9999.9	3	16.9	3
2025 12 23 06	0.36	0.35	4.7	4.9	7.0	0.55	-9999.9	3	45	-9999.9	49	-9999.9	3	16.8	3
2025 12 23 07	0.47	0.42	2.6	3.0	6.9	0.82	-9999.9	3	17	-9999.9	44	-9999.9	3	16.8	3
2025 12 23 08	0.44	0.41	2.6	2.9	7.8	0.83	-9999.9	3	25	-9999.9	47	-9999.9	3	16.8	3
2025 12 23 09	0.38	0.36	2.7	3.1	7.0	0.71	-9999.9	3	21	-9999.9	50	-9999.9	3	16.7	3
2025 12 23 10	0.42	0.4	2.6	2.8	6.6	0.62	-9999.9	3	13	-9999.9	46	-9999.9	3	16.8	3
2025 12 23 11	0.43	0.42	2.5	2.6	5.8	0.72	-9999.9	3	12	-9999.9	44	-9999.9	3	16.8	3
2025 12 23 12	0.41	0.38	2.4	2.6	6.4	0.58	-9999.9	3	7	-9999.9	44	-9999.9	3	16.9	3
2025 12 23 13	0.32	0.3	2.7	3.0	7.0	0.54	-9999.9	3	21	-9999.9	51	-9999.9	3	16.9	3
2025 12 23 14	0.31	0.3	3.0	3.8	7.2	0.62	-9999.9	3	30	-9999.9	52	-9999.9	3	16.9	3
2025 12 23 15	0.32	0.31	4.2	4.4	7.0	0.57	-9999.9	3	37	-9999.9	51	-9999.9	3	16.9	3
2025 12 23 16	0.31	0.3	3.7	4.1	6.6	0.46	-9999.9	3	39	-9999.9	53	-9999.9	3	16.9	3
2025 12 23 17	0.35	0.34	4.4	4.5	6.9	0.52	-9999.9	3	47	-9999.9	50	-9999.9	3	16.9	3
2025 12 23 18	0.34	0.32	4.5	4.8	7.8	0.61	-9999.9	3	58	-9999.9	50	-9999.9	3	16.9	3
2025 12 23 19	0.38	0.36	4.7	4.8	7.8	0.58	-9999.9	3	60	-9999.9	47	-9999.9	3	16.9	3
2025 12 23 20	0.4	0.37	3.8	3.9	7.9	0.77	-9999.9	3	72	-9999.9	44	-9999.9	3	16.9	3
2025 12 23 21	0.4	0.36	3.5	3.6	8.0	0.64	-9999.9	3	86	-9999.9	40	-9999.9	3	16.9	3
2025 12 23 22	0.37	0.33	3.4	3.5	7.4	0.53	-9999.9	3	87	-9999.9	43	-9999.9	3	16.9	3
2025 12 23 23	0.33	0.3	2.9	3.1	6.9	0.51	-9999.9	3	101	-9999.9	44	-9999.9	3	16.9	3
2025 12 24 00	0.27	0.24	3.0	3.2	7.8	0.45	-9999.9	3	87	-9999.9	47	-9999.9	3	16.9	3
2025 12 24 01	0.28	0.26	3.1	3.2	7.6	0.45	-9999.9	3	95	-9999.9	43	-9999.9	3	16.9	3
2025 12 24 02	0.27	0.24	2.8	3.0	8.9	0.41	-9999.9	3	96	-9999.9	47	-9999.9	3	16.8	3
2025 12 24 03	0.28	0.25	2.8	2.9	8.4	0.38	-9999.9	3	92	-9999.9	46	-9999.9	3	16.8	3
2025 12 24 04	0.29	0.26	2.9	3.1	7.3	0.4	-9999.9	3	85	-9999.9	44	-9999.9	3	16.8	3
2025 12 24 05	0.27	0.24	3.1	3.1	8.3	0.41	-9999.9	3	83	-9999.9	46	-9999.9	3	16.8	3
2025 12 24 06	0.24	0.22	3.4	3.7	9.3	0.4	-9999.9	3	80	-9999.9	51	-9999.9	3	16.8	3
2025 12 24 07	0.26	0.24	3.4	3.5	8.1	0.42	-9999.9	3	68	-9999.9	52	-9999.9	3	16.8	3
2025 12 24 08	0.25	0.24	3.9	3.7	9.3	0.43	-9999.9	3	66	-9999.9	54	-9999.9	3	16.8	3
2025 12 24 09	0.27	0.25	3.5	3.6	8.9	0.4	-9999.9	3	70	-9999.9	52	-9999.9	3	16.7	3
2025 12 24 10	0.28	0.25	3.7	3.8	9.0	0.51	-9999.9	3	71	-9999.9	52	-9999.9	3	16.7	3
2025 12 24 11	0.34	0.32	5.0	5.4	10.4	0.51	-9999.9	3	61	-9999.9	53	-9999.9	3	16.8	3
2025 12 24 12	0.37	0.33	3.5	3.8	9.7	0.6	-9999.9	3	68	-9999.9	48	-9999.9	3	16.8	3
2025 12 24 13	0.37	0.33	4.3	4.5	9.9	0.55	-9999.9	3	59	-9999.9	47	-9999.9	3	16.9	3
2025 12 24 14	0.36	0.33	4.0	4.0	10.1	0.53	-9999.9	3	68	-9999.9	56	-9999.9	3	16.9	3
2025 12 24 15	0.35	0.32	3.8	4.4	10.5	0.67	-9999.9	3	60	-9999.9	50	-9999.9	3	16.9	3
2025 12 24 16	0.33	0.31	4.8	5.3	9.9	0.51	-9999.9	3	57	-9999.9	49	-9999.9	3	16.9	3
2025 12 24 17	0.35	0.33	5.3	5.8	10.5	0.51	-9999.9	3	55	-9999.9	52	-9999.9	3	16.9	3
2025 12 24 18	0.36	0.34	5.1	5.5	9.5	0.54	-9999.9	3	56	-9999.9	49	-9999.9	3	16.9	3
2025 12 24 19	0.35	0.33	5.5	5.6	10.0	0.47	-9999.9	3	65	-9999.9	55	-9999.9	3	16.9	3
2025 12 24 20	0.35	0.34	5.6	6.1	10.4	0.51	-9999.9	3	66	-9999.9	52	-9999.9	3	16.8	3
2025 12 24 21	0.38	0.38	6.2	6.1	10.7	0.66	-9999.9	3	76	-9999.9	58	-9999.9	3	16.8	3
2025 12 24 22	0.37	0.36	6.2	6.0	10.2	0.53	-9999.9	3	64	-9999.9	55	-9999.9	3	16.9	3
2025 12 24 23	0.42	0.39	5.8	6.0	10.3	0.75	-9999.9	3	69	-9999.9	56	-9999.9	3	16.8	3
2025 12 25 00	0.45	0.43	5.6	5.8	10.1	0.76	-9999.9	3	61	-9999.9	51	-9999.9	3	16.7	3
2025 12 25 01	0.42	0.38	4.0	4.9	10.0	0.65	-9999.9	3	61	-9999.9	51	-9999.9	3	16.7	3
2025 12 25 02	0.47	0.42	3.3	3.6	9.7	0.8	-9999.9	3	75	-9999.9	45	-9999.9	3	16.8	3
2025 12 25 03	0.44	0.4	3.4	3.6	9.5	0.68	-9999.9	3	70	-9999.9	47	-9999.9	3	16.7	3
2025 12 25 04	0.4	0.38	4.7	5.0	9.4	0.7	-9999.9	3	59	-9999.9	50	-9999.9	3	16.7	3
2025 12 25 05	0.39	0.37	5.8	6.1	9.4	0.53	-9999.9	3	56	-9999.9	49	-9999.9	3	16.6	3
2025 12 25 06	0.35	0.33	4.3	5.2	9.4	0.7	-9999.9	3	57	-9999.9	55	-9999.9	3	16.7	3
2025 12 25 07	0.36	0.35	4.8	5.2	8.5	0.55	-9999.9	3	51	-9999.9	53	-9999.9	3	16.7	3
2025 12 25 08	0.36	0.34	4.9	5.4	8.7	0.62	-9999.9	3	51	-9999.9	51	-9999.9	3	16.7	3
2025 12 25 09	0.36	0.34	5.4	5.7	9.1	0.63	-9999.9	3	60	-9999.9	50	-9999.9	3	16.7	3
2025 12 25 10	0.41	0.4	5.5	5.6	9.2	0.59	-9999.9	3	62	-9999.9	48	-9999.9	3	16.8	3
2025 12 25 11	0.36	0.35	4.2	5.0	8.9	0.53	-9999.9	3	57	-9999.9	52	-9999.9	3	16.8	3
2025 12 25 12	0.37	0.35	4.9	5.4	8.4	0.51	-9999.9	3	62	-9999.9	55	-9999.9	3	16.8	3
2025 12 25 13	0.36	0.34	4.1	5.0	8.7	0.6	-9999.9	3	55	-9999.9	52	-9999.9	3	16.8	3
2025 12 25 14	0.39	0.36	4.1	5.0	9.0	0.65	-9999.9	3	51	-9999.9	47	-9999.9	3	16.9	3
2025 12 25 15	0.39	0.36	3.6	4.3	8.7	0.59	-9999.9	3	45	-9999.9	51	-9999.9	3	16.9	3
2025 12 25 16	0.4	0.36	2.9	3.4	8.4	0.7	-9999.9	3	42	-9999.9	52	-9999.9	3	16.9	3
2025 12 25 17	0.37	0.33	3.4	4.0	8.6	0.57	-9999.9	3	43	-9999.9	54	-9999.9	3	16.9	3
2025 12 25 18	0.42	0.39	3.5	4.0	8.6	0.68	-9999.9	3	39	-9999.9	48	-9999.9	3	16.9	3
2025 12 25 19	0.4	0.37	3.4	3.9	8.9	0.66	-9999.9	3	43	-9999.9	51	-9999.9	3	16.8	3
2025 12 25 20	0.4	0.38	3.9	4.1	8.3	0.56	-9999.9	3	43	-9999.9	50	-9999.9	3	16.8	3
2025 12 25 21	0.38	0.34	3.9	4.0	8.4	0.6	-9999.9	3	42	-9999.9	49	-9999.9	3	16.8	3
2025 12 25 22	0.37	0.34	3.7	3.8	8.2	0.58	-9999.9	3	45	-9999.9	53	-9999.9	3	16.8	3
2025 12 25 23	0.38	0.36	3.9	3.9	8.0	0.7	-9999.9	3	40	-9999.9	51	-9999.9	3	16.8	3
2025 12 26 00	0.41	0.38	3.0	3.2	8.1	0.67	-9999.9	3	27	-9999.9	52	-9999.9	3	16.8	3
2025 12 26 01	0.41	0.38	3.1	3.2	7.5	0.59	-9999.9	3	22	-9999.9	48	-9999.9	3	16.8	3
2025 12 26 02	0.41	0.38	3.0	3.1	8.0	0.61	-9999.9	3	34	-9999.9	52	-9999.9	3	16.8	3
2025 12 26 03	0.38	0.35	3.4	3.6	7.6	0.56	-9999.9	3	50	-9999.9	51	-9999.9	3	16.8	3
2025 12 26 04	0.34	0.32	3.5	3.7	6.7	0.53	-9999.9	3	53	-9999.9	50	-9999.9	3	16.7	3
2025 12 26 05	0.32	0.29	3.6	3.7	7.6	0.52	-9999.9	3	57	-9999.9	51	-9999.9	3	16.7	3
2025 12 26 06	0.34	0.32	3.8	4.0	7.9	0.5	-9999.9	3	55	-9999.9	49	-9999.9	3	16.7	3
2025 12 26 07	0.32	0.31	4.3	4.2	7.8	0.47	-9999.9	3	56	-9999.9	50	-9999.9	3	16.7	3
2025 12 26 08	0.32	0.3	4.5	4.7	9.2	0.47	-9999.9	3	59	-9999.9	53	-9999.9	3	16.7	3
2025 12 26 09	0.36	0.34	4.7	4.8	8.3	0.5	-9999.9	3	59	-9999.9	49	-9999.9	3	16.7	3
2025 12 26 10	0.38	0.36	4.6	4.8	8.7	0.62	-9999.9	3	59	-9999.9	46	-9999.9	3	16.7	3
2025 12 26 11	0.37	0.36	5.0	5.0	8.8	0.56	-9999.9	3	65	-9999.9	51	-9999.9	3	16.8	3
2025 12 26 12	0.39	0.36	4.4	4.9	8.6	0.64	-9999.9	3	65	-9999.9	51	-9999.9	3	16.8	3
2025 12 26 13	0.41	0.4	5.4	5.2	8.7	0.66	-9999.9	3	68	-9999.9	53	-9999.9	3	16.9	3
2025 12 26 14	0.42	0.39	5.1	5.3	9.2	0.69	-9999.9	3	65	-9999.9	52	-9999.9	3	16.9	3
2025 12 26 15	0.45	0.43	5.6	5.8	8.3	0.7	-9999.9	3	73	-9999.9	53	-9999.9	3	16.8	3
2025 12 26 16	0.45	0.42	5.8	5.8	10.4	0.67	-9999.9	3	70	-9999.9	53	-9999.9	3	16.8	3
2025 12 26 17	0.43	0.41	6.0	5.9	9.7	0.65	-9999.9	3	66	-9999.9	55	-9999.9	3	16.8	3
2025 12 26 18	0.48	0.45	5.9	6.2	10.2	0.73	-9999.9	3	74	-9999.9	56	-9999.9	3	16.9	3
2025 12 26 19	0.51	0.48	5.6	6.3	10.4	0.79	-9999.9	3	76	-9999.9	54	-9999.9	3	16.8	3
2025 12 26 20	0.51	0.48	6.1	6.3	10.5	0.73	-9999.9	3	71	-9999.9	56	-9999.9	3	16.9	3
2025 12 26 21	0.52	0.49	5.8	6.2	9.9	0.88	-9999.9	3	80	-9999.9	53	-9999.9	3	16.9	3
2025 12 26 22	0.56	0.54	6.3	6.4	10.6	0.89	-9999.9	3	84	-9999.9	56	-9999.9	3	16.9	3
2025 12 26 23	0.51	0.48	6.0	6.1	10.9	0.86	-9999.9	3	72	-9999.9	56	-9999.9	3	16.9	3
2025 12 27 00	0.58	0.57	6.5	6.5	10.6	0.92	-9999.9	3	78	-9999.9	56	-9999.9	3	16.9	3
2025 12 27 01	0.59	0.58	6.6	6.4	10.7	0.87	-9999.9	3	78	-9999.9	60	-9999.9	3	16.9	3
2025 12 27 02	0.59	0.53	4.9	5.2	10.0	1.06	-9999.9	3	68	-9999.9	51	-9999.9	3	16.9	3
2025 12 27 03	0.57	0.52	4.8	5.1	10.2	0.88	-9999.9	3	71	-9999.9	54	-9999.9	3	16.9	3
2025 12 27 04	0.56	0.49	4.2	4.4	10.7	0.91	-9999.9	3	75	-9999.9	55	-9999.9	3	16.8	3
2025 12 27 05	0.58	0.54	4.8	4.9	9.9	0.95	-9999.9	3	81	-9999.9	56	-9999.9	3	16.8	3
2025 12 27 06	0.54	0.48	4.7	5.1	10.5	0.94	-9999.9	3	72	-9999.9	54	-9999.9	3	16.8	3
2025 12 27 07	0.47	0.42	4.3	4.6	10.6	0.89	-9999.9	3	74	-9999.9	58	-9999.9	3	16.8	3
2025 12 27 08	0.58	0.55	6.1	5.7	10.6	0.93	-9999.9	3	70	-9999.9	56	-9999.9	3	16.8	3
2025 12 27 09	0.61	0.58	5.3	5.4	10.4	0.89	-9999.9	3	56	-9999.9	55	-9999.9	3	16.8	3
2025 12 27 10	0.62	0.54	4.0	4.5	10.0	1.14	-9999.9	3	70	-9999.9	52	-9999.9	3	16.8	3
2025 12 27 11	0.55	0.48	4.0	4.3	10.3	0.83	-9999.9	3	67	-9999.9	54	-9999.9	3	16.8	3
2025 12 27 12	0.61	0.56	4.7	5.0	10.5	0.87	-9999.9	3	68	-9999.9	56	-9999.9	3	16.9	3
2025 12 27 13	0.71	0.64	3.8	4.0	10.3	1.1	-9999.9	3	66	-9999.9	49	-9999.9	3	16.9	3
2025 12 27 14	0.86	0.79	3.6	3.7	9.2	1.36	-9999.9	3	77	-9999.9	49	-9999.9	3	16.9	3
2025 12 27 15	1.04	0.92	4.0	4.1	10.6	1.72	-9999.9	3	73	-9999.9	49	-9999.9	3	16.9	3
2025 12 27 16	1.0	0.92	4.0	3.8	8.3	1.41	-9999.9	3	75	-9999.9	50	-9999.9	3	16.9	3
2025 12 27 17	1.08	0.99	3.9	4.0	7.4	1.67	-9999.9	3	75	-9999.9	48	-9999.9	3	16.8	3
2025 12 27 18	1.04	0.97	3.9	4.1	6.1	1.63	-9999.9	3	75	-9999.9	49	-9999.9	3	16.8	3
2025 12 27 19	0.95	0.88	3.9	4.0	8.3	1.57	-9999.9	3	74	-9999.9	51	-9999.9	3	16.8	3
2025 12 27 20	0.92	0.85	3.9	4.0	6.9	1.59	-9999.9	3	74	-9999.9	50	-9999.9	3	16.8	3
2025 12 27 21	0.93	0.87	4.2	4.2	8.9	1.37	-9999.9	3	72	-9999.9	51	-9999.9	3	16.8	3
2025 12 27 22	0.83	0.77	4.4	4.4	9.4	1.12	-9999.9	3	72	-9999.9	50	-9999.9	3	16.8	3
2025 12 27 23	0.76	0.7	4.4	4.5	9.9	1.13	-9999.9	3	77	-9999.9	51	-9999.9	3	16.8	3
2025 12 28 00	0.7	0.64	4.6	4.7	10.5	1.04	-9999.9	3	69	-9999.9	51	-9999.9	3	16.8	3
2025 12 28 01	0.67	0.63	4.5	4.5	9.5	0.99	-9999.9	3	71	-9999.9	50	-9999.9	3	16.8	3
2025 12 28 02	0.71	0.65	3.7	3.9	9.2	1.03	-9999.9	3	72	-9999.9	46	-9999.9	3	16.8	3
2025 12 28 03	0.67	0.63	4.4	4.4	8.8	0.95	-9999.9	3	65	-9999.9	48	-9999.9	3	16.7	3
2025 12 28 04	0.77	0.7	4.6	4.7	10.8	1.11	-9999.9	3	66	-9999.9	50	-9999.9	3	16.7	3
2025 12 28 05	0.74	0.69	4.7	4.8	10.6	1.05	-9999.9	3	67	-9999.9	54	-9999.9	3	16.7	3
2025 12 28 06	0.81	0.76	4.7	4.6	10.1	1.32	-9999.9	3	65	-9999.9	46	-9999.9	3	16.7	3
2025 12 28 07	0.72	0.69	4.9	5.1	9.9	1.19	-9999.9	3	66	-9999.9	48	-9999.9	3	16.7	3
2025 12 28 08	0.71	0.67	5.4	5.4	9.7	1.05	-9999.9	3	66	-9999.9	51	-9999.9	3	16.7	3
2025 12 28 09	0.71	0.66	4.0	4.2	9.9	1.01	-9999.9	3	68	-9999.9	49	-9999.9	3	16.7	3
2025 12 28 10	0.67	0.62	3.8	4.1	5.9	1.09	-9999.9	3	69	-9999.9	47	-9999.9	3	16.7	3
2025 12 28 11	0.75	0.67	3.5	3.7	6.6	1.23	-9999.9	3	79	-9999.9	43	-9999.9	3	16.7	3
2025 12 28 12	0.71	0.64	3.4	3.6	9.3	1.16	-9999.9	3	88	-9999.9	44	-9999.9	3	16.7	3
2025 12 28 13	0.62	0.56	3.4	3.7	6.8	0.91	-9999.9	3	81	-9999.9	44	-9999.9	3	16.7	3
2025 12 28 14	0.61	0.56	3.3	3.6	8.2	0.98	-9999.9	3	78	-9999.9	48	-9999.9	3	16.7	3
2025 12 28 15	0.57	0.51	3.3	3.5	6.4	0.81	-9999.9	3	82	-9999.9	46	-9999.9	3	16.7	3
2025 12 28 16	0.59	0.56	3.8	3.9	8.1	0.89	-9999.9	3	73	-9999.9	46	-9999.9	3	16.7	3
2025 12 28 17	0.54	0.5	3.9	4.3	9.2	0.9	-9999.9	3	63	-9999.9	53	-9999.9	3	16.7	3
2025 12 28 18	0.67	0.64	5.2	5.4	10.6	0.99	-9999.9	3	78	-9999.9	57	-9999.9	3	16.7	3
2025 12 28 19	0.62	0.59	5.2	5.5	10.5	1.13	-9999.9	3	58	-9999.9	51	-9999.9	3	16.7	3
2025 12 28 20	0.63	0.6	5.8	5.7	9.7	0.91	-9999.9	3	53	-9999.9	51	-9999.9	3	16.7	3
2025 12 28 21	0.59	0.58	5.3	5.4	9.7	1.06	-9999.9	3	60	-9999.9	53	-9999.9	3	16.7	3
2025 12 28 22	0.59	0.56	5.1	5.6	9.7	0.81	-9999.9	3	67	-9999.9	55	-9999.9	3	16.6	3
2025 12 28 23	0.54	0.54	5.2	5.1	10.1	0.91	-9999.9	3	61	-9999.9	56	-9999.9	3	16.6	3
2025 12 29 00	0.62	0.57	5.0	5.2	10.0	1.02	-9999.9	3	62	-9999.9	49	-9999.9	3	16.6	3
2025 12 29 01	0.57	0.5	3.6	3.8	9.8	0.94	-9999.9	3	79	-9999.9	47	-9999.9	3	16.6	3
2025 12 29 02	0.47	0.43	3.9	4.1	9.4	0.71	-9999.9	3	65	-9999.9	52	-9999.9	3	16.6	3
2025 12 29 03	0.54	0.48	3.9	4.2	9.3	0.91	-9999.9	3	75	-9999.9	51	-9999.9	3	16.6	3
2025 12 29 04	0.54	0.49	4.0	4.4	8.9	0.79	-9999.9	3	76	-9999.9	52	-9999.9	3	16.6	3
2025 12 29 05	0.53	0.5	4.9	5.1	9.2	0.81	-9999.9	3	63	-9999.9	52	-9999.9	3	16.6	3
2025 12 29 06	0.48	0.45	4.7	5.1	9.5	0.84	-9999.9	3	62	-9999.9	54	-9999.9	3	16.6	3
2025 12 29 07	0.47	0.45	5.0	5.4	9.2	0.77	-9999.9	3	61	-9999.9	50	-9999.9	3	16.6	3
2025 12 29 08	0.49	0.48	5.5	5.5	8.9	0.69	-9999.9	3	60	-9999.9	50	-9999.9	3	16.6	3
2025 12 29 09	0.49	0.46	4.5	5.1	8.2	0.85	-9999.9	3	58	-9999.9	45	-9999.9	3	16.6	3
2025 12 29 10	0.46	0.45	4.7	5.4	8.8	0.8	-9999.9	3	62	-9999.9	48	-9999.9	3	16.6	3
2025 12 29 11	0.45	0.43	4.4	5.2	8.8	0.72	-9999.9	3	64	-9999.9	50	-9999.9	3	16.6	3
2025 12 29 12	0.44	0.42	4.5	5.2	8.7	0.62	-9999.9	3	58	-9999.9	48	-9999.9	3	16.6	3
2025 12 29 13	0.44	0.42	4.8	5.4	8.9	0.66	-9999.9	3	57	-9999.9	52	-9999.9	3	16.6	3
2025 12 29 14	0.44	0.42	4.8	5.0	8.0	0.68	-9999.9	3	48	-9999.9	53	-9999.9	3	16.6	3
2025 12 29 15	0.47	0.45	4.8	5.0	8.7	0.68	-9999.9	3	44	-9999.9	48	-9999.9	3	16.6	3
2025 12 29 16	0.42	0.37	3.5	4.1	8.3	0.77	-9999.9	3	39	-9999.9	52	-9999.9	3	16.6	3
2025 12 29 17	0.45	0.43	5.1	5.0	7.8	0.63	-9999.9	3	53	-9999.9	49	-9999.9	3	16.6	3
2025 12 29 18	0.43	0.41	4.2	4.6	8.1	0.69	-9999.9	3	44	-9999.9	49	-9999.9	3	16.6	3
2025 12 29 19	0.46	0.44	4.3	4.5	7.4	0.69	-9999.9	3	49	-9999.9	49	-9999.9	3	16.6	3
2025 12 29 20	0.45	0.43	4.2	4.4	7.9	0.65	-9999.9	3	49	-9999.9	49	-9999.9	3	16.6	3
2025 12 29 21	0.46	0.45	4.2	4.3	6.6	0.7	-9999.9	3	51	-9999.9	49	-9999.9	3	16.5	3
2025 12 29 22	0.49	0.47	4.4	4.5	7.6	0.79	-9999.9	3	58	-9999.9	46	-9999.9	3	16.6	3
2025 12 29 23	0.46	0.43	4.4	4.4	7.1	0.69	-9999.9	3	53	-9999.9	47	-9999.9	3	16.5	3
2025 12 30 00	0.42	0.39	4.3	4.4	7.3	0.67	-9999.9	3	49	-9999.9	50	-9999.9	3	16.5	3
2025 12 30 01	0.42	0.41	4.4	4.4	7.2	0.83	-9999.9	3	52	-9999.9	47	-9999.9	3	16.5	3
2025 12 30 02	0.39	0.38	4.3	4.4	6.6	0.65	-9999.9	3	48	-9999.9	46	-9999.9	3	16.5	3
2025 12 30 03	0.41	0.38	4.4	4.6	7.3	0.61	-9999.9	3	52	-9999.9	48	-9999.9	3	16.5	3
2025 12 30 04	0.41	0.4	4.4	4.6	7.0	0.61	-9999.9	3	46	-9999.9	47	-9999.9	3	16.5	3
2025 12 30 05	0.38	0.36	4.2	4.4	6.5	0.61	-9999.9	3	41	-9999.9	48	-9999.9	3	16.5	3
2025 12 30 06	0.35	0.34	4.2	4.3	6.2	0.59	-9999.9	3	43	-9999.9	49	-9999.9	3	16.4	3
2025 12 30 07	0.38	0.37	4.4	4.4	6.5	0.52	-9999.9	3	43	-9999.9	47	-9999.9	3	16.5	3
2025 12 30 08	0.38	0.36	4.3	4.5	6.5	0.51	-9999.9	3	40	-9999.9	47	-9999.9	3	16.5	3
2025 12 30 09	0.38	0.37	4.0	4.4	6.1	0.59	-9999.9	3	41	-9999.9	46	-9999.9	3	16.5	3
2025 12 30 10	0.39	0.37	3.9	4.1	6.4	0.7	-9999.9	3	48	-9999.9	45	-9999.9	3	16.6	3
2025 12 30 11	0.36	0.35	3.5	3.8	6.3	0.63	-9999.9	3	48	-9999.9	45	-9999.9	3	16.6	3
2025 12 30 12	0.36	0.35	3.5	3.7	6.2	0.56	-9999.9	3	55	-9999.9	43	-9999.9	3	16.7	3
2025 12 30 13	0.31	0.3	3.5	3.7	6.4	0.54	-9999.9	3	55	-9999.9	48	-9999.9	3	16.7	3
2025 12 30 14	0.29	0.28	3.7	4.1	6.1	0.47	-9999.9	3	54	-9999.9	49	-9999.9	3	16.8	3
2025 12 30 15	0.28	0.28	4.0	4.2	6.0	0.43	-9999.9	3	55	-9999.9	46	-9999.9	3	16.9	3
2025 12 30 16	0.26	0.25	4.3	4.5	5.9	0.41	-9999.9	3	56	-9999.9	48	-9999.9	3	16.8	3
2025 12 30 17	0.27	0.26	4.4	4.6	5.8	0.42	-9999.9	3	55	-9999.9	45	-9999.9	3	16.6	3
2025 12 30 18	0.25	0.25	4.2	4.4	5.7	0.43	-9999.9	3	53	-9999.9	48	-9999.9	3	16.5	3
2025 12 30 19	0.27	0.26	4.1	4.3	5.6	0.44	-9999.9	3	49	-9999.9	50	-9999.9	3	16.5	3
2025 12 30 20	0.26	0.25	3.9	4.0	5.5	0.41	-9999.9	3	44	-9999.9	54	-9999.9	3	16.5	3
2025 12 30 21	0.23	0.21	3.6	3.8	5.5	0.36	-9999.9	3	55	-9999.9	55	-9999.9	3	16.5	3
2025 12 30 22	0.23	0.22	4.1	4.2	5.2	0.36	-9999.9	3	56	-9999.9	48	-9999.9	3	16.5	3
2025 12 30 23	0.17	0.17	3.9	4.1	6.0	0.3	-9999.9	3	69	-9999.9	50	-9999.9	3	16.7	3
2025 12 31 00	0.14	0.14	3.5	3.7	5.9	0.24	-9999.9	3	76	-9999.9	59	-9999.9	3	17.0	3
2025 12 31 01	0.13	0.13	3.6	3.8	5.4	0.23	-9999.9	3	63	-9999.9	54	-9999.9	3	17.0	3
2025 12 31 02	0.12	0.12	3.2	3.4	6.0	0.18	-9999.9	3	71	-9999.9	57	-9999.9	3	17.1	3
2025 12 31 03	0.12	0.12	3.0	3.2	3.7	0.22	-9999.9	3	42	-9999.9	58	-9999.9	3	17.1	3
2025 12 31 04	0.16	0.15	3.3	3.5	3.8	0.25	-9999.9	3	15	-9999.9	44	-9999.9	3	17.1	3
2025 12 31 05	0.13	0.13	3.1	3.2	4.0	0.23	-9999.9	3	28	-9999.9	55	-9999.9	3	17.1	3
2025 12 31 06	0.16	0.16	2.5	2.6	3.8	0.24	-9999.9	3	57	-9999.9	55	-9999.9	3	17.1	3
2025 12 31 07	0.2	0.18	2.5	2.6	4.2	0.35	-9999.9	3	52	-9999.9	48	-9999.9	3	17.1	3
2025 12 31 08	0.17	0.17	2.7	2.8	4.0	0.29	-9999.9	3	39	-9999.9	49	-9999.9	3	17.1	3
2025 12 31 09	0.16	0.15	2.6	2.7	3.9	0.26	-9999.9	3	41	-9999.9	52	-9999.9	3	17.2	3
2025 12 31 10	0.16	0.15	2.7	2.8	3.7	0.32	-9999.9	3	54	-9999.9	52	-9999.9	3	17.2	3
2025 12 31 11	0.14	0.13	2.4	2.6	3.5	0.33	-9999.9	3	95	-9999.9	58	-9999.9	3	17.3	3
2025 12 31 12	0.16	0.16	2.4	2.4	2.8	0.29	-9999.9	3	91	-9999.9	50	-9999.9	3	17.3	3
2025 12 31 13	0.14	0.14	2.4	2.4	2.3	0.25	-9999.9	3	96	-9999.9	55	-9999.9	3	17.3	3
2025 12 31 14	0.15	0.14	2.5	2.5	3.3	0.22	-9999.9	3	92	-9999.9	52	-9999.9	3	17.3	3
2025 12 31 15	0.13	0.13	2.2	2.4	2.6	0.27	-9999.9	3	87	-9999.9	52	-9999.9	3	17.4	3
2025 12 31 16	0.15	0.15	2.1	2.3	2.1	0.25	-9999.9	3	102	-9999.9	43	-9999.9	3	17.3	3
2025 12 31 17	0.25	0.24	2.1	2.2	2.2	0.39	-9999.9	3	133	-9999.9	32	-9999.9	3	17.3	3
2025 12 31 18	0.26	0.26	2.2	2.3	2.6	0.47	-9999.9	3	122	-9999.9	36	-9999.9	3	17.3	3
2025 12 31 19	0.24	0.24	2.2	2.3	2.4	0.41	-9999.9	3	111	-9999.9	41	-9999.9	3	17.3	3
2025 12 31 20	0.21	0.21	2.1	2.2	2.3	0.34	-9999.9	3	119	-9999.9	42	-9999.9	3	17.3	3
2025 12 31 21	0.2	0.2	2.0	2.2	2.3	0.38	-9999.9	3	114	-9999.9	42	-9999.9	3	17.3	3
2025 12 31 22	0.18	0.18	2.1	2.2	2.3	0.39	-9999.9	3	118	-9999.9	40	-9999.9	3	17.3	3
2025 12 31 23	0.17	0.17	2.2	2.3	2.3	0.31	-9999.9	3	121	-9999.9	43	-9999.9	3	17.3	3
2026 01 01 00	0.13	0.13	2.2	2.4	2.3	0.23	-9999.9	3	102	-9999.9	49	-9999.9	3	17.3	3
2026 01 01 01	0.11	0.11	2.4	2.7	4.3	0.18	-9999.9	3	85	-9999.9	51	-9999.9	3	17.3	3
2026 01 01 02	0.1	0.11	2.1	2.4	3.1	0.17	-9999.9	3	87	-9999.9	50	-9999.9	3	17.3	3
2026 01 01 03	0.27	0.28	2.1	2.2	2.4	0.57	-9999.9	3	72	-9999.9	39	-9999.9	3	17.3	3
2026 01 01 04	0.31	0.31	2.1	2.3	2.7	0.5	-9999.9	3	78	-9999.9	46	-9999.9	3	17.3	3
2026 01 01 05	0.26	0.26	2.1	2.2	2.5	0.42	-9999.9	3	93	-9999.9	47	-9999.9	3	17.3	3
2026 01 01 06	0.25	0.25	2.2	2.3	2.4	0.47	-9999.9	3	84	-9999.9	47	-9999.9	3	17.2	3
2026 01 01 07	0.31	0.3	2.4	2.5	2.8	0.51	-9999.9	3	66	-9999.9	47	-9999.9	3	17.2	3
2026 01 01 08	0.35	0.34	2.3	2.5	2.9	0.55	-9999.9	3	69	-9999.9	48	-9999.9	3	17.2	3
2026 01 01 09	0.32	0.31	2.6	2.7	3.4	0.46	-9999.9	3	66	-9999.9	48	-9999.9	3	17.3	3
2026 01 01 10	0.31	0.3	2.7	2.7	3.9	0.44	-9999.9	3	66	-9999.9	48	-9999.9	3	17.3	3
2026 01 01 11	0.29	0.28	2.8	2.9	3.8	0.5	-9999.9	3	59	-9999.9	52	-9999.9	3	17.4	3
2026 01 01 12	0.34	0.33	2.9	3.0	3.8	0.58	-9999.9	3	57	-9999.9	52	-9999.9	3	17.5	3
2026 01 01 13	0.39	0.38	3.2	3.3	4.6	0.71	-9999.9	3	56	-9999.9	50	-9999.9	3	17.6	3
2026 01 01 14	0.39	0.37	2.9	3.1	4.4	0.76	-9999.9	3	52	-9999.9	52	-9999.9	3	17.5	3
2026 01 01 15	0.4	0.38	2.9	3.1	4.4	0.78	-9999.9	3	53	-9999.9	51	-9999.9	3	17.5	3
2026 01 01 16	0.41	0.39	2.9	3.1	4.3	0.68	-9999.9	3	52	-9999.9	50	-9999.9	3	17.5	3
2026 01 01 17	0.4	0.37	2.7	2.9	4.4	0.88	-9999.9	3	61	-9999.9	51	-9999.9	3	17.4	3
2026 01 01 18	0.43	0.41	2.8	3.0	4.5	0.66	-9999.9	3	54	-9999.9	50	-9999.9	3	17.4	3
2026 01 01 19	0.47	0.46	3.0	3.1	4.7	0.84	-9999.9	3	51	-9999.9	48	-9999.9	3	17.4	3
2026 01 01 20	0.51	0.49	3.1	3.2	4.7	0.86	-9999.9	3	54	-9999.9	49	-9999.9	3	17.4	3
2026 01 01 21	0.53	0.51	3.1	3.2	4.6	0.9	-9999.9	3	58	-9999.9	48	-9999.9	3	17.4	3
2026 01 01 22	0.58	0.56	3.4	3.5	4.8	1.13	-9999.9	3	57	-9999.9	46	-9999.9	3	17.4	3
2026 01 01 23	0.52	0.5	3.3	3.4	4.9	0.9	-9999.9	3	60	-9999.9	50	-9999.9	3	17.4	3
2026 01 02 00	0.55	0.52	3.5	3.6	4.9	1.08	-9999.9	3	59	-9999.9	47	-9999.9	3	17.4	3
2026 01 02 01	0.54	0.51	3.6	3.7	4.8	0.95	-9999.9	3	60	-9999.9	46	-9999.9	3	17.3	3
2026 01 02 02	0.46	0.44	3.5	3.6	5.0	0.69	-9999.9	3	58	-9999.9	48	-9999.9	3	17.3	3
2026 01 02 03	0.46	0.43	3.6	3.7	4.9	0.67	-9999.9	3	61	-9999.9	46	-9999.9	3	17.3	3
2026 01 02 04	0.43	0.42	3.6	3.7	5.0	0.66	-9999.9	3	58	-9999.9	50	-9999.9	3	17.3	3
2026 01 02 05	0.44	0.42	3.4	3.7	5.2	0.7	-9999.9	3	56	-9999.9	46	-9999.9	3	17.3	3
2026 01 02 06	0.48	0.47	3.8	3.9	5.0	0.8	-9999.9	3	58	-9999.9	44	-9999.9	3	17.3	3
2026 01 02 07	0.48	0.46	3.8	3.9	5.2	0.79	-9999.9	3	55	-9999.9	45	-9999.9	3	17.3	3
2026 01 02 08	0.49	0.46	3.8	3.9	5.1	0.77	-9999.9	3	57	-9999.9	48	-9999.9	3	17.2	3
2026 01 02 09	0.48	0.44	3.8	3.9	7.9	0.77	-9999.9	3	55	-9999.9	49	-9999.9	3	17.2	3
2026 01 02 10	0.48	0.46	4.0	4.0	5.1	0.67	-9999.9	3	51	-9999.9	46	-9999.9	3	17.2	3
2026 01 02 11	0.52	0.49	4.2	4.2	8.6	0.79	-9999.9	3	54	-9999.9	53	-9999.9	3	17.3	3
2026 01 02 12	0.49	0.47	3.9	4.1	8.2	0.73	-9999.9	3	58	-9999.9	47	-9999.9	3	17.4	3
2026 01 02 13	0.51	0.48	4.0	4.1	8.3	0.91	-9999.9	3	56	-9999.9	48	-9999.9	3	17.5	3
2026 01 02 14	0.54	0.51	4.0	4.1	8.4	0.85	-9999.9	3	50	-9999.9	46	-9999.9	3	17.4	3
2026 01 02 15	0.55	0.52	3.9	4.0	8.4	0.84	-9999.9	3	57	-9999.9	46	-9999.9	3	17.4	3
2026 01 02 16	0.48	0.46	3.7	3.8	7.5	0.76	-9999.9	3	58	-9999.9	46	-9999.9	3	17.3	3
2026 01 02 17	0.48	0.44	3.7	3.8	8.0	0.77	-9999.9	3	60	-9999.9	49	-9999.9	3	17.3	3
2026 01 02 18	0.49	0.47	3.7	3.8	8.1	0.75	-9999.9	3	61	-9999.9	46	-9999.9	3	17.2	3
2026 01 02 19	0.51	0.48	3.5	3.6	5.6	0.84	-9999.9	3	60	-9999.9	45	-9999.9	3	17.1	3
2026 01 02 20	0.48	0.45	3.5	3.6	7.1	0.8	-9999.9	3	60	-9999.9	47	-9999.9	3	17.1	3
2026 01 02 21	0.48	0.46	3.3	3.5	5.0	0.83	-9999.9	3	61	-9999.9	46	-9999.9	3	17.2	3
2026 01 02 22	0.5	0.48	3.4	3.4	5.8	0.81	-9999.9	3	62	-9999.9	47	-9999.9	3	17.1	3
2026 01 02 23	0.5	0.47	3.5	3.5	7.1	0.76	-9999.9	3	57	-9999.9	47	-9999.9	3	17.1	3
2026 01 03 00	0.53	0.5	3.5	3.7	5.0	0.84	-9999.9	3	58	-9999.9	49	-9999.9	3	17.1	3
2026 01 03 01	0.68	0.66	3.9	3.9	4.5	1.15	-9999.9	3	54	-9999.9	44	-9999.9	3	17.1	3
2026 01 03 02	0.69	0.66	3.4	3.6	4.4	1.24	-9999.9	3	52	-9999.9	47	-9999.9	3	17.0	3
2026 01 03 03	0.53	0.52	3.5	3.8	4.6	0.93	-9999.9	3	47	-9999.9	48	-9999.9	3	17.0	3
2026 01 03 04	0.5	0.49	3.6	4.0	4.9	0.81	-9999.9	3	43	-9999.9	46	-9999.9	3	17.0	3
2026 01 03 05	0.44	0.43	3.8	4.2	5.2	0.68	-9999.9	3	48	-9999.9	53	-9999.9	3	16.9	3
2026 01 03 06	0.4	0.4	3.8	4.3	5.2	0.73	-9999.9	3	46	-9999.9	47	-9999.9	3	16.9	3
2026 01 03 07	0.38	0.37	4.3	4.6	5.2	0.69	-9999.9	3	43	-9999.9	46	-9999.9	3	16.9	3
2026 01 03 08	0.42	0.43	4.3	4.4	5.4	0.72	-9999.9	3	38	-9999.9	48	-9999.9	3	16.9	3
2026 01 03 09	0.46	0.45	4.1	4.2	5.4	0.7	-9999.9	3	36	-9999.9	48	-9999.9	3	16.9	3
2026 01 03 10	0.49	0.49	4.1	4.2	5.6	0.82	-9999.9	3	28	-9999.9	45	-9999.9	3	16.9	3
2026 01 03 11	0.54	0.53	4.3	4.4	5.4	0.92	-9999.9	3	27	-9999.9	43	-9999.9	3	16.9	3
2026 01 03 12	0.52	0.51	4.1	4.3	5.3	0.81	-9999.9	3	23	-9999.9	44	-9999.9	3	17.0	3
2026 01 03 13	0.45	0.44	3.9	4.0	5.1	0.78	-9999.9	3	24	-9999.9	46	-9999.9	3	17.0	3
2026 01 03 14	0.42	0.42	4.0	4.1	5.1	0.66	-9999.9	3	25	-9999.9	50	-9999.9	3	17.1	3
2026 01 03 15	0.4	0.39	4.0	4.0	5.1	0.62	-9999.9	3	35	-9999.9	49	-9999.9	3	17.2	3
2026 01 03 16	0.42	0.41	3.8	3.9	5.0	0.77	-9999.9	3	33	-9999.9	46	-9999.9	3	17.2	3
2026 01 03 17	0.39	0.38	3.7	3.9	4.9	0.65	-9999.9	3	40	-9999.9	49	-9999.9	3	17.1	3
2026 01 03 18	0.37	0.36	3.7	3.8	4.9	0.68	-9999.9	3	36	-9999.9	48	-9999.9	3	17.0	3
2026 01 03 19	0.39	0.37	3.7	3.8	5.0	0.64	-9999.9	3	37	-9999.9	49	-9999.9	3	17.0	3
2026 01 03 20	0.41	0.41	3.8	3.8	4.8	0.74	-9999.9	3	37	-9999.9	48	-9999.9	3	17.0	3
2026 01 03 21	0.43	0.42	3.8	3.9	4.6	0.74	-9999.9	3	42	-9999.9	44	-9999.9	3	17.0	3
2026 01 03 22	0.4	0.39	3.6	3.7	4.6	0.75	-9999.9	3	46	-9999.9	49	-9999.9	3	17.0	3
2026 01 03 23	0.42	0.41	3.7	3.8	4.6	0.75	-9999.9	3	45	-9999.9	46	-9999.9	3	17.0	3
2026 01 04 00	0.39	0.38	3.6	3.7	4.8	0.68	-9999.9	3	48	-9999.9	47	-9999.9	3	17.0	3
2026 01 04 01	0.42	0.4	3.6	3.7	4.6	0.68	-9999.9	3	57	-9999.9	45	-9999.9	3	17.0	3
2026 01 04 02	0.41	0.41	3.7	3.8	4.6	0.67	-9999.9	3	52	-9999.9	49	-9999.9	3	17.0	3
2026 01 04 03	0.41	0.4	3.7	3.8	4.7	0.73	-9999.9	3	46	-9999.9	47	-9999.9	3	17.0	3
2026 01 04 04	0.46	0.45	3.9	4.0	4.9	0.74	-9999.9	3	48	-9999.9	43	-9999.9	3	17.0	3
2026 01 04 05	0.51	0.5	3.9	4.1	5.1	0.88	-9999.9	3	51	-9999.9	47	-9999.9	3	16.9	3
2026 01 04 06	0.5	0.49	3.7	3.9	5.3	0.85	-9999.9	3	57	-9999.9	47	-9999.9	3	16.9	3
2026 01 04 07	0.58	0.56	3.2	3.5	5.4	0.92	-9999.9	3	63	-9999.9	42	-9999.9	3	16.9	3
2026 01 04 08	0.59	0.57	3.6	3.8	5.3	1.04	-9999.9	3	57	-9999.9	45	-9999.9	3	16.9	3
2026 01 04 09	0.63	0.61	3.2	3.2	5.0	1.01	-9999.9	3	65	-9999.9	44	-9999.9	3	16.9	3
2026 01 04 10	0.63	0.62	3.3	3.3	5.1	1.03	-9999.9	3	62	-9999.9	42	-9999.9	3	16.9	3
2026 01 04 11	0.64	0.62	3.3	3.5	5.3	1.16	-9999.9	3	66	-9999.9	46	-9999.9	3	16.9	3
2026 01 04 12	0.63	0.61	3.2	3.4	5.1	1.24	-9999.9	3	59	-9999.9	47	-9999.9	3	16.9	3
2026 01 04 13	0.68	0.67	3.5	3.6	5.2	1.11	-9999.9	3	60	-9999.9	42	-9999.9	3	16.9	3
2026 01 04 14	0.69	0.66	3.4	3.5	5.4	1.12	-9999.9	3	60	-9999.9	48	-9999.9	3	16.9	3
2026 01 04 15	0.83	0.79	3.2	3.4	5.3	1.24	-9999.9	3	60	-9999.9	46	-9999.9	3	17.0	3
2026 01 04 16	0.96	0.94	3.5	3.4	4.9	1.9	-9999.9	3	63	-9999.9	44	-9999.9	3	17.0	3
2026 01 04 17	1.03	0.99	3.6	3.6	5.3	1.69	-9999.9	3	62	-9999.9	46	-9999.9	3	16.9	3
2026 01 04 18	1.07	1.02	3.7	3.7	5.6	2.12	-9999.9	3	61	-9999.9	43	-9999.9	3	16.9	3
2026 01 04 19	1.16	1.11	3.9	3.9	5.8	1.83	-9999.9	3	56	-9999.9	42	-9999.9	3	16.9	3
2026 01 04 20	1.18	1.14	4.0	4.0	5.6	1.83	-9999.9	3	63	-9999.9	42	-9999.9	3	16.9	3
2026 01 04 21	1.12	1.09	4.1	4.0	5.7	1.86	-9999.9	3	56	-9999.9	40	-9999.9	3	16.9	3
2026 01 04 22	1.13	1.11	4.3	4.2	5.7	2.09	-9999.9	3	56	-9999.9	43	-9999.9	3	16.9	3
2026 01 04 23	1.0	0.98	4.4	4.4	6.0	1.56	-9999.9	3	52	-9999.9	40	-9999.9	3	16.9	3
2026 01 05 00	0.94	0.93	4.6	4.6	5.9	1.51	-9999.9	3	53	-9999.9	43	-9999.9	3	16.9	3
2026 01 05 01	0.87	0.83	4.6	4.6	5.9	1.54	-9999.9	3	46	-9999.9	44	-9999.9	3	16.9	3
2026 01 05 02	0.7	0.69	4.7	4.8	6.0	1.21	-9999.9	3	49	-9999.9	41	-9999.9	3	16.9	3
2026 01 05 03	0.43	0.4	2.8	3.3	6.2	0.7	-9999.9	3	38	-9999.9	48	-9999.9	3	16.9	3
2026 01 05 04	0.55	0.5	3.2	3.7	6.6	0.86	-9999.9	3	27	-9999.9	47	-9999.9	3	16.9	3
2026 01 05 05	0.93	0.84	3.5	3.6	6.8	1.48	-9999.9	3	19	-9999.9	46	-9999.9	3	16.9	3
2026 01 05 06	1.35	1.28	4.7	4.7	7.7	2.11	-9999.9	3	27	-9999.9	45	-9999.9	3	16.9	3
2026 01 05 07	1.84	1.84	5.4	5.5	8.0	2.87	-9999.9	3	37	-9999.9	47	-9999.9	3	16.9	3
2026 01 05 08	1.85	1.81	5.8	5.6	8.3	3.56	-9999.9	3	46	-9999.9	43	-9999.9	3	16.9	3
2026 01 05 09	2.01	1.94	6.2	5.9	8.6	3.46	-9999.9	3	50	-9999.9	46	-9999.9	3	16.8	3
2026 01 05 10	2.08	2.01	5.6	5.8	8.8	3.69	-9999.9	3	54	-9999.9	46	-9999.9	3	16.9	3
2026 01 05 11	2.49	2.4	6.3	6.2	9.0	4.24	-9999.9	3	56	-9999.9	41	-9999.9	3	16.9	3
2026 01 05 12	2.34	2.3	6.2	5.9	9.5	3.22	-9999.9	3	62	-9999.9	45	-9999.9	3	16.9	3
2026 01 05 13	2.32	2.23	5.9	5.9	9.5	3.85	-9999.9	3	58	-9999.9	42	-9999.9	3	16.9	3
2026 01 05 14	2.32	2.27	6.1	6.1	9.3	3.33	-9999.9	3	62	-9999.9	42	-9999.9	3	16.9	3
2026 01 05 15	2.19	2.16	6.2	6.1	9.3	3.31	-9999.9	3	67	-9999.9	45	-9999.9	3	16.9	3
2026 01 05 16	2.28	2.25	6.7	6.4	9.6	3.54	-9999.9	3	63	-9999.9	44	-9999.9	3	16.9	3
2026 01 05 17	2.37	2.29	6.5	6.6	9.3	3.99	-9999.9	3	61	-9999.9	46	-9999.9	3	16.9	3
2026 01 05 18	2.38	2.31	6.8	6.7	9.3	4.42	-9999.9	3	67	-9999.9	50	-9999.9	3	16.9	3
2026 01 05 19	2.22	2.23	6.6	6.7	9.3	3.39	-9999.9	3	60	-9999.9	46	-9999.9	3	16.9	3
2026 01 05 20	2.31	2.29	6.9	6.8	9.3	4.38	-9999.9	3	54	-9999.9	40	-9999.9	3	16.8	3
2026 01 05 21	2.29	2.27	6.6	6.8	8.9	3.79	-9999.9	3	50	-9999.9	42	-9999.9	3	16.8	3
2026 01 05 22	2.26	2.22	6.9	6.8	9.5	3.36	-9999.9	3	50	-9999.9	43	-9999.9	3	16.8	3
2026 01 05 23	1.93	1.94	6.9	6.6	9.2	2.9	-9999.9	3	42	-9999.9	42	-9999.9	3	16.8	3
2026 01 06 00	1.92	1.9	5.9	6.0	8.8	3.31	-9999.9	3	35	-9999.9	44	-9999.9	3	16.8	3
2026 01 06 01	2.0	1.98	6.4	6.1	8.7	3.25	-9999.9	3	42	-9999.9	47	-9999.9	3	16.7	3
2026 01 06 02	1.89	1.82	6.6	6.3	8.7	2.88	-9999.9	3	54	-9999.9	51	-9999.9	3	16.7	3
2026 01 06 03	1.8	1.78	6.3	6.5	8.7	2.65	-9999.9	3	52	-9999.9	47	-9999.9	3	16.7	3
2026 01 06 04	1.68	1.64	6.3	6.1	8.6	2.68	-9999.9	3	49	-9999.9	48	-9999.9	3	16.7	3
2026 01 06 05	1.52	1.43	5.7	5.9	9.0	2.82	-9999.9	3	63	-9999.9	53	-9999.9	3	16.7	3
2026 01 06 06	1.34	1.31	5.3	5.5	9.0	2.37	-9999.9	3	62	-9999.9	52	-9999.9	3	16.7	3
2026 01 06 07	1.36	1.31	5.5	5.5	8.9	2.26	-9999.9	3	62	-9999.9	46	-9999.9	3	16.6	3
2026 01 06 08	1.28	1.22	4.8	5.1	8.7	2.77	-9999.9	3	61	-9999.9	46	-9999.9	3	16.6	3
2026 01 06 09	1.23	1.16	4.9	5.0	8.5	2.24	-9999.9	3	60	-9999.9	45	-9999.9	3	16.6	3
2026 01 06 10	1.13	1.07	4.5	4.8	8.4	1.98	-9999.9	3	54	-9999.9	43	-9999.9	3	16.7	3
2026 01 06 11	1.07	0.99	4.6	4.7	8.3	1.97	-9999.9	3	55	-9999.9	50	-9999.9	3	16.7	3
2026 01 06 12	0.9	0.86	4.4	4.5	8.1	1.61	-9999.9	3	43	-9999.9	51	-9999.9	3	16.7	3
2026 01 06 13	1.09	1.03	4.8	4.9	8.0	1.58	-9999.9	3	48	-9999.9	51	-9999.9	3	16.7	3
2026 01 06 14	1.3	1.3	5.1	5.1	8.3	1.93	-9999.9	3	43	-9999.9	49	-9999.9	3	16.7	3
2026 01 06 15	1.43	1.4	5.4	5.4	8.1	2.23	-9999.9	3	41	-9999.9	45	-9999.9	3	16.6	3
2026 01 06 16	1.54	1.5	5.4	5.7	7.8	2.73	-9999.9	3	41	-9999.9	44	-9999.9	3	16.6	3
2026 01 06 17	1.61	1.59	5.7	5.6	8.1	2.34	-9999.9	3	44	-9999.9	47	-9999.9	3	16.6	3
2026 01 06 18	1.63	1.61	5.7	5.6	8.3	2.58	-9999.9	3	51	-9999.9	48	-9999.9	3	16.6	3
2026 01 06 19	1.52	1.48	5.4	5.3	8.5	2.47	-9999.9	3	59	-9999.9	50	-9999.9	3	16.6	3
2026 01 06 20	1.48	1.41	5.2	5.2	8.1	2.21	-9999.9	3	50	-9999.9	50	-9999.9	3	16.5	3
2026 01 06 21	1.46	1.45	5.5	5.5	8.0	2.23	-9999.9	3	52	-9999.9	54	-9999.9	3	16.5	3
2026 01 06 22	1.68	1.64	5.9	6.1	8.3	2.65	-9999.9	3	54	-9999.9	49	-9999.9	3	16.5	3
2026 01 06 23	1.5	1.46	5.5	5.6	8.3	2.21	-9999.9	3	55	-9999.9	51	-9999.9	3	16.5	3
2026 01 07 00	1.6	1.56	6.1	6.1	8.8	2.41	-9999.9	3	60	-9999.9	49	-9999.9	3	16.4	3
2026 01 07 01	1.34	1.33	5.7	5.7	8.2	2.11	-9999.9	3	58	-9999.9	47	-9999.9	3	16.5	3
2026 01 07 02	1.1	1.06	4.9	5.0	8.6	1.83	-9999.9	3	60	-9999.9	54	-9999.9	3	16.5	3
2026 01 07 03	1.08	1.06	5.1	5.2	8.4	1.86	-9999.9	3	61	-9999.9	50	-9999.9	3	16.4	3
2026 01 07 04	1.11	1.07	5.3	5.4	7.2	1.73	-9999.9	3	66	-9999.9	52	-9999.9	3	16.5	3
2026 01 07 05	1.21	1.2	5.3	5.4	7.7	2.13	-9999.9	3	63	-9999.9	45	-9999.9	3	16.4	3
2026 01 07 06	1.26	1.24	5.7	5.6	8.0	1.8	-9999.9	3	67	-9999.9	47	-9999.9	3	16.4	3
2026 01 07 07	1.17	1.15	5.5	5.6	8.1	1.82	-9999.9	3	64	-9999.9	44	-9999.9	3	16.4	3
2026 01 07 08	1.02	0.98	5.0	5.5	8.2	1.54	-9999.9	3	63	-9999.9	44	-9999.9	3	16.4	3
2026 01 07 09	0.9	0.84	4.4	4.7	7.9	1.48	-9999.9	3	52	-9999.9	47	-9999.9	3	16.5	3
2026 01 07 10	0.87	0.8	3.9	4.1	7.8	1.35	-9999.9	3	43	-9999.9	47	-9999.9	3	16.5	3
2026 01 07 11	0.83	0.78	3.9	4.0	7.6	1.27	-9999.9	3	43	-9999.9	46	-9999.9	3	16.5	3
2026 01 07 12	0.76	0.71	4.0	4.1	7.4	1.58	-9999.9	3	43	-9999.9	47	-9999.9	3	16.5	3
2026 01 07 13	0.68	0.63	3.9	4.1	8.0	1.16	-9999.9	3	43	-9999.9	48	-9999.9	3	16.5	3
2026 01 07 14	0.69	0.65	3.9	4.1	7.5	1.11	-9999.9	3	33	-9999.9	47	-9999.9	3	16.5	3
2026 01 07 15	0.66	0.62	4.0	4.3	7.5	1.1	-9999.9	3	36	-9999.9	49	-9999.9	3	16.5	3
2026 01 07 16	0.64	0.62	3.8	4.0	7.0	1.05	-9999.9	3	27	-9999.9	45	-9999.9	3	16.5	3
2026 01 07 17	0.67	0.63	3.8	4.1	6.8	0.93	-9999.9	3	29	-9999.9	47	-9999.9	3	16.5	3
2026 01 07 18	0.71	0.68	3.7	3.9	7.1	1.35	-9999.9	3	25	-9999.9	48	-9999.9	3	16.5	3
2026 01 07 19	0.66	0.59	3.4	3.7	7.0	0.88	-9999.9	3	22	-9999.9	47	-9999.9	3	16.5	3
2026 01 07 20	0.68	0.63	3.6	3.8	7.9	1.11	-9999.9	3	28	-9999.9	49	-9999.9	3	16.5	3
2026 01 07 21	0.56	0.53	3.6	3.7	7.2	0.8	-9999.9	3	24	-9999.9	47	-9999.9	3	16.4	3
2026 01 07 22	0.59	0.54	3.7	4.1	8.7	0.82	-9999.9	3	30	-9999.9	46	-9999.9	3	16.4	3
2026 01 07 23	0.58	0.54	3.8	3.9	8.2	0.87	-9999.9	3	32	-9999.9	47	-9999.9	3	16.4	3
2026 01 08 00	0.59	0.56	4.0	3.9	7.6	0.88	-9999.9	3	35	-9999.9	50	-9999.9	3	16.4	3
2026 01 08 01	0.57	0.53	4.0	4.1	8.8	0.85	-9999.9	3	43	-9999.9	52	-9999.9	3	16.4	3
2026 01 08 02	0.53	0.5	3.9	4.0	7.3	0.81	-9999.9	3	42	-9999.9	50	-9999.9	3	16.3	3
2026 01 08 03	0.53	0.49	4.2	4.4	8.1	0.8	-9999.9	3	48	-9999.9	51	-9999.9	3	16.3	3
2026 01 08 04	0.5	0.47	3.9	4.3	7.9	0.77	-9999.9	3	45	-9999.9	54	-9999.9	3	16.5	3
2026 01 08 05	0.45	0.42	4.0	4.2	8.2	0.69	-9999.9	3	50	-9999.9	53	-9999.9	3	16.5	3
2026 01 08 06	0.47	0.44	4.5	4.5	8.1	0.77	-9999.9	3	47	-9999.9	55	-9999.9	3	16.5	3
2026 01 08 07	0.49	0.46	4.3	4.3	8.2	0.72	-9999.9	3	45	-9999.9	52	-9999.9	3	16.5	3
2026 01 08 08	0.55	0.51	4.1	4.2	6.0	0.95	-9999.9	3	39	-9999.9	50	-9999.9	3	16.5	3
2026 01 08 09	0.53	0.49	4.1	4.3	6.0	0.76	-9999.9	3	38	-9999.9	50	-9999.9	3	16.5	3
2026 01 08 10	0.56	0.53	4.3	4.2	6.0	0.99	-9999.9	3	42	-9999.9	45	-9999.9	3	16.6	3
2026 01 08 11	0.61	0.58	4.3	4.4	5.9	0.89	-9999.9	3	43	-9999.9	44	-9999.9	3	16.6	3
2026 01 08 12	0.49	0.48	3.9	4.2	5.6	0.77	-9999.9	3	51	-9999.9	47	-9999.9	3	16.7	3
2026 01 08 13	0.41	0.39	4.2	4.6	6.3	0.6	-9999.9	3	53	-9999.9	52	-9999.9	3	16.7	3
2026 01 08 14	0.38	0.35	4.3	4.5	7.2	0.57	-9999.9	3	53	-9999.9	52	-9999.9	3	16.8	3
2026 01 08 15	0.37	0.35	3.5	3.8	8.3	0.53	-9999.9	3	65	-9999.9	56	-9999.9	3	16.8	3
2026 01 08 16	0.35	0.32	3.4	3.7	7.6	0.51	-9999.9	3	60	-9999.9	54	-9999.9	3	16.8	3
2026 01 08 17	0.36	0.33	3.7	3.7	8.4	0.5	-9999.9	3	58	-9999.9	52	-9999.9	3	16.7	3
2026 01 08 18	0.34	0.31	3.7	3.8	7.2	0.48	-9999.9	3	49	-9999.9	51	-9999.9	3	16.7	3
2026 01 08 19	0.35	0.33	3.9	4.0	5.5	0.59	-9999.9	3	51	-9999.9	50	-9999.9	3	16.7	3
2026 01 08 20	0.33	0.32	4.0	4.1	5.4	0.56	-9999.9	3	47	-9999.9	49	-9999.9	3	16.6	3
2026 01 08 21	0.32	0.31	4.2	4.5	5.6	0.57	-9999.9	3	44	-9999.9	52	-9999.9	3	16.6	3
2026 01 08 22	0.28	0.26	4.5	4.5	6.4	0.45	-9999.9	3	46	-9999.9	52	-9999.9	3	16.6	3
2026 01 08 23	0.27	0.26	4.3	4.3	5.3	0.45	-9999.9	3	37	-9999.9	49	-9999.9	3	16.6	3
2026 01 09 00	0.29	0.27	3.9	3.9	5.0	0.47	-9999.9	3	34	-9999.9	50	-9999.9	3	16.5	3
2026 01 09 01	0.28	0.26	4.0	4.0	4.8	0.43	-9999.9	3	22	-9999.9	49	-9999.9	3	16.6	3
2026 01 09 02	0.3	0.28	3.8	4.0	4.8	0.47	-9999.9	3	20	-9999.9	47	-9999.9	3	16.5	3
2026 01 09 03	0.28	0.27	3.7	3.6	4.4	0.47	-9999.9	3	22	-9999.9	48	-9999.9	3	16.5	3
2026 01 09 04	0.28	0.26	3.5	3.6	4.7	0.46	-9999.9	3	28	-9999.9	52	-9999.9	3	16.6	3
2026 01 09 05	0.29	0.28	3.7	3.7	6.3	0.45	-9999.9	3	24	-9999.9	50	-9999.9	3	16.6	3
2026 01 09 06	0.34	0.32	3.4	3.7	6.0	0.58	-9999.9	3	18	-9999.9	46	-9999.9	3	16.5	3
2026 01 09 07	0.34	0.32	2.8	3.2	6.4	0.58	-9999.9	3	9	-9999.9	48	-9999.9	3	16.5	3
2026 01 09 08	0.4	0.39	3.3	4.0	6.9	0.75	-9999.9	3	12	-9999.9	44	-9999.9	3	16.5	3
2026 01 09 09	0.44	0.43	3.5	4.0	6.6	0.68	-9999.9	3	5	-9999.9	45	-9999.9	3	16.5	3
2026 01 09 10	0.44	0.42	3.3	4.0	7.2	0.86	-9999.9	3	11	-9999.9	46	-9999.9	3	16.6	3
2026 01 09 11	0.39	0.38	4.0	4.6	6.4	0.55	-9999.9	3	21	-9999.9	52	-9999.9	3	16.6	3
2026 01 09 12	0.4	0.39	3.1	3.6	6.8	0.72	-9999.9	3	15	-9999.9	46	-9999.9	3	16.5	3
2026 01 09 13	0.41	0.4	2.8	3.2	6.6	0.69	-9999.9	3	8	-9999.9	46	-9999.9	3	16.6	3
2026 01 09 14	0.38	0.38	3.2	4.0	6.4	0.71	-9999.9	3	15	-9999.9	49	-9999.9	3	16.6	3
2026 01 09 15	0.37	0.35	3.1	4.0	6.2	0.62	-9999.9	3	20	-9999.9	51	-9999.9	3	16.6	3
2026 01 09 16	0.41	0.38	3.1	3.7	7.5	0.65	-9999.9	3	11	-9999.9	44	-9999.9	3	16.6	3
2026 01 09 17	0.4	0.38	3.3	3.7	5.7	0.68	-9999.9	3	18	-9999.9	49	-9999.9	3	16.6	3
2026 01 09 18	0.43	0.41	3.0	3.2	7.5	0.69	-9999.9	3	4	-9999.9	43	-9999.9	3	16.5	3
2026 01 09 19	0.44	0.41	2.9	3.2	6.2	0.69	-9999.9	3	7	-9999.9	43	-9999.9	3	16.5	3
2026 01 09 20	0.42	0.4	3.4	3.7	6.3	0.58	-9999.9	3	14	-9999.9	45	-9999.9	3	16.5	3
2026 01 09 21	0.51	0.47	3.1	3.3	7.3	0.77	-9999.9	3	8	-9999.9	38	-9999.9	3	16.5	3
2026 01 09 22	0.58	0.54	2.9	3.0	4.9	0.82	-9999.9	3	353	-9999.9	36	-9999.9	3	16.5	3
2026 01 09 23	0.53	0.48	3.1	3.1	7.6	0.73	-9999.9	3	354	-9999.9	37	-9999.9	3	16.5	3
2026 01 10 00	0.48	0.45	3.4	3.4	7.5	0.82	-9999.9	3	14	-9999.9	43	-9999.9	3	16.5	3
2026 01 10 01	0.61	0.57	3.0	3.0	3.0	0.91	-9999.9	3	344	-9999.9	32	-9999.9	3	16.5	3
2026 01 10 02	0.54	0.51	2.7	2.8	3.1	0.97	-9999.9	3	342	-9999.9	31	-9999.9	3	16.4	3
2026 01 10 03	0.54	0.51	2.7	2.7	2.9	0.83	-9999.9	3	343	-9999.9	33	-9999.9	3	16.5	3
2026 01 10 04	0.55	0.52	2.5	2.6	2.7	0.78	-9999.9	3	336	-9999.9	34	-9999.9	3	16.4	3
2026 01 10 05	0.47	0.43	2.5	2.7	5.6	0.64	-9999.9	3	347	-9999.9	39	-9999.9	3	16.4	3
2026 01 10 06	0.51	0.47	2.8	3.1	6.5	0.91	-9999.9	3	5	-9999.9	43	-9999.9	3	16.3	3
2026 01 10 07	0.4	0.37	2.5	2.9	6.9	0.63	-9999.9	3	2	-9999.9	47	-9999.9	3	16.4	3
2026 01 10 08	0.44	0.41	2.7	3.1	6.8	0.64	-9999.9	3	8	-9999.9	51	-9999.9	3	16.4	3
2026 01 10 09	0.44	0.43	3.1	3.2	6.7	0.67	-9999.9	3	12	-9999.9	51	-9999.9	3	16.4	3
2026 01 10 10	0.47	0.45	3.1	3.5	5.9	0.88	-9999.9	3	12	-9999.9	47	-9999.9	3	16.4	3
2026 01 10 11	0.49	0.47	2.9	3.3	5.8	0.81	-9999.9	3	10	-9999.9	49	-9999.9	3	16.4	3
2026 01 10 12	0.52	0.49	2.9	3.4	5.8	1.0	-9999.9	3	9	-9999.9	48	-9999.9	3	16.5	3
2026 01 10 13	0.46	0.44	3.0	3.4	5.8	0.77	-9999.9	3	19	-9999.9	49	-9999.9	3	16.5	3
2026 01 10 14	0.49	0.46	2.9	3.3	6.0	0.85	-9999.9	3	11	-9999.9	46	-9999.9	3	16.5	3
2026 01 10 15	0.54	0.53	3.2	3.4	5.7	0.8	-9999.9	3	13	-9999.9	44	-9999.9	3	16.5	3
2026 01 10 16	0.48	0.47	2.8	3.2	5.1	0.74	-9999.9	3	14	-9999.9	44	-9999.9	3	16.5	3
2026 01 10 17	0.43	0.42	2.8	3.2	5.3	0.65	-9999.9	3	16	-9999.9	46	-9999.9	3	16.5	3
2026 01 10 18	0.45	0.43	2.9	3.2	5.1	0.74	-9999.9	3	14	-9999.9	49	-9999.9	3	16.5	3
2026 01 10 19	0.45	0.43	2.7	3.0	4.4	0.68	-9999.9	3	14	-9999.9	45	-9999.9	3	16.5	3
2026 01 10 20	0.41	0.39	2.9	3.1	4.4	0.62	-9999.9	3	18	-9999.9	48	-9999.9	3	16.5	3
2026 01 10 21	0.41	0.39	3.1	3.2	4.7	0.68	-9999.9	3	22	-9999.9	46	-9999.9	3	16.5	3
2026 01 10 22	0.4	0.38	3.0	3.3	4.2	0.7	-9999.9	3	18	-9999.9	48	-9999.9	3	16.5	3
2026 01 10 23	0.4	0.39	3.0	3.2	4.3	0.78	-9999.9	3	15	-9999.9	46	-9999.9	3	16.5	3
2026 01 11 00	0.39	0.36	2.8	3.1	4.4	0.69	-9999.9	3	14	-9999.9	46	-9999.9	3	16.5	3
2026 01 11 01	0.37	0.34	3.1	3.4	5.6	0.55	-9999.9	3	25	-9999.9	48	-9999.9	3	16.5	3
2026 01 11 02	0.39	0.37	3.8	3.7	5.9	0.59	-9999.9	3	23	-9999.9	45	-9999.9	3	16.3	3
2026 01 11 03	0.4	0.38	4.2	4.1	6.2	0.71	-9999.9	3	35	-9999.9	47	-9999.9	3	16.4	3
2026 01 11 04	0.4	0.38	3.9	4.0	6.5	0.57	-9999.9	3	38	-9999.9	50	-9999.9	3	16.4	3
2026 01 11 05	0.41	0.38	4.0	4.1	6.6	0.59	-9999.9	3	44	-9999.9	47	-9999.9	3	16.3	3
2026 01 11 06	0.4	0.38	4.1	4.1	6.8	0.78	-9999.9	3	46	-9999.9	50	-9999.9	3	16.3	3
2026 01 11 07	0.38	0.35	4.2	4.1	6.7	0.57	-9999.9	3	49	-9999.9	48	-9999.9	3	16.3	3
2026 01 11 08	0.35	0.33	4.2	4.4	6.4	0.61	-9999.9	3	59	-9999.9	50	-9999.9	3	16.3	3
2026 01 11 09	0.34	0.31	3.8	4.1	6.9	0.49	-9999.9	3	65	-9999.9	53	-9999.9	3	16.3	3
2026 01 11 10	0.35	0.32	4.2	4.5	6.7	0.63	-9999.9	3	65	-9999.9	50	-9999.9	3	16.4	3
2026 01 11 11	0.33	0.31	4.2	4.3	6.7	0.49	-9999.9	3	62	-9999.9	51	-9999.9	3	16.5	3
2026 01 11 12	0.3	0.28	4.2	4.4	7.9	0.43	-9999.9	3	49	-9999.9	53	-9999.9	3	16.5	3
2026 01 11 13	0.3	0.28	4.1	4.5	9.0	0.46	-9999.9	3	55	-9999.9	51	-9999.9	3	16.6	3
2026 01 11 14	0.31	0.28	3.7	4.3	9.6	0.55	-9999.9	3	59	-9999.9	55	-9999.9	3	16.6	3
2026 01 11 15	0.29	0.27	3.8	4.0	8.4	0.45	-9999.9	3	52	-9999.9	52	-9999.9	3	16.6	3
2026 01 11 16	0.32	0.29	3.7	3.7	9.1	0.56	-9999.9	3	54	-9999.9	53	-9999.9	3	16.6	3
2026 01 11 17	0.31	0.27	3.8	4.2	11.3	0.46	-9999.9	3	64	-9999.9	51	-9999.9	3	16.6	3
2026 01 11 18	0.3	0.27	4.3	4.6	10.8	0.48	-9999.9	3	68	-9999.9	55	-9999.9	3	16.5	3
2026 01 11 19	0.29	0.27	4.6	4.8	8.9	0.45	-9999.9	3	60	-9999.9	52	-9999.9	3	16.6	3
2026 01 11 20	0.3	0.28	4.7	5.1	11.2	0.49	-9999.9	3	62	-9999.9	52	-9999.9	3	16.5	3
2026 01 11 21	0.28	0.26	5.2	5.2	9.6	0.39	-9999.9	3	60	-9999.9	52	-9999.9	3	16.5	3
2026 01 11 22	0.29	0.27	4.8	5.0	10.6	0.45	-9999.9	3	52	-9999.9	54	-9999.9	3	16.5	3
2026 01 11 23	0.32	0.29	5.5	5.7	11.6	0.48	-9999.9	3	63	-9999.9	57	-9999.9	3	16.5	3
2026 01 12 00	0.34	0.31	4.9	5.2	11.9	0.55	-9999.9	3	56	-9999.9	53	-9999.9	3	16.5	3
2026 01 12 01	0.32	0.29	4.8	4.9	10.8	0.48	-9999.9	3	63	-9999.9	57	-9999.9	3	16.5	3
2026 01 12 02	0.27	0.24	4.6	4.9	10.9	0.46	-9999.9	3	53	-9999.9	57	-9999.9	3	16.5	3
2026 01 12 03	0.29	0.26	5.2	5.7	11.0	0.48	-9999.9	3	55	-9999.9	52	-9999.9	3	16.4	3
2026 01 12 04	0.28	0.25	5.0	5.5	10.8	0.4	-9999.9	3	56	-9999.9	57	-9999.9	3	16.4	3
2026 01 12 05	0.3	0.28	5.2	5.4	10.9	0.56	-9999.9	3	54	-9999.9	49	-9999.9	3	16.4	3
2026 01 12 06	0.31	0.27	4.7	5.0	11.2	0.5	-9999.9	3	51	-9999.9	51	-9999.9	3	16.4	3
2026 01 12 07	0.31	0.28	4.5	5.3	10.7	0.59	-9999.9	3	62	-9999.9	56	-9999.9	3	16.3	3
2026 01 12 08	0.33	0.29	4.2	4.6	11.1	0.52	-9999.9	3	54	-9999.9	51	-9999.9	3	16.4	3
2026 01 12 09	0.4	0.34	4.2	4.8	10.8	0.64	-9999.9	3	63	-9999.9	53	-9999.9	3	16.4	3
2026 01 12 10	0.4	0.36	3.9	4.0	10.4	0.61	-9999.9	3	68	-9999.9	48	-9999.9	3	16.4	3
2026 01 12 11	0.42	0.37	3.9	4.1	10.6	0.76	-9999.9	3	68	-9999.9	54	-9999.9	3	16.5	3
2026 01 12 12	0.4	0.35	4.6	5.1	10.3	0.66	-9999.9	3	68	-9999.9	57	-9999.9	3	16.6	3
2026 01 12 13	0.39	0.36	4.7	4.8	10.4	0.7	-9999.9	3	66	-9999.9	52	-9999.9	3	16.8	3
2026 01 12 14	0.41	0.35	3.8	4.5	10.0	0.74	-9999.9	3	73	-9999.9	56	-9999.9	3	16.8	3
2026 01 12 15	0.53	0.45	3.5	3.7	9.6	0.85	-9999.9	3	75	-9999.9	48	-9999.9	3	16.8	3
2026 01 12 16	0.44	0.38	3.2	3.4	10.2	0.61	-9999.9	3	76	-9999.9	55	-9999.9	3	16.7	3
2026 01 12 17	0.43	0.37	3.3	3.6	9.5	0.81	-9999.9	3	71	-9999.9	51	-9999.9	3	16.6	3
2026 01 12 18	0.36	0.31	3.3	3.5	9.7	0.58	-9999.9	3	65	-9999.9	52	-9999.9	3	16.6	3
2026 01 12 19	0.38	0.33	4.0	4.4	10.4	0.56	-9999.9	3	77	-9999.9	53	-9999.9	3	16.6	3
2026 01 12 20	0.36	0.32	4.1	4.3	9.4	0.59	-9999.9	3	70	-9999.9	54	-9999.9	3	16.5	3
2026 01 12 21	0.34	0.29	4.0	4.1	9.2	0.48	-9999.9	3	68	-9999.9	51	-9999.9	3	16.5	3
2026 01 12 22	0.34	0.3	4.3	4.6	9.3	0.51	-9999.9	3	68	-9999.9	50	-9999.9	3	16.5	3
2026 01 12 23	0.35	0.31	4.3	4.6	9.2	0.53	-9999.9	3	68	-9999.9	52	-9999.9	3	16.5	3
2026 01 13 00	0.35	0.33	4.3	4.3	8.7	0.58	-9999.9	3	64	-9999.9	54	-9999.9	3	16.5	3
2026 01 13 01	0.33	0.31	4.6	4.7	8.6	0.56	-9999.9	3	64	-9999.9	51	-9999.9	3	16.4	3
2026 01 13 02	0.32	0.3	4.3	4.3	8.4	0.51	-9999.9	3	66	-9999.9	55	-9999.9	3	16.4	3
2026 01 13 03	0.31	0.28	4.5	4.6	8.4	0.52	-9999.9	3	61	-9999.9	52	-9999.9	3	16.4	3
2026 01 13 04	0.27	0.25	4.7	4.7	8.8	0.4	-9999.9	3	60	-9999.9	55	-9999.9	3	16.3	3
2026 01 13 05	0.27	0.26	4.7	4.9	8.3	0.48	-9999.9	3	55	-9999.9	52	-9999.9	3	16.3	3
2026 01 13 06	0.24	0.23	4.6	4.7	8.0	0.48	-9999.9	3	62	-9999.9	54	-9999.9	3	16.3	3
2026 01 13 07	0.25	0.24	4.5	4.9	7.7	0.52	-9999.9	3	66	-9999.9	53	-9999.9	3	16.3	3
2026 01 13 08	0.26	0.24	4.0	4.3	8.8	0.39	-9999.9	3	67	-9999.9	53	-9999.9	3	16.3	3
2026 01 13 09	0.26	0.25	5.2	5.4	7.9	0.47	-9999.9	3	57	-9999.9	48	-9999.9	3	16.3	3
2026 01 13 10	0.24	0.23	5.1	5.3	7.5	0.38	-9999.9	3	55	-9999.9	47	-9999.9	3	16.4	3
2026 01 13 11	0.26	0.24	4.5	4.8	7.7	0.44	-9999.9	3	56	-9999.9	49	-9999.9	3	16.6	3
2026 01 13 12	0.24	0.22	3.1	3.3	7.4	0.37	-9999.9	3	69	-9999.9	47	-9999.9	3	16.8	3
2026 01 13 13	0.23	0.21	3.4	3.8	7.4	0.4	-9999.9	3	60	-9999.9	55	-9999.9	3	17.0	3
2026 01 13 14	0.21	0.21	4.4	4.6	7.2	0.32	-9999.9	3	56	-9999.9	54	-9999.9	3	16.9	3
2026 01 13 15	0.2	0.2	4.3	4.4	7.4	0.37	-9999.9	3	65	-9999.9	55	-9999.9	3	17.0	3
2026 01 13 16	0.2	0.19	3.8	4.1	7.0	0.3	-9999.9	3	63	-9999.9	53	-9999.9	3	16.9	3
2026 01 13 17	0.19	0.18	3.8	3.8	7.4	0.33	-9999.9	3	61	-9999.9	52	-9999.9	3	16.8	3
2026 01 13 18	0.2	0.18	3.5	3.5	7.8	0.29	-9999.9	3	66	-9999.9	49	-9999.9	3	16.7	3
2026 01 13 19	0.19	0.17	3.2	3.4	7.5	0.3	-9999.9	3	69	-9999.9	50	-9999.9	3	16.7	3
2026 01 13 20	0.21	0.19	3.2	3.3	7.0	0.29	-9999.9	3	69	-9999.9	52	-9999.9	3	16.6	3
2026 01 13 21	0.19	0.17	3.1	3.3	6.9	0.34	-9999.9	3	67	-9999.9	52	-9999.9	3	16.5	3
2026 01 13 22	0.18	0.17	3.5	3.5	7.2	0.28	-9999.9	3	62	-9999.9	53	-9999.9	3	16.5	3
2026 01 13 23	0.16	0.15	3.7	3.9	7.1	0.26	-9999.9	3	60	-9999.9	53	-9999.9	3	16.4	3
2026 01 14 00	0.15	0.14	3.4	4.2	6.6	0.26	-9999.9	3	49	-9999.9	54	-9999.9	3	16.4	3
2026 01 14 01	0.15	0.14	3.0	3.6	5.9	0.25	-9999.9	3	50	-9999.9	53	-9999.9	3	16.4	3
2026 01 14 02	0.17	0.16	3.0	3.1	6.7	0.28	-9999.9	3	43	-9999.9	47	-9999.9	3	16.4	3
2026 01 14 03	0.19	0.18	2.7	2.8	3.6	0.31	-9999.9	3	32	-9999.9	47	-9999.9	3	16.4	3
2026 01 14 04	0.25	0.23	2.7	2.8	3.0	0.39	-9999.9	3	21	-9999.9	47	-9999.9	3	16.4	3
2026 01 14 05	0.24	0.23	2.8	2.9	3.1	0.41	-9999.9	3	24	-9999.9	47	-9999.9	3	16.4	3
2026 01 14 06	0.24	0.23	2.9	3.0	3.2	0.4	-9999.9	3	19	-9999.9	50	-9999.9	3	16.4	3
2026 01 14 07	0.28	0.27	3.1	3.2	3.7	0.46	-9999.9	3	15	-9999.9	43	-9999.9	3	16.3	3
2026 01 14 08	0.29	0.28	3.2	3.3	3.7	0.52	-9999.9	3	13	-9999.9	43	-9999.9	3	16.3	3
2026 01 14 09	0.27	0.26	3.1	3.2	3.7	0.5	-9999.9	3	28	-9999.9	51	-9999.9	3	16.3	3
2026 01 14 10	0.27	0.27	3.1	3.2	3.6	0.47	-9999.9	3	21	-9999.9	49	-9999.9	3	16.4	3
2026 01 14 11	0.25	0.24	3.1	3.1	3.3	0.41	-9999.9	3	12	-9999.9	48	-9999.9	3	16.4	3
2026 01 14 12	0.22	0.21	3.1	3.2	3.3	0.38	-9999.9	3	13	-9999.9	48	-9999.9	3	16.5	3
2026 01 14 13	0.19	0.18	3.2	3.2	3.6	0.3	-9999.9	3	12	-9999.9	51	-9999.9	3	16.7	3
2026 01 14 14	0.21	0.2	3.0	3.2	3.7	0.34	-9999.9	3	14	-9999.9	47	-9999.9	3	16.7	3
2026 01 14 15	0.23	0.22	2.9	3.2	3.6	0.44	-9999.9	3	14	-9999.9	50	-9999.9	3	16.7	3
2026 01 14 16	0.21	0.2	2.9	3.1	3.6	0.36	-9999.9	3	14	-9999.9	49	-9999.9	3	16.6	3
2026 01 14 17	0.17	0.16	2.9	3.0	3.9	0.24	-9999.9	3	25	-9999.9	58	-9999.9	3	16.6	3
2026 01 14 18	0.18	0.17	3.0	3.1	4.4	0.33	-9999.9	3	48	-9999.9	56	-9999.9	3	16.5	3
2026 01 14 19	0.18	0.17	3.2	3.3	5.6	0.28	-9999.9	3	33	-9999.9	52	-9999.9	3	16.5	3
2026 01 14 20	0.19	0.18	3.0	3.0	5.2	0.38	-9999.9	3	31	-9999.9	56	-9999.9	3	16.6	3
2026 01 14 21	0.19	0.18	2.7	2.8	3.0	0.3	-9999.9	3	49	-9999.9	54	-9999.9	3	16.5	3
2026 01 14 22	0.18	0.16	2.8	2.9	3.2	0.3	-9999.9	3	42	-9999.9	56	-9999.9	3	16.4	3
2026 01 14 23	0.16	0.16	2.9	3.0	3.7	0.28	-9999.9	3	45	-9999.9	56	-9999.9	3	16.4	3
2026 01 15 00	0.17	0.16	2.8	2.9	3.5	0.26	-9999.9	3	47	-9999.9	55	-9999.9	3	16.4	3
2026 01 15 01	0.16	0.15	2.9	2.9	4.1	0.28	-9999.9	3	36	-9999.9	52	-9999.9	3	16.4	3
2026 01 15 02	0.13	0.13	3.0	3.1	3.7	0.22	-9999.9	3	31	-9999.9	55	-9999.9	3	16.4	3
2026 01 15 03	0.13	0.12	2.9	2.9	3.5	0.2	-9999.9	3	51	-9999.9	54	-9999.9	3	16.4	3
2026 01 15 04	0.14	0.13	2.9	2.9	3.0	0.24	-9999.9	3	22	-9999.9	50	-9999.9	3	16.4	3
2026 01 15 05	0.15	0.14	2.8	2.8	3.2	0.24	-9999.9	3	21	-9999.9	50	-9999.9	3	16.4	3
2026 01 15 06	0.19	0.19	2.2	2.6	2.9	0.32	-9999.9	3	17	-9999.9	47	-9999.9	3	16.4	3
2026 01 15 07	0.18	0.17	2.5	2.6	3.0	0.28	-9999.9	3	15	-9999.9	46	-9999.9	3	16.4	3
2026 01 15 08	0.17	0.16	2.6	2.7	3.2	0.3	-9999.9	3	12	-9999.9	48	-9999.9	3	16.4	3
2026 01 15 09	0.17	0.17	2.4	2.7	3.3	0.31	-9999.9	3	15	-9999.9	48	-9999.9	3	16.4	3
2026 01 15 10	0.19	0.18	2.9	3.0	3.5	0.4	-9999.9	3	22	-9999.9	42	-9999.9	3	16.4	3
2026 01 15 11	0.15	0.14	2.5	2.7	3.3	0.25	-9999.9	3	29	-9999.9	55	-9999.9	3	16.4	3
2026 01 15 12	0.14	0.15	2.1	2.8	3.7	0.28	-9999.9	3	34	-9999.9	55	-9999.9	3	16.5	3
2026 01 15 13	0.13	0.14	2.1	2.7	3.8	0.26	-9999.9	3	30	-9999.9	55	-9999.9	3	16.5	3
2026 01 15 14	0.15	0.16	2.3	2.8	9.6	0.27	-9999.9	3	18	-9999.9	55	-9999.9	3	16.5	3
2026 01 15 15	0.18	0.19	2.1	2.7	3.8	0.37	-9999.9	3	41	-9999.9	52	-9999.9	3	16.5	3
2026 01 15 16	0.17	0.17	2.1	2.4	3.4	0.33	-9999.9	3	20	-9999.9	54	-9999.9	3	16.5	3
2026 01 15 17	0.18	0.18	2.3	2.6	3.6	0.3	-9999.9	3	14	-9999.9	48	-9999.9	3	16.5	3
2026 01 15 18	0.2	0.2	2.5	2.7	4.2	0.36	-9999.9	3	9	-9999.9	45	-9999.9	3	16.5	3
2026 01 15 19	0.22	0.21	3.0	3.1	4.3	0.36	-9999.9	3	6	-9999.9	44	-9999.9	3	16.5	3
2026 01 15 20	0.22	0.21	3.3	3.3	4.6	0.31	-9999.9	3	7	-9999.9	46	-9999.9	3	16.5	3
2026 01 15 21	0.19	0.18	3.3	3.4	5.0	0.29	-9999.9	3	21	-9999.9	54	-9999.9	3	16.4	3
2026 01 15 22	0.2	0.19	3.3	3.3	4.5	0.33	-9999.9	3	21	-9999.9	54	-9999.9	3	16.4	3
2026 01 15 23	0.18	0.18	2.9	3.0	4.8	0.3	-9999.9	3	28	-9999.9	54	-9999.9	3	16.5	3
2026 01 16 00	0.2	0.19	3.0	3.1	4.7	0.34	-9999.9	3	29	-9999.9	52	-9999.9	3	16.4	3
2026 01 16 01	0.16	0.16	2.8	3.0	4.5	0.25	-9999.9	3	35	-9999.9	56	-9999.9	3	16.4	3
2026 01 16 02	0.16	0.16	3.0	3.2	5.3	0.26	-9999.9	3	21	-9999.9	51	-9999.9	3	16.4	3
2026 01 16 03	0.15	0.14	3.2	3.2	5.1	0.24	-9999.9	3	33	-9999.9	55	-9999.9	3	16.4	3
2026 01 16 04	0.14	0.13	3.2	3.4	5.2	0.22	-9999.9	3	30	-9999.9	57	-9999.9	3	16.4	3
2026 01 16 05	0.14	0.14	3.2	3.3	4.8	0.22	-9999.9	3	39	-9999.9	56	-9999.9	3	16.4	3
2026 01 16 06	0.18	0.17	2.9	3.0	4.7	0.31	-9999.9	3	43	-9999.9	53	-9999.9	3	16.4	3
2026 01 16 07	0.19	0.17	2.6	2.8	5.4	0.3	-9999.9	3	46	-9999.9	51	-9999.9	3	16.4	3
2026 01 16 08	0.23	0.22	2.3	2.4	2.3	0.38	-9999.9	3	93	-9999.9	43	-9999.9	3	16.4	3
2026 01 16 09	0.25	0.25	2.4	2.4	2.4	0.42	-9999.9	3	105	-9999.9	42	-9999.9	3	16.4	3
2026 01 16 10	0.32	0.31	2.4	2.5	2.7	0.56	-9999.9	3	113	-9999.9	39	-9999.9	3	16.5	3
2026 01 16 11	0.3	0.28	2.4	2.5	2.7	0.5	-9999.9	3	117	-9999.9	39	-9999.9	3	16.5	3
2026 01 16 12	0.31	0.3	2.4	2.5	2.6	0.46	-9999.9	3	110	-9999.9	38	-9999.9	3	16.5	3
2026 01 16 13	0.28	0.27	2.5	2.6	2.7	0.47	-9999.9	3	100	-9999.9	41	-9999.9	3	16.6	3
2026 01 16 14	0.24	0.24	2.1	2.4	2.5	0.45	-9999.9	3	71	-9999.9	49	-9999.9	3	16.6	3
2026 01 16 15	0.23	0.22	2.2	2.7	3.9	0.46	-9999.9	3	71	-9999.9	47	-9999.9	3	16.5	3
2026 01 16 16	0.18	0.17	2.6	2.7	4.8	0.27	-9999.9	3	33	-9999.9	55	-9999.9	3	16.5	3
2026 01 16 17	0.18	0.17	2.8	2.9	4.6	0.26	-9999.9	3	29	-9999.9	52	-9999.9	3	16.5	3
2026 01 16 18	0.18	0.17	2.9	3.0	5.2	0.27	-9999.9	3	35	-9999.9	52	-9999.9	3	16.5	3
2026 01 16 19	0.19	0.18	2.8	2.9	5.5	0.34	-9999.9	3	37	-9999.9	53	-9999.9	3	16.5	3
2026 01 16 20	0.2	0.19	2.7	2.9	5.4	0.3	-9999.9	3	38	-9999.9	55	-9999.9	3	16.5	3
2026 01 16 21	0.2	0.19	3.1	3.2	6.3	0.33	-9999.9	3	37	-9999.9	53	-9999.9	3	16.5	3
2026 01 16 22	0.21	0.2	2.7	3.0	4.8	0.34	-9999.9	3	27	-9999.9	52	-9999.9	3	16.5	3
2026 01 16 23	0.28	0.28	2.6	2.7	4.3	0.47	-9999.9	3	17	-9999.9	45	-9999.9	3	16.5	3
2026 01 17 00	0.39	0.38	2.3	2.5	2.5	0.64	-9999.9	3	5	-9999.9	40	-9999.9	3	16.4	3
2026 01 17 01	0.32	0.32	2.4	2.6	2.8	0.54	-9999.9	3	8	-9999.9	41	-9999.9	3	16.4	3
2026 01 17 02	0.25	0.25	2.3	2.5	2.7	0.43	-9999.9	3	5	-9999.9	46	-9999.9	3	16.4	3
2026 01 17 03	0.18	0.17	2.8	2.9	4.3	0.31	-9999.9	3	21	-9999.9	52	-9999.9	3	16.4	3
2026 01 17 04	0.15	0.14	3.2	3.4	5.5	0.24	-9999.9	3	17	-9999.9	52	-9999.9	3	16.4	3
2026 01 17 05	0.24	0.23	4.4	4.6	7.0	0.38	-9999.9	3	10	-9999.9	42	-9999.9	3	16.4	3
2026 01 17 06	0.25	0.24	3.6	3.8	5.1	0.42	-9999.9	3	10	-9999.9	48	-9999.9	3	16.4	3
2026 01 17 07	0.26	0.25	3.1	3.3	5.0	0.44	-9999.9	3	14	-9999.9	47	-9999.9	3	16.4	3
2026 01 17 08	0.26	0.24	3.1	3.2	4.6	0.39	-9999.9	3	11	-9999.9	48	-9999.9	3	16.3	3
2026 01 17 09	0.25	0.23	3.4	3.5	5.0	0.44	-9999.9	3	14	-9999.9	46	-9999.9	3	16.0	3
2026 01 17 10	0.28	0.26	3.6	3.6	6.3	0.45	-9999.9	3	13	-9999.9	47	-9999.9	3	16.1	3
2026 01 17 11	0.35	0.33	3.3	3.4	6.7	0.55	-9999.9	3	16	-9999.9	46	-9999.9	3	16.3	3
2026 01 17 12	0.35	0.34	2.9	3.3	6.0	0.58	-9999.9	3	18	-9999.9	46	-9999.9	3	16.4	3
2026 01 17 13	0.37	0.35	2.8	3.1	6.4	0.59	-9999.9	3	12	-9999.9	47	-9999.9	3	16.4	3
2026 01 17 14	0.37	0.36	2.8	3.2	7.1	0.56	-9999.9	3	9	-9999.9	44	-9999.9	3	16.4	3
2026 01 17 15	0.39	0.37	2.8	3.2	6.8	0.66	-9999.9	3	10	-9999.9	44	-9999.9	3	16.4	3
2026 01 17 16	0.43	0.42	3.0	3.3	5.8	0.67	-9999.9	3	11	-9999.9	43	-9999.9	3	16.4	3
2026 01 17 17	0.45	0.42	3.2	3.3	6.3	0.82	-9999.9	3	11	-9999.9	44	-9999.9	3	16.4	3
2026 01 17 18	0.44	0.42	3.3	3.4	5.9	0.8	-9999.9	3	17	-9999.9	43	-9999.9	3	16.4	3
2026 01 17 19	0.39	0.36	3.0	3.3	5.2	0.67	-9999.9	3	15	-9999.9	45	-9999.9	3	16.4	3
2026 01 17 20	0.38	0.35	3.2	3.3	5.2	0.61	-9999.9	3	20	-9999.9	43	-9999.9	3	16.4	3
2026 01 17 21	0.36	0.34	3.5	3.6	5.4	0.55	-9999.9	3	22	-9999.9	45	-9999.9	3	16.4	3
2026 01 17 22	0.35	0.33	3.7	3.8	5.2	0.59	-9999.9	3	22	-9999.9	46	-9999.9	3	16.4	3
2026 01 17 23	0.35	0.34	3.4	3.5	5.8	0.56	-9999.9	3	20	-9999.9	47	-9999.9	3	16.4	3
2026 01 18 00	0.34	0.33	3.4	3.5	5.9	0.58	-9999.9	3	25	-9999.9	50	-9999.9	3	16.3	3
2026 01 18 01	0.32	0.31	3.2	3.3	5.1	0.51	-9999.9	3	29	-9999.9	53	-9999.9	3	16.3	3
2026 01 18 02	0.31	0.3	3.1	3.2	4.6	0.54	-9999.9	3	30	-9999.9	52	-9999.9	3	16.3	3
2026 01 18 03	0.33	0.31	3.0	3.2	5.0	0.51	-9999.9	3	42	-9999.9	52	-9999.9	3	16.3	3
2026 01 18 04	0.32	0.31	2.9	3.0	5.2	0.48	-9999.9	3	39	-9999.9	57	-9999.9	3	16.2	3
2026 01 18 05	0.3	0.28	2.9	2.9	5.3	0.49	-9999.9	3	43	-9999.9	56	-9999.9	3	16.3	3
2026 01 18 06	0.32	0.31	2.7	2.8	4.5	0.53	-9999.9	3	59	-9999.9	52	-9999.9	3	16.3	3
2026 01 18 07	0.32	0.31	2.2	2.4	2.6	0.46	-9999.9	3	86	-9999.9	45	-9999.9	3	16.3	3
2026 01 18 08	0.3	0.29	2.2	2.4	2.3	0.57	-9999.9	3	91	-9999.9	47	-9999.9	3	16.3	3
2026 01 18 09	0.3	0.28	2.3	2.5	3.3	0.55	-9999.9	3	84	-9999.9	46	-9999.9	3	16.2	3
2026 01 18 10	0.29	0.29	2.2	2.5	2.7	0.46	-9999.9	3	87	-9999.9	50	-9999.9	3	16.2	3
2026 01 18 11	0.23	0.23	2.7	3.1	6.1	0.4	-9999.9	3	68	-9999.9	56	-9999.9	3	16.2	3
2026 01 18 12	0.22	0.21	2.4	2.9	4.2	0.39	-9999.9	3	66	-9999.9	55	-9999.9	3	16.3	3
2026 01 18 13	0.22	0.22	3.0	3.3	4.2	0.36	-9999.9	3	54	-9999.9	53	-9999.9	3	16.3	3
2026 01 18 14	0.27	0.26	2.3	2.5	3.0	0.44	-9999.9	3	58	-9999.9	50	-9999.9	3	16.3	3
2026 01 18 15	0.38	0.37	2.3	2.4	2.3	0.6	-9999.9	3	61	-9999.9	47	-9999.9	3	16.3	3
2026 01 18 16	0.5	0.49	2.5	2.6	2.8	1.09	-9999.9	3	63	-9999.9	46	-9999.9	3	16.3	3
2026 01 18 17	0.65	0.64	2.8	2.8	3.2	1.02	-9999.9	3	61	-9999.9	44	-9999.9	3	16.3	3
2026 01 18 18	0.75	0.72	2.9	2.9	3.6	1.12	-9999.9	3	61	-9999.9	47	-9999.9	3	16.3	3
2026 01 18 19	0.75	0.73	3.1	3.1	3.8	1.34	-9999.9	3	60	-9999.9	48	-9999.9	3	16.3	3
2026 01 18 20	0.95	0.92	3.4	3.4	4.3	1.59	-9999.9	3	57	-9999.9	45	-9999.9	3	16.3	3
2026 01 18 21	0.99	0.98	3.6	3.6	4.7	1.42	-9999.9	3	48	-9999.9	46	-9999.9	3	16.3	3
2026 01 18 22	0.93	0.91	3.7	3.7	4.8	1.47	-9999.9	3	57	-9999.9	46	-9999.9	3	16.2	3
2026 01 18 23	0.95	0.93	3.7	3.7	4.7	1.79	-9999.9	3	46	-9999.9	48	-9999.9	3	16.2	3
2026 01 19 00	0.96	0.92	3.7	3.7	4.8	1.36	-9999.9	3	38	-9999.9	46	-9999.9	3	16.2	3
2026 01 19 01	0.79	0.79	4.0	4.0	5.0	1.5	-9999.9	3	33	-9999.9	47	-9999.9	3	16.1	3
2026 01 19 02	0.84	0.83	3.8	4.0	4.7	1.42	-9999.9	3	35	-9999.9	43	-9999.9	3	16.1	3
2026 01 19 03	0.9	0.88	4.2	4.3	5.1	1.41	-9999.9	3	40	-9999.9	40	-9999.9	3	16.1	3
2026 01 19 04	0.77	0.77	4.4	4.4	5.2	1.42	-9999.9	3	41	-9999.9	44	-9999.9	3	16.1	3
2026 01 19 05	0.64	0.63	3.9	4.3	5.1	1.22	-9999.9	3	45	-9999.9	48	-9999.9	3	16.1	3
2026 01 19 06	0.57	0.56	4.1	4.4	5.2	1.12	-9999.9	3	49	-9999.9	47	-9999.9	3	16.1	3
2026 01 19 07	0.51	0.5	4.1	4.4	5.0	0.87	-9999.9	3	43	-9999.9	46	-9999.9	3	16.1	3
2026 01 19 08	0.47	0.45	4.1	4.4	5.1	0.8	-9999.9	3	54	-9999.9	48	-9999.9	3	16.1	3
2026 01 19 09	0.48	0.47	3.8	4.4	5.0	0.79	-9999.9	3	48	-9999.9	49	-9999.9	3	16.1	3
2026 01 19 10	0.45	0.43	4.4	4.5	4.7	0.65	-9999.9	3	51	-9999.9	46	-9999.9	3	16.1	3
2026 01 19 11	0.46	0.44	4.2	4.5	4.7	0.74	-9999.9	3	47	-9999.9	46	-9999.9	3	16.1	3
2026 01 19 12	0.49	0.47	3.6	4.3	4.8	0.76	-9999.9	3	48	-9999.9	46	-9999.9	3	16.2	3
2026 01 19 13	0.48	0.45	3.2	3.9	7.9	0.82	-9999.9	3	48	-9999.9	50	-9999.9	3	16.2	3
2026 01 19 14	0.57	0.53	3.4	3.8	9.3	0.93	-9999.9	3	41	-9999.9	46	-9999.9	3	16.2	3
2026 01 19 15	0.59	0.54	3.0	3.3	7.3	0.83	-9999.9	3	32	-9999.9	46	-9999.9	3	16.2	3
2026 01 19 16	0.62	0.56	3.0	3.1	6.4	0.92	-9999.9	3	16	-9999.9	42	-9999.9	3	-9999.9	-9999.9
2026 01 19 17	0.64	0.59	3.4	3.7	7.2	1.08	-9999.9	3	27	-9999.9	44	-9999.9	3	16.2	3
2026 01 19 18	0.59	0.55	3.5	3.6	5.4	1.01	-9999.9	3	22	-9999.9	46	-9999.9	3	16.2	3
2026 01 19 19	0.61	0.55	3.1	3.4	6.6	1.02	-9999.9	3	20	-9999.9	45	-9999.9	3	16.1	3
2026 01 19 20	0.59	0.56	3.0	3.2	6.3	0.95	-9999.9	3	12	-9999.9	41	-9999.9	3	16.1	3
2026 01 19 21	0.56	0.52	3.2	3.3	6.5	0.83	-9999.9	3	15	-9999.9	43	-9999.9	3	16.1	3
2026 01 19 22	0.5	0.47	3.2	3.2	6.4	0.79	-9999.9	3	14	-9999.9	43	-9999.9	3	16.0	3
2026 01 19 23	0.5	0.45	3.0	3.2	8.3	0.78	-9999.9	3	21	-9999.9	44	-9999.9	3	16.0	3
2026 01 20 00	0.52	0.48	3.0	3.2	7.5	0.89	-9999.9	3	16	-9999.9	42	-9999.9	3	16.1	3
2026 01 20 01	0.56	0.52	3.1	3.1	7.9	0.83	-9999.9	3	11	-9999.9	41	-9999.9	3	16.1	3
2026 01 20 02	0.57	0.52	3.0	3.3	7.1	0.84	-9999.9	3	18	-9999.9	41	-9999.9	3	16.0	3
2026 01 20 03	0.59	0.54	3.0	3.1	7.0	1.02	-9999.9	3	3	-9999.9	42	-9999.9	3	16.0	3
2026 01 20 04	0.61	0.57	3.1	3.3	7.1	1.05	-9999.9	3	9	-9999.9	41	-9999.9	3	16.0	3
2026 01 20 05	0.61	0.57	3.3	3.6	7.4	0.9	-9999.9	3	12	-9999.9	43	-9999.9	3	16.0	3
2026 01 20 06	0.66	0.61	3.3	3.6	7.5	1.15	-9999.9	3	9	-9999.9	46	-9999.9	3	16.0	3
2026 01 20 07	0.75	0.7	3.4	3.6	7.3	1.2	-9999.9	3	8	-9999.9	43	-9999.9	3	16.0	3
2026 01 20 08	0.76	0.7	3.0	3.2	6.4	1.27	-9999.9	3	6	-9999.9	40	-9999.9	3	16.0	3
2026 01 20 09	0.76	0.7	3.0	3.1	7.5	1.18	-9999.9	3	0	-9999.9	40	-9999.9	3	15.9	3
2026 01 20 10	0.71	0.65	3.0	3.1	7.2	1.17	-9999.9	3	9	-9999.9	43	-9999.9	3	15.9	3
2026 01 20 11	0.78	0.71	3.1	3.2	7.5	1.42	-9999.9	3	7	-9999.9	41	-9999.9	3	15.9	3
2026 01 20 12	0.75	0.68	3.1	3.4	7.4	1.2	-9999.9	3	12	-9999.9	43	-9999.9	3	16.0	3
2026 01 20 13	0.79	0.72	3.1	3.2	8.4	1.25	-9999.9	3	12	-9999.9	44	-9999.9	3	16.0	3
2026 01 20 14	0.75	0.67	3.3	3.6	7.5	1.16	-9999.9	3	24	-9999.9	47	-9999.9	3	16.0	3
2026 01 20 15	0.76	0.7	3.3	3.4	8.0	1.38	-9999.9	3	15	-9999.9	46	-9999.9	3	16.0	3
2026 01 20 16	0.92	0.86	3.5	3.7	7.9	1.34	-9999.9	3	18	-9999.9	42	-9999.9	3	16.0	3
2026 01 20 17	0.97	0.91	3.8	3.8	7.9	1.56	-9999.9	3	17	-9999.9	44	-9999.9	3	16.0	3
2026 01 20 18	1.03	0.93	3.8	3.9	10.2	1.64	-9999.9	3	23	-9999.9	43	-9999.9	3	16.0	3
2026 01 20 19	1.04	0.93	3.9	4.0	10.1	1.71	-9999.9	3	27	-9999.9	45	-9999.9	3	16.0	3
2026 01 20 20	1.23	1.13	4.7	4.9	10.5	1.79	-9999.9	3	40	-9999.9	47	-9999.9	3	16.0	3
2026 01 20 21	1.23	1.08	4.6	4.8	11.1	2.16	-9999.9	3	43	-9999.9	50	-9999.9	3	16.0	3
2026 01 20 22	1.23	1.11	4.9	5.0	10.3	1.87	-9999.9	3	40	-9999.9	45	-9999.9	3	16.0	3
2026 01 20 23	1.16	1.02	4.4	4.6	10.2	1.77	-9999.9	3	30	-9999.9	48	-9999.9	3	16.0	3
2026 01 21 00	1.16	1.02	4.2	4.6	9.8	1.78	-9999.9	3	48	-9999.9	48	-9999.9	3	16.0	3
2026 01 21 01	1.1	1.0	4.6	4.8	10.8	1.93	-9999.9	3	44	-9999.9	52	-9999.9	3	15.9	3
2026 01 21 02	1.18	1.09	5.6	5.7	10.0	1.97	-9999.9	3	58	-9999.9	50	-9999.9	3	15.9	3
2026 01 21 03	1.06	0.96	5.0	5.4	10.3	1.61	-9999.9	3	57	-9999.9	52	-9999.9	3	15.9	3
2026 01 21 04	1.35	1.27	5.4	5.6	10.9	2.17	-9999.9	3	52	-9999.9	46	-9999.9	3	15.9	3
2026 01 21 05	1.22	1.13	5.0	5.0	11.1	2.09	-9999.9	3	60	-9999.9	49	-9999.9	3	15.9	3
2026 01 21 06	1.31	1.22	5.6	5.9	11.0	1.81	-9999.9	3	58	-9999.9	43	-9999.9	3	15.9	3
2026 01 21 07	1.29	1.16	5.0	5.9	11.8	1.96	-9999.9	3	66	-9999.9	48	-9999.9	3	15.9	3
2026 01 21 08	1.19	1.07	5.3	6.0	12.2	1.64	-9999.9	3	64	-9999.9	48	-9999.9	3	15.8	3
2026 01 21 09	1.1	0.98	5.0	5.4	12.4	2.05	-9999.9	3	71	-9999.9	48	-9999.9	3	15.9	3
2026 01 21 10	1.14	1.04	5.4	6.1	11.4	1.8	-9999.9	3	62	-9999.9	51	-9999.9	3	16.0	3
2026 01 21 11	1.16	1.06	5.5	6.6	10.9	2.15	-9999.9	3	77	-9999.9	52	-9999.9	3	16.0	3
2026 01 21 12	1.27	1.21	7.0	7.4	12.0	2.3	-9999.9	3	62	-9999.9	50	-9999.9	3	16.0	3
2026 01 21 13	1.12	1.06	7.2	7.3	11.9	1.62	-9999.9	3	68	-9999.9	54	-9999.9	3	16.1	3
2026 01 21 14	1.28	1.22	8.1	7.8	11.6	1.83	-9999.9	3	58	-9999.9	54	-9999.9	3	16.1	3
2026 01 21 15	1.43	1.41	8.4	8.3	11.3	2.12	-9999.9	3	66	-9999.9	45	-9999.9	3	16.1	3
2026 01 21 16	1.53	1.5	9.1	9.0	14.1	2.17	-9999.9	3	77	-9999.9	47	-9999.9	3	16.0	3
2026 01 21 17	1.7	1.64	9.1	9.4	13.7	2.94	-9999.9	3	72	-9999.9	44	-9999.9	3	16.1	3
2026 01 21 18	1.54	1.48	8.4	8.8	13.6	2.73	-9999.9	3	71	-9999.9	46	-9999.9	3	16.1	3
2026 01 21 19	1.45	1.42	8.7	8.3	13.6	2.64	-9999.9	3	67	-9999.9	47	-9999.9	3	16.0	3
2026 01 21 20	1.43	1.39	8.4	8.3	12.4	1.91	-9999.9	3	67	-9999.9	51	-9999.9	3	16.0	3
2026 01 21 21	1.63	1.59	8.6	8.9	12.3	2.4	-9999.9	3	69	-9999.9	48	-9999.9	3	16.0	3
2026 01 21 22	1.33	1.29	7.2	7.7	12.6	2.0	-9999.9	3	70	-9999.9	51	-9999.9	3	16.0	3
2026 01 21 23	1.48	1.43	9.0	8.4	13.3	2.29	-9999.9	3	67	-9999.9	42	-9999.9	3	16.0	3
2026 01 22 00	1.49	1.46	8.8	8.6	12.3	2.66	-9999.9	3	66	-9999.9	50	-9999.9	3	16.0	3
2026 01 22 01	1.42	1.35	8.5	8.5	12.3	2.38	-9999.9	3	68	-9999.9	50	-9999.9	3	16.0	3
2026 01 22 02	1.35	1.29	7.8	8.2	11.9	2.06	-9999.9	3	59	-9999.9	49	-9999.9	3	16.0	3
2026 01 22 03	1.38	1.25	5.8	6.1	11.7	2.3	-9999.9	3	59	-9999.9	46	-9999.9	3	16.0	3
2026 01 22 04	1.29	1.19	6.1	5.8	12.1	2.28	-9999.9	3	64	-9999.9	51	-9999.9	3	16.0	3
2026 01 22 05	1.14	0.98	4.9	5.0	12.8	1.73	-9999.9	3	46	-9999.9	51	-9999.9	3	16.0	3
2026 01 22 06	1.07	0.94	4.6	4.8	11.4	1.73	-9999.9	3	49	-9999.9	50	-9999.9	3	16.0	3
2026 01 22 07	0.91	0.8	4.4	4.9	12.1	1.53	-9999.9	3	53	-9999.9	57	-9999.9	3	15.9	3
2026 01 22 08	0.97	0.84	4.4	4.7	12.2	1.69	-9999.9	3	48	-9999.9	53	-9999.9	3	15.9	3
2026 01 22 09	1.0	0.89	4.8	5.3	11.6	1.79	-9999.9	3	52	-9999.9	50	-9999.9	3	15.9	3
2026 01 22 10	1.0	0.87	4.0	4.2	11.9	1.67	-9999.9	3	59	-9999.9	47	-9999.9	3	15.9	3
2026 01 22 11	0.97	0.85	4.2	4.4	12.3	1.59	-9999.9	3	44	-9999.9	49	-9999.9	3	16.0	3
2026 01 22 12	1.0	0.88	4.5	4.8	11.7	1.46	-9999.9	3	58	-9999.9	52	-9999.9	3	16.0	3
2026 01 22 13	0.89	0.77	4.4	4.8	12.1	1.45	-9999.9	3	51	-9999.9	52	-9999.9	3	16.0	3
2026 01 22 14	0.83	0.72	4.6	5.1	12.1	1.37	-9999.9	3	42	-9999.9	51	-9999.9	3	16.0	3
2026 01 22 15	0.84	0.77	5.3	5.9	12.3	1.4	-9999.9	3	51	-9999.9	51	-9999.9	3	16.0	3
2026 01 22 16	0.73	0.67	4.5	4.8	11.1	1.11	-9999.9	3	43	-9999.9	51	-9999.9	3	16.0	3
2026 01 22 17	0.84	0.74	4.2	4.5	12.2	1.21	-9999.9	3	43	-9999.9	50	-9999.9	3	16.0	3
2026 01 22 18	0.82	0.75	4.2	4.4	10.9	1.16	-9999.9	3	33	-9999.9	47	-9999.9	3	16.0	3
2026 01 22 19	0.78	0.74	4.3	4.3	7.4	1.18	-9999.9	3	27	-9999.9	47	-9999.9	3	16.0	3
2026 01 22 20	0.82	0.77	4.5	4.5	6.1	1.37	-9999.9	3	26	-9999.9	46	-9999.9	3	16.0	3
2026 01 22 21	0.73	0.69	4.5	4.5	6.7	1.08	-9999.9	3	28	-9999.9	48	-9999.9	3	16.0	3
2026 01 22 22	0.6	0.57	4.4	4.5	7.1	0.9	-9999.9	3	33	-9999.9	48	-9999.9	3	16.0	3
2026 01 22 23	0.54	0.51	4.6	4.6	8.3	0.88	-9999.9	3	35	-9999.9	47	-9999.9	3	16.0	3
2026 01 23 00	0.5	0.46	4.4	4.5	8.5	0.73	-9999.9	3	31	-9999.9	46	-9999.9	3	16.0	3
2026 01 23 01	0.5	0.46	4.4	4.4	6.9	0.72	-9999.9	3	29	-9999.9	46	-9999.9	3	16.0	3
2026 01 23 02	0.51	0.46	4.0	4.3	8.0	0.89	-9999.9	3	36	-9999.9	48	-9999.9	3	16.0	3
2026 01 23 03	0.52	0.49	4.4	4.5	6.4	0.79	-9999.9	3	33	-9999.9	44	-9999.9	3	16.1	3
2026 01 23 04	0.48	0.45	4.5	4.5	8.0	0.7	-9999.9	3	44	-9999.9	50	-9999.9	3	16.0	3
2026 01 23 05	0.46	0.42	4.2	4.3	9.0	0.64	-9999.9	3	50	-9999.9	51	-9999.9	3	16.0	3
2026 01 23 06	0.41	0.37	4.0	4.1	9.7	0.64	-9999.9	3	58	-9999.9	52	-9999.9	3	16.0	3
2026 01 23 07	0.35	0.33	4.3	4.3	10.1	0.48	-9999.9	3	58	-9999.9	52	-9999.9	3	16.0	3
2026 01 23 08	0.34	0.32	4.0	4.0	10.2	0.53	-9999.9	3	66	-9999.9	51	-9999.9	3	16.0	3
2026 01 23 09	0.37	0.33	3.8	3.9	9.7	0.53	-9999.9	3	78	-9999.9	48	-9999.9	3	16.0	3
2026 01 23 10	0.32	0.29	3.0	3.3	9.4	0.55	-9999.9	3	46	-9999.9	53	-9999.9	3	16.0	3
2026 01 23 11	0.44	0.41	2.7	2.8	3.1	0.68	-9999.9	3	5	-9999.9	39	-9999.9	3	16.1	3
2026 01 23 12	0.33	0.3	2.7	2.8	9.8	0.47	-9999.9	3	14	-9999.9	48	-9999.9	3	16.1	3
2026 01 23 13	0.34	0.31	2.3	2.5	3.8	0.63	-9999.9	3	345	-9999.9	40	-9999.9	3	16.0	3
2026 01 23 14	0.34	0.32	2.4	2.5	5.4	0.54	-9999.9	3	346	-9999.9	39	-9999.9	3	16.1	3
2026 01 23 15	0.31	0.29	3.3	4.7	7.1	0.55	-9999.9	3	33	-9999.9	49	-9999.9	3	16.1	3
2026 01 23 16	0.29	0.29	3.0	4.0	6.9	0.49	-9999.9	3	11	-9999.9	47	-9999.9	3	16.1	3
2026 01 23 17	0.35	0.33	3.3	4.0	7.4	0.6	-9999.9	3	18	-9999.9	49	-9999.9	3	16.0	3
2026 01 23 18	0.38	0.36	3.9	4.1	6.8	0.58	-9999.9	3	11	-9999.9	45	-9999.9	3	16.1	3
2026 01 23 19	0.41	0.39	4.0	4.0	5.7	0.76	-9999.9	3	13	-9999.9	45	-9999.9	3	16.0	3
2026 01 23 20	0.38	0.36	3.9	4.0	5.3	0.63	-9999.9	3	16	-9999.9	48	-9999.9	3	16.0	3
2026 01 23 21	0.38	0.36	3.5	3.7	5.1	0.61	-9999.9	3	28	-9999.9	47	-9999.9	3	16.0	3
2026 01 23 22	0.36	0.34	3.8	3.7	5.3	0.53	-9999.9	3	32	-9999.9	47	-9999.9	3	16.0	3
2026 01 23 23	0.33	0.32	3.3	3.7	5.9	0.7	-9999.9	3	35	-9999.9	48	-9999.9	3	16.0	3
2026 01 24 00	0.44	0.42	2.4	2.5	2.4	0.78	-9999.9	3	343	-9999.9	36	-9999.9	3	15.9	3
2026 01 24 01	0.62	0.58	2.6	2.7	3.4	0.92	-9999.9	3	343	-9999.9	36	-9999.9	3	15.9	3
2026 01 24 02	0.56	0.52	2.7	3.0	7.6	0.92	-9999.9	3	351	-9999.9	41	-9999.9	3	15.9	3
2026 01 24 03	0.57	0.53	2.6	2.7	6.6	0.88	-9999.9	3	345	-9999.9	37	-9999.9	3	15.9	3
2026 01 24 04	0.56	0.51	3.1	3.3	8.5	1.02	-9999.9	3	355	-9999.9	45	-9999.9	3	15.9	3
2026 01 24 05	0.57	0.56	4.2	4.4	8.4	1.15	-9999.9	3	9	-9999.9	48	-9999.9	3	15.8	3
2026 01 24 06	0.53	0.5	3.8	4.4	8.6	0.83	-9999.9	3	7	-9999.9	48	-9999.9	3	15.8	3
2026 01 24 07	0.61	0.59	4.3	4.4	7.0	0.92	-9999.9	3	10	-9999.9	48	-9999.9	3	15.8	3
2026 01 24 08	0.57	0.52	3.3	3.5	8.2	0.92	-9999.9	3	46	-9999.9	48	-9999.9	3	15.9	3
2026 01 24 09	0.53	0.48	3.8	3.9	7.9	0.91	-9999.9	3	44	-9999.9	50	-9999.9	3	15.9	3
2026 01 24 10	0.57	0.54	4.2	4.2	8.0	0.84	-9999.9	3	40	-9999.9	51	-9999.9	3	15.9	3
2026 01 24 11	0.54	0.5	3.2	3.7	7.6	0.89	-9999.9	3	28	-9999.9	49	-9999.9	3	15.9	3
2026 01 24 12	0.52	0.47	3.1	3.4	7.4	0.78	-9999.9	3	19	-9999.9	47	-9999.9	3	15.9	3
2026 01 24 13	0.49	0.44	2.8	3.3	8.5	0.73	-9999.9	3	18	-9999.9	44	-9999.9	3	15.9	3
2026 01 24 14	0.51	0.46	2.6	2.8	6.0	0.82	-9999.9	3	357	-9999.9	39	-9999.9	3	15.9	3
2026 01 24 15	0.41	0.37	2.8	3.1	9.5	0.67	-9999.9	3	20	-9999.9	47	-9999.9	3	15.9	3
2026 01 24 16	0.42	0.39	2.7	2.9	6.9	0.6	-9999.9	3	7	-9999.9	44	-9999.9	3	15.9	3
2026 01 24 17	0.42	0.39	2.5	2.8	5.9	0.63	-9999.9	3	356	-9999.9	44	-9999.9	3	15.9	3
2026 01 24 18	0.47	0.43	2.5	2.7	6.1	0.69	-9999.9	3	351	-9999.9	41	-9999.9	3	15.9	3
2026 01 24 19	0.45	0.43	2.4	2.6	5.8	0.76	-9999.9	3	349	-9999.9	41	-9999.9	3	15.8	3
2026 01 24 20	0.42	0.4	2.4	2.5	4.8	0.62	-9999.9	3	349	-9999.9	41	-9999.9	3	15.9	3
2026 01 24 21	0.47	0.45	2.4	2.4	2.8	0.72	-9999.9	3	336	-9999.9	39	-9999.9	3	15.8	3
2026 01 24 22	0.53	0.5	2.5	2.7	4.7	0.84	-9999.9	3	346	-9999.9	40	-9999.9	3	15.8	3
2026 01 24 23	0.48	0.45	2.6	2.7	7.3	0.75	-9999.9	3	351	-9999.9	40	-9999.9	3	15.8	3
2026 01 25 00	0.41	0.39	2.8	3.1	7.5	0.56	-9999.9	3	359	-9999.9	47	-9999.9	3	15.7	3
2026 01 25 01	0.45	0.41	2.6	2.8	7.7	0.76	-9999.9	3	355	-9999.9	43	-9999.9	3	15.7	3
2026 01 25 02	0.5	0.44	2.4	2.7	7.9	0.88	-9999.9	3	347	-9999.9	45	-9999.9	3	15.7	3
2026 01 25 03	0.54	0.5	2.6	2.8	8.0	0.79	-9999.9	3	350	-9999.9	43	-9999.9	3	15.8	3
2026 01 25 04	0.59	0.54	2.6	2.7	7.7	0.98	-9999.9	3	346	-9999.9	41	-9999.9	3	15.8	3
2026 01 25 05	0.65	0.58	2.6	2.7	7.1	1.0	-9999.9	3	348	-9999.9	43	-9999.9	3	15.8	3
2026 01 25 06	0.56	0.52	2.7	2.9	8.2	0.85	-9999.9	3	359	-9999.9	47	-9999.9	3	15.7	3
2026 01 25 07	0.54	0.49	3.6	3.9	8.4	0.84	-9999.9	3	11	-9999.9	47	-9999.9	3	15.7	3
2026 01 25 08	0.56	0.55	5.3	5.1	8.2	0.81	-9999.9	3	12	-9999.9	49	-9999.9	3	15.8	3
2026 01 25 09	0.55	0.52	4.9	4.9	8.0	1.0	-9999.9	3	23	-9999.9	51	-9999.9	3	15.8	3
2026 01 25 10	0.57	0.53	4.6	4.7	8.6	1.04	-9999.9	3	22	-9999.9	52	-9999.9	3	15.8	3
2026 01 25 11	0.52	0.5	4.5	4.8	8.4	1.02	-9999.9	3	33	-9999.9	55	-9999.9	3	15.8	3
2026 01 25 12	0.51	0.47	4.0	4.9	8.1	0.8	-9999.9	3	22	-9999.9	53	-9999.9	3	15.9	3
2026 01 25 13	0.48	0.47	4.0	4.8	7.9	0.79	-9999.9	3	32	-9999.9	50	-9999.9	3	15.9	3
2026 01 25 14	0.53	0.47	2.9	3.2	7.9	0.85	-9999.9	3	16	-9999.9	47	-9999.9	3	16.0	3
2026 01 25 15	0.47	0.44	2.9	3.2	7.0	0.74	-9999.9	3	10	-9999.9	49	-9999.9	3	16.0	3
2026 01 25 16	0.43	0.4	3.1	3.7	7.2	0.7	-9999.9	3	34	-9999.9	53	-9999.9	3	15.9	3
2026 01 25 17	0.45	0.42	3.4	3.8	7.4	0.68	-9999.9	3	20	-9999.9	48	-9999.9	3	15.9	3
2026 01 25 18	0.53	0.48	2.8	3.1	7.6	0.82	-9999.9	3	10	-9999.9	48	-9999.9	3	15.8	3
2026 01 25 19	0.55	0.51	3.3	3.6	8.5	0.86	-9999.9	3	26	-9999.9	49	-9999.9	3	15.8	3
2026 01 25 20	0.61	0.58	5.4	5.6	8.0	0.92	-9999.9	3	16	-9999.9	48	-9999.9	3	15.8	3
2026 01 25 21	0.57	0.53	5.0	5.0	7.9	0.84	-9999.9	3	17	-9999.9	48	-9999.9	3	15.8	3
2026 01 25 22	0.64	0.61	4.3	4.5	8.0	0.99	-9999.9	3	21	-9999.9	47	-9999.9	3	15.8	3
2026 01 25 23	0.58	0.55	4.6	4.8	7.8	1.01	-9999.9	3	21	-9999.9	47	-9999.9	3	15.8	3
2026 01 26 00	0.69	0.67	5.4	5.5	8.2	0.98	-9999.9	3	19	-9999.9	47	-9999.9	3	15.8	3
2026 01 26 01	0.59	0.55	4.8	4.9	7.9	0.99	-9999.9	3	24	-9999.9	46	-9999.9	3	15.8	3
2026 01 26 02	0.49	0.46	4.0	4.1	5.6	0.79	-9999.9	3	30	-9999.9	48	-9999.9	3	15.8	3
2026 01 26 03	0.52	0.49	4.4	4.4	7.4	0.88	-9999.9	3	35	-9999.9	48	-9999.9	3	15.8	3
2026 01 26 04	0.52	0.5	4.3	4.3	6.8	0.77	-9999.9	3	32	-9999.9	47	-9999.9	3	15.8	3
2026 01 26 05	0.51	0.49	4.6	4.4	6.6	0.71	-9999.9	3	28	-9999.9	50	-9999.9	3	15.8	3
2026 01 26 06	0.49	0.47	4.4	4.6	6.9	0.87	-9999.9	3	34	-9999.9	46	-9999.9	3	15.8	3
2026 01 26 07	0.45	0.43	4.2	4.3	7.0	0.68	-9999.9	3	33	-9999.9	49	-9999.9	3	15.8	3
2026 01 26 08	0.41	0.38	4.1	4.2	8.0	0.57	-9999.9	3	39	-9999.9	52	-9999.9	3	15.8	3
2026 01 26 09	0.39	0.36	4.1	4.1	8.3	0.58	-9999.9	3	42	-9999.9	53	-9999.9	3	15.8	3
2026 01 26 10	0.4	0.37	4.3	4.3	8.4	0.61	-9999.9	3	37	-9999.9	50	-9999.9	3	15.8	3
2026 01 26 11	0.44	0.41	4.4	4.5	7.5	0.66	-9999.9	3	27	-9999.9	48	-9999.9	3	15.9	3
2026 01 26 12	0.45	0.42	4.2	4.6	7.0	0.78	-9999.9	3	24	-9999.9	44	-9999.9	3	15.9	3
2026 01 26 13	0.43	0.41	4.5	4.6	5.8	0.82	-9999.9	3	18	-9999.9	45	-9999.9	3	15.9	3
2026 01 26 14	0.46	0.44	4.2	4.5	6.4	0.71	-9999.9	3	21	-9999.9	43	-9999.9	3	15.9	3
2026 01 26 15	0.38	0.37	4.0	4.2	5.9	0.55	-9999.9	3	24	-9999.9	48	-9999.9	3	16.0	3
2026 01 26 16	0.41	0.39	4.2	4.4	5.6	0.64	-9999.9	3	24	-9999.9	43	-9999.9	3	16.0	3
2026 01 26 17	0.38	0.36	3.5	3.9	5.9	0.62	-9999.9	3	21	-9999.9	47	-9999.9	3	15.9	3
2026 01 26 18	0.41	0.38	4.0	4.2	5.8	0.62	-9999.9	3	21	-9999.9	43	-9999.9	3	15.9	3
2026 01 26 19	0.37	0.35	3.9	4.1	5.4	0.66	-9999.9	3	21	-9999.9	46	-9999.9	3	15.9	3
2026 01 26 20	0.38	0.36	4.2	4.2	6.6	0.59	-9999.9	3	20	-9999.9	45	-9999.9	3	15.9	3
2026 01 26 21	0.46	0.45	4.5	4.7	6.5	0.72	-9999.9	3	21	-9999.9	41	-9999.9	3	15.9	3
2026 01 26 22	0.41	0.39	4.0	4.1	6.3	0.64	-9999.9	3	20	-9999.9	45	-9999.9	3	15.9	3
2026 01 26 23	0.38	0.36	3.9	4.0	5.4	0.55	-9999.9	3	24	-9999.9	46	-9999.9	3	15.9	3
2026 01 27 00	0.44	0.42	4.1	4.2	5.9	0.64	-9999.9	3	23	-9999.9	45	-9999.9	3	15.9	3
2026 01 27 01	0.44	0.42	4.0	4.1	5.6	0.79	-9999.9	3	20	-9999.9	46	-9999.9	3	15.8	3
2026 01 27 02	0.41	0.39	3.9	4.1	5.6	0.74	-9999.9	3	24	-9999.9	48	-9999.9	3	15.8	3
2026 01 27 03	0.43	0.41	4.0	4.3	6.2	0.7	-9999.9	3	21	-9999.9	47	-9999.9	3	15.8	3
2026 01 27 04	0.4	0.38	4.4	4.3	5.5	0.56	-9999.9	3	16	-9999.9	47	-9999.9	3	15.8	3
2026 01 27 05	0.39	0.37	4.2	4.4	6.1	0.61	-9999.9	3	25	-9999.9	47	-9999.9	3	15.8	3
2026 01 27 06	0.4	0.37	4.0	4.1	5.4	0.6	-9999.9	3	28	-9999.9	49	-9999.9	3	15.8	3
2026 01 27 07	0.39	0.36	3.9	4.1	5.5	0.69	-9999.9	3	31	-9999.9	48	-9999.9	3	15.8	3
2026 01 27 08	0.38	0.35	4.1	4.2	5.4	0.52	-9999.9	3	32	-9999.9	48	-9999.9	3	15.8	3
2026 01 27 09	0.37	0.34	4.0	4.2	5.9	0.53	-9999.9	3	33	-9999.9	51	-9999.9	3	15.8	3
2026 01 27 10	0.38	0.36	3.9	4.0	5.5	0.67	-9999.9	3	30	-9999.9	49	-9999.9	3	15.8	3
2026 01 27 11	0.36	0.35	4.3	4.3	5.3	0.62	-9999.9	3	25	-9999.9	46	-9999.9	3	15.9	3
2026 01 27 12	0.34	0.33	4.3	4.3	5.4	0.52	-9999.9	3	21	-9999.9	49	-9999.9	3	15.9	3
2026 01 27 13	0.35	0.33	4.3	4.5	5.6	0.63	-9999.9	3	22	-9999.9	47	-9999.9	3	15.9	3
2026 01 27 14	0.31	0.29	4.1	4.2	5.7	0.44	-9999.9	3	24	-9999.9	47	-9999.9	3	16.0	3
2026 01 27 15	0.31	0.29	4.3	4.3	5.8	0.47	-9999.9	3	24	-9999.9	51	-9999.9	3	16.0	3
2026 01 27 16	0.39	0.36	2.5	2.6	4.3	0.6	-9999.9	3	356	-9999.9	40	-9999.9	3	15.9	3
2026 01 27 17	0.34	0.32	2.9	3.1	6.2	0.54	-9999.9	3	13	-9999.9	46	-9999.9	3	15.9	3
2026 01 27 18	0.34	0.34	3.7	4.1	5.6	0.6	-9999.9	3	20	-9999.9	47	-9999.9	3	15.9	3
2026 01 27 19	0.35	0.34	3.9	4.4	6.2	0.55	-9999.9	3	12	-9999.9	46	-9999.9	3	15.9	3
2026 01 27 20	0.41	0.39	4.2	4.3	6.4	0.65	-9999.9	3	9	-9999.9	45	-9999.9	3	15.9	3
2026 01 27 21	0.5	0.47	3.3	3.8	8.5	0.69	-9999.9	3	9	-9999.9	45	-9999.9	3	15.8	3
2026 01 27 22	0.51	0.47	3.5	3.8	7.6	0.71	-9999.9	3	12	-9999.9	47	-9999.9	3	15.9	3
2026 01 27 23	0.58	0.55	4.4	4.5	6.9	0.83	-9999.9	3	10	-9999.9	42	-9999.9	3	15.8	3
2026 01 28 00	0.65	0.64	3.8	4.2	7.3	0.97	-9999.9	3	9	-9999.9	42	-9999.9	3	15.8	3
2026 01 28 01	0.7	0.68	4.5	4.4	7.3	1.06	-9999.9	3	14	-9999.9	44	-9999.9	3	15.8	3
2026 01 28 02	0.74	0.72	4.3	4.4	7.1	1.12	-9999.9	3	19	-9999.9	42	-9999.9	3	15.8	3
2026 01 28 03	0.67	0.64	4.1	4.2	7.1	0.98	-9999.9	3	17	-9999.9	43	-9999.9	3	15.8	3
2026 01 28 04	0.64	0.61	4.2	4.2	6.3	1.02	-9999.9	3	19	-9999.9	43	-9999.9	3	15.8	3
2026 01 28 05	0.67	0.63	4.3	4.4	6.9	0.94	-9999.9	3	16	-9999.9	39	-9999.9	3	15.8	3
2026 01 28 06	0.62	0.59	4.2	4.3	6.5	0.92	-9999.9	3	17	-9999.9	40	-9999.9	3	15.8	3
2026 01 28 07	0.58	0.55	4.0	4.1	6.1	0.97	-9999.9	3	19	-9999.9	40	-9999.9	3	15.8	3
2026 01 28 08	0.55	0.53	4.2	4.3	6.6	0.95	-9999.9	3	17	-9999.9	40	-9999.9	3	15.7	3
2026 01 28 09	0.47	0.45	4.3	4.3	6.1	0.8	-9999.9	3	18	-9999.9	42	-9999.9	3	15.8	3
2026 01 28 10	0.41	0.39	4.3	4.4	5.7	0.75	-9999.9	3	24	-9999.9	46	-9999.9	3	15.8	3
2026 01 28 11	0.34	0.31	4.4	4.6	7.0	0.49	-9999.9	3	33	-9999.9	47	-9999.9	3	15.8	3
2026 01 28 12	0.28	0.26	4.4	4.5	7.1	0.44	-9999.9	3	42	-9999.9	52	-9999.9	3	15.8	3
2026 01 28 13	0.23	0.22	3.7	4.6	7.6	0.39	-9999.9	3	35	-9999.9	53	-9999.9	3	15.8	3
2026 01 28 14	0.24	0.22	3.6	5.5	8.6	0.36	-9999.9	3	30	-9999.9	59	-9999.9	3	15.9	3
2026 01 28 15	0.34	0.33	4.2	5.6	7.9	0.56	-9999.9	3	15	-9999.9	49	-9999.9	3	15.9	3
2026 01 28 16	0.69	0.62	2.9	3.0	6.0	1.02	-9999.9	3	354	-9999.9	38	-9999.9	3	15.9	3
2026 01 28 17	0.93	0.87	3.5	3.5	9.4	1.37	-9999.9	3	5	-9999.9	42	-9999.9	3	15.8	3
2026 01 28 18	0.86	0.82	4.0	4.1	8.8	1.64	-9999.9	3	8	-9999.9	46	-9999.9	3	15.8	3
2026 01 28 19	0.79	0.74	4.2	4.3	7.5	1.24	-9999.9	3	13	-9999.9	48	-9999.9	3	15.8	3
2026 01 28 20	0.85	0.83	4.4	4.3	6.3	1.4	-9999.9	3	13	-9999.9	46	-9999.9	3	15.8	3
2026 01 28 21	0.88	0.82	4.3	4.3	7.5	1.47	-9999.9	3	15	-9999.9	45	-9999.9	3	15.8	3
2026 01 28 22	0.77	0.73	4.3	4.4	7.2	1.28	-9999.9	3	15	-9999.9	45	-9999.9	3	15.8	3
2026 01 28 23	0.81	0.78	4.4	4.5	6.7	1.34	-9999.9	3	15	-9999.9	43	-9999.9	3	15.8	3
2026 01 29 00	0.7	0.67	4.2	4.4	6.8	1.24	-9999.9	3	20	-9999.9	46	-9999.9	3	15.8	3
2026 01 29 01	0.59	0.57	4.2	4.6	6.2	0.82	-9999.9	3	25	-9999.9	47	-9999.9	3	15.8	3
2026 01 29 02	0.54	0.51	4.5	4.6	6.7	1.03	-9999.9	3	25	-9999.9	51	-9999.9	3	15.8	3
2026 01 29 03	0.56	0.53	4.1	4.5	7.5	0.96	-9999.9	3	27	-9999.9	49	-9999.9	3	15.8	3
2026 01 29 04	0.51	0.48	4.8	5.0	8.0	0.7	-9999.9	3	29	-9999.9	47	-9999.9	3	15.8	3
2026 01 29 05	0.46	0.43	4.6	4.8	7.0	0.74	-9999.9	3	29	-9999.9	49	-9999.9	3	15.8	3
2026 01 29 06	0.48	0.45	4.4	4.7	7.6	0.85	-9999.9	3	25	-9999.9	49	-9999.9	3	15.8	3
2026 01 29 07	0.65	0.62	4.8	4.9	8.4	0.98	-9999.9	3	18	-9999.9	44	-9999.9	3	15.8	3
2026 01 29 08	0.66	0.62	4.5	4.7	8.0	1.04	-9999.9	3	17	-9999.9	43	-9999.9	3	15.8	3
2026 01 29 09	0.72	0.67	4.4	4.4	8.2	1.14	-9999.9	3	11	-9999.9	44	-9999.9	3	15.9	3
2026 01 29 10	0.77	0.74	4.3	4.7	7.6	1.15	-9999.9	3	14	-9999.9	37	-9999.9	3	15.9	3
2026 01 29 11	0.74	0.69	4.1	4.2	7.9	1.14	-9999.9	3	11	-9999.9	40	-9999.9	3	15.9	3
2026 01 29 12	0.78	0.73	4.3	4.5	7.4	1.21	-9999.9	3	15	-9999.9	39	-9999.9	3	16.0	3
2026 01 29 13	0.74	0.71	4.0	4.3	5.9	1.21	-9999.9	3	17	-9999.9	39	-9999.9	3	16.0	3
2026 01 29 14	0.77	0.74	4.2	4.4	6.1	1.19	-9999.9	3	15	-9999.9	42	-9999.9	3	16.0	3
2026 01 29 15	0.76	0.73	3.9	4.0	7.2	1.31	-9999.9	3	10	-9999.9	40	-9999.9	3	16.0	3
2026 01 29 16	0.77	0.75	4.2	4.3	7.3	1.11	-9999.9	3	15	-9999.9	40	-9999.9	3	16.0	3
2026 01 29 17	0.77	0.72	4.2	4.5	7.8	1.24	-9999.9	3	14	-9999.9	41	-9999.9	3	16.0	3
2026 01 29 18	0.7	0.66	4.3	4.7	8.0	1.21	-9999.9	3	15	-9999.9	42	-9999.9	3	16.0	3
2026 01 29 19	0.77	0.75	4.4	4.5	6.8	1.11	-9999.9	3	16	-9999.9	43	-9999.9	3	16.0	3
2026 01 29 20	0.77	0.74	4.1	4.3	8.1	1.34	-9999.9	3	11	-9999.9	44	-9999.9	3	16.0	3
2026 01 29 21	0.73	0.7	4.4	4.5	8.0	1.09	-9999.9	3	12	-9999.9	42	-9999.9	3	16.0	3
2026 01 29 22	0.64	0.61	4.3	4.5	7.5	0.94	-9999.9	3	9	-9999.9	42	-9999.9	3	16.0	3
2026 01 29 23	0.71	0.69	4.4	4.7	8.1	1.14	-9999.9	3	12	-9999.9	42	-9999.9	3	16.0	3
2026 01 30 00	0.65	0.61	4.6	4.6	7.2	0.91	-9999.9	3	11	-9999.9	43	-9999.9	3	16.0	3
2026 01 30 01	0.6	0.57	4.5	4.5	7.9	0.82	-9999.9	3	14	-9999.9	47	-9999.9	3	16.0	3
2026 01 30 02	0.56	0.52	4.5	4.8	8.3	0.86	-9999.9	3	24	-9999.9	49	-9999.9	3	16.0	3
2026 01 30 03	0.59	0.54	4.0	4.7	7.7	0.98	-9999.9	3	23	-9999.9	48	-9999.9	3	15.9	3
2026 01 30 04	0.65	0.61	4.7	4.9	8.0	0.98	-9999.9	3	19	-9999.9	49	-9999.9	3	15.9	3
2026 01 30 05	0.61	0.58	4.5	4.7	8.2	1.01	-9999.9	3	29	-9999.9	44	-9999.9	3	15.9	3
2026 01 30 06	0.59	0.56	4.7	4.7	7.9	1.02	-9999.9	3	36	-9999.9	48	-9999.9	3	15.9	3
2026 01 30 07	0.56	0.52	4.5	4.5	8.2	1.06	-9999.9	3	39	-9999.9	46	-9999.9	3	15.9	3
2026 01 30 08	0.49	0.46	4.4	4.4	7.8	0.64	-9999.9	3	43	-9999.9	50	-9999.9	3	15.9	3
2026 01 30 09	0.5	0.47	4.2	4.5	7.9	0.73	-9999.9	3	48	-9999.9	51	-9999.9	3	16.0	3
2026 01 30 10	0.45	0.43	4.5	4.6	8.1	0.81	-9999.9	3	47	-9999.9	49	-9999.9	3	16.0	3
2026 01 30 11	0.42	0.41	3.8	4.4	7.5	0.73	-9999.9	3	47	-9999.9	52	-9999.9	3	16.0	3
2026 01 30 12	0.35	0.33	3.5	4.4	8.9	0.54	-9999.9	3	52	-9999.9	53	-9999.9	3	16.0	3
2026 01 30 13	0.38	0.36	3.5	4.7	7.3	0.63	-9999.9	3	51	-9999.9	52	-9999.9	3	16.1	3
2026 01 30 14	0.36	0.35	4.1	4.7	7.7	0.52	-9999.9	3	40	-9999.9	51	-9999.9	3	16.1	3
2026 01 30 15	0.41	0.4	4.2	4.5	7.5	0.71	-9999.9	3	39	-9999.9	50	-9999.9	3	16.1	3
2026 01 30 16	0.37	0.36	4.0	4.3	7.0	0.52	-9999.9	3	29	-9999.9	48	-9999.9	3	16.1	3
2026 01 30 17	0.35	0.34	3.5	4.2	7.3	0.6	-9999.9	3	26	-9999.9	53	-9999.9	3	16.1	3
2026 01 30 18	0.37	0.35	3.7	4.3	6.9	0.62	-9999.9	3	22	-9999.9	47	-9999.9	3	16.1	3
2026 01 30 19	0.35	0.33	3.0	4.1	6.5	0.56	-9999.9	3	21	-9999.9	49	-9999.9	3	16.1	3
2026 01 30 20	0.32	0.32	3.1	3.7	6.7	0.59	-9999.9	3	19	-9999.9	48	-9999.9	3	16.0	3
2026 01 30 21	0.32	0.29	2.8	3.4	6.9	0.51	-9999.9	3	23	-9999.9	48	-9999.9	3	16.0	3
2026 01 30 22	0.35	0.33	2.8	3.1	5.7	0.55	-9999.9	3	10	-9999.9	48	-9999.9	3	16.0	3
2026 01 30 23	0.4	0.36	2.7	3.2	6.3	0.77	-9999.9	3	6	-9999.9	46	-9999.9	3	16.0	3
2026 01 31 00	0.51	0.48	3.2	3.3	7.1	0.84	-9999.9	3	3	-9999.9	42	-9999.9	3	16.0	3
2026 01 31 01	0.57	0.54	3.6	4.1	7.9	0.92	-9999.9	3	12	-9999.9	45	-9999.9	3	16.0	3
2026 01 31 02	0.8	0.74	3.3	3.4	7.8	1.27	-9999.9	3	5	-9999.9	41	-9999.9	3	15.9	3
2026 01 31 03	0.85	0.81	3.4	3.6	8.2	1.37	-9999.9	3	8	-9999.9	44	-9999.9	3	15.9	3
2026 01 31 04	0.97	0.92	3.6	3.7	6.8	1.55	-9999.9	3	6	-9999.9	40	-9999.9	3	15.9	3
2026 01 31 05	0.86	0.8	3.4	3.4	6.0	1.48	-9999.9	3	4	-9999.9	40	-9999.9	3	15.9	3
2026 01 31 06	0.84	0.77	3.3	3.4	7.7	1.16	-9999.9	3	3	-9999.9	44	-9999.9	3	15.8	3
2026 01 31 07	0.79	0.74	3.3	3.4	8.2	1.16	-9999.9	3	9	-9999.9	43	-9999.9	3	15.8	3
2026 01 31 08	0.77	0.71	3.1	3.3	8.4	1.16	-9999.9	3	3	-9999.9	45	-9999.9	3	15.7	3
2026 01 31 09	0.81	0.74	3.0	3.2	7.9	1.22	-9999.9	3	4	-9999.9	44	-9999.9	3	15.7	3
2026 01 31 10	0.85	0.8	3.0	3.1	5.5	1.25	-9999.9	3	4	-9999.9	42	-9999.9	3	15.7	3
2026 01 31 11	0.9	0.83	2.9	3.1	6.7	1.49	-9999.9	3	7	-9999.9	44	-9999.9	3	15.7	3
2026 01 31 12	0.79	0.73	2.8	3.0	6.9	1.5	-9999.9	3	9	-9999.9	45	-9999.9	3	15.8	3
2026 01 31 13	0.73	0.66	2.9	3.1	8.2	1.02	-9999.9	3	14	-9999.9	46	-9999.9	3	15.8	3
2026 01 31 14	0.73	0.68	2.9	3.0	6.4	1.22	-9999.9	3	8	-9999.9	43	-9999.9	3	15.8	3
2026 01 31 15	0.69	0.63	2.9	3.0	6.7	1.29	-9999.9	3	9	-9999.9	45	-9999.9	3	15.8	3
2026 01 31 16	0.64	0.59	3.0	3.3	8.2	1.02	-9999.9	3	17	-9999.9	48	-9999.9	3	15.8	3
2026 01 31 17	0.6	0.55	3.3	3.6	8.5	0.92	-9999.9	3	25	-9999.9	53	-9999.9	3	15.8	3
2026 01 31 18	0.58	0.53	3.3	3.6	7.8	0.89	-9999.9	3	22	-9999.9	50	-9999.9	3	15.9	3
2026 01 31 19	0.59	0.55	3.2	3.4	7.9	0.91	-9999.9	3	19	-9999.9	47	-9999.9	3	15.9	3
2026 01 31 20	0.56	0.52	3.5	3.7	7.7	0.84	-9999.9	3	19	-9999.9	47	-9999.9	3	15.9	3
2026 01 31 21	0.56	0.52	3.6	4.0	8.2	1.15	-9999.9	3	21	-9999.9	48	-9999.9	3	15.9	3
2026 01 31 22	0.55	0.5	3.1	3.4	7.8	0.93	-9999.9	3	17	-9999.9	45	-9999.9	3	15.9	3
2026 01 31 23	0.56	0.51	3.0	3.2	7.5	0.85	-9999.9	3	15	-9999.9	44	-9999.9	3	15.9	3
2026 02 01 00	0.63	0.58	2.8	2.9	5.5	0.99	-9999.9	3	357	-9999.9	42	-9999.9	3	15.8	3
2026 02 01 01	0.52	0.49	3.1	3.3	7.7	0.79	-9999.9	3	26	-9999.9	47	-9999.9	3	15.8	3
2026 02 01 02	0.54	0.5	3.1	3.5	8.2	0.88	-9999.9	3	30	-9999.9	48	-9999.9	3	15.8	3
2026 02 01 03	0.56	0.53	3.4	3.6	7.2	0.92	-9999.9	3	27	-9999.9	46	-9999.9	3	15.8	3
2026 02 01 04	0.53	0.5	3.9	4.2	6.3	0.78	-9999.9	3	28	-9999.9	49	-9999.9	3	15.8	3
2026 02 01 05	0.49	0.46	4.2	4.4	6.9	0.72	-9999.9	3	38	-9999.9	49	-9999.9	3	15.8	3
2026 02 01 06	0.47	0.45	4.3	4.4	7.0	0.66	-9999.9	3	31	-9999.9	51	-9999.9	3	15.8	3
2026 02 01 07	0.46	0.44	4.2	4.3	7.0	0.72	-9999.9	3	38	-9999.9	53	-9999.9	3	15.8	3
2026 02 01 08	0.44	0.41	4.0	4.2	5.9	0.7	-9999.9	3	43	-9999.9	51	-9999.9	3	15.8	3
2026 02 01 09	0.48	0.45	4.2	4.2	6.1	0.63	-9999.9	3	38	-9999.9	48	-9999.9	3	15.8	3
2026 02 01 10	0.41	0.39	4.1	4.1	5.5	0.61	-9999.9	3	38	-9999.9	50	-9999.9	3	15.9	3
2026 02 01 11	0.41	0.38	4.0	4.2	5.6	0.65	-9999.9	3	47	-9999.9	49	-9999.9	3	16.0	3
2026 02 01 12	0.41	0.4	4.2	4.3	6.2	0.76	-9999.9	3	48	-9999.9	49	-9999.9	3	16.0	3
2026 02 01 13	0.36	0.34	4.0	4.1	6.1	0.6	-9999.9	3	44	-9999.9	51	-9999.9	3	16.1	3
2026 02 01 14	0.37	0.35	4.3	4.3	5.9	0.58	-9999.9	3	46	-9999.9	50	-9999.9	3	16.1	3
2026 02 01 15	0.37	0.36	4.0	4.2	6.2	0.62	-9999.9	3	48	-9999.9	52	-9999.9	3	16.1	3
2026 02 01 16	0.38	0.35	3.8	3.9	5.7	0.69	-9999.9	3	73	-9999.9	51	-9999.9	3	16.1	3
2026 02 01 17	0.36	0.34	3.8	4.2	6.6	0.57	-9999.9	3	47	-9999.9	52	-9999.9	3	16.1	3
2026 02 01 18	0.33	0.31	3.8	4.0	6.2	0.49	-9999.9	3	48	-9999.9	53	-9999.9	3	16.0	3
2026 02 01 19	0.33	0.32	4.3	4.2	6.6	0.52	-9999.9	3	45	-9999.9	50	-9999.9	3	16.0	3
2026 02 01 20	0.31	0.29	4.0	3.8	8.0	0.45	-9999.9	3	46	-9999.9	52	-9999.9	3	16.0	3
2026 02 01 21	0.33	0.3	3.9	4.0	6.8	0.51	-9999.9	3	50	-9999.9	52	-9999.9	3	16.0	3
2026 02 01 22	0.34	0.33	4.0	4.1	5.4	0.51	-9999.9	3	44	-9999.9	52	-9999.9	3	16.0	3
2026 02 01 23	0.35	0.32	4.2	4.3	6.2	0.56	-9999.9	3	41	-9999.9	50	-9999.9	3	15.9	3
2026 02 02 00	0.36	0.33	3.9	4.0	6.5	0.53	-9999.9	3	44	-9999.9	50	-9999.9	3	15.9	3
2026 02 02 01	0.34	0.31	3.8	3.8	5.4	0.54	-9999.9	3	43	-9999.9	50	-9999.9	3	15.9	3
2026 02 02 02	0.35	0.32	3.5	3.7	5.4	0.52	-9999.9	3	44	-9999.9	49	-9999.9	3	15.9	3
2026 02 02 03	0.35	0.32	3.5	3.6	5.4	0.71	-9999.9	3	41	-9999.9	49	-9999.9	3	15.9	3
2026 02 02 04	0.34	0.31	3.5	3.7	5.3	0.54	-9999.9	3	44	-9999.9	51	-9999.9	3	15.9	3
2026 02 02 05	0.33	0.3	3.5	3.7	5.5	0.46	-9999.9	3	47	-9999.9	51	-9999.9	3	15.9	3
2026 02 02 06	0.32	0.3	3.8	3.8	5.0	0.6	-9999.9	3	49	-9999.9	50	-9999.9	3	15.9	3
2026 02 02 07	0.3	0.28	3.8	3.7	4.6	0.53	-9999.9	3	49	-9999.9	51	-9999.9	3	15.9	3
2026 02 02 08	0.28	0.26	3.5	3.6	4.8	0.48	-9999.9	3	52	-9999.9	53	-9999.9	3	15.9	3
2026 02 02 09	0.26	0.25	3.4	3.4	4.7	0.37	-9999.9	3	52	-9999.9	52	-9999.9	3	15.9	3
2026 02 02 10	0.25	0.23	2.9	3.0	5.2	0.35	-9999.9	3	67	-9999.9	48	-9999.9	3	15.9	3
2026 02 02 11	0.53	0.52	2.4	2.4	2.6	1.01	-9999.9	3	319	-9999.9	27	-9999.9	3	15.9	3
2026 02 02 12	0.57	0.56	2.4	2.5	2.8	0.91	-9999.9	3	338	-9999.9	34	-9999.9	3	15.9	3
2026 02 02 13	0.44	0.44	2.2	2.4	2.4	0.75	-9999.9	3	343	-9999.9	41	-9999.9	3	15.9	3
2026 02 02 14	0.36	0.33	2.5	2.8	7.0	0.53	-9999.9	3	357	-9999.9	47	-9999.9	3	15.8	3
2026 02 02 15	0.37	0.34	2.4	3.0	7.6	0.66	-9999.9	3	357	-9999.9	51	-9999.9	3	15.8	3
2026 02 02 16	0.33	0.32	4.0	4.5	7.6	0.61	-9999.9	3	22	-9999.9	54	-9999.9	3	15.8	3
2026 02 02 17	0.4	0.38	5.0	4.9	6.9	0.57	-9999.9	3	61	-9999.9	55	-9999.9	3	15.8	3
2026 02 02 18	0.43	0.41	4.8	4.8	7.2	0.74	-9999.9	3	66	-9999.9	53	-9999.9	3	15.8	3
2026 02 02 19	0.37	0.35	4.5	4.6	5.3	0.53	-9999.9	3	55	-9999.9	53	-9999.9	3	15.8	3
2026 02 02 20	0.37	0.35	4.2	4.4	5.7	0.62	-9999.9	3	62	-9999.9	56	-9999.9	3	15.8	3
2026 02 02 21	0.44	0.41	3.4	3.5	5.6	0.81	-9999.9	3	91	-9999.9	47	-9999.9	3	15.8	3
2026 02 02 22	0.4	0.37	3.4	3.5	6.1	0.71	-9999.9	3	86	-9999.9	51	-9999.9	3	15.8	3
2026 02 02 23	0.4	0.37	3.6	3.8	6.6	0.66	-9999.9	3	74	-9999.9	50	-9999.9	3	15.8	3
2026 02 03 00	0.38	0.36	3.8	3.9	7.2	0.64	-9999.9	3	82	-9999.9	48	-9999.9	3	15.7	3
2026 02 03 01	0.3	0.28	4.0	4.2	6.6	0.54	-9999.9	3	79	-9999.9	49	-9999.9	3	15.7	3
2026 02 03 02	0.26	0.25	4.2	4.5	7.3	0.42	-9999.9	3	68	-9999.9	52	-9999.9	3	15.7	3
2026 02 03 03	0.26	0.25	4.6	4.8	6.9	0.41	-9999.9	3	63	-9999.9	51	-9999.9	3	15.7	3
2026 02 03 04	0.27	0.26	4.6	4.8	6.4	0.44	-9999.9	3	68	-9999.9	51	-9999.9	3	15.7	3
2026 02 03 05	0.28	0.27	4.3	4.4	6.3	0.48	-9999.9	3	64	-9999.9	53	-9999.9	3	15.7	3
2026 02 03 06	0.3	0.28	3.7	3.8	6.1	0.48	-9999.9	3	58	-9999.9	51	-9999.9	3	15.7	3
2026 02 03 07	0.29	0.28	3.9	4.1	5.5	0.45	-9999.9	3	52	-9999.9	52	-9999.9	3	15.7	3
2026 02 03 08	0.32	0.31	4.7	4.6	5.7	0.56	-9999.9	3	35	-9999.9	47	-9999.9	3	15.7	3
2026 02 03 09	0.33	0.32	4.6	4.6	5.8	0.54	-9999.9	3	27	-9999.9	46	-9999.9	3	15.7	3
2026 02 03 10	0.37	0.37	4.6	4.6	5.6	0.62	-9999.9	3	34	-9999.9	50	-9999.9	3	15.7	3
2026 02 03 11	0.32	0.3	3.7	3.9	5.5	0.63	-9999.9	3	33	-9999.9	51	-9999.9	3	15.7	3
2026 02 03 12	0.28	0.26	4.0	4.2	5.3	0.45	-9999.9	3	36	-9999.9	51	-9999.9	3	15.7	3
2026 02 03 13	0.24	0.22	3.7	4.2	5.2	0.36	-9999.9	3	41	-9999.9	52	-9999.9	3	15.6	3
2026 02 03 14	0.23	0.21	3.1	3.4	5.8	0.37	-9999.9	3	47	-9999.9	51	-9999.9	3	15.7	3
2026 02 03 15	0.21	0.2	3.7	3.9	6.1	0.3	-9999.9	3	63	-9999.9	53	-9999.9	3	15.7	3
2026 02 03 16	0.2	0.19	4.0	4.2	6.1	0.29	-9999.9	3	65	-9999.9	54	-9999.9	3	15.7	3
2026 02 03 17	0.19	0.18	3.6	3.8	5.9	0.32	-9999.9	3	59	-9999.9	54	-9999.9	3	15.7	3
2026 02 03 18	0.21	0.2	3.6	3.7	5.7	0.38	-9999.9	3	52	-9999.9	54	-9999.9	3	15.7	3
2026 02 03 19	0.21	0.2	3.4	3.6	5.6	0.39	-9999.9	3	46	-9999.9	52	-9999.9	3	15.7	3
2026 02 03 20	0.24	0.23	3.0	3.2	5.5	0.43	-9999.9	3	53	-9999.9	54	-9999.9	3	15.7	3
2026 02 03 21	0.24	0.23	3.5	3.6	5.5	0.37	-9999.9	3	47	-9999.9	54	-9999.9	3	15.7	3
2026 02 03 22	0.26	0.25	3.5	3.6	5.3	0.42	-9999.9	3	44	-9999.9	54	-9999.9	3	15.7	3
2026 02 03 23	0.27	0.26	3.7	3.7	5.5	0.4	-9999.9	3	50	-9999.9	53	-9999.9	3	15.7	3
2026 02 04 00	0.24	0.23	3.5	3.5	5.5	0.34	-9999.9	3	51	-9999.9	55	-9999.9	3	15.6	3
2026 02 04 01	0.24	0.23	3.4	3.4	5.7	0.38	-9999.9	3	51	-9999.9	53	-9999.9	3	15.6	3
2026 02 04 02	0.26	0.24	3.3	3.5	5.4	0.43	-9999.9	3	49	-9999.9	55	-9999.9	3	15.6	3
2026 02 04 03	0.28	0.26	3.2	3.3	6.0	0.45	-9999.9	3	55	-9999.9	54	-9999.9	3	15.6	3
2026 02 04 04	0.29	0.27	3.8	3.9	5.7	0.43	-9999.9	3	59	-9999.9	52	-9999.9	3	15.6	3
2026 02 04 05	0.27	0.26	4.0	4.0	5.7	0.45	-9999.9	3	59	-9999.9	53	-9999.9	3	15.6	3
2026 02 04 06	0.24	0.23	3.8	3.9	5.8	0.44	-9999.9	3	66	-9999.9	52	-9999.9	3	15.6	3
2026 02 04 07	0.23	0.22	4.1	4.1	6.4	0.4	-9999.9	3	79	-9999.9	49	-9999.9	3	15.6	3
2026 02 04 08	0.23	0.23	2.8	3.7	5.6	0.42	-9999.9	3	69	-9999.9	54	-9999.9	3	15.6	3
2026 02 04 09	0.19	0.18	2.7	3.5	6.1	0.34	-9999.9	3	52	-9999.9	54	-9999.9	3	15.6	3
2026 02 04 10	0.19	0.18	3.7	4.5	5.7	0.29	-9999.9	3	46	-9999.9	51	-9999.9	3	15.7	3
2026 02 04 11	0.27	0.25	3.8	4.8	8.5	0.39	-9999.9	3	33	-9999.9	50	-9999.9	3	15.7	3
2026 02 04 12	0.32	0.31	4.4	5.7	9.1	0.49	-9999.9	3	18	-9999.9	50	-9999.9	3	15.8	3
2026 02 04 13	0.36	0.33	3.5	4.3	6.8	0.56	-9999.9	3	16	-9999.9	43	-9999.9	3	15.8	3
2026 02 04 14	0.43	0.39	2.9	3.1	6.0	0.62	-9999.9	3	14	-9999.9	43	-9999.9	3	15.8	3
2026 02 04 15	0.43	0.39	3.1	3.3	7.0	0.75	-9999.9	3	20	-9999.9	50	-9999.9	3	15.8	3
2026 02 04 16	0.42	0.4	3.0	3.5	7.7	0.66	-9999.9	3	14	-9999.9	52	-9999.9	3	15.8	3
2026 02 04 17	0.45	0.41	3.3	3.8	6.7	0.89	-9999.9	3	17	-9999.9	50	-9999.9	3	15.8	3
2026 02 04 18	0.47	0.45	4.1	4.3	7.5	0.68	-9999.9	3	21	-9999.9	52	-9999.9	3	15.8	3
2026 02 04 19	0.53	0.5	4.6	4.7	7.9	0.76	-9999.9	3	21	-9999.9	49	-9999.9	3	15.8	3
2026 02 04 20	0.53	0.5	4.5	4.6	8.1	0.74	-9999.9	3	24	-9999.9	50	-9999.9	3	15.8	3
2026 02 04 21	0.55	0.51	4.1	4.3	6.0	0.92	-9999.9	3	26	-9999.9	48	-9999.9	3	15.8	3
2026 02 04 22	0.56	0.53	4.4	4.5	8.4	0.9	-9999.9	3	31	-9999.9	49	-9999.9	3	15.8	3
2026 02 04 23	0.57	0.53	4.2	4.4	7.3	0.94	-9999.9	3	31	-9999.9	51	-9999.9	3	15.8	3
2026 02 05 00	0.58	0.55	4.1	4.3	7.3	0.92	-9999.9	3	37	-9999.9	49	-9999.9	3	15.7	3
2026 02 05 01	0.57	0.55	4.1	4.2	6.3	0.86	-9999.9	3	39	-9999.9	51	-9999.9	3	15.7	3
2026 02 05 02	0.58	0.55	4.0	4.1	7.6	0.97	-9999.9	3	40	-9999.9	51	-9999.9	3	15.7	3
2026 02 05 03	0.56	0.54	3.8	3.9	7.1	1.04	-9999.9	3	40	-9999.9	49	-9999.9	3	15.7	3
2026 02 05 04	0.6	0.56	3.9	4.1	8.8	0.92	-9999.9	3	43	-9999.9	50	-9999.9	3	15.7	3
2026 02 05 05	0.51	0.49	3.6	3.7	5.8	0.77	-9999.9	3	37	-9999.9	52	-9999.9	3	15.7	3
2026 02 05 06	0.53	0.5	4.0	4.1	7.5	0.84	-9999.9	3	43	-9999.9	47	-9999.9	3	15.7	3
2026 02 05 07	0.56	0.52	4.0	4.2	6.5	0.79	-9999.9	3	45	-9999.9	49	-9999.9	3	15.7	3
2026 02 05 08	0.5	0.48	4.2	4.1	6.1	0.76	-9999.9	3	40	-9999.9	49	-9999.9	3	15.7	3
2026 02 05 09	0.48	0.46	4.0	4.2	6.2	0.76	-9999.9	3	45	-9999.9	50	-9999.9	3	15.7	3
2026 02 05 10	0.5	0.48	4.3	4.2	5.6	0.78	-9999.9	3	39	-9999.9	44	-9999.9	3	15.9	3
2026 02 05 11	0.47	0.44	4.3	4.4	6.3	0.82	-9999.9	3	42	-9999.9	43	-9999.9	3	16.0	3
2026 02 05 12	0.44	0.42	3.8	4.1	5.8	0.77	-9999.9	3	45	-9999.9	47	-9999.9	3	16.0	3
2026 02 05 13	0.41	0.39	3.3	3.8	5.8	0.63	-9999.9	3	42	-9999.9	49	-9999.9	3	16.0	3
2026 02 05 14	0.38	0.37	3.0	3.3	6.8	0.59	-9999.9	3	35	-9999.9	48	-9999.9	3	16.0	3
2026 02 05 15	0.32	0.3	3.8	4.3	7.6	0.47	-9999.9	3	67	-9999.9	48	-9999.9	3	15.9	3
2026 02 05 16	0.3	0.29	2.6	3.5	7.6	0.61	-9999.9	3	43	-9999.9	52	-9999.9	3	15.9	3
2026 02 05 17	0.5	0.48	2.4	2.6	2.4	0.83	-9999.9	3	353	-9999.9	38	-9999.9	3	15.8	3
2026 02 05 18	0.42	0.39	2.7	3.1	6.6	0.67	-9999.9	3	16	-9999.9	48	-9999.9	3	15.8	3
2026 02 05 19	0.42	0.4	4.5	4.6	7.5	0.6	-9999.9	3	16	-9999.9	48	-9999.9	3	15.8	3
2026 02 05 20	0.41	0.38	4.1	4.7	7.6	0.68	-9999.9	3	18	-9999.9	53	-9999.9	3	15.8	3
2026 02 05 21	0.44	0.43	4.0	4.4	6.4	0.68	-9999.9	3	24	-9999.9	51	-9999.9	3	15.8	3
2026 02 05 22	0.43	0.41	4.5	4.6	7.3	0.74	-9999.9	3	32	-9999.9	47	-9999.9	3	15.7	3
2026 02 05 23	0.42	0.4	4.4	4.4	5.3	0.77	-9999.9	3	32	-9999.9	48	-9999.9	3	15.7	3
2026 02 06 00	0.42	0.4	3.4	4.2	7.4	0.72	-9999.9	3	32	-9999.9	50	-9999.9	3	15.7	3
2026 02 06 01	0.39	0.37	4.3	4.5	6.8	0.55	-9999.9	3	42	-9999.9	54	-9999.9	3	15.7	3
2026 02 06 02	0.43	0.4	4.2	4.2	5.7	0.74	-9999.9	3	39	-9999.9	51	-9999.9	3	15.7	3
2026 02 06 03	0.45	0.42	4.1	4.1	5.8	0.63	-9999.9	3	40	-9999.9	48	-9999.9	3	15.7	3
2026 02 06 04	0.44	0.41	4.1	4.1	7.9	0.73	-9999.9	3	46	-9999.9	51	-9999.9	3	15.7	3
2026 02 06 05	0.42	0.39	4.0	4.3	8.7	0.67	-9999.9	3	62	-9999.9	49	-9999.9	3	15.7	3
2026 02 06 06	0.39	0.36	4.0	4.2	7.7	0.54	-9999.9	3	64	-9999.9	52	-9999.9	3	15.7	3
2026 02 06 07	0.42	0.39	4.1	4.3	7.8	0.64	-9999.9	3	60	-9999.9	50	-9999.9	3	15.7	3
2026 02 06 08	0.4	0.37	3.9	4.1	8.2	0.64	-9999.9	3	55	-9999.9	49	-9999.9	3	15.7	3
2026 02 06 09	0.39	0.38	4.1	4.1	7.6	0.68	-9999.9	3	53	-9999.9	49	-9999.9	3	15.7	3
2026 02 06 10	0.39	0.36	3.9	4.2	8.0	0.66	-9999.9	3	48	-9999.9	49	-9999.9	3	15.7	3
2026 02 06 11	0.39	0.37	3.7	3.8	7.6	0.61	-9999.9	3	46	-9999.9	46	-9999.9	3	15.9	3
2026 02 06 12	0.36	0.34	3.6	4.0	6.6	0.62	-9999.9	3	47	-9999.9	51	-9999.9	3	16.1	3
2026 02 06 13	0.37	0.34	3.4	3.9	6.0	0.76	-9999.9	3	37	-9999.9	49	-9999.9	3	16.0	3
2026 02 06 14	0.42	0.38	2.7	2.8	5.2	0.64	-9999.9	3	16	-9999.9	45	-9999.9	3	15.9	3
2026 02 06 15	0.37	0.35	3.3	3.6	5.2	0.53	-9999.9	3	47	-9999.9	53	-9999.9	3	15.8	3
2026 02 06 16	0.3	0.28	4.0	4.4	5.8	0.47	-9999.9	3	34	-9999.9	48	-9999.9	3	15.8	3
2026 02 06 17	0.28	0.26	4.6	4.7	7.1	0.41	-9999.9	3	24	-9999.9	52	-9999.9	3	15.7	3
2026 02 06 18	0.28	0.26	3.1	4.3	6.8	0.51	-9999.9	3	39	-9999.9	54	-9999.9	3	15.7	3
2026 02 06 19	0.26	0.24	4.3	4.5	6.6	0.43	-9999.9	3	38	-9999.9	54	-9999.9	3	15.7	3
2026 02 06 20	0.26	0.24	4.2	4.3	6.3	0.35	-9999.9	3	47	-9999.9	57	-9999.9	3	15.8	3
2026 02 06 21	0.27	0.25	4.1	4.2	6.8	0.4	-9999.9	3	59	-9999.9	58	-9999.9	3	15.7	3
2026 02 06 22	0.24	0.22	4.1	4.3	6.3	0.36	-9999.9	3	54	-9999.9	58	-9999.9	3	15.7	3
2026 02 06 23	0.27	0.26	4.3	4.2	6.5	0.41	-9999.9	3	40	-9999.9	57	-9999.9	3	15.7	3
2026 02 07 00	0.28	0.29	2.6	3.2	6.0	0.58	-9999.9	3	22	-9999.9	54	-9999.9	3	15.7	3
2026 02 07 01	0.28	0.27	4.6	4.8	6.4	0.39	-9999.9	3	32	-9999.9	53	-9999.9	3	15.7	3
2026 02 07 02	0.27	0.27	4.5	4.9	6.3	0.44	-9999.9	3	36	-9999.9	51	-9999.9	3	15.6	3
2026 02 07 03	0.4	0.39	2.3	2.4	3.2	0.72	-9999.9	3	353	-9999.9	39	-9999.9	3	15.6	3
2026 02 07 04	0.36	0.34	2.7	3.0	7.1	0.56	-9999.9	3	18	-9999.9	51	-9999.9	3	15.7	3
2026 02 07 05	0.36	0.34	2.8	3.2	7.1	0.55	-9999.9	3	26	-9999.9	53	-9999.9	3	15.7	3
2026 02 07 06	0.36	0.34	3.6	3.9	7.1	0.56	-9999.9	3	26	-9999.9	54	-9999.9	3	15.7	3
2026 02 07 07	0.33	0.32	3.8	3.8	6.7	0.48	-9999.9	3	30	-9999.9	58	-9999.9	3	15.7	3
2026 02 07 08	0.34	0.32	3.3	3.5	5.4	0.65	-9999.9	3	50	-9999.9	56	-9999.9	3	15.7	3
2026 02 07 09	0.36	0.33	3.4	3.6	6.4	0.62	-9999.9	3	54	-9999.9	53	-9999.9	3	15.8	3
2026 02 07 10	0.41	0.38	3.1	3.3	7.2	0.61	-9999.9	3	62	-9999.9	48	-9999.9	3	15.8	3
2026 02 07 11	0.42	0.39	3.4	3.4	6.9	0.63	-9999.9	3	70	-9999.9	47	-9999.9	3	15.9	3
2026 02 07 12	0.43	0.4	3.7	4.0	7.8	0.7	-9999.9	3	69	-9999.9	45	-9999.9	3	16.0	3
2026 02 07 13	0.44	0.41	4.1	4.3	7.7	0.75	-9999.9	3	67	-9999.9	49	-9999.9	3	16.1	3
2026 02 07 14	0.42	0.39	3.9	4.1	8.2	0.76	-9999.9	3	68	-9999.9	49	-9999.9	3	16.2	3
2026 02 07 15	0.42	0.4	4.1	4.3	8.6	0.69	-9999.9	3	69	-9999.9	49	-9999.9	3	16.3	3
2026 02 07 16	0.38	0.36	4.0	4.1	8.0	0.61	-9999.9	3	63	-9999.9	50	-9999.9	3	16.3	3
2026 02 07 17	0.34	0.32	3.5	3.8	7.4	0.58	-9999.9	3	63	-9999.9	51	-9999.9	3	16.2	3
2026 02 07 18	0.32	0.29	3.7	3.8	7.3	0.5	-9999.9	3	65	-9999.9	50	-9999.9	3	16.2	3
2026 02 07 19	0.4	0.42	2.9	2.6	3.2	0.84	-9999.9	3	15	-9999.9	45	-9999.9	3	16.1	3
2026 02 07 20	0.45	0.44	2.5	2.6	2.6	0.86	-9999.9	3	8	-9999.9	44	-9999.9	3	16.0	3
2026 02 07 21	0.35	0.33	3.2	3.6	6.0	0.56	-9999.9	3	32	-9999.9	50	-9999.9	3	15.9	3
2026 02 07 22	0.26	0.25	3.3	3.6	5.7	0.44	-9999.9	3	39	-9999.9	51	-9999.9	3	15.9	3
2026 02 07 23	0.22	0.21	3.5	3.9	7.8	0.37	-9999.9	3	40	-9999.9	50	-9999.9	3	15.9	3
2026 02 08 00	0.23	0.22	4.8	4.9	7.4	0.35	-9999.9	3	36	-9999.9	50	-9999.9	3	15.8	3
2026 02 08 01	0.24	0.23	4.4	4.5	6.9	0.34	-9999.9	3	69	-9999.9	57	-9999.9	3	15.8	3
2026 02 08 02	0.38	0.35	2.5	2.7	6.2	0.66	-9999.9	3	12	-9999.9	40	-9999.9	3	15.8	3
2026 02 08 03	0.25	0.24	3.0	3.3	6.3	0.37	-9999.9	3	36	-9999.9	51	-9999.9	3	15.8	3
2026 02 08 04	0.23	0.23	4.5	4.5	6.3	0.46	-9999.9	3	40	-9999.9	51	-9999.9	3	15.8	3
2026 02 08 05	0.2	0.19	4.6	5.0	6.8	0.36	-9999.9	3	39	-9999.9	52	-9999.9	3	15.8	3
2026 02 08 06	0.2	0.19	2.6	3.2	7.0	0.35	-9999.9	3	26	-9999.9	53	-9999.9	3	15.8	3
2026 02 08 07	0.24	0.24	2.5	3.4	7.3	0.39	-9999.9	3	16	-9999.9	53	-9999.9	3	15.8	3
2026 02 08 08	0.34	0.32	2.4	2.6	5.3	0.52	-9999.9	3	5	-9999.9	41	-9999.9	3	15.8	3
2026 02 08 09	0.35	0.34	2.4	2.7	5.0	0.53	-9999.9	3	7	-9999.9	46	-9999.9	3	15.8	3
2026 02 08 10	0.41	0.39	2.4	2.5	4.4	0.66	-9999.9	3	353	-9999.9	42	-9999.9	3	15.8	3
2026 02 08 11	0.39	0.36	2.5	2.6	4.2	0.61	-9999.9	3	351	-9999.9	41	-9999.9	3	15.8	3
2026 02 08 12	0.44	0.41	2.4	2.6	4.6	0.8	-9999.9	3	350	-9999.9	41	-9999.9	3	15.8	3
2026 02 08 13	0.47	0.44	2.5	2.8	7.1	0.73	-9999.9	3	4	-9999.9	43	-9999.9	3	15.8	3
2026 02 08 14	0.53	0.49	2.8	3.0	6.9	0.83	-9999.9	3	4	-9999.9	44	-9999.9	3	15.8	3
2026 02 08 15	0.59	0.55	2.7	2.9	5.2	0.91	-9999.9	3	359	-9999.9	42	-9999.9	3	15.8	3
2026 02 08 16	0.61	0.58	3.0	3.0	6.4	1.02	-9999.9	3	8	-9999.9	44	-9999.9	3	15.8	3
2026 02 08 17	0.62	0.6	2.9	3.0	4.9	0.92	-9999.9	3	10	-9999.9	42	-9999.9	3	15.8	3
2026 02 08 18	0.67	0.62	2.7	2.9	6.3	1.18	-9999.9	3	8	-9999.9	46	-9999.9	3	15.7	3
2026 02 08 19	0.63	0.58	2.9	3.1	7.3	1.06	-9999.9	3	18	-9999.9	44	-9999.9	3	15.7	3
2026 02 08 20	0.6	0.56	3.3	3.5	7.3	0.96	-9999.9	3	27	-9999.9	48	-9999.9	3	15.7	3
2026 02 08 21	0.51	0.48	3.9	4.1	7.5	0.82	-9999.9	3	38	-9999.9	49	-9999.9	3	15.7	3
2026 02 08 22	0.49	0.48	4.2	4.1	6.6	0.83	-9999.9	3	36	-9999.9	54	-9999.9	3	15.7	3
2026 02 08 23	0.51	0.48	4.5	4.5	6.1	0.78	-9999.9	3	43	-9999.9	52	-9999.9	3	15.7	3
2026 02 09 00	0.47	0.44	4.4	4.7	6.8	0.82	-9999.9	3	44	-9999.9	52	-9999.9	3	15.7	3
2026 02 09 01	0.48	0.46	4.5	4.5	6.9	0.76	-9999.9	3	47	-9999.9	51	-9999.9	3	15.7	3
2026 02 09 02	0.46	0.44	3.8	4.0	6.7	0.72	-9999.9	3	58	-9999.9	51	-9999.9	3	15.7	3
2026 02 09 03	0.44	0.42	3.9	4.0	6.1	0.68	-9999.9	3	55	-9999.9	54	-9999.9	3	15.7	3
2026 02 09 04	0.39	0.37	3.8	4.0	5.8	0.59	-9999.9	3	61	-9999.9	53	-9999.9	3	15.7	3
2026 02 09 05	0.38	0.35	3.8	4.1	6.6	0.64	-9999.9	3	55	-9999.9	51	-9999.9	3	15.7	3
2026 02 09 06	0.37	0.35	4.0	4.1	5.6	0.6	-9999.9	3	58	-9999.9	52	-9999.9	3	15.7	3
2026 02 09 07	0.34	0.33	3.8	3.9	6.3	0.55	-9999.9	3	61	-9999.9	51	-9999.9	3	15.7	3
2026 02 09 08	0.32	0.3	3.6	3.7	5.8	0.57	-9999.9	3	69	-9999.9	55	-9999.9	3	15.7	3
2026 02 09 09	0.32	0.3	3.1	3.7	5.5	0.62	-9999.9	3	68	-9999.9	51	-9999.9	3	15.7	3
2026 02 09 10	0.29	0.28	2.5	3.1	5.6	0.47	-9999.9	3	43	-9999.9	52	-9999.9	3	15.7	3
2026 02 09 11	0.35	0.33	2.1	2.4	2.3	0.52	-9999.9	3	353	-9999.9	43	-9999.9	3	15.8	3
2026 02 09 12	0.32	0.32	2.1	2.4	2.1	0.49	-9999.9	3	355	-9999.9	46	-9999.9	3	15.8	3
2026 02 09 13	0.32	0.3	2.3	2.6	4.0	0.58	-9999.9	3	3	-9999.9	46	-9999.9	3	15.9	3
2026 02 09 14	0.35	0.34	2.3	2.5	2.9	0.6	-9999.9	3	346	-9999.9	43	-9999.9	3	15.9	3
2026 02 09 15	0.36	0.34	2.3	2.6	3.2	0.62	-9999.9	3	1	-9999.9	42	-9999.9	3	15.9	3
2026 02 09 16	0.28	0.26	2.8	3.4	6.4	0.43	-9999.9	3	15	-9999.9	50	-9999.9	3	15.9	3
2026 02 09 17	0.27	0.25	3.1	4.3	6.8	0.5	-9999.9	3	23	-9999.9	50	-9999.9	3	15.9	3
2026 02 09 18	0.32	0.3	2.8	3.9	6.8	0.53	-9999.9	3	40	-9999.9	52	-9999.9	3	15.9	3
2026 02 09 19	0.31	0.29	3.1	4.0	7.4	0.52	-9999.9	3	43	-9999.9	52	-9999.9	3	15.9	3
2026 02 09 20	0.3	0.29	4.2	4.5	7.1	0.44	-9999.9	3	47	-9999.9	53	-9999.9	3	15.9	3
2026 02 09 21	0.29	0.29	4.5	4.6	6.6	0.5	-9999.9	3	39	-9999.9	51	-9999.9	3	15.9	3
2026 02 09 22	0.33	0.32	4.5	4.7	6.5	0.54	-9999.9	3	33	-9999.9	47	-9999.9	3	15.9	3
2026 02 09 23	0.32	0.3	4.4	4.5	5.9	0.5	-9999.9	3	28	-9999.9	51	-9999.9	3	15.9	3
2026 02 10 00	0.34	0.34	4.7	4.6	6.6	0.62	-9999.9	3	22	-9999.9	47	-9999.9	3	15.9	3
2026 02 10 01	0.35	0.34	3.6	4.2	6.3	0.6	-9999.9	3	31	-9999.9	50	-9999.9	3	15.9	3
2026 02 10 02	0.33	0.32	4.1	4.6	7.1	0.57	-9999.9	3	25	-9999.9	52	-9999.9	3	15.9	3
2026 02 10 03	0.35	0.33	3.9	4.7	6.9	0.51	-9999.9	3	25	-9999.9	51	-9999.9	3	15.9	3
2026 02 10 04	0.34	0.33	3.8	4.7	7.3	0.61	-9999.9	3	29	-9999.9	52	-9999.9	3	15.9	3
2026 02 10 05	0.33	0.31	3.2	3.9	6.7	0.58	-9999.9	3	24	-9999.9	50	-9999.9	3	15.9	3
2026 02 10 06	0.32	0.31	4.1	4.5	7.2	0.65	-9999.9	3	33	-9999.9	52	-9999.9	3	15.9	3
2026 02 10 07	0.32	0.31	4.2	4.7	8.0	0.52	-9999.9	3	35	-9999.9	54	-9999.9	3	15.9	3
2026 02 10 08	0.32	0.31	4.1	4.6	6.8	0.65	-9999.9	3	29	-9999.9	52	-9999.9	3	15.9	3
2026 02 10 09	0.35	0.34	4.0	4.3	6.9	0.59	-9999.9	3	27	-9999.9	53	-9999.9	3	15.9	3
2026 02 10 10	0.35	0.32	3.3	3.9	7.0	0.59	-9999.9	3	26	-9999.9	49	-9999.9	3	15.9	3
2026 02 10 11	0.35	0.33	4.2	4.8	7.2	0.57	-9999.9	3	26	-9999.9	50	-9999.9	3	15.9	3
2026 02 10 12	0.34	0.33	3.8	4.7	6.6	0.59	-9999.9	3	26	-9999.9	46	-9999.9	3	15.9	3
2026 02 10 13	0.39	0.37	3.2	3.8	7.2	0.64	-9999.9	3	22	-9999.9	46	-9999.9	3	16.0	3
2026 02 10 14	0.39	0.37	3.7	4.1	7.1	0.71	-9999.9	3	24	-9999.9	50	-9999.9	3	16.0	3
2026 02 10 15	0.4	0.37	3.4	4.1	6.4	0.64	-9999.9	3	35	-9999.9	48	-9999.9	3	16.0	3
2026 02 10 16	0.34	0.33	3.8	4.2	5.7	0.57	-9999.9	3	25	-9999.9	50	-9999.9	3	16.0	3
2026 02 10 17	0.37	0.36	4.3	4.7	5.7	0.67	-9999.9	3	33	-9999.9	47	-9999.9	3	16.0	3
2026 02 10 18	0.37	0.35	4.6	4.9	6.4	0.54	-9999.9	3	29	-9999.9	46	-9999.9	3	16.0	3
2026 02 10 19	0.37	0.34	2.6	3.2	6.8	0.76	-9999.9	3	13	-9999.9	48	-9999.9	3	16.0	3
2026 02 10 20	0.4	0.37	2.8	3.2	7.2	0.74	-9999.9	3	18	-9999.9	45	-9999.9	3	16.0	3
2026 02 10 21	0.41	0.38	3.1	3.5	7.1	0.64	-9999.9	3	24	-9999.9	50	-9999.9	3	16.0	3
2026 02 10 22	0.36	0.34	3.2	4.3	7.2	0.63	-9999.9	3	32	-9999.9	54	-9999.9	3	16.0	3
2026 02 10 23	0.34	0.32	4.4	4.7	7.6	0.52	-9999.9	3	34	-9999.9	51	-9999.9	3	15.9	3
2026 02 11 00	0.35	0.34	4.5	4.6	7.4	0.6	-9999.9	3	37	-9999.9	50	-9999.9	3	15.9	3
2026 02 11 01	0.34	0.32	4.7	4.6	7.2	0.46	-9999.9	3	36	-9999.9	49	-9999.9	3	15.9	3
2026 02 11 02	0.37	0.35	4.7	4.7	7.5	0.58	-9999.9	3	43	-9999.9	54	-9999.9	3	15.9	3
2026 02 11 03	0.37	0.36	4.9	4.8	7.0	0.51	-9999.9	3	43	-9999.9	48	-9999.9	3	15.9	3
2026 02 11 04	0.36	0.34	3.2	3.9	7.6	0.54	-9999.9	3	33	-9999.9	52	-9999.9	3	15.9	3
2026 02 11 05	0.34	0.32	4.2	4.4	7.4	0.5	-9999.9	3	47	-9999.9	50	-9999.9	3	15.9	3
2026 02 11 06	0.33	0.31	4.1	4.5	7.3	0.56	-9999.9	3	48	-9999.9	50	-9999.9	3	15.9	3
2026 02 11 07	0.32	0.3	3.7	4.2	6.9	0.55	-9999.9	3	47	-9999.9	52	-9999.9	3	15.9	3
2026 02 11 08	0.29	0.28	4.0	4.4	7.2	0.46	-9999.9	3	44	-9999.9	52	-9999.9	3	15.9	3
2026 02 11 09	0.33	0.31	4.5	4.7	7.2	0.6	-9999.9	3	42	-9999.9	52	-9999.9	3	15.9	3
2026 02 11 10	0.33	0.31	4.9	5.1	7.2	0.56	-9999.9	3	56	-9999.9	54	-9999.9	3	16.0	3
2026 02 11 11	0.33	0.32	4.0	4.9	7.2	0.53	-9999.9	3	51	-9999.9	55	-9999.9	3	16.0	3
2026 02 11 12	0.36	0.35	4.9	5.1	7.2	0.59	-9999.9	3	57	-9999.9	52	-9999.9	3	16.1	3
2026 02 11 13	0.4	0.37	3.2	3.8	6.9	0.69	-9999.9	3	40	-9999.9	49	-9999.9	3	16.1	3
2026 02 11 14	0.34	0.33	3.6	4.5	6.4	0.63	-9999.9	3	45	-9999.9	52	-9999.9	3	16.1	3
2026 02 11 15	0.36	0.34	2.9	3.4	6.5	0.57	-9999.9	3	39	-9999.9	50	-9999.9	3	16.1	3
2026 02 11 16	0.35	0.32	3.7	4.2	7.2	0.56	-9999.9	3	56	-9999.9	49	-9999.9	3	16.2	3
2026 02 11 17	0.33	0.32	3.6	4.1	7.2	0.55	-9999.9	3	48	-9999.9	50	-9999.9	3	16.1	3
2026 02 11 18	0.31	0.29	3.9	4.3	7.5	0.52	-9999.9	3	39	-9999.9	50	-9999.9	3	16.1	3
2026 02 11 19	0.29	0.28	4.4	4.5	6.5	0.5	-9999.9	3	39	-9999.9	54	-9999.9	3	16.1	3
2026 02 11 20	0.31	0.3	4.5	4.5	6.7	0.55	-9999.9	3	44	-9999.9	52	-9999.9	3	16.1	3
2026 02 11 21	0.29	0.28	4.3	4.5	7.4	0.5	-9999.9	3	35	-9999.9	50	-9999.9	3	15.9	3
2026 02 11 22	0.33	0.31	3.3	3.6	6.8	0.54	-9999.9	3	24	-9999.9	47	-9999.9	3	15.9	3
2026 02 11 23	0.37	0.34	3.0	3.3	7.1	0.59	-9999.9	3	23	-9999.9	49	-9999.9	3	15.9	3
2026 02 12 00	0.4	0.36	3.1	3.4	7.8	0.63	-9999.9	3	10	-9999.9	47	-9999.9	3	15.9	3
2026 02 12 01	0.43	0.39	3.1	3.2	7.7	0.77	-9999.9	3	7	-9999.9	47	-9999.9	3	16.0	3
2026 02 12 02	0.49	0.46	4.0	4.3	8.2	0.77	-9999.9	3	15	-9999.9	46	-9999.9	3	15.9	3
2026 02 12 03	0.44	0.42	4.7	4.9	7.7	0.67	-9999.9	3	23	-9999.9	46	-9999.9	3	15.9	3
2026 02 12 04	0.41	0.4	4.2	4.3	7.6	0.8	-9999.9	3	26	-9999.9	47	-9999.9	3	15.9	3
2026 02 12 05	0.44	0.42	3.8	4.3	7.6	0.72	-9999.9	3	31	-9999.9	49	-9999.9	3	15.9	3
2026 02 12 06	0.38	0.36	4.0	4.3	7.0	0.57	-9999.9	3	34	-9999.9	51	-9999.9	3	15.9	3
2026 02 12 07	0.37	0.35	4.3	4.5	6.5	0.71	-9999.9	3	39	-9999.9	52	-9999.9	3	15.9	3
2026 02 12 08	0.37	0.35	4.0	4.4	7.2	0.58	-9999.9	3	36	-9999.9	49	-9999.9	3	15.9	3
2026 02 12 09	0.41	0.4	3.9	4.6	7.7	0.77	-9999.9	3	44	-9999.9	50	-9999.9	3	15.9	3
2026 02 12 10	0.38	0.36	4.4	4.7	7.4	0.61	-9999.9	3	45	-9999.9	52	-9999.9	3	16.0	3
2026 02 12 11	0.4	0.38	4.6	4.9	7.5	0.6	-9999.9	3	45	-9999.9	51	-9999.9	3	16.0	3
2026 02 12 12	0.44	0.43	4.0	4.8	7.4	0.68	-9999.9	3	46	-9999.9	51	-9999.9	3	16.0	3
2026 02 12 13	0.42	0.41	3.6	4.3	8.9	0.65	-9999.9	3	37	-9999.9	47	-9999.9	3	16.0	3
2026 02 12 14	0.43	0.4	3.7	4.3	7.1	0.64	-9999.9	3	35	-9999.9	49	-9999.9	3	16.1	3
2026 02 12 15	0.37	0.36	3.3	3.7	6.6	0.78	-9999.9	3	38	-9999.9	50	-9999.9	3	16.1	3
2026 02 12 16	0.38	0.35	3.2	3.9	7.7	0.66	-9999.9	3	40	-9999.9	51	-9999.9	3	16.1	3
2026 02 12 17	0.32	0.29	3.0	3.8	8.9	0.52	-9999.9	3	40	-9999.9	50	-9999.9	3	16.1	3
2026 02 12 18	0.28	0.26	3.6	4.2	6.6	0.53	-9999.9	3	41	-9999.9	54	-9999.9	3	16.1	3
2026 02 12 19	0.3	0.28	4.1	4.5	6.8	0.46	-9999.9	3	47	-9999.9	47	-9999.9	3	16.1	3
2026 02 12 20	0.27	0.27	4.1	4.4	6.7	0.41	-9999.9	3	52	-9999.9	50	-9999.9	3	16.1	3
2026 02 12 21	0.24	0.23	4.7	4.8	7.4	0.42	-9999.9	3	50	-9999.9	51	-9999.9	3	16.0	3
2026 02 12 22	0.23	0.22	4.8	4.8	8.2	0.35	-9999.9	3	53	-9999.9	56	-9999.9	3	16.0	3
2026 02 12 23	0.24	0.22	4.4	4.7	6.4	0.43	-9999.9	3	46	-9999.9	52	-9999.9	3	16.0	3
2026 02 13 00	0.26	0.25	4.4	4.6	6.1	0.4	-9999.9	3	48	-9999.9	50	-9999.9	3	16.0	3
2026 02 13 01	0.28	0.26	4.4	4.5	6.3	0.4	-9999.9	3	49	-9999.9	51	-9999.9	3	16.0	3
2026 02 13 02	0.29	0.27	4.1	4.2	5.3	0.4	-9999.9	3	48	-9999.9	49	-9999.9	3	16.0	3
2026 02 13 03	0.3	0.28	3.8	4.1	5.2	0.44	-9999.9	3	51	-9999.9	49	-9999.9	3	16.0	3
2026 02 13 04	0.31	0.29	3.8	3.8	5.0	0.47	-9999.9	3	50	-9999.9	51	-9999.9	3	16.0	3
2026 02 13 05	0.33	0.32	3.6	3.7	4.3	0.53	-9999.9	3	44	-9999.9	50	-9999.9	3	16.0	3
2026 02 13 06	0.32	0.3	3.7	3.8	4.7	0.53	-9999.9	3	43	-9999.9	54	-9999.9	3	16.0	3
2026 02 13 07	0.36	0.34	3.9	4.1	4.8	0.6	-9999.9	3	44	-9999.9	46	-9999.9	3	16.0	3
2026 02 13 08	0.32	0.31	3.9	4.0	4.9	0.55	-9999.9	3	42	-9999.9	48	-9999.9	3	16.0	3
2026 02 13 09	0.3	0.29	3.9	4.3	5.2	0.58	-9999.9	3	38	-9999.9	49	-9999.9	3	16.0	3
2026 02 13 10	0.4	0.43	2.8	2.7	3.6	0.87	-9999.9	3	350	-9999.9	41	-9999.9	3	16.0	3
2026 02 13 11	0.3	0.29	2.5	2.8	5.3	0.59	-9999.9	3	14	-9999.9	51	-9999.9	3	16.0	3
2026 02 13 12	0.32	0.31	2.5	2.8	6.5	0.51	-9999.9	3	4	-9999.9	48	-9999.9	3	16.0	3
2026 02 13 13	0.38	0.35	2.4	2.6	7.5	0.55	-9999.9	3	349	-9999.9	45	-9999.9	3	16.0	3
2026 02 13 14	0.44	0.39	2.6	3.0	8.1	0.78	-9999.9	3	356	-9999.9	50	-9999.9	3	16.0	3
2026 02 13 15	0.47	0.42	2.8	3.0	8.4	0.76	-9999.9	3	2	-9999.9	49	-9999.9	3	16.0	3
2026 02 13 16	0.44	0.4	3.4	4.2	8.7	0.79	-9999.9	3	8	-9999.9	54	-9999.9	3	16.0	3
2026 02 13 17	0.64	0.6	2.7	2.8	5.2	1.14	-9999.9	3	344	-9999.9	42	-9999.9	3	16.0	3
2026 02 13 18	0.43	0.4	3.9	4.2	8.0	0.72	-9999.9	3	24	-9999.9	52	-9999.9	3	15.9	3
2026 02 13 19	0.42	0.38	3.0	3.5	8.4	0.8	-9999.9	3	20	-9999.9	51	-9999.9	3	15.9	3
2026 02 13 20	0.42	0.38	3.6	4.8	9.1	0.76	-9999.9	3	33	-9999.9	55	-9999.9	3	15.9	3
2026 02 13 21	0.51	0.45	2.6	2.8	8.7	0.83	-9999.9	3	1	-9999.9	47	-9999.9	3	15.9	3
2026 02 13 22	0.53	0.49	2.6	2.7	7.1	0.72	-9999.9	3	350	-9999.9	41	-9999.9	3	15.8	3
2026 02 13 23	0.55	0.49	2.6	2.8	8.9	0.71	-9999.9	3	360	-9999.9	45	-9999.9	3	15.8	3
2026 02 14 00	0.59	0.53	2.6	2.8	8.5	1.09	-9999.9	3	354	-9999.9	46	-9999.9	3	15.8	3
2026 02 14 01	0.58	0.53	2.5	2.6	4.6	0.86	-9999.9	3	346	-9999.9	42	-9999.9	3	15.8	3
2026 02 14 02	0.56	0.49	2.6	2.8	8.4	0.73	-9999.9	3	3	-9999.9	48	-9999.9	3	15.7	3
2026 02 14 03	0.57	0.51	2.6	2.8	8.6	0.79	-9999.9	3	355	-9999.9	48	-9999.9	3	15.7	3
2026 02 14 04	0.73	0.67	2.8	2.9	8.9	1.0	-9999.9	3	352	-9999.9	44	-9999.9	3	15.7	3
2026 02 14 05	0.7	0.64	2.8	2.9	9.1	0.96	-9999.9	3	2	-9999.9	45	-9999.9	3	15.6	3
2026 02 14 06	0.7	0.64	2.9	2.9	8.5	1.09	-9999.9	3	356	-9999.9	44	-9999.9	3	15.6	3
2026 02 14 07	0.67	0.6	3.0	3.1	9.6	0.95	-9999.9	3	7	-9999.9	45	-9999.9	3	15.6	3
2026 02 14 08	0.66	0.6	2.9	3.0	7.8	1.01	-9999.9	3	3	-9999.9	45	-9999.9	3	15.6	3
2026 02 14 09	0.8	0.73	3.1	3.3	8.6	1.21	-9999.9	3	10	-9999.9	45	-9999.9	3	15.5	3
2026 02 14 10	0.78	0.73	3.0	3.1	7.8	1.19	-9999.9	3	4	-9999.9	45	-9999.9	3	15.5	3
2026 02 14 11	0.79	0.74	3.2	3.2	7.7	1.21	-9999.9	3	6	-9999.9	46	-9999.9	3	15.6	3
2026 02 14 12	0.79	0.74	3.2	3.3	9.2	1.32	-9999.9	3	9	-9999.9	49	-9999.9	3	15.6	3
2026 02 14 13	0.8	0.73	3.3	3.4	9.1	1.26	-9999.9	3	9	-9999.9	50	-9999.9	3	15.7	3
2026 02 14 14	0.87	0.79	3.3	3.6	8.1	1.43	-9999.9	3	10	-9999.9	50	-9999.9	3	15.7	3
2026 02 14 15	0.9	0.8	3.4	3.5	8.5	1.52	-9999.9	3	7	-9999.9	46	-9999.9	3	15.7	3
2026 02 14 16	0.87	0.81	3.4	3.4	8.5	1.52	-9999.9	3	9	-9999.9	48	-9999.9	3	15.7	3
2026 02 14 17	0.86	0.8	3.4	3.7	8.2	1.4	-9999.9	3	10	-9999.9	47	-9999.9	3	15.7	3
2026 02 14 18	0.81	0.74	3.3	3.5	8.4	1.27	-9999.9	3	12	-9999.9	47	-9999.9	3	15.7	3
2026 02 14 19	0.76	0.7	3.4	3.7	8.0	1.3	-9999.9	3	14	-9999.9	46	-9999.9	3	15.7	3
2026 02 14 20	0.82	0.74	3.1	3.4	8.0	1.25	-9999.9	3	6	-9999.9	45	-9999.9	3	15.6	3
2026 02 14 21	0.79	0.72	3.2	3.3	7.6	1.25	-9999.9	3	9	-9999.9	43	-9999.9	3	15.6	3
2026 02 14 22	0.69	0.64	3.6	3.8	7.6	1.1	-9999.9	3	17	-9999.9	46	-9999.9	3	15.6	3
2026 02 14 23	0.64	0.58	3.0	3.3	8.1	1.2	-9999.9	3	12	-9999.9	47	-9999.9	3	15.6	3
2026 02 15 00	0.55	0.51	3.0	3.2	8.3	0.86	-9999.9	3	11	-9999.9	46	-9999.9	3	15.6	3
2026 02 15 01	0.57	0.53	2.7	3.0	8.0	0.97	-9999.9	3	5	-9999.9	44	-9999.9	3	15.6	3
2026 02 15 02	0.61	0.56	2.7	2.9	4.8	0.84	-9999.9	3	358	-9999.9	43	-9999.9	3	15.5	3
2026 02 15 03	0.52	0.47	2.7	3.2	6.8	0.86	-9999.9	3	16	-9999.9	48	-9999.9	3	15.5	3
2026 02 15 04	0.51	0.47	2.8	2.9	6.8	0.86	-9999.9	3	13	-9999.9	47	-9999.9	3	15.5	3
2026 02 15 05	0.54	0.49	3.1	3.2	7.4	0.83	-9999.9	3	18	-9999.9	46	-9999.9	3	15.5	3
2026 02 15 06	0.56	0.5	2.7	3.0	6.5	0.83	-9999.9	3	8	-9999.9	41	-9999.9	3	15.5	3
2026 02 15 07	0.47	0.43	3.4	3.6	7.1	0.75	-9999.9	3	29	-9999.9	51	-9999.9	3	15.5	3
2026 02 15 08	0.41	0.38	4.1	4.4	7.9	0.6	-9999.9	3	50	-9999.9	55	-9999.9	3	15.5	3
2026 02 15 09	0.42	0.38	4.1	4.6	8.3	0.64	-9999.9	3	50	-9999.9	53	-9999.9	3	15.5	3
2026 02 15 10	0.47	0.43	2.8	2.9	8.3	0.73	-9999.9	3	20	-9999.9	47	-9999.9	3	15.6	3
2026 02 15 11	0.41	0.37	2.9	3.2	8.5	0.62	-9999.9	3	22	-9999.9	53	-9999.9	3	15.6	3
2026 02 15 12	0.48	0.44	2.8	3.0	8.0	0.86	-9999.9	3	13	-9999.9	51	-9999.9	3	15.6	3
2026 02 15 13	0.55	0.5	2.6	2.7	4.0	0.84	-9999.9	3	341	-9999.9	39	-9999.9	3	15.6	3
2026 02 15 14	0.59	0.54	2.5	2.6	3.2	0.85	-9999.9	3	337	-9999.9	36	-9999.9	3	15.6	3
2026 02 15 15	0.44	0.39	2.8	3.2	8.3	0.7	-9999.9	3	28	-9999.9	50	-9999.9	3	15.6	3
2026 02 15 16	0.39	0.36	3.3	3.8	8.7	0.64	-9999.9	3	48	-9999.9	53	-9999.9	3	15.6	3
2026 02 15 17	0.37	0.36	4.8	5.4	7.9	0.53	-9999.9	3	55	-9999.9	54	-9999.9	3	15.6	3
2026 02 15 18	0.37	0.33	3.3	4.1	8.0	0.57	-9999.9	3	52	-9999.9	54	-9999.9	3	15.6	3
2026 02 15 19	0.4	0.38	3.9	4.9	8.0	0.63	-9999.9	3	57	-9999.9	54	-9999.9	3	15.6	3
2026 02 15 20	0.42	0.37	3.0	3.5	7.6	0.63	-9999.9	3	41	-9999.9	51	-9999.9	3	15.6	3
2026 02 15 21	0.49	0.45	2.8	2.9	6.6	0.84	-9999.9	3	1	-9999.9	43	-9999.9	3	15.6	3
2026 02 15 22	0.56	0.52	2.7	2.7	5.3	1.06	-9999.9	3	351	-9999.9	43	-9999.9	3	15.6	3
2026 02 15 23	0.57	0.52	2.8	2.9	8.0	0.9	-9999.9	3	357	-9999.9	44	-9999.9	3	15.6	3
2026 02 16 00	0.56	0.49	3.0	3.2	8.1	0.9	-9999.9	3	16	-9999.9	47	-9999.9	3	15.5	3
2026 02 16 01	0.56	0.5	3.0	3.1	7.7	0.97	-9999.9	3	7	-9999.9	46	-9999.9	3	15.5	3
2026 02 16 02	0.57	0.53	2.9	3.0	7.5	0.97	-9999.9	3	2	-9999.9	43	-9999.9	3	15.5	3
2026 02 16 03	0.51	0.46	2.8	3.0	8.8	0.78	-9999.9	3	12	-9999.9	47	-9999.9	3	15.5	3
2026 02 16 04	0.55	0.5	2.5	2.7	6.4	0.83	-9999.9	3	357	-9999.9	44	-9999.9	3	15.5	3
2026 02 16 05	0.5	0.46	2.7	2.9	8.9	0.9	-9999.9	3	17	-9999.9	48	-9999.9	3	15.5	3
2026 02 16 06	0.62	0.55	2.6	2.8	6.1	1.06	-9999.9	3	347	-9999.9	43	-9999.9	3	15.5	3
2026 02 16 07	0.58	0.53	2.7	2.9	8.7	1.1	-9999.9	3	358	-9999.9	45	-9999.9	3	15.5	3
2026 02 16 08	0.51	0.47	2.5	2.8	7.0	0.85	-9999.9	3	1	-9999.9	44	-9999.9	3	15.5	3
2026 02 16 09	0.44	0.39	2.8	3.2	9.0	0.86	-9999.9	3	30	-9999.9	51	-9999.9	3	15.5	3
2026 02 16 10	0.45	0.4	3.5	3.7	10.2	0.7	-9999.9	3	38	-9999.9	50	-9999.9	3	15.5	3
2026 02 16 11	0.43	0.38	3.3	3.7	9.6	0.76	-9999.9	3	34	-9999.9	51	-9999.9	3	15.5	3
2026 02 16 12	0.58	0.53	3.0	3.1	7.4	0.94	-9999.9	3	13	-9999.9	47	-9999.9	3	15.6	3
2026 02 16 13	0.64	0.6	2.5	2.6	2.5	0.99	-9999.9	3	331	-9999.9	37	-9999.9	3	15.6	3
2026 02 16 14	0.65	0.6	2.6	2.6	2.7	0.97	-9999.9	3	333	-9999.9	39	-9999.9	3	15.6	3
2026 02 16 15	0.6	0.56	2.4	2.6	3.3	1.05	-9999.9	3	332	-9999.9	42	-9999.9	3	15.6	3
2026 02 16 16	0.68	0.65	2.5	2.5	2.5	1.11	-9999.9	3	318	-9999.9	35	-9999.9	3	15.6	3
2026 02 16 17	0.62	0.59	2.4	2.5	3.3	0.96	-9999.9	3	324	-9999.9	41	-9999.9	3	15.6	3
2026 02 16 18	0.55	0.52	2.3	2.5	3.2	0.87	-9999.9	3	330	-9999.9	40	-9999.9	3	15.6	3
2026 02 16 19	0.48	0.44	2.4	2.5	4.4	0.69	-9999.9	3	347	-9999.9	44	-9999.9	3	15.6	3
2026 02 16 20	0.5	0.46	2.4	2.6	6.0	0.72	-9999.9	3	353	-9999.9	42	-9999.9	3	15.6	3
2026 02 16 21	0.44	0.42	2.5	2.6	3.2	0.64	-9999.9	3	354	-9999.9	42	-9999.9	3	15.6	3
2026 02 16 22	0.45	0.42	2.5	2.6	3.1	0.66	-9999.9	3	355	-9999.9	41	-9999.9	3	15.5	3
2026 02 16 23	0.36	0.35	3.8	4.0	6.9	0.55	-9999.9	3	51	-9999.9	54	-9999.9	3	15.5	3
2026 02 17 00	0.35	0.34	3.8	4.0	7.3	0.56	-9999.9	3	47	-9999.9	51	-9999.9	3	15.5	3
2026 02 17 01	0.32	0.3	4.1	4.5	7.3	0.55	-9999.9	3	51	-9999.9	56	-9999.9	3	15.5	3
2026 02 17 02	0.32	0.29	3.7	4.1	7.1	0.54	-9999.9	3	34	-9999.9	51	-9999.9	3	15.5	3
2026 02 17 03	0.31	0.29	4.2	4.4	7.0	0.53	-9999.9	3	42	-9999.9	52	-9999.9	3	15.5	3
2026 02 17 04	0.28	0.27	4.2	4.3	6.9	0.46	-9999.9	3	35	-9999.9	52	-9999.9	3	15.5	3
2026 02 17 05	0.24	0.22	4.1	4.3	6.8	0.39	-9999.9	3	38	-9999.9	56	-9999.9	3	15.5	3
2026 02 17 06	0.25	0.24	4.5	4.6	7.0	0.37	-9999.9	3	43	-9999.9	51	-9999.9	3	15.5	3
2026 02 17 07	0.23	0.22	4.6	4.7	7.1	0.4	-9999.9	3	49	-9999.9	51	-9999.9	3	15.5	3
2026 02 17 08	0.22	0.21	3.8	4.2	7.0	0.35	-9999.9	3	60	-9999.9	57	-9999.9	3	15.5	3
2026 02 17 09	0.23	0.21	4.1	4.3	6.7	0.35	-9999.9	3	73	-9999.9	55	-9999.9	3	15.5	3
2026 02 17 10	0.22	0.21	3.8	4.0	7.2	0.35	-9999.9	3	62	-9999.9	52	-9999.9	3	15.6	3
2026 02 17 11	0.22	0.2	3.6	4.0	7.0	0.35	-9999.9	3	67	-9999.9	55	-9999.9	3	15.7	3
2026 02 17 12	0.22	0.21	3.5	3.8	7.6	0.36	-9999.9	3	56	-9999.9	53	-9999.9	3	15.7	3
2026 02 17 13	0.23	0.22	2.8	3.4	7.1	0.5	-9999.9	3	53	-9999.9	51	-9999.9	3	15.8	3
2026 02 17 14	0.24	0.22	3.3	3.8	7.3	0.37	-9999.9	3	46	-9999.9	53	-9999.9	3	15.8	3
2026 02 17 15	0.26	0.24	3.9	4.1	6.5	0.37	-9999.9	3	43	-9999.9	50	-9999.9	3	15.8	3
2026 02 17 16	0.22	0.21	2.7	3.3	6.1	0.46	-9999.9	3	33	-9999.9	51	-9999.9	3	15.8	3
2026 02 17 17	0.21	0.2	3.3	3.9	7.2	0.32	-9999.9	3	59	-9999.9	56	-9999.9	3	15.8	3
2026 02 17 18	0.21	0.2	3.4	3.9	7.8	0.34	-9999.9	3	55	-9999.9	54	-9999.9	3	15.7	3
2026 02 17 19	0.21	0.2	3.7	3.8	6.3	0.35	-9999.9	3	49	-9999.9	53	-9999.9	3	15.6	3
2026 02 17 20	0.25	0.24	3.9	4.1	5.5	0.41	-9999.9	3	48	-9999.9	53	-9999.9	3	15.6	3
2026 02 17 21	0.21	0.2	4.0	4.1	7.7	0.32	-9999.9	3	60	-9999.9	52	-9999.9	3	15.6	3
2026 02 17 22	0.21	0.2	3.8	4.0	6.4	0.33	-9999.9	3	59	-9999.9	52	-9999.9	3	15.6	3
2026 02 17 23	0.22	0.21	4.0	4.1	6.1	0.31	-9999.9	3	59	-9999.9	53	-9999.9	3	15.6	3
2026 02 18 00	0.2	0.19	3.9	3.9	5.5	0.35	-9999.9	3	52	-9999.9	56	-9999.9	3	15.7	3
2026 02 18 01	0.21	0.2	3.8	3.9	6.7	0.33	-9999.9	3	57	-9999.9	53	-9999.9	3	15.7	3
2026 02 18 02	0.2	0.18	3.9	4.0	7.2	0.32	-9999.9	3	61	-9999.9	54	-9999.9	3	15.7	3
2026 02 18 03	0.21	0.19	4.1	4.3	7.4	0.28	-9999.9	3	58	-9999.9	55	-9999.9	3	15.7	3
2026 02 18 04	0.2	0.19	4.2	4.4	7.2	0.27	-9999.9	3	60	-9999.9	52	-9999.9	3	15.7	3
2026 02 18 05	0.2	0.19	4.5	4.6	6.8	0.33	-9999.9	3	65	-9999.9	52	-9999.9	3	15.6	3
2026 02 18 06	0.18	0.16	4.3	4.5	7.4	0.25	-9999.9	3	62	-9999.9	53	-9999.9	3	15.6	3
2026 02 18 07	0.19	0.19	4.4	4.6	7.9	0.28	-9999.9	3	55	-9999.9	53	-9999.9	3	15.6	3
2026 02 18 08	0.18	0.16	4.8	4.8	8.5	0.26	-9999.9	3	68	-9999.9	51	-9999.9	3	15.6	3
2026 02 18 09	0.19	0.18	4.4	5.2	10.2	0.32	-9999.9	3	62	-9999.9	53	-9999.9	3	15.6	3
2026 02 18 10	0.18	0.17	4.2	4.8	9.9	0.31	-9999.9	3	58	-9999.9	53	-9999.9	3	15.7	3
2026 02 18 11	0.2	0.19	3.1	4.5	10.4	0.32	-9999.9	3	67	-9999.9	57	-9999.9	3	15.8	3
2026 02 18 12	0.28	0.26	2.2	2.5	7.5	0.44	-9999.9	3	14	-9999.9	47	-9999.9	3	15.8	3
2026 02 18 13	0.31	0.28	2.4	2.7	9.5	0.48	-9999.9	3	15	-9999.9	46	-9999.9	3	15.8	3
2026 02 18 14	0.35	0.31	2.4	2.6	9.3	0.55	-9999.9	3	14	-9999.9	46	-9999.9	3	15.8	3
2026 02 18 15	0.31	0.28	2.4	2.7	9.2	0.5	-9999.9	3	21	-9999.9	46	-9999.9	3	15.7	3
2026 02 18 16	0.39	0.36	2.6	2.6	9.4	0.6	-9999.9	3	1	-9999.9	45	-9999.9	3	15.7	3
2026 02 18 17	0.39	0.36	2.3	2.5	7.5	0.57	-9999.9	3	354	-9999.9	47	-9999.9	3	15.7	3
2026 02 18 18	0.33	0.31	2.5	3.2	9.3	0.59	-9999.9	3	17	-9999.9	52	-9999.9	3	15.6	3
2026 02 18 19	0.32	0.3	2.6	3.3	9.9	0.48	-9999.9	3	21	-9999.9	52	-9999.9	3	15.6	3
2026 02 18 20	0.34	0.32	3.2	3.6	8.0	0.6	-9999.9	3	23	-9999.9	50	-9999.9	3	15.6	3
2026 02 18 21	0.34	0.32	3.4	3.9	7.0	0.54	-9999.9	3	15	-9999.9	49	-9999.9	3	15.6	3
2026 02 18 22	0.44	0.4	2.8	3.1	7.6	0.62	-9999.9	3	2	-9999.9	42	-9999.9	3	15.6	3
2026 02 18 23	0.48	0.44	2.6	2.8	5.4	0.85	-9999.9	3	353	-9999.9	42	-9999.9	3	15.6	3
2026 02 19 00	0.37	0.34	2.6	2.9	6.5	0.63	-9999.9	3	5	-9999.9	47	-9999.9	3	15.6	3
2026 02 19 01	0.33	0.32	2.9	3.9	7.3	0.53	-9999.9	3	17	-9999.9	51	-9999.9	3	15.6	3
2026 02 19 02	0.33	0.32	3.2	4.0	7.4	0.52	-9999.9	3	23	-9999.9	54	-9999.9	3	15.6	3
2026 02 19 03	0.33	0.32	3.7	4.4	6.9	0.53	-9999.9	3	28	-9999.9	52	-9999.9	3	15.6	3
2026 02 19 04	0.32	0.31	3.4	4.3	6.8	0.57	-9999.9	3	33	-9999.9	53	-9999.9	3	15.6	3
2026 02 19 05	0.33	0.32	4.3	4.7	6.5	0.49	-9999.9	3	36	-9999.9	54	-9999.9	3	15.6	3
2026 02 19 06	0.35	0.34	3.2	4.0	6.7	0.55	-9999.9	3	34	-9999.9	55	-9999.9	3	15.5	3
2026 02 19 07	0.53	0.5	2.5	2.6	4.0	0.88	-9999.9	3	355	-9999.9	42	-9999.9	3	15.5	3
2026 02 19 08	0.53	0.5	2.8	2.8	4.2	0.87	-9999.9	3	358	-9999.9	42	-9999.9	3	15.5	3
2026 02 19 09	0.51	0.49	2.6	2.7	3.4	0.86	-9999.9	3	357	-9999.9	43	-9999.9	3	15.6	3
2026 02 19 10	0.47	0.43	2.8	3.0	5.6	0.77	-9999.9	3	11	-9999.9	45	-9999.9	3	15.6	3
2026 02 19 11	0.52	0.49	2.9	3.0	5.2	0.71	-9999.9	3	8	-9999.9	42	-9999.9	3	15.6	3
2026 02 19 12	0.53	0.5	3.0	3.3	4.9	0.93	-9999.9	3	13	-9999.9	45	-9999.9	3	15.6	3
2026 02 19 13	0.54	0.52	3.4	3.7	6.8	0.84	-9999.9	3	17	-9999.9	47	-9999.9	3	15.7	3
2026 02 19 14	0.58	0.55	3.4	3.8	7.2	1.03	-9999.9	3	19	-9999.9	46	-9999.9	3	15.8	3
2026 02 19 15	0.68	0.65	3.9	4.0	6.0	1.04	-9999.9	3	16	-9999.9	41	-9999.9	3	15.8	3
2026 02 19 16	0.73	0.68	3.6	4.0	6.2	1.13	-9999.9	3	15	-9999.9	42	-9999.9	3	15.8	3
2026 02 19 17	0.65	0.62	3.5	3.6	5.7	0.99	-9999.9	3	18	-9999.9	44	-9999.9	3	15.8	3
2026 02 19 18	0.58	0.54	3.4	3.6	5.2	0.99	-9999.9	3	23	-9999.9	43	-9999.9	3	15.7	3
2026 02 19 19	0.54	0.52	3.8	3.9	6.4	0.8	-9999.9	3	30	-9999.9	48	-9999.9	3	15.7	3
2026 02 19 20	0.49	0.47	3.7	3.8	6.2	0.8	-9999.9	3	29	-9999.9	46	-9999.9	3	15.7	3
2026 02 19 21	0.46	0.43	3.8	4.0	6.3	0.81	-9999.9	3	39	-9999.9	46	-9999.9	3	15.7	3
2026 02 19 22	0.44	0.42	3.9	4.1	6.1	0.68	-9999.9	3	36	-9999.9	48	-9999.9	3	15.7	3
2026 02 19 23	0.42	0.4	4.0	4.1	5.7	0.66	-9999.9	3	41	-9999.9	51	-9999.9	3	15.7	3
2026 02 20 00	0.37	0.35	4.0	4.1	5.3	0.58	-9999.9	3	44	-9999.9	49	-9999.9	3	15.7	3
2026 02 20 01	0.35	0.34	4.0	4.0	5.3	0.55	-9999.9	3	43	-9999.9	48	-9999.9	3	15.7	3
2026 02 20 02	0.31	0.3	3.9	4.0	5.5	0.45	-9999.9	3	51	-9999.9	54	-9999.9	3	15.6	3
2026 02 20 03	0.31	0.29	4.0	4.0	6.3	0.49	-9999.9	3	51	-9999.9	52	-9999.9	3	15.7	3
2026 02 20 04	0.3	0.28	3.9	4.0	6.4	0.44	-9999.9	3	57	-9999.9	54	-9999.9	3	15.6	3
2026 02 20 05	0.27	0.26	4.1	4.1	6.4	0.46	-9999.9	3	53	-9999.9	51	-9999.9	3	15.6	3
2026 02 20 06	0.26	0.25	4.1	4.1	6.2	0.43	-9999.9	3	64	-9999.9	53	-9999.9	3	15.6	3
2026 02 20 07	0.26	0.26	4.0	4.0	5.6	0.4	-9999.9	3	70	-9999.9	52	-9999.9	3	15.6	3
2026 02 20 08	0.24	0.23	3.7	3.9	5.9	0.39	-9999.9	3	72	-9999.9	53	-9999.9	3	15.6	3
2026 02 20 09	0.24	0.22	3.9	3.7	6.0	0.37	-9999.9	3	73	-9999.9	54	-9999.9	3	15.7	3
2026 02 20 10	0.25	0.24	3.8	3.9	5.6	0.41	-9999.9	3	57	-9999.9	53	-9999.9	3	15.9	3
2026 02 20 11	0.25	0.24	3.6	3.6	5.1	0.37	-9999.9	3	53	-9999.9	55	-9999.9	3	16.1	3
2026 02 20 12	0.26	0.25	2.7	3.1	4.5	0.46	-9999.9	3	52	-9999.9	53	-9999.9	3	16.1	3
2026 02 20 13	0.24	0.23	2.7	3.2	5.2	0.42	-9999.9	3	52	-9999.9	53	-9999.9	3	16.2	3
2026 02 20 14	0.26	0.24	2.7	3.0	6.0	0.41	-9999.9	3	61	-9999.9	52	-9999.9	3	16.3	3
2026 02 20 15	0.25	0.23	2.7	2.9	5.5	0.43	-9999.9	3	70	-9999.9	53	-9999.9	3	16.3	3
2026 02 20 16	0.25	0.23	2.8	3.0	5.6	0.39	-9999.9	3	78	-9999.9	53	-9999.9	3	16.3	3
2026 02 20 17	0.24	0.23	3.0	3.0	5.7	0.34	-9999.9	3	80	-9999.9	48	-9999.9	3	16.2	3
2026 02 20 18	0.24	0.22	3.0	3.1	5.3	0.37	-9999.9	3	82	-9999.9	51	-9999.9	3	16.2	3
2026 02 20 19	0.24	0.23	2.9	3.0	4.2	0.39	-9999.9	3	83	-9999.9	46	-9999.9	3	16.2	3
2026 02 20 20	0.25	0.23	2.8	3.1	4.1	0.38	-9999.9	3	79	-9999.9	50	-9999.9	3	16.1	3
2026 02 20 21	0.24	0.22	2.8	3.0	3.3	0.41	-9999.9	3	80	-9999.9	47	-9999.9	3	16.1	3
2026 02 20 22	0.21	0.2	2.9	3.0	4.7	0.33	-9999.9	3	74	-9999.9	49	-9999.9	3	16.0	3
2026 02 20 23	0.21	0.2	3.0	3.0	5.4	0.35	-9999.9	3	69	-9999.9	49	-9999.9	3	16.0	3
