Valor nulo: -9999.9																					
Fecha (GMT)	Altura Signif. del Oleaje(m)	Altura signif. de cruce por cero(m)	Periodo Medio(s)	Periodo Medio Tm02(s)	Periodo de Pico(s)	Altura Máxima del Oleaje(m)	Periodo de la Ola Maxima(s)	Canal de obtencion de los datos	Direcc. Media de Proced.(0=N,90=E)	Direccion Media en el Pico Espectral(0=N,90=E)	Dispersión angular en toda la banda resuelta(grados)	Dispersión angular en el pico de energía espectral(grados)	Canal de obtencion de los datos	Temperatura del Agua(ºC)	Velocidad media de Corriente(cm/s)	Dir. de prop. de la Corriente(0=N,90=E)	Canal de obtencion de los datos	Presion atmosférica(hpa)	Temperatura del Aire(ºC)	Velocidad media del viento(m/s)	Direc. de proced. del Viento(0=N,90=E)
2025 01 01 00	0.85	0.79	3.5	3.6	4.3	1.21	-9999.9	3	97	-9999.9	46	-9999.9	3	15.5	26.0	284	3	1027.5	-9999.9	-9999.9	-9999.9
2025 01 01 01	0.97	0.9	3.6	3.7	5.6	1.5	-9999.9	3	101	-9999.9	40	-9999.9	3	15.4	15.1	266	3	1027.3	-9999.9	-9999.9	-9999.9
2025 01 01 02	0.97	0.89	3.6	3.6	4.9	1.27	-9999.9	3	97	-9999.9	38	-9999.9	3	15.3	7.4	213	3	1027.2	-9999.9	-9999.9	-9999.9
2025 01 01 03	0.97	0.91	3.7	3.7	5.1	1.59	-9999.9	3	97	-9999.9	35	-9999.9	3	15.4	11.6	40	3	1027.2	-9999.9	-9999.9	-9999.9
2025 01 01 04	0.8	0.74	3.8	3.9	5.3	1.17	-9999.9	3	100	-9999.9	41	-9999.9	3	15.4	25.4	9	3	1027.0	-9999.9	-9999.9	-9999.9
2025 01 01 05	0.77	0.74	3.7	3.9	4.9	1.16	-9999.9	3	107	-9999.9	34	-9999.9	3	15.4	23.1	79	3	1026.6	-9999.9	-9999.9	-9999.9
2025 01 01 06	0.83	0.79	3.9	4.0	5.9	1.4	-9999.9	3	99	-9999.9	35	-9999.9	3	16.0	19.1	74	3	1026.9	-9999.9	-9999.9	-9999.9
2025 01 01 07	0.96	0.9	4.0	4.1	5.9	1.52	-9999.9	3	97	-9999.9	37	-9999.9	3	15.9	18.1	68	3	1027.1	-9999.9	-9999.9	-9999.9
2025 01 01 08	0.64	0.63	4.1	4.4	5.1	1.06	-9999.9	3	75	-9999.9	46	-9999.9	3	15.9	54.0	32	3	1027.3	-9999.9	-9999.9	-9999.9
2025 01 01 09	0.77	0.74	4.3	4.5	5.6	1.25	-9999.9	3	68	-9999.9	43	-9999.9	3	16.3	71.1	33	3	1027.8	-9999.9	-9999.9	-9999.9
2025 01 01 10	0.83	0.78	4.0	4.0	5.9	1.28	-9999.9	3	101	-9999.9	44	-9999.9	3	16.1	-9999.9	-9999.9	3	1028.5	-9999.9	-9999.9	-9999.9
2025 01 01 11	0.81	0.77	4.1	4.1	5.4	1.25	-9999.9	3	107	-9999.9	41	-9999.9	3	15.8	-9999.9	-9999.9	3	1028.7	-9999.9	-9999.9	-9999.9
2025 01 01 12	0.59	0.56	3.9	3.9	5.7	0.9	-9999.9	3	104	-9999.9	44	-9999.9	3	15.7	41.4	210	3	1027.9	-9999.9	-9999.9	-9999.9
2025 01 01 13	0.56	0.55	4.1	4.3	5.6	0.82	-9999.9	3	111	-9999.9	52	-9999.9	3	16.0	47.4	220	3	1027.1	-9999.9	-9999.9	-9999.9
2025 01 01 14	0.44	0.43	4.3	4.6	5.6	0.76	-9999.9	3	132	-9999.9	52	-9999.9	3	15.6	61.7	202	3	1026.7	-9999.9	-9999.9	-9999.9
2025 01 01 15	0.59	0.57	4.2	4.4	5.7	1.13	-9999.9	3	123	-9999.9	49	-9999.9	3	15.7	56.1	202	3	1026.7	-9999.9	-9999.9	-9999.9
2025 01 01 16	0.81	0.78	3.5	3.5	5.4	1.19	-9999.9	3	109	-9999.9	38	-9999.9	3	15.6	27.6	187	3	1026.4	-9999.9	-9999.9	-9999.9
2025 01 01 17	0.71	0.65	3.7	3.6	5.9	1.0	-9999.9	3	99	-9999.9	42	-9999.9	3	15.6	16.6	338	3	1026.9	-9999.9	-9999.9	-9999.9
2025 01 01 18	0.68	0.64	3.6	3.6	5.6	1.16	-9999.9	3	92	-9999.9	40	-9999.9	3	15.7	12.7	5	3	1027.2	-9999.9	-9999.9	-9999.9
2025 01 01 19	0.78	0.73	3.7	3.7	5.3	1.35	-9999.9	3	107	-9999.9	40	-9999.9	3	16.1	33.0	77	3	1027.6	-9999.9	-9999.9	-9999.9
2025 01 01 20	0.81	0.77	3.7	3.7	5.6	1.1	-9999.9	3	104	-9999.9	41	-9999.9	3	16.0	9.4	204	3	1028.2	-9999.9	-9999.9	-9999.9
2025 01 01 21	0.81	0.76	3.8	3.8	6.1	1.22	-9999.9	3	109	-9999.9	42	-9999.9	3	15.8	14.3	226	3	1028.2	-9999.9	-9999.9	-9999.9
2025 01 01 22	0.79	0.74	3.6	3.7	5.9	1.18	-9999.9	3	112	-9999.9	44	-9999.9	3	15.7	28.7	218	3	1028.1	-9999.9	-9999.9	-9999.9
2025 01 01 23	0.76	0.71	3.6	3.6	5.4	1.08	-9999.9	3	117	-9999.9	44	-9999.9	3	15.4	33.8	211	3	1028.4	-9999.9	-9999.9	-9999.9
2025 01 02 00	0.76	0.72	3.6	3.7	5.9	1.05	-9999.9	3	115	-9999.9	42	-9999.9	3	15.4	27.1	205	3	1028.4	-9999.9	-9999.9	-9999.9
2025 01 02 01	0.68	0.64	3.4	3.4	5.3	1.02	-9999.9	3	122	-9999.9	45	-9999.9	3	15.4	18.9	229	3	1027.8	-9999.9	-9999.9	-9999.9
2025 01 02 02	0.69	0.65	3.3	3.3	5.7	1.05	-9999.9	3	111	-9999.9	42	-9999.9	3	15.5	14.4	273	3	1027.8	-9999.9	-9999.9	-9999.9
2025 01 02 03	0.59	0.55	3.5	3.5	5.9	0.89	-9999.9	3	100	-9999.9	39	-9999.9	3	15.5	8.9	6	3	1027.8	-9999.9	-9999.9	-9999.9
2025 01 02 04	0.5	0.47	3.6	3.6	6.1	0.79	-9999.9	3	91	-9999.9	46	-9999.9	3	15.4	15.6	43	3	1027.6	-9999.9	-9999.9	-9999.9
2025 01 02 05	0.58	0.56	4.3	4.5	6.2	1.04	-9999.9	3	93	-9999.9	35	-9999.9	3	16.0	37.8	44	3	1027.5	-9999.9	-9999.9	-9999.9
2025 01 02 06	0.57	0.55	4.3	4.3	6.1	0.88	-9999.9	3	94	-9999.9	33	-9999.9	3	16.0	16.8	100	3	1027.8	-9999.9	-9999.9	-9999.9
2025 01 02 07	0.56	0.53	4.2	4.1	5.9	0.84	-9999.9	3	101	-9999.9	37	-9999.9	3	15.8	7.2	145	3	1027.9	-9999.9	-9999.9	-9999.9
2025 01 02 08	0.56	0.54	4.1	4.2	5.9	0.91	-9999.9	3	99	-9999.9	39	-9999.9	3	15.6	18.5	20	3	1028.4	-9999.9	-9999.9	-9999.9
2025 01 02 09	0.6	0.58	4.6	4.5	6.2	1.28	-9999.9	3	93	-9999.9	38	-9999.9	3	15.8	28.9	45	3	1028.9	-9999.9	-9999.9	-9999.9
2025 01 02 10	0.76	0.73	3.8	3.9	5.9	1.24	-9999.9	3	91	-9999.9	39	-9999.9	3	15.9	35.9	47	3	1029.6	-9999.9	-9999.9	-9999.9
2025 01 02 11	0.63	0.6	4.1	4.1	5.7	1.1	-9999.9	3	111	-9999.9	44	-9999.9	3	15.8	39.7	207	3	1029.6	-9999.9	-9999.9	-9999.9
2025 01 02 12	0.49	0.46	4.0	4.2	5.9	0.71	-9999.9	3	115	-9999.9	43	-9999.9	3	15.7	57.6	192	3	1028.8	-9999.9	-9999.9	-9999.9
2025 01 02 13	0.47	0.45	4.2	4.2	5.7	0.8	-9999.9	3	112	-9999.9	45	-9999.9	3	15.6	55.3	186	3	1028.0	-9999.9	-9999.9	-9999.9
2025 01 02 14	0.4	0.39	4.5	4.8	5.9	0.6	-9999.9	3	141	-9999.9	48	-9999.9	3	15.6	68.4	189	3	1027.4	-9999.9	-9999.9	-9999.9
2025 01 02 15	0.37	0.36	4.1	4.2	5.9	0.59	-9999.9	3	141	-9999.9	51	-9999.9	3	15.5	67.2	195	3	1027.2	-9999.9	-9999.9	-9999.9
2025 01 02 16	0.49	0.46	3.5	3.5	5.1	0.72	-9999.9	3	120	-9999.9	44	-9999.9	3	15.5	42.9	185	3	1027.3	-9999.9	-9999.9	-9999.9
2025 01 02 17	0.49	0.46	3.0	3.0	5.3	0.75	-9999.9	3	117	-9999.9	46	-9999.9	3	15.4	7.9	144	3	1027.3	-9999.9	-9999.9	-9999.9
2025 01 02 18	0.42	0.4	3.5	3.5	5.1	0.64	-9999.9	3	93	-9999.9	50	-9999.9	3	15.7	56.1	39	3	1027.4	-9999.9	-9999.9	-9999.9
2025 01 02 19	0.46	0.43	3.2	3.2	9.5	0.67	-9999.9	3	119	-9999.9	44	-9999.9	3	15.5	-9999.9	-9999.9	3	1027.9	-9999.9	-9999.9	-9999.9
2025 01 02 20	0.45	0.42	2.9	2.9	3.5	0.65	-9999.9	3	119	-9999.9	46	-9999.9	3	15.7	-9999.9	-9999.9	3	1028.4	-9999.9	-9999.9	-9999.9
2025 01 02 21	0.47	0.43	3.2	3.0	8.0	0.79	-9999.9	3	120	-9999.9	43	-9999.9	3	15.6	10.8	261	3	1028.5	-9999.9	-9999.9	-9999.9
2025 01 02 22	0.58	0.53	3.4	3.3	3.8	0.94	-9999.9	3	121	-9999.9	44	-9999.9	3	15.6	13.5	258	3	1028.5	-9999.9	-9999.9	-9999.9
2025 01 02 23	0.42	0.39	2.8	2.8	5.7	0.76	-9999.9	3	123	-9999.9	56	-9999.9	3	15.5	13.4	274	3	1028.3	-9999.9	-9999.9	-9999.9
2025 01 03 00	0.35	0.33	2.9	2.9	4.5	0.6	-9999.9	3	95	-9999.9	49	-9999.9	3	15.6	15.9	326	3	1028.2	-9999.9	-9999.9	-9999.9
2025 01 03 01	0.36	0.33	3.0	3.0	6.1	0.52	-9999.9	3	98	-9999.9	51	-9999.9	3	15.5	5.5	345	3	1028.0	-9999.9	-9999.9	-9999.9
2025 01 03 02	0.31	0.29	3.0	2.9	6.2	0.46	-9999.9	3	83	-9999.9	49	-9999.9	3	15.4	9.7	28	3	1027.6	-9999.9	-9999.9	-9999.9
2025 01 03 03	0.26	0.25	3.5	3.4	6.2	0.4	-9999.9	3	85	-9999.9	43	-9999.9	3	16.1	33.4	58	3	1027.4	-9999.9	-9999.9	-9999.9
2025 01 03 04	0.22	0.2	3.5	3.5	6.2	0.39	-9999.9	3	93	-9999.9	50	-9999.9	3	16.0	43.7	59	3	1027.3	-9999.9	-9999.9	-9999.9
2025 01 03 05	0.21	0.2	3.3	3.3	6.1	0.31	-9999.9	3	94	-9999.9	50	-9999.9	3	16.0	39.3	68	3	1026.8	-9999.9	-9999.9	-9999.9
2025 01 03 06	0.26	0.25	3.3	3.3	6.1	0.44	-9999.9	3	77	-9999.9	44	-9999.9	3	15.9	17.4	126	3	1026.8	-9999.9	-9999.9	-9999.9
2025 01 03 07	0.24	0.23	3.0	3.1	5.9	0.36	-9999.9	3	81	-9999.9	51	-9999.9	3	15.7	7.5	203	3	1027.1	-9999.9	-9999.9	-9999.9
2025 01 03 08	0.23	0.22	3.3	3.3	5.7	0.4	-9999.9	3	61	-9999.9	49	-9999.9	3	15.6	14.6	24	3	1027.5	-9999.9	-9999.9	-9999.9
2025 01 03 09	0.27	0.25	3.9	3.9	9.1	0.48	-9999.9	3	66	-9999.9	47	-9999.9	3	15.9	50.7	14	3	1028.0	-9999.9	-9999.9	-9999.9
2025 01 03 10	0.28	0.26	3.3	3.2	7.1	0.49	-9999.9	3	54	-9999.9	47	-9999.9	3	15.8	28.9	65	3	1028.4	-9999.9	-9999.9	-9999.9
2025 01 03 11	0.3	0.29	3.5	3.6	5.9	0.55	-9999.9	3	88	-9999.9	45	-9999.9	3	15.8	28.1	129	3	1028.4	-9999.9	-9999.9	-9999.9
2025 01 03 12	0.28	0.26	3.6	3.6	4.5	0.49	-9999.9	3	133	-9999.9	48	-9999.9	3	15.7	49.1	173	3	1027.7	-9999.9	-9999.9	-9999.9
2025 01 03 13	0.24	0.22	3.5	3.5	7.1	0.38	-9999.9	3	90	-9999.9	49	-9999.9	3	15.6	51.6	179	3	1027.0	-9999.9	-9999.9	-9999.9
2025 01 03 14	0.24	0.23	3.0	3.0	2.6	0.35	-9999.9	3	193	-9999.9	57	-9999.9	3	15.3	49.6	169	3	1025.7	-9999.9	-9999.9	-9999.9
2025 01 03 15	0.25	0.24	3.1	3.1	2.9	0.43	-9999.9	3	209	-9999.9	54	-9999.9	3	15.4	73.1	194	3	1025.3	-9999.9	-9999.9	-9999.9
2025 01 03 16	0.5	0.46	2.8	2.8	2.8	0.8	-9999.9	3	219	-9999.9	50	-9999.9	3	15.4	41.3	181	3	1025.5	-9999.9	-9999.9	-9999.9
2025 01 03 17	0.46	0.44	2.5	2.5	2.6	0.71	-9999.9	3	218	-9999.9	49	-9999.9	3	15.5	15.8	140	3	1025.7	-9999.9	-9999.9	-9999.9
2025 01 03 18	0.31	0.29	2.8	2.8	3.6	0.49	-9999.9	3	104	-9999.9	54	-9999.9	3	15.5	28.7	33	3	1026.0	-9999.9	-9999.9	-9999.9
2025 01 03 19	0.29	0.26	3.0	3.1	6.2	0.39	-9999.9	3	140	-9999.9	56	-9999.9	3	15.8	42.4	31	3	1026.5	-9999.9	-9999.9	-9999.9
2025 01 03 20	0.31	0.3	2.4	2.4	1.9	0.46	-9999.9	3	165	-9999.9	63	-9999.9	3	15.6	17.8	55	3	1026.6	-9999.9	-9999.9	-9999.9
2025 01 03 21	0.31	0.28	2.8	2.7	8.3	0.54	-9999.9	3	125	-9999.9	58	-9999.9	3	15.7	9.8	115	3	1026.7	-9999.9	-9999.9	-9999.9
2025 01 03 22	0.33	0.3	3.3	3.3	4.1	0.52	-9999.9	3	117	-9999.9	52	-9999.9	3	15.6	16.2	74	3	1027.0	-9999.9	-9999.9	-9999.9
2025 01 03 23	0.24	0.23	3.2	3.1	4.0	0.52	-9999.9	3	126	-9999.9	56	-9999.9	3	15.6	34.5	38	3	1026.9	-9999.9	-9999.9	-9999.9
2025 01 04 00	0.2	0.19	2.6	2.6	6.1	0.33	-9999.9	3	110	-9999.9	63	-9999.9	3	15.6	20.7	358	3	1026.5	-9999.9	-9999.9	-9999.9
2025 01 04 01	0.23	0.22	3.0	2.9	6.2	0.38	-9999.9	3	132	-9999.9	48	-9999.9	3	15.6	11.1	21	3	1025.9	-9999.9	-9999.9	-9999.9
2025 01 04 02	0.15	0.14	2.4	2.4	2.1	0.23	-9999.9	3	138	-9999.9	64	-9999.9	3	15.6	10.0	7	3	1025.6	-9999.9	-9999.9	-9999.9
2025 01 04 03	0.11	0.1	2.4	2.4	2.2	0.15	-9999.9	3	166	-9999.9	67	-9999.9	3	16.0	42.7	36	3	1025.3	-9999.9	-9999.9	-9999.9
2025 01 04 04	0.13	0.12	2.3	2.3	2.1	0.22	-9999.9	3	196	-9999.9	63	-9999.9	3	15.7	39.1	33	3	1025.0	-9999.9	-9999.9	-9999.9
2025 01 04 05	0.19	0.18	2.3	2.3	2.2	0.3	-9999.9	3	185	-9999.9	62	-9999.9	3	15.9	33.7	84	3	1024.8	-9999.9	-9999.9	-9999.9
2025 01 04 06	0.28	0.25	2.6	2.6	10.5	0.42	-9999.9	3	188	-9999.9	45	-9999.9	3	15.8	15.5	171	3	1025.0	-9999.9	-9999.9	-9999.9
2025 01 04 07	0.29	0.27	2.9	2.9	2.7	0.42	-9999.9	3	193	-9999.9	59	-9999.9	3	15.4	50.7	191	3	1025.0	-9999.9	-9999.9	-9999.9
2025 01 04 08	0.31	0.3	2.5	2.5	2.6	0.68	-9999.9	3	207	-9999.9	55	-9999.9	3	15.5	20.3	255	3	1025.5	-9999.9	-9999.9	-9999.9
2025 01 04 09	0.28	0.26	2.2	2.1	2.2	0.45	-9999.9	3	216	-9999.9	57	-9999.9	3	15.6	24.3	8	3	1026.1	-9999.9	-9999.9	-9999.9
2025 01 04 10	0.31	0.28	3.0	2.8	8.0	0.59	-9999.9	3	52	-9999.9	47	-9999.9	3	15.8	25.9	43	3	1026.5	-9999.9	-9999.9	-9999.9
2025 01 04 11	0.25	0.22	2.7	2.5	8.0	0.44	-9999.9	3	108	-9999.9	51	-9999.9	3	15.5	7.6	138	3	1026.3	-9999.9	-9999.9	-9999.9
2025 01 04 12	0.4	0.38	2.5	2.5	2.3	0.55	-9999.9	3	204	-9999.9	44	-9999.9	3	15.6	20.6	215	3	1025.2	-9999.9	-9999.9	-9999.9
2025 01 04 13	0.4	0.37	2.5	2.5	2.3	0.68	-9999.9	3	215	-9999.9	44	-9999.9	3	15.4	27.3	184	3	1024.3	-9999.9	-9999.9	-9999.9
2025 01 04 14	0.4	0.38	2.5	2.5	2.6	0.67	-9999.9	3	218	-9999.9	45	-9999.9	3	15.4	41.2	186	3	1023.6	-9999.9	-9999.9	-9999.9
2025 01 04 15	0.24	0.22	3.0	3.0	8.3	0.32	-9999.9	3	196	-9999.9	54	-9999.9	3	15.4	56.9	178	3	1023.4	-9999.9	-9999.9	-9999.9
2025 01 04 16	0.27	0.24	3.1	3.2	10.5	0.49	-9999.9	3	172	-9999.9	56	-9999.9	3	15.4	48.8	200	3	1023.1	-9999.9	-9999.9	-9999.9
2025 01 04 17	0.27	0.25	2.8	2.8	10.0	0.43	-9999.9	3	163	-9999.9	62	-9999.9	3	15.3	28.2	159	3	1023.3	-9999.9	-9999.9	-9999.9
2025 01 04 18	0.36	0.33	3.3	3.2	6.9	0.59	-9999.9	3	168	-9999.9	59	-9999.9	3	15.2	-9999.9	-9999.9	3	1023.1	-9999.9	-9999.9	-9999.9
2025 01 04 19	0.33	0.29	3.5	3.4	11.1	0.57	-9999.9	3	114	-9999.9	55	-9999.9	3	15.9	32.5	44	3	1023.2	-9999.9	-9999.9	-9999.9
2025 01 04 20	0.33	0.3	3.0	3.0	3.4	0.53	-9999.9	3	153	-9999.9	64	-9999.9	3	16.1	19.2	57	3	1023.0	-9999.9	-9999.9	-9999.9
2025 01 04 21	0.37	0.34	3.3	3.5	3.5	0.52	-9999.9	3	199	-9999.9	48	-9999.9	3	15.9	3.7	202	3	1022.7	-9999.9	-9999.9	-9999.9
2025 01 04 22	0.48	0.44	3.4	3.3	7.7	0.79	-9999.9	3	172	-9999.9	51	-9999.9	3	15.8	8.6	259	3	1022.5	-9999.9	-9999.9	-9999.9
2025 01 04 23	0.36	0.34	2.5	2.5	2.2	0.6	-9999.9	3	206	-9999.9	57	-9999.9	3	15.6	12.3	353	3	1022.4	-9999.9	-9999.9	-9999.9
2025 01 05 00	0.24	0.22	3.4	3.3	6.1	0.4	-9999.9	3	57	-9999.9	54	-9999.9	3	15.5	29.7	344	3	1021.8	-9999.9	-9999.9	-9999.9
2025 01 05 01	0.17	0.16	2.8	2.8	4.3	0.32	-9999.9	3	110	-9999.9	60	-9999.9	3	15.7	18.6	342	3	1021.1	-9999.9	-9999.9	-9999.9
2025 01 05 02	0.17	0.16	2.8	2.8	4.3	0.35	-9999.9	3	122	-9999.9	55	-9999.9	3	15.7	7.1	156	3	1020.4	-9999.9	-9999.9	-9999.9
2025 01 05 03	0.22	0.21	3.0	3.0	3.4	0.39	-9999.9	3	147	-9999.9	51	-9999.9	3	15.6	9.9	85	3	1020.1	-9999.9	-9999.9	-9999.9
2025 01 05 04	0.25	0.24	3.8	3.6	4.2	0.54	-9999.9	3	102	-9999.9	47	-9999.9	3	15.7	32.2	54	3	1019.7	-9999.9	-9999.9	-9999.9
2025 01 05 05	0.25	0.23	4.0	4.0	10.0	0.41	-9999.9	3	174	-9999.9	46	-9999.9	3	15.8	35.0	68	3	1019.4	-9999.9	-9999.9	-9999.9
2025 01 05 06	0.25	0.24	4.4	4.6	6.5	0.42	-9999.9	3	168	-9999.9	52	-9999.9	3	15.7	12.4	107	3	1019.0	-9999.9	-9999.9	-9999.9
2025 01 05 07	0.36	0.33	4.4	4.5	8.0	0.49	-9999.9	3	192	-9999.9	51	-9999.9	3	15.6	29.8	219	3	1018.8	-9999.9	-9999.9	-9999.9
2025 01 05 08	0.39	0.37	3.6	3.7	6.9	0.65	-9999.9	3	207	-9999.9	53	-9999.9	3	15.6	37.1	223	3	1018.9	-9999.9	-9999.9	-9999.9
2025 01 05 09	0.4	0.35	3.7	3.8	11.1	0.62	-9999.9	3	201	-9999.9	43	-9999.9	3	15.6	13.3	267	3	1018.8	-9999.9	-9999.9	-9999.9
2025 01 05 10	0.32	0.28	3.2	3.1	8.0	0.5	-9999.9	3	75	-9999.9	57	-9999.9	3	15.7	6.2	4	3	1019.0	-9999.9	-9999.9	-9999.9
2025 01 05 11	0.24	0.22	3.6	3.5	9.5	0.37	-9999.9	3	120	-9999.9	60	-9999.9	3	16.0	20.2	36	3	1018.5	-9999.9	-9999.9	-9999.9
2025 01 05 12	0.28	0.26	3.5	3.5	8.3	0.48	-9999.9	3	126	-9999.9	55	-9999.9	3	15.7	11.5	183	3	1017.5	-9999.9	-9999.9	-9999.9
2025 01 05 13	0.3	0.27	3.6	3.5	6.1	0.6	-9999.9	3	82	-9999.9	63	-9999.9	3	15.8	17.0	197	3	1016.4	-9999.9	-9999.9	-9999.9
2025 01 05 14	0.31	0.3	2.7	2.8	4.0	0.52	-9999.9	3	187	-9999.9	58	-9999.9	3	15.7	34.1	181	3	1015.3	-9999.9	-9999.9	-9999.9
2025 01 05 15	0.48	0.47	2.7	2.8	3.1	0.81	-9999.9	3	203	-9999.9	43	-9999.9	3	15.3	39.7	179	3	1014.6	-9999.9	-9999.9	-9999.9
2025 01 05 16	0.72	0.66	3.2	3.1	3.3	1.05	-9999.9	3	198	-9999.9	40	-9999.9	3	15.4	39.6	163	3	1014.6	-9999.9	-9999.9	-9999.9
2025 01 05 17	0.89	0.81	3.5	3.4	3.9	1.65	-9999.9	3	223	-9999.9	34	-9999.9	3	15.4	33.8	178	3	1015.3	-9999.9	-9999.9	-9999.9
2025 01 05 18	0.88	0.83	3.4	3.5	3.8	1.18	-9999.9	3	214	-9999.9	37	-9999.9	3	15.4	13.3	115	3	1016.1	-9999.9	-9999.9	-9999.9
2025 01 05 19	0.78	0.73	3.4	3.5	3.6	1.24	-9999.9	3	213	-9999.9	50	-9999.9	3	15.4	15.2	49	3	1015.6	-9999.9	-9999.9	-9999.9
2025 01 05 20	0.72	0.66	3.8	3.6	6.7	1.11	-9999.9	3	216	-9999.9	60	-9999.9	3	16.1	48.4	37	3	1014.9	-9999.9	-9999.9	-9999.9
2025 01 05 21	0.8	0.75	3.6	3.7	5.9	1.14	-9999.9	3	195	-9999.9	42	-9999.9	3	16.1	22.3	46	3	1015.5	-9999.9	-9999.9	-9999.9
2025 01 05 22	0.83	0.79	4.1	4.1	6.7	1.11	-9999.9	3	205	-9999.9	36	-9999.9	3	15.8	12.4	154	3	1015.4	-9999.9	-9999.9	-9999.9
2025 01 05 23	0.82	0.77	3.4	3.4	3.4	1.21	-9999.9	3	200	-9999.9	38	-9999.9	3	15.6	8.4	196	3	1014.7	-9999.9	-9999.9	-9999.9
2025 01 06 00	0.71	0.63	3.1	3.1	10.0	1.26	-9999.9	3	205	-9999.9	43	-9999.9	3	15.6	13.6	23	3	1014.4	-9999.9	-9999.9	-9999.9
2025 01 06 01	0.6	0.55	3.0	3.0	3.1	0.92	-9999.9	3	199	-9999.9	45	-9999.9	3	15.9	23.8	21	3	1013.0	-9999.9	-9999.9	-9999.9
2025 01 06 02	1.11	1.05	3.5	3.6	4.3	1.83	-9999.9	3	202	-9999.9	31	-9999.9	3	15.8	6.0	117	3	1010.3	-9999.9	-9999.9	-9999.9
2025 01 06 03	1.08	1.01	3.4	3.6	4.5	1.45	-9999.9	3	200	-9999.9	35	-9999.9	3	15.7	15.3	97	3	1011.2	-9999.9	-9999.9	-9999.9
2025 01 06 04	0.99	0.91	3.4	3.4	4.1	1.3	-9999.9	3	201	-9999.9	41	-9999.9	3	15.6	26.7	62	3	1010.9	-9999.9	-9999.9	-9999.9
2025 01 06 05	0.65	0.6	3.5	3.5	3.7	1.0	-9999.9	3	183	-9999.9	60	-9999.9	3	15.7	48.4	51	3	1012.2	-9999.9	-9999.9	-9999.9
2025 01 06 06	0.93	0.85	3.4	3.4	3.1	1.19	-9999.9	3	204	-9999.9	41	-9999.9	3	15.5	23.6	90	3	1011.2	-9999.9	-9999.9	-9999.9
2025 01 06 07	0.76	0.7	3.8	3.9	9.5	1.02	-9999.9	3	189	-9999.9	44	-9999.9	3	15.8	47.9	80	3	1011.9	-9999.9	-9999.9	-9999.9
2025 01 06 08	0.89	0.82	3.7	3.6	6.5	1.24	-9999.9	3	198	-9999.9	35	-9999.9	3	15.6	9.3	111	3	1011.6	-9999.9	-9999.9	-9999.9
2025 01 06 09	0.84	0.79	4.2	4.2	6.7	1.27	-9999.9	3	189	-9999.9	43	-9999.9	3	15.1	45.2	202	3	1013.1	-9999.9	-9999.9	-9999.9
2025 01 06 10	0.71	0.64	3.7	3.6	9.5	0.95	-9999.9	3	180	-9999.9	52	-9999.9	3	15.1	23.5	223	3	1014.1	-9999.9	-9999.9	-9999.9
2025 01 06 11	0.46	0.41	3.2	3.2	10.5	0.7	-9999.9	3	171	-9999.9	56	-9999.9	3	15.1	6.8	263	3	1014.5	-9999.9	-9999.9	-9999.9
2025 01 06 12	0.38	0.34	2.9	2.8	8.3	0.54	-9999.9	3	166	-9999.9	65	-9999.9	3	15.4	8.8	34	3	1014.5	-9999.9	-9999.9	-9999.9
2025 01 06 13	0.45	0.41	3.1	3.2	6.7	0.74	-9999.9	3	162	-9999.9	61	-9999.9	3	15.6	12.7	40	3	1014.4	-9999.9	-9999.9	-9999.9
2025 01 06 14	0.51	0.47	2.7	2.6	2.2	0.73	-9999.9	3	197	-9999.9	48	-9999.9	3	15.5	-9999.9	-9999.9	3	1014.5	-9999.9	-9999.9	-9999.9
2025 01 06 15	0.47	0.42	2.9	2.8	10.0	0.67	-9999.9	3	197	-9999.9	56	-9999.9	3	16.1	-9999.9	-9999.9	3	1015.0	-9999.9	-9999.9	-9999.9
2025 01 06 16	0.46	0.43	2.7	2.7	2.5	0.74	-9999.9	3	193	-9999.9	58	-9999.9	3	15.9	33.9	45	3	1015.9	-9999.9	-9999.9	-9999.9
2025 01 06 17	0.45	0.41	3.0	3.0	7.7	0.65	-9999.9	3	192	-9999.9	60	-9999.9	3	15.9	40.1	57	3	1017.0	-9999.9	-9999.9	-9999.9
2025 01 06 18	0.49	0.44	3.2	3.3	9.1	0.76	-9999.9	3	206	-9999.9	54	-9999.9	3	15.9	31.0	69	3	1017.6	-9999.9	-9999.9	-9999.9
2025 01 06 19	0.51	0.47	3.6	3.7	7.4	0.77	-9999.9	3	199	-9999.9	52	-9999.9	3	15.8	26.7	77	3	1018.6	-9999.9	-9999.9	-9999.9
2025 01 06 20	0.57	0.52	3.7	3.7	8.3	1.05	-9999.9	3	205	-9999.9	42	-9999.9	3	15.7	13.0	66	3	1019.5	-9999.9	-9999.9	-9999.9
2025 01 06 21	0.64	0.6	4.5	4.5	6.1	0.89	-9999.9	3	199	-9999.9	35	-9999.9	3	15.6	3.1	165	3	1020.0	-9999.9	-9999.9	-9999.9
2025 01 06 22	0.77	0.7	4.8	4.6	6.7	1.21	-9999.9	3	197	-9999.9	36	-9999.9	3	15.4	17.7	220	3	1020.8	-9999.9	-9999.9	-9999.9
2025 01 06 23	0.6	0.58	4.6	4.8	4.9	0.89	-9999.9	3	204	-9999.9	42	-9999.9	3	14.9	52.3	207	3	1021.4	-9999.9	-9999.9	-9999.9
2025 01 07 00	0.51	0.48	4.0	4.2	8.7	0.71	-9999.9	3	193	-9999.9	48	-9999.9	3	14.9	51.4	205	3	1022.1	-9999.9	-9999.9	-9999.9
2025 01 07 01	0.39	0.36	3.8	3.7	8.3	0.59	-9999.9	3	187	-9999.9	60	-9999.9	3	14.9	22.9	175	3	1022.1	-9999.9	-9999.9	-9999.9
2025 01 07 02	0.35	0.32	3.6	3.6	6.5	0.51	-9999.9	3	208	-9999.9	51	-9999.9	3	14.9	21.1	218	3	1022.3	-9999.9	-9999.9	-9999.9
2025 01 07 03	0.26	0.23	3.5	3.3	9.5	0.39	-9999.9	3	189	-9999.9	53	-9999.9	3	15.2	31.7	222	3	1022.6	-9999.9	-9999.9	-9999.9
2025 01 07 04	0.27	0.25	3.8	3.9	10.0	0.42	-9999.9	3	177	-9999.9	52	-9999.9	3	14.8	31.9	201	3	1022.4	-9999.9	-9999.9	-9999.9
2025 01 07 05	0.25	0.23	3.4	3.2	8.3	0.37	-9999.9	3	188	-9999.9	51	-9999.9	3	15.0	16.2	140	3	1022.5	-9999.9	-9999.9	-9999.9
2025 01 07 06	0.27	0.25	3.2	3.4	9.5	0.42	-9999.9	3	159	-9999.9	55	-9999.9	3	15.6	35.0	53	3	1022.9	-9999.9	-9999.9	-9999.9
2025 01 07 07	0.31	0.28	4.0	3.9	5.7	0.49	-9999.9	3	168	-9999.9	54	-9999.9	3	15.7	39.7	60	3	1023.8	-9999.9	-9999.9	-9999.9
2025 01 07 08	0.33	0.3	3.7	3.8	8.7	0.54	-9999.9	3	168	-9999.9	49	-9999.9	3	15.6	23.0	89	3	1024.4	-9999.9	-9999.9	-9999.9
2025 01 07 09	0.46	0.43	4.5	4.4	6.9	0.71	-9999.9	3	187	-9999.9	46	-9999.9	3	15.5	17.7	78	3	1025.5	-9999.9	-9999.9	-9999.9
2025 01 07 10	0.47	0.43	3.8	3.8	8.0	0.73	-9999.9	3	168	-9999.9	64	-9999.9	3	15.4	6.9	244	3	1025.8	-9999.9	-9999.9	-9999.9
2025 01 07 11	0.34	0.31	2.9	2.9	6.5	0.55	-9999.9	3	185	-9999.9	54	-9999.9	3	15.5	6.8	315	3	1025.8	-9999.9	-9999.9	-9999.9
2025 01 07 12	0.32	0.28	3.0	3.0	8.3	0.5	-9999.9	3	137	-9999.9	60	-9999.9	3	15.7	47.7	23	3	1024.8	-9999.9	-9999.9	-9999.9
2025 01 07 13	0.29	0.26	2.4	2.3	6.5	0.45	-9999.9	3	158	-9999.9	67	-9999.9	3	15.4	36.8	57	3	1024.1	-9999.9	-9999.9	-9999.9
2025 01 07 14	0.26	0.24	2.5	2.4	8.3	0.43	-9999.9	3	123	-9999.9	67	-9999.9	3	15.7	37.2	46	3	1023.5	-9999.9	-9999.9	-9999.9
2025 01 07 15	0.35	0.32	2.6	2.5	4.5	0.59	-9999.9	3	191	-9999.9	61	-9999.9	3	15.9	40.1	59	3	1023.7	-9999.9	-9999.9	-9999.9
2025 01 07 16	0.29	0.26	2.4	2.5	10.0	0.41	-9999.9	3	141	-9999.9	66	-9999.9	3	16.1	34.8	50	3	1023.9	-9999.9	-9999.9	-9999.9
2025 01 07 17	0.25	0.23	2.6	2.6	8.0	0.41	-9999.9	3	81	-9999.9	63	-9999.9	3	16.0	33.9	40	3	1023.9	-9999.9	-9999.9	-9999.9
2025 01 07 18	0.21	0.19	3.6	3.6	4.9	0.3	-9999.9	3	68	-9999.9	53	-9999.9	3	16.0	43.0	57	3	1024.1	-9999.9	-9999.9	-9999.9
2025 01 07 19	0.27	0.25	4.7	4.6	9.5	0.42	-9999.9	3	138	-9999.9	51	-9999.9	3	15.8	36.1	89	3	1024.3	-9999.9	-9999.9	-9999.9
2025 01 07 20	0.29	0.27	3.7	3.7	8.7	0.44	-9999.9	3	132	-9999.9	55	-9999.9	3	15.7	29.8	76	3	1024.1	-9999.9	-9999.9	-9999.9
2025 01 07 21	0.37	0.35	4.2	4.2	8.3	0.62	-9999.9	3	153	-9999.9	56	-9999.9	3	15.6	5.4	119	3	1024.4	-9999.9	-9999.9	-9999.9
2025 01 07 22	0.35	0.33	4.6	4.5	8.0	0.55	-9999.9	3	125	-9999.9	53	-9999.9	3	15.4	7.1	232	3	1024.3	-9999.9	-9999.9	-9999.9
2025 01 07 23	0.31	0.28	4.4	4.3	9.5	0.44	-9999.9	3	188	-9999.9	47	-9999.9	3	14.9	22.8	188	3	1024.2	-9999.9	-9999.9	-9999.9
2025 01 08 00	0.32	0.3	4.7	4.5	7.7	0.46	-9999.9	3	197	-9999.9	43	-9999.9	3	14.7	34.7	202	3	1024.0	-9999.9	-9999.9	-9999.9
2025 01 08 01	0.25	0.23	3.2	3.1	6.7	0.34	-9999.9	3	188	-9999.9	52	-9999.9	3	14.7	35.4	218	3	1023.4	-9999.9	-9999.9	-9999.9
2025 01 08 02	0.19	0.18	2.9	2.9	5.7	0.36	-9999.9	3	163	-9999.9	65	-9999.9	3	14.7	7.7	237	3	1023.2	-9999.9	-9999.9	-9999.9
2025 01 08 03	0.17	0.16	3.3	3.1	4.3	0.26	-9999.9	3	160	-9999.9	61	-9999.9	3	15.3	10.7	340	3	1023.1	-9999.9	-9999.9	-9999.9
2025 01 08 04	0.25	0.23	3.5	3.5	5.9	0.41	-9999.9	3	132	-9999.9	46	-9999.9	3	15.2	4.7	253	3	1022.9	-9999.9	-9999.9	-9999.9
2025 01 08 05	0.21	0.19	3.1	3.2	8.3	0.34	-9999.9	3	141	-9999.9	57	-9999.9	3	15.0	11.9	74	3	1022.9	-9999.9	-9999.9	-9999.9
2025 01 08 06	0.21	0.2	3.4	3.4	6.1	0.37	-9999.9	3	118	-9999.9	52	-9999.9	3	15.6	39.0	61	3	1022.9	-9999.9	-9999.9	-9999.9
2025 01 08 07	0.23	0.21	3.6	3.5	9.1	0.33	-9999.9	3	117	-9999.9	53	-9999.9	3	15.6	38.5	44	3	1022.4	-9999.9	-9999.9	-9999.9
2025 01 08 08	0.23	0.21	3.2	3.2	9.1	0.31	-9999.9	3	88	-9999.9	52	-9999.9	3	15.8	40.4	61	3	1022.9	-9999.9	-9999.9	-9999.9
2025 01 08 09	0.32	0.29	4.2	4.1	10.5	0.55	-9999.9	3	124	-9999.9	46	-9999.9	3	15.8	43.1	74	3	1023.9	-9999.9	-9999.9	-9999.9
2025 01 08 10	0.27	0.25	3.7	3.7	3.4	0.44	-9999.9	3	119	-9999.9	60	-9999.9	3	15.4	13.1	158	3	1025.1	-9999.9	-9999.9	-9999.9
2025 01 08 11	0.33	0.3	3.0	2.9	6.1	0.46	-9999.9	3	192	-9999.9	52	-9999.9	3	14.9	26.1	214	3	1024.0	-9999.9	-9999.9	-9999.9
2025 01 08 12	0.51	0.48	2.6	2.6	2.8	0.83	-9999.9	3	211	-9999.9	45	-9999.9	3	14.8	16.5	221	3	1022.9	-9999.9	-9999.9	-9999.9
2025 01 08 13	0.43	0.42	2.3	2.3	2.7	0.7	-9999.9	3	213	-9999.9	47	-9999.9	3	14.9	7.3	145	3	1022.4	-9999.9	-9999.9	-9999.9
2025 01 08 14	0.28	0.26	2.3	2.2	2.0	0.44	-9999.9	3	189	-9999.9	64	-9999.9	3	15.5	48.9	38	3	1022.4	-9999.9	-9999.9	-9999.9
2025 01 08 15	0.45	0.41	2.5	2.4	2.4	0.62	-9999.9	3	205	-9999.9	54	-9999.9	3	15.5	44.8	75	3	1022.3	-9999.9	-9999.9	-9999.9
2025 01 08 16	0.67	0.64	2.8	2.7	2.9	0.98	-9999.9	3	203	-9999.9	43	-9999.9	3	16.0	31.8	67	3	1021.9	-9999.9	-9999.9	-9999.9
2025 01 08 17	0.59	0.57	2.7	2.7	3.3	0.99	-9999.9	3	203	-9999.9	48	-9999.9	3	16.2	39.0	61	3	1022.0	-9999.9	-9999.9	-9999.9
2025 01 08 18	0.51	0.48	2.6	2.6	2.5	0.74	-9999.9	3	212	-9999.9	53	-9999.9	3	16.4	36.5	39	3	1023.1	-9999.9	-9999.9	-9999.9
2025 01 08 19	0.4	0.38	2.8	2.8	2.6	0.58	-9999.9	3	212	-9999.9	65	-9999.9	3	16.3	58.3	52	3	1023.4	-9999.9	-9999.9	-9999.9
2025 01 08 20	0.43	0.41	2.9	2.9	2.8	0.66	-9999.9	3	198	-9999.9	61	-9999.9	3	16.1	50.5	75	3	1023.3	-9999.9	-9999.9	-9999.9
2025 01 08 21	0.41	0.39	2.7	2.7	2.9	0.56	-9999.9	3	181	-9999.9	59	-9999.9	3	15.9	-9999.9	-9999.9	3	1024.0	-9999.9	-9999.9	-9999.9
2025 01 08 22	0.64	0.6	2.8	2.8	3.1	1.0	-9999.9	3	196	-9999.9	39	-9999.9	3	15.8	-9999.9	-9999.9	3	1023.9	-9999.9	-9999.9	-9999.9
2025 01 08 23	0.67	0.64	3.0	3.0	3.3	1.01	-9999.9	3	203	-9999.9	33	-9999.9	3	14.7	32.7	186	3	1023.6	-9999.9	-9999.9	-9999.9
2025 01 09 00	0.65	0.62	2.8	2.9	3.5	1.05	-9999.9	3	208	-9999.9	38	-9999.9	3	14.6	32.7	181	3	1022.5	-9999.9	-9999.9	-9999.9
2025 01 09 01	0.94	0.91	3.2	3.2	3.8	1.67	-9999.9	3	217	-9999.9	35	-9999.9	3	14.6	20.3	197	3	1022.0	-9999.9	-9999.9	-9999.9
2025 01 09 02	0.87	0.82	3.0	3.0	3.5	1.38	-9999.9	3	222	-9999.9	39	-9999.9	3	14.7	13.5	156	3	1021.4	-9999.9	-9999.9	-9999.9
2025 01 09 03	0.72	0.66	2.8	2.7	2.8	1.07	-9999.9	3	215	-9999.9	46	-9999.9	3	14.7	11.1	67	3	1021.7	-9999.9	-9999.9	-9999.9
2025 01 09 04	0.63	0.57	2.7	2.6	3.0	0.88	-9999.9	3	211	-9999.9	51	-9999.9	3	15.4	37.0	40	3	1022.0	-9999.9	-9999.9	-9999.9
2025 01 09 05	0.72	0.67	2.8	2.8	3.1	1.23	-9999.9	3	209	-9999.9	42	-9999.9	3	15.3	29.1	70	3	1022.3	-9999.9	-9999.9	-9999.9
2025 01 09 06	0.63	0.6	2.8	2.8	3.4	0.84	-9999.9	3	203	-9999.9	45	-9999.9	3	16.4	43.0	64	3	1022.3	-9999.9	-9999.9	-9999.9
2025 01 09 07	0.61	0.57	2.7	2.6	2.9	0.84	-9999.9	3	203	-9999.9	46	-9999.9	3	16.1	34.4	51	3	1023.2	-9999.9	-9999.9	-9999.9
2025 01 09 08	0.48	0.45	3.0	3.0	3.1	0.75	-9999.9	3	190	-9999.9	60	-9999.9	3	16.2	60.0	68	3	1024.5	-9999.9	-9999.9	-9999.9
2025 01 09 09	0.68	0.63	3.5	3.6	3.4	0.94	-9999.9	3	202	-9999.9	59	-9999.9	3	15.9	66.9	66	3	1025.6	-9999.9	-9999.9	-9999.9
2025 01 09 10	0.57	0.53	3.5	3.7	3.4	0.78	-9999.9	3	177	-9999.9	59	-9999.9	3	16.0	-9999.9	-9999.9	3	1025.9	-9999.9	-9999.9	-9999.9
2025 01 09 11	0.57	0.52	3.6	3.5	9.5	0.87	-9999.9	3	189	-9999.9	51	-9999.9	3	16.1	58.2	71	3	1026.2	-9999.9	-9999.9	-9999.9
2025 01 09 12	0.68	0.62	3.5	3.5	8.7	1.07	-9999.9	3	196	-9999.9	40	-9999.9	3	15.7	24.7	111	3	1025.9	-9999.9	-9999.9	-9999.9
2025 01 09 13	0.66	0.6	3.7	3.7	3.7	0.97	-9999.9	3	193	-9999.9	45	-9999.9	3	14.6	47.4	197	3	1025.5	-9999.9	-9999.9	-9999.9
2025 01 09 14	0.76	0.68	3.7	3.7	3.5	1.1	-9999.9	3	195	-9999.9	38	-9999.9	3	14.4	37.1	196	3	1025.5	-9999.9	-9999.9	-9999.9
2025 01 09 15	0.65	0.61	3.1	3.0	3.2	1.38	-9999.9	3	179	-9999.9	46	-9999.9	3	14.5	29.6	184	3	1025.4	-9999.9	-9999.9	-9999.9
2025 01 09 16	0.42	0.38	2.7	2.6	2.2	0.67	-9999.9	3	214	-9999.9	60	-9999.9	3	14.6	4.8	210	3	1025.2	-9999.9	-9999.9	-9999.9
2025 01 09 17	0.44	0.41	2.7	2.7	4.3	0.67	-9999.9	3	174	-9999.9	57	-9999.9	3	15.3	-9999.9	-9999.9	3	1025.7	-9999.9	-9999.9	-9999.9
2025 01 09 18	0.44	0.39	2.9	2.9	6.7	0.68	-9999.9	3	185	-9999.9	58	-9999.9	3	15.3	-9999.9	-9999.9	3	1026.2	-9999.9	-9999.9	-9999.9
2025 01 09 19	0.44	0.39	3.0	2.9	10.0	0.67	-9999.9	3	170	-9999.9	54	-9999.9	3	16.0	40.4	63	3	1026.7	-9999.9	-9999.9	-9999.9
2025 01 09 20	0.4	0.36	2.8	2.8	11.1	0.69	-9999.9	3	175	-9999.9	59	-9999.9	3	15.9	35.5	68	3	1027.0	-9999.9	-9999.9	-9999.9
2025 01 09 21	0.33	0.29	3.3	3.3	7.1	0.46	-9999.9	3	145	-9999.9	59	-9999.9	3	15.9	50.4	50	3	1027.1	-9999.9	-9999.9	-9999.9
2025 01 09 22	0.5	0.47	4.6	4.7	10.0	0.74	-9999.9	3	124	-9999.9	51	-9999.9	3	15.7	46.4	60	3	1027.0	-9999.9	-9999.9	-9999.9
2025 01 09 23	0.29	0.27	5.3	5.4	10.0	0.4	-9999.9	3	135	-9999.9	58	-9999.9	3	15.8	85.2	64	3	1026.9	-9999.9	-9999.9	-9999.9
2025 01 10 00	0.37	0.34	4.8	4.8	10.0	0.55	-9999.9	3	172	-9999.9	49	-9999.9	3	15.8	81.1	74	3	1026.6	-9999.9	-9999.9	-9999.9
2025 01 10 01	0.37	0.35	3.6	3.7	5.7	0.57	-9999.9	3	185	-9999.9	45	-9999.9	3	15.3	-9999.9	-9999.9	3	1026.5	-9999.9	-9999.9	-9999.9
2025 01 10 02	0.34	0.31	4.8	4.8	14.3	0.48	-9999.9	3	188	-9999.9	38	-9999.9	3	14.4	56.0	163	3	1026.7	-9999.9	-9999.9	-9999.9
2025 01 10 03	0.37	0.34	3.7	3.7	9.5	0.57	-9999.9	3	174	-9999.9	54	-9999.9	3	14.5	44.4	185	3	1026.7	-9999.9	-9999.9	-9999.9
2025 01 10 04	0.24	0.22	2.9	3.1	5.9	0.39	-9999.9	3	126	-9999.9	61	-9999.9	3	14.8	18.9	303	3	1026.5	-9999.9	-9999.9	-9999.9
2025 01 10 05	0.22	0.21	3.7	3.8	5.6	0.37	-9999.9	3	139	-9999.9	51	-9999.9	3	15.4	27.2	27	3	1026.6	-9999.9	-9999.9	-9999.9
2025 01 10 06	0.26	0.24	3.7	3.7	6.2	0.45	-9999.9	3	156	-9999.9	45	-9999.9	3	15.2	13.6	116	3	1026.7	-9999.9	-9999.9	-9999.9
2025 01 10 07	0.38	0.36	2.6	2.7	3.6	0.61	-9999.9	3	171	-9999.9	55	-9999.9	3	15.9	45.3	71	3	1027.1	-9999.9	-9999.9	-9999.9
2025 01 10 08	0.4	0.38	2.3	2.3	2.3	0.69	-9999.9	3	197	-9999.9	57	-9999.9	3	16.0	29.2	59	3	1027.3	-9999.9	-9999.9	-9999.9
2025 01 10 09	0.52	0.49	2.4	2.4	2.4	0.83	-9999.9	3	204	-9999.9	49	-9999.9	3	15.9	24.7	66	3	1027.5	-9999.9	-9999.9	-9999.9
2025 01 10 10	0.38	0.34	2.8	2.5	7.1	0.7	-9999.9	3	150	-9999.9	61	-9999.9	3	15.8	56.5	45	3	1028.0	-9999.9	-9999.9	-9999.9
2025 01 10 11	0.32	0.29	2.9	2.9	5.7	0.44	-9999.9	3	173	-9999.9	65	-9999.9	3	15.7	62.6	63	3	1028.1	-9999.9	-9999.9	-9999.9
2025 01 10 12	0.35	0.33	4.3	4.4	7.4	0.54	-9999.9	3	88	-9999.9	57	-9999.9	3	15.8	72.6	80	3	1027.2	-9999.9	-9999.9	-9999.9
2025 01 10 13	0.42	0.38	2.9	2.9	2.3	0.55	-9999.9	3	180	-9999.9	61	-9999.9	3	15.8	65.3	69	3	1026.6	-9999.9	-9999.9	-9999.9
2025 01 10 14	0.49	0.44	2.9	2.8	9.1	0.65	-9999.9	3	194	-9999.9	50	-9999.9	3	15.2	16.2	181	3	1026.4	-9999.9	-9999.9	-9999.9
2025 01 10 15	0.44	0.39	3.9	4.0	14.3	0.64	-9999.9	3	193	-9999.9	47	-9999.9	3	14.6	-9999.9	-9999.9	3	1026.3	-9999.9	-9999.9	-9999.9
2025 01 10 16	0.5	0.45	3.3	3.3	3.4	0.65	-9999.9	3	195	-9999.9	53	-9999.9	3	14.8	-9999.9	-9999.9	3	1026.8	-9999.9	-9999.9	-9999.9
2025 01 10 17	0.39	0.38	2.6	2.5	3.1	0.66	-9999.9	3	210	-9999.9	61	-9999.9	3	14.7	18.2	148	3	1027.1	-9999.9	-9999.9	-9999.9
2025 01 10 18	0.42	0.39	2.4	2.4	2.4	0.69	-9999.9	3	215	-9999.9	60	-9999.9	3	14.8	15.7	344	3	1027.2	-9999.9	-9999.9	-9999.9
2025 01 10 19	0.44	0.4	2.7	2.7	9.5	0.78	-9999.9	3	181	-9999.9	56	-9999.9	3	15.1	1.6	35	3	1027.3	-9999.9	-9999.9	-9999.9
2025 01 10 20	0.56	0.52	2.4	2.4	2.4	0.88	-9999.9	3	206	-9999.9	46	-9999.9	3	14.8	11.3	77	3	1027.2	-9999.9	-9999.9	-9999.9
2025 01 10 21	0.45	0.41	2.4	2.4	2.2	0.69	-9999.9	3	193	-9999.9	54	-9999.9	3	15.6	39.9	61	3	1027.8	-9999.9	-9999.9	-9999.9
2025 01 10 22	0.41	0.36	2.7	2.7	10.5	0.54	-9999.9	3	166	-9999.9	59	-9999.9	3	15.4	44.1	46	3	1028.4	-9999.9	-9999.9	-9999.9
2025 01 10 23	0.43	0.39	2.8	2.7	8.3	0.63	-9999.9	3	204	-9999.9	61	-9999.9	3	15.5	48.1	53	3	1028.3	-9999.9	-9999.9	-9999.9
2025 01 11 00	0.3	0.27	3.6	3.6	10.0	0.5	-9999.9	3	137	-9999.9	59	-9999.9	3	15.4	65.0	65	3	1027.7	-9999.9	-9999.9	-9999.9
2025 01 11 01	0.29	0.26	3.6	3.6	9.5	0.39	-9999.9	3	137	-9999.9	59	-9999.9	3	15.5	83.2	81	3	1027.6	-9999.9	-9999.9	-9999.9
2025 01 11 02	0.35	0.32	2.8	3.0	14.3	0.42	-9999.9	3	186	-9999.9	45	-9999.9	3	15.1	-9999.9	-9999.9	3	1027.9	-9999.9	-9999.9	-9999.9
2025 01 11 03	0.35	0.32	3.0	2.9	2.7	0.63	-9999.9	3	201	-9999.9	48	-9999.9	3	14.5	62.0	182	3	1028.2	-9999.9	-9999.9	-9999.9
2025 01 11 04	0.34	0.33	2.2	2.3	2.0	0.59	-9999.9	3	226	-9999.9	57	-9999.9	3	14.8	-9999.9	-9999.9	3	1027.9	-9999.9	-9999.9	-9999.9
2025 01 11 05	0.29	0.27	2.2	2.1	1.9	0.44	-9999.9	3	196	-9999.9	66	-9999.9	3	15.1	21.0	26	3	1027.6	-9999.9	-9999.9	-9999.9
2025 01 11 06	0.17	0.16	2.2	2.1	1.9	0.25	-9999.9	3	133	-9999.9	72	-9999.9	3	15.6	58.4	43	3	1028.2	-9999.9	-9999.9	-9999.9
2025 01 11 07	0.42	0.4	2.2	2.1	2.1	0.6	-9999.9	3	207	-9999.9	55	-9999.9	3	15.7	33.0	73	3	1028.1	-9999.9	-9999.9	-9999.9
2025 01 11 08	0.4	0.39	2.2	2.1	2.3	0.63	-9999.9	3	209	-9999.9	56	-9999.9	3	15.7	42.4	67	3	1028.5	-9999.9	-9999.9	-9999.9
2025 01 11 09	0.43	0.41	2.2	2.3	2.1	0.66	-9999.9	3	198	-9999.9	55	-9999.9	3	15.8	39.0	53	3	1029.1	-9999.9	-9999.9	-9999.9
2025 01 11 10	0.45	0.4	2.6	2.5	8.0	0.7	-9999.9	3	211	-9999.9	57	-9999.9	3	15.8	41.3	48	3	1029.7	-9999.9	-9999.9	-9999.9
2025 01 11 11	0.32	0.29	3.2	3.1	8.0	0.44	-9999.9	3	58	-9999.9	59	-9999.9	3	15.8	62.7	46	3	1029.1	-9999.9	-9999.9	-9999.9
2025 01 11 12	0.43	0.38	3.0	2.9	7.7	0.72	-9999.9	3	177	-9999.9	60	-9999.9	3	15.6	54.7	71	3	1028.0	-9999.9	-9999.9	-9999.9
2025 01 11 13	0.28	0.27	3.7	3.8	3.5	0.45	-9999.9	3	73	-9999.9	61	-9999.9	3	15.6	80.9	80	3	1027.5	-9999.9	-9999.9	-9999.9
2025 01 11 14	0.47	0.44	2.5	2.5	2.1	0.72	-9999.9	3	192	-9999.9	49	-9999.9	3	15.7	-9999.9	-9999.9	3	1027.2	-9999.9	-9999.9	-9999.9
2025 01 11 15	0.41	0.37	2.7	2.7	11.1	0.65	-9999.9	3	183	-9999.9	62	-9999.9	3	15.4	-9999.9	-9999.9	3	1027.2	-9999.9	-9999.9	-9999.9
2025 01 11 16	0.41	0.37	3.3	3.3	13.3	0.65	-9999.9	3	197	-9999.9	52	-9999.9	3	14.7	56.3	190	3	1027.5	-9999.9	-9999.9	-9999.9
2025 01 11 17	0.39	0.34	3.4	3.6	13.3	0.49	-9999.9	3	192	-9999.9	51	-9999.9	3	14.7	55.3	200	3	1027.6	-9999.9	-9999.9	-9999.9
2025 01 11 18	0.41	0.39	2.8	2.8	2.9	0.64	-9999.9	3	197	-9999.9	52	-9999.9	3	14.6	45.6	176	3	1027.4	-9999.9	-9999.9	-9999.9
2025 01 11 19	0.37	0.34	2.8	2.7	10.0	0.66	-9999.9	3	163	-9999.9	55	-9999.9	3	15.0	25.6	181	3	1027.6	-9999.9	-9999.9	-9999.9
2025 01 11 20	0.41	0.39	2.4	2.4	2.3	0.67	-9999.9	3	208	-9999.9	48	-9999.9	3	15.1	-9999.9	-9999.9	3	1027.5	-9999.9	-9999.9	-9999.9
2025 01 11 21	0.44	0.41	2.5	2.5	2.4	0.7	-9999.9	3	189	-9999.9	55	-9999.9	3	14.8	17.6	172	3	1027.8	-9999.9	-9999.9	-9999.9
2025 01 11 22	0.5	0.45	2.6	2.6	2.4	0.75	-9999.9	3	190	-9999.9	50	-9999.9	3	15.0	8.5	143	3	1027.7	-9999.9	-9999.9	-9999.9
2025 01 11 23	0.39	0.36	2.5	2.5	2.4	0.62	-9999.9	3	191	-9999.9	62	-9999.9	3	15.4	37.5	36	3	1027.6	-9999.9	-9999.9	-9999.9
2025 01 12 00	0.26	0.23	2.9	2.9	6.9	0.35	-9999.9	3	164	-9999.9	62	-9999.9	3	15.2	56.4	44	3	1027.1	-9999.9	-9999.9	-9999.9
2025 01 12 01	0.26	0.25	3.1	3.1	8.0	0.46	-9999.9	3	129	-9999.9	66	-9999.9	3	15.4	65.5	65	3	1026.4	-9999.9	-9999.9	-9999.9
2025 01 12 02	0.34	0.3	4.1	4.2	14.3	0.53	-9999.9	3	159	-9999.9	57	-9999.9	3	15.0	64.3	65	3	1026.4	-9999.9	-9999.9	-9999.9
2025 01 12 03	0.29	0.26	2.5	2.5	2.0	0.41	-9999.9	3	183	-9999.9	54	-9999.9	3	15.2	25.2	161	3	1025.8	-9999.9	-9999.9	-9999.9
2025 01 12 04	0.22	0.2	3.0	3.0	8.0	0.31	-9999.9	3	183	-9999.9	56	-9999.9	3	14.4	53.2	176	3	1025.3	-9999.9	-9999.9	-9999.9
2025 01 12 05	0.19	0.18	2.4	2.4	2.0	0.34	-9999.9	3	182	-9999.9	63	-9999.9	3	14.6	17.8	186	3	1025.5	-9999.9	-9999.9	-9999.9
2025 01 12 06	0.21	0.19	2.8	2.9	5.3	0.31	-9999.9	3	94	-9999.9	68	-9999.9	3	15.4	38.6	29	3	1025.3	-9999.9	-9999.9	-9999.9
2025 01 12 07	0.25	0.23	2.6	2.5	3.7	0.4	-9999.9	3	29	-9999.9	61	-9999.9	3	16.0	63.1	43	3	1025.6	-9999.9	-9999.9	-9999.9
2025 01 12 08	0.26	0.24	2.3	2.2	2.0	0.47	-9999.9	3	200	-9999.9	68	-9999.9	3	16.1	-9999.9	-9999.9	3	1025.7	-9999.9	-9999.9	-9999.9
2025 01 12 09	0.26	0.24	2.5	2.5	1.9	0.39	-9999.9	3	97	-9999.9	64	-9999.9	3	16.1	-9999.9	-9999.9	3	1025.7	-9999.9	-9999.9	-9999.9
2025 01 12 10	0.26	0.24	2.6	2.5	5.0	0.44	-9999.9	3	106	-9999.9	61	-9999.9	3	16.1	23.5	63	3	1026.2	-9999.9	-9999.9	-9999.9
2025 01 12 11	0.42	0.37	2.6	2.5	8.0	0.57	-9999.9	3	173	-9999.9	56	-9999.9	3	16.0	46.0	44	3	1026.4	-9999.9	-9999.9	-9999.9
2025 01 12 12	0.31	0.27	2.8	2.9	7.7	0.47	-9999.9	3	160	-9999.9	65	-9999.9	3	15.7	59.6	50	3	1025.7	-9999.9	-9999.9	-9999.9
2025 01 12 13	0.33	0.29	3.0	3.0	11.1	0.43	-9999.9	3	174	-9999.9	58	-9999.9	3	15.6	50.4	61	3	1025.3	-9999.9	-9999.9	-9999.9
2025 01 12 14	0.24	0.23	4.1	4.1	9.5	0.33	-9999.9	3	127	-9999.9	63	-9999.9	3	15.8	79.1	83	3	1024.3	-9999.9	-9999.9	-9999.9
2025 01 12 15	0.46	0.41	2.8	2.7	8.7	0.82	-9999.9	3	164	-9999.9	51	-9999.9	3	15.8	-9999.9	-9999.9	3	1023.3	-9999.9	-9999.9	-9999.9
2025 01 12 16	0.45	0.4	2.9	2.9	8.0	0.76	-9999.9	3	160	-9999.9	53	-9999.9	3	15.7	-9999.9	-9999.9	3	1023.6	-9999.9	-9999.9	-9999.9
2025 01 12 17	0.39	0.36	2.6	2.6	2.0	0.6	-9999.9	3	210	-9999.9	47	-9999.9	3	15.1	16.4	77	3	1024.0	-9999.9	-9999.9	-9999.9
2025 01 12 18	0.38	0.35	2.8	2.8	4.8	0.56	-9999.9	3	168	-9999.9	63	-9999.9	3	14.9	-9999.9	-9999.9	3	1024.1	-9999.9	-9999.9	-9999.9
2025 01 12 19	0.37	0.33	3.4	3.2	9.5	0.56	-9999.9	3	156	-9999.9	53	-9999.9	3	14.4	52.7	171	3	1025.0	-9999.9	-9999.9	-9999.9
2025 01 12 20	0.24	0.22	3.0	2.8	6.7	0.44	-9999.9	3	69	-9999.9	58	-9999.9	3	15.2	22.9	54	3	1025.6	-9999.9	-9999.9	-9999.9
2025 01 12 21	0.22	0.21	2.9	2.8	3.9	0.39	-9999.9	3	75	-9999.9	55	-9999.9	3	15.5	36.5	53	3	1025.9	-9999.9	-9999.9	-9999.9
2025 01 12 22	0.35	0.33	5.1	5.0	8.7	0.58	-9999.9	3	105	-9999.9	41	-9999.9	3	15.4	31.8	50	3	1025.8	-9999.9	-9999.9	-9999.9
2025 01 12 23	0.21	0.2	3.5	3.6	5.0	0.31	-9999.9	3	96	-9999.9	59	-9999.9	3	16.0	52.1	53	3	1026.2	-9999.9	-9999.9	-9999.9
2025 01 13 00	0.45	0.43	4.0	4.2	5.0	0.85	-9999.9	3	76	-9999.9	38	-9999.9	3	15.9	46.1	50	3	1025.8	-9999.9	-9999.9	-9999.9
2025 01 13 01	0.56	0.54	4.9	5.0	5.7	0.79	-9999.9	3	61	-9999.9	45	-9999.9	3	15.3	83.4	59	3	1025.2	-9999.9	-9999.9	-9999.9
2025 01 13 02	0.51	0.5	4.3	4.3	5.6	0.78	-9999.9	3	70	-9999.9	47	-9999.9	3	15.8	53.7	61	3	1025.3	-9999.9	-9999.9	-9999.9
2025 01 13 03	0.53	0.5	4.3	4.5	4.9	0.83	-9999.9	3	83	-9999.9	46	-9999.9	3	15.2	32.0	69	3	1025.2	-9999.9	-9999.9	-9999.9
2025 01 13 04	0.48	0.47	4.4	4.4	5.6	0.74	-9999.9	3	81	-9999.9	42	-9999.9	3	14.9	12.4	72	3	1024.7	-9999.9	-9999.9	-9999.9
2025 01 13 05	0.38	0.37	4.3	4.4	5.0	0.64	-9999.9	3	118	-9999.9	47	-9999.9	3	14.2	56.9	197	3	1024.8	-9999.9	-9999.9	-9999.9
2025 01 13 06	0.34	0.32	3.5	3.3	4.9	0.63	-9999.9	3	106	-9999.9	48	-9999.9	3	14.1	20.6	208	3	1024.8	-9999.9	-9999.9	-9999.9
2025 01 13 07	0.4	0.39	3.9	4.0	6.5	0.67	-9999.9	3	74	-9999.9	46	-9999.9	3	15.2	42.9	22	3	1025.1	-9999.9	-9999.9	-9999.9
2025 01 13 08	0.51	0.49	4.0	4.1	6.5	0.81	-9999.9	3	90	-9999.9	43	-9999.9	3	14.9	31.4	61	3	1025.2	-9999.9	-9999.9	-9999.9
2025 01 13 09	0.93	0.91	5.0	5.2	6.5	1.37	-9999.9	3	102	-9999.9	31	-9999.9	3	15.7	41.5	60	3	1026.1	-9999.9	-9999.9	-9999.9
2025 01 13 10	1.04	0.99	4.7	4.7	6.7	1.65	-9999.9	3	107	-9999.9	37	-9999.9	3	15.6	13.0	105	3	1026.9	-9999.9	-9999.9	-9999.9
2025 01 13 11	1.09	1.05	4.6	4.6	6.5	1.65	-9999.9	3	102	-9999.9	35	-9999.9	3	15.4	9.2	110	3	1027.0	-9999.9	-9999.9	-9999.9
2025 01 13 12	0.97	0.94	5.1	5.1	6.5	1.48	-9999.9	3	102	-9999.9	38	-9999.9	3	15.9	40.3	28	3	1026.4	-9999.9	-9999.9	-9999.9
2025 01 13 13	0.84	0.79	4.8	4.7	6.1	1.55	-9999.9	3	106	-9999.9	39	-9999.9	3	15.7	52.9	38	3	1025.6	-9999.9	-9999.9	-9999.9
2025 01 13 14	0.92	0.88	4.8	5.0	5.9	1.28	-9999.9	3	103	-9999.9	39	-9999.9	3	15.9	56.5	49	3	1024.9	-9999.9	-9999.9	-9999.9
2025 01 13 15	0.99	0.94	4.6	4.7	5.7	1.43	-9999.9	3	103	-9999.9	40	-9999.9	3	15.8	75.1	76	3	1024.6	-9999.9	-9999.9	-9999.9
2025 01 13 16	1.04	1.0	4.2	4.3	6.1	1.53	-9999.9	3	105	-9999.9	39	-9999.9	3	15.6	28.6	96	3	1024.9	-9999.9	-9999.9	-9999.9
2025 01 13 17	1.21	1.18	4.7	4.9	5.9	1.67	-9999.9	3	89	-9999.9	36	-9999.9	3	15.5	50.8	69	3	1025.1	-9999.9	-9999.9	-9999.9
2025 01 13 18	1.16	1.11	4.6	4.9	5.9	1.62	-9999.9	3	99	-9999.9	36	-9999.9	3	15.3	14.3	83	3	1024.8	-9999.9	-9999.9	-9999.9
2025 01 13 19	0.99	0.91	4.7	4.8	5.9	1.52	-9999.9	3	109	-9999.9	42	-9999.9	3	14.5	-9999.9	-9999.9	3	1025.0	-9999.9	-9999.9	-9999.9
2025 01 13 20	0.86	0.78	4.6	4.6	5.9	1.33	-9999.9	3	118	-9999.9	44	-9999.9	3	14.6	-9999.9	-9999.9	3	1025.3	-9999.9	-9999.9	-9999.9
2025 01 13 21	0.75	0.71	4.4	4.4	6.2	1.22	-9999.9	3	119	-9999.9	46	-9999.9	3	14.6	72.6	203	3	1025.6	-9999.9	-9999.9	-9999.9
2025 01 13 22	0.83	0.79	4.4	4.4	8.3	1.27	-9999.9	3	100	-9999.9	53	-9999.9	3	14.8	49.1	238	3	1025.5	-9999.9	-9999.9	-9999.9
2025 01 13 23	0.98	0.91	4.0	4.2	8.7	1.42	-9999.9	3	100	-9999.9	39	-9999.9	3	15.5	28.2	309	3	1025.5	-9999.9	-9999.9	-9999.9
2025 01 14 00	1.02	0.95	4.0	3.9	6.9	1.48	-9999.9	3	100	-9999.9	38	-9999.9	3	15.5	36.0	340	3	1025.2	-9999.9	-9999.9	-9999.9
2025 01 14 01	1.07	1.03	4.4	4.7	6.9	1.75	-9999.9	3	86	-9999.9	40	-9999.9	3	16.4	67.5	31	3	1025.1	-9999.9	-9999.9	-9999.9
2025 01 14 02	1.32	1.23	4.3	4.3	6.1	1.94	-9999.9	3	97	-9999.9	37	-9999.9	3	16.2	61.9	41	3	1025.0	-9999.9	-9999.9	-9999.9
2025 01 14 03	1.19	1.13	4.3	4.1	5.6	1.69	-9999.9	3	111	-9999.9	36	-9999.9	3	15.7	31.1	59	3	1024.8	-9999.9	-9999.9	-9999.9
2025 01 14 04	1.77	1.71	4.9	5.0	6.2	2.95	-9999.9	3	97	-9999.9	31	-9999.9	3	15.8	44.2	47	3	1024.9	-9999.9	-9999.9	-9999.9
2025 01 14 05	1.78	1.73	4.8	4.9	6.7	3.98	-9999.9	3	104	-9999.9	34	-9999.9	3	15.8	15.3	62	3	1025.0	-9999.9	-9999.9	-9999.9
2025 01 14 06	1.89	1.79	4.9	4.9	6.7	3.09	-9999.9	3	109	-9999.9	34	-9999.9	3	15.7	3.6	188	3	1025.6	-9999.9	-9999.9	-9999.9
2025 01 14 07	1.73	1.64	4.7	4.7	6.7	2.43	-9999.9	3	101	-9999.9	35	-9999.9	3	15.6	5.2	43	3	1026.2	-9999.9	-9999.9	-9999.9
2025 01 14 08	1.68	1.6	5.0	5.0	5.7	2.5	-9999.9	3	83	-9999.9	34	-9999.9	3	15.9	46.0	20	3	1026.4	-9999.9	-9999.9	-9999.9
2025 01 14 09	1.43	1.37	4.7	4.7	6.9	2.46	-9999.9	3	83	-9999.9	37	-9999.9	3	15.9	26.2	3	3	1027.2	-9999.9	-9999.9	-9999.9
2025 01 14 10	1.58	1.51	4.7	4.8	6.2	2.09	-9999.9	3	97	-9999.9	37	-9999.9	3	16.4	30.3	59	3	1028.1	-9999.9	-9999.9	-9999.9
2025 01 14 11	1.71	1.62	4.9	4.8	6.5	2.85	-9999.9	3	99	-9999.9	37	-9999.9	3	16.4	20.7	54	3	1028.2	-9999.9	-9999.9	-9999.9
2025 01 14 12	1.7	1.61	4.8	4.7	7.1	2.8	-9999.9	3	105	-9999.9	35	-9999.9	3	16.0	20.0	37	3	1027.8	-9999.9	-9999.9	-9999.9
2025 01 14 13	1.65	1.58	5.2	5.1	6.9	3.5	-9999.9	3	98	-9999.9	35	-9999.9	3	16.7	-9999.9	-9999.9	3	1027.2	-9999.9	-9999.9	-9999.9
2025 01 14 14	1.57	1.52	5.0	5.2	5.6	2.69	-9999.9	3	114	-9999.9	38	-9999.9	3	16.5	39.4	72	3	1026.7	-9999.9	-9999.9	-9999.9
2025 01 14 15	1.68	1.61	5.0	5.3	6.7	2.52	-9999.9	3	111	-9999.9	36	-9999.9	3	16.4	18.6	57	3	1026.8	-9999.9	-9999.9	-9999.9
2025 01 14 16	1.66	1.6	4.8	4.9	7.4	2.83	-9999.9	3	111	-9999.9	34	-9999.9	3	16.3	9.5	30	3	1026.8	-9999.9	-9999.9	-9999.9
2025 01 14 17	1.53	1.41	4.8	4.8	7.4	2.49	-9999.9	3	103	-9999.9	36	-9999.9	3	16.1	21.1	39	3	1027.2	-9999.9	-9999.9	-9999.9
2025 01 14 18	1.79	1.74	5.0	5.1	7.4	3.03	-9999.9	3	99	-9999.9	34	-9999.9	3	16.1	24.4	21	3	1027.6	-9999.9	-9999.9	-9999.9
2025 01 14 19	1.96	1.85	5.1	5.1	6.9	2.98	-9999.9	3	108	-9999.9	32	-9999.9	3	16.0	9.7	85	3	1028.1	-9999.9	-9999.9	-9999.9
2025 01 14 20	1.78	1.65	4.8	4.9	6.7	2.38	-9999.9	3	114	-9999.9	35	-9999.9	3	15.9	20.6	224	3	1028.3	-9999.9	-9999.9	-9999.9
2025 01 14 21	1.68	1.59	4.7	4.7	5.9	2.82	-9999.9	3	122	-9999.9	35	-9999.9	3	15.8	40.3	238	3	1028.2	-9999.9	-9999.9	-9999.9
2025 01 14 22	1.6	1.52	4.9	5.0	6.7	2.95	-9999.9	3	123	-9999.9	37	-9999.9	3	15.5	48.7	243	3	1028.4	-9999.9	-9999.9	-9999.9
2025 01 14 23	1.53	1.42	4.7	4.6	6.9	2.18	-9999.9	3	114	-9999.9	36	-9999.9	3	15.9	35.6	302	3	1028.8	-9999.9	-9999.9	-9999.9
2025 01 15 00	1.57	1.5	4.9	5.2	7.4	2.13	-9999.9	3	100	-9999.9	34	-9999.9	3	16.1	49.0	9	3	1028.5	-9999.9	-9999.9	-9999.9
2025 01 15 01	1.44	1.38	5.0	5.1	7.1	2.23	-9999.9	3	99	-9999.9	35	-9999.9	3	16.0	67.9	25	3	1027.9	-9999.9	-9999.9	-9999.9
2025 01 15 02	1.4	1.31	4.9	4.8	6.9	2.29	-9999.9	3	93	-9999.9	36	-9999.9	3	15.8	56.7	46	3	1027.7	-9999.9	-9999.9	-9999.9
2025 01 15 03	1.19	1.12	4.8	4.8	9.5	1.77	-9999.9	3	98	-9999.9	37	-9999.9	3	15.8	47.8	62	3	1028.0	-9999.9	-9999.9	-9999.9
2025 01 15 04	1.07	1.02	5.2	5.6	9.5	1.55	-9999.9	3	91	-9999.9	35	-9999.9	3	15.7	38.8	61	3	1027.8	-9999.9	-9999.9	-9999.9
2025 01 15 05	1.15	1.08	5.1	5.1	7.1	1.76	-9999.9	3	86	-9999.9	37	-9999.9	3	15.7	43.3	71	3	1027.7	-9999.9	-9999.9	-9999.9
2025 01 15 06	1.17	1.13	5.3	5.8	8.0	1.62	-9999.9	3	84	-9999.9	34	-9999.9	3	15.5	15.4	98	3	1028.1	-9999.9	-9999.9	-9999.9
2025 01 15 07	1.13	1.08	5.6	5.7	8.0	1.45	-9999.9	3	106	-9999.9	36	-9999.9	3	14.5	54.8	213	3	1028.0	-9999.9	-9999.9	-9999.9
2025 01 15 08	1.21	1.13	5.2	5.2	9.1	1.76	-9999.9	3	104	-9999.9	34	-9999.9	3	15.0	53.8	201	3	1028.1	-9999.9	-9999.9	-9999.9
2025 01 15 09	1.34	1.27	5.4	5.5	9.5	2.45	-9999.9	3	88	-9999.9	30	-9999.9	3	15.2	30.2	170	3	1028.5	-9999.9	-9999.9	-9999.9
2025 01 15 10	1.35	1.26	5.1	5.1	9.1	1.99	-9999.9	3	84	-9999.9	33	-9999.9	3	15.0	36.3	169	3	1029.0	-9999.9	-9999.9	-9999.9
2025 01 15 11	1.34	1.26	5.3	5.5	8.7	2.0	-9999.9	3	102	-9999.9	37	-9999.9	3	15.2	36.0	216	3	1028.8	-9999.9	-9999.9	-9999.9
2025 01 15 12	1.25	1.2	5.7	5.8	9.1	1.74	-9999.9	3	107	-9999.9	37	-9999.9	3	15.2	47.1	213	3	1028.4	-9999.9	-9999.9	-9999.9
2025 01 15 13	1.47	1.39	5.8	6.1	9.1	2.14	-9999.9	3	102	-9999.9	30	-9999.9	3	15.0	12.3	219	3	1027.6	-9999.9	-9999.9	-9999.9
2025 01 15 14	1.33	1.29	5.8	5.9	9.1	1.89	-9999.9	3	98	-9999.9	31	-9999.9	3	14.9	16.0	85	3	1027.1	-9999.9	-9999.9	-9999.9
2025 01 15 15	1.27	1.21	6.2	6.3	9.1	1.77	-9999.9	3	97	-9999.9	34	-9999.9	3	15.1	31.4	64	3	1026.7	-9999.9	-9999.9	-9999.9
2025 01 15 16	1.2	1.16	5.9	6.1	9.5	2.21	-9999.9	3	96	-9999.9	36	-9999.9	3	16.0	48.1	73	3	1026.6	-9999.9	-9999.9	-9999.9
2025 01 15 17	1.34	1.28	6.4	6.2	9.5	2.29	-9999.9	3	97	-9999.9	30	-9999.9	3	15.8	42.3	90	3	1026.5	-9999.9	-9999.9	-9999.9
2025 01 15 18	0.9	0.86	5.1	5.2	9.1	1.39	-9999.9	3	97	-9999.9	38	-9999.9	3	15.3	17.3	170	3	1026.7	-9999.9	-9999.9	-9999.9
2025 01 15 19	0.89	0.88	5.4	5.6	8.0	1.47	-9999.9	3	93	-9999.9	36	-9999.9	3	15.1	30.6	242	3	1026.8	-9999.9	-9999.9	-9999.9
2025 01 15 20	0.8	0.77	5.2	5.4	7.1	1.21	-9999.9	3	97	-9999.9	39	-9999.9	3	14.7	51.6	200	3	1026.8	-9999.9	-9999.9	-9999.9
2025 01 15 21	0.88	0.83	5.8	5.8	9.1	1.34	-9999.9	3	100	-9999.9	33	-9999.9	3	14.6	52.2	207	3	1026.5	-9999.9	-9999.9	-9999.9
2025 01 15 22	0.91	0.87	5.4	5.4	9.1	1.29	-9999.9	3	107	-9999.9	35	-9999.9	3	14.6	50.7	214	3	1026.0	-9999.9	-9999.9	-9999.9
2025 01 15 23	0.93	0.87	5.4	5.5	8.7	1.78	-9999.9	3	106	-9999.9	34	-9999.9	3	14.6	39.6	218	3	1025.7	-9999.9	-9999.9	-9999.9
2025 01 16 00	0.89	0.87	5.7	6.1	10.0	1.54	-9999.9	3	101	-9999.9	31	-9999.9	3	14.6	9.8	225	3	1024.9	-9999.9	-9999.9	-9999.9
2025 01 16 01	0.83	0.79	6.6	6.7	8.7	1.39	-9999.9	3	85	-9999.9	31	-9999.9	3	15.2	33.7	349	3	1024.1	-9999.9	-9999.9	-9999.9
2025 01 16 02	0.75	0.71	6.4	6.3	8.3	1.33	-9999.9	3	87	-9999.9	33	-9999.9	3	15.4	47.4	29	3	1023.3	-9999.9	-9999.9	-9999.9
2025 01 16 03	0.79	0.77	6.4	6.6	8.3	1.14	-9999.9	3	82	-9999.9	37	-9999.9	3	14.9	27.9	73	3	1022.8	-9999.9	-9999.9	-9999.9
2025 01 16 04	0.72	0.69	6.1	6.3	10.0	1.3	-9999.9	3	81	-9999.9	37	-9999.9	3	15.7	68.1	67	3	1022.4	-9999.9	-9999.9	-9999.9
2025 01 16 05	0.61	0.59	5.4	6.0	8.7	0.94	-9999.9	3	78	-9999.9	39	-9999.9	3	15.5	50.4	84	3	1021.9	-9999.9	-9999.9	-9999.9
2025 01 16 06	0.52	0.49	4.5	4.5	9.1	0.82	-9999.9	3	89	-9999.9	39	-9999.9	3	15.3	24.1	98	3	1021.9	-9999.9	-9999.9	-9999.9
2025 01 16 07	0.56	0.52	4.4	4.5	8.3	0.76	-9999.9	3	110	-9999.9	40	-9999.9	3	14.4	50.0	191	3	1022.2	-9999.9	-9999.9	-9999.9
2025 01 16 08	0.5	0.45	3.5	3.4	7.7	0.84	-9999.9	3	147	-9999.9	47	-9999.9	3	14.4	66.7	199	3	1022.0	-9999.9	-9999.9	-9999.9
2025 01 16 09	0.56	0.51	3.0	2.9	9.5	0.96	-9999.9	3	199	-9999.9	42	-9999.9	3	14.3	28.9	206	3	1022.0	-9999.9	-9999.9	-9999.9
2025 01 16 10	0.62	0.59	2.7	2.7	2.9	1.02	-9999.9	3	219	-9999.9	41	-9999.9	3	14.4	10.8	228	3	1022.5	-9999.9	-9999.9	-9999.9
2025 01 16 11	0.48	0.43	2.6	2.5	8.7	0.78	-9999.9	3	204	-9999.9	50	-9999.9	3	14.4	5.1	118	3	1022.4	-9999.9	-9999.9	-9999.9
2025 01 16 12	0.67	0.6	2.7	2.7	8.7	1.0	-9999.9	3	201	-9999.9	44	-9999.9	3	15.1	23.9	75	3	1021.5	-9999.9	-9999.9	-9999.9
2025 01 16 13	0.66	0.61	2.7	2.7	3.1	0.93	-9999.9	3	205	-9999.9	47	-9999.9	3	15.5	41.7	62	3	1020.3	-9999.9	-9999.9	-9999.9
2025 01 16 14	0.61	0.55	2.7	2.7	3.2	0.91	-9999.9	3	196	-9999.9	51	-9999.9	3	15.1	45.7	62	3	1019.6	-9999.9	-9999.9	-9999.9
2025 01 16 15	0.59	0.54	2.9	2.9	3.6	0.9	-9999.9	3	203	-9999.9	53	-9999.9	3	15.4	71.5	52	3	1019.9	-9999.9	-9999.9	-9999.9
2025 01 16 16	0.73	0.67	3.0	2.9	3.6	1.32	-9999.9	3	213	-9999.9	47	-9999.9	3	15.2	53.0	55	3	1020.0	-9999.9	-9999.9	-9999.9
2025 01 16 17	0.56	0.51	3.3	3.2	3.4	0.73	-9999.9	3	174	-9999.9	54	-9999.9	3	15.3	64.1	76	3	1020.4	-9999.9	-9999.9	-9999.9
2025 01 16 18	0.52	0.48	3.2	3.2	9.1	0.89	-9999.9	3	164	-9999.9	54	-9999.9	3	15.0	59.1	89	3	1020.9	-9999.9	-9999.9	-9999.9
2025 01 16 19	0.39	0.35	3.3	3.4	9.5	0.6	-9999.9	3	145	-9999.9	54	-9999.9	3	14.0	23.5	189	3	1021.6	-9999.9	-9999.9	-9999.9
2025 01 16 20	0.37	0.34	3.8	3.8	9.5	0.58	-9999.9	3	150	-9999.9	57	-9999.9	3	13.9	72.5	183	3	1022.1	-9999.9	-9999.9	-9999.9
2025 01 16 21	0.42	0.38	4.3	4.2	8.7	0.58	-9999.9	3	142	-9999.9	45	-9999.9	3	14.4	61.4	213	3	1022.2	-9999.9	-9999.9	-9999.9
2025 01 16 22	0.47	0.45	4.4	4.7	7.1	0.67	-9999.9	3	128	-9999.9	49	-9999.9	3	13.9	73.2	206	3	1022.2	-9999.9	-9999.9	-9999.9
2025 01 16 23	0.38	0.35	4.1	4.1	8.7	0.56	-9999.9	3	160	-9999.9	49	-9999.9	3	14.1	68.3	212	3	1022.4	-9999.9	-9999.9	-9999.9
2025 01 17 00	0.42	0.4	4.4	4.3	6.1	0.66	-9999.9	3	169	-9999.9	42	-9999.9	3	14.3	72.4	225	3	1022.5	-9999.9	-9999.9	-9999.9
2025 01 17 01	0.34	0.31	3.8	3.8	8.3	0.57	-9999.9	3	161	-9999.9	59	-9999.9	3	14.2	61.2	267	3	1022.4	-9999.9	-9999.9	-9999.9
2025 01 17 02	0.36	0.34	4.1	4.3	8.7	0.53	-9999.9	3	118	-9999.9	52	-9999.9	3	14.4	35.4	269	3	1022.0	-9999.9	-9999.9	-9999.9
2025 01 17 03	0.37	0.35	4.2	4.3	8.7	0.56	-9999.9	3	86	-9999.9	54	-9999.9	3	14.4	12.2	80	3	1021.8	-9999.9	-9999.9	-9999.9
2025 01 17 04	0.58	0.54	3.4	3.5	8.3	0.88	-9999.9	3	73	-9999.9	38	-9999.9	3	14.3	29.0	24	3	1021.4	-9999.9	-9999.9	-9999.9
2025 01 17 05	0.6	0.57	3.8	3.8	8.7	0.87	-9999.9	3	81	-9999.9	41	-9999.9	3	14.6	47.3	68	3	1021.9	-9999.9	-9999.9	-9999.9
2025 01 17 06	0.8	0.76	3.8	3.8	4.9	1.34	-9999.9	3	83	-9999.9	42	-9999.9	3	14.6	60.9	75	3	1022.2	-9999.9	-9999.9	-9999.9
2025 01 17 07	1.02	0.97	3.7	3.8	5.6	1.64	-9999.9	3	92	-9999.9	44	-9999.9	3	14.6	22.7	112	3	1023.1	-9999.9	-9999.9	-9999.9
2025 01 17 08	1.21	1.14	4.2	4.2	5.4	1.65	-9999.9	3	105	-9999.9	43	-9999.9	3	14.2	52.4	216	3	1024.1	-9999.9	-9999.9	-9999.9
2025 01 17 09	1.48	1.43	4.8	4.7	6.7	2.37	-9999.9	3	111	-9999.9	36	-9999.9	3	14.2	63.5	205	3	1024.8	-9999.9	-9999.9	-9999.9
2025 01 17 10	1.14	1.07	4.3	4.2	6.9	1.75	-9999.9	3	106	-9999.9	42	-9999.9	3	14.3	-9999.9	-9999.9	3	1025.4	-9999.9	-9999.9	-9999.9
2025 01 17 11	1.19	1.1	4.3	4.3	6.2	2.11	-9999.9	3	107	-9999.9	41	-9999.9	3	14.3	43.3	177	3	1025.5	-9999.9	-9999.9	-9999.9
2025 01 17 12	1.32	1.27	4.3	4.5	5.9	2.13	-9999.9	3	100	-9999.9	37	-9999.9	3	15.9	41.3	46	3	1024.8	-9999.9	-9999.9	-9999.9
2025 01 17 13	1.21	1.12	4.3	4.3	6.5	2.15	-9999.9	3	113	-9999.9	39	-9999.9	3	15.5	7.9	126	3	1024.4	-9999.9	-9999.9	-9999.9
2025 01 17 14	1.21	1.15	4.7	4.7	8.0	1.7	-9999.9	3	110	-9999.9	35	-9999.9	3	14.4	38.5	218	3	1024.2	-9999.9	-9999.9	-9999.9
2025 01 17 15	1.08	1.02	4.2	4.4	7.7	1.84	-9999.9	3	100	-9999.9	40	-9999.9	3	14.8	5.6	321	3	1024.1	-9999.9	-9999.9	-9999.9
2025 01 17 16	1.26	1.21	4.8	5.1	7.4	2.03	-9999.9	3	104	-9999.9	38	-9999.9	3	15.7	43.9	49	3	1024.6	-9999.9	-9999.9	-9999.9
2025 01 17 17	1.36	1.28	4.9	5.0	6.9	1.99	-9999.9	3	100	-9999.9	37	-9999.9	3	15.5	27.6	57	3	1024.7	-9999.9	-9999.9	-9999.9
2025 01 17 18	1.45	1.37	4.9	4.8	7.4	2.37	-9999.9	3	108	-9999.9	34	-9999.9	3	15.7	26.1	69	3	1025.2	-9999.9	-9999.9	-9999.9
2025 01 17 19	1.23	1.17	4.6	4.5	7.4	1.69	-9999.9	3	104	-9999.9	37	-9999.9	3	15.7	4.7	174	3	1025.7	-9999.9	-9999.9	-9999.9
2025 01 17 20	1.31	1.22	4.4	4.3	6.7	1.9	-9999.9	3	102	-9999.9	38	-9999.9	3	15.4	8.8	181	3	1026.0	-9999.9	-9999.9	-9999.9
2025 01 17 21	1.2	1.15	4.8	4.7	7.4	1.71	-9999.9	3	115	-9999.9	33	-9999.9	3	14.1	-9999.9	-9999.9	3	1026.4	-9999.9	-9999.9	-9999.9
2025 01 17 22	1.17	1.1	4.4	4.5	6.7	1.95	-9999.9	3	118	-9999.9	39	-9999.9	3	14.7	35.7	232	3	1026.3	-9999.9	-9999.9	-9999.9
2025 01 17 23	1.18	1.12	4.3	4.2	6.9	2.16	-9999.9	3	123	-9999.9	38	-9999.9	3	14.7	28.9	224	3	1026.1	-9999.9	-9999.9	-9999.9
2025 01 18 00	1.12	1.07	4.2	4.2	6.5	2.03	-9999.9	3	129	-9999.9	37	-9999.9	3	14.5	18.0	219	3	1025.7	-9999.9	-9999.9	-9999.9
2025 01 18 01	1.28	1.24	4.4	4.5	6.5	2.05	-9999.9	3	123	-9999.9	33	-9999.9	3	14.0	24.1	200	3	1025.3	-9999.9	-9999.9	-9999.9
2025 01 18 02	1.18	1.11	4.6	4.6	7.4	1.7	-9999.9	3	113	-9999.9	31	-9999.9	3	14.2	17.7	275	3	1025.3	-9999.9	-9999.9	-9999.9
2025 01 18 03	0.89	0.87	4.5	4.6	6.7	1.46	-9999.9	3	92	-9999.9	33	-9999.9	3	14.2	36.7	336	3	1025.2	-9999.9	-9999.9	-9999.9
2025 01 18 04	0.98	0.95	4.5	4.5	6.5	1.39	-9999.9	3	96	-9999.9	35	-9999.9	3	14.4	41.2	25	3	1025.1	-9999.9	-9999.9	-9999.9
2025 01 18 05	0.96	0.93	4.7	4.7	7.1	1.46	-9999.9	3	87	-9999.9	38	-9999.9	3	15.1	52.0	60	3	1025.1	-9999.9	-9999.9	-9999.9
2025 01 18 06	0.85	0.83	4.7	4.7	7.1	1.25	-9999.9	3	75	-9999.9	39	-9999.9	3	14.9	49.6	79	3	1025.5	-9999.9	-9999.9	-9999.9
2025 01 18 07	0.7	0.67	4.6	4.7	6.1	1.12	-9999.9	3	70	-9999.9	38	-9999.9	3	15.2	39.0	85	3	1025.8	-9999.9	-9999.9	-9999.9
2025 01 18 08	0.65	0.64	4.9	5.1	6.9	0.99	-9999.9	3	85	-9999.9	41	-9999.9	3	14.1	48.5	191	3	1025.9	-9999.9	-9999.9	-9999.9
2025 01 18 09	0.65	0.63	4.6	4.8	6.2	1.12	-9999.9	3	102	-9999.9	39	-9999.9	3	14.1	53.3	208	3	1026.2	-9999.9	-9999.9	-9999.9
2025 01 18 10	0.6	0.58	4.0	4.2	5.6	0.81	-9999.9	3	95	-9999.9	44	-9999.9	3	14.0	39.4	185	3	1026.6	-9999.9	-9999.9	-9999.9
2025 01 18 11	0.58	0.54	4.0	3.9	7.1	1.04	-9999.9	3	96	-9999.9	43	-9999.9	3	14.1	14.0	166	3	1026.5	-9999.9	-9999.9	-9999.9
2025 01 18 12	0.56	0.53	4.3	4.2	6.5	0.88	-9999.9	3	108	-9999.9	43	-9999.9	3	14.3	35.8	196	3	1025.9	-9999.9	-9999.9	-9999.9
2025 01 18 13	0.75	0.71	4.4	4.3	6.5	1.16	-9999.9	3	115	-9999.9	42	-9999.9	3	14.5	24.0	228	3	1025.2	-9999.9	-9999.9	-9999.9
2025 01 18 14	0.63	0.59	4.1	4.2	6.7	0.91	-9999.9	3	113	-9999.9	42	-9999.9	3	14.5	17.4	217	3	1024.5	-9999.9	-9999.9	-9999.9
2025 01 18 15	0.69	0.65	4.7	4.9	6.1	1.13	-9999.9	3	98	-9999.9	40	-9999.9	3	15.4	42.4	51	3	1024.1	-9999.9	-9999.9	-9999.9
2025 01 18 16	0.72	0.69	4.8	5.1	6.5	1.16	-9999.9	3	95	-9999.9	42	-9999.9	3	15.5	60.7	49	3	1024.3	-9999.9	-9999.9	-9999.9
2025 01 18 17	0.59	0.56	4.3	4.3	7.1	0.88	-9999.9	3	102	-9999.9	47	-9999.9	3	15.5	49.5	66	3	1024.3	-9999.9	-9999.9	-9999.9
2025 01 18 18	0.59	0.56	4.1	4.2	6.7	0.89	-9999.9	3	93	-9999.9	43	-9999.9	3	15.3	19.7	92	3	1024.5	-9999.9	-9999.9	-9999.9
2025 01 18 19	0.57	0.55	4.3	4.6	6.5	0.92	-9999.9	3	105	-9999.9	45	-9999.9	3	15.2	5.0	130	3	1024.4	-9999.9	-9999.9	-9999.9
2025 01 18 20	0.53	0.5	4.2	4.2	5.7	0.81	-9999.9	3	102	-9999.9	46	-9999.9	3	14.7	22.8	195	3	1024.5	-9999.9	-9999.9	-9999.9
2025 01 18 21	0.6	0.57	4.6	4.6	6.2	1.13	-9999.9	3	106	-9999.9	39	-9999.9	3	14.1	41.3	197	3	1024.5	-9999.9	-9999.9	-9999.9
2025 01 18 22	0.6	0.58	4.7	4.8	5.9	0.89	-9999.9	3	106	-9999.9	45	-9999.9	3	14.1	42.0	204	3	1024.2	-9999.9	-9999.9	-9999.9
2025 01 18 23	0.65	0.6	5.1	5.3	13.3	0.92	-9999.9	3	109	-9999.9	38	-9999.9	3	14.2	51.9	206	3	1023.9	-9999.9	-9999.9	-9999.9
2025 01 19 00	0.85	0.81	5.5	5.8	13.3	1.26	-9999.9	3	101	-9999.9	35	-9999.9	3	14.2	44.9	204	3	1023.9	-9999.9	-9999.9	-9999.9
2025 01 19 01	1.06	1.01	6.5	6.7	12.5	1.57	-9999.9	3	93	-9999.9	33	-9999.9	3	14.2	20.1	207	3	1023.2	-9999.9	-9999.9	-9999.9
2025 01 19 02	1.05	1.0	6.8	6.7	12.5	1.64	-9999.9	3	80	-9999.9	24	-9999.9	3	14.2	13.4	301	3	1023.0	-9999.9	-9999.9	-9999.9
2025 01 19 03	1.2	1.16	8.1	8.2	12.5	1.64	-9999.9	3	85	-9999.9	27	-9999.9	3	15.3	37.3	46	3	1022.6	-9999.9	-9999.9	-9999.9
2025 01 19 04	1.49	1.46	8.9	9.4	11.8	2.29	-9999.9	3	86	-9999.9	23	-9999.9	3	15.2	52.7	52	3	1021.9	-9999.9	-9999.9	-9999.9
2025 01 19 05	1.38	1.34	8.4	8.5	11.8	1.86	-9999.9	3	94	-9999.9	28	-9999.9	3	15.0	58.3	71	3	1021.7	-9999.9	-9999.9	-9999.9
2025 01 19 06	1.23	1.19	7.6	7.8	11.8	2.17	-9999.9	3	84	-9999.9	28	-9999.9	3	14.9	25.3	88	3	1021.6	-9999.9	-9999.9	-9999.9
2025 01 19 07	1.32	1.29	8.4	8.7	11.8	1.95	-9999.9	3	73	-9999.9	23	-9999.9	3	14.9	16.1	116	3	1021.6	-9999.9	-9999.9	-9999.9
2025 01 19 08	1.26	1.27	7.8	8.4	11.1	1.82	-9999.9	3	89	-9999.9	32	-9999.9	3	14.6	19.9	202	3	1022.1	-9999.9	-9999.9	-9999.9
2025 01 19 09	1.28	1.22	8.0	8.1	11.8	2.37	-9999.9	3	105	-9999.9	32	-9999.9	3	14.3	48.9	211	3	1022.4	-9999.9	-9999.9	-9999.9
2025 01 19 10	1.68	1.65	8.0	8.3	11.1	2.37	-9999.9	3	94	-9999.9	26	-9999.9	3	14.3	31.1	222	3	1022.7	-9999.9	-9999.9	-9999.9
2025 01 19 11	0.81	0.78	5.9	6.4	11.1	1.1	-9999.9	3	81	-9999.9	38	-9999.9	3	14.3	13.0	320	3	1022.7	-9999.9	-9999.9	-9999.9
2025 01 19 12	1.0	1.0	6.8	7.1	11.8	1.55	-9999.9	3	92	-9999.9	36	-9999.9	3	14.9	29.9	41	3	1022.5	-9999.9	-9999.9	-9999.9
2025 01 19 13	0.86	0.84	5.9	6.4	11.8	1.16	-9999.9	3	122	-9999.9	39	-9999.9	3	14.8	10.5	66	3	1021.1	-9999.9	-9999.9	-9999.9
2025 01 19 14	0.97	0.93	6.5	6.7	9.5	1.47	-9999.9	3	107	-9999.9	35	-9999.9	3	15.7	47.4	44	3	1020.5	-9999.9	-9999.9	-9999.9
2025 01 19 15	0.93	0.88	6.3	6.4	8.7	1.42	-9999.9	3	98	-9999.9	36	-9999.9	3	15.8	45.2	40	3	1020.3	-9999.9	-9999.9	-9999.9
2025 01 19 16	0.98	0.95	6.6	6.9	11.1	1.48	-9999.9	3	96	-9999.9	38	-9999.9	3	15.8	57.1	46	3	1020.3	-9999.9	-9999.9	-9999.9
2025 01 19 17	0.93	0.89	6.6	6.7	11.8	1.54	-9999.9	3	107	-9999.9	37	-9999.9	3	15.5	22.3	79	3	1020.7	-9999.9	-9999.9	-9999.9
2025 01 19 18	1.0	0.96	6.9	6.5	11.8	1.69	-9999.9	3	110	-9999.9	38	-9999.9	3	15.8	25.7	106	3	1021.1	-9999.9	-9999.9	-9999.9
2025 01 19 19	0.86	0.83	6.6	6.9	11.1	1.44	-9999.9	3	108	-9999.9	35	-9999.9	3	15.5	-9999.9	-9999.9	3	1021.1	-9999.9	-9999.9	-9999.9
2025 01 19 20	0.85	0.81	6.5	6.7	11.1	1.27	-9999.9	3	103	-9999.9	37	-9999.9	3	15.2	4.8	244	3	1021.5	-9999.9	-9999.9	-9999.9
2025 01 19 21	1.0	0.94	6.6	6.4	11.1	1.37	-9999.9	3	103	-9999.9	39	-9999.9	3	14.8	-9999.9	-9999.9	3	1021.8	-9999.9	-9999.9	-9999.9
2025 01 19 22	0.91	0.86	6.4	6.6	10.5	1.46	-9999.9	3	102	-9999.9	34	-9999.9	3	14.6	14.6	252	3	1021.6	-9999.9	-9999.9	-9999.9
2025 01 19 23	1.0	0.97	6.1	6.4	11.1	1.52	-9999.9	3	93	-9999.9	30	-9999.9	3	14.5	21.8	259	3	1021.7	-9999.9	-9999.9	-9999.9
2025 01 20 00	0.93	0.88	6.1	6.5	10.5	1.44	-9999.9	3	96	-9999.9	31	-9999.9	3	14.7	17.5	0	3	1021.4	-9999.9	-9999.9	-9999.9
2025 01 20 01	0.7	0.68	6.3	6.8	9.1	0.97	-9999.9	3	87	-9999.9	32	-9999.9	3	15.1	49.9	17	3	1021.1	-9999.9	-9999.9	-9999.9
2025 01 20 02	0.77	0.74	6.5	6.5	10.5	1.45	-9999.9	3	92	-9999.9	28	-9999.9	3	15.2	-9999.9	-9999.9	3	1020.3	-9999.9	-9999.9	-9999.9
2025 01 20 03	0.66	0.63	6.3	6.2	10.5	1.01	-9999.9	3	96	-9999.9	32	-9999.9	3	15.0	-9999.9	-9999.9	3	1020.3	-9999.9	-9999.9	-9999.9
2025 01 20 04	0.66	0.65	6.5	6.5	10.5	0.93	-9999.9	3	95	-9999.9	31	-9999.9	3	15.3	33.7	52	3	1020.0	-9999.9	-9999.9	-9999.9
2025 01 20 05	0.64	0.61	6.1	6.1	9.5	0.99	-9999.9	3	101	-9999.9	35	-9999.9	3	15.3	38.5	60	3	1019.8	-9999.9	-9999.9	-9999.9
2025 01 20 06	0.61	0.58	6.1	6.0	10.0	0.83	-9999.9	3	111	-9999.9	38	-9999.9	3	15.1	34.1	88	3	1019.7	-9999.9	-9999.9	-9999.9
2025 01 20 07	0.58	0.56	6.4	7.1	10.0	0.75	-9999.9	3	106	-9999.9	39	-9999.9	3	14.7	20.1	177	3	1019.9	-9999.9	-9999.9	-9999.9
2025 01 20 08	0.6	0.56	5.3	5.1	9.5	0.85	-9999.9	3	133	-9999.9	41	-9999.9	3	14.4	20.3	222	3	1019.5	-9999.9	-9999.9	-9999.9
2025 01 20 09	0.65	0.6	4.7	4.8	10.5	0.98	-9999.9	3	130	-9999.9	40	-9999.9	3	14.4	16.6	238	3	1020.0	-9999.9	-9999.9	-9999.9
2025 01 20 10	0.61	0.56	4.0	4.1	9.1	0.89	-9999.9	3	122	-9999.9	49	-9999.9	3	14.4	7.5	310	3	1020.7	-9999.9	-9999.9	-9999.9
2025 01 20 11	0.52	0.51	5.4	5.5	10.5	0.77	-9999.9	3	93	-9999.9	38	-9999.9	3	14.5	26.0	16	3	1020.6	-9999.9	-9999.9	-9999.9
2025 01 20 12	0.52	0.49	5.8	5.7	9.1	0.79	-9999.9	3	103	-9999.9	36	-9999.9	3	15.1	54.8	37	3	1020.2	-9999.9	-9999.9	-9999.9
2025 01 20 13	0.5	0.47	5.1	5.2	8.0	0.74	-9999.9	3	109	-9999.9	41	-9999.9	3	14.8	20.9	77	3	1019.1	-9999.9	-9999.9	-9999.9
2025 01 20 14	0.5	0.48	5.1	4.9	8.3	0.86	-9999.9	3	108	-9999.9	41	-9999.9	3	15.7	36.8	68	3	1018.9	-9999.9	-9999.9	-9999.9
2025 01 20 15	0.49	0.46	5.2	5.3	9.5	0.83	-9999.9	3	119	-9999.9	39	-9999.9	3	15.6	29.0	72	3	1018.5	-9999.9	-9999.9	-9999.9
2025 01 20 16	0.49	0.46	5.1	5.3	10.0	0.76	-9999.9	3	112	-9999.9	40	-9999.9	3	15.6	29.3	70	3	1018.6	-9999.9	-9999.9	-9999.9
2025 01 20 17	0.46	0.45	5.2	5.7	8.3	0.8	-9999.9	3	126	-9999.9	45	-9999.9	3	15.8	34.5	63	3	1018.4	-9999.9	-9999.9	-9999.9
2025 01 20 18	0.57	0.52	4.0	3.8	9.1	0.9	-9999.9	3	124	-9999.9	49	-9999.9	3	15.7	11.4	141	3	1018.4	-9999.9	-9999.9	-9999.9
2025 01 20 19	0.53	0.5	4.2	4.4	9.5	0.74	-9999.9	3	131	-9999.9	46	-9999.9	3	15.5	7.5	181	3	1018.7	-9999.9	-9999.9	-9999.9
2025 01 20 20	0.6	0.55	4.3	4.2	9.1	1.0	-9999.9	3	133	-9999.9	48	-9999.9	3	15.4	5.0	31	3	1018.6	-9999.9	-9999.9	-9999.9
2025 01 20 21	0.54	0.5	4.1	4.2	7.4	0.89	-9999.9	3	154	-9999.9	48	-9999.9	3	15.1	12.6	50	3	1018.4	-9999.9	-9999.9	-9999.9
2025 01 20 22	0.54	0.5	4.3	4.4	8.0	0.79	-9999.9	3	141	-9999.9	49	-9999.9	3	15.4	13.1	38	3	1018.4	-9999.9	-9999.9	-9999.9
2025 01 20 23	0.53	0.5	3.9	3.9	8.3	0.78	-9999.9	3	153	-9999.9	55	-9999.9	3	15.5	10.6	19	3	1018.2	-9999.9	-9999.9	-9999.9
2025 01 21 00	0.43	0.38	3.3	3.3	8.0	0.64	-9999.9	3	120	-9999.9	51	-9999.9	3	15.3	23.6	45	3	1017.8	-9999.9	-9999.9	-9999.9
2025 01 21 01	0.37	0.33	3.9	3.9	7.1	0.59	-9999.9	3	130	-9999.9	57	-9999.9	3	15.6	44.2	25	3	1017.4	-9999.9	-9999.9	-9999.9
2025 01 21 02	0.34	0.32	3.7	3.7	7.7	0.62	-9999.9	3	130	-9999.9	52	-9999.9	3	15.5	11.8	27	3	1017.2	-9999.9	-9999.9	-9999.9
2025 01 21 03	0.36	0.34	4.0	4.1	6.7	0.56	-9999.9	3	132	-9999.9	50	-9999.9	3	15.6	15.2	82	3	1017.1	-9999.9	-9999.9	-9999.9
2025 01 21 04	0.4	0.38	4.4	4.6	8.7	0.6	-9999.9	3	134	-9999.9	49	-9999.9	3	15.5	12.0	117	3	1016.5	-9999.9	-9999.9	-9999.9
2025 01 21 05	0.42	0.4	4.5	4.3	7.1	0.77	-9999.9	3	143	-9999.9	45	-9999.9	3	15.5	11.2	191	3	1016.6	-9999.9	-9999.9	-9999.9
2025 01 21 06	0.45	0.43	4.5	4.7	7.4	0.7	-9999.9	3	133	-9999.9	54	-9999.9	3	15.2	8.9	191	3	1016.7	-9999.9	-9999.9	-9999.9
2025 01 21 07	0.47	0.42	3.6	3.7	8.3	0.76	-9999.9	3	154	-9999.9	48	-9999.9	3	15.1	12.4	176	3	1016.7	-9999.9	-9999.9	-9999.9
2025 01 21 08	0.52	0.47	3.5	3.6	8.3	0.81	-9999.9	3	151	-9999.9	48	-9999.9	3	14.8	11.7	170	3	1017.0	-9999.9	-9999.9	-9999.9
2025 01 21 09	0.61	0.56	4.2	4.2	10.0	0.95	-9999.9	3	158	-9999.9	43	-9999.9	3	14.7	4.3	172	3	1017.3	-9999.9	-9999.9	-9999.9
2025 01 21 10	0.72	0.69	4.6	4.7	6.9	1.55	-9999.9	3	203	-9999.9	46	-9999.9	3	14.8	4.3	277	3	1017.7	-9999.9	-9999.9	-9999.9
2025 01 21 11	0.71	0.67	4.4	4.3	6.5	1.17	-9999.9	3	167	-9999.9	57	-9999.9	3	15.4	20.3	51	3	1018.0	-9999.9	-9999.9	-9999.9
2025 01 21 12	0.51	0.46	3.8	3.9	7.1	0.71	-9999.9	3	129	-9999.9	53	-9999.9	3	15.4	23.4	45	3	1017.6	-9999.9	-9999.9	-9999.9
2025 01 21 13	0.48	0.43	4.2	4.3	8.3	0.72	-9999.9	3	117	-9999.9	48	-9999.9	3	15.8	-9999.9	-9999.9	3	1016.6	-9999.9	-9999.9	-9999.9
2025 01 21 14	0.49	0.46	4.4	4.6	8.3	0.71	-9999.9	3	133	-9999.9	52	-9999.9	3	16.0	-9999.9	-9999.9	3	1015.7	-9999.9	-9999.9	-9999.9
2025 01 21 15	0.45	0.42	4.0	4.1	9.1	0.64	-9999.9	3	138	-9999.9	52	-9999.9	3	16.0	22.3	76	3	1015.3	-9999.9	-9999.9	-9999.9
2025 01 21 16	0.42	0.38	3.8	3.8	8.0	0.63	-9999.9	3	128	-9999.9	54	-9999.9	3	15.8	11.9	115	3	1015.2	-9999.9	-9999.9	-9999.9
2025 01 21 17	0.45	0.41	4.0	4.0	10.0	0.7	-9999.9	3	141	-9999.9	51	-9999.9	3	15.6	16.5	187	3	1015.4	-9999.9	-9999.9	-9999.9
2025 01 21 18	0.51	0.45	3.8	3.9	9.1	0.83	-9999.9	3	140	-9999.9	53	-9999.9	3	15.1	21.4	223	3	1015.3	-9999.9	-9999.9	-9999.9
2025 01 21 19	0.56	0.51	4.0	4.1	9.1	0.86	-9999.9	3	148	-9999.9	48	-9999.9	3	15.1	12.4	196	3	1015.6	-9999.9	-9999.9	-9999.9
2025 01 21 20	0.55	0.5	3.7	3.7	9.5	0.91	-9999.9	3	173	-9999.9	50	-9999.9	3	15.1	7.2	346	3	1015.6	-9999.9	-9999.9	-9999.9
2025 01 21 21	0.71	0.66	4.4	4.3	9.5	1.22	-9999.9	3	160	-9999.9	45	-9999.9	3	15.6	36.2	58	3	1015.4	-9999.9	-9999.9	-9999.9
2025 01 21 22	0.78	0.72	4.6	4.6	8.3	1.2	-9999.9	3	168	-9999.9	53	-9999.9	3	15.5	21.8	57	3	1015.2	-9999.9	-9999.9	-9999.9
2025 01 21 23	0.65	0.61	4.2	4.5	8.7	0.89	-9999.9	3	167	-9999.9	54	-9999.9	3	15.5	15.7	82	3	1014.8	-9999.9	-9999.9	-9999.9
2025 01 22 00	0.65	0.59	3.6	3.6	8.3	1.16	-9999.9	3	159	-9999.9	53	-9999.9	3	15.3	23.3	69	3	1014.6	-9999.9	-9999.9	-9999.9
2025 01 22 01	0.52	0.47	3.3	3.3	9.1	0.94	-9999.9	3	147	-9999.9	59	-9999.9	3	15.4	30.3	36	3	1014.1	-9999.9	-9999.9	-9999.9
2025 01 22 02	0.52	0.47	3.5	3.5	9.1	0.87	-9999.9	3	148	-9999.9	60	-9999.9	3	15.5	37.1	41	3	1013.3	-9999.9	-9999.9	-9999.9
2025 01 22 03	0.55	0.51	3.7	3.8	9.5	0.86	-9999.9	3	159	-9999.9	56	-9999.9	3	15.9	21.6	90	3	1013.1	-9999.9	-9999.9	-9999.9
2025 01 22 04	0.49	0.43	3.9	3.9	8.3	0.92	-9999.9	3	150	-9999.9	54	-9999.9	3	16.1	16.1	102	3	1012.8	-9999.9	-9999.9	-9999.9
2025 01 22 05	0.5	0.45	3.8	3.9	8.0	0.96	-9999.9	3	151	-9999.9	54	-9999.9	3	15.4	14.9	152	3	1012.4	-9999.9	-9999.9	-9999.9
2025 01 22 06	0.5	0.46	4.4	4.4	9.5	0.88	-9999.9	3	170	-9999.9	51	-9999.9	3	15.1	15.9	193	3	1012.4	-9999.9	-9999.9	-9999.9
2025 01 22 07	0.53	0.49	4.4	4.4	8.3	0.89	-9999.9	3	179	-9999.9	52	-9999.9	3	15.0	12.5	196	3	1012.5	-9999.9	-9999.9	-9999.9
2025 01 22 08	0.55	0.52	4.6	4.7	6.9	1.03	-9999.9	3	167	-9999.9	49	-9999.9	3	15.1	8.8	298	3	1012.9	-9999.9	-9999.9	-9999.9
2025 01 22 09	0.64	0.6	5.4	5.3	8.7	0.91	-9999.9	3	185	-9999.9	46	-9999.9	3	15.5	22.2	57	3	1013.1	-9999.9	-9999.9	-9999.9
2025 01 22 10	0.62	0.57	5.5	5.4	8.7	0.86	-9999.9	3	194	-9999.9	50	-9999.9	3	15.6	28.3	44	3	1013.4	-9999.9	-9999.9	-9999.9
2025 01 22 11	0.98	0.93	5.4	5.3	7.1	1.39	-9999.9	3	207	-9999.9	44	-9999.9	3	15.7	24.9	43	3	1013.8	-9999.9	-9999.9	-9999.9
2025 01 22 12	0.91	0.87	4.4	4.6	5.6	1.5	-9999.9	3	205	-9999.9	38	-9999.9	3	15.9	13.3	60	3	1013.0	-9999.9	-9999.9	-9999.9
2025 01 22 13	0.8	0.72	3.3	3.4	7.1	1.29	-9999.9	3	199	-9999.9	47	-9999.9	3	15.7	24.8	54	3	1011.8	-9999.9	-9999.9	-9999.9
2025 01 22 14	0.81	0.75	3.1	3.1	7.7	1.26	-9999.9	3	203	-9999.9	47	-9999.9	3	15.4	6.4	349	3	1011.1	-9999.9	-9999.9	-9999.9
2025 01 22 15	0.74	0.66	3.2	3.1	9.5	1.11	-9999.9	3	200	-9999.9	40	-9999.9	3	15.5	26.7	71	3	1010.9	-9999.9	-9999.9	-9999.9
2025 01 22 16	0.87	0.8	3.3	3.2	3.8	1.48	-9999.9	3	200	-9999.9	43	-9999.9	3	15.7	25.8	64	3	1011.1	-9999.9	-9999.9	-9999.9
2025 01 22 17	0.87	0.78	3.2	3.2	8.7	1.33	-9999.9	3	198	-9999.9	46	-9999.9	3	15.5	31.7	73	3	1011.2	-9999.9	-9999.9	-9999.9
2025 01 22 18	0.82	0.75	3.2	3.3	8.7	1.26	-9999.9	3	204	-9999.9	43	-9999.9	3	15.5	-9999.9	-9999.9	3	1011.9	-9999.9	-9999.9	-9999.9
2025 01 22 19	0.76	0.69	3.4	3.4	11.1	1.0	-9999.9	3	194	-9999.9	45	-9999.9	3	15.5	20.2	71	3	1012.8	-9999.9	-9999.9	-9999.9
2025 01 22 20	0.72	0.64	3.9	4.0	8.7	1.19	-9999.9	3	188	-9999.9	50	-9999.9	3	15.5	18.1	74	3	1013.4	-9999.9	-9999.9	-9999.9
2025 01 22 21	0.83	0.76	4.2	4.3	8.3	1.16	-9999.9	3	200	-9999.9	44	-9999.9	3	15.6	32.5	60	3	1013.9	-9999.9	-9999.9	-9999.9
2025 01 22 22	0.73	0.66	4.4	4.4	10.0	1.07	-9999.9	3	177	-9999.9	52	-9999.9	3	15.5	27.5	53	3	1014.0	-9999.9	-9999.9	-9999.9
2025 01 22 23	0.7	0.65	4.6	4.8	8.7	1.2	-9999.9	3	201	-9999.9	41	-9999.9	3	15.3	28.7	47	3	1014.6	-9999.9	-9999.9	-9999.9
2025 01 23 00	0.68	0.61	4.2	4.1	8.0	0.96	-9999.9	3	198	-9999.9	42	-9999.9	3	15.3	25.8	47	3	1014.4	-9999.9	-9999.9	-9999.9
2025 01 23 01	0.53	0.47	4.0	3.9	11.1	0.74	-9999.9	3	196	-9999.9	50	-9999.9	3	15.3	24.3	51	3	1014.7	-9999.9	-9999.9	-9999.9
2025 01 23 02	0.57	0.53	4.6	4.6	7.7	0.83	-9999.9	3	196	-9999.9	47	-9999.9	3	15.3	35.7	51	3	1014.8	-9999.9	-9999.9	-9999.9
2025 01 23 03	0.54	0.47	3.8	3.9	10.5	0.76	-9999.9	3	196	-9999.9	46	-9999.9	3	15.6	31.9	44	3	1014.7	-9999.9	-9999.9	-9999.9
2025 01 23 04	0.53	0.47	3.6	3.6	10.0	0.93	-9999.9	3	204	-9999.9	44	-9999.9	3	15.6	23.2	68	3	1014.9	-9999.9	-9999.9	-9999.9
2025 01 23 05	0.45	0.4	3.5	3.6	10.0	0.66	-9999.9	3	192	-9999.9	46	-9999.9	3	15.5	-9999.9	-9999.9	3	1015.1	-9999.9	-9999.9	-9999.9
2025 01 23 06	0.5	0.46	3.9	4.2	8.3	0.74	-9999.9	3	182	-9999.9	44	-9999.9	3	15.4	11.1	96	3	1015.4	-9999.9	-9999.9	-9999.9
2025 01 23 07	0.55	0.48	3.1	3.1	7.7	0.82	-9999.9	3	198	-9999.9	43	-9999.9	3	15.3	13.3	130	3	1016.4	-9999.9	-9999.9	-9999.9
2025 01 23 08	0.61	0.54	3.4	3.5	8.3	0.87	-9999.9	3	195	-9999.9	45	-9999.9	3	15.2	12.0	113	3	1017.3	-9999.9	-9999.9	-9999.9
2025 01 23 09	0.65	0.59	3.9	3.9	8.7	0.99	-9999.9	3	193	-9999.9	46	-9999.9	3	15.0	11.7	137	3	1018.1	-9999.9	-9999.9	-9999.9
2025 01 23 10	0.69	0.63	3.9	3.9	8.7	1.25	-9999.9	3	206	-9999.9	46	-9999.9	3	15.4	20.2	67	3	1019.0	-9999.9	-9999.9	-9999.9
2025 01 23 11	0.7	0.64	4.0	4.0	8.7	1.27	-9999.9	3	202	-9999.9	50	-9999.9	3	15.6	18.2	65	3	1018.8	-9999.9	-9999.9	-9999.9
2025 01 23 12	0.72	0.67	3.7	3.8	7.4	1.2	-9999.9	3	201	-9999.9	51	-9999.9	3	15.6	25.7	58	3	1018.5	-9999.9	-9999.9	-9999.9
2025 01 23 13	0.73	0.69	3.7	3.6	7.7	1.15	-9999.9	3	209	-9999.9	47	-9999.9	3	15.5	26.4	58	3	1017.7	-9999.9	-9999.9	-9999.9
2025 01 23 14	0.61	0.56	3.4	3.3	7.1	0.91	-9999.9	3	186	-9999.9	51	-9999.9	3	15.4	25.4	51	3	1017.0	-9999.9	-9999.9	-9999.9
2025 01 23 15	0.52	0.47	3.0	2.9	7.1	0.84	-9999.9	3	198	-9999.9	54	-9999.9	3	15.3	28.6	36	3	1017.5	-9999.9	-9999.9	-9999.9
2025 01 23 16	0.52	0.48	3.6	3.7	8.0	0.83	-9999.9	3	214	-9999.9	54	-9999.9	3	15.5	29.1	36	3	1018.0	-9999.9	-9999.9	-9999.9
2025 01 23 17	0.55	0.49	3.6	3.6	8.3	0.79	-9999.9	3	200	-9999.9	57	-9999.9	3	16.0	34.9	66	3	1018.5	-9999.9	-9999.9	-9999.9
2025 01 23 18	0.4	0.36	2.9	3.0	8.7	0.79	-9999.9	3	185	-9999.9	59	-9999.9	3	15.9	16.1	87	3	1018.9	-9999.9	-9999.9	-9999.9
2025 01 23 19	0.44	0.39	3.3	3.3	9.1	0.69	-9999.9	3	167	-9999.9	53	-9999.9	3	15.6	-9999.9	-9999.9	3	1019.7	-9999.9	-9999.9	-9999.9
2025 01 23 20	0.45	0.42	4.1	4.4	8.0	0.85	-9999.9	3	90	-9999.9	67	-9999.9	3	15.5	14.0	162	3	1020.2	-9999.9	-9999.9	-9999.9
2025 01 23 21	0.37	0.35	4.0	4.1	8.3	0.5	-9999.9	3	160	-9999.9	48	-9999.9	3	15.5	11.7	133	3	1021.0	-9999.9	-9999.9	-9999.9
2025 01 23 22	0.44	0.41	5.0	5.0	10.5	0.68	-9999.9	3	177	-9999.9	50	-9999.9	3	15.4	14.3	153	3	1021.7	-9999.9	-9999.9	-9999.9
2025 01 23 23	0.44	0.41	4.5	4.4	7.1	0.75	-9999.9	3	195	-9999.9	45	-9999.9	3	15.4	16.1	76	3	1022.2	-9999.9	-9999.9	-9999.9
2025 01 24 00	0.38	0.34	3.9	3.9	6.1	0.54	-9999.9	3	188	-9999.9	54	-9999.9	3	15.7	21.7	66	3	1022.0	-9999.9	-9999.9	-9999.9
2025 01 24 01	0.35	0.33	3.8	3.8	7.1	0.5	-9999.9	3	175	-9999.9	56	-9999.9	3	15.5	20.4	61	3	1021.6	-9999.9	-9999.9	-9999.9
2025 01 24 02	0.28	0.27	3.6	3.7	7.4	0.42	-9999.9	3	165	-9999.9	61	-9999.9	3	15.2	23.1	44	3	1021.5	-9999.9	-9999.9	-9999.9
2025 01 24 03	0.26	0.25	3.8	3.8	6.9	0.36	-9999.9	3	153	-9999.9	62	-9999.9	3	15.3	39.7	31	3	1021.2	-9999.9	-9999.9	-9999.9
2025 01 24 04	0.29	0.27	3.9	3.9	8.0	0.38	-9999.9	3	170	-9999.9	51	-9999.9	3	15.7	42.7	48	3	1021.1	-9999.9	-9999.9	-9999.9
2025 01 24 05	0.24	0.22	3.7	3.7	7.7	0.42	-9999.9	3	172	-9999.9	55	-9999.9	3	15.8	34.0	63	3	1021.1	-9999.9	-9999.9	-9999.9
2025 01 24 06	0.24	0.22	3.4	3.5	8.3	0.36	-9999.9	3	148	-9999.9	57	-9999.9	3	15.6	36.2	73	3	1021.2	-9999.9	-9999.9	-9999.9
2025 01 24 07	0.24	0.23	3.2	3.3	7.4	0.32	-9999.9	3	68	-9999.9	58	-9999.9	3	15.5	-9999.9	-9999.9	3	1021.7	-9999.9	-9999.9	-9999.9
2025 01 24 08	0.25	0.23	3.3	3.4	7.7	0.35	-9999.9	3	132	-9999.9	59	-9999.9	3	15.4	-9999.9	-9999.9	3	1022.1	-9999.9	-9999.9	-9999.9
2025 01 24 09	0.34	0.31	4.4	4.1	8.3	0.63	-9999.9	3	153	-9999.9	52	-9999.9	3	15.3	11.2	126	3	1023.0	-9999.9	-9999.9	-9999.9
2025 01 24 10	0.27	0.25	3.7	4.0	6.9	0.44	-9999.9	3	190	-9999.9	53	-9999.9	3	14.9	30.8	182	3	1023.4	-9999.9	-9999.9	-9999.9
2025 01 24 11	0.32	0.3	4.2	4.1	6.9	0.6	-9999.9	3	165	-9999.9	55	-9999.9	3	15.1	31.5	202	3	1023.4	-9999.9	-9999.9	-9999.9
2025 01 24 12	0.36	0.33	4.0	4.0	8.3	0.72	-9999.9	3	153	-9999.9	48	-9999.9	3	15.3	18.9	162	3	1022.9	-9999.9	-9999.9	-9999.9
2025 01 24 13	0.31	0.29	3.5	3.6	6.7	0.47	-9999.9	3	187	-9999.9	57	-9999.9	3	16.1	3.8	319	3	1021.8	-9999.9	-9999.9	-9999.9
2025 01 24 14	0.3	0.29	3.5	3.6	6.7	0.51	-9999.9	3	194	-9999.9	54	-9999.9	3	16.0	1.4	210	3	1021.1	-9999.9	-9999.9	-9999.9
2025 01 24 15	0.34	0.32	3.2	3.2	3.4	0.59	-9999.9	3	131	-9999.9	61	-9999.9	3	16.5	-9999.9	-9999.9	3	1020.7	-9999.9	-9999.9	-9999.9
2025 01 24 16	0.31	0.29	3.5	3.4	7.7	0.55	-9999.9	3	77	-9999.9	53	-9999.9	3	15.9	16.2	346	3	1020.4	-9999.9	-9999.9	-9999.9
2025 01 24 17	0.26	0.24	3.6	3.7	7.1	0.4	-9999.9	3	44	-9999.9	55	-9999.9	3	16.2	53.0	38	3	1020.3	-9999.9	-9999.9	-9999.9
2025 01 24 18	0.25	0.24	3.3	3.3	3.4	0.42	-9999.9	3	104	-9999.9	57	-9999.9	3	16.3	45.6	55	3	1020.3	-9999.9	-9999.9	-9999.9
2025 01 24 19	0.28	0.24	3.9	3.8	8.3	0.52	-9999.9	3	116	-9999.9	53	-9999.9	3	16.3	31.2	71	3	1020.4	-9999.9	-9999.9	-9999.9
2025 01 24 20	0.31	0.29	3.9	4.1	6.5	0.48	-9999.9	3	79	-9999.9	60	-9999.9	3	16.1	-9999.9	-9999.9	3	1020.6	-9999.9	-9999.9	-9999.9
2025 01 24 21	0.21	0.2	3.0	3.2	2.9	0.35	-9999.9	3	73	-9999.9	60	-9999.9	3	16.0	32.5	52	3	1020.6	-9999.9	-9999.9	-9999.9
2025 01 24 22	0.31	0.29	4.0	3.8	8.3	0.57	-9999.9	3	96	-9999.9	49	-9999.9	3	16.0	31.5	66	3	1020.3	-9999.9	-9999.9	-9999.9
2025 01 24 23	0.19	0.17	2.8	2.8	4.5	0.3	-9999.9	3	108	-9999.9	66	-9999.9	3	15.8	20.0	82	3	1020.3	-9999.9	-9999.9	-9999.9
2025 01 25 00	0.21	0.2	3.1	3.1	5.7	0.33	-9999.9	3	168	-9999.9	59	-9999.9	3	15.8	29.4	39	3	1020.5	-9999.9	-9999.9	-9999.9
2025 01 25 01	0.27	0.25	3.3	3.3	5.4	0.52	-9999.9	3	171	-9999.9	57	-9999.9	3	15.8	31.3	63	3	1020.5	-9999.9	-9999.9	-9999.9
2025 01 25 02	0.24	0.23	2.9	3.0	6.2	0.36	-9999.9	3	164	-9999.9	63	-9999.9	3	15.7	26.5	55	3	1020.7	-9999.9	-9999.9	-9999.9
2025 01 25 03	0.19	0.18	2.7	2.7	4.7	0.38	-9999.9	3	156	-9999.9	62	-9999.9	3	15.7	37.4	44	3	1020.1	-9999.9	-9999.9	-9999.9
2025 01 25 04	0.14	0.13	2.8	2.9	4.5	0.27	-9999.9	3	133	-9999.9	64	-9999.9	3	15.6	50.0	42	3	1020.1	-9999.9	-9999.9	-9999.9
2025 01 25 05	0.23	0.22	2.8	2.8	4.9	0.38	-9999.9	3	166	-9999.9	59	-9999.9	3	15.7	33.0	83	3	1020.1	-9999.9	-9999.9	-9999.9
2025 01 25 06	0.28	0.26	2.3	2.4	1.9	0.4	-9999.9	3	168	-9999.9	62	-9999.9	3	15.8	53.1	66	3	1020.5	-9999.9	-9999.9	-9999.9
2025 01 25 07	0.41	0.39	2.3	2.3	2.3	0.6	-9999.9	3	196	-9999.9	52	-9999.9	3	15.9	35.2	41	3	1020.8	-9999.9	-9999.9	-9999.9
2025 01 25 08	0.36	0.34	2.3	2.3	2.3	0.51	-9999.9	3	189	-9999.9	50	-9999.9	3	16.0	28.4	46	3	1021.3	-9999.9	-9999.9	-9999.9
2025 01 25 09	0.51	0.48	2.4	2.4	2.6	0.78	-9999.9	3	204	-9999.9	45	-9999.9	3	15.9	27.8	57	3	1021.5	-9999.9	-9999.9	-9999.9
2025 01 25 10	0.54	0.51	2.6	2.5	2.9	0.83	-9999.9	3	209	-9999.9	46	-9999.9	3	15.9	23.6	90	3	1021.9	-9999.9	-9999.9	-9999.9
2025 01 25 11	0.63	0.6	2.8	2.8	3.0	0.98	-9999.9	3	203	-9999.9	40	-9999.9	3	15.7	19.1	111	3	1022.2	-9999.9	-9999.9	-9999.9
2025 01 25 12	0.64	0.61	2.8	2.8	3.3	1.07	-9999.9	3	197	-9999.9	36	-9999.9	3	14.9	28.5	165	3	1021.6	-9999.9	-9999.9	-9999.9
2025 01 25 13	0.61	0.59	2.7	2.6	3.3	0.98	-9999.9	3	211	-9999.9	42	-9999.9	3	15.7	16.9	64	3	1021.2	-9999.9	-9999.9	-9999.9
2025 01 25 14	0.68	0.64	2.8	2.8	3.1	1.11	-9999.9	3	212	-9999.9	42	-9999.9	3	15.7	22.9	60	3	1020.8	-9999.9	-9999.9	-9999.9
2025 01 25 15	0.77	0.74	2.9	3.0	3.1	1.11	-9999.9	3	215	-9999.9	39	-9999.9	3	15.7	19.2	79	3	1020.5	-9999.9	-9999.9	-9999.9
2025 01 25 16	0.65	0.64	2.9	2.9	3.4	1.14	-9999.9	3	208	-9999.9	38	-9999.9	3	15.4	15.4	104	3	1020.8	-9999.9	-9999.9	-9999.9
2025 01 25 17	0.63	0.6	2.6	2.6	2.8	1.04	-9999.9	3	202	-9999.9	51	-9999.9	3	15.2	22.2	53	3	1020.9	-9999.9	-9999.9	-9999.9
2025 01 25 18	0.42	0.39	2.9	2.9	3.6	0.73	-9999.9	3	169	-9999.9	66	-9999.9	3	16.2	-9999.9	-9999.9	3	1021.8	-9999.9	-9999.9	-9999.9
2025 01 25 19	0.48	0.45	2.9	2.9	4.2	0.74	-9999.9	3	186	-9999.9	57	-9999.9	3	15.9	37.8	38	3	1021.9	-9999.9	-9999.9	-9999.9
2025 01 25 20	0.49	0.47	2.7	2.7	2.5	0.72	-9999.9	3	199	-9999.9	54	-9999.9	3	16.0	31.5	71	3	1022.6	-9999.9	-9999.9	-9999.9
2025 01 25 21	0.43	0.41	2.6	2.6	2.2	0.72	-9999.9	3	208	-9999.9	51	-9999.9	3	16.0	27.7	70	3	1023.2	-9999.9	-9999.9	-9999.9
2025 01 25 22	0.5	0.46	2.9	2.9	2.4	0.84	-9999.9	3	192	-9999.9	52	-9999.9	3	15.9	34.3	60	3	1023.4	-9999.9	-9999.9	-9999.9
2025 01 25 23	0.42	0.39	2.6	2.6	2.3	0.66	-9999.9	3	201	-9999.9	60	-9999.9	3	15.7	33.3	66	3	1023.7	-9999.9	-9999.9	-9999.9
2025 01 26 00	0.45	0.42	2.9	2.9	4.4	0.66	-9999.9	3	182	-9999.9	52	-9999.9	3	15.4	39.2	75	3	1024.0	-9999.9	-9999.9	-9999.9
2025 01 26 01	0.43	0.41	3.1	3.2	6.9	0.6	-9999.9	3	192	-9999.9	43	-9999.9	3	15.3	11.5	151	3	1023.5	-9999.9	-9999.9	-9999.9
2025 01 26 02	0.46	0.42	3.5	3.5	4.4	0.81	-9999.9	3	209	-9999.9	44	-9999.9	3	14.6	43.9	192	3	1022.9	-9999.9	-9999.9	-9999.9
2025 01 26 03	0.56	0.52	3.0	2.9	4.0	0.98	-9999.9	3	208	-9999.9	40	-9999.9	3	15.0	35.8	206	3	1022.3	-9999.9	-9999.9	-9999.9
2025 01 26 04	0.42	0.39	2.4	2.4	2.1	0.65	-9999.9	3	204	-9999.9	57	-9999.9	3	14.9	4.9	211	3	1022.6	-9999.9	-9999.9	-9999.9
2025 01 26 05	0.23	0.22	2.5	2.4	2.0	0.36	-9999.9	3	147	-9999.9	68	-9999.9	3	15.4	51.9	32	3	1022.1	-9999.9	-9999.9	-9999.9
2025 01 26 06	0.3	0.27	2.6	2.5	6.7	0.49	-9999.9	3	186	-9999.9	60	-9999.9	3	15.2	27.5	70	3	1022.6	-9999.9	-9999.9	-9999.9
2025 01 26 07	0.35	0.32	2.6	2.6	4.5	0.55	-9999.9	3	174	-9999.9	58	-9999.9	3	15.8	29.3	63	3	1022.9	-9999.9	-9999.9	-9999.9
2025 01 26 08	0.28	0.26	2.3	2.4	1.9	0.4	-9999.9	3	163	-9999.9	60	-9999.9	3	15.9	27.3	67	3	1023.4	-9999.9	-9999.9	-9999.9
2025 01 26 09	0.29	0.27	2.7	2.7	6.2	0.5	-9999.9	3	159	-9999.9	55	-9999.9	3	15.9	28.8	33	3	1024.4	-9999.9	-9999.9	-9999.9
2025 01 26 10	0.24	0.21	3.0	2.7	7.4	0.42	-9999.9	3	44	-9999.9	60	-9999.9	3	16.1	49.4	38	3	1024.2	-9999.9	-9999.9	-9999.9
2025 01 26 11	-9999.9	-9999.9	-9999.9	-9999.9	-9999.9	-9999.9	-9999.9	3	-9999.9	-9999.9	-9999.9	-9999.9	3	15.9	37.2	71	3	1023.9	-9999.9	-9999.9	-9999.9
2025 01 26 12	0.52	0.47	3.0	2.9	8.3	0.81	-9999.9	3	193	-9999.9	55	-9999.9	3	15.7	39.3	77	3	1023.3	-9999.9	-9999.9	-9999.9
2025 01 26 13	0.51	0.47	2.8	2.8	2.6	0.71	-9999.9	3	197	-9999.9	56	-9999.9	3	15.7	13.3	109	3	1021.9	-9999.9	-9999.9	-9999.9
2025 01 26 14	0.53	0.5	2.8	2.8	3.1	0.96	-9999.9	3	200	-9999.9	50	-9999.9	3	15.6	-9999.9	-9999.9	3	1021.9	-9999.9	-9999.9	-9999.9
2025 01 26 15	0.62	0.57	3.1	3.1	8.3	1.14	-9999.9	3	196	-9999.9	45	-9999.9	3	15.5	7.6	192	3	1021.6	-9999.9	-9999.9	-9999.9
2025 01 26 16	0.76	0.72	3.5	3.5	5.0	1.1	-9999.9	3	213	-9999.9	43	-9999.9	3	14.7	36.8	189	3	1021.5	-9999.9	-9999.9	-9999.9
2025 01 26 17	0.94	0.88	3.8	3.8	5.0	1.59	-9999.9	3	214	-9999.9	39	-9999.9	3	14.7	33.3	199	3	1022.0	-9999.9	-9999.9	-9999.9
2025 01 26 18	0.94	0.9	3.4	3.4	3.7	1.54	-9999.9	3	215	-9999.9	34	-9999.9	3	14.7	-9999.9	-9999.9	3	1022.2	-9999.9	-9999.9	-9999.9
2025 01 26 19	0.65	0.61	2.9	2.8	2.8	0.98	-9999.9	3	210	-9999.9	50	-9999.9	3	14.7	14.3	6	3	1022.9	-9999.9	-9999.9	-9999.9
2025 01 26 20	0.61	0.58	2.8	2.9	3.3	0.89	-9999.9	3	207	-9999.9	57	-9999.9	3	15.5	57.6	34	3	1022.9	-9999.9	-9999.9	-9999.9
2025 01 26 21	0.62	0.59	2.8	2.7	3.0	1.0	-9999.9	3	204	-9999.9	53	-9999.9	3	15.7	45.8	40	3	1023.0	-9999.9	-9999.9	-9999.9
2025 01 26 22	0.85	0.79	3.2	3.1	3.6	1.26	-9999.9	3	208	-9999.9	43	-9999.9	3	15.7	44.6	59	3	1022.9	-9999.9	-9999.9	-9999.9
2025 01 26 23	0.7	0.65	3.0	2.9	3.8	1.09	-9999.9	3	213	-9999.9	47	-9999.9	3	15.5	53.7	58	3	1023.3	-9999.9	-9999.9	-9999.9
2025 01 27 00	0.75	0.69	3.1	3.0	3.3	1.2	-9999.9	3	205	-9999.9	47	-9999.9	3	15.0	51.1	63	3	1023.1	-9999.9	-9999.9	-9999.9
2025 01 27 01	0.95	0.88	3.3	3.3	3.6	1.46	-9999.9	3	200	-9999.9	46	-9999.9	3	15.3	56.3	67	3	1022.2	-9999.9	-9999.9	-9999.9
2025 01 27 02	0.8	0.74	3.3	3.2	3.4	1.21	-9999.9	3	183	-9999.9	38	-9999.9	3	15.2	58.6	68	3	1021.8	-9999.9	-9999.9	-9999.9
2025 01 27 03	0.87	0.82	3.2	3.3	3.6	1.81	-9999.9	3	197	-9999.9	33	-9999.9	3	14.9	15.4	58	3	1021.4	-9999.9	-9999.9	-9999.9
2025 01 27 04	0.77	0.73	3.0	3.0	3.2	1.2	-9999.9	3	203	-9999.9	37	-9999.9	3	14.6	15.5	147	3	1021.0	-9999.9	-9999.9	-9999.9
2025 01 27 05	0.68	0.65	2.6	2.6	2.9	1.08	-9999.9	3	197	-9999.9	49	-9999.9	3	15.0	34.8	360	3	1020.8	-9999.9	-9999.9	-9999.9
2025 01 27 06	0.75	0.7	2.9	2.9	3.3	1.16	-9999.9	3	198	-9999.9	48	-9999.9	3	15.2	62.2	40	3	1020.4	-9999.9	-9999.9	-9999.9
2025 01 27 07	0.95	0.9	3.0	3.0	3.8	1.49	-9999.9	3	203	-9999.9	40	-9999.9	3	15.4	43.5	51	3	1020.3	-9999.9	-9999.9	-9999.9
2025 01 27 08	1.07	1.0	3.2	3.3	3.8	1.52	-9999.9	3	211	-9999.9	43	-9999.9	3	15.5	-9999.9	-9999.9	3	1019.9	-9999.9	-9999.9	-9999.9
2025 01 27 09	1.05	0.99	3.3	3.2	4.0	1.54	-9999.9	3	203	-9999.9	39	-9999.9	3	15.8	-9999.9	-9999.9	3	1020.4	-9999.9	-9999.9	-9999.9
2025 01 27 17	1.23	1.17	4.0	4.1	4.1	1.75	-9999.9	3	210	-9999.9	29	-9999.9	3	14.0	-9999.9	-9999.9	3	1019.2	-9999.9	-9999.9	-9999.9
2025 01 27 18	1.07	1.03	3.8	3.8	4.4	1.96	-9999.9	3	208	-9999.9	34	-9999.9	3	14.1	-9999.9	-9999.9	3	1020.5	-9999.9	-9999.9	-9999.9
2025 01 27 19	0.82	0.77	3.2	3.2	3.8	1.28	-9999.9	3	218	-9999.9	44	-9999.9	3	14.2	-9999.9	-9999.9	3	1021.3	-9999.9	-9999.9	-9999.9
2025 01 27 20	0.7	0.64	2.9	2.8	6.5	1.31	-9999.9	3	226	-9999.9	56	-9999.9	3	14.2	-9999.9	-9999.9	3	1022.6	-9999.9	-9999.9	-9999.9
2025 01 27 21	0.69	0.65	3.4	3.6	3.4	1.21	-9999.9	3	209	-9999.9	40	-9999.9	3	14.3	-9999.9	-9999.9	3	1023.7	-9999.9	-9999.9	-9999.9
2025 01 27 22	0.82	0.75	3.5	3.5	8.0	1.23	-9999.9	3	200	-9999.9	41	-9999.9	3	14.3	-9999.9	-9999.9	3	1024.5	-9999.9	-9999.9	-9999.9
2025 01 27 23	0.65	0.61	3.5	3.6	6.9	1.01	-9999.9	3	207	-9999.9	44	-9999.9	3	14.6	-9999.9	-9999.9	3	1024.9	-9999.9	-9999.9	-9999.9
2025 01 28 00	0.7	0.64	3.3	3.4	7.1	1.06	-9999.9	3	207	-9999.9	47	-9999.9	3	15.1	-9999.9	-9999.9	3	1025.2	-9999.9	-9999.9	-9999.9
2025 01 28 01	0.57	0.54	3.5	3.5	6.1	0.99	-9999.9	3	205	-9999.9	47	-9999.9	3	15.0	-9999.9	-9999.9	3	1025.1	-9999.9	-9999.9	-9999.9
2025 01 28 02	0.79	0.74	3.5	3.5	5.1	1.49	-9999.9	3	203	-9999.9	41	-9999.9	3	14.0	-9999.9	-9999.9	3	1025.5	-9999.9	-9999.9	-9999.9
2025 01 28 03	0.63	0.58	3.3	3.4	6.7	0.94	-9999.9	3	187	-9999.9	39	-9999.9	3	14.4	-9999.9	-9999.9	3	1025.6	-9999.9	-9999.9	-9999.9
2025 01 28 04	0.54	0.5	3.7	3.6	7.1	0.95	-9999.9	3	184	-9999.9	44	-9999.9	3	14.3	-9999.9	-9999.9	3	1025.3	-9999.9	-9999.9	-9999.9
2025 01 28 05	0.34	0.31	3.3	3.4	5.9	0.63	-9999.9	3	172	-9999.9	60	-9999.9	3	14.3	-9999.9	-9999.9	3	1025.3	-9999.9	-9999.9	-9999.9
2025 01 28 06	0.32	0.29	3.2	3.4	7.7	0.5	-9999.9	3	150	-9999.9	59	-9999.9	3	15.0	-9999.9	-9999.9	3	1025.2	-9999.9	-9999.9	-9999.9
2025 01 28 07	0.48	0.44	2.7	2.7	2.9	0.72	-9999.9	3	210	-9999.9	60	-9999.9	3	15.8	-9999.9	-9999.9	3	1025.3	-9999.9	-9999.9	-9999.9
2025 01 28 08	0.75	0.72	2.8	2.8	3.2	1.19	-9999.9	3	214	-9999.9	40	-9999.9	3	15.8	-9999.9	-9999.9	3	1025.7	-9999.9	-9999.9	-9999.9
2025 01 28 09	0.94	0.89	3.2	3.1	3.3	1.72	-9999.9	3	206	-9999.9	34	-9999.9	3	15.8	-9999.9	-9999.9	3	1026.5	-9999.9	-9999.9	-9999.9
2025 01 28 10	0.85	0.81	3.1	3.1	3.4	1.34	-9999.9	3	210	-9999.9	39	-9999.9	3	15.7	-9999.9	-9999.9	3	1027.5	-9999.9	-9999.9	-9999.9
2025 01 28 11	0.82	0.77	3.1	3.1	3.4	1.42	-9999.9	3	209	-9999.9	47	-9999.9	3	15.6	-9999.9	-9999.9	3	1028.2	-9999.9	-9999.9	-9999.9
2025 01 28 12	0.84	0.79	3.5	3.6	4.1	1.34	-9999.9	3	210	-9999.9	48	-9999.9	3	15.7	-9999.9	-9999.9	3	1028.1	-9999.9	-9999.9	-9999.9
2025 01 28 13	0.72	0.67	3.7	3.6	7.1	1.17	-9999.9	3	215	-9999.9	49	-9999.9	3	15.5	-9999.9	-9999.9	3	1027.9	-9999.9	-9999.9	-9999.9
2025 01 28 14	0.6	0.55	4.0	4.0	7.4	0.79	-9999.9	3	178	-9999.9	57	-9999.9	3	15.6	-9999.9	-9999.9	3	1027.8	-9999.9	-9999.9	-9999.9
2025 01 28 15	0.57	0.54	4.2	4.3	6.5	0.84	-9999.9	3	181	-9999.9	46	-9999.9	3	15.5	-9999.9	-9999.9	3	1028.4	-9999.9	-9999.9	-9999.9
2025 01 28 16	0.62	0.57	3.7	3.7	7.1	0.95	-9999.9	3	193	-9999.9	48	-9999.9	3	15.3	-9999.9	-9999.9	3	1029.3	-9999.9	-9999.9	-9999.9
2025 01 28 17	0.56	0.52	3.9	4.0	6.9	1.14	-9999.9	3	198	-9999.9	39	-9999.9	3	15.2	-9999.9	-9999.9	3	1029.5	-9999.9	-9999.9	-9999.9
2025 01 28 18	0.63	0.61	4.5	4.6	7.1	0.93	-9999.9	3	210	-9999.9	44	-9999.9	3	14.1	-9999.9	-9999.9	3	1029.8	-9999.9	-9999.9	-9999.9
2025 01 28 19	0.65	0.62	4.5	4.5	7.1	1.06	-9999.9	3	197	-9999.9	46	-9999.9	3	14.2	-9999.9	-9999.9	3	1030.6	-9999.9	-9999.9	-9999.9
2025 01 28 20	0.44	0.4	3.7	3.5	8.0	0.75	-9999.9	3	105	-9999.9	66	-9999.9	3	14.4	-9999.9	-9999.9	3	1030.9	-9999.9	-9999.9	-9999.9
2025 01 28 21	0.34	0.31	3.9	3.8	9.5	0.52	-9999.9	3	110	-9999.9	53	-9999.9	3	15.2	-9999.9	-9999.9	3	1031.3	-9999.9	-9999.9	-9999.9
2025 01 28 22	0.34	0.32	4.2	4.3	8.3	0.5	-9999.9	3	108	-9999.9	61	-9999.9	3	14.9	-9999.9	-9999.9	3	1031.2	-9999.9	-9999.9	-9999.9
2025 01 28 23	0.31	0.29	4.4	4.5	8.3	0.44	-9999.9	3	194	-9999.9	54	-9999.9	3	14.8	-9999.9	-9999.9	3	1030.7	-9999.9	-9999.9	-9999.9
2025 01 29 00	0.39	0.37	3.9	4.1	8.3	0.65	-9999.9	3	169	-9999.9	56	-9999.9	3	15.3	-9999.9	-9999.9	3	1030.4	-9999.9	-9999.9	-9999.9
2025 01 29 01	0.52	0.46	3.7	3.6	6.7	0.8	-9999.9	3	211	-9999.9	43	-9999.9	3	14.9	-9999.9	-9999.9	3	1029.9	-9999.9	-9999.9	-9999.9
2025 01 29 02	0.53	0.49	3.5	3.6	7.4	0.78	-9999.9	3	196	-9999.9	53	-9999.9	3	14.5	-9999.9	-9999.9	3	1029.3	-9999.9	-9999.9	-9999.9
2025 01 29 03	0.66	0.62	3.4	3.5	5.7	1.07	-9999.9	3	214	-9999.9	44	-9999.9	3	14.4	-9999.9	-9999.9	3	1029.1	-9999.9	-9999.9	-9999.9
2025 01 29 04	0.56	0.51	3.4	3.4	6.2	0.92	-9999.9	3	184	-9999.9	43	-9999.9	3	14.6	-9999.9	-9999.9	3	1028.8	-9999.9	-9999.9	-9999.9
2025 01 29 05	0.4	0.37	3.9	3.9	6.9	0.6	-9999.9	3	179	-9999.9	45	-9999.9	3	14.1	-9999.9	-9999.9	3	1027.9	-9999.9	-9999.9	-9999.9
2025 01 29 06	0.28	0.26	3.0	3.0	6.7	0.42	-9999.9	3	188	-9999.9	54	-9999.9	3	13.7	-9999.9	-9999.9	3	1027.5	-9999.9	-9999.9	-9999.9
2025 01 29 07	0.26	0.23	3.2	3.1	3.6	0.61	-9999.9	3	76	-9999.9	60	-9999.9	3	14.3	-9999.9	-9999.9	3	1027.6	-9999.9	-9999.9	-9999.9
2025 01 29 08	0.25	0.22	2.9	2.9	7.4	0.4	-9999.9	3	114	-9999.9	64	-9999.9	3	14.6	-9999.9	-9999.9	3	1027.5	-9999.9	-9999.9	-9999.9
2025 01 29 09	0.58	0.54	2.5	2.5	2.6	0.91	-9999.9	3	197	-9999.9	48	-9999.9	3	15.0	-9999.9	-9999.9	3	1027.2	-9999.9	-9999.9	-9999.9
2025 01 29 10	0.63	0.6	2.5	2.5	3.1	1.01	-9999.9	3	205	-9999.9	44	-9999.9	3	15.0	-9999.9	-9999.9	3	-9999.9	-9999.9	-9999.9	-9999.9
2025 01 29 11	0.64	0.61	2.7	2.7	3.2	1.03	-9999.9	3	198	-9999.9	48	-9999.9	3	15.0	-9999.9	-9999.9	3	1026.3	-9999.9	-9999.9	-9999.9
2025 01 29 12	0.6	0.55	2.7	2.7	3.1	1.01	-9999.9	3	197	-9999.9	57	-9999.9	3	15.4	-9999.9	-9999.9	3	1025.1	-9999.9	-9999.9	-9999.9
2025 01 29 13	0.68	0.63	2.9	2.9	3.4	1.03	-9999.9	3	214	-9999.9	54	-9999.9	3	15.2	-9999.9	-9999.9	3	1023.9	-9999.9	-9999.9	-9999.9
2025 01 29 14	0.77	0.71	3.5	3.4	3.4	1.03	-9999.9	3	195	-9999.9	53	-9999.9	3	15.1	-9999.9	-9999.9	3	1022.2	-9999.9	-9999.9	-9999.9
2025 01 29 15	0.71	0.67	3.2	3.1	3.4	1.06	-9999.9	3	201	-9999.9	56	-9999.9	3	14.3	-9999.9	-9999.9	3	1021.2	-9999.9	-9999.9	-9999.9
2025 01 29 16	0.57	0.53	3.4	3.4	3.4	0.84	-9999.9	3	181	-9999.9	60	-9999.9	3	14.6	-9999.9	-9999.9	3	1020.2	-9999.9	-9999.9	-9999.9
2025 01 29 17	0.6	0.55	3.4	3.4	3.7	0.82	-9999.9	3	185	-9999.9	56	-9999.9	3	14.8	-9999.9	-9999.9	3	1018.9	-9999.9	-9999.9	-9999.9
2025 01 29 18	0.96	0.9	3.4	3.4	3.8	1.73	-9999.9	3	204	-9999.9	46	-9999.9	3	14.6	-9999.9	-9999.9	3	1017.4	-9999.9	-9999.9	-9999.9
2025 01 29 19	1.19	1.12	3.6	3.5	3.8	1.95	-9999.9	3	201	-9999.9	35	-9999.9	3	14.0	16.1	88	3	1017.9	-9999.9	-9999.9	-9999.9
2025 01 29 20	0.98	0.94	3.4	3.4	4.4	1.71	-9999.9	3	201	-9999.9	40	-9999.9	3	13.9	9.3	60	3	1019.1	-9999.9	-9999.9	-9999.9
2025 01 29 21	0.56	0.54	3.1	3.1	5.7	0.96	-9999.9	3	177	-9999.9	62	-9999.9	3	13.6	16.1	74	3	1020.0	-9999.9	-9999.9	-9999.9
2025 01 29 22	0.52	0.48	3.6	3.5	6.5	0.9	-9999.9	3	170	-9999.9	59	-9999.9	3	14.8	51.5	46	3	1020.1	-9999.9	-9999.9	-9999.9
2025 01 29 23	0.52	0.5	4.1	4.0	5.0	0.89	-9999.9	3	89	-9999.9	63	-9999.9	3	14.9	41.3	70	3	1019.9	-9999.9	-9999.9	-9999.9
2025 01 30 00	0.6	0.55	3.7	3.7	7.1	1.04	-9999.9	3	209	-9999.9	48	-9999.9	3	15.1	47.8	58	3	1020.5	-9999.9	-9999.9	-9999.9
2025 01 30 01	0.59	0.56	3.8	3.9	6.2	0.86	-9999.9	3	214	-9999.9	45	-9999.9	3	15.0	57.9	42	3	1019.1	-9999.9	-9999.9	-9999.9
2025 01 30 02	0.55	0.53	4.1	4.2	6.9	1.13	-9999.9	3	210	-9999.9	47	-9999.9	3	14.1	46.1	43	3	1019.1	-9999.9	-9999.9	-9999.9
2025 01 30 03	0.6	0.55	3.8	3.7	6.9	0.98	-9999.9	3	199	-9999.9	46	-9999.9	3	14.0	44.7	60	3	1019.4	-9999.9	-9999.9	-9999.9
2025 01 30 04	0.72	0.67	3.9	3.8	5.3	1.03	-9999.9	3	203	-9999.9	43	-9999.9	3	13.5	48.5	69	3	1019.3	-9999.9	-9999.9	-9999.9
2025 01 30 05	0.59	0.54	3.6	3.6	4.8	1.09	-9999.9	3	187	-9999.9	39	-9999.9	3	13.9	36.6	110	3	1019.5	-9999.9	-9999.9	-9999.9
2025 01 30 06	0.68	0.64	3.5	3.6	5.7	1.02	-9999.9	3	192	-9999.9	40	-9999.9	3	13.4	12.2	124	3	1019.9	-9999.9	-9999.9	-9999.9
2025 01 30 07	0.39	0.37	3.7	3.8	7.1	0.62	-9999.9	3	167	-9999.9	56	-9999.9	3	13.9	43.8	21	3	1021.1	-9999.9	-9999.9	-9999.9
2025 01 30 08	0.35	0.33	3.4	3.4	4.7	0.57	-9999.9	3	147	-9999.9	63	-9999.9	3	15.1	79.1	44	3	1021.9	-9999.9	-9999.9	-9999.9
2025 01 30 09	0.34	0.3	3.3	3.3	9.1	0.67	-9999.9	3	103	-9999.9	53	-9999.9	3	15.1	52.7	41	3	1022.9	-9999.9	-9999.9	-9999.9
2025 01 30 10	0.33	0.3	2.7	2.7	2.0	0.57	-9999.9	3	176	-9999.9	58	-9999.9	3	15.2	28.1	89	3	1023.7	-9999.9	-9999.9	-9999.9
2025 01 30 11	0.37	0.33	2.9	2.9	8.0	0.78	-9999.9	3	67	-9999.9	60	-9999.9	3	15.2	26.4	98	3	1023.6	-9999.9	-9999.9	-9999.9
2025 01 30 12	0.41	0.37	3.3	3.3	8.3	0.68	-9999.9	3	98	-9999.9	49	-9999.9	3	15.1	30.3	83	3	1022.8	-9999.9	-9999.9	-9999.9
2025 01 30 13	0.37	0.34	4.3	4.4	8.7	0.67	-9999.9	3	175	-9999.9	53	-9999.9	3	15.4	47.7	30	3	1022.7	-9999.9	-9999.9	-9999.9
2025 01 30 14	0.4	0.37	4.8	4.8	8.7	0.79	-9999.9	3	173	-9999.9	53	-9999.9	3	15.2	77.3	41	3	1022.3	-9999.9	-9999.9	-9999.9
2025 01 30 15	0.52	0.49	4.7	4.9	9.1	0.98	-9999.9	3	194	-9999.9	49	-9999.9	3	15.0	56.8	70	3	1022.4	-9999.9	-9999.9	-9999.9
2025 01 30 16	0.54	0.51	4.4	4.7	8.7	0.8	-9999.9	3	162	-9999.9	54	-9999.9	3	15.1	77.2	71	3	1023.0	-9999.9	-9999.9	-9999.9
2025 01 30 17	0.51	0.48	4.0	4.1	7.1	0.74	-9999.9	3	163	-9999.9	53	-9999.9	3	14.9	76.5	73	3	1023.7	-9999.9	-9999.9	-9999.9
2025 01 30 18	0.59	0.55	4.0	4.1	5.6	0.85	-9999.9	3	165	-9999.9	50	-9999.9	3	14.7	66.6	88	3	1024.5	-9999.9	-9999.9	-9999.9
2025 01 30 19	0.48	0.45	4.2	4.2	6.9	0.73	-9999.9	3	189	-9999.9	44	-9999.9	3	14.4	34.1	101	3	1025.3	-9999.9	-9999.9	-9999.9
2025 01 30 20	0.55	0.52	4.3	4.4	8.0	0.77	-9999.9	3	193	-9999.9	44	-9999.9	3	13.4	16.6	147	3	1025.5	-9999.9	-9999.9	-9999.9
2025 01 30 21	0.41	0.39	4.6	4.5	9.1	0.71	-9999.9	3	207	-9999.9	51	-9999.9	3	13.3	-9999.9	-9999.9	3	1025.7	-9999.9	-9999.9	-9999.9
2025 01 30 22	0.43	0.41	4.4	4.5	8.0	0.68	-9999.9	3	180	-9999.9	56	-9999.9	3	13.5	-9999.9	-9999.9	3	1026.3	-9999.9	-9999.9	-9999.9
2025 01 30 23	0.29	0.27	3.1	3.1	5.0	0.41	-9999.9	3	182	-9999.9	61	-9999.9	3	13.5	73.5	199	3	1026.4	-9999.9	-9999.9	-9999.9
2025 01 31 00	0.32	0.3	3.3	3.2	5.1	0.45	-9999.9	3	167	-9999.9	57	-9999.9	3	13.5	56.3	192	3	1026.4	-9999.9	-9999.9	-9999.9
2025 01 31 01	0.3	0.28	3.4	3.5	8.0	0.42	-9999.9	3	163	-9999.9	55	-9999.9	3	13.7	29.4	174	3	1026.0	-9999.9	-9999.9	-9999.9
2025 01 31 02	0.38	0.36	4.7	4.8	7.4	0.55	-9999.9	3	179	-9999.9	52	-9999.9	3	14.7	52.8	50	3	1025.8	-9999.9	-9999.9	-9999.9
2025 01 31 03	0.52	0.5	4.9	4.8	6.1	0.8	-9999.9	3	200	-9999.9	45	-9999.9	3	14.7	60.3	59	3	1025.8	-9999.9	-9999.9	-9999.9
2025 01 31 04	0.53	0.51	4.3	4.3	6.9	0.85	-9999.9	3	195	-9999.9	57	-9999.9	3	14.0	58.5	60	3	1025.6	-9999.9	-9999.9	-9999.9
2025 01 31 05	0.59	0.56	4.0	4.0	5.6	0.96	-9999.9	3	208	-9999.9	48	-9999.9	3	13.9	42.4	58	3	1025.8	-9999.9	-9999.9	-9999.9
2025 01 31 06	0.64	0.59	3.5	3.5	6.2	1.04	-9999.9	3	192	-9999.9	44	-9999.9	3	14.3	40.1	76	3	1025.6	-9999.9	-9999.9	-9999.9
2025 01 31 07	0.54	0.5	3.6	3.7	7.7	0.8	-9999.9	3	197	-9999.9	45	-9999.9	3	13.5	12.5	163	3	1025.7	-9999.9	-9999.9	-9999.9
2025 01 31 08	0.49	0.45	3.2	3.3	3.6	0.73	-9999.9	3	203	-9999.9	51	-9999.9	3	13.1	46.2	192	3	1026.5	-9999.9	-9999.9	-9999.9
2025 01 31 09	0.4	0.37	2.9	2.9	8.7	0.61	-9999.9	3	177	-9999.9	52	-9999.9	3	13.2	35.0	186	3	1026.8	-9999.9	-9999.9	-9999.9
2025 01 31 10	0.33	0.3	2.9	2.9	8.3	0.52	-9999.9	3	103	-9999.9	63	-9999.9	3	13.6	13.6	178	3	1027.6	-9999.9	-9999.9	-9999.9
2025 01 31 11	0.31	0.28	3.5	3.4	7.4	0.53	-9999.9	3	99	-9999.9	56	-9999.9	3	14.1	13.1	82	3	1027.5	-9999.9	-9999.9	-9999.9
2025 01 31 12	0.32	0.3	3.2	3.2	8.7	0.47	-9999.9	3	169	-9999.9	54	-9999.9	3	13.4	-9999.9	-9999.9	3	1027.0	-9999.9	-9999.9	-9999.9
2025 01 31 13	0.38	0.35	2.8	2.8	2.6	0.68	-9999.9	3	190	-9999.9	50	-9999.9	3	13.4	54.7	192	3	1026.5	-9999.9	-9999.9	-9999.9
2025 01 31 14	0.28	0.26	2.9	2.8	9.5	0.48	-9999.9	3	134	-9999.9	58	-9999.9	3	13.5	17.4	87	3	1026.2	-9999.9	-9999.9	-9999.9
2025 01 31 15	0.34	0.33	4.8	4.7	9.1	0.6	-9999.9	3	52	-9999.9	55	-9999.9	3	14.5	-9999.9	-9999.9	3	1026.3	-9999.9	-9999.9	-9999.9
2025 01 31 16	0.34	0.31	4.0	4.1	4.3	0.54	-9999.9	3	116	-9999.9	57	-9999.9	3	14.7	-9999.9	-9999.9	3	1027.0	-9999.9	-9999.9	-9999.9
2025 01 31 17	0.37	0.35	4.4	4.5	4.7	0.55	-9999.9	3	124	-9999.9	61	-9999.9	3	14.3	71.3	62	3	1027.4	-9999.9	-9999.9	-9999.9
2025 01 31 18	0.36	0.35	4.2	4.2	4.4	0.54	-9999.9	3	97	-9999.9	59	-9999.9	3	14.7	59.1	54	3	1027.6	-9999.9	-9999.9	-9999.9
2025 01 31 19	0.44	0.42	4.3	4.4	9.5	0.77	-9999.9	3	126	-9999.9	57	-9999.9	3	14.8	54.9	81	3	1028.1	-9999.9	-9999.9	-9999.9
2025 01 31 20	0.4	0.38	3.8	3.9	5.9	0.67	-9999.9	3	172	-9999.9	56	-9999.9	3	14.0	22.5	194	3	1028.5	-9999.9	-9999.9	-9999.9
2025 01 31 21	0.4	0.38	4.2	4.3	5.0	0.64	-9999.9	3	170	-9999.9	53	-9999.9	3	13.8	68.5	182	3	1028.6	-9999.9	-9999.9	-9999.9
2025 01 31 22	0.38	0.36	4.0	4.0	4.5	0.76	-9999.9	3	149	-9999.9	57	-9999.9	3	12.8	74.1	194	3	1029.0	-9999.9	-9999.9	-9999.9
2025 01 31 23	0.27	0.26	3.6	3.5	3.5	0.41	-9999.9	3	139	-9999.9	56	-9999.9	3	12.8	82.3	199	3	1029.3	-9999.9	-9999.9	-9999.9
2025 02 01 00	0.21	0.2	3.6	3.6	5.0	0.4	-9999.9	3	165	-9999.9	61	-9999.9	3	13.0	79.9	202	3	1029.2	-9999.9	-9999.9	-9999.9
2025 02 01 01	0.27	0.25	3.4	3.4	5.9	0.38	-9999.9	3	170	-9999.9	58	-9999.9	3	13.3	46.8	213	3	1028.5	-9999.9	-9999.9	-9999.9
2025 02 01 02	0.32	0.3	3.4	3.4	5.4	0.66	-9999.9	3	123	-9999.9	52	-9999.9	3	13.6	12.2	261	3	1028.0	-9999.9	-9999.9	-9999.9
2025 02 01 03	0.26	0.24	4.3	4.2	5.6	0.42	-9999.9	3	96	-9999.9	55	-9999.9	3	15.3	-9999.9	-9999.9	3	1027.7	-9999.9	-9999.9	-9999.9
2025 02 01 04	0.29	0.28	3.8	3.9	6.7	0.44	-9999.9	3	110	-9999.9	62	-9999.9	3	15.1	-9999.9	-9999.9	3	1027.0	-9999.9	-9999.9	-9999.9
2025 02 01 05	0.35	0.34	3.9	3.9	5.0	0.65	-9999.9	3	127	-9999.9	62	-9999.9	3	14.7	41.3	65	3	1026.8	-9999.9	-9999.9	-9999.9
2025 02 01 06	0.34	0.33	4.0	4.2	6.5	0.52	-9999.9	3	137	-9999.9	60	-9999.9	3	14.9	42.0	62	3	1026.5	-9999.9	-9999.9	-9999.9
2025 02 01 07	0.39	0.36	3.4	3.4	6.1	0.66	-9999.9	3	137	-9999.9	57	-9999.9	3	14.4	17.0	76	3	1026.8	-9999.9	-9999.9	-9999.9
2025 02 01 08	0.38	0.35	3.3	3.3	6.1	0.76	-9999.9	3	135	-9999.9	52	-9999.9	3	14.3	8.1	196	3	1026.7	-9999.9	-9999.9	-9999.9
2025 02 01 09	0.42	0.39	3.0	3.1	6.2	0.66	-9999.9	3	162	-9999.9	53	-9999.9	3	13.1	51.8	182	3	1026.8	-9999.9	-9999.9	-9999.9
2025 02 01 10	0.47	0.43	2.9	2.9	5.6	0.74	-9999.9	3	163	-9999.9	50	-9999.9	3	13.3	43.1	183	3	1027.0	-9999.9	-9999.9	-9999.9
2025 02 01 11	0.59	0.54	3.1	3.0	3.0	0.84	-9999.9	3	186	-9999.9	40	-9999.9	3	13.3	50.1	161	3	1026.3	-9999.9	-9999.9	-9999.9
2025 02 01 12	0.62	0.57	3.2	3.2	8.0	0.86	-9999.9	3	182	-9999.9	42	-9999.9	3	13.5	47.5	155	3	1025.0	-9999.9	-9999.9	-9999.9
2025 02 01 13	0.62	0.58	3.1	3.1	3.1	0.98	-9999.9	3	203	-9999.9	39	-9999.9	3	13.4	47.1	160	3	1024.0	-9999.9	-9999.9	-9999.9
2025 02 01 14	0.8	0.75	3.0	3.0	3.2	1.48	-9999.9	3	213	-9999.9	37	-9999.9	3	13.4	25.3	188	3	1022.5	-9999.9	-9999.9	-9999.9
2025 02 01 15	0.51	0.47	2.9	2.8	6.9	1.1	-9999.9	3	207	-9999.9	59	-9999.9	3	13.9	33.2	50	3	1022.6	-9999.9	-9999.9	-9999.9
2025 02 01 16	0.5	0.45	3.1	3.1	3.8	0.82	-9999.9	3	193	-9999.9	60	-9999.9	3	14.5	64.7	49	3	1022.2	-9999.9	-9999.9	-9999.9
2025 02 01 17	0.42	0.39	2.7	2.7	2.5	0.63	-9999.9	3	196	-9999.9	65	-9999.9	3	13.9	61.7	56	3	1022.2	-9999.9	-9999.9	-9999.9
2025 02 01 18	0.37	0.35	2.8	2.9	3.0	0.57	-9999.9	3	185	-9999.9	65	-9999.9	3	13.5	50.7	56	3	1022.8	-9999.9	-9999.9	-9999.9
2025 02 01 19	0.37	0.35	3.5	3.5	9.5	0.58	-9999.9	3	177	-9999.9	52	-9999.9	3	14.1	62.5	59	3	1022.7	-9999.9	-9999.9	-9999.9
2025 02 01 20	0.39	0.37	2.8	2.8	3.2	0.64	-9999.9	3	190	-9999.9	43	-9999.9	3	13.8	20.7	93	3	1022.8	-9999.9	-9999.9	-9999.9
2025 02 01 21	0.38	0.35	3.6	3.5	8.3	0.69	-9999.9	3	172	-9999.9	44	-9999.9	3	13.7	46.8	191	3	1023.3	-9999.9	-9999.9	-9999.9
2025 02 01 22	0.43	0.41	3.4	3.5	3.9	0.65	-9999.9	3	197	-9999.9	51	-9999.9	3	13.8	78.1	194	3	1023.3	-9999.9	-9999.9	-9999.9
2025 02 01 23	0.42	0.4	3.4	3.4	3.8	0.73	-9999.9	3	203	-9999.9	49	-9999.9	3	13.2	80.5	190	3	1022.7	-9999.9	-9999.9	-9999.9
2025 02 02 00	0.33	0.32	3.1	3.1	3.5	0.58	-9999.9	3	183	-9999.9	53	-9999.9	3	13.2	70.2	195	3	1022.3	-9999.9	-9999.9	-9999.9
2025 02 02 01	0.3	0.29	2.8	2.8	4.7	0.6	-9999.9	3	175	-9999.9	57	-9999.9	3	13.1	59.1	192	3	1021.6	-9999.9	-9999.9	-9999.9
2025 02 02 02	0.29	0.28	2.7	2.7	6.2	0.56	-9999.9	3	188	-9999.9	53	-9999.9	3	13.3	40.7	209	3	1021.0	-9999.9	-9999.9	-9999.9
2025 02 02 03	0.3	0.28	2.7	2.6	2.6	0.54	-9999.9	3	200	-9999.9	58	-9999.9	3	13.2	-9999.9	-9999.9	3	1020.1	-9999.9	-9999.9	-9999.9
2025 02 02 04	0.27	0.25	2.9	3.0	2.8	0.48	-9999.9	3	169	-9999.9	62	-9999.9	3	14.4	-9999.9	-9999.9	3	1020.1	-9999.9	-9999.9	-9999.9
2025 02 02 05	0.32	0.3	3.3	3.1	6.2	0.58	-9999.9	3	177	-9999.9	52	-9999.9	3	14.0	-9999.9	-9999.9	3	1020.4	-9999.9	-9999.9	-9999.9
2025 02 02 06	0.3	0.28	3.3	3.3	6.5	0.46	-9999.9	3	167	-9999.9	61	-9999.9	3	14.0	-9999.9	-9999.9	3	1020.5	-9999.9	-9999.9	-9999.9
2025 02 02 07	0.42	0.39	3.2	3.2	4.2	0.66	-9999.9	3	160	-9999.9	61	-9999.9	3	13.7	-9999.9	-9999.9	3	1021.0	-9999.9	-9999.9	-9999.9
2025 02 02 08	0.37	0.35	3.0	3.0	4.7	0.57	-9999.9	3	188	-9999.9	46	-9999.9	3	13.4	-9999.9	-9999.9	3	1021.2	-9999.9	-9999.9	-9999.9
2025 02 02 09	0.38	0.35	3.2	3.2	4.8	0.63	-9999.9	3	193	-9999.9	48	-9999.9	3	13.1	-9999.9	-9999.9	3	1021.6	-9999.9	-9999.9	-9999.9
2025 02 02 10	0.44	0.42	2.8	2.7	8.0	0.66	-9999.9	3	212	-9999.9	52	-9999.9	3	13.3	-9999.9	-9999.9	3	1021.6	-9999.9	-9999.9	-9999.9
2025 02 02 11	0.42	0.39	2.5	2.5	7.1	0.76	-9999.9	3	227	-9999.9	48	-9999.9	3	13.5	-9999.9	-9999.9	3	1022.0	-9999.9	-9999.9	-9999.9
2025 02 02 12	0.31	0.29	2.5	2.5	8.3	0.51	-9999.9	3	190	-9999.9	57	-9999.9	3	13.8	-9999.9	-9999.9	3	1021.6	-9999.9	-9999.9	-9999.9
2025 02 02 13	0.34	0.31	2.3	2.3	2.0	0.56	-9999.9	3	196	-9999.9	52	-9999.9	3	13.6	26.3	163	3	1020.9	-9999.9	-9999.9	-9999.9
2025 02 02 14	0.36	0.34	2.5	2.5	2.0	0.55	-9999.9	3	192	-9999.9	49	-9999.9	3	13.6	40.0	197	3	1020.3	-9999.9	-9999.9	-9999.9
2025 02 02 15	0.48	0.44	2.4	2.4	2.2	0.74	-9999.9	3	194	-9999.9	50	-9999.9	3	13.5	19.7	174	3	1020.3	-9999.9	-9999.9	-9999.9
2025 02 02 16	0.27	0.25	3.1	3.2	7.7	0.38	-9999.9	3	61	-9999.9	62	-9999.9	3	14.7	65.4	37	3	1020.5	-9999.9	-9999.9	-9999.9
2025 02 02 17	0.34	0.31	3.6	3.5	8.0	0.64	-9999.9	3	98	-9999.9	56	-9999.9	3	14.7	77.5	39	3	1020.8	-9999.9	-9999.9	-9999.9
2025 02 02 18	0.34	0.31	2.8	2.8	5.7	0.59	-9999.9	3	183	-9999.9	68	-9999.9	3	13.9	46.3	50	3	1021.0	-9999.9	-9999.9	-9999.9
2025 02 02 19	0.35	0.31	3.1	3.0	10.5	0.52	-9999.9	3	164	-9999.9	58	-9999.9	3	13.8	59.6	59	3	1021.3	-9999.9	-9999.9	-9999.9
2025 02 02 20	0.4	0.38	3.7	3.6	6.9	0.79	-9999.9	3	132	-9999.9	59	-9999.9	3	14.2	60.4	82	3	1022.0	-9999.9	-9999.9	-9999.9
2025 02 02 21	0.33	0.32	3.5	3.6	6.2	0.61	-9999.9	3	179	-9999.9	50	-9999.9	3	13.6	29.2	211	3	1022.1	-9999.9	-9999.9	-9999.9
2025 02 02 22	0.41	0.37	3.8	3.9	10.5	0.6	-9999.9	3	161	-9999.9	50	-9999.9	3	13.8	68.1	196	3	1021.4	-9999.9	-9999.9	-9999.9
2025 02 02 23	0.43	0.39	2.9	2.9	2.5	0.6	-9999.9	3	196	-9999.9	56	-9999.9	3	13.7	70.4	191	3	1020.3	-9999.9	-9999.9	-9999.9
2025 02 03 00	0.37	0.35	2.6	2.5	2.3	0.58	-9999.9	3	197	-9999.9	51	-9999.9	3	13.1	50.7	172	3	1020.0	-9999.9	-9999.9	-9999.9
2025 02 03 01	0.39	0.37	2.6	2.7	2.3	0.62	-9999.9	3	172	-9999.9	52	-9999.9	3	14.2	25.6	37	3	1018.8	-9999.9	-9999.9	-9999.9
2025 02 03 02	0.51	0.48	2.6	2.6	2.6	0.76	-9999.9	3	190	-9999.9	54	-9999.9	3	15.0	44.2	61	3	1019.5	-9999.9	-9999.9	-9999.9
2025 02 03 03	0.36	0.34	2.7	2.7	3.1	0.57	-9999.9	3	159	-9999.9	61	-9999.9	3	14.9	38.9	50	3	1018.6	-9999.9	-9999.9	-9999.9
2025 02 03 04	0.27	0.25	3.3	3.3	6.7	0.43	-9999.9	3	107	-9999.9	62	-9999.9	3	14.8	60.4	49	3	1018.4	-9999.9	-9999.9	-9999.9
2025 02 03 05	0.22	0.2	3.8	3.9	6.7	0.38	-9999.9	3	110	-9999.9	61	-9999.9	3	14.4	92.1	44	3	1018.0	-9999.9	-9999.9	-9999.9
2025 02 03 06	0.26	0.25	3.7	3.6	6.7	0.41	-9999.9	3	120	-9999.9	59	-9999.9	3	14.4	49.5	61	3	1017.9	-9999.9	-9999.9	-9999.9
2025 02 03 07	0.3	0.28	3.6	3.8	6.1	0.49	-9999.9	3	134	-9999.9	60	-9999.9	3	13.9	44.5	61	3	1018.2	-9999.9	-9999.9	-9999.9
2025 02 03 08	0.32	0.3	3.7	3.6	6.2	0.52	-9999.9	3	130	-9999.9	48	-9999.9	3	14.2	49.9	92	3	1018.3	-9999.9	-9999.9	-9999.9
2025 02 03 09	0.29	0.28	3.7	3.8	6.2	0.43	-9999.9	3	141	-9999.9	57	-9999.9	3	13.8	8.7	254	3	1018.5	-9999.9	-9999.9	-9999.9
2025 02 03 10	0.42	0.39	3.2	3.2	6.1	0.83	-9999.9	3	125	-9999.9	52	-9999.9	3	13.7	11.6	287	3	1019.1	-9999.9	-9999.9	-9999.9
2025 02 03 11	0.34	0.31	3.4	3.2	6.9	0.7	-9999.9	3	68	-9999.9	54	-9999.9	3	13.8	25.1	356	3	1019.7	-9999.9	-9999.9	-9999.9
2025 02 03 12	0.51	0.48	3.2	3.2	2.9	0.91	-9999.9	3	27	-9999.9	42	-9999.9	3	14.3	66.5	37	3	1019.7	-9999.9	-9999.9	-9999.9
2025 02 03 13	0.55	0.51	3.2	3.2	7.7	0.85	-9999.9	3	33	-9999.9	40	-9999.9	3	14.5	46.3	60	3	1019.4	-9999.9	-9999.9	-9999.9
2025 02 03 14	0.77	0.73	4.0	4.0	6.9	1.41	-9999.9	3	52	-9999.9	36	-9999.9	3	14.6	25.3	84	3	1019.3	-9999.9	-9999.9	-9999.9
2025 02 03 15	0.87	0.82	4.0	4.0	7.4	1.39	-9999.9	3	83	-9999.9	41	-9999.9	3	13.4	42.5	204	3	1019.3	-9999.9	-9999.9	-9999.9
2025 02 03 16	0.9	0.86	4.8	5.0	6.9	1.51	-9999.9	3	89	-9999.9	39	-9999.9	3	14.5	41.9	40	3	1019.4	-9999.9	-9999.9	-9999.9
2025 02 03 17	1.36	1.32	5.3	5.4	7.4	2.13	-9999.9	3	64	-9999.9	38	-9999.9	3	14.7	-9999.9	-9999.9	3	1020.3	-9999.9	-9999.9	-9999.9
2025 02 03 18	1.31	1.27	5.2	5.3	7.7	1.98	-9999.9	3	88	-9999.9	38	-9999.9	3	14.6	36.0	68	3	1021.2	-9999.9	-9999.9	-9999.9
2025 02 03 19	1.35	1.3	4.9	5.0	8.7	2.27	-9999.9	3	88	-9999.9	40	-9999.9	3	14.1	52.8	63	3	1022.1	-9999.9	-9999.9	-9999.9
2025 02 03 20	1.81	1.73	5.3	5.3	8.7	3.32	-9999.9	3	83	-9999.9	40	-9999.9	3	14.3	45.4	78	3	1022.6	-9999.9	-9999.9	-9999.9
2025 02 03 21	1.78	1.69	5.1	5.4	8.7	2.89	-9999.9	3	88	-9999.9	37	-9999.9	3	14.2	14.7	101	3	1023.5	-9999.9	-9999.9	-9999.9
2025 02 03 22	1.95	1.85	5.7	5.7	8.0	3.21	-9999.9	3	102	-9999.9	37	-9999.9	3	13.9	48.5	222	3	1023.8	-9999.9	-9999.9	-9999.9
2025 02 03 23	2.21	2.1	6.1	6.0	7.7	3.32	-9999.9	3	110	-9999.9	38	-9999.9	3	13.9	87.4	216	3	1024.1	-9999.9	-9999.9	-9999.9
2025 02 04 00	2.11	2.01	5.7	5.7	7.7	3.58	-9999.9	3	111	-9999.9	32	-9999.9	3	13.5	69.9	199	3	1024.6	-9999.9	-9999.9	-9999.9
2025 02 04 01	1.86	1.77	5.7	5.7	8.3	3.04	-9999.9	3	91	-9999.9	33	-9999.9	3	13.5	51.6	181	3	1024.5	-9999.9	-9999.9	-9999.9
2025 02 04 02	1.57	1.52	5.5	5.6	8.3	2.36	-9999.9	3	96	-9999.9	35	-9999.9	3	13.9	54.6	205	3	1024.6	-9999.9	-9999.9	-9999.9
2025 02 04 03	1.74	1.7	6.2	6.4	7.7	2.94	-9999.9	3	97	-9999.9	30	-9999.9	3	13.8	39.3	221	3	1024.7	-9999.9	-9999.9	-9999.9
2025 02 04 04	1.73	1.69	6.0	5.9	8.3	3.14	-9999.9	3	100	-9999.9	30	-9999.9	3	13.8	20.7	249	3	1025.0	-9999.9	-9999.9	-9999.9
2025 02 04 05	1.27	1.23	5.6	5.9	8.0	1.82	-9999.9	3	92	-9999.9	35	-9999.9	3	14.6	22.6	40	3	1025.2	-9999.9	-9999.9	-9999.9
2025 02 04 06	1.03	1.0	5.6	5.7	7.7	1.49	-9999.9	3	94	-9999.9	38	-9999.9	3	14.4	49.6	43	3	1025.4	-9999.9	-9999.9	-9999.9
2025 02 04 07	1.17	1.14	6.0	6.2	7.7	1.86	-9999.9	3	98	-9999.9	38	-9999.9	3	14.8	41.9	63	3	1025.8	-9999.9	-9999.9	-9999.9
2025 02 04 08	1.3	1.27	6.2	6.3	8.3	1.95	-9999.9	3	104	-9999.9	42	-9999.9	3	14.9	76.1	71	3	1026.5	-9999.9	-9999.9	-9999.9
2025 02 04 09	1.19	1.15	5.9	6.0	8.0	2.1	-9999.9	3	88	-9999.9	35	-9999.9	3	14.5	-9999.9	-9999.9	3	1027.3	-9999.9	-9999.9	-9999.9
2025 02 04 10	1.07	1.03	5.8	5.9	7.4	1.89	-9999.9	3	101	-9999.9	35	-9999.9	3	13.4	-9999.9	-9999.9	3	1028.1	-9999.9	-9999.9	-9999.9
2025 02 04 11	1.27	1.24	5.7	5.9	7.4	2.11	-9999.9	3	99	-9999.9	35	-9999.9	3	13.8	59.3	188	3	1028.6	-9999.9	-9999.9	-9999.9
2025 02 04 12	1.17	1.13	5.5	5.4	7.7	1.97	-9999.9	3	95	-9999.9	37	-9999.9	3	14.1	27.1	158	3	1028.6	-9999.9	-9999.9	-9999.9
2025 02 04 13	1.24	1.23	5.7	5.8	7.1	2.03	-9999.9	3	88	-9999.9	38	-9999.9	3	14.8	68.2	33	3	1027.9	-9999.9	-9999.9	-9999.9
2025 02 04 14	1.26	1.24	5.6	5.9	7.4	1.87	-9999.9	3	105	-9999.9	38	-9999.9	3	14.9	41.8	56	3	1027.5	-9999.9	-9999.9	-9999.9
2025 02 04 15	1.29	1.25	5.4	5.4	7.4	2.02	-9999.9	3	106	-9999.9	32	-9999.9	3	15.4	28.3	54	3	1027.8	-9999.9	-9999.9	-9999.9
2025 02 04 16	1.17	1.15	5.5	5.6	7.7	2.16	-9999.9	3	104	-9999.9	34	-9999.9	3	15.4	22.7	53	3	1028.1	-9999.9	-9999.9	-9999.9
2025 02 04 17	1.17	1.13	6.0	6.2	7.4	1.75	-9999.9	3	98	-9999.9	34	-9999.9	3	15.1	54.3	47	3	1028.7	-9999.9	-9999.9	-9999.9
2025 02 04 18	1.02	0.99	5.4	5.4	7.4	1.63	-9999.9	3	104	-9999.9	38	-9999.9	3	14.7	55.9	48	3	1029.1	-9999.9	-9999.9	-9999.9
2025 02 04 19	1.16	1.12	5.7	5.6	6.9	1.92	-9999.9	3	105	-9999.9	34	-9999.9	3	15.0	47.1	70	3	1029.7	-9999.9	-9999.9	-9999.9
2025 02 04 20	1.13	1.1	5.1	5.3	8.3	1.97	-9999.9	3	113	-9999.9	36	-9999.9	3	14.8	21.6	77	3	1030.2	-9999.9	-9999.9	-9999.9
2025 02 04 21	1.19	1.15	5.1	5.5	7.7	1.69	-9999.9	3	110	-9999.9	39	-9999.9	3	14.9	5.2	120	3	1030.6	-9999.9	-9999.9	-9999.9
2025 02 04 22	1.24	1.2	5.5	5.4	6.9	1.75	-9999.9	3	109	-9999.9	36	-9999.9	3	13.6	-9999.9	-9999.9	3	1031.0	-9999.9	-9999.9	-9999.9
2025 02 04 23	1.27	1.23	5.4	5.6	7.4	2.08	-9999.9	3	119	-9999.9	32	-9999.9	3	13.8	-9999.9	-9999.9	3	1031.1	-9999.9	-9999.9	-9999.9
2025 02 05 00	1.51	1.48	5.8	5.7	7.1	2.39	-9999.9	3	112	-9999.9	29	-9999.9	3	13.8	48.6	196	3	1031.2	-9999.9	-9999.9	-9999.9
2025 02 05 01	1.23	1.19	5.0	5.2	7.1	2.09	-9999.9	3	103	-9999.9	32	-9999.9	3	14.0	36.3	164	3	1031.0	-9999.9	-9999.9	-9999.9
2025 02 05 02	1.22	1.2	5.4	5.6	7.7	1.81	-9999.9	3	101	-9999.9	31	-9999.9	3	15.1	8.0	73	3	1030.9	-9999.9	-9999.9	-9999.9
2025 02 05 03	1.0	0.95	5.2	5.3	7.7	1.87	-9999.9	3	103	-9999.9	31	-9999.9	3	15.1	20.9	19	3	1030.5	-9999.9	-9999.9	-9999.9
2025 02 05 04	1.1	1.08	5.6	5.8	7.7	1.63	-9999.9	3	105	-9999.9	30	-9999.9	3	15.3	31.7	38	3	1030.4	-9999.9	-9999.9	-9999.9
2025 02 05 05	1.22	1.21	5.7	5.7	7.7	2.19	-9999.9	3	103	-9999.9	33	-9999.9	3	15.3	33.1	58	3	1030.5	-9999.9	-9999.9	-9999.9
2025 02 05 06	1.06	1.0	5.2	5.2	7.4	1.78	-9999.9	3	102	-9999.9	34	-9999.9	3	15.1	43.5	58	3	1030.8	-9999.9	-9999.9	-9999.9
2025 02 05 07	0.99	0.94	4.5	4.5	7.4	1.54	-9999.9	3	101	-9999.9	38	-9999.9	3	14.8	35.3	64	3	1031.1	-9999.9	-9999.9	-9999.9
2025 02 05 08	0.94	0.88	4.2	4.3	7.1	1.33	-9999.9	3	98	-9999.9	37	-9999.9	3	14.6	42.3	75	3	1031.4	-9999.9	-9999.9	-9999.9
2025 02 05 09	0.87	0.83	4.0	4.0	6.9	1.31	-9999.9	3	98	-9999.9	41	-9999.9	3	14.3	13.2	109	3	1032.0	-9999.9	-9999.9	-9999.9
2025 02 05 10	0.78	0.72	3.6	3.7	6.9	1.24	-9999.9	3	100	-9999.9	49	-9999.9	3	14.3	24.4	236	3	1032.3	-9999.9	-9999.9	-9999.9
2025 02 05 11	0.82	0.77	3.9	4.1	6.9	1.28	-9999.9	3	103	-9999.9	44	-9999.9	3	14.1	31.3	239	3	1032.3	-9999.9	-9999.9	-9999.9
2025 02 05 12	0.75	0.71	3.5	3.7	6.5	1.08	-9999.9	3	101	-9999.9	48	-9999.9	3	14.3	30.4	239	3	1031.9	-9999.9	-9999.9	-9999.9
2025 02 05 13	0.86	0.8	3.7	3.8	7.7	1.27	-9999.9	3	112	-9999.9	42	-9999.9	3	13.9	48.9	198	3	1031.4	-9999.9	-9999.9	-9999.9
2025 02 05 14	0.87	0.81	3.7	3.8	6.1	1.28	-9999.9	3	110	-9999.9	37	-9999.9	3	13.9	39.2	182	3	1030.6	-9999.9	-9999.9	-9999.9
2025 02 05 15	0.74	0.7	3.6	3.6	6.1	1.08	-9999.9	3	104	-9999.9	42	-9999.9	3	14.6	7.3	156	3	1030.1	-9999.9	-9999.9	-9999.9
2025 02 05 16	0.74	0.71	3.8	3.8	5.6	1.12	-9999.9	3	102	-9999.9	40	-9999.9	3	16.0	37.5	38	3	1030.3	-9999.9	-9999.9	-9999.9
2025 02 05 17	0.77	0.73	4.1	4.1	4.8	1.08	-9999.9	3	99	-9999.9	40	-9999.9	3	15.9	43.4	48	3	1030.5	-9999.9	-9999.9	-9999.9
2025 02 05 18	0.76	0.71	4.2	4.2	7.7	1.29	-9999.9	3	102	-9999.9	39	-9999.9	3	15.6	51.1	53	3	1030.6	-9999.9	-9999.9	-9999.9
2025 02 05 19	0.77	0.72	4.3	4.3	8.0	1.2	-9999.9	3	110	-9999.9	37	-9999.9	3	15.5	51.1	50	3	1030.7	-9999.9	-9999.9	-9999.9
2025 02 05 20	0.85	0.81	3.9	4.0	4.8	1.31	-9999.9	3	99	-9999.9	40	-9999.9	3	15.2	32.8	54	3	1030.8	-9999.9	-9999.9	-9999.9
2025 02 05 21	0.86	0.82	4.0	4.0	4.5	1.14	-9999.9	3	103	-9999.9	35	-9999.9	3	14.4	19.2	55	3	1030.9	-9999.9	-9999.9	-9999.9
2025 02 05 22	1.08	1.03	4.1	4.0	5.0	1.93	-9999.9	3	87	-9999.9	42	-9999.9	3	15.2	51.3	67	3	1030.9	-9999.9	-9999.9	-9999.9
2025 02 05 23	1.03	1.0	3.9	4.0	4.9	1.46	-9999.9	3	96	-9999.9	43	-9999.9	3	15.0	10.3	184	3	1030.8	-9999.9	-9999.9	-9999.9
2025 02 06 00	0.86	0.81	4.0	4.0	4.8	1.31	-9999.9	3	115	-9999.9	46	-9999.9	3	14.5	-9999.9	-9999.9	3	1030.8	-9999.9	-9999.9	-9999.9
2025 02 06 01	0.95	0.89	3.7	3.7	4.7	1.33	-9999.9	3	119	-9999.9	44	-9999.9	3	14.0	-9999.9	-9999.9	3	1030.5	-9999.9	-9999.9	-9999.9
2025 02 06 02	0.98	0.94	3.7	3.6	4.9	1.39	-9999.9	3	108	-9999.9	38	-9999.9	3	13.9	47.2	177	3	1030.3	-9999.9	-9999.9	-9999.9
2025 02 06 03	0.78	0.73	3.4	3.4	4.9	1.22	-9999.9	3	113	-9999.9	42	-9999.9	3	14.4	11.6	163	3	1029.6	-9999.9	-9999.9	-9999.9
2025 02 06 04	1.01	0.98	3.9	4.0	4.8	1.6	-9999.9	3	95	-9999.9	40	-9999.9	3	15.5	35.7	41	3	1029.2	-9999.9	-9999.9	-9999.9
2025 02 06 05	1.06	1.01	3.9	3.8	4.9	1.83	-9999.9	3	99	-9999.9	36	-9999.9	3	15.9	26.4	44	3	1028.9	-9999.9	-9999.9	-9999.9
2025 02 06 06	0.99	0.96	4.0	4.1	5.1	1.56	-9999.9	3	93	-9999.9	38	-9999.9	3	16.0	38.0	49	3	1028.8	-9999.9	-9999.9	-9999.9
2025 02 06 07	0.89	0.86	4.0	4.0	5.0	1.34	-9999.9	3	98	-9999.9	36	-9999.9	3	15.8	40.9	53	3	1029.2	-9999.9	-9999.9	-9999.9
2025 02 06 08	0.91	0.87	4.0	4.0	5.1	1.71	-9999.9	3	92	-9999.9	40	-9999.9	3	15.5	42.2	55	3	1029.7	-9999.9	-9999.9	-9999.9
2025 02 06 09	0.84	0.81	3.8	3.8	5.1	1.29	-9999.9	3	106	-9999.9	40	-9999.9	3	15.5	22.8	92	3	1029.9	-9999.9	-9999.9	-9999.9
2025 02 06 10	0.8	0.75	3.5	3.4	4.9	1.32	-9999.9	3	93	-9999.9	41	-9999.9	3	15.1	12.2	96	3	1029.9	-9999.9	-9999.9	-9999.9
2025 02 06 11	0.82	0.76	3.6	3.6	4.7	1.19	-9999.9	3	85	-9999.9	40	-9999.9	3	15.2	13.5	359	3	1029.9	-9999.9	-9999.9	-9999.9
2025 02 06 12	0.78	0.75	3.3	3.4	4.3	1.29	-9999.9	3	93	-9999.9	43	-9999.9	3	15.2	9.8	230	3	1029.4	-9999.9	-9999.9	-9999.9
2025 02 06 13	0.75	0.7	3.2	3.2	4.7	1.26	-9999.9	3	99	-9999.9	47	-9999.9	3	14.9	26.6	234	3	1028.5	-9999.9	-9999.9	-9999.9
2025 02 06 14	0.78	0.74	3.4	3.4	4.4	1.26	-9999.9	3	111	-9999.9	45	-9999.9	3	14.5	49.4	231	3	1027.6	-9999.9	-9999.9	-9999.9
2025 02 06 15	0.82	0.78	3.3	3.4	4.5	1.2	-9999.9	3	111	-9999.9	41	-9999.9	3	14.2	38.5	212	3	1027.3	-9999.9	-9999.9	-9999.9
2025 02 06 16	0.84	0.8	3.4	3.4	4.7	1.33	-9999.9	3	112	-9999.9	37	-9999.9	3	14.0	19.7	176	3	1027.1	-9999.9	-9999.9	-9999.9
2025 02 06 17	0.79	0.76	3.8	3.8	4.8	1.34	-9999.9	3	85	-9999.9	42	-9999.9	3	15.6	55.3	34	3	1026.9	-9999.9	-9999.9	-9999.9
2025 02 06 18	0.7	0.66	3.4	3.5	4.3	0.99	-9999.9	3	85	-9999.9	41	-9999.9	3	15.3	33.1	33	3	1026.9	-9999.9	-9999.9	-9999.9
2025 02 06 19	0.62	0.58	3.7	3.6	4.2	1.11	-9999.9	3	99	-9999.9	42	-9999.9	3	15.6	56.0	55	3	1027.0	-9999.9	-9999.9	-9999.9
2025 02 06 20	0.54	0.51	3.5	3.5	4.5	0.94	-9999.9	3	97	-9999.9	46	-9999.9	3	15.4	55.6	53	3	1026.8	-9999.9	-9999.9	-9999.9
2025 02 06 21	0.57	0.54	3.6	3.6	4.2	0.86	-9999.9	3	99	-9999.9	41	-9999.9	3	15.3	39.4	51	3	1027.1	-9999.9	-9999.9	-9999.9
2025 02 06 22	0.57	0.53	3.5	3.5	4.1	0.89	-9999.9	3	100	-9999.9	46	-9999.9	3	15.4	26.1	63	3	1026.8	-9999.9	-9999.9	-9999.9
2025 02 06 23	0.56	0.53	3.3	3.4	4.7	0.87	-9999.9	3	97	-9999.9	44	-9999.9	3	15.4	35.8	78	3	1026.5	-9999.9	-9999.9	-9999.9
2025 02 07 00	0.46	0.45	3.4	3.4	4.4	0.68	-9999.9	3	106	-9999.9	47	-9999.9	3	15.1	12.2	146	3	1026.3	-9999.9	-9999.9	-9999.9
2025 02 07 01	0.32	0.31	3.6	3.7	4.2	0.49	-9999.9	3	124	-9999.9	50	-9999.9	3	14.0	55.7	203	3	1025.6	-9999.9	-9999.9	-9999.9
2025 02 07 02	0.36	0.34	3.6	3.6	4.2	0.56	-9999.9	3	121	-9999.9	44	-9999.9	3	13.8	52.7	189	3	1025.1	-9999.9	-9999.9	-9999.9
2025 02 07 03	0.32	0.31	3.3	3.3	4.5	0.58	-9999.9	3	92	-9999.9	45	-9999.9	3	14.2	16.3	133	3	1024.4	-9999.9	-9999.9	-9999.9
2025 02 07 04	0.31	0.3	3.4	3.5	4.3	0.46	-9999.9	3	76	-9999.9	43	-9999.9	3	15.1	41.3	42	3	1023.9	-9999.9	-9999.9	-9999.9
2025 02 07 05	0.29	0.28	3.4	3.5	4.0	0.44	-9999.9	3	84	-9999.9	41	-9999.9	3	15.3	-9999.9	-9999.9	3	1023.7	-9999.9	-9999.9	-9999.9
2025 02 07 06	0.31	0.3	3.5	3.6	4.2	0.54	-9999.9	3	108	-9999.9	41	-9999.9	3	15.5	34.9	60	3	1023.7	-9999.9	-9999.9	-9999.9
2025 02 07 07	0.29	0.28	3.2	3.1	3.8	0.5	-9999.9	3	74	-9999.9	47	-9999.9	3	15.3	27.7	57	3	1023.7	-9999.9	-9999.9	-9999.9
2025 02 07 08	0.32	0.29	3.9	3.6	9.1	0.6	-9999.9	3	98	-9999.9	39	-9999.9	3	15.0	34.9	40	3	1023.8	-9999.9	-9999.9	-9999.9
2025 02 07 09	0.32	0.3	3.7	3.7	8.3	0.53	-9999.9	3	90	-9999.9	48	-9999.9	3	15.0	35.0	56	3	1024.0	-9999.9	-9999.9	-9999.9
2025 02 07 10	0.26	0.25	3.4	3.4	3.6	0.44	-9999.9	3	58	-9999.9	49	-9999.9	3	15.4	27.5	60	3	1024.1	-9999.9	-9999.9	-9999.9
2025 02 07 11	0.4	0.37	4.4	4.2	9.5	0.7	-9999.9	3	90	-9999.9	48	-9999.9	3	15.5	34.5	75	3	1023.9	-9999.9	-9999.9	-9999.9
2025 02 07 12	0.28	0.26	3.6	3.6	4.0	0.58	-9999.9	3	120	-9999.9	51	-9999.9	3	15.5	12.4	67	3	1023.4	-9999.9	-9999.9	-9999.9
2025 02 07 13	0.26	0.25	3.7	3.6	7.4	0.39	-9999.9	3	105	-9999.9	56	-9999.9	3	15.5	14.5	227	3	1022.5	-9999.9	-9999.9	-9999.9
2025 02 07 14	0.38	0.36	2.5	2.5	2.3	0.68	-9999.9	3	190	-9999.9	52	-9999.9	3	15.2	13.7	264	3	1021.4	-9999.9	-9999.9	-9999.9
2025 02 07 15	0.43	0.41	2.6	2.6	2.9	0.69	-9999.9	3	219	-9999.9	48	-9999.9	3	14.7	11.5	244	3	1021.1	-9999.9	-9999.9	-9999.9
2025 02 07 16	0.44	0.42	2.7	2.6	2.9	0.63	-9999.9	3	209	-9999.9	46	-9999.9	3	14.4	11.9	212	3	1021.1	-9999.9	-9999.9	-9999.9
2025 02 07 17	0.48	0.45	2.6	2.6	2.6	0.84	-9999.9	3	227	-9999.9	43	-9999.9	3	14.2	19.5	166	3	1021.3	-9999.9	-9999.9	-9999.9
2025 02 07 18	0.33	0.31	2.6	2.6	2.4	0.48	-9999.9	3	216	-9999.9	55	-9999.9	3	14.2	13.0	5	3	1021.7	-9999.9	-9999.9	-9999.9
2025 02 07 19	0.27	0.25	2.5	2.5	2.7	0.48	-9999.9	3	192	-9999.9	61	-9999.9	3	14.8	40.3	31	3	1022.0	-9999.9	-9999.9	-9999.9
2025 02 07 20	0.29	0.28	3.4	3.5	6.1	0.4	-9999.9	3	111	-9999.9	57	-9999.9	3	15.2	66.7	46	3	1022.3	-9999.9	-9999.9	-9999.9
2025 02 07 21	0.3	0.28	2.7	2.7	2.9	0.58	-9999.9	3	185	-9999.9	61	-9999.9	3	15.1	-9999.9	-9999.9	3	1022.6	-9999.9	-9999.9	-9999.9
2025 02 07 22	0.36	0.33	3.1	3.1	9.1	0.53	-9999.9	3	166	-9999.9	59	-9999.9	3	14.9	74.0	50	3	1022.3	-9999.9	-9999.9	-9999.9
2025 02 07 23	0.51	0.49	2.6	2.6	3.1	0.81	-9999.9	3	208	-9999.9	53	-9999.9	3	14.1	52.6	57	3	1022.2	-9999.9	-9999.9	-9999.9
2025 02 08 00	0.55	0.52	2.9	2.8	3.2	0.84	-9999.9	3	198	-9999.9	50	-9999.9	3	14.5	61.4	68	3	1022.5	-9999.9	-9999.9	-9999.9
2025 02 08 01	0.76	0.73	3.1	3.1	3.8	1.3	-9999.9	3	199	-9999.9	30	-9999.9	3	14.3	49.4	74	3	1021.9	-9999.9	-9999.9	-9999.9
2025 02 08 02	0.79	0.77	3.3	3.3	3.6	1.21	-9999.9	3	196	-9999.9	29	-9999.9	3	13.7	50.7	155	3	1021.9	-9999.9	-9999.9	-9999.9
2025 02 08 03	0.66	0.63	2.6	2.6	2.9	1.02	-9999.9	3	196	-9999.9	49	-9999.9	3	14.3	13.2	86	3	1021.6	-9999.9	-9999.9	-9999.9
2025 02 08 04	0.61	0.59	2.9	2.9	3.3	0.99	-9999.9	3	186	-9999.9	62	-9999.9	3	14.8	-9999.9	-9999.9	3	1022.1	-9999.9	-9999.9	-9999.9
2025 02 08 05	0.94	0.89	3.1	3.0	3.4	1.72	-9999.9	3	209	-9999.9	40	-9999.9	3	14.7	-9999.9	-9999.9	3	1022.3	-9999.9	-9999.9	-9999.9
2025 02 08 06	0.78	0.74	3.0	2.9	3.1	1.17	-9999.9	3	206	-9999.9	46	-9999.9	3	15.0	58.9	52	3	1022.5	-9999.9	-9999.9	-9999.9
2025 02 08 07	0.72	0.68	2.8	2.9	3.2	1.26	-9999.9	3	200	-9999.9	45	-9999.9	3	15.1	39.0	53	3	1023.2	-9999.9	-9999.9	-9999.9
2025 02 08 08	0.59	0.56	2.6	2.6	3.3	0.94	-9999.9	3	201	-9999.9	51	-9999.9	3	15.1	27.1	36	3	1024.1	-9999.9	-9999.9	-9999.9
2025 02 08 09	0.53	0.49	3.0	3.0	3.3	0.85	-9999.9	3	181	-9999.9	59	-9999.9	3	15.2	47.7	42	3	1024.7	-9999.9	-9999.9	-9999.9
2025 02 08 10	0.5	0.46	2.8	2.8	3.5	0.76	-9999.9	3	201	-9999.9	57	-9999.9	3	15.0	53.2	57	3	1024.5	-9999.9	-9999.9	-9999.9
2025 02 08 11	0.55	0.5	2.7	2.8	2.7	0.87	-9999.9	3	203	-9999.9	57	-9999.9	3	15.1	68.4	61	3	1025.4	-9999.9	-9999.9	-9999.9
2025 02 08 12	0.58	0.53	3.1	3.0	2.7	0.87	-9999.9	3	186	-9999.9	58	-9999.9	3	15.1	71.6	65	3	1025.2	-9999.9	-9999.9	-9999.9
2025 02 08 13	0.49	0.45	2.8	2.9	2.9	0.79	-9999.9	3	193	-9999.9	54	-9999.9	3	15.1	-9999.9	-9999.9	3	1024.4	-9999.9	-9999.9	-9999.9
2025 02 08 14	0.6	0.55	2.9	2.9	3.0	1.07	-9999.9	3	202	-9999.9	45	-9999.9	3	15.0	52.8	50	3	1023.7	-9999.9	-9999.9	-9999.9
2025 02 08 15	0.49	0.48	3.1	3.0	3.2	0.85	-9999.9	3	197	-9999.9	47	-9999.9	3	14.6	39.8	195	3	1024.1	-9999.9	-9999.9	-9999.9
2025 02 08 16	0.53	0.51	3.5	3.4	5.1	0.82	-9999.9	3	206	-9999.9	48	-9999.9	3	13.9	47.9	207	3	1024.0	-9999.9	-9999.9	-9999.9
2025 02 08 17	0.55	0.51	3.3	3.4	3.6	0.84	-9999.9	3	199	-9999.9	46	-9999.9	3	13.8	-9999.9	-9999.9	3	1024.3	-9999.9	-9999.9	-9999.9
2025 02 08 18	0.47	0.44	2.8	2.9	5.7	0.75	-9999.9	3	193	-9999.9	48	-9999.9	3	13.8	36.0	178	3	1024.9	-9999.9	-9999.9	-9999.9
2025 02 08 19	0.28	0.26	2.8	2.8	8.0	0.45	-9999.9	3	181	-9999.9	57	-9999.9	3	13.9	16.3	202	3	1025.4	-9999.9	-9999.9	-9999.9
2025 02 08 20	0.3	0.28	2.9	3.0	6.9	0.47	-9999.9	3	122	-9999.9	61	-9999.9	3	14.4	23.6	22	3	1025.7	-9999.9	-9999.9	-9999.9
2025 02 08 21	0.31	0.29	3.2	3.1	5.7	0.52	-9999.9	3	110	-9999.9	61	-9999.9	3	14.3	26.8	40	3	1026.0	-9999.9	-9999.9	-9999.9
2025 02 08 22	0.33	0.3	3.5	3.6	8.3	0.66	-9999.9	3	121	-9999.9	57	-9999.9	3	14.5	48.3	59	3	1025.7	-9999.9	-9999.9	-9999.9
2025 02 08 23	0.25	0.23	2.8	2.7	3.4	0.35	-9999.9	3	113	-9999.9	68	-9999.9	3	14.3	42.2	50	3	1025.7	-9999.9	-9999.9	-9999.9
2025 02 09 00	0.24	0.23	2.6	2.6	3.9	0.44	-9999.9	3	122	-9999.9	72	-9999.9	3	14.0	39.3	55	3	1025.6	-9999.9	-9999.9	-9999.9
2025 02 09 01	0.25	0.23	2.9	2.9	5.7	0.38	-9999.9	3	107	-9999.9	64	-9999.9	3	14.4	61.9	63	3	1025.3	-9999.9	-9999.9	-9999.9
2025 02 09 02	0.23	0.22	2.9	2.9	4.4	0.45	-9999.9	3	110	-9999.9	62	-9999.9	3	14.1	12.5	128	3	1025.2	-9999.9	-9999.9	-9999.9
2025 02 09 03	0.18	0.17	2.7	2.6	2.3	0.32	-9999.9	3	156	-9999.9	59	-9999.9	3	13.5	31.3	200	3	1025.0	-9999.9	-9999.9	-9999.9
2025 02 09 04	0.19	0.18	2.6	2.6	5.1	0.32	-9999.9	3	149	-9999.9	59	-9999.9	3	13.6	33.5	188	3	1024.9	-9999.9	-9999.9	-9999.9
2025 02 09 05	0.12	0.11	2.8	2.8	5.6	0.2	-9999.9	3	107	-9999.9	68	-9999.9	3	14.3	37.6	16	3	1024.9	-9999.9	-9999.9	-9999.9
2025 02 09 06	0.2	0.18	3.0	3.2	5.6	0.38	-9999.9	3	103	-9999.9	56	-9999.9	3	14.4	46.6	51	3	1025.2	-9999.9	-9999.9	-9999.9
2025 02 09 07	0.24	0.23	3.1	3.2	4.4	0.69	-9999.9	3	68	-9999.9	52	-9999.9	3	14.9	32.3	85	3	1025.4	-9999.9	-9999.9	-9999.9
2025 02 09 08	0.25	0.22	3.4	3.8	9.1	0.58	-9999.9	3	79	-9999.9	39	-9999.9	3	14.8	29.5	77	3	1026.0	-9999.9	-9999.9	-9999.9
2025 02 09 09	0.18	0.17	3.1	3.0	5.9	0.35	-9999.9	3	100	-9999.9	59	-9999.9	3	14.9	18.3	61	3	1026.5	-9999.9	-9999.9	-9999.9
2025 02 09 10	0.19	0.17	3.4	3.5	8.0	0.3	-9999.9	3	58	-9999.9	55	-9999.9	3	15.0	31.6	44	3	1026.7	-9999.9	-9999.9	-9999.9
2025 02 09 11	0.27	0.25	4.0	4.0	10.0	0.46	-9999.9	3	115	-9999.9	45	-9999.9	3	15.0	46.7	44	3	1026.7	-9999.9	-9999.9	-9999.9
2025 02 09 12	0.24	0.22	3.4	3.5	5.4	0.37	-9999.9	3	79	-9999.9	56	-9999.9	3	15.1	42.6	65	3	1026.0	-9999.9	-9999.9	-9999.9
2025 02 09 13	0.3	0.28	3.8	3.7	6.9	0.56	-9999.9	3	86	-9999.9	53	-9999.9	3	15.3	49.6	69	3	1025.6	-9999.9	-9999.9	-9999.9
2025 02 09 14	0.33	0.31	4.2	4.4	6.9	0.6	-9999.9	3	83	-9999.9	37	-9999.9	3	15.4	57.8	59	3	1024.9	-9999.9	-9999.9	-9999.9
2025 02 09 15	0.3	0.27	3.4	3.5	8.0	0.64	-9999.9	3	104	-9999.9	47	-9999.9	3	15.2	46.0	70	3	1024.4	-9999.9	-9999.9	-9999.9
2025 02 09 16	0.36	0.33	3.5	3.6	5.1	0.57	-9999.9	3	111	-9999.9	48	-9999.9	3	15.1	21.4	188	3	1024.3	-9999.9	-9999.9	-9999.9
2025 02 09 17	0.31	0.29	3.3	3.3	7.4	0.49	-9999.9	3	119	-9999.9	50	-9999.9	3	14.6	26.1	212	3	1024.4	-9999.9	-9999.9	-9999.9
2025 02 09 18	0.32	0.29	3.2	3.3	7.4	0.58	-9999.9	3	110	-9999.9	55	-9999.9	3	14.3	25.4	218	3	1024.4	-9999.9	-9999.9	-9999.9
2025 02 09 19	0.34	0.32	3.2	3.1	10.5	0.56	-9999.9	3	118	-9999.9	51	-9999.9	3	14.1	14.0	207	3	1024.4	-9999.9	-9999.9	-9999.9
2025 02 09 20	0.37	0.33	3.3	3.4	6.7	0.62	-9999.9	3	73	-9999.9	47	-9999.9	3	14.7	6.0	69	3	1024.4	-9999.9	-9999.9	-9999.9
2025 02 09 21	0.35	0.33	3.2	3.3	5.4	0.69	-9999.9	3	88	-9999.9	47	-9999.9	3	15.6	49.8	32	3	1024.2	-9999.9	-9999.9	-9999.9
2025 02 09 22	0.38	0.34	3.5	3.5	6.5	0.62	-9999.9	3	101	-9999.9	43	-9999.9	3	15.3	49.2	47	3	1024.1	-9999.9	-9999.9	-9999.9
2025 02 09 23	0.31	0.3	3.1	3.1	3.8	0.48	-9999.9	3	92	-9999.9	58	-9999.9	3	15.0	58.4	56	3	1024.1	-9999.9	-9999.9	-9999.9
2025 02 10 00	0.38	0.35	3.2	3.3	8.3	0.61	-9999.9	3	103	-9999.9	49	-9999.9	3	14.7	48.3	52	3	1023.8	-9999.9	-9999.9	-9999.9
2025 02 10 01	0.33	0.32	3.0	3.0	3.3	0.56	-9999.9	3	75	-9999.9	53	-9999.9	3	13.9	44.8	53	3	1023.4	-9999.9	-9999.9	-9999.9
2025 02 10 02	0.36	0.34	3.2	3.3	4.2	0.7	-9999.9	3	86	-9999.9	47	-9999.9	3	14.4	41.6	61	3	1022.8	-9999.9	-9999.9	-9999.9
2025 02 10 03	0.37	0.35	3.0	2.9	3.8	0.64	-9999.9	3	92	-9999.9	46	-9999.9	3	14.6	15.9	47	3	1022.0	-9999.9	-9999.9	-9999.9
2025 02 10 04	0.43	0.41	2.8	2.8	4.2	0.73	-9999.9	3	77	-9999.9	45	-9999.9	3	14.3	12.8	76	3	1021.7	-9999.9	-9999.9	-9999.9
2025 02 10 05	0.31	0.29	3.2	3.3	5.1	0.5	-9999.9	3	73	-9999.9	46	-9999.9	3	14.6	47.2	23	3	1021.6	-9999.9	-9999.9	-9999.9
2025 02 10 06	0.33	0.31	3.4	3.4	5.9	0.53	-9999.9	3	65	-9999.9	48	-9999.9	3	14.5	46.7	34	3	1021.5	-9999.9	-9999.9	-9999.9
2025 02 10 07	0.35	0.33	3.2	3.2	5.1	0.67	-9999.9	3	88	-9999.9	50	-9999.9	3	14.7	41.9	47	3	1022.0	-9999.9	-9999.9	-9999.9
2025 02 10 08	0.47	0.44	3.7	3.6	8.7	0.83	-9999.9	3	108	-9999.9	41	-9999.9	3	14.7	26.3	75	3	1022.0	-9999.9	-9999.9	-9999.9
2025 02 10 09	0.57	0.53	3.5	3.6	5.1	0.9	-9999.9	3	110	-9999.9	44	-9999.9	3	15.0	30.2	57	3	1022.2	-9999.9	-9999.9	-9999.9
2025 02 10 10	0.48	0.46	3.5	3.4	5.1	0.74	-9999.9	3	96	-9999.9	44	-9999.9	3	14.9	33.7	43	3	1022.5	-9999.9	-9999.9	-9999.9
2025 02 10 11	0.57	0.55	4.2	4.2	4.9	0.84	-9999.9	3	87	-9999.9	45	-9999.9	3	15.0	67.1	43	3	1022.6	-9999.9	-9999.9	-9999.9
2025 02 10 12	0.58	0.54	3.8	3.7	5.1	0.92	-9999.9	3	107	-9999.9	44	-9999.9	3	14.9	44.4	55	3	1022.1	-9999.9	-9999.9	-9999.9
2025 02 10 13	0.61	0.57	3.8	3.7	5.1	0.9	-9999.9	3	100	-9999.9	44	-9999.9	3	15.1	61.9	61	3	1021.5	-9999.9	-9999.9	-9999.9
2025 02 10 14	0.63	0.6	3.9	3.9	5.0	0.96	-9999.9	3	95	-9999.9	45	-9999.9	3	15.1	60.9	66	3	1020.6	-9999.9	-9999.9	-9999.9
2025 02 10 15	0.63	0.6	3.8	3.9	4.9	0.95	-9999.9	3	87	-9999.9	46	-9999.9	3	14.9	70.6	55	3	1020.3	-9999.9	-9999.9	-9999.9
2025 02 10 16	0.64	0.6	3.7	3.6	5.0	1.08	-9999.9	3	90	-9999.9	47	-9999.9	3	14.8	45.1	78	3	1020.3	-9999.9	-9999.9	-9999.9
2025 02 10 17	0.57	0.52	3.5	3.4	10.0	0.81	-9999.9	3	121	-9999.9	46	-9999.9	3	14.7	19.8	193	3	1020.2	-9999.9	-9999.9	-9999.9
2025 02 10 18	0.57	0.52	3.6	3.5	8.7	0.94	-9999.9	3	125	-9999.9	48	-9999.9	3	14.1	40.5	195	3	1020.4	-9999.9	-9999.9	-9999.9
2025 02 10 19	0.57	0.51	3.6	3.5	9.1	0.86	-9999.9	3	127	-9999.9	50	-9999.9	3	13.9	47.8	203	3	1020.6	-9999.9	-9999.9	-9999.9
2025 02 10 20	0.6	0.55	3.2	3.3	9.1	0.89	-9999.9	3	112	-9999.9	48	-9999.9	3	13.9	39.4	194	3	1020.7	-9999.9	-9999.9	-9999.9
2025 02 10 21	0.51	0.46	3.4	3.5	9.1	0.67	-9999.9	3	110	-9999.9	45	-9999.9	3	14.0	19.3	202	3	1020.6	-9999.9	-9999.9	-9999.9
2025 02 10 22	0.53	0.48	3.7	3.6	8.3	0.84	-9999.9	3	93	-9999.9	45	-9999.9	3	15.4	42.0	45	3	1020.5	-9999.9	-9999.9	-9999.9
2025 02 10 23	0.52	0.48	3.5	3.6	3.6	0.89	-9999.9	3	83	-9999.9	42	-9999.9	3	15.2	51.6	46	3	1020.3	-9999.9	-9999.9	-9999.9
2025 02 11 00	0.5	0.46	3.5	3.6	4.0	0.74	-9999.9	3	93	-9999.9	45	-9999.9	3	15.2	46.8	57	3	1020.4	-9999.9	-9999.9	-9999.9
2025 02 11 01	0.47	0.43	3.6	3.7	10.0	0.63	-9999.9	3	95	-9999.9	47	-9999.9	3	14.8	56.7	46	3	1020.1	-9999.9	-9999.9	-9999.9
2025 02 11 02	0.5	0.45	3.7	3.6	10.0	0.74	-9999.9	3	98	-9999.9	46	-9999.9	3	14.0	61.8	47	3	1019.9	-9999.9	-9999.9	-9999.9
2025 02 11 03	0.57	0.53	3.6	3.5	4.0	0.91	-9999.9	3	92	-9999.9	45	-9999.9	3	14.2	42.3	52	3	1019.4	-9999.9	-9999.9	-9999.9
2025 02 11 04	0.7	0.65	3.5	3.6	4.0	1.19	-9999.9	3	101	-9999.9	44	-9999.9	3	14.0	21.8	87	3	1019.0	-9999.9	-9999.9	-9999.9
2025 02 11 05	0.59	0.54	3.4	3.4	4.4	1.08	-9999.9	3	96	-9999.9	52	-9999.9	3	14.1	22.6	228	3	1018.8	-9999.9	-9999.9	-9999.9
2025 02 11 06	0.49	0.47	4.1	4.1	5.7	0.9	-9999.9	3	79	-9999.9	44	-9999.9	3	14.6	20.8	345	3	1018.8	-9999.9	-9999.9	-9999.9
2025 02 11 07	0.54	0.51	4.3	4.2	5.7	0.91	-9999.9	3	78	-9999.9	45	-9999.9	3	14.6	42.9	31	3	1019.1	-9999.9	-9999.9	-9999.9
2025 02 11 08	0.59	0.55	4.2	4.0	9.5	0.92	-9999.9	3	90	-9999.9	45	-9999.9	3	14.7	55.2	41	3	1019.6	-9999.9	-9999.9	-9999.9
2025 02 11 09	0.65	0.62	3.8	3.8	5.7	0.94	-9999.9	3	95	-9999.9	40	-9999.9	3	14.9	24.6	57	3	1020.0	-9999.9	-9999.9	-9999.9
2025 02 11 10	0.62	0.58	3.7	3.6	5.3	0.96	-9999.9	3	98	-9999.9	43	-9999.9	3	15.1	29.2	53	3	1020.4	-9999.9	-9999.9	-9999.9
2025 02 11 11	0.59	0.55	4.1	4.1	5.7	1.03	-9999.9	3	93	-9999.9	43	-9999.9	3	15.2	32.7	41	3	1020.2	-9999.9	-9999.9	-9999.9
2025 02 11 12	0.64	0.6	4.1	4.1	5.0	0.92	-9999.9	3	95	-9999.9	42	-9999.9	3	15.0	75.0	37	3	1019.9	-9999.9	-9999.9	-9999.9
2025 02 11 13	0.6	0.57	3.9	3.9	5.1	0.93	-9999.9	3	105	-9999.9	42	-9999.9	3	15.0	28.5	69	3	1019.1	-9999.9	-9999.9	-9999.9
2025 02 11 14	0.71	0.67	4.2	4.2	4.9	1.12	-9999.9	3	103	-9999.9	42	-9999.9	3	15.3	58.1	64	3	1018.4	-9999.9	-9999.9	-9999.9
2025 02 11 15	0.66	0.6	3.7	3.7	5.3	0.98	-9999.9	3	93	-9999.9	44	-9999.9	3	14.9	54.6	64	3	1018.1	-9999.9	-9999.9	-9999.9
2025 02 11 16	0.58	0.54	3.9	3.9	8.7	0.92	-9999.9	3	95	-9999.9	45	-9999.9	3	15.0	20.1	85	3	1018.2	-9999.9	-9999.9	-9999.9
2025 02 11 17	0.6	0.55	4.2	4.3	5.1	0.95	-9999.9	3	106	-9999.9	44	-9999.9	3	15.0	13.8	96	3	1018.4	-9999.9	-9999.9	-9999.9
2025 02 11 18	0.58	0.54	3.9	3.8	8.3	0.81	-9999.9	3	114	-9999.9	49	-9999.9	3	14.6	18.5	209	3	1018.5	-9999.9	-9999.9	-9999.9
2025 02 11 19	0.6	0.54	3.9	4.0	4.9	0.91	-9999.9	3	138	-9999.9	53	-9999.9	3	14.3	56.2	202	3	1018.8	-9999.9	-9999.9	-9999.9
2025 02 11 20	0.63	0.6	4.0	3.9	5.0	0.99	-9999.9	3	161	-9999.9	56	-9999.9	3	14.2	57.1	223	3	1019.1	-9999.9	-9999.9	-9999.9
2025 02 11 21	0.54	0.51	3.8	3.6	8.7	0.81	-9999.9	3	133	-9999.9	56	-9999.9	3	14.3	44.1	219	3	1019.2	-9999.9	-9999.9	-9999.9
2025 02 11 22	0.47	0.44	3.4	3.4	5.1	0.79	-9999.9	3	111	-9999.9	55	-9999.9	3	14.2	14.2	224	3	1019.4	-9999.9	-9999.9	-9999.9
2025 02 11 23	0.51	0.49	4.0	4.1	5.6	0.85	-9999.9	3	101	-9999.9	46	-9999.9	3	15.3	26.6	4	3	1019.5	-9999.9	-9999.9	-9999.9
2025 02 12 00	0.46	0.42	3.9	3.8	5.4	0.66	-9999.9	3	111	-9999.9	58	-9999.9	3	15.3	-9999.9	-9999.9	3	1019.9	-9999.9	-9999.9	-9999.9
2025 02 12 01	0.55	0.52	3.9	3.9	8.3	0.87	-9999.9	3	170	-9999.9	61	-9999.9	3	15.1	50.5	58	3	1019.7	-9999.9	-9999.9	-9999.9
2025 02 12 02	0.53	0.5	4.1	4.1	7.1	0.98	-9999.9	3	164	-9999.9	60	-9999.9	3	14.9	67.8	56	3	1019.6	-9999.9	-9999.9	-9999.9
2025 02 12 03	0.57	0.53	4.4	4.1	5.3	0.85	-9999.9	3	166	-9999.9	57	-9999.9	3	14.9	57.5	68	3	1019.1	-9999.9	-9999.9	-9999.9
2025 02 12 04	0.65	0.62	4.1	4.0	7.4	0.98	-9999.9	3	191	-9999.9	47	-9999.9	3	14.6	30.4	103	3	1019.3	-9999.9	-9999.9	-9999.9
2025 02 12 05	0.58	0.54	4.4	4.3	7.1	0.83	-9999.9	3	188	-9999.9	50	-9999.9	3	13.9	58.9	182	3	1019.7	-9999.9	-9999.9	-9999.9
2025 02 12 06	0.45	0.43	3.6	3.5	8.0	0.75	-9999.9	3	183	-9999.9	55	-9999.9	3	14.0	53.9	176	3	1020.1	-9999.9	-9999.9	-9999.9
2025 02 12 07	0.33	0.32	3.6	3.6	3.4	0.56	-9999.9	3	94	-9999.9	58	-9999.9	3	14.2	9.2	201	3	1020.7	-9999.9	-9999.9	-9999.9
2025 02 12 08	0.31	0.29	4.4	4.3	9.1	0.56	-9999.9	3	97	-9999.9	46	-9999.9	3	14.3	37.2	12	3	1021.3	-9999.9	-9999.9	-9999.9
2025 02 12 09	0.31	0.28	4.2	4.2	10.5	0.52	-9999.9	3	112	-9999.9	53	-9999.9	3	14.2	11.2	117	3	1021.8	-9999.9	-9999.9	-9999.9
2025 02 12 10	0.29	0.27	3.7	3.7	6.7	0.4	-9999.9	3	114	-9999.9	55	-9999.9	3	14.4	11.7	184	3	1021.9	-9999.9	-9999.9	-9999.9
2025 02 12 11	0.38	0.33	3.3	3.4	9.5	0.62	-9999.9	3	114	-9999.9	55	-9999.9	3	14.3	23.8	199	3	1022.1	-9999.9	-9999.9	-9999.9
2025 02 12 12	0.4	0.36	2.6	2.6	8.3	0.67	-9999.9	3	187	-9999.9	61	-9999.9	3	14.1	5.4	174	3	1021.6	-9999.9	-9999.9	-9999.9
2025 02 12 13	0.41	0.37	3.2	3.3	7.4	0.64	-9999.9	3	181	-9999.9	65	-9999.9	3	14.8	-9999.9	-9999.9	3	1021.2	-9999.9	-9999.9	-9999.9
2025 02 12 14	0.53	0.48	3.3	3.3	9.5	0.76	-9999.9	3	193	-9999.9	58	-9999.9	3	14.7	-9999.9	-9999.9	3	1020.7	-9999.9	-9999.9	-9999.9
2025 02 12 15	0.56	0.52	3.1	3.1	2.8	0.8	-9999.9	3	196	-9999.9	47	-9999.9	3	14.7	53.6	77	3	1020.4	-9999.9	-9999.9	-9999.9
2025 02 12 16	0.52	0.47	3.0	2.9	3.6	0.82	-9999.9	3	194	-9999.9	52	-9999.9	3	14.7	12.1	90	3	1020.5	-9999.9	-9999.9	-9999.9
2025 02 12 17	0.58	0.55	3.4	3.3	9.5	0.94	-9999.9	3	197	-9999.9	49	-9999.9	3	14.7	39.1	54	3	1021.0	-9999.9	-9999.9	-9999.9
2025 02 12 18	0.55	0.52	3.9	3.8	8.7	0.88	-9999.9	3	198	-9999.9	47	-9999.9	3	14.4	14.4	121	3	1021.7	-9999.9	-9999.9	-9999.9
2025 02 12 19	0.56	0.52	3.9	3.9	6.7	0.92	-9999.9	3	200	-9999.9	48	-9999.9	3	14.2	43.1	203	3	1022.3	-9999.9	-9999.9	-9999.9
2025 02 12 20	0.52	0.49	3.9	3.9	6.1	0.89	-9999.9	3	204	-9999.9	48	-9999.9	3	13.9	63.5	194	3	1022.5	-9999.9	-9999.9	-9999.9
2025 02 12 21	0.4	0.37	3.2	3.2	3.2	0.7	-9999.9	3	199	-9999.9	53	-9999.9	3	13.9	63.4	194	3	1022.3	-9999.9	-9999.9	-9999.9
2025 02 12 22	0.36	0.32	3.1	3.1	10.5	0.54	-9999.9	3	167	-9999.9	59	-9999.9	3	13.9	44.9	203	3	1022.2	-9999.9	-9999.9	-9999.9
2025 02 12 23	0.32	0.29	2.8	2.8	4.7	0.49	-9999.9	3	182	-9999.9	59	-9999.9	3	14.0	28.7	204	3	1022.2	-9999.9	-9999.9	-9999.9
2025 02 13 00	0.28	0.26	2.6	2.6	9.1	0.46	-9999.9	3	285	-9999.9	65	-9999.9	3	14.0	11.0	262	3	1021.9	-9999.9	-9999.9	-9999.9
2025 02 13 01	0.3	0.27	3.0	2.9	7.4	0.48	-9999.9	3	121	-9999.9	60	-9999.9	3	14.0	5.7	49	3	1021.5	-9999.9	-9999.9	-9999.9
2025 02 13 02	0.27	0.25	3.2	3.2	8.7	0.4	-9999.9	3	107	-9999.9	58	-9999.9	3	14.2	-9999.9	-9999.9	3	1021.5	-9999.9	-9999.9	-9999.9
2025 02 13 03	0.28	0.26	3.5	3.5	6.7	0.47	-9999.9	3	112	-9999.9	64	-9999.9	3	14.0	-9999.9	-9999.9	3	1021.1	-9999.9	-9999.9	-9999.9
2025 02 13 04	0.35	0.32	3.4	3.5	6.5	0.54	-9999.9	3	204	-9999.9	55	-9999.9	3	14.0	49.7	70	3	1020.7	-9999.9	-9999.9	-9999.9
2025 02 13 05	0.36	0.34	3.6	3.5	5.7	0.7	-9999.9	3	187	-9999.9	50	-9999.9	3	14.0	30.3	178	3	1020.7	-9999.9	-9999.9	-9999.9
2025 02 13 06	0.31	0.3	3.1	3.2	5.7	0.51	-9999.9	3	186	-9999.9	56	-9999.9	3	13.9	71.1	194	3	1021.2	-9999.9	-9999.9	-9999.9
2025 02 13 07	0.33	0.31	2.7	2.7	3.4	0.57	-9999.9	3	182	-9999.9	65	-9999.9	3	14.0	66.2	198	3	1021.6	-9999.9	-9999.9	-9999.9
2025 02 13 08	0.3	0.26	2.9	3.1	8.7	0.49	-9999.9	3	118	-9999.9	54	-9999.9	3	14.0	17.6	220	3	1022.3	-9999.9	1.5	299
2025 02 13 09	0.25	0.22	3.1	3.4	9.5	0.53	-9999.9	3	83	-9999.9	52	-9999.9	3	14.1	16.7	293	3	1022.8	-9999.9	0.9	90
2025 02 13 10	0.27	0.25	2.8	2.8	8.3	0.46	-9999.9	3	84	-9999.9	60	-9999.9	3	14.1	-9999.9	-9999.9	3	1022.8	-9999.9	4.9	247
2025 02 13 11	0.35	0.32	2.5	2.5	2.2	0.57	-9999.9	3	198	-9999.9	53	-9999.9	3	14.2	12.8	216	3	1022.7	-9999.9	6.3	224
2025 02 13 12	0.44	0.41	2.4	2.4	2.3	0.85	-9999.9	3	199	-9999.9	44	-9999.9	3	14.3	16.3	220	3	1022.1	-9999.9	6.9	226
2025 02 13 13	0.37	0.34	2.3	2.4	2.7	0.74	-9999.9	3	183	-9999.9	63	-9999.9	3	14.4	41.6	31	3	1021.4	-9999.9	8.0	241
2025 02 13 14	0.31	0.29	2.5	2.5	2.3	0.49	-9999.9	3	182	-9999.9	62	-9999.9	3	14.6	80.1	37	3	1020.6	-9999.9	7.6	230
2025 02 13 15	0.41	0.38	2.5	2.5	2.2	0.66	-9999.9	3	185	-9999.9	61	-9999.9	3	14.5	40.2	58	3	1020.3	-9999.9	7.2	228
2025 02 13 16	0.43	0.4	2.7	2.7	5.2	0.63	-9999.9	3	154	-9999.9	56	-9999.9	3	14.0	59.5	65	3	1020.0	-9999.9	7.2	240
2025 02 13 17	0.26	0.24	2.7	2.7	5.6	0.45	-9999.9	3	188	-9999.9	65	-9999.9	3	14.6	43.9	67	3	1020.2	-9999.9	7.5	242
2025 02 13 18	0.29	0.27	3.2	3.1	6.0	0.61	-9999.9	3	166	-9999.9	59	-9999.9	3	14.5	22.1	85	3	1020.5	-9999.9	5.1	242
2025 02 13 19	0.34	0.31	3.9	4.0	8.0	0.49	-9999.9	3	181	-9999.9	48	-9999.9	3	14.2	53.5	205	3	1020.9	-9999.9	3.7	226
2025 02 13 20	0.37	0.35	3.7	3.7	6.9	0.63	-9999.9	3	171	-9999.9	62	-9999.9	3	14.0	83.6	198	3	1021.3	-9999.9	1.9	254
2025 02 13 21	0.27	0.25	3.4	3.3	4.6	0.45	-9999.9	3	187	-9999.9	54	-9999.9	3	14.0	75.8	193	3	1021.4	-9999.9	1.2	74
2025 02 13 22	0.34	0.31	3.8	3.9	9.7	0.57	-9999.9	3	111	-9999.9	44	-9999.9	3	13.8	54.6	187	3	1021.6	-9999.9	1.6	10
2025 02 13 23	0.28	0.27	3.2	3.2	3.7	0.48	-9999.9	3	193	-9999.9	47	-9999.9	3	13.8	32.9	170	3	1021.4	-9999.9	2.5	7
2025 02 14 00	0.2	0.18	2.8	2.9	6.1	0.28	-9999.9	3	142	-9999.9	63	-9999.9	3	14.1	23.6	162	3	1021.1	-9999.9	4.3	17
2025 02 14 01	0.19	0.18	3.3	3.2	5.0	0.29	-9999.9	3	91	-9999.9	60	-9999.9	3	14.7	52.9	56	3	1020.8	-9999.9	4.1	354
2025 02 14 02	0.18	0.17	3.4	3.4	4.8	0.33	-9999.9	3	129	-9999.9	55	-9999.9	3	14.4	44.6	36	3	1020.3	-9999.9	3.9	358
2025 02 14 03	0.17	0.16	4.2	4.1	6.0	0.3	-9999.9	3	77	-9999.9	61	-9999.9	3	14.3	-9999.9	-9999.9	3	1019.7	-9999.9	5.2	358
2025 02 14 04	0.17	0.15	3.4	3.4	5.7	0.24	-9999.9	3	134	-9999.9	60	-9999.9	3	14.5	41.5	58	3	1019.5	-9999.9	4.5	339
2025 02 14 05	0.17	0.16	3.5	3.5	6.5	0.25	-9999.9	3	107	-9999.9	63	-9999.9	3	13.9	38.5	72	3	1019.4	-9999.9	4.2	340
2025 02 14 06	0.2	0.19	3.8	4.0	6.0	0.39	-9999.9	3	122	-9999.9	49	-9999.9	3	13.8	33.7	222	3	1019.6	-9999.9	4.8	349
2025 02 14 07	0.21	0.2	3.2	3.2	4.0	0.29	-9999.9	3	147	-9999.9	59	-9999.9	3	13.7	64.3	186	3	1019.7	-9999.9	5.3	344
2025 02 14 08	0.2	0.19	2.8	2.8	4.0	0.36	-9999.9	3	94	-9999.9	56	-9999.9	3	13.7	38.5	181	3	1020.1	-9999.9	4.9	336
2025 02 14 09	0.25	0.22	3.6	3.6	10.3	0.39	-9999.9	3	88	-9999.9	48	-9999.9	3	14.1	27.0	333	3	1020.3	-9999.9	5.1	353
2025 02 14 10	0.21	0.2	3.0	3.1	5.3	0.37	-9999.9	3	78	-9999.9	55	-9999.9	3	14.1	13.4	325	3	1020.8	-9999.9	3.7	1
2025 02 14 11	0.37	0.35	4.6	4.5	8.0	0.85	-9999.9	3	84	-9999.9	41	-9999.9	3	14.1	15.1	207	3	1020.8	-9999.9	3.5	59
2025 02 14 12	0.34	0.32	3.9	3.9	7.1	0.63	-9999.9	3	128	-9999.9	41	-9999.9	3	14.0	47.8	197	3	1020.4	-9999.9	3.2	74
2025 02 14 13	0.28	0.26	3.4	3.5	7.6	0.49	-9999.9	3	73	-9999.9	49	-9999.9	3	14.1	20.3	209	3	1019.4	-9999.9	2.8	68
2025 02 14 14	0.25	0.24	3.9	3.7	4.7	0.45	-9999.9	3	81	-9999.9	53	-9999.9	3	15.1	-9999.9	-9999.9	3	1018.4	-9999.9	2.5	81
2025 02 14 15	0.26	0.25	3.7	3.7	4.5	0.41	-9999.9	3	90	-9999.9	50	-9999.9	3	14.7	-9999.9	-9999.9	3	1018.1	-9999.9	1.8	75
2025 02 14 16	0.36	0.34	4.0	3.9	6.0	0.56	-9999.9	3	97	-9999.9	50	-9999.9	3	14.7	54.2	68	3	1017.8	-9999.9	1.8	101
2025 02 14 17	0.36	0.32	3.6	3.9	8.7	0.76	-9999.9	3	89	-9999.9	41	-9999.9	3	14.5	58.5	87	3	1017.7	-9999.9	1.9	109
2025 02 14 18	0.32	0.29	3.0	3.1	4.3	0.49	-9999.9	3	97	-9999.9	58	-9999.9	3	14.5	-9999.9	-9999.9	3	1017.6	-9999.9	1.8	126
2025 02 14 19	0.31	0.29	3.6	3.5	8.5	0.51	-9999.9	3	133	-9999.9	46	-9999.9	3	14.4	30.4	217	3	1017.7	-9999.9	2.2	97
2025 02 14 20	0.29	0.27	3.4	3.5	6.6	0.45	-9999.9	3	120	-9999.9	49	-9999.9	3	13.9	56.4	195	3	1018.0	-9999.9	2.6	354
2025 02 14 21	0.3	0.28	3.3	3.3	7.9	0.44	-9999.9	3	132	-9999.9	52	-9999.9	3	13.7	52.9	191	3	1017.8	-9999.9	3.7	347
2025 02 14 22	0.29	0.26	3.5	3.3	8.9	0.5	-9999.9	3	110	-9999.9	48	-9999.9	3	13.9	42.5	153	3	1017.6	-9999.9	4.2	357
2025 02 14 23	0.28	0.27	3.3	3.2	3.1	0.52	-9999.9	3	82	-9999.9	45	-9999.9	3	14.3	29.7	155	3	1017.4	-9999.9	4.7	348
2025 02 15 00	0.19	0.18	3.1	3.0	3.4	0.32	-9999.9	3	130	-9999.9	53	-9999.9	3	13.8	33.5	193	3	1017.4	-9999.9	4.1	346
2025 02 15 01	0.2	0.18	3.2	3.2	5.5	0.27	-9999.9	3	120	-9999.9	52	-9999.9	3	13.7	13.8	227	3	1017.0	-9999.9	4.4	337
2025 02 15 02	0.17	0.16	3.6	3.4	6.6	0.29	-9999.9	3	83	-9999.9	54	-9999.9	3	14.8	59.6	48	3	1016.4	-9999.9	4.5	346
2025 02 15 03	0.2	0.2	4.3	4.2	6.6	0.36	-9999.9	3	77	-9999.9	55	-9999.9	3	14.6	87.9	45	3	1016.0	-9999.9	4.3	348
2025 02 15 04	0.21	0.2	4.0	4.0	7.2	0.32	-9999.9	3	132	-9999.9	53	-9999.9	3	14.8	48.7	63	3	1015.5	-9999.9	5.1	346
2025 02 15 05	0.25	0.24	4.0	4.0	7.2	0.39	-9999.9	3	109	-9999.9	51	-9999.9	3	14.4	59.0	67	3	1015.5	-9999.9	4.7	350
2025 02 15 06	0.24	0.23	4.0	3.9	6.3	0.38	-9999.9	3	121	-9999.9	50	-9999.9	3	14.2	26.1	126	3	1015.4	-9999.9	4.9	345
2025 02 15 07	0.26	0.24	3.6	3.5	5.4	0.37	-9999.9	3	123	-9999.9	59	-9999.9	3	13.8	61.3	195	3	1015.4	-9999.9	5.4	347
2025 02 15 08	0.3	0.27	3.8	3.8	10.4	0.51	-9999.9	3	128	-9999.9	52	-9999.9	3	13.8	62.0	186	3	1015.5	-9999.9	5.4	350
2025 02 15 09	0.24	0.22	3.7	3.7	9.0	0.44	-9999.9	3	114	-9999.9	45	-9999.9	3	13.8	13.7	209	3	1015.8	-9999.9	4.8	352
2025 02 15 10	0.27	0.23	3.1	3.5	7.2	0.6	-9999.9	3	50	-9999.9	45	-9999.9	3	14.3	28.8	6	3	1015.4	-9999.9	4.7	349
2025 02 15 11	0.3	0.29	3.9	3.9	9.4	0.52	-9999.9	3	85	-9999.9	51	-9999.9	3	14.2	9.6	134	3	1015.2	-9999.9	4.4	22
2025 02 15 12	0.31	0.29	3.6	3.6	4.2	0.46	-9999.9	3	112	-9999.9	47	-9999.9	3	14.9	35.5	66	3	1014.7	-9999.9	4.3	55
2025 02 15 13	0.3	0.28	3.3	3.3	5.9	0.59	-9999.9	3	96	-9999.9	48	-9999.9	3	14.9	34.5	65	3	1013.9	-9999.9	4.2	51
2025 02 15 14	0.31	0.29	4.7	4.7	11.1	0.5	-9999.9	3	104	-9999.9	45	-9999.9	3	15.0	62.8	38	3	1013.2	-9999.9	4.3	47
2025 02 15 15	0.25	0.24	3.3	3.1	3.8	0.44	-9999.9	3	111	-9999.9	55	-9999.9	3	14.6	54.5	40	3	1012.8	-9999.9	4.3	58
2025 02 15 16	0.32	0.3	3.7	3.7	5.5	0.48	-9999.9	3	108	-9999.9	52	-9999.9	3	14.8	55.5	61	3	1012.6	-9999.9	4.3	60
2025 02 15 17	0.37	0.34	3.6	3.7	9.0	0.72	-9999.9	3	127	-9999.9	44	-9999.9	3	14.6	66.5	85	3	1012.5	-9999.9	3.5	57
2025 02 15 18	0.35	0.31	3.4	3.4	9.0	0.56	-9999.9	3	134	-9999.9	48	-9999.9	3	14.3	26.6	188	3	1012.6	-9999.9	3.0	61
2025 02 15 19	0.37	0.33	3.7	3.8	9.1	0.62	-9999.9	3	136	-9999.9	48	-9999.9	3	14.1	52.5	200	3	1012.6	-9999.9	3.7	50
2025 02 15 20	0.29	0.28	3.2	3.3	6.0	0.5	-9999.9	3	138	-9999.9	52	-9999.9	3	14.2	45.9	222	3	1012.6	-9999.9	3.6	3
2025 02 15 21	0.32	0.29	3.3	3.4	5.5	0.53	-9999.9	3	135	-9999.9	43	-9999.9	3	14.1	43.3	210	3	1012.4	-9999.9	3.5	2
2025 02 15 22	0.31	0.29	3.2	3.2	5.0	0.51	-9999.9	3	124	-9999.9	54	-9999.9	3	13.9	41.0	201	3	1012.2	-9999.9	4.4	6
2025 02 15 23	0.24	0.23	3.2	3.2	3.8	0.38	-9999.9	3	135	-9999.9	51	-9999.9	3	13.8	30.7	179	3	1012.4	-9999.9	4.2	346
2025 02 16 00	0.24	0.24	3.3	3.3	3.8	0.42	-9999.9	3	101	-9999.9	52	-9999.9	3	14.3	24.7	141	3	1012.9	-9999.9	2.3	348
2025 02 16 01	0.26	0.25	2.9	2.9	3.1	0.43	-9999.9	3	121	-9999.9	55	-9999.9	3	14.9	34.9	71	3	1012.5	-9999.9	3.6	360
2025 02 16 02	0.2	0.19	3.1	3.1	3.4	0.33	-9999.9	3	112	-9999.9	56	-9999.9	3	14.9	52.4	49	3	1012.5	-9999.9	3.3	342
2025 02 16 03	0.17	0.16	3.7	3.7	4.6	0.3	-9999.9	3	75	-9999.9	58	-9999.9	3	14.6	65.3	37	3	1012.9	-9999.9	2.0	335
2025 02 16 04	0.24	0.22	4.1	4.1	5.2	0.38	-9999.9	3	120	-9999.9	52	-9999.9	3	14.9	60.6	71	3	1012.7	-9999.9	2.9	0
2025 02 16 05	0.21	0.2	4.1	4.1	8.4	0.31	-9999.9	3	140	-9999.9	49	-9999.9	3	14.5	55.8	85	3	1012.8	-9999.9	4.3	353
2025 02 16 06	0.24	0.23	3.8	3.6	6.5	0.41	-9999.9	3	138	-9999.9	50	-9999.9	3	14.4	12.2	111	3	1013.6	-9999.9	4.0	358
2025 02 16 07	0.29	0.27	4.1	4.0	8.2	0.45	-9999.9	3	163	-9999.9	46	-9999.9	3	13.8	52.2	174	3	1014.6	-9999.9	4.9	260
2025 02 16 08	0.45	0.39	2.9	2.9	10.1	0.62	-9999.9	3	190	-9999.9	51	-9999.9	3	13.9	9.8	159	3	1015.3	-9999.9	9.1	252
2025 02 16 09	0.36	0.34	2.4	2.4	2.3	0.57	-9999.9	3	251	-9999.9	53	-9999.9	3	13.8	3.2	270	3	1015.8	-9999.9	8.5	241
2025 02 16 10	0.31	0.29	2.4	2.4	2.2	0.49	-9999.9	3	203	-9999.9	66	-9999.9	3	14.3	-9999.9	-9999.9	3	1016.6	-9999.9	10.0	258
2025 02 16 11	0.53	0.48	2.4	2.4	2.7	0.74	-9999.9	3	210	-9999.9	53	-9999.9	3	13.9	36.4	49	3	1016.6	-9999.9	11.4	254
2025 02 16 12	0.41	0.37	2.7	2.7	7.7	0.68	-9999.9	3	175	-9999.9	58	-9999.9	3	14.6	53.8	70	3	1016.7	-9999.9	8.8	260
2025 02 16 13	0.52	0.47	2.5	2.6	2.3	0.72	-9999.9	3	196	-9999.9	56	-9999.9	3	14.8	42.3	55	3	1016.2	-9999.9	8.7	254
2025 02 16 14	0.41	0.37	2.5	2.5	2.1	0.6	-9999.9	3	192	-9999.9	61	-9999.9	3	14.8	47.7	42	3	1015.7	-9999.9	8.2	265
2025 02 16 15	0.27	0.26	3.8	3.6	7.0	0.46	-9999.9	3	104	-9999.9	65	-9999.9	3	14.8	83.5	33	3	1015.5	-9999.9	8.5	252
2025 02 16 16	0.51	0.48	3.6	3.5	5.1	0.76	-9999.9	3	171	-9999.9	56	-9999.9	3	14.6	40.9	79	3	1015.7	-9999.9	7.1	270
2025 02 16 17	0.46	0.43	4.1	4.0	6.7	0.71	-9999.9	3	186	-9999.9	49	-9999.9	3	14.6	65.2	65	3	1016.2	-9999.9	6.5	269
2025 02 16 18	0.43	0.41	4.3	4.2	6.6	0.62	-9999.9	3	181	-9999.9	53	-9999.9	3	14.5	60.6	80	3	1016.8	-9999.9	5.5	284
2025 02 16 19	0.46	0.43	4.8	4.7	8.5	0.77	-9999.9	3	179	-9999.9	51	-9999.9	3	14.5	14.7	80	3	1017.1	-9999.9	5.0	279
2025 02 16 20	0.55	0.51	4.3	4.4	7.8	1.01	-9999.9	3	199	-9999.9	40	-9999.9	3	14.1	37.4	221	3	1017.3	-9999.9	5.3	284
2025 02 16 21	0.51	0.47	4.4	4.2	8.5	0.73	-9999.9	3	190	-9999.9	50	-9999.9	3	13.7	53.8	204	3	1017.7	-9999.9	2.9	292
2025 02 16 22	0.43	0.39	3.5	3.5	9.7	0.66	-9999.9	3	177	-9999.9	55	-9999.9	3	13.7	42.2	209	3	1018.0	-9999.9	2.5	328
2025 02 16 23	0.36	0.32	3.2	3.3	9.9	0.56	-9999.9	3	140	-9999.9	59	-9999.9	3	13.6	7.6	222	3	1018.0	-9999.9	0.6	90
2025 02 17 00	0.38	0.35	4.4	4.2	9.0	0.61	-9999.9	3	115	-9999.9	50	-9999.9	3	14.0	23.0	40	3	1017.6	-9999.9	0.7	65
2025 02 17 01	0.41	0.36	3.3	3.2	9.1	0.59	-9999.9	3	144	-9999.9	58	-9999.9	3	14.1	9.3	49	3	1017.1	-9999.9	2.9	262
2025 02 17 02	0.42	0.37	3.2	3.1	9.3	0.73	-9999.9	3	148	-9999.9	56	-9999.9	3	14.0	16.5	26	3	1017.0	-9999.9	2.1	317
2025 02 17 03	0.42	0.36	3.5	3.4	8.2	0.73	-9999.9	3	150	-9999.9	60	-9999.9	3	14.2	24.8	47	3	1016.5	-9999.9	1.4	57
2025 02 17 04	0.38	0.35	4.2	4.1	8.8	0.63	-9999.9	3	173	-9999.9	57	-9999.9	3	-9999.9	-9999.9	-9999.9	3	-9999.9	-9999.9	-9999.9	-9999.9
2025 02 17 05	0.4	0.37	4.2	4.0	9.0	0.59	-9999.9	3	157	-9999.9	56	-9999.9	3	14.4	61.4	63	3	1016.0	-9999.9	1.0	43
2025 02 17 06	0.42	0.39	4.4	4.4	9.0	0.7	-9999.9	3	155	-9999.9	55	-9999.9	3	14.1	38.9	72	3	1016.2	-9999.9	2.3	284
2025 02 17 07	0.46	0.43	4.6	4.6	9.2	0.71	-9999.9	3	158	-9999.9	55	-9999.9	3	14.0	33.5	91	3	1016.5	-9999.9	2.5	273
2025 02 17 08	0.57	0.54	4.2	4.2	9.0	0.89	-9999.9	3	173	-9999.9	46	-9999.9	3	13.6	40.5	188	3	1016.7	-9999.9	4.8	248
2025 02 17 09	0.51	0.46	3.7	3.6	7.2	0.81	-9999.9	3	174	-9999.9	53	-9999.9	3	13.7	44.2	189	3	1017.0	-9999.9	7.1	236
2025 02 17 10	0.46	0.41	2.7	2.7	3.7	0.77	-9999.9	3	197	-9999.9	53	-9999.9	3	13.7	15.5	143	3	1017.1	-9999.9	7.4	247
2025 02 17 11	0.36	0.31	3.5	3.5	8.3	0.55	-9999.9	3	66	-9999.9	55	-9999.9	3	14.2	61.5	22	3	1017.0	-9999.9	8.0	227
2025 02 17 12	0.32	0.29	3.3	3.4	8.1	0.58	-9999.9	3	94	-9999.9	55	-9999.9	3	14.0	36.0	40	3	1016.2	-9999.9	7.2	231
2025 02 17 13	0.44	0.39	2.9	2.9	8.7	0.59	-9999.9	3	123	-9999.9	53	-9999.9	3	14.8	65.9	55	3	1015.5	-9999.9	7.0	228
2025 02 17 14	0.43	0.37	2.9	2.9	9.2	0.69	-9999.9	3	132	-9999.9	50	-9999.9	3	14.8	33.0	45	3	1014.7	-9999.9	6.5	228
2025 02 17 15	0.29	0.26	3.1	3.0	8.6	0.66	-9999.9	3	89	-9999.9	56	-9999.9	3	14.8	53.1	37	3	1014.3	-9999.9	6.0	225
2025 02 17 16	0.32	0.31	5.2	5.1	8.6	0.51	-9999.9	3	90	-9999.9	53	-9999.9	3	14.5	58.4	39	3	1014.0	-9999.9	4.9	229
2025 02 17 17	0.35	0.33	5.4	5.4	8.5	0.65	-9999.9	3	123	-9999.9	56	-9999.9	3	14.5	51.5	57	3	1013.5	-9999.9	4.0	213
2025 02 17 18	0.34	0.32	4.2	4.1	6.9	0.64	-9999.9	3	139	-9999.9	60	-9999.9	3	14.6	40.5	89	3	1013.8	-9999.9	2.8	192
2025 02 17 19	0.4	0.38	5.0	5.0	6.3	0.88	-9999.9	3	129	-9999.9	55	-9999.9	3	14.5	52.7	71	3	1014.0	-9999.9	0.8	257
2025 02 17 20	0.37	0.35	4.4	4.4	6.4	0.58	-9999.9	3	124	-9999.9	56	-9999.9	3	14.1	14.4	137	3	1014.2	-9999.9	1.0	193
2025 02 17 21	0.39	0.36	4.2	4.3	8.0	0.57	-9999.9	3	148	-9999.9	51	-9999.9	3	13.6	56.7	190	3	1014.4	-9999.9	1.2	30
2025 02 17 22	0.4	0.37	3.5	3.4	7.1	0.68	-9999.9	3	147	-9999.9	59	-9999.9	3	13.6	48.4	205	3	1014.5	-9999.9	2.7	4
2025 02 17 23	0.24	0.22	3.5	3.5	6.9	0.34	-9999.9	3	120	-9999.9	59	-9999.9	3	13.8	18.4	177	3	1014.3	-9999.9	3.0	342
2025 02 18 00	0.23	0.22	4.0	3.9	5.8	0.35	-9999.9	3	106	-9999.9	52	-9999.9	3	14.2	27.3	26	3	1013.9	-9999.9	3.4	341
2025 02 18 01	0.25	0.23	3.7	3.8	7.2	0.38	-9999.9	3	108	-9999.9	55	-9999.9	3	14.0	1.9	9	3	1013.2	-9999.9	4.2	348
2025 02 18 02	0.24	0.22	3.8	4.0	7.5	0.34	-9999.9	3	121	-9999.9	52	-9999.9	3	14.0	9.3	332	3	1012.8	-9999.9	4.2	358
2025 02 18 03	0.24	0.22	4.0	3.9	7.2	0.44	-9999.9	3	124	-9999.9	53	-9999.9	3	14.0	12.9	31	3	1012.4	-9999.9	4.1	351
2025 02 18 04	0.2	0.18	4.0	3.9	7.6	0.3	-9999.9	3	105	-9999.9	52	-9999.9	3	14.4	44.1	54	3	1012.1	-9999.9	4.0	343
2025 02 18 05	0.27	0.25	4.3	4.2	7.5	0.41	-9999.9	3	132	-9999.9	55	-9999.9	3	14.4	47.7	60	3	1011.9	-9999.9	3.8	351
2025 02 18 06	0.29	0.28	4.7	4.6	6.0	0.5	-9999.9	3	130	-9999.9	53	-9999.9	3	14.4	45.8	72	3	1012.1	-9999.9	3.2	4
2025 02 18 07	0.29	0.26	3.5	3.4	7.4	0.45	-9999.9	3	117	-9999.9	52	-9999.9	3	14.3	31.3	76	3	1012.6	-9999.9	2.7	4
2025 02 18 08	0.34	0.31	4.0	4.1	8.6	0.62	-9999.9	3	116	-9999.9	56	-9999.9	3	14.1	21.1	125	3	1012.9	-9999.9	2.8	0
2025 02 18 09	0.36	0.33	4.0	4.0	10.2	0.62	-9999.9	3	148	-9999.9	52	-9999.9	3	13.7	50.9	189	3	1013.4	-9999.9	3.4	47
2025 02 18 10	0.35	0.32	3.2	3.3	5.3	0.55	-9999.9	3	146	-9999.9	53	-9999.9	3	13.7	38.8	182	3	1013.5	-9999.9	4.3	72
2025 02 18 11	0.4	0.37	3.3	3.4	8.5	0.61	-9999.9	3	87	-9999.9	45	-9999.9	3	13.9	18.6	63	3	1013.5	-9999.9	5.1	63
2025 02 18 12	0.39	0.36	3.5	3.5	7.5	0.61	-9999.9	3	64	-9999.9	46	-9999.9	3	14.7	-9999.9	-9999.9	3	1012.9	-9999.9	6.3	69
2025 02 18 13	0.42	0.4	3.4	3.5	4.5	0.8	-9999.9	3	87	-9999.9	48	-9999.9	3	14.9	30.1	62	3	1012.2	-9999.9	5.3	72
2025 02 18 14	0.41	0.39	3.4	3.6	6.8	0.67	-9999.9	3	109	-9999.9	43	-9999.9	3	15.1	42.9	57	3	1012.2	-9999.9	3.6	63
2025 02 18 15	0.36	0.33	3.2	3.2	4.2	0.61	-9999.9	3	99	-9999.9	44	-9999.9	3	15.0	26.1	53	3	1012.3	-9999.9	4.1	80
2025 02 18 16	0.34	0.32	3.7	3.6	5.5	0.71	-9999.9	3	87	-9999.9	49	-9999.9	3	14.9	51.1	45	3	1012.3	-9999.9	4.3	80
2025 02 18 17	0.36	0.34	3.7	3.8	8.2	0.53	-9999.9	3	102	-9999.9	47	-9999.9	3	15.1	45.2	41	3	1012.4	-9999.9	4.9	69
2025 02 18 18	0.42	0.39	3.8	3.9	7.1	0.87	-9999.9	3	103	-9999.9	49	-9999.9	3	14.9	29.0	91	3	1013.3	-9999.9	4.0	83
2025 02 18 19	0.47	0.44	4.4	4.5	6.7	0.77	-9999.9	3	98	-9999.9	46	-9999.9	3	-9999.9	-9999.9	-9999.9	3	-9999.9	-9999.9	-9999.9	-9999.9
2025 02 18 20	-9999.9	-9999.9	-9999.9	-9999.9	-9999.9	-9999.9	-9999.9	3	-9999.9	-9999.9	-9999.9	-9999.9	3	-9999.9	-9999.9	-9999.9	3	1014.5	-9999.9	2.5	85
2025 02 18 21	0.85	0.83	5.3	5.1	6.5	1.34	-9999.9	3	119	-9999.9	35	-9999.9	3	14.4	8.9	180	3	1014.9	-9999.9	2.6	41
2025 02 18 22	0.87	0.83	4.8	4.6	6.3	1.44	-9999.9	3	109	-9999.9	39	-9999.9	3	14.0	26.7	162	3	1015.4	-9999.9	1.1	335
2025 02 18 23	0.8	0.77	4.4	4.4	6.4	1.13	-9999.9	3	102	-9999.9	41	-9999.9	3	14.0	19.5	144	3	1015.8	-9999.9	1.9	69
2025 02 19 00	0.74	0.73	5.2	5.2	6.5	1.23	-9999.9	3	99	-9999.9	36	-9999.9	3	14.5	26.5	22	3	1016.1	-9999.9	1.0	83
2025 02 19 01	0.81	0.78	5.2	5.0	6.3	1.18	-9999.9	3	110	-9999.9	48	-9999.9	3	14.8	32.2	50	3	1016.0	-9999.9	1.8	274
2025 02 19 02	0.77	0.73	5.0	5.1	6.5	1.39	-9999.9	3	103	-9999.9	37	-9999.9	3	14.8	20.9	58	3	1016.0	-9999.9	1.3	311
2025 02 19 03	0.78	0.75	5.3	5.2	6.8	1.29	-9999.9	3	107	-9999.9	38	-9999.9	3	14.9	24.6	63	3	1016.0	-9999.9	1.8	336
2025 02 19 04	0.74	0.72	5.5	5.6	7.0	1.21	-9999.9	3	97	-9999.9	40	-9999.9	3	14.8	37.5	55	3	1016.4	-9999.9	3.3	353
2025 02 19 05	0.74	0.72	5.2	5.3	6.6	1.17	-9999.9	3	91	-9999.9	41	-9999.9	3	14.7	48.8	51	3	1017.0	-9999.9	3.4	350
2025 02 19 06	0.81	0.79	5.5	5.5	6.9	1.33	-9999.9	3	116	-9999.9	49	-9999.9	3	14.7	34.1	91	3	1017.6	-9999.9	4.1	328
2025 02 19 07	0.77	0.74	5.1	5.2	6.4	1.2	-9999.9	3	106	-9999.9	48	-9999.9	3	14.5	19.0	90	3	1018.1	-9999.9	1.6	287
2025 02 19 08	0.82	0.78	5.2	5.4	6.5	1.66	-9999.9	3	104	-9999.9	44	-9999.9	3	14.3	4.2	180	3	1019.3	-9999.9	4.5	344
2025 02 19 09	0.79	0.76	5.1	5.2	6.2	1.34	-9999.9	3	131	-9999.9	48	-9999.9	3	14.1	9.5	190	3	1019.7	-9999.9	1.7	14
2025 02 19 10	0.69	0.67	4.5	4.5	6.2	1.08	-9999.9	3	158	-9999.9	53	-9999.9	3	14.1	36.0	199	3	1020.0	-9999.9	1.1	78
2025 02 19 11	0.82	0.79	4.7	4.7	6.4	1.33	-9999.9	3	161	-9999.9	54	-9999.9	3	14.3	36.4	178	3	1020.6	-9999.9	1.0	150
2025 02 19 12	0.57	0.54	4.2	4.2	5.8	1.01	-9999.9	3	109	-9999.9	43	-9999.9	3	14.1	22.0	166	3	1020.9	-9999.9	1.7	74
2025 02 19 13	0.61	0.6	5.0	4.9	5.7	1.07	-9999.9	3	89	-9999.9	42	-9999.9	3	15.0	59.1	38	3	1020.4	-9999.9	0.9	249
2025 02 19 14	0.58	0.55	4.4	4.5	6.0	0.87	-9999.9	3	108	-9999.9	48	-9999.9	3	15.4	38.6	37	3	1020.2	-9999.9	1.2	86
2025 02 19 15	0.6	0.57	4.6	4.7	5.8	1.04	-9999.9	3	103	-9999.9	43	-9999.9	3	15.4	39.0	59	3	1020.1	-9999.9	3.2	128
2025 02 19 16	0.64	0.6	4.4	4.3	5.7	1.0	-9999.9	3	102	-9999.9	41	-9999.9	3	15.4	46.2	52	3	1020.6	-9999.9	4.3	140
2025 02 19 17	0.55	0.51	4.1	4.2	7.6	0.85	-9999.9	3	100	-9999.9	47	-9999.9	3	15.1	41.9	48	3	1021.3	-9999.9	3.1	139
2025 02 19 18	0.6	0.57	4.5	4.4	5.8	0.85	-9999.9	3	131	-9999.9	46	-9999.9	3	14.5	34.8	84	3	1022.1	-9999.9	0.9	178
2025 02 19 19	0.61	0.58	4.2	4.2	5.9	0.93	-9999.9	3	121	-9999.9	47	-9999.9	3	14.8	45.9	86	3	1022.9	-9999.9	2.1	213
2025 02 19 20	0.56	0.53	4.4	4.4	6.3	0.95	-9999.9	3	121	-9999.9	51	-9999.9	3	14.6	16.6	119	3	1023.5	-9999.9	2.2	245
2025 02 19 21	0.58	0.55	5.1	4.8	7.9	0.83	-9999.9	3	168	-9999.9	47	-9999.9	3	14.0	56.8	186	3	1024.2	-9999.9	3.1	349
2025 02 19 22	0.62	0.58	4.9	4.7	6.6	0.94	-9999.9	3	174	-9999.9	54	-9999.9	3	13.9	54.0	192	3	1024.5	-9999.9	3.2	356
2025 02 19 23	0.53	0.51	4.7	4.6	6.5	0.74	-9999.9	3	176	-9999.9	53	-9999.9	3	13.9	47.1	195	3	1024.8	-9999.9	2.6	4
2025 02 20 00	0.44	0.41	4.0	4.0	5.7	0.63	-9999.9	3	125	-9999.9	55	-9999.9	3	14.0	27.9	158	3	1024.8	-9999.9	2.2	7
2025 02 20 01	0.36	0.33	4.0	4.2	5.6	0.57	-9999.9	3	127	-9999.9	47	-9999.9	3	14.2	8.3	95	3	1024.6	-9999.9	3.3	24
2025 02 20 02	0.41	0.38	4.8	4.7	5.9	0.63	-9999.9	3	116	-9999.9	46	-9999.9	3	14.7	40.3	34	3	1024.8	-9999.9	3.8	358
2025 02 20 03	0.36	0.34	4.6	4.4	5.7	0.63	-9999.9	3	100	-9999.9	48	-9999.9	3	15.1	43.8	57	3	1024.6	-9999.9	4.1	4
2025 02 20 04	0.38	0.36	4.7	4.7	6.2	0.53	-9999.9	3	116	-9999.9	46	-9999.9	3	15.0	47.2	61	3	1024.6	-9999.9	4.1	3
2025 02 20 05	0.42	0.39	4.8	4.9	6.2	0.68	-9999.9	3	112	-9999.9	44	-9999.9	3	14.9	54.0	52	3	1024.8	-9999.9	2.3	4
2025 02 20 06	0.48	0.45	5.0	5.0	6.0	0.75	-9999.9	3	115	-9999.9	44	-9999.9	3	14.7	38.0	68	3	1025.1	-9999.9	2.7	5
2025 02 20 07	0.41	0.38	4.5	4.5	6.2	0.7	-9999.9	3	137	-9999.9	51	-9999.9	3	-9999.9	-9999.9	-9999.9	3	-9999.9	-9999.9	-9999.9	-9999.9
2025 02 20 08	0.44	0.43	4.9	4.9	8.6	0.83	-9999.9	3	132	-9999.9	53	-9999.9	3	-9999.9	-9999.9	-9999.9	3	-9999.9	-9999.9	-9999.9	-9999.9
2025 02 20 09	0.49	0.47	5.0	4.9	7.1	0.74	-9999.9	3	160	-9999.9	55	-9999.9	3	-9999.9	-9999.9	-9999.9	3	-9999.9	-9999.9	-9999.9	-9999.9
2025 02 20 10	0.52	0.49	4.7	4.7	6.5	0.82	-9999.9	3	184	-9999.9	54	-9999.9	3	-9999.9	-9999.9	-9999.9	3	-9999.9	-9999.9	-9999.9	-9999.9
2025 02 20 11	0.55	0.53	4.7	4.5	7.2	0.81	-9999.9	3	132	-9999.9	56	-9999.9	3	-9999.9	-9999.9	-9999.9	3	-9999.9	-9999.9	-9999.9	-9999.9
2025 02 20 12	0.5	0.48	4.3	4.2	7.1	0.74	-9999.9	3	149	-9999.9	52	-9999.9	3	-9999.9	-9999.9	-9999.9	3	-9999.9	-9999.9	-9999.9	-9999.9
2025 02 20 13	0.41	0.38	3.9	3.9	6.0	0.68	-9999.9	3	129	-9999.9	52	-9999.9	3	-9999.9	-9999.9	-9999.9	3	-9999.9	-9999.9	-9999.9	-9999.9
2025 02 20 14	0.44	0.41	4.4	4.2	8.0	0.69	-9999.9	3	107	-9999.9	44	-9999.9	3	-9999.9	-9999.9	-9999.9	3	-9999.9	-9999.9	-9999.9	-9999.9
2025 02 20 15	0.43	0.4	3.6	3.5	5.5	0.7	-9999.9	3	93	-9999.9	48	-9999.9	3	14.9	27.3	26	3	1026.5	-9999.9	3.6	83
2025 02 20 16	0.42	0.39	3.8	3.9	5.4	0.64	-9999.9	3	102	-9999.9	46	-9999.9	3	15.4	44.4	54	3	1026.4	-9999.9	3.4	57
2025 02 20 17	0.46	0.42	3.9	3.9	8.5	0.71	-9999.9	3	104	-9999.9	46	-9999.9	3	15.1	39.9	58	3	1026.3	-9999.9	3.4	76
2025 02 20 18	0.47	0.43	3.6	3.7	4.8	0.69	-9999.9	3	88	-9999.9	52	-9999.9	3	15.1	32.3	58	3	1026.3	-9999.9	3.8	90
2025 02 20 19	0.46	0.42	3.7	3.7	7.2	0.74	-9999.9	3	111	-9999.9	48	-9999.9	3	14.7	35.3	84	3	1026.8	-9999.9	3.6	84
2025 02 20 20	0.48	0.45	3.9	3.8	4.2	0.72	-9999.9	3	81	-9999.9	52	-9999.9	3	15.0	44.9	68	3	1027.0	-9999.9	3.5	54
2025 02 20 21	0.47	0.42	3.6	3.7	4.4	0.86	-9999.9	3	98	-9999.9	46	-9999.9	3	14.9	37.9	69	3	1027.3	-9999.9	4.0	47
2025 02 20 22	0.51	0.47	3.8	3.7	4.6	0.85	-9999.9	3	96	-9999.9	47	-9999.9	3	14.6	12.2	101	3	1027.0	-9999.9	4.9	77
2025 02 20 23	0.33	0.31	3.3	3.3	4.1	0.63	-9999.9	3	123	-9999.9	47	-9999.9	3	14.1	27.6	220	3	1026.6	-9999.9	5.3	70
2025 02 21 00	0.37	0.34	2.8	2.9	3.5	0.72	-9999.9	3	123	-9999.9	52	-9999.9	3	14.2	27.0	157	3	1026.3	-9999.9	5.5	71
2025 02 21 01	0.45	0.42	3.6	3.6	4.4	0.7	-9999.9	3	85	-9999.9	42	-9999.9	3	15.5	56.6	32	3	1025.8	-9999.9	5.5	70
2025 02 21 02	0.54	0.51	3.5	3.5	4.4	0.8	-9999.9	3	73	-9999.9	41	-9999.9	3	15.1	57.3	42	3	1025.7	-9999.9	5.6	64
2025 02 21 03	0.52	0.5	3.4	3.5	4.4	0.85	-9999.9	3	89	-9999.9	40	-9999.9	3	15.3	29.2	61	3	1024.9	-9999.9	6.0	64
2025 02 21 04	0.6	0.57	3.5	3.4	4.5	0.92	-9999.9	3	88	-9999.9	38	-9999.9	3	15.3	41.8	57	3	1024.4	-9999.9	6.7	83
2025 02 21 05	0.6	0.58	3.4	3.4	4.5	0.89	-9999.9	3	92	-9999.9	41	-9999.9	3	15.2	42.9	50	3	1024.4	-9999.9	6.8	93
2025 02 21 06	0.67	0.64	3.5	3.6	4.5	1.1	-9999.9	3	93	-9999.9	39	-9999.9	3	15.2	38.2	50	3	1024.3	-9999.9	7.2	93
2025 02 21 07	0.64	0.61	3.6	3.4	4.5	0.92	-9999.9	3	105	-9999.9	43	-9999.9	3	15.1	24.8	61	3	1024.7	-9999.9	6.7	100
2025 02 21 08	0.78	0.75	3.8	3.7	4.6	1.43	-9999.9	3	106	-9999.9	40	-9999.9	3	15.3	40.3	73	3	1025.0	-9999.9	6.9	76
2025 02 21 09	0.8	0.75	3.4	3.6	4.5	1.22	-9999.9	3	104	-9999.9	43	-9999.9	3	15.3	26.1	103	3	1024.8	-9999.9	7.6	82
2025 02 21 10	0.77	0.73	3.4	3.4	4.6	1.18	-9999.9	3	107	-9999.9	45	-9999.9	3	15.1	21.4	169	3	1025.2	-9999.9	6.6	91
2025 02 21 11	0.77	0.73	3.6	3.6	4.4	1.24	-9999.9	3	115	-9999.9	45	-9999.9	3	14.1	50.0	197	3	1025.5	-9999.9	5.8	78
2025 02 21 12	0.66	0.62	3.7	3.6	4.6	0.95	-9999.9	3	118	-9999.9	44	-9999.9	3	14.2	49.2	197	3	1024.8	-9999.9	6.6	90
2025 02 21 13	0.74	0.7	3.5	3.5	4.5	1.23	-9999.9	3	115	-9999.9	40	-9999.9	3	14.3	51.9	188	3	1024.3	-9999.9	5.1	78
2025 02 21 14	0.75	0.71	3.5	3.5	4.6	1.16	-9999.9	3	103	-9999.9	47	-9999.9	3	14.7	20.1	247	3	1023.2	-9999.9	5.1	91
2025 02 21 15	0.72	0.69	3.7	3.6	4.8	1.44	-9999.9	3	91	-9999.9	40	-9999.9	3	15.1	14.9	338	3	1022.6	-9999.9	5.0	72
2025 02 21 16	0.82	0.8	4.3	4.1	5.2	1.49	-9999.9	3	93	-9999.9	40	-9999.9	3	15.7	63.4	36	3	1022.0	-9999.9	5.1	96
2025 02 21 17	0.73	0.71	4.1	4.0	5.6	1.01	-9999.9	3	100	-9999.9	41	-9999.9	3	15.7	35.0	64	3	1022.0	-9999.9	4.3	100
2025 02 21 18	0.71	0.67	4.0	3.9	5.5	1.14	-9999.9	3	91	-9999.9	41	-9999.9	3	15.7	46.4	76	3	1022.4	-9999.9	3.5	99
2025 02 21 19	0.62	0.59	4.0	3.9	5.3	0.94	-9999.9	3	88	-9999.9	44	-9999.9	3	15.6	44.5	68	3	1022.6	-9999.9	3.7	98
2025 02 21 20	0.63	0.6	4.3	4.2	5.5	1.02	-9999.9	3	86	-9999.9	42	-9999.9	3	15.5	49.1	56	3	1023.3	-9999.9	3.0	118
2025 02 21 21	0.59	0.57	4.2	4.1	5.8	0.95	-9999.9	3	95	-9999.9	42	-9999.9	3	15.4	25.3	58	3	1023.7	-9999.9	3.0	122
2025 02 21 22	0.63	0.6	4.5	4.3	5.5	0.97	-9999.9	3	96	-9999.9	42	-9999.9	3	15.4	39.1	64	3	1023.3	-9999.9	3.9	135
2025 02 21 23	0.59	0.56	4.0	3.9	5.7	1.04	-9999.9	3	100	-9999.9	45	-9999.9	3	15.3	34.6	55	3	1023.2	-9999.9	4.5	144
2025 02 22 00	0.61	0.59	4.2	4.2	5.6	1.14	-9999.9	3	92	-9999.9	43	-9999.9	3	15.4	38.1	61	3	1022.9	-9999.9	2.5	174
2025 02 22 01	0.57	0.54	4.1	4.2	5.3	0.92	-9999.9	3	88	-9999.9	43	-9999.9	3	15.3	46.4	56	3	1022.6	-9999.9	1.4	273
2025 02 22 02	0.48	0.46	4.6	4.6	5.4	0.78	-9999.9	3	79	-9999.9	45	-9999.9	3	15.6	66.5	45	3	1022.3	-9999.9	4.7	254
2025 02 22 03	0.47	0.46	4.5	4.4	5.2	0.69	-9999.9	3	85	-9999.9	40	-9999.9	3	15.6	45.9	47	3	1022.0	-9999.9	5.0	246
2025 02 22 04	0.48	0.44	3.1	3.1	5.3	0.66	-9999.9	3	128	-9999.9	48	-9999.9	3	15.4	33.5	63	3	1021.5	-9999.9	7.0	241
2025 02 22 05	0.5	0.47	3.5	3.4	5.3	0.81	-9999.9	3	122	-9999.9	49	-9999.9	3	15.4	50.6	62	3	1021.4	-9999.9	7.3	250
2025 02 22 06	0.51	0.46	2.9	2.9	5.0	0.73	-9999.9	3	160	-9999.9	52	-9999.9	3	15.5	51.2	53	3	1021.5	-9999.9	8.0	248
2025 02 22 07	0.56	0.51	3.2	3.2	5.3	0.85	-9999.9	3	148	-9999.9	50	-9999.9	3	15.3	45.5	57	3	1021.2	-9999.9	9.4	238
2025 02 22 08	0.61	0.57	3.4	3.4	5.3	0.91	-9999.9	3	148	-9999.9	49	-9999.9	3	15.3	49.5	69	3	1022.1	-9999.9	10.0	237
2025 02 22 09	0.62	0.58	3.3	3.3	4.4	0.94	-9999.9	3	162	-9999.9	54	-9999.9	3	15.2	33.8	91	3	1023.5	-9999.9	4.7	325
2025 02 22 10	0.53	0.49	3.6	3.5	4.9	0.81	-9999.9	3	147	-9999.9	59	-9999.9	3	15.3	29.2	79	3	1024.2	-9999.9	3.5	224
2025 02 22 11	0.51	0.48	3.6	3.6	6.8	0.94	-9999.9	3	113	-9999.9	54	-9999.9	3	15.2	7.9	122	3	1024.1	-9999.9	5.1	244
2025 02 22 12	0.53	0.48	2.9	2.9	4.0	0.83	-9999.9	3	198	-9999.9	49	-9999.9	3	14.8	3.0	242	3	1023.6	-9999.9	7.9	230
2025 02 22 13	0.63	0.6	3.2	3.1	3.2	1.08	-9999.9	3	196	-9999.9	52	-9999.9	3	14.6	14.4	170	3	1023.5	-9999.9	4.6	283
2025 02 22 14	0.57	0.53	3.0	2.9	3.0	0.9	-9999.9	3	193	-9999.9	47	-9999.9	3	14.9	13.7	186	3	1022.9	-9999.9	8.0	231
2025 02 22 15	0.59	0.54	2.8	2.8	2.8	1.01	-9999.9	3	199	-9999.9	55	-9999.9	3	15.0	12.4	180	3	1023.1	-9999.9	4.6	324
2025 02 22 16	0.49	0.46	2.6	2.6	2.4	0.71	-9999.9	3	160	-9999.9	65	-9999.9	3	15.2	9.7	60	3	1023.2	-9999.9	5.8	321
2025 02 22 17	0.45	0.41	2.8	2.9	3.7	0.78	-9999.9	3	166	-9999.9	64	-9999.9	3	15.4	35.4	41	3	1023.3	-9999.9	5.3	256
2025 02 22 18	0.4	0.37	2.8	2.7	3.1	0.58	-9999.9	3	180	-9999.9	60	-9999.9	3	15.4	25.9	42	3	1023.8	-9999.9	6.2	267
2025 02 22 19	0.41	0.37	3.3	3.4	7.9	0.68	-9999.9	3	165	-9999.9	61	-9999.9	3	-9999.9	-9999.9	-9999.9	3	-9999.9	-9999.9	-9999.9	-9999.9
2025 02 22 20	0.4	0.36	3.2	3.2	6.4	0.61	-9999.9	3	152	-9999.9	62	-9999.9	3	15.3	48.5	80	3	1025.4	-9999.9	7.9	306
2025 02 22 21	0.44	0.41	3.3	3.4	5.0	0.68	-9999.9	3	163	-9999.9	57	-9999.9	3	15.0	30.8	77	3	1026.3	-9999.9	5.6	314
2025 02 22 22	0.47	0.44	3.6	3.5	7.6	0.89	-9999.9	3	166	-9999.9	56	-9999.9	3	14.9	15.9	87	3	1026.9	-9999.9	3.8	332
2025 02 22 23	0.45	0.42	3.1	3.2	3.8	0.74	-9999.9	3	199	-9999.9	48	-9999.9	3	14.8	3.8	273	3	1026.8	-9999.9	2.2	266
2025 02 23 00	0.4	0.36	3.1	3.0	4.8	0.65	-9999.9	3	197	-9999.9	52	-9999.9	3	14.8	1.5	180	3	1026.8	-9999.9	3.4	320
2025 02 23 01	0.3	0.28	2.8	2.8	4.5	0.44	-9999.9	3	170	-9999.9	57	-9999.9	3	14.5	7.5	185	3	1026.9	-9999.9	2.5	261
2025 02 23 02	0.28	0.26	3.3	3.3	8.8	0.42	-9999.9	3	162	-9999.9	58	-9999.9	3	14.8	29.0	32	3	1026.9	-9999.9	2.9	288
2025 02 23 03	0.25	0.24	3.6	3.6	5.5	0.36	-9999.9	3	155	-9999.9	61	-9999.9	3	14.9	54.1	39	3	1026.6	-9999.9	4.8	283
2025 02 23 04	0.25	0.22	3.5	3.5	6.9	0.37	-9999.9	3	174	-9999.9	56	-9999.9	3	14.9	41.2	44	3	1026.8	-9999.9	3.1	346
2025 02 23 05	0.24	0.22	3.1	3.2	5.6	0.38	-9999.9	3	131	-9999.9	60	-9999.9	3	14.8	28.3	67	3	1026.8	-9999.9	5.2	325
2025 02 23 06	0.25	0.24	3.4	3.4	5.8	0.47	-9999.9	3	108	-9999.9	61	-9999.9	3	14.8	32.5	71	3	1027.1	-9999.9	3.0	260
2025 02 23 07	0.27	0.26	3.5	3.4	4.6	0.47	-9999.9	3	102	-9999.9	52	-9999.9	3	14.9	17.1	65	3	1027.6	-9999.9	3.1	295
2025 02 23 08	0.26	0.23	3.2	3.3	7.6	0.55	-9999.9	3	88	-9999.9	58	-9999.9	3	15.1	32.7	60	3	1028.4	-9999.9	3.2	350
2025 02 23 09	0.26	0.24	3.6	3.4	8.4	0.55	-9999.9	3	147	-9999.9	56	-9999.9	3	15.1	27.4	68	3	1028.9	-9999.9	1.5	22
2025 02 23 10	0.33	0.3	3.3	3.2	6.1	0.53	-9999.9	3	164	-9999.9	62	-9999.9	3	15.1	25.4	111	3	1029.4	-9999.9	5.4	236
2025 02 23 11	0.39	0.36	2.6	2.7	2.7	0.57	-9999.9	3	203	-9999.9	58	-9999.9	3	-9999.9	-9999.9	-9999.9	3	-9999.9	-9999.9	-9999.9	-9999.9
2025 02 23 12	0.39	0.36	2.7	2.7	2.4	0.56	-9999.9	3	191	-9999.9	52	-9999.9	3	-9999.9	-9999.9	-9999.9	3	-9999.9	-9999.9	-9999.9	-9999.9
2025 02 23 13	0.46	0.41	3.0	3.2	6.1	0.98	-9999.9	3	194	-9999.9	54	-9999.9	3	14.6	19.6	174	3	1027.9	-9999.9	5.5	223
2025 02 23 14	0.43	0.39	3.3	3.3	8.6	0.8	-9999.9	3	180	-9999.9	49	-9999.9	3	14.6	19.9	168	3	1027.5	-9999.9	5.5	228
2025 02 23 15	0.42	0.37	3.0	3.1	7.7	0.8	-9999.9	3	187	-9999.9	53	-9999.9	3	14.8	26.3	165	3	1027.6	-9999.9	3.7	219
2025 02 23 16	0.41	0.36	3.4	3.3	5.8	0.82	-9999.9	3	164	-9999.9	60	-9999.9	3	14.9	23.6	188	3	1027.8	-9999.9	2.3	194
2025 02 23 17	0.38	0.34	3.5	3.6	8.3	0.77	-9999.9	3	183	-9999.9	51	-9999.9	3	14.6	22.5	212	3	1028.4	-9999.9	2.4	228
2025 02 23 18	0.33	0.3	3.2	3.2	5.1	0.51	-9999.9	3	158	-9999.9	62	-9999.9	3	-9999.9	-9999.9	-9999.9	3	-9999.9	-9999.9	-9999.9	-9999.9
2025 02 23 19	0.32	0.3	4.0	3.8	7.4	0.53	-9999.9	3	119	-9999.9	51	-9999.9	3	14.7	21.7	8	3	1030.0	-9999.9	1.3	346
2025 02 23 20	0.29	0.26	3.7	3.9	7.6	0.56	-9999.9	3	89	-9999.9	58	-9999.9	3	15.2	26.6	43	3	1030.6	-9999.9	1.7	357
2025 02 23 21	0.33	0.3	4.1	4.2	7.1	0.63	-9999.9	3	123	-9999.9	51	-9999.9	3	15.1	33.4	58	3	1030.9	-9999.9	2.2	15
2025 02 23 22	0.37	0.33	4.7	4.5	9.9	0.82	-9999.9	3	139	-9999.9	51	-9999.9	3	15.0	24.5	76	3	1031.2	-9999.9	3.6	346
2025 02 23 23	0.31	0.29	4.0	4.1	6.7	0.52	-9999.9	3	163	-9999.9	54	-9999.9	3	15.0	40.2	72	3	1031.4	-9999.9	4.3	351
2025 02 24 00	0.36	0.33	4.2	4.3	8.7	0.57	-9999.9	3	144	-9999.9	51	-9999.9	3	14.9	43.4	58	3	1031.3	-9999.9	4.8	340
2025 02 24 01	0.27	0.25	4.1	4.3	7.0	0.41	-9999.9	3	166	-9999.9	52	-9999.9	3	14.6	11.3	112	3	1030.9	-9999.9	5.1	334
2025 02 24 02	0.26	0.24	4.1	3.9	6.1	0.4	-9999.9	3	145	-9999.9	53	-9999.9	3	14.5	18.5	201	3	1030.5	-9999.9	4.4	344
2025 02 24 03	0.24	0.23	4.0	3.8	4.6	0.41	-9999.9	3	163	-9999.9	50	-9999.9	3	14.3	29.7	200	3	1030.2	-9999.9	5.7	341
2025 02 24 04	0.22	0.21	3.4	3.3	4.8	0.33	-9999.9	3	122	-9999.9	51	-9999.9	3	14.3	13.4	167	3	1030.0	-9999.9	5.4	339
2025 02 24 05	0.19	0.18	3.4	3.4	4.2	0.27	-9999.9	3	85	-9999.9	48	-9999.9	3	14.8	41.9	34	3	1030.1	-9999.9	5.6	332
2025 02 24 06	0.27	0.26	3.4	3.4	4.1	0.4	-9999.9	3	72	-9999.9	47	-9999.9	3	14.8	34.1	33	3	1030.4	-9999.9	5.4	347
2025 02 24 07	0.3	0.28	3.7	3.7	6.7	0.5	-9999.9	3	80	-9999.9	50	-9999.9	3	14.7	13.3	53	3	1030.6	-9999.9	5.5	351
2025 02 24 08	0.36	0.33	3.8	3.9	8.6	0.67	-9999.9	3	109	-9999.9	41	-9999.9	3	14.8	21.2	79	3	1030.9	-9999.9	4.8	347
2025 02 24 09	0.44	0.4	4.0	4.1	7.6	0.86	-9999.9	3	97	-9999.9	42	-9999.9	3	14.8	9.9	72	3	1031.4	-9999.9	4.5	359
2025 02 24 10	0.47	0.44	3.8	3.8	5.5	0.78	-9999.9	3	95	-9999.9	45	-9999.9	3	14.9	22.8	59	3	1031.6	-9999.9	4.0	23
2025 02 24 11	0.53	0.49	3.9	3.9	7.4	0.94	-9999.9	3	109	-9999.9	46	-9999.9	3	15.1	19.4	115	3	1031.4	-9999.9	4.6	60
2025 02 24 12	0.56	0.52	3.6	3.7	6.8	0.9	-9999.9	3	109	-9999.9	43	-9999.9	3	15.2	19.9	132	3	1031.2	-9999.9	4.6	64
2025 02 24 13	0.55	0.52	4.2	4.1	6.5	0.8	-9999.9	3	112	-9999.9	44	-9999.9	3	15.5	13.1	123	3	1030.5	-9999.9	4.5	86
2025 02 24 14	0.65	0.62	4.6	4.6	7.4	0.98	-9999.9	3	119	-9999.9	39	-9999.9	3	15.4	6.7	115	3	1029.6	-9999.9	4.1	79
2025 02 24 15	0.64	0.6	4.5	4.5	7.3	1.24	-9999.9	3	112	-9999.9	38	-9999.9	3	15.3	6.5	238	3	1029.0	-9999.9	4.5	80
2025 02 24 16	0.6	0.56	4.3	4.1	6.9	1.0	-9999.9	3	117	-9999.9	41	-9999.9	3	15.4	14.1	231	3	1028.6	-9999.9	4.4	77
2025 02 24 17	0.62	0.57	4.3	4.3	7.0	1.0	-9999.9	3	122	-9999.9	39	-9999.9	3	15.0	15.6	196	3	1028.4	-9999.9	3.6	97
2025 02 24 18	0.58	0.55	4.0	4.0	6.5	0.88	-9999.9	3	113	-9999.9	43	-9999.9	3	14.8	22.4	233	3	1029.0	-9999.9	3.0	82
2025 02 24 19	0.59	0.55	3.9	3.9	7.0	0.85	-9999.9	3	123	-9999.9	44	-9999.9	3	14.7	14.6	285	3	1029.4	-9999.9	2.6	46
2025 02 24 20	0.49	0.47	4.5	4.5	7.3	0.78	-9999.9	3	91	-9999.9	41	-9999.9	3	14.5	26.1	358	3	1029.7	-9999.9	2.8	352
2025 02 24 21	0.48	0.46	4.9	4.7	7.1	0.77	-9999.9	3	96	-9999.9	42	-9999.9	3	15.1	44.2	30	3	1029.8	-9999.9	1.8	357
2025 02 24 22	0.52	0.49	5.0	4.9	6.5	0.87	-9999.9	3	96	-9999.9	41	-9999.9	3	15.1	46.8	62	3	1029.8	-9999.9	1.5	319
2025 02 24 23	0.45	0.43	4.5	4.5	6.6	0.63	-9999.9	3	97	-9999.9	46	-9999.9	3	15.1	51.9	74	3	1029.7	-9999.9	3.7	352
2025 02 25 00	0.46	0.44	4.9	4.8	6.9	0.73	-9999.9	3	91	-9999.9	44	-9999.9	3	15.0	54.0	62	3	1029.0	-9999.9	4.0	0
2025 02 25 01	0.39	0.38	4.2	4.2	6.3	0.67	-9999.9	3	99	-9999.9	53	-9999.9	3	14.9	50.6	65	3	1028.9	-9999.9	4.4	354
2025 02 25 02	0.38	0.37	4.6	4.6	6.6	0.66	-9999.9	3	108	-9999.9	46	-9999.9	3	14.7	46.7	91	3	1028.4	-9999.9	2.9	355
2025 02 25 03	0.31	0.29	4.3	4.2	6.3	0.52	-9999.9	3	123	-9999.9	44	-9999.9	3	14.4	26.6	185	3	1027.5	-9999.9	2.4	356
2025 02 25 04	0.26	0.25	3.6	3.6	6.7	0.45	-9999.9	3	127	-9999.9	50	-9999.9	3	14.2	32.2	200	3	1027.4	-9999.9	3.2	353
2025 02 25 05	0.23	0.22	4.4	4.2	7.1	0.34	-9999.9	3	97	-9999.9	46	-9999.9	3	14.6	25.7	15	3	1027.3	-9999.9	1.0	10
2025 02 25 06	0.23	0.22	4.7	4.6	6.2	0.37	-9999.9	3	81	-9999.9	47	-9999.9	3	14.7	63.7	33	3	1027.2	-9999.9	2.7	251
2025 02 25 07	0.23	0.21	3.8	3.8	6.4	0.36	-9999.9	3	103	-9999.9	55	-9999.9	3	14.7	24.3	80	3	1027.5	-9999.9	3.8	230
2025 02 25 08	0.29	0.26	3.2	3.2	9.1	0.5	-9999.9	3	124	-9999.9	46	-9999.9	3	14.8	21.4	65	3	1027.7	-9999.9	4.1	222
2025 02 25 09	0.44	0.4	2.4	2.5	2.4	0.62	-9999.9	3	193	-9999.9	46	-9999.9	3	14.7	12.7	64	3	1027.7	-9999.9	7.8	242
2025 02 25 10	0.41	0.38	2.3	2.3	2.1	0.64	-9999.9	3	204	-9999.9	60	-9999.9	3	14.9	38.5	53	3	1027.8	-9999.9	8.4	252
2025 02 25 11	0.53	0.48	2.6	2.6	2.4	0.85	-9999.9	3	199	-9999.9	52	-9999.9	3	14.9	47.9	58	3	1027.5	-9999.9	10.6	256
2025 02 25 12	0.56	0.53	2.6	2.6	2.6	0.85	-9999.9	3	206	-9999.9	48	-9999.9	3	14.9	50.3	68	3	1027.0	-9999.9	11.0	243
2025 02 25 13	0.57	0.54	2.7	2.8	2.9	0.95	-9999.9	3	201	-9999.9	49	-9999.9	3	15.0	61.0	65	3	1026.8	-9999.9	9.2	240
2025 02 25 14	0.58	0.54	2.7	2.7	3.0	0.94	-9999.9	3	205	-9999.9	47	-9999.9	3	15.1	51.3	66	3	1025.8	-9999.9	9.9	241
2025 02 25 15	0.56	0.53	2.7	2.8	2.9	0.8	-9999.9	3	208	-9999.9	49	-9999.9	3	15.0	41.7	62	3	1026.0	-9999.9	7.3	251
2025 02 25 16	0.62	0.58	2.9	2.9	3.2	0.9	-9999.9	3	200	-9999.9	48	-9999.9	3	14.8	19.2	85	3	1025.4	-9999.9	11.0	244
2025 02 25 17	0.6	0.57	3.0	3.0	3.3	0.95	-9999.9	3	206	-9999.9	45	-9999.9	3	14.6	10.2	181	3	1026.1	-9999.9	8.6	249
2025 02 25 18	0.58	0.55	3.0	3.0	3.2	0.83	-9999.9	3	202	-9999.9	48	-9999.9	3	14.6	29.8	196	3	1026.4	-9999.9	7.8	263
2025 02 25 19	0.41	0.38	2.7	2.7	5.2	0.62	-9999.9	3	186	-9999.9	56	-9999.9	3	14.4	14.0	183	3	1027.1	-9999.9	3.3	294
2025 02 25 20	0.32	0.3	3.1	3.1	6.3	0.57	-9999.9	3	102	-9999.9	63	-9999.9	3	-9999.9	-9999.9	-9999.9	3	-9999.9	-9999.9	-9999.9	-9999.9
2025 02 25 21	0.36	0.33	3.1	3.1	6.6	0.54	-9999.9	3	160	-9999.9	54	-9999.9	3	14.7	45.5	40	3	1027.3	-9999.9	2.9	316
2025 02 25 22	0.46	0.43	3.3	3.2	8.1	0.84	-9999.9	3	177	-9999.9	53	-9999.9	3	14.7	41.8	65	3	1027.5	-9999.9	4.2	309
2025 02 25 23	0.39	0.36	2.7	2.7	2.6	0.57	-9999.9	3	187	-9999.9	62	-9999.9	3	14.8	55.7	61	3	1027.1	-9999.9	4.2	301
2025 02 26 00	0.29	0.28	2.8	2.8	3.0	0.47	-9999.9	3	153	-9999.9	67	-9999.9	3	14.5	51.4	57	3	1027.0	-9999.9	4.9	314
2025 02 26 01	0.35	0.32	2.9	3.0	3.5	0.62	-9999.9	3	202	-9999.9	56	-9999.9	3	14.3	49.9	60	3	1026.6	-9999.9	5.8	294
2025 02 26 02	0.32	0.29	3.2	3.2	5.1	0.51	-9999.9	3	192	-9999.9	48	-9999.9	3	14.3	55.6	81	3	1026.4	-9999.9	2.3	291
2025 02 26 03	0.26	0.24	3.2	3.2	4.9	0.4	-9999.9	3	185	-9999.9	51	-9999.9	3	14.2	64.3	188	3	1026.0	-9999.9	0.8	56
2025 02 26 04	0.3	0.28	3.1	3.2	4.0	0.45	-9999.9	3	195	-9999.9	49	-9999.9	3	14.3	58.1	214	3	1025.7	-9999.9	2.7	73
2025 02 26 05	0.19	0.18	2.8	2.8	3.0	0.36	-9999.9	3	183	-9999.9	66	-9999.9	3	14.3	16.2	260	3	1025.5	-9999.9	1.2	287
2025 02 26 06	0.18	0.17	3.0	3.0	6.1	0.31	-9999.9	3	117	-9999.9	60	-9999.9	3	14.4	41.4	11	3	1026.0	-9999.9	1.9	10
2025 02 26 07	0.18	0.16	3.0	3.0	4.9	0.28	-9999.9	3	59	-9999.9	62	-9999.9	3	14.2	17.8	60	3	1026.4	-9999.9	1.5	240
2025 02 26 08	0.24	0.2	3.6	4.1	9.9	0.5	-9999.9	3	124	-9999.9	40	-9999.9	3	14.2	23.4	138	3	1026.7	-9999.9	2.8	241
2025 02 26 09	0.24	0.22	3.3	3.3	9.2	0.48	-9999.9	3	117	-9999.9	53	-9999.9	3	14.8	28.5	76	3	1026.9	-9999.9	6.0	255
2025 02 26 10	0.3	0.28	2.9	3.0	7.1	0.5	-9999.9	3	103	-9999.9	60	-9999.9	3	14.9	24.7	73	3	1027.1	-9999.9	2.9	341
2025 02 26 11	0.29	0.27	4.3	4.3	7.3	0.49	-9999.9	3	69	-9999.9	57	-9999.9	3	15.1	34.5	33	3	1026.8	-9999.9	0.7	43
2025 02 26 12	0.28	0.26	4.1	4.1	8.5	0.44	-9999.9	3	115	-9999.9	50	-9999.9	3	14.8	64.4	40	3	1026.2	-9999.9	3.5	230
2025 02 26 13	0.31	0.29	4.0	4.4	7.0	0.56	-9999.9	3	48	-9999.9	53	-9999.9	3	15.1	58.4	70	3	1025.3	-9999.9	1.3	171
2025 02 26 14	0.3	0.28	3.3	3.2	4.8	0.56	-9999.9	3	145	-9999.9	60	-9999.9	3	15.0	33.5	97	3	1024.5	-9999.9	2.5	89
2025 02 26 15	0.26	0.23	3.1	3.0	5.0	0.4	-9999.9	3	129	-9999.9	61	-9999.9	3	15.1	9.5	28	3	1024.0	-9999.9	4.7	57
2025 02 26 16	0.34	0.32	3.7	3.7	10.4	0.54	-9999.9	3	120	-9999.9	57	-9999.9	3	14.9	15.8	124	3	1024.0	-9999.9	3.8	54
2025 02 26 17	0.29	0.26	3.6	3.8	6.9	0.53	-9999.9	3	123	-9999.9	65	-9999.9	3	14.7	48.1	201	3	1023.7	-9999.9	5.0	51
2025 02 26 18	0.4	0.38	3.8	3.8	4.8	0.64	-9999.9	3	148	-9999.9	66	-9999.9	3	14.6	57.5	212	3	1023.9	-9999.9	4.9	41
2025 02 26 19	0.44	0.41	3.6	3.6	6.6	0.7	-9999.9	3	113	-9999.9	58	-9999.9	3	14.5	54.5	210	3	1024.0	-9999.9	4.4	46
2025 02 26 20	0.4	0.38	3.5	3.6	5.8	0.7	-9999.9	3	75	-9999.9	49	-9999.9	3	14.5	30.8	203	3	1024.0	-9999.9	4.4	50
2025 02 26 21	0.37	0.36	3.5	3.4	4.6	0.62	-9999.9	3	108	-9999.9	50	-9999.9	3	14.5	28.3	248	3	1023.9	-9999.9	4.5	72
2025 02 26 22	0.41	0.38	3.4	3.4	4.7	0.61	-9999.9	3	117	-9999.9	58	-9999.9	3	14.4	30.7	247	3	1023.6	-9999.9	4.5	90
2025 02 26 23	0.37	0.35	3.5	3.4	4.7	0.54	-9999.9	3	134	-9999.9	53	-9999.9	3	14.3	7.6	274	3	1023.6	-9999.9	2.4	98
2025 02 27 00	0.31	0.29	3.4	3.3	4.1	0.44	-9999.9	3	86	-9999.9	52	-9999.9	3	14.6	57.4	46	3	1023.1	-9999.9	1.9	71
2025 02 27 01	0.28	0.26	3.5	3.4	4.5	0.42	-9999.9	3	103	-9999.9	59	-9999.9	3	14.4	44.2	60	3	1022.4	-9999.9	2.7	23
2025 02 27 02	0.25	0.23	3.8	3.7	5.2	0.41	-9999.9	3	94	-9999.9	56	-9999.9	3	14.3	50.2	59	3	1021.8	-9999.9	2.8	344
2025 02 27 03	0.27	0.26	4.0	3.9	5.4	0.41	-9999.9	3	114	-9999.9	56	-9999.9	3	14.2	57.1	77	3	1021.2	-9999.9	3.9	341
2025 02 27 04	0.23	0.22	4.3	4.2	5.4	0.4	-9999.9	3	132	-9999.9	49	-9999.9	3	14.2	55.3	201	3	1021.2	-9999.9	3.3	330
2025 02 27 05	0.25	0.23	4.1	4.2	6.0	0.52	-9999.9	3	159	-9999.9	52	-9999.9	3	14.3	73.8	192	3	1021.0	-9999.9	2.9	328
2025 02 27 06	0.22	0.2	3.1	3.2	5.5	0.38	-9999.9	3	114	-9999.9	58	-9999.9	3	14.3	32.5	157	3	1021.2	-9999.9	1.9	298
2025 02 27 07	0.22	0.21	3.3	3.3	4.4	0.37	-9999.9	3	73	-9999.9	47	-9999.9	3	14.4	29.7	349	3	1021.2	-9999.9	1.1	278
2025 02 27 08	0.23	0.21	3.9	3.9	5.1	0.42	-9999.9	3	62	-9999.9	52	-9999.9	3	-9999.9	-9999.9	-9999.9	3	-9999.9	-9999.9	-9999.9	-9999.9
2025 02 27 09	0.26	0.25	4.3	4.4	8.0	0.52	-9999.9	3	114	-9999.9	45	-9999.9	3	-9999.9	-9999.9	-9999.9	3	-9999.9	-9999.9	-9999.9	-9999.9
2025 02 27 10	0.24	0.23	3.4	3.4	5.3	0.43	-9999.9	3	142	-9999.9	50	-9999.9	3	14.5	50.8	200	3	1021.4	-9999.9	5.4	224
2025 02 27 11	0.42	0.39	2.7	2.6	2.2	0.68	-9999.9	3	160	-9999.9	50	-9999.9	3	14.5	23.7	203	3	1021.2	-9999.9	6.4	239
2025 02 27 12	0.3	0.27	3.4	3.4	8.1	0.4	-9999.9	3	116	-9999.9	51	-9999.9	3	14.7	27.0	29	3	1020.4	-9999.9	6.4	235
2025 02 27 13	0.28	0.27	3.6	3.5	5.6	0.45	-9999.9	3	100	-9999.9	52	-9999.9	3	14.8	74.3	49	3	1019.2	-9999.9	5.7	241
2025 02 27 14	0.39	0.37	4.2	4.4	8.1	0.57	-9999.9	3	96	-9999.9	48	-9999.9	3	14.8	46.0	72	3	1018.2	-9999.9	5.0	259
2025 02 27 15	0.27	0.25	3.5	3.6	7.1	0.42	-9999.9	3	121	-9999.9	57	-9999.9	3	14.9	16.4	53	3	1017.7	-9999.9	3.6	272
2025 02 27 16	0.26	0.24	4.0	4.1	6.0	0.49	-9999.9	3	109	-9999.9	54	-9999.9	3	14.9	33.6	66	3	1017.6	-9999.9	4.9	212
2025 02 27 17	0.33	0.31	3.7	3.5	5.3	0.55	-9999.9	3	109	-9999.9	62	-9999.9	3	14.9	10.0	107	3	1017.6	-9999.9	4.6	230
2025 02 27 18	0.32	0.3	3.7	3.7	7.3	0.46	-9999.9	3	171	-9999.9	58	-9999.9	3	14.4	50.4	212	3	1017.8	-9999.9	4.1	215
2025 02 27 19	0.34	0.3	4.0	4.0	9.3	0.5	-9999.9	3	152	-9999.9	50	-9999.9	3	14.2	44.3	218	3	1018.2	-9999.9	3.3	227
2025 02 27 20	0.32	0.3	3.6	3.8	6.8	0.66	-9999.9	3	97	-9999.9	51	-9999.9	3	14.3	49.2	195	3	1018.2	-9999.9	2.3	270
2025 02 27 21	0.28	0.26	4.0	4.0	5.3	0.43	-9999.9	3	129	-9999.9	47	-9999.9	3	14.4	41.9	172	3	1017.9	-9999.9	1.3	265
2025 02 27 22	0.33	0.3	3.9	3.9	9.4	0.52	-9999.9	3	100	-9999.9	50	-9999.9	3	14.4	24.1	223	3	1017.6	-9999.9	0.9	40
2025 02 27 23	0.26	0.24	3.2	3.1	6.8	0.4	-9999.9	3	148	-9999.9	54	-9999.9	3	14.3	29.6	234	3	1016.9	-9999.9	4.3	160
2025 02 28 00	0.3	0.28	2.9	2.9	6.9	0.44	-9999.9	3	137	-9999.9	48	-9999.9	3	14.2	5.5	342	3	1016.1	-9999.9	4.6	159
2025 02 28 01	0.35	0.34	3.7	3.6	5.1	0.7	-9999.9	3	139	-9999.9	50	-9999.9	3	14.5	-9999.9	-9999.9	3	1015.7	-9999.9	4.0	145
2025 02 28 02	0.31	0.28	3.2	3.3	7.2	0.48	-9999.9	3	125	-9999.9	51	-9999.9	3	14.7	-9999.9	-9999.9	3	1015.2	-9999.9	1.9	60
2025 02 28 03	0.31	0.29	3.5	3.5	5.0	0.53	-9999.9	3	112	-9999.9	55	-9999.9	3	14.5	82.2	69	3	1014.4	-9999.9	2.8	355
2025 02 28 04	0.32	0.3	3.3	3.3	3.6	0.49	-9999.9	3	120	-9999.9	57	-9999.9	3	14.3	-9999.9	-9999.9	3	1013.7	-9999.9	3.2	41
2025 02 28 05	0.3	0.27	3.9	3.8	8.9	0.44	-9999.9	3	169	-9999.9	51	-9999.9	3	14.3	71.2	208	3	1013.7	-9999.9	3.3	89
2025 02 28 06	0.29	0.27	3.3	3.3	7.1	0.45	-9999.9	3	159	-9999.9	57	-9999.9	3	14.4	54.9	217	3	1013.5	-9999.9	5.8	95
2025 02 28 07	0.29	0.26	2.9	2.9	3.7	0.49	-9999.9	3	112	-9999.9	59	-9999.9	3	14.4	23.1	229	3	1013.2	-9999.9	6.0	104
2025 02 28 08	0.38	0.35	3.0	2.9	6.3	0.66	-9999.9	3	108	-9999.9	52	-9999.9	3	14.4	9.1	264	3	1013.1	-9999.9	8.3	118
2025 02 28 09	0.57	0.52	3.2	3.1	4.9	0.87	-9999.9	3	105	-9999.9	46	-9999.9	3	14.4	11.8	271	3	1013.0	-9999.9	9.6	105
2025 02 28 10	0.5	0.46	3.7	3.6	5.1	0.7	-9999.9	3	113	-9999.9	47	-9999.9	3	14.4	37.7	214	3	1014.1	-9999.9	4.8	238
2025 02 28 11	0.72	0.67	4.1	4.0	5.5	1.31	-9999.9	3	100	-9999.9	40	-9999.9	3	14.5	51.3	258	3	1013.6	-9999.9	4.8	193
2025 02 28 12	0.56	0.52	3.8	3.8	5.3	0.88	-9999.9	3	95	-9999.9	41	-9999.9	3	14.4	34.6	296	3	1013.1	-9999.9	4.9	146
2025 02 28 13	0.7	0.68	4.7	4.6	5.7	0.93	-9999.9	3	80	-9999.9	37	-9999.9	3	14.6	48.3	24	3	1012.6	-9999.9	2.2	150
2025 02 28 14	0.72	0.68	4.6	4.7	6.0	1.28	-9999.9	3	93	-9999.9	42	-9999.9	3	14.6	26.9	42	3	1011.9	-9999.9	6.0	236
2025 02 28 15	0.97	0.93	4.4	4.4	6.0	1.44	-9999.9	3	97	-9999.9	39	-9999.9	3	14.6	32.1	54	3	1011.5	-9999.9	4.0	267
2025 02 28 16	0.99	0.96	4.9	4.8	6.3	1.42	-9999.9	3	88	-9999.9	36	-9999.9	3	14.5	34.7	53	3	1011.9	-9999.9	2.9	198
2025 02 28 17	1.15	1.11	4.6	4.7	6.4	1.88	-9999.9	3	93	-9999.9	37	-9999.9	3	14.3	48.6	48	3	1011.7	-9999.9	7.7	110
2025 02 28 18	1.3	1.29	4.9	4.8	7.0	2.01	-9999.9	3	102	-9999.9	36	-9999.9	3	14.3	14.4	111	3	1012.0	-9999.9	8.1	116
2025 02 28 19	1.01	0.97	4.6	4.5	6.4	1.44	-9999.9	3	104	-9999.9	48	-9999.9	3	14.6	30.4	276	3	1013.1	-9999.9	3.9	329
2025 02 28 20	1.21	1.17	4.8	4.8	6.6	1.89	-9999.9	3	113	-9999.9	46	-9999.9	3	14.6	24.5	223	3	1012.8	-9999.9	4.8	17
2025 02 28 21	1.14	1.11	4.6	4.6	6.9	1.69	-9999.9	3	104	-9999.9	39	-9999.9	3	14.5	10.7	261	3	1013.3	-9999.9	5.6	53
2025 02 28 22	1.29	1.26	5.4	5.1	7.1	2.03	-9999.9	3	101	-9999.9	34	-9999.9	3	14.5	12.7	273	3	1013.7	-9999.9	5.6	5
2025 02 28 23	0.9	0.85	4.6	4.6	6.7	1.38	-9999.9	3	93	-9999.9	38	-9999.9	3	14.4	20.0	308	3	1013.5	-9999.9	6.5	7
2025 03 01 00	0.83	0.81	5.0	5.0	7.0	1.33	-9999.9	3	94	-9999.9	40	-9999.9	3	14.4	37.1	339	3	1013.2	-9999.9	4.5	349
2025 03 01 01	0.85	0.82	5.4	5.2	7.1	1.22	-9999.9	3	97	-9999.9	36	-9999.9	3	14.4	43.0	10	3	1012.9	-9999.9	3.1	345
2025 03 01 02	0.86	0.84	5.5	5.6	7.7	1.25	-9999.9	3	105	-9999.9	33	-9999.9	3	14.4	48.8	22	3	1012.3	-9999.9	4.1	336
2025 03 01 03	1.09	1.07	6.0	6.1	7.6	1.56	-9999.9	3	93	-9999.9	34	-9999.9	3	14.3	53.7	43	3	1011.5	-9999.9	3.6	338
2025 03 01 04	0.84	0.8	5.8	5.7	7.1	1.52	-9999.9	3	100	-9999.9	44	-9999.9	3	14.2	57.6	70	3	1011.4	-9999.9	2.5	352
2025 03 01 05	1.03	1.01	6.8	6.2	8.4	1.5	-9999.9	3	108	-9999.9	42	-9999.9	3	14.2	23.4	130	3	1011.7	-9999.9	4.1	332
2025 03 01 06	0.95	0.91	6.4	6.2	8.3	1.52	-9999.9	3	141	-9999.9	42	-9999.9	3	14.4	-9999.9	-9999.9	3	1012.0	-9999.9	1.8	350
2025 03 01 07	1.03	1.01	5.9	5.8	8.4	1.89	-9999.9	3	135	-9999.9	39	-9999.9	3	14.5	-9999.9	-9999.9	3	1012.4	-9999.9	1.8	274
2025 03 01 08	1.04	1.01	5.9	5.8	8.3	1.57	-9999.9	3	112	-9999.9	38	-9999.9	3	14.4	28.2	236	3	1012.8	-9999.9	4.9	294
2025 03 01 09	0.82	0.78	5.1	5.2	7.4	1.14	-9999.9	3	104	-9999.9	37	-9999.9	3	14.4	22.3	204	3	1012.9	-9999.9	6.7	245
2025 03 01 10	0.93	0.92	5.8	5.6	7.8	1.42	-9999.9	3	109	-9999.9	35	-9999.9	3	14.4	32.1	205	3	1013.0	-9999.9	6.3	243
2025 03 01 11	0.93	0.89	5.1	5.2	8.0	1.47	-9999.9	3	121	-9999.9	37	-9999.9	3	14.5	53.2	206	3	1012.9	-9999.9	7.5	252
2025 03 01 12	0.74	0.67	4.0	3.8	7.7	1.14	-9999.9	3	143	-9999.9	40	-9999.9	3	14.5	36.7	204	3	1012.5	-9999.9	7.9	256
2025 03 01 13	0.69	0.63	3.6	3.6	7.9	1.17	-9999.9	3	124	-9999.9	40	-9999.9	3	14.4	14.2	308	3	1011.9	-9999.9	8.4	246
2025 03 01 14	0.77	0.69	3.8	3.8	7.6	1.3	-9999.9	3	132	-9999.9	43	-9999.9	3	14.4	10.1	348	3	1011.4	-9999.9	9.1	239
2025 03 01 15	0.66	0.61	3.8	3.7	7.8	1.12	-9999.9	3	127	-9999.9	50	-9999.9	3	14.5	47.2	68	3	1011.5	-9999.9	9.1	249
2025 03 01 16	0.72	0.67	4.8	5.0	8.5	1.12	-9999.9	3	108	-9999.9	42	-9999.9	3	14.4	56.3	51	3	1012.0	-9999.9	8.2	253
2025 03 01 17	0.6	0.54	3.7	3.6	8.3	0.95	-9999.9	3	126	-9999.9	51	-9999.9	3	14.1	27.5	70	3	1012.4	-9999.9	6.9	260
2025 03 01 18	0.73	0.68	4.6	4.7	8.4	1.05	-9999.9	3	101	-9999.9	42	-9999.9	3	14.3	36.9	110	3	1012.8	-9999.9	7.4	250
2025 03 01 19	0.59	0.57	4.8	4.6	8.4	0.94	-9999.9	3	153	-9999.9	47	-9999.9	3	14.3	54.8	206	3	1013.3	-9999.9	6.2	249
2025 03 01 20	0.57	0.56	5.1	5.0	7.5	1.0	-9999.9	3	158	-9999.9	51	-9999.9	3	14.5	85.2	197	3	1013.7	-9999.9	4.8	265
2025 03 01 21	0.55	0.51	4.6	4.5	7.0	0.98	-9999.9	3	139	-9999.9	47	-9999.9	3	14.5	66.6	198	3	1014.0	-9999.9	2.3	287
2025 03 01 22	0.65	0.62	5.5	5.4	8.1	1.0	-9999.9	3	114	-9999.9	35	-9999.9	3	14.5	52.5	201	3	1014.4	-9999.9	2.3	274
2025 03 01 23	0.51	0.49	5.6	5.4	7.7	0.76	-9999.9	3	122	-9999.9	38	-9999.9	3	14.4	54.6	204	3	1014.3	-9999.9	3.1	6
2025 03 02 00	0.4	0.39	5.1	5.0	8.1	0.55	-9999.9	3	131	-9999.9	41	-9999.9	3	14.3	71.1	207	3	1014.0	-9999.9	3.0	340
2025 03 02 01	0.39	0.38	5.0	4.9	8.0	0.65	-9999.9	3	134	-9999.9	48	-9999.9	3	14.9	54.1	245	3	1013.8	-9999.9	5.1	339
2025 03 02 02	0.43	0.42	5.2	5.1	7.9	0.72	-9999.9	3	114	-9999.9	47	-9999.9	3	14.8	27.6	234	3	1013.4	-9999.9	4.8	341
2025 03 02 03	0.45	0.45	5.6	5.5	7.6	0.7	-9999.9	3	88	-9999.9	45	-9999.9	3	14.7	10.2	328	3	1012.9	-9999.9	4.1	346
2025 03 02 04	0.54	0.52	5.4	5.3	7.3	0.94	-9999.9	3	98	-9999.9	45	-9999.9	3	14.4	49.6	61	3	1012.8	-9999.9	3.4	359
2025 03 02 05	0.8	0.78	5.9	5.7	7.7	1.25	-9999.9	3	88	-9999.9	41	-9999.9	3	14.3	62.4	75	3	1012.8	-9999.9	6.1	123
2025 03 02 06	0.64	0.61	4.3	4.3	7.7	1.02	-9999.9	3	121	-9999.9	52	-9999.9	3	14.5	40.8	211	3	1013.5	-9999.9	4.0	145
2025 03 02 07	0.65	0.62	5.3	5.2	7.7	1.02	-9999.9	3	119	-9999.9	48	-9999.9	3	14.4	51.2	219	3	1014.5	-9999.9	3.9	104
2025 03 02 08	0.58	0.55	4.1	4.0	7.6	0.94	-9999.9	3	131	-9999.9	51	-9999.9	3	14.4	44.3	219	3	1015.1	-9999.9	5.7	117
2025 03 02 09	0.84	0.78	3.9	3.9	7.0	1.4	-9999.9	3	128	-9999.9	45	-9999.9	3	14.5	29.3	220	3	1015.2	-9999.9	8.4	109
2025 03 02 10	0.96	0.88	4.1	4.1	7.0	1.47	-9999.9	3	103	-9999.9	36	-9999.9	3	14.5	8.1	240	3	1014.8	-9999.9	8.1	120
2025 03 02 11	1.14	1.07	4.5	4.6	6.6	1.68	-9999.9	3	109	-9999.9	37	-9999.9	3	14.4	25.2	229	3	1014.6	-9999.9	6.5	115
2025 03 02 12	1.11	1.08	4.6	4.6	6.4	2.24	-9999.9	3	113	-9999.9	38	-9999.9	3	14.5	21.9	208	3	1014.3	-9999.9	5.7	115
2025 03 02 13	1.07	1.03	5.0	4.8	6.8	1.66	-9999.9	3	113	-9999.9	32	-9999.9	3	14.6	15.8	211	3	1013.7	-9999.9	5.5	105
2025 03 02 14	0.94	0.9	5.2	5.3	6.8	1.45	-9999.9	3	102	-9999.9	36	-9999.9	3	14.6	26.3	8	3	1013.1	-9999.9	4.8	94
2025 03 02 15	1.09	1.07	5.3	5.3	6.8	1.79	-9999.9	3	103	-9999.9	36	-9999.9	3	14.6	43.0	48	3	1012.6	-9999.9	4.5	98
2025 03 02 16	1.01	0.99	5.3	5.1	6.9	1.79	-9999.9	3	118	-9999.9	40	-9999.9	3	14.6	43.8	65	3	1012.6	-9999.9	5.3	95
2025 03 02 17	1.04	0.98	5.3	5.0	7.3	1.6	-9999.9	3	101	-9999.9	38	-9999.9	3	14.7	22.0	98	3	1013.0	-9999.9	4.3	87
2025 03 02 18	1.06	1.02	5.2	5.2	7.0	1.91	-9999.9	3	101	-9999.9	35	-9999.9	3	14.6	10.9	172	3	1013.5	-9999.9	5.9	123
2025 03 02 19	0.95	0.91	5.1	5.1	7.3	1.35	-9999.9	3	108	-9999.9	40	-9999.9	3	14.5	41.6	205	3	1014.0	-9999.9	6.4	99
2025 03 02 20	0.91	0.87	5.1	5.0	7.1	1.4	-9999.9	3	118	-9999.9	42	-9999.9	3	14.5	64.0	209	3	1014.1	-9999.9	6.0	90
2025 03 02 21	0.88	0.83	4.5	4.6	7.6	1.57	-9999.9	3	121	-9999.9	41	-9999.9	3	14.5	63.0	212	3	1014.6	-9999.9	6.7	105
2025 03 02 22	1.12	1.05	4.5	4.5	6.6	1.78	-9999.9	3	114	-9999.9	39	-9999.9	3	14.5	60.6	205	3	1014.6	-9999.9	7.9	108
2025 03 02 23	1.1	1.02	4.2	4.2	6.3	1.58	-9999.9	3	110	-9999.9	40	-9999.9	3	14.5	43.6	218	3	1014.4	-9999.9	7.6	113
2025 03 03 00	1.02	0.96	4.0	4.0	6.4	1.78	-9999.9	3	107	-9999.9	42	-9999.9	3	14.4	41.0	248	3	1013.9	-9999.9	7.6	126
2025 03 03 01	1.1	1.02	4.1	4.2	6.9	1.67	-9999.9	3	108	-9999.9	41	-9999.9	3	14.5	24.9	279	3	1013.3	-9999.9	8.4	116
2025 03 03 02	1.12	1.05	4.2	4.1	6.9	1.7	-9999.9	3	102	-9999.9	39	-9999.9	3	14.4	20.9	233	3	1012.9	-9999.9	8.5	119
2025 03 03 03	1.09	1.04	4.3	4.1	7.0	1.67	-9999.9	3	107	-9999.9	38	-9999.9	3	14.6	12.9	342	3	1012.4	-9999.9	9.5	117
2025 03 03 04	1.27	1.21	4.5	4.4	6.9	2.27	-9999.9	3	107	-9999.9	40	-9999.9	3	14.5	20.2	12	3	1011.8	-9999.9	10.8	125
2025 03 03 05	1.46	1.37	5.0	4.9	7.4	2.01	-9999.9	3	100	-9999.9	40	-9999.9	3	14.6	-9999.9	-9999.9	3	1012.2	-9999.9	10.3	119
2025 03 03 06	1.69	1.6	5.2	5.1	7.5	2.67	-9999.9	3	98	-9999.9	36	-9999.9	3	14.5	51.3	82	3	1012.5	-9999.9	10.7	125
2025 03 03 07	1.79	1.69	5.1	5.1	8.1	2.84	-9999.9	3	106	-9999.9	39	-9999.9	3	14.5	8.1	140	3	1012.7	-9999.9	11.0	120
2025 03 03 08	1.67	1.57	5.2	5.4	8.2	2.85	-9999.9	3	117	-9999.9	39	-9999.9	3	14.5	-9999.9	-9999.9	3	1013.6	-9999.9	8.7	133
2025 03 03 09	1.57	1.49	5.4	5.3	7.7	2.38	-9999.9	3	112	-9999.9	36	-9999.9	3	14.5	-9999.9	-9999.9	3	1014.1	-9999.9	8.2	104
2025 03 03 10	1.46	1.42	5.3	5.2	8.0	2.17	-9999.9	3	118	-9999.9	37	-9999.9	3	14.6	29.2	196	3	1014.0	-9999.9	7.7	134
2025 03 03 11	1.27	1.23	5.2	5.0	7.9	1.9	-9999.9	3	114	-9999.9	40	-9999.9	3	14.5	31.6	195	3	1014.0	-9999.9	7.7	117
2025 03 03 12	1.17	1.13	5.1	4.9	7.2	1.92	-9999.9	3	118	-9999.9	41	-9999.9	3	14.6	35.7	203	3	1013.8	-9999.9	6.7	107
2025 03 03 13	1.21	1.16	5.1	4.9	7.8	2.41	-9999.9	3	133	-9999.9	42	-9999.9	3	14.5	61.5	232	3	1013.0	-9999.9	8.3	120
2025 03 03 14	1.18	1.12	5.0	4.9	8.0	1.79	-9999.9	3	118	-9999.9	41	-9999.9	3	14.6	51.8	236	3	1012.4	-9999.9	8.0	110
2025 03 03 15	1.51	1.44	5.8	5.7	8.2	2.25	-9999.9	3	100	-9999.9	37	-9999.9	3	14.5	20.8	217	3	1011.9	-9999.9	7.2	117
2025 03 03 16	1.52	1.49	6.1	5.7	7.7	2.55	-9999.9	3	111	-9999.9	40	-9999.9	3	14.6	19.4	157	3	1011.8	-9999.9	5.9	117
2025 03 03 17	1.44	1.39	5.8	5.6	7.7	2.29	-9999.9	3	105	-9999.9	39	-9999.9	3	14.4	38.2	178	3	1012.0	-9999.9	4.8	88
2025 03 03 18	1.45	1.4	5.4	5.4	8.0	2.33	-9999.9	3	96	-9999.9	37	-9999.9	3	14.6	33.4	172	3	1012.3	-9999.9	4.4	129
2025 03 03 19	1.38	1.34	5.9	6.0	7.9	2.69	-9999.9	3	102	-9999.9	30	-9999.9	3	14.7	31.2	48	3	1012.6	-9999.9	4.8	86
2025 03 03 20	1.13	1.08	5.5	5.5	8.1	1.8	-9999.9	3	110	-9999.9	36	-9999.9	3	14.6	7.4	305	3	1012.6	-9999.9	5.4	75
2025 03 03 21	1.29	1.25	5.6	5.5	8.0	1.82	-9999.9	3	110	-9999.9	35	-9999.9	3	14.6	13.2	227	3	1013.1	-9999.9	5.5	86
2025 03 03 22	1.38	1.32	5.1	5.1	7.1	2.76	-9999.9	3	109	-9999.9	38	-9999.9	3	14.7	16.8	225	3	1013.3	-9999.9	5.3	85
2025 03 03 23	1.27	1.22	5.0	4.8	7.2	1.85	-9999.9	3	102	-9999.9	38	-9999.9	3	14.6	8.4	312	3	1013.1	-9999.9	5.7	84
2025 03 04 00	1.06	1.01	4.9	4.8	7.4	1.53	-9999.9	3	113	-9999.9	39	-9999.9	3	14.6	32.2	222	3	1012.5	-9999.9	6.9	61
2025 03 04 01	1.17	1.12	5.1	4.9	7.5	2.12	-9999.9	3	107	-9999.9	36	-9999.9	3	14.6	42.4	229	3	1011.6	-9999.9	7.8	89
2025 03 04 02	1.14	1.08	4.7	4.7	7.3	1.69	-9999.9	3	100	-9999.9	37	-9999.9	3	14.8	46.6	237	3	1010.7	-9999.9	8.4	93
2025 03 04 03	1.09	1.02	4.5	4.5	7.2	1.79	-9999.9	3	96	-9999.9	39	-9999.9	3	15.0	39.4	254	3	1010.2	-9999.9	8.8	78
2025 03 04 04	1.15	1.06	4.6	4.7	7.8	1.97	-9999.9	3	103	-9999.9	37	-9999.9	3	14.9	29.5	263	3	1010.4	-9999.9	8.6	91
2025 03 04 05	1.13	1.08	4.6	4.3	7.0	1.48	-9999.9	3	108	-9999.9	41	-9999.9	3	14.9	24.8	228	3	1010.4	-9999.9	8.1	112
2025 03 04 06	1.12	1.06	4.2	4.2	6.4	1.69	-9999.9	3	105	-9999.9	35	-9999.9	3	15.0	14.1	225	3	1011.1	-9999.9	7.2	87
2025 03 04 07	1.2	1.17	4.9	4.7	6.5	2.02	-9999.9	3	103	-9999.9	35	-9999.9	3	14.9	8.1	3	3	1011.5	-9999.9	6.0	88
2025 03 04 08	1.35	1.26	5.0	5.1	7.1	2.05	-9999.9	3	98	-9999.9	34	-9999.9	3	15.3	26.0	37	3	1012.1	-9999.9	6.6	96
2025 03 04 09	1.23	1.19	5.0	5.1	7.6	2.13	-9999.9	3	113	-9999.9	35	-9999.9	3	15.3	14.2	27	3	1012.6	-9999.9	6.2	96
2025 03 04 10	1.26	1.2	4.9	4.8	7.3	2.23	-9999.9	3	112	-9999.9	36	-9999.9	3	15.2	7.8	98	3	1012.9	-9999.9	6.3	106
2025 03 04 11	1.31	1.26	5.0	4.8	7.2	2.25	-9999.9	3	104	-9999.9	32	-9999.9	3	15.2	20.4	67	3	1013.0	-9999.9	6.3	94
2025 03 04 12	1.33	1.28	4.9	4.9	7.3	1.84	-9999.9	3	103	-9999.9	35	-9999.9	3	15.4	28.5	11	3	1012.8	-9999.9	7.1	103
2025 03 04 13	1.24	1.16	4.6	4.6	7.1	2.29	-9999.9	3	110	-9999.9	36	-9999.9	3	15.3	5.2	313	3	1012.2	-9999.9	7.6	103
2025 03 04 14	1.29	1.23	4.7	4.5	7.3	2.11	-9999.9	3	114	-9999.9	38	-9999.9	3	15.2	31.3	208	3	1011.8	-9999.9	7.9	108
2025 03 04 15	1.23	1.15	4.7	4.7	7.0	1.81	-9999.9	3	111	-9999.9	38	-9999.9	3	15.2	37.9	217	3	1011.6	-9999.9	6.7	109
2025 03 04 16	1.33	1.28	5.4	5.3	7.4	2.09	-9999.9	3	112	-9999.9	36	-9999.9	3	15.2	26.9	230	3	1011.3	-9999.9	4.2	86
2025 03 04 17	1.57	1.51	6.0	5.9	8.1	3.01	-9999.9	3	116	-9999.9	33	-9999.9	3	15.0	31.7	224	3	1011.4	-9999.9	3.5	91
2025 03 04 18	1.55	1.5	5.9	6.0	8.2	2.31	-9999.9	3	112	-9999.9	32	-9999.9	3	15.1	33.9	240	3	1011.7	-9999.9	3.9	99
2025 03 04 19	1.66	1.59	5.9	5.7	8.9	2.44	-9999.9	3	111	-9999.9	29	-9999.9	3	15.0	10.0	277	3	1011.6	-9999.9	7.6	112
2025 03 04 20	1.55	1.48	5.5	5.5	8.4	2.41	-9999.9	3	110	-9999.9	33	-9999.9	3	15.0	24.6	331	3	1012.2	-9999.9	6.0	101
2025 03 04 21	1.61	1.54	5.6	5.6	8.5	2.37	-9999.9	3	109	-9999.9	36	-9999.9	3	15.1	14.9	302	3	1012.6	-9999.9	5.2	96
2025 03 04 22	1.49	1.45	5.2	5.2	7.6	2.83	-9999.9	3	123	-9999.9	37	-9999.9	3	15.3	15.6	146	3	1012.7	-9999.9	6.0	90
2025 03 04 23	1.25	1.17	4.6	4.5	7.0	1.95	-9999.9	3	103	-9999.9	38	-9999.9	3	15.2	17.8	98	3	1012.6	-9999.9	6.6	84
2025 03 05 00	1.4	1.3	4.8	4.9	7.6	2.58	-9999.9	3	102	-9999.9	34	-9999.9	3	15.2	17.2	36	3	1012.2	-9999.9	9.2	108
2025 03 05 01	1.4	1.31	4.4	4.4	7.5	1.89	-9999.9	3	111	-9999.9	38	-9999.9	3	15.1	21.7	221	3	1011.8	-9999.9	10.4	109
2025 03 05 02	1.45	1.38	4.5	4.4	6.7	2.28	-9999.9	3	109	-9999.9	41	-9999.9	3	15.0	45.5	239	3	1011.1	-9999.9	11.2	84
2025 03 05 03	1.58	1.51	4.8	4.7	7.0	2.87	-9999.9	3	101	-9999.9	37	-9999.9	3	15.2	45.8	249	3	1010.3	-9999.9	9.9	92
2025 03 05 04	1.61	1.54	4.8	4.8	7.9	2.32	-9999.9	3	96	-9999.9	34	-9999.9	3	15.2	33.5	267	3	1009.9	-9999.9	10.0	75
2025 03 05 05	1.37	1.3	4.2	4.3	6.6	2.23	-9999.9	3	102	-9999.9	39	-9999.9	3	15.2	29.6	265	3	1009.8	-9999.9	11.1	85
2025 03 05 06	1.65	1.54	4.6	4.6	7.1	3.03	-9999.9	3	100	-9999.9	33	-9999.9	3	15.2	20.5	270	3	1010.3	-9999.9	9.7	82
2025 03 05 07	1.68	1.62	5.0	5.0	7.0	2.86	-9999.9	3	99	-9999.9	32	-9999.9	3	15.2	12.5	22	3	1010.5	-9999.9	8.4	81
2025 03 05 08	1.99	1.87	5.2	5.4	7.7	3.05	-9999.9	3	92	-9999.9	29	-9999.9	3	15.1	30.4	17	3	1010.9	-9999.9	8.2	90
2025 03 05 09	2.08	2.02	5.7	5.5	7.7	2.99	-9999.9	3	97	-9999.9	30	-9999.9	3	15.4	33.6	30	3	1011.3	-9999.9	9.0	100
2025 03 05 10	1.9	1.83	5.1	5.0	7.3	3.21	-9999.9	3	97	-9999.9	34	-9999.9	3	15.5	6.0	175	3	1011.3	-9999.9	10.3	78
2025 03 05 11	1.86	1.74	5.1	5.0	7.9	2.81	-9999.9	3	100	-9999.9	32	-9999.9	3	15.5	24.8	233	3	1011.3	-9999.9	9.1	93
2025 03 05 12	1.8	1.7	4.9	4.9	7.5	3.24	-9999.9	3	103	-9999.9	37	-9999.9	3	15.3	21.5	246	3	1010.8	-9999.9	9.2	77
2025 03 05 13	1.6	1.5	4.8	4.7	7.9	2.28	-9999.9	3	100	-9999.9	34	-9999.9	3	15.2	17.0	345	3	1010.3	-9999.9	7.7	52
2025 03 05 14	1.29	1.22	4.6	4.6	8.1	1.85	-9999.9	3	99	-9999.9	37	-9999.9	3	15.2	23.4	331	3	1010.2	-9999.9	5.4	41
2025 03 05 15	1.15	1.11	4.8	4.8	7.8	1.7	-9999.9	3	104	-9999.9	36	-9999.9	3	15.2	19.5	256	3	1010.0	-9999.9	4.2	65
2025 03 05 16	1.04	0.98	4.5	4.5	7.9	1.93	-9999.9	3	111	-9999.9	37	-9999.9	3	15.2	18.2	265	3	1010.3	-9999.9	5.2	181
2025 03 05 17	0.9	0.87	4.9	4.8	7.6	1.44	-9999.9	3	105	-9999.9	38	-9999.9	3	15.1	23.5	311	3	1010.5	-9999.9	1.6	165
2025 03 05 18	1.02	1.01	5.6	5.5	8.0	1.95	-9999.9	3	95	-9999.9	30	-9999.9	3	15.1	21.7	317	3	1011.1	-9999.9	2.1	231
2025 03 05 19	1.16	1.12	5.5	5.5	7.5	1.89	-9999.9	3	85	-9999.9	29	-9999.9	3	15.0	23.5	28	3	1011.4	-9999.9	1.0	228
2025 03 05 20	1.35	1.31	5.9	5.7	7.2	2.18	-9999.9	3	81	-9999.9	28	-9999.9	3	15.6	38.6	55	3	1011.6	-9999.9	2.2	148
2025 03 05 21	1.26	1.2	5.3	5.4	7.4	2.22	-9999.9	3	87	-9999.9	30	-9999.9	3	15.5	20.1	71	3	1012.0	-9999.9	2.5	146
2025 03 05 22	1.29	1.22	5.6	5.4	7.6	1.92	-9999.9	3	86	-9999.9	28	-9999.9	3	15.4	8.2	99	3	1012.1	-9999.9	1.2	118
2025 03 05 23	1.18	1.13	5.1	5.0	7.3	1.98	-9999.9	3	85	-9999.9	34	-9999.9	3	15.4	13.3	170	3	1012.2	-9999.9	1.5	120
2025 03 06 00	1.3	1.26	5.2	5.2	7.0	2.49	-9999.9	3	86	-9999.9	30	-9999.9	3	15.4	27.0	34	3	1012.2	-9999.9	2.2	6
2025 03 06 01	1.39	1.33	5.3	5.3	6.9	2.35	-9999.9	3	88	-9999.9	30	-9999.9	3	15.7	62.5	28	3	1011.8	-9999.9	3.5	350
2025 03 06 02	1.05	1.01	4.9	4.9	6.8	1.85	-9999.9	3	88	-9999.9	33	-9999.9	3	15.5	32.0	38	3	1011.4	-9999.9	3.1	354
2025 03 06 03	0.97	0.94	5.3	5.2	7.3	1.44	-9999.9	3	94	-9999.9	34	-9999.9	3	15.4	13.5	35	3	1010.8	-9999.9	3.5	312
2025 03 06 04	0.89	0.87	5.5	5.2	7.3	1.28	-9999.9	3	96	-9999.9	34	-9999.9	3	15.4	6.2	105	3	1010.7	-9999.9	3.0	336
2025 03 06 05	0.81	0.79	5.3	5.2	7.2	1.22	-9999.9	3	91	-9999.9	35	-9999.9	3	15.2	9.5	144	3	1010.7	-9999.9	3.0	325
2025 03 06 06	0.8	0.76	5.0	5.2	6.8	1.35	-9999.9	3	88	-9999.9	38	-9999.9	3	15.1	6.1	117	3	1010.7	-9999.9	4.1	335
2025 03 06 07	1.3	1.25	5.7	5.7	6.9	2.17	-9999.9	3	87	-9999.9	26	-9999.9	3	15.2	5.0	124	3	1011.3	-9999.9	2.5	343
2025 03 06 08	1.11	1.07	5.2	5.2	6.3	1.98	-9999.9	3	85	-9999.9	30	-9999.9	3	15.2	24.2	57	3	1012.1	-9999.9	3.0	12
2025 03 06 09	1.04	1.01	4.9	4.9	6.0	1.63	-9999.9	3	85	-9999.9	34	-9999.9	3	15.2	40.3	38	3	1012.6	-9999.9	3.7	345
2025 03 06 10	0.91	0.85	4.5	4.5	5.7	1.4	-9999.9	3	84	-9999.9	38	-9999.9	3	15.4	26.8	76	3	1013.0	-9999.9	4.8	335
2025 03 06 11	0.8	0.76	4.5	4.5	5.9	1.42	-9999.9	3	92	-9999.9	36	-9999.9	3	15.0	22.1	156	3	1013.0	-9999.9	2.9	308
2025 03 06 12	0.64	0.6	3.8	3.7	5.0	1.0	-9999.9	3	105	-9999.9	52	-9999.9	3	15.2	23.8	202	3	1012.7	-9999.9	5.7	269
2025 03 06 13	0.66	0.59	3.7	3.7	6.3	1.12	-9999.9	3	148	-9999.9	50	-9999.9	3	15.2	36.3	209	3	1012.7	-9999.9	5.9	245
2025 03 06 14	0.75	0.69	3.6	3.6	6.9	1.15	-9999.9	3	143	-9999.9	43	-9999.9	3	15.2	38.1	193	3	1012.4	-9999.9	7.7	238
2025 03 06 15	0.65	0.6	3.4	3.4	5.0	0.85	-9999.9	3	168	-9999.9	42	-9999.9	3	15.1	18.8	172	3	1012.6	-9999.9	8.1	255
2025 03 06 16	0.64	0.59	3.4	3.4	4.1	1.0	-9999.9	3	184	-9999.9	48	-9999.9	3	15.1	13.5	171	3	1013.0	-9999.9	6.0	244
2025 03 06 17	0.72	0.66	3.5	3.5	6.9	1.12	-9999.9	3	181	-9999.9	43	-9999.9	3	15.1	9.8	105	3	1012.8	-9999.9	9.4	250
2025 03 06 18	0.74	0.68	3.2	3.3	5.1	1.06	-9999.9	3	208	-9999.9	46	-9999.9	3	15.0	19.8	53	3	1013.2	-9999.9	9.3	254
2025 03 06 19	0.82	0.74	3.5	3.6	7.2	1.37	-9999.9	3	184	-9999.9	47	-9999.9	3	15.1	27.1	49	3	1014.4	-9999.9	4.5	277
2025 03 06 20	0.68	0.62	3.6	3.6	6.7	0.97	-9999.9	3	180	-9999.9	49	-9999.9	3	15.1	28.2	71	3	1014.9	-9999.9	5.4	254
2025 03 06 21	0.62	0.56	3.5	3.7	7.2	0.95	-9999.9	3	146	-9999.9	51	-9999.9	3	15.2	36.8	68	3	1014.7	-9999.9	7.9	254
2025 03 06 22	0.62	0.58	3.9	4.0	8.0	0.89	-9999.9	3	131	-9999.9	53	-9999.9	3	15.2	36.4	68	3	1015.0	-9999.9	5.8	247
2025 03 06 23	0.49	0.46	3.6	3.6	6.8	0.75	-9999.9	3	152	-9999.9	50	-9999.9	3	15.0	18.7	77	3	1014.8	-9999.9	3.3	247
2025 03 07 00	0.47	0.43	3.5	3.4	7.1	0.71	-9999.9	3	153	-9999.9	50	-9999.9	3	14.9	22.7	72	3	1014.7	-9999.9	1.7	315
2025 03 07 01	0.47	0.44	4.7	4.5	8.9	0.83	-9999.9	3	76	-9999.9	42	-9999.9	3	15.2	36.1	46	3	1014.4	-9999.9	3.0	265
2025 03 07 02	0.39	0.37	4.4	4.4	9.1	0.58	-9999.9	3	98	-9999.9	44	-9999.9	3	15.2	25.7	59	3	1014.0	-9999.9	4.2	247
2025 03 07 03	0.39	0.37	4.9	4.6	8.8	0.6	-9999.9	3	103	-9999.9	42	-9999.9	3	14.9	25.0	201	3	1013.5	-9999.9	1.9	248
2025 03 07 04	0.31	0.29	4.6	4.6	7.4	0.48	-9999.9	3	122	-9999.9	46	-9999.9	3	14.8	41.4	210	3	1013.4	-9999.9	1.2	318
2025 03 07 05	0.3	0.28	5.1	5.1	8.4	0.48	-9999.9	3	125	-9999.9	45	-9999.9	3	14.8	69.5	197	3	1013.2	-9999.9	2.5	335
2025 03 07 06	0.31	0.3	4.9	4.9	7.9	0.5	-9999.9	3	108	-9999.9	44	-9999.9	3	14.8	64.9	196	3	1013.0	-9999.9	2.9	330
2025 03 07 07	0.3	0.28	4.0	3.9	8.3	0.42	-9999.9	3	116	-9999.9	49	-9999.9	3	14.8	38.9	195	3	1013.0	-9999.9	2.1	340
2025 03 07 08	0.34	0.33	4.8	4.9	9.2	0.62	-9999.9	3	113	-9999.9	45	-9999.9	3	15.1	21.6	186	3	1013.7	-9999.9	1.5	16
2025 03 07 09	0.34	0.32	4.5	4.6	8.0	0.55	-9999.9	3	123	-9999.9	47	-9999.9	3	15.0	9.6	163	3	1014.1	-9999.9	0.9	7
2025 03 07 10	0.33	0.31	4.2	4.1	8.0	0.53	-9999.9	3	105	-9999.9	46	-9999.9	3	15.1	7.8	357	3	1014.0	-9999.9	1.6	59
2025 03 07 11	0.4	0.37	4.5	4.8	8.4	0.6	-9999.9	3	116	-9999.9	49	-9999.9	3	15.2	14.1	341	3	1013.7	-9999.9	2.9	118
2025 03 07 12	0.41	0.38	2.9	2.9	4.3	0.62	-9999.9	3	136	-9999.9	53	-9999.9	3	15.2	5.8	307	3	1012.9	-9999.9	5.4	156
2025 03 07 13	0.48	0.45	2.9	2.9	2.6	0.73	-9999.9	3	151	-9999.9	47	-9999.9	3	15.2	20.8	233	3	1011.8	-9999.9	6.2	111
2025 03 07 14	0.53	0.49	2.9	2.9	2.8	0.82	-9999.9	3	158	-9999.9	52	-9999.9	3	15.2	35.9	197	3	1011.4	-9999.9	5.8	164
2025 03 07 15	0.55	0.52	3.0	3.0	2.9	0.95	-9999.9	3	158	-9999.9	50	-9999.9	3	15.2	40.1	189	3	1010.9	-9999.9	5.4	131
2025 03 07 16	0.49	0.45	3.0	3.0	5.8	0.73	-9999.9	3	143	-9999.9	55	-9999.9	3	15.2	16.7	182	3	1010.2	-9999.9	5.2	146
2025 03 07 17	0.55	0.51	3.0	3.1	3.3	1.06	-9999.9	3	207	-9999.9	49	-9999.9	3	15.3	17.5	255	3	1009.6	-9999.9	5.9	118
2025 03 07 18	0.5	0.45	3.0	3.1	4.5	0.83	-9999.9	3	163	-9999.9	63	-9999.9	3	15.5	20.7	282	3	1009.6	-9999.9	5.5	144
2025 03 07 19	0.46	0.42	3.0	3.0	3.6	0.66	-9999.9	3	180	-9999.9	57	-9999.9	3	15.5	29.0	319	3	1008.9	-9999.9	6.9	146
2025 03 07 20	0.53	0.49	3.0	3.0	3.1	0.79	-9999.9	3	172	-9999.9	58	-9999.9	3	15.5	16.4	327	3	1009.0	-9999.9	6.8	150
2025 03 07 21	0.54	0.52	3.1	3.0	3.1	0.86	-9999.9	3	168	-9999.9	54	-9999.9	3	15.4	7.1	349	3	1009.7	-9999.9	5.3	187
2025 03 07 22	0.52	0.48	3.2	3.4	5.0	0.83	-9999.9	3	172	-9999.9	54	-9999.9	3	15.3	6.7	70	3	1009.9	-9999.9	4.0	227
2025 03 07 23	0.58	0.54	3.9	3.8	5.8	0.91	-9999.9	3	195	-9999.9	55	-9999.9	3	15.4	24.7	46	3	1009.3	-9999.9	7.5	218
2025 03 08 00	0.5	0.47	4.1	4.0	6.2	0.73	-9999.9	3	172	-9999.9	61	-9999.9	3	15.3	35.6	33	3	1008.3	-9999.9	4.5	207
2025 03 08 01	0.56	0.53	4.4	4.2	6.1	1.04	-9999.9	3	172	-9999.9	60	-9999.9	3	15.3	64.4	37	3	1007.6	-9999.9	3.6	209
2025 03 08 02	0.44	0.41	4.0	3.8	7.3	0.7	-9999.9	3	164	-9999.9	58	-9999.9	3	15.3	37.8	52	3	1006.4	-9999.9	4.1	207
2025 03 08 03	0.47	0.43	3.7	3.7	7.1	0.73	-9999.9	3	153	-9999.9	58	-9999.9	3	15.3	25.4	144	3	1005.2	-9999.9	4.8	143
2025 03 08 04	0.5	0.47	4.1	4.0	7.8	0.83	-9999.9	3	177	-9999.9	52	-9999.9	3	15.2	-9999.9	-9999.9	3	1004.2	-9999.9	6.3	141
2025 03 08 05	0.5	0.45	3.8	3.8	7.9	0.68	-9999.9	3	174	-9999.9	54	-9999.9	3	15.2	-9999.9	-9999.9	3	1003.3	-9999.9	6.9	140
2025 03 08 06	0.57	0.53	3.9	3.8	5.1	0.81	-9999.9	3	175	-9999.9	54	-9999.9	3	15.2	99.3	191	3	1002.9	-9999.9	8.8	188
2025 03 08 07	0.7	0.66	3.5	3.6	3.6	1.12	-9999.9	3	192	-9999.9	50	-9999.9	3	15.1	70.2	188	3	1002.2	-9999.9	9.6	201
2025 03 08 08	0.83	0.77	3.4	3.4	3.5	1.19	-9999.9	3	195	-9999.9	51	-9999.9	3	15.1	55.9	168	3	1001.8	-9999.9	8.8	181
2025 03 08 09	0.86	0.81	3.4	3.4	3.9	1.38	-9999.9	3	207	-9999.9	49	-9999.9	3	15.1	33.4	167	3	1002.1	-9999.9	10.7	193
2025 03 08 10	0.88	0.82	3.3	3.3	3.8	1.37	-9999.9	3	200	-9999.9	49	-9999.9	3	15.4	49.1	41	3	1002.1	-9999.9	8.8	235
2025 03 08 11	0.95	0.86	3.5	3.4	4.6	1.41	-9999.9	3	203	-9999.9	53	-9999.9	3	15.6	47.4	59	3	1002.3	-9999.9	10.9	230
2025 03 08 12	1.12	1.01	3.8	3.8	7.8	1.55	-9999.9	3	209	-9999.9	42	-9999.9	3	15.7	33.9	71	3	1002.2	-9999.9	11.3	224
2025 03 08 13	1.05	0.97	3.8	3.9	6.3	2.08	-9999.9	3	201	-9999.9	40	-9999.9	3	15.7	31.5	85	3	1002.0	-9999.9	9.9	239
2025 03 08 14	1.05	0.94	3.9	4.0	7.7	1.63	-9999.9	3	200	-9999.9	41	-9999.9	3	15.5	8.2	79	3	1001.1	-9999.9	9.9	221
2025 03 08 15	1.11	1.03	3.4	3.5	3.8	1.93	-9999.9	3	199	-9999.9	41	-9999.9	3	15.4	15.8	67	3	1001.3	-9999.9	12.7	235
2025 03 08 16	0.88	0.81	3.5	3.5	6.3	1.19	-9999.9	3	193	-9999.9	47	-9999.9	3	15.6	27.7	47	3	1001.3	-9999.9	11.0	244
2025 03 08 17	1.03	0.95	3.7	3.7	4.1	1.61	-9999.9	3	203	-9999.9	38	-9999.9	3	15.5	20.0	48	3	1001.9	-9999.9	9.7	249
2025 03 08 18	0.84	0.79	3.6	3.5	3.7	1.33	-9999.9	3	200	-9999.9	38	-9999.9	3	15.5	11.6	151	3	1002.3	-9999.9	9.1	263
2025 03 08 19	0.86	0.79	3.6	3.7	4.1	1.28	-9999.9	3	205	-9999.9	34	-9999.9	3	15.3	19.9	177	3	1003.1	-9999.9	9.8	261
2025 03 08 20	0.97	0.9	3.6	3.7	3.8	1.41	-9999.9	3	202	-9999.9	36	-9999.9	3	15.1	32.2	177	3	1003.7	-9999.9	8.8	238
2025 03 08 21	0.9	0.84	3.8	3.7	3.9	1.4	-9999.9	3	198	-9999.9	40	-9999.9	3	15.1	28.8	182	3	1004.1	-9999.9	7.7	251
2025 03 08 22	1.15	1.04	4.1	4.0	8.9	1.72	-9999.9	3	206	-9999.9	39	-9999.9	3	15.1	19.0	155	3	1004.2	-9999.9	6.6	279
2025 03 08 23	1.02	0.93	3.8	3.9	7.3	1.62	-9999.9	3	211	-9999.9	48	-9999.9	3	15.4	39.0	42	3	1004.2	-9999.9	5.2	256
2025 03 09 00	0.97	0.89	3.5	3.5	4.9	1.38	-9999.9	3	205	-9999.9	44	-9999.9	3	15.4	27.1	46	3	1003.5	-9999.9	8.5	249
2025 03 09 01	0.79	0.73	3.2	3.2	3.4	1.27	-9999.9	3	196	-9999.9	51	-9999.9	3	15.4	19.5	76	3	1003.9	-9999.9	3.8	258
2025 03 09 02	0.78	0.72	3.0	3.0	2.7	1.26	-9999.9	3	189	-9999.9	49	-9999.9	3	15.3	35.3	71	3	1002.9	-9999.9	10.1	210
2025 03 09 03	0.73	0.66	2.9	2.9	2.7	1.11	-9999.9	3	186	-9999.9	44	-9999.9	3	15.3	38.8	54	3	1003.1	-9999.9	8.8	241
2025 03 09 04	0.77	0.7	3.0	3.1	3.1	1.19	-9999.9	3	198	-9999.9	45	-9999.9	3	15.3	26.4	104	3	1003.6	-9999.9	4.8	310
2025 03 09 05	0.69	0.64	3.1	3.1	3.2	1.05	-9999.9	3	187	-9999.9	40	-9999.9	3	15.1	25.9	110	3	1003.5	-9999.9	5.1	221
2025 03 09 06	0.72	0.67	3.5	3.5	3.4	1.06	-9999.9	3	194	-9999.9	39	-9999.9	3	14.9	58.5	185	3	1003.2	-9999.9	11.3	224
2025 03 09 07	0.93	0.86	4.0	3.9	4.3	1.28	-9999.9	3	209	-9999.9	40	-9999.9	3	14.8	58.8	192	3	1002.6	-9999.9	11.9	213
2025 03 09 08	0.94	0.86	3.9	3.9	3.8	1.33	-9999.9	3	212	-9999.9	42	-9999.9	3	15.1	61.6	186	3	1003.7	-9999.9	9.0	177
2025 03 09 09	1.06	0.98	3.7	3.8	3.9	1.58	-9999.9	3	215	-9999.9	39	-9999.9	3	15.0	29.1	212	3	1004.1	-9999.9	9.0	228
2025 03 09 10	1.02	0.95	3.6	3.5	3.9	1.9	-9999.9	3	215	-9999.9	42	-9999.9	3	15.0	9.7	348	3	1004.0	-9999.9	9.9	210
2025 03 09 11	0.9	0.84	3.5	3.6	3.7	1.45	-9999.9	3	213	-9999.9	46	-9999.9	3	15.0	31.9	23	3	1004.8	-9999.9	5.5	289
2025 03 09 12	0.81	0.73	3.9	4.0	8.5	1.22	-9999.9	3	201	-9999.9	52	-9999.9	3	15.0	35.5	32	3	1004.3	-9999.9	5.2	239
2025 03 09 13	1.16	1.08	3.8	3.9	4.5	1.8	-9999.9	3	220	-9999.9	38	-9999.9	3	15.1	29.2	38	3	1002.8	-9999.9	12.2	244
2025 03 09 14	1.26	1.17	4.1	4.0	4.5	1.7	-9999.9	3	213	-9999.9	39	-9999.9	3	15.2	28.8	57	3	1002.4	-9999.9	11.8	251
2025 03 09 15	1.05	0.97	3.7	3.8	4.1	1.8	-9999.9	3	210	-9999.9	43	-9999.9	3	15.1	29.1	58	3	1002.5	-9999.9	9.0	241
2025 03 09 16	1.02	0.93	3.5	3.6	3.9	1.37	-9999.9	3	205	-9999.9	45	-9999.9	3	15.2	39.0	71	3	1002.0	-9999.9	15.5	234
2025 03 09 17	0.79	0.73	3.8	3.9	5.0	1.3	-9999.9	3	202	-9999.9	58	-9999.9	3	15.0	51.6	31	3	1002.6	-9999.9	9.3	229
2025 03 09 18	0.95	0.89	3.2	3.3	3.6	1.61	-9999.9	3	204	-9999.9	46	-9999.9	3	15.0	34.8	29	3	1002.2	-9999.9	11.2	214
2025 03 09 19	0.85	0.79	3.4	3.3	3.4	1.29	-9999.9	3	199	-9999.9	49	-9999.9	3	15.1	29.8	44	3	1002.3	-9999.9	7.7	198
2025 03 09 20	1.07	1.01	3.6	3.5	3.8	1.53	-9999.9	3	214	-9999.9	44	-9999.9	3	15.1	21.3	70	3	1001.6	-9999.9	11.5	231
2025 03 09 21	0.94	0.88	3.2	3.4	3.6	1.41	-9999.9	3	208	-9999.9	41	-9999.9	3	15.1	29.4	69	3	1000.8	-9999.9	13.1	207
2025 03 09 22	1.2	1.11	3.8	3.7	3.8	1.82	-9999.9	3	208	-9999.9	43	-9999.9	3	15.1	29.4	69	3	1000.7	-9999.9	13.7	222
2025 03 09 23	1.38	1.29	4.0	4.0	4.6	2.19	-9999.9	3	209	-9999.9	33	-9999.9	3	15.0	25.4	77	3	1001.0	-9999.9	12.3	226
2025 03 10 00	1.15	1.09	4.0	3.9	4.4	1.64	-9999.9	3	206	-9999.9	40	-9999.9	3	15.0	26.4	90	3	1001.8	-9999.9	9.7	257
2025 03 10 01	1.07	0.99	4.3	4.3	6.4	1.58	-9999.9	3	211	-9999.9	42	-9999.9	3	15.1	54.7	61	3	1002.4	-9999.9	5.2	284
2025 03 10 02	0.83	0.77	3.5	3.4	3.8	1.14	-9999.9	3	208	-9999.9	52	-9999.9	3	15.1	33.0	47	3	1002.2	-9999.9	5.1	280
2025 03 10 03	0.45	0.41	3.5	3.4	5.1	0.61	-9999.9	3	141	-9999.9	68	-9999.9	3	15.1	80.0	41	3	1001.6	-9999.9	10.2	222
2025 03 10 04	0.62	0.57	2.7	2.8	2.6	0.83	-9999.9	3	179	-9999.9	47	-9999.9	3	15.1	36.0	65	3	1001.4	-9999.9	10.4	233
2025 03 10 05	0.71	0.67	3.0	2.9	2.9	1.05	-9999.9	3	193	-9999.9	42	-9999.9	3	15.0	24.7	116	3	1001.9	-9999.9	9.6	222
2025 03 10 06	0.68	0.64	3.0	3.0	3.1	0.99	-9999.9	3	188	-9999.9	35	-9999.9	3	14.8	22.5	166	3	1002.3	-9999.9	11.3	214
2025 03 10 07	0.67	0.61	3.4	3.4	3.3	1.16	-9999.9	3	196	-9999.9	39	-9999.9	3	14.9	44.8	175	3	1002.1	-9999.9	12.0	206
2025 03 10 08	0.78	0.73	3.6	3.6	3.6	1.17	-9999.9	3	206	-9999.9	40	-9999.9	3	14.9	71.6	174	3	1003.8	-9999.9	5.7	243
2025 03 10 09	0.66	0.63	3.7	3.7	3.7	0.92	-9999.9	3	208	-9999.9	43	-9999.9	3	14.9	77.1	174	3	1004.8	-9999.9	5.7	281
2025 03 10 10	0.67	0.64	3.4	3.3	3.6	1.17	-9999.9	3	204	-9999.9	39	-9999.9	3	15.0	56.2	161	3	1005.5	-9999.9	7.9	245
2025 03 10 11	0.91	0.83	3.7	3.7	8.4	1.24	-9999.9	3	219	-9999.9	42	-9999.9	3	14.9	24.9	129	3	1005.9	-9999.9	7.5	258
2025 03 10 12	1.1	1.01	3.8	3.7	4.5	1.65	-9999.9	3	218	-9999.9	40	-9999.9	3	15.1	46.3	42	3	1005.8	-9999.9	11.3	252
2025 03 10 13	1.11	1.03	3.8	3.8	4.7	1.88	-9999.9	3	224	-9999.9	38	-9999.9	3	15.1	51.8	38	3	1005.4	-9999.9	11.3	229
2025 03 10 14	1.11	1.03	3.5	3.6	4.1	1.71	-9999.9	3	213	-9999.9	39	-9999.9	3	15.0	39.5	48	3	1004.7	-9999.9	12.4	235
2025 03 10 15	1.07	1.01	3.7	3.7	4.5	1.65	-9999.9	3	217	-9999.9	37	-9999.9	3	15.1	37.4	63	3	1004.4	-9999.9	10.8	231
2025 03 10 16	1.11	1.03	3.7	3.8	4.2	1.61	-9999.9	3	214	-9999.9	34	-9999.9	3	15.1	30.5	59	3	1004.6	-9999.9	11.4	243
2025 03 10 17	1.16	1.11	3.7	3.8	4.2	1.84	-9999.9	3	212	-9999.9	32	-9999.9	3	15.0	23.5	65	3	1005.0	-9999.9	11.7	237
2025 03 10 18	0.93	0.87	3.3	3.3	3.7	1.42	-9999.9	3	208	-9999.9	48	-9999.9	3	14.9	40.9	42	3	1005.8	-9999.9	11.6	235
2025 03 10 19	0.82	0.75	3.2	3.2	3.6	1.4	-9999.9	3	210	-9999.9	50	-9999.9	3	14.9	61.0	41	3	1006.5	-9999.9	10.5	233
2025 03 10 20	0.93	0.87	3.3	3.3	3.5	1.41	-9999.9	3	212	-9999.9	40	-9999.9	3	14.9	39.0	65	3	1006.8	-9999.9	12.4	255
2025 03 10 21	0.98	0.93	3.5	3.6	4.1	1.7	-9999.9	3	212	-9999.9	46	-9999.9	3	14.9	52.2	74	3	1007.3	-9999.9	9.9	236
2025 03 10 22	0.81	0.73	3.2	3.3	4.2	1.09	-9999.9	3	196	-9999.9	49	-9999.9	3	14.9	54.9	60	3	1007.0	-9999.9	11.5	224
2025 03 10 23	1.07	0.99	3.2	3.3	3.9	1.45	-9999.9	3	218	-9999.9	42	-9999.9	3	14.6	43.7	56	3	1006.7	-9999.9	11.6	220
2025 03 11 00	1.04	0.94	3.4	3.5	3.4	1.51	-9999.9	3	205	-9999.9	42	-9999.9	3	14.6	49.1	80	3	1006.4	-9999.9	12.2	243
2025 03 11 01	1.25	1.18	4.0	4.0	4.9	1.76	-9999.9	3	202	-9999.9	29	-9999.9	3	14.7	26.3	97	3	1006.0	-9999.9	12.7	240
2025 03 11 02	1.42	1.38	4.4	4.3	4.6	2.1	-9999.9	3	208	-9999.9	26	-9999.9	3	14.8	44.8	165	3	1005.7	-9999.9	12.7	253
2025 03 11 03	1.28	1.19	4.1	4.1	4.3	1.84	-9999.9	3	206	-9999.9	31	-9999.9	3	14.8	45.1	167	3	1005.5	-9999.9	12.6	217
2025 03 11 04	0.85	0.79	3.0	3.0	3.0	1.34	-9999.9	3	203	-9999.9	43	-9999.9	3	14.8	8.8	40	3	1005.0	-9999.9	12.4	241
2025 03 11 05	0.83	0.77	2.9	2.9	2.9	1.3	-9999.9	3	200	-9999.9	46	-9999.9	3	14.5	32.7	30	3	1004.9	-9999.9	14.3	233
2025 03 11 06	0.79	0.74	3.0	3.0	3.0	1.18	-9999.9	3	194	-9999.9	51	-9999.9	3	14.6	63.9	43	3	1005.1	-9999.9	13.7	233
2025 03 11 07	0.99	0.92	3.1	3.2	3.5	1.69	-9999.9	3	207	-9999.9	35	-9999.9	3	14.6	20.6	85	3	1005.1	-9999.9	14.8	234
2025 03 11 08	0.89	0.84	3.0	3.0	3.4	1.38	-9999.9	3	198	-9999.9	38	-9999.9	3	14.6	27.0	58	3	1005.8	-9999.9	12.7	240
2025 03 11 09	0.74	0.7	2.8	2.9	3.1	1.34	-9999.9	3	193	-9999.9	45	-9999.9	3	14.7	26.0	53	3	1006.4	-9999.9	11.1	234
2025 03 11 10	0.71	0.67	2.9	2.9	3.0	1.24	-9999.9	3	203	-9999.9	49	-9999.9	3	14.8	43.0	39	3	1006.5	-9999.9	11.7	228
2025 03 11 11	0.71	0.66	3.0	3.0	3.9	1.16	-9999.9	3	202	-9999.9	51	-9999.9	3	14.8	41.1	54	3	1006.5	-9999.9	11.1	264
2025 03 11 12	0.76	0.69	3.1	3.0	3.1	1.23	-9999.9	3	214	-9999.9	41	-9999.9	3	14.8	23.1	81	3	1006.1	-9999.9	11.3	246
2025 03 11 13	0.92	0.84	3.4	3.3	3.4	1.4	-9999.9	3	210	-9999.9	40	-9999.9	3	14.8	24.1	72	3	1005.8	-9999.9	10.7	258
2025 03 11 14	0.85	0.76	3.4	3.3	4.5	1.27	-9999.9	3	204	-9999.9	46	-9999.9	3	14.8	53.5	51	3	1005.3	-9999.9	12.2	251
2025 03 11 15	0.96	0.9	3.7	3.6	7.1	1.42	-9999.9	3	200	-9999.9	42	-9999.9	3	14.7	7.3	47	3	1005.0	-9999.9	12.5	255
2025 03 11 16	1.02	0.97	3.8	3.7	4.4	1.63	-9999.9	3	205	-9999.9	33	-9999.9	3	14.8	21.9	176	3	1004.8	-9999.9	13.4	257
2025 03 11 17	1.08	1.03	4.1	4.1	4.3	1.57	-9999.9	3	212	-9999.9	35	-9999.9	3	15.1	44.0	202	3	1005.5	-9999.9	12.6	255
2025 03 11 18	0.91	0.87	3.5	3.5	4.0	1.4	-9999.9	3	212	-9999.9	38	-9999.9	3	15.1	43.1	199	3	1006.0	-9999.9	12.5	244
2025 03 11 19	0.79	0.74	3.5	3.4	3.5	1.22	-9999.9	3	205	-9999.9	47	-9999.9	3	14.9	13.1	146	3	1007.2	-9999.9	8.8	272
2025 03 11 20	0.72	0.68	3.4	3.4	3.5	1.31	-9999.9	3	220	-9999.9	48	-9999.9	3	14.8	13.6	233	3	1008.1	-9999.9	6.0	263
2025 03 11 21	0.73	0.69	3.7	3.7	3.7	1.06	-9999.9	3	215	-9999.9	35	-9999.9	3	14.8	39.0	217	3	1008.8	-9999.9	4.8	250
2025 03 11 22	0.75	0.71	3.7	3.6	3.9	1.4	-9999.9	3	204	-9999.9	40	-9999.9	3	15.0	-9999.9	-9999.9	3	1009.3	-9999.9	5.4	268
2025 03 11 23	0.66	0.62	3.3	3.3	3.4	1.19	-9999.9	3	212	-9999.9	38	-9999.9	3	14.9	-9999.9	-9999.9	3	1009.7	-9999.9	5.3	252
2025 03 12 00	0.74	0.69	3.5	3.6	5.0	1.12	-9999.9	3	229	-9999.9	45	-9999.9	3	14.8	-9999.9	-9999.9	3	1009.8	-9999.9	7.5	296
2025 03 12 01	0.79	0.74	3.8	3.7	6.5	1.29	-9999.9	3	214	-9999.9	40	-9999.9	3	14.6	-9999.9	-9999.9	3	1009.4	-9999.9	7.5	278
2025 03 12 02	0.7	0.66	4.2	4.1	6.0	1.36	-9999.9	3	190	-9999.9	37	-9999.9	3	14.7	-9999.9	-9999.9	3	1009.6	-9999.9	8.0	264
2025 03 12 03	0.66	0.62	3.9	3.8	5.1	1.06	-9999.9	3	194	-9999.9	41	-9999.9	3	14.9	-9999.9	-9999.9	3	1009.1	-9999.9	8.3	272
2025 03 12 04	0.57	0.53	3.3	3.3	3.7	0.95	-9999.9	3	193	-9999.9	49	-9999.9	3	14.9	-9999.9	-9999.9	3	1009.1	-9999.9	8.4	270
2025 03 12 05	0.48	0.44	3.1	3.1	5.6	0.84	-9999.9	3	212	-9999.9	50	-9999.9	3	14.8	3.0	21	3	1009.2	-9999.9	8.0	270
2025 03 12 06	0.33	0.31	2.9	2.9	5.0	0.51	-9999.9	3	177	-9999.9	59	-9999.9	3	14.7	7.8	30	3	1009.6	-9999.9	7.3	268
2025 03 12 07	0.36	0.32	3.3	3.2	5.8	0.55	-9999.9	3	176	-9999.9	53	-9999.9	3	14.6	13.9	139	3	1010.4	-9999.9	4.4	295
2025 03 12 08	0.34	0.31	3.1	3.1	6.5	0.55	-9999.9	3	178	-9999.9	59	-9999.9	3	14.7	19.1	146	3	1010.1	-9999.9	6.6	265
2025 03 12 09	0.38	0.34	2.8	2.8	6.7	0.62	-9999.9	3	187	-9999.9	52	-9999.9	3	14.8	25.4	171	3	1009.9	-9999.9	8.4	263
2025 03 12 10	0.43	0.41	2.6	2.7	2.6	0.74	-9999.9	3	199	-9999.9	42	-9999.9	3	14.9	24.3	195	3	1010.3	-9999.9	8.3	253
2025 03 12 11	0.51	0.47	2.7	2.6	3.0	0.72	-9999.9	3	220	-9999.9	42	-9999.9	3	14.9	7.7	284	3	1009.9	-9999.9	8.4	229
2025 03 12 12	0.53	0.49	2.9	2.9	3.2	0.82	-9999.9	3	209	-9999.9	45	-9999.9	3	14.8	4.3	42	3	1009.3	-9999.9	8.4	241
2025 03 12 13	0.75	0.71	3.3	3.3	3.5	1.22	-9999.9	3	196	-9999.9	36	-9999.9	3	14.8	-9999.9	-9999.9	3	1008.4	-9999.9	7.5	255
2025 03 12 15	0.57	0.53	3.2	3.2	4.2	0.9	-9999.9	3	191	-9999.9	52	-9999.9	3	14.8	28.6	66	3	1006.6	-9999.9	6.5	259
2025 03 12 16	0.54	0.49	3.3	3.4	6.5	0.77	-9999.9	3	192	-9999.9	53	-9999.9	3	14.8	5.0	48	3	1005.7	-9999.9	6.4	240
2025 03 12 17	0.85	0.8	3.5	3.5	3.5	1.3	-9999.9	3	208	-9999.9	35	-9999.9	3	14.8	11.4	225	3	1004.5	-9999.9	11.6	242
2025 03 12 18	0.92	0.89	3.7	3.6	4.0	1.37	-9999.9	3	216	-9999.9	38	-9999.9	3	14.5	40.1	197	3	1004.8	-9999.9	11.5	274
2025 03 12 19	0.87	0.83	3.4	3.4	3.5	1.46	-9999.9	3	215	-9999.9	41	-9999.9	3	14.5	43.0	197	3	1005.6	-9999.9	8.4	262
2025 03 12 20	0.9	0.87	3.1	3.1	3.4	1.43	-9999.9	3	221	-9999.9	37	-9999.9	3	14.5	10.1	197	3	1005.3	-9999.9	10.3	243
2025 03 12 21	0.79	0.76	3.3	3.3	3.5	1.39	-9999.9	3	213	-9999.9	35	-9999.9	3	14.6	32.7	224	3	1005.5	-9999.9	9.6	242
2025 03 12 22	0.79	0.75	3.6	3.6	3.7	1.57	-9999.9	3	213	-9999.9	41	-9999.9	3	14.6	41.4	170	3	1005.5	-9999.9	6.6	264
2025 03 12 23	0.65	0.61	3.1	3.2	3.3	0.99	-9999.9	3	203	-9999.9	38	-9999.9	3	14.6	20.4	174	3	1004.9	-9999.9	7.8	239
2025 03 13 00	0.54	0.5	2.6	2.7	2.7	0.86	-9999.9	3	207	-9999.9	51	-9999.9	3	14.6	33.4	67	3	1004.1	-9999.9	6.9	241
2025 03 13 01	0.47	0.44	3.0	2.9	3.1	0.75	-9999.9	3	204	-9999.9	55	-9999.9	3	14.5	49.9	41	3	1003.5	-9999.9	4.6	248
2025 03 13 02	0.64	0.6	3.1	3.1	4.2	1.11	-9999.9	3	189	-9999.9	55	-9999.9	3	14.4	53.8	83	3	1001.9	-9999.9	7.4	211
2025 03 13 03	0.61	0.57	3.8	3.7	6.3	0.98	-9999.9	3	197	-9999.9	34	-9999.9	3	14.5	36.6	194	3	1001.0	-9999.9	6.0	208
2025 03 13 04	0.57	0.53	3.3	3.3	3.7	0.88	-9999.9	3	204	-9999.9	45	-9999.9	3	14.6	53.9	208	3	1000.6	-9999.9	9.6	255
2025 03 13 05	0.58	0.53	3.2	3.3	3.7	0.83	-9999.9	3	208	-9999.9	44	-9999.9	3	14.6	39.2	198	3	999.3	-9999.9	6.3	248
2025 03 13 06	1.11	1.07	3.3	3.3	3.8	1.8	-9999.9	3	215	-9999.9	37	-9999.9	3	14.5	10.0	11	3	997.8	-9999.9	15.5	222
2025 03 13 07	0.92	0.88	3.0	3.1	3.4	1.54	-9999.9	3	185	-9999.9	38	-9999.9	3	14.5	29.8	49	3	998.0	-9999.9	14.7	227
2025 03 13 08	1.04	0.98	3.2	3.2	3.5	1.63	-9999.9	3	190	-9999.9	38	-9999.9	3	14.4	14.2	106	3	998.2	-9999.9	13.2	207
2025 03 13 09	1.13	1.08	3.4	3.4	3.7	1.68	-9999.9	3	201	-9999.9	31	-9999.9	3	14.4	29.9	91	3	998.0	-9999.9	14.6	240
2025 03 13 10	0.79	0.74	3.0	3.1	3.6	1.23	-9999.9	3	200	-9999.9	42	-9999.9	3	14.5	44.6	68	3	998.9	-9999.9	12.5	260
2025 03 13 11	1.07	1.01	3.4	3.4	3.9	1.51	-9999.9	3	204	-9999.9	37	-9999.9	3	14.6	26.9	69	3	998.0	-9999.9	15.1	239
2025 03 13 12	1.23	1.15	3.8	3.8	4.3	1.74	-9999.9	3	214	-9999.9	39	-9999.9	3	14.5	46.4	39	3	997.5	-9999.9	17.5	243
2025 03 13 13	1.89	1.78	4.4	4.5	5.2	2.98	-9999.9	3	214	-9999.9	28	-9999.9	3	14.6	59.5	57	3	998.2	-9999.9	15.3	250
2025 03 13 14	1.58	1.49	4.2	4.2	4.7	2.02	-9999.9	3	209	-9999.9	31	-9999.9	3	14.5	40.1	89	3	997.9	-9999.9	15.8	247
2025 03 13 15	1.34	1.25	4.1	4.0	4.9	1.88	-9999.9	3	184	-9999.9	30	-9999.9	3	14.5	27.8	76	3	998.1	-9999.9	16.3	248
2025 03 13 16	1.9	1.81	5.1	5.0	7.7	3.84	-9999.9	3	204	-9999.9	22	-9999.9	3	14.4	10.5	178	3	998.0	-9999.9	16.3	243
2025 03 13 17	2.04	1.93	5.3	5.2	7.2	3.67	-9999.9	3	207	-9999.9	25	-9999.9	3	14.1	38.6	194	3	998.5	-9999.9	15.1	254
2025 03 13 18	1.84	1.73	5.8	5.5	9.5	2.52	-9999.9	3	209	-9999.9	31	-9999.9	3	14.1	61.3	201	3	999.0	-9999.9	14.4	254
2025 03 13 19	1.68	1.59	4.9	4.8	5.2	2.65	-9999.9	3	215	-9999.9	33	-9999.9	3	14.3	58.3	196	3	999.8	-9999.9	12.6	205
2025 03 13 20	1.34	1.26	3.9	3.9	4.2	2.3	-9999.9	3	211	-9999.9	31	-9999.9	3	14.3	36.2	154	3	999.9	-9999.9	14.4	245
2025 03 13 21	0.84	0.77	3.2	3.2	3.5	1.37	-9999.9	3	217	-9999.9	46	-9999.9	3	14.1	23.4	18	3	999.9	-9999.9	12.0	241
2025 03 13 22	0.91	0.84	3.3	3.3	3.3	1.62	-9999.9	3	191	-9999.9	40	-9999.9	3	14.2	20.9	34	3	1000.5	-9999.9	12.3	241
2025 03 13 23	0.8	0.74	3.2	3.2	3.2	1.15	-9999.9	3	201	-9999.9	45	-9999.9	3	14.2	19.6	78	3	999.4	-9999.9	11.4	228
2025 03 14 00	0.64	0.57	2.9	3.0	5.4	0.91	-9999.9	3	186	-9999.9	50	-9999.9	3	14.3	41.3	44	3	998.9	-9999.9	11.1	226
2025 03 14 01	0.7	0.63	3.4	3.4	6.9	0.94	-9999.9	3	188	-9999.9	57	-9999.9	3	14.3	-9999.9	-9999.9	3	998.0	-9999.9	13.1	228
2025 03 14 02	0.86	0.76	3.3	3.4	5.6	1.22	-9999.9	3	207	-9999.9	49	-9999.9	3	14.2	38.9	54	3	997.6	-9999.9	10.6	228
2025 03 14 03	0.6	0.54	4.3	4.3	9.1	0.88	-9999.9	3	166	-9999.9	56	-9999.9	3	14.2	-9999.9	-9999.9	3	998.0	-9999.9	7.0	243
2025 03 14 04	0.86	0.72	3.5	3.6	12.3	1.19	-9999.9	3	196	-9999.9	36	-9999.9	3	14.0	10.9	153	3	998.1	-9999.9	11.7	228
2025 03 14 05	1.05	0.93	4.3	4.3	13.2	1.53	-9999.9	3	199	-9999.9	31	-9999.9	3	13.9	16.9	167	3	998.0	-9999.9	10.6	211
2025 03 14 06	1.26	1.17	4.4	4.6	5.1	1.81	-9999.9	3	197	-9999.9	36	-9999.9	3	14.1	-9999.9	-9999.9	3	998.2	-9999.9	9.1	215
2025 03 14 08	0.61	0.53	4.2	4.2	14.0	0.94	-9999.9	3	181	-9999.9	45	-9999.9	3	14.1	21.4	315	3	999.9	-9999.9	2.9	269
2025 03 14 09	0.63	0.53	4.9	4.8	13.8	0.91	-9999.9	3	186	-9999.9	31	-9999.9	3	14.2	31.5	191	3	1000.8	-9999.9	5.1	240
2025 03 14 10	0.57	0.48	4.2	4.0	14.1	0.86	-9999.9	3	185	-9999.9	37	-9999.9	3	14.5	19.0	178	3	1001.1	-9999.9	7.4	224
2025 03 14 11	0.51	0.43	3.7	3.7	13.5	0.81	-9999.9	3	181	-9999.9	40	-9999.9	3	14.4	20.7	215	3	1002.5	-9999.9	6.3	249
2025 03 14 12	0.52	0.44	3.3	3.4	12.7	0.72	-9999.9	3	188	-9999.9	42	-9999.9	3	14.4	12.5	33	3	1002.5	-9999.9	4.9	243
2025 03 14 13	0.45	0.43	4.7	4.6	9.3	0.64	-9999.9	3	180	-9999.9	51	-9999.9	3	14.5	-9999.9	-9999.9	3	1001.9	-9999.9	6.9	242
2025 03 14 14	0.55	0.49	3.9	3.9	9.7	0.85	-9999.9	3	185	-9999.9	46	-9999.9	3	14.3	-9999.9	-9999.9	3	1002.0	-9999.9	9.7	236
2025 03 14 15	0.68	0.61	4.3	4.4	7.8	1.01	-9999.9	3	171	-9999.9	48	-9999.9	3	14.4	71.8	73	3	1002.5	-9999.9	6.0	249
2025 03 14 16	0.7	0.61	3.9	4.0	12.9	1.05	-9999.9	3	188	-9999.9	46	-9999.9	3	14.4	33.2	98	3	1003.1	-9999.9	6.1	257
2025 03 14 17	0.69	0.62	4.8	4.7	13.1	1.08	-9999.9	3	187	-9999.9	40	-9999.9	3	14.4	34.3	182	3	1004.0	-9999.9	6.4	265
2025 03 14 18	0.88	0.8	4.8	4.7	11.3	1.5	-9999.9	3	201	-9999.9	43	-9999.9	3	14.1	80.5	190	3	1005.0	-9999.9	6.5	263
2025 03 14 19	0.93	0.83	5.0	4.9	13.2	1.36	-9999.9	3	191	-9999.9	39	-9999.9	3	13.9	78.5	188	3	1005.6	-9999.9	9.2	251
2025 03 14 20	0.73	0.68	4.1	4.1	4.0	1.09	-9999.9	3	208	-9999.9	52	-9999.9	3	14.3	91.7	185	3	1006.8	-9999.9	9.1	262
2025 03 14 21	0.55	0.5	3.8	3.7	8.0	0.87	-9999.9	3	198	-9999.9	50	-9999.9	3	14.3	60.8	172	3	1007.9	-9999.9	7.4	262
2025 03 14 22	0.54	0.47	4.1	4.2	14.0	0.79	-9999.9	3	195	-9999.9	43	-9999.9	3	14.2	38.2	171	3	1008.6	-9999.9	6.3	271
2025 03 14 23	0.5	0.45	3.8	3.9	8.7	0.75	-9999.9	3	187	-9999.9	48	-9999.9	3	14.2	29.5	214	3	1009.5	-9999.9	4.7	272
2025 03 15 00	0.57	0.52	3.6	3.5	6.0	0.95	-9999.9	3	194	-9999.9	46	-9999.9	3	14.1	12.2	243	3	1009.4	-9999.9	6.5	278
2025 03 15 01	0.5	0.45	3.6	3.7	8.2	0.81	-9999.9	3	194	-9999.9	48	-9999.9	3	14.2	32.8	56	3	1009.7	-9999.9	6.0	313
2025 03 15 02	0.53	0.49	4.8	4.6	7.3	0.84	-9999.9	3	205	-9999.9	49	-9999.9	3	14.1	67.9	31	3	1010.5	-9999.9	4.2	291
2025 03 15 03	0.65	0.61	4.7	4.5	6.8	0.99	-9999.9	3	206	-9999.9	42	-9999.9	3	13.9	45.5	75	3	1011.1	-9999.9	4.0	267
2025 03 15 04	0.7	0.65	4.6	4.6	7.1	1.27	-9999.9	3	186	-9999.9	48	-9999.9	3	14.0	91.8	76	3	1011.4	-9999.9	5.2	280
2025 03 15 05	0.64	0.59	5.0	5.0	8.3	0.99	-9999.9	3	193	-9999.9	40	-9999.9	3	13.8	-9999.9	-9999.9	3	1012.0	-9999.9	4.7	291
2025 03 15 06	1.11	1.04	6.1	5.9	11.1	1.76	-9999.9	3	206	-9999.9	33	-9999.9	3	13.8	-9999.9	-9999.9	3	1013.0	-9999.9	5.1	252
2025 03 15 07	1.08	1.03	5.1	5.0	7.0	1.84	-9999.9	3	215	-9999.9	38	-9999.9	3	13.9	70.0	209	3	1013.9	-9999.9	6.2	273
2025 03 15 08	0.7	0.66	4.1	4.0	6.6	1.09	-9999.9	3	198	-9999.9	47	-9999.9	3	14.0	34.6	189	3	1014.7	-9999.9	4.9	280
2025 03 15 09	0.56	0.51	3.1	3.1	4.8	0.88	-9999.9	3	210	-9999.9	43	-9999.9	3	13.9	18.3	221	3	1015.3	-9999.9	8.4	283
2025 03 15 10	0.57	0.52	2.9	2.8	4.2	0.87	-9999.9	3	226	-9999.9	48	-9999.9	3	14.0	20.6	251	3	1015.9	-9999.9	8.7	264
2025 03 15 11	0.65	0.59	2.9	2.9	3.5	0.83	-9999.9	3	209	-9999.9	49	-9999.9	3	14.0	10.9	258	3	1016.5	-9999.9	8.2	283
2025 03 15 12	0.61	0.57	2.9	2.9	2.8	1.0	-9999.9	3	215	-9999.9	47	-9999.9	3	13.9	14.5	349	3	1016.6	-9999.9	9.7	261
2025 03 15 13	0.56	0.51	2.6	2.7	2.5	0.83	-9999.9	3	214	-9999.9	55	-9999.9	3	14.2	34.7	15	3	1016.9	-9999.9	10.4	254
2025 03 15 14	0.56	0.49	3.1	3.1	3.6	0.78	-9999.9	3	217	-9999.9	62	-9999.9	3	14.2	73.3	40	3	1016.6	-9999.9	11.6	253
2025 03 15 15	0.69	0.62	3.3	3.3	7.5	1.1	-9999.9	3	211	-9999.9	50	-9999.9	3	14.2	48.9	70	3	1016.5	-9999.9	11.9	256
2025 03 15 16	0.57	0.52	3.4	3.4	7.2	0.92	-9999.9	3	187	-9999.9	48	-9999.9	3	14.2	76.6	83	3	1017.1	-9999.9	9.9	259
2025 03 15 17	0.59	0.54	3.9	3.8	6.3	0.94	-9999.9	3	193	-9999.9	42	-9999.9	3	14.0	-9999.9	-9999.9	3	1017.6	-9999.9	8.9	253
2025 03 15 18	0.53	0.48	4.0	4.1	5.6	1.1	-9999.9	3	200	-9999.9	46	-9999.9	3	13.8	63.2	192	3	1018.4	-9999.9	6.4	263
2025 03 15 19	0.59	0.54	4.3	4.4	9.6	0.92	-9999.9	3	199	-9999.9	48	-9999.9	3	14.0	69.2	212	3	1018.6	-9999.9	6.2	270
2025 03 15 20	0.55	0.51	4.1	4.1	4.5	0.89	-9999.9	3	206	-9999.9	47	-9999.9	3	13.9	79.5	205	3	1019.3	-9999.9	5.4	265
2025 03 15 21	0.56	0.51	3.4	3.4	3.9	0.86	-9999.9	3	212	-9999.9	49	-9999.9	3	13.9	61.5	197	3	1019.6	-9999.9	5.7	264
2025 03 15 22	0.53	0.49	2.9	3.0	3.1	0.7	-9999.9	3	207	-9999.9	50	-9999.9	3	13.8	32.0	170	3	1019.7	-9999.9	5.0	248
2025 03 15 23	0.48	0.45	3.0	3.0	3.6	0.78	-9999.9	3	176	-9999.9	51	-9999.9	3	13.7	31.0	158	3	1019.5	-9999.9	5.3	283
2025 03 16 00	0.46	0.42	3.0	3.1	3.1	0.72	-9999.9	3	191	-9999.9	47	-9999.9	3	13.9	25.6	203	3	1019.2	-9999.9	7.2	239
2025 03 16 01	0.51	0.48	2.9	2.9	3.0	0.79	-9999.9	3	206	-9999.9	48	-9999.9	3	14.0	7.1	48	3	1018.7	-9999.9	7.8	238
2025 03 16 02	0.5	0.45	2.6	2.7	2.5	0.73	-9999.9	3	203	-9999.9	62	-9999.9	3	14.3	-9999.9	-9999.9	3	1018.3	-9999.9	7.7	242
2025 03 16 03	0.58	0.54	2.8	2.8	2.6	0.85	-9999.9	3	200	-9999.9	53	-9999.9	3	14.2	-9999.9	-9999.9	3	1017.9	-9999.9	8.8	236
2025 03 16 04	0.63	0.57	3.4	3.3	3.8	1.0	-9999.9	3	193	-9999.9	57	-9999.9	3	14.1	59.6	72	3	1018.2	-9999.9	3.6	248
2025 03 16 05	0.73	0.68	3.3	3.3	3.4	1.08	-9999.9	3	199	-9999.9	49	-9999.9	3	14.2	63.4	67	3	1018.6	-9999.9	9.0	225
2025 03 16 06	0.5	0.46	3.3	3.3	4.1	0.71	-9999.9	3	196	-9999.9	44	-9999.9	3	13.8	24.3	166	3	1019.0	-9999.9	5.7	242
2025 03 16 07	0.64	0.6	3.8	3.7	3.8	1.2	-9999.9	3	208	-9999.9	47	-9999.9	3	13.8	54.5	193	3	1019.3	-9999.9	8.1	241
2025 03 16 08	0.67	0.64	3.5	3.5	3.6	1.04	-9999.9	3	199	-9999.9	49	-9999.9	3	13.9	68.4	186	3	1019.4	-9999.9	7.2	228
2025 03 16 09	0.51	0.48	3.0	3.0	3.0	0.87	-9999.9	3	201	-9999.9	60	-9999.9	3	13.9	22.5	169	3	1020.1	-9999.9	7.5	260
2025 03 16 10	0.66	0.63	2.8	2.8	2.9	1.08	-9999.9	3	206	-9999.9	48	-9999.9	3	13.9	8.2	130	3	1019.9	-9999.9	9.9	240
2025 03 16 11	0.62	0.59	2.6	2.7	2.8	1.03	-9999.9	3	211	-9999.9	48	-9999.9	3	14.2	12.2	349	3	1019.4	-9999.9	10.6	248
2025 03 16 12	0.58	0.55	2.7	2.7	3.0	0.95	-9999.9	3	212	-9999.9	47	-9999.9	3	14.1	8.7	49	3	1019.2	-9999.9	11.2	247
2025 03 16 13	0.61	0.59	2.7	2.7	3.0	1.11	-9999.9	3	208	-9999.9	45	-9999.9	3	14.2	21.5	38	3	1019.0	-9999.9	10.3	257
2025 03 16 14	0.42	0.39	2.7	2.7	2.8	0.64	-9999.9	3	216	-9999.9	66	-9999.9	3	14.6	68.1	45	3	1018.7	-9999.9	9.8	254
2025 03 16 15	0.44	0.39	2.8	2.8	3.2	0.69	-9999.9	3	194	-9999.9	62	-9999.9	3	14.3	91.8	40	3	1018.0	-9999.9	9.8	252
2025 03 16 16	0.5	0.46	3.1	3.2	4.4	0.83	-9999.9	3	204	-9999.9	56	-9999.9	3	14.3	51.3	66	3	1018.2	-9999.9	8.9	245
2025 03 16 17	0.44	0.39	3.3	3.3	6.4	0.78	-9999.9	3	175	-9999.9	52	-9999.9	3	14.4	68.8	84	3	1018.3	-9999.9	6.4	255
2025 03 16 18	0.52	0.49	3.7	3.6	5.1	0.84	-9999.9	3	195	-9999.9	42	-9999.9	3	14.0	-9999.9	-9999.9	3	1018.4	-9999.9	5.7	238
2025 03 16 19	0.47	0.43	3.9	3.9	5.1	0.69	-9999.9	3	203	-9999.9	45	-9999.9	3	13.8	88.9	172	3	1018.6	-9999.9	4.8	247
2025 03 16 20	0.59	0.56	3.8	3.8	4.1	0.91	-9999.9	3	204	-9999.9	46	-9999.9	3	13.8	89.9	209	3	1018.6	-9999.9	5.3	258
2025 03 16 21	0.58	0.55	3.5	3.5	3.8	0.85	-9999.9	3	211	-9999.9	47	-9999.9	3	13.8	62.5	206	3	1018.4	-9999.9	3.0	242
2025 03 16 22	0.37	0.34	3.0	3.0	3.2	0.56	-9999.9	3	188	-9999.9	60	-9999.9	3	13.9	28.0	148	3	1018.1	-9999.9	5.2	218
2025 03 16 23	0.33	0.31	3.2	3.1	5.1	0.57	-9999.9	3	169	-9999.9	58	-9999.9	3	13.9	43.9	176	3	1018.0	-9999.9	4.0	231
2025 03 17 00	0.25	0.23	3.4	3.4	5.1	0.36	-9999.9	3	157	-9999.9	63	-9999.9	3	13.9	32.6	224	3	1017.4	-9999.9	3.8	257
2025 03 17 01	0.31	0.29	3.6	3.5	5.7	0.53	-9999.9	3	197	-9999.9	49	-9999.9	3	13.9	18.5	218	3	1016.7	-9999.9	2.9	222
2025 03 17 02	0.23	0.22	3.3	3.2	5.1	0.32	-9999.9	3	123	-9999.9	60	-9999.9	3	14.0	17.2	1	3	1016.0	-9999.9	0.9	167
2025 03 17 03	0.28	0.26	4.3	4.1	6.1	0.48	-9999.9	3	150	-9999.9	58	-9999.9	3	14.9	-9999.9	-9999.9	3	1015.0	-9999.9	5.2	149
2025 03 17 04	0.48	0.44	3.7	3.7	6.2	0.77	-9999.9	3	183	-9999.9	50	-9999.9	3	14.8	49.9	63	3	1014.2	-9999.9	5.7	148
2025 03 17 05	0.56	0.53	3.7	3.6	4.2	0.87	-9999.9	3	128	-9999.9	54	-9999.9	3	14.7	75.9	73	3	1013.9	-9999.9	5.3	144
2025 03 17 06	0.62	0.58	3.7	3.7	5.2	1.13	-9999.9	3	129	-9999.9	56	-9999.9	3	14.3	38.4	81	3	1013.7	-9999.9	4.7	145
2025 03 17 07	0.58	0.56	4.1	3.9	5.1	0.82	-9999.9	3	193	-9999.9	46	-9999.9	3	14.0	3.9	183	3	1014.0	-9999.9	3.3	126
2025 03 17 08	0.6	0.57	4.3	4.2	5.8	0.84	-9999.9	3	193	-9999.9	51	-9999.9	3	13.9	-9999.9	-9999.9	3	1015.3	-9999.9	1.9	108
2025 03 17 09	0.59	0.56	3.8	3.8	4.8	0.91	-9999.9	3	198	-9999.9	48	-9999.9	3	13.9	-9999.9	-9999.9	3	1014.9	-9999.9	4.6	103
2025 03 17 10	0.39	0.36	2.9	3.0	5.5	0.67	-9999.9	3	155	-9999.9	59	-9999.9	3	13.9	20.3	207	3	1014.7	-9999.9	4.7	103
2025 03 17 11	0.45	0.42	3.9	3.9	8.2	0.74	-9999.9	3	144	-9999.9	56	-9999.9	3	13.9	22.7	239	3	1014.9	-9999.9	4.3	82
2025 03 17 12	0.47	0.44	3.3	3.2	4.7	0.71	-9999.9	3	111	-9999.9	45	-9999.9	3	14.8	10.5	349	3	1014.1	-9999.9	6.8	89
2025 03 17 13	0.5	0.46	2.8	2.8	2.8	0.77	-9999.9	3	105	-9999.9	49	-9999.9	3	14.5	8.9	126	3	1013.1	-9999.9	6.3	78
2025 03 17 14	0.44	0.4	3.4	3.4	8.6	0.82	-9999.9	3	107	-9999.9	47	-9999.9	3	14.3	19.6	10	3	1012.2	-9999.9	5.8	83
2025 03 17 15	0.39	0.37	3.9	3.9	4.8	0.58	-9999.9	3	95	-9999.9	51	-9999.9	3	14.9	-9999.9	-9999.9	3	1012.1	-9999.9	4.5	113
2025 03 17 16	0.5	0.48	4.4	4.3	7.1	0.77	-9999.9	3	175	-9999.9	46	-9999.9	3	14.8	35.0	67	3	1011.8	-9999.9	4.9	121
2025 03 17 17	0.51	0.49	3.8	3.9	6.0	0.87	-9999.9	3	152	-9999.9	60	-9999.9	3	14.7	53.2	76	3	1011.5	-9999.9	7.0	215
2025 03 17 18	0.65	0.61	3.3	3.3	4.7	1.11	-9999.9	3	183	-9999.9	45	-9999.9	3	14.5	15.7	139	3	1011.3	-9999.9	7.0	207
2025 03 17 19	0.66	0.62	3.7	3.8	6.0	1.1	-9999.9	3	181	-9999.9	50	-9999.9	3	13.9	57.8	171	3	1010.9	-9999.9	8.3	145
2025 03 17 20	0.94	0.89	4.3	4.3	6.4	1.54	-9999.9	3	198	-9999.9	45	-9999.9	3	13.9	64.4	191	3	1010.6	-9999.9	9.4	156
2025 03 17 21	0.89	0.83	3.7	3.7	4.7	1.3	-9999.9	3	164	-9999.9	46	-9999.9	3	14.0	59.2	201	3	1010.1	-9999.9	10.0	156
2025 03 17 22	0.81	0.76	3.4	3.4	5.0	1.16	-9999.9	3	150	-9999.9	47	-9999.9	3	14.0	34.1	175	3	1010.0	-9999.9	10.9	165
2025 03 17 23	0.92	0.87	3.8	3.8	5.9	1.51	-9999.9	3	142	-9999.9	44	-9999.9	3	14.1	26.7	238	3	1010.4	-9999.9	6.1	224
2025 03 18 00	1.33	1.27	3.8	3.8	4.2	2.68	-9999.9	3	177	-9999.9	42	-9999.9	3	14.3	13.7	322	3	1008.7	-9999.9	14.3	210
2025 03 18 01	1.61	1.54	4.1	4.0	4.4	2.65	-9999.9	3	192	-9999.9	38	-9999.9	3	14.1	1.2	204	3	1007.9	-9999.9	15.0	203
2025 03 18 02	1.17	1.09	3.9	3.8	4.1	2.01	-9999.9	3	191	-9999.9	47	-9999.9	3	14.2	27.6	31	3	1008.0	-9999.9	14.5	226
2025 03 18 03	0.8	0.79	4.9	4.5	5.9	1.27	-9999.9	3	168	-9999.9	60	-9999.9	3	14.8	-9999.9	-9999.9	3	1008.5	-9999.9	14.7	232
2025 03 18 04	1.35	1.25	4.5	4.3	5.6	1.82	-9999.9	3	201	-9999.9	49	-9999.9	3	14.9	51.1	58	3	1008.9	-9999.9	12.0	246
2025 03 18 05	0.83	0.76	4.5	4.5	6.6	1.4	-9999.9	3	162	-9999.9	53	-9999.9	3	14.6	88.5	70	3	1010.2	-9999.9	11.1	265
2025 03 18 06	1.13	1.04	4.6	4.6	6.6	1.77	-9999.9	3	183	-9999.9	41	-9999.9	3	14.5	-9999.9	-9999.9	3	1011.4	-9999.9	8.5	271
2025 03 18 07	1.25	1.14	5.3	5.2	7.5	1.73	-9999.9	3	196	-9999.9	35	-9999.9	3	13.8	-9999.9	-9999.9	3	1012.5	-9999.9	9.3	259
2025 03 18 08	1.27	1.22	5.5	5.5	8.6	1.91	-9999.9	3	195	-9999.9	38	-9999.9	3	13.9	41.0	161	3	1013.9	-9999.9	8.8	270
2025 03 18 09	0.94	0.87	4.8	4.8	7.8	1.43	-9999.9	3	188	-9999.9	47	-9999.9	3	13.9	83.8	194	3	1014.8	-9999.9	9.2	265
2025 03 18 10	0.83	0.74	3.9	3.8	9.6	1.26	-9999.9	3	184	-9999.9	49	-9999.9	3	14.1	40.6	135	3	1015.1	-9999.9	10.0	249
2025 03 18 11	0.97	0.9	4.0	4.0	9.3	1.51	-9999.9	3	209	-9999.9	50	-9999.9	3	14.0	42.3	32	3	1015.3	-9999.9	11.1	245
2025 03 18 12	1.07	0.97	3.8	3.8	4.0	1.46	-9999.9	3	217	-9999.9	39	-9999.9	3	14.1	15.7	243	3	1015.4	-9999.9	10.8	232
2025 03 18 13	0.9	0.83	3.4	3.5	3.5	1.39	-9999.9	3	200	-9999.9	44	-9999.9	3	14.2	19.8	144	3	1014.8	-9999.9	11.0	247
2025 03 18 14	0.81	0.75	3.3	3.2	3.3	1.38	-9999.9	3	199	-9999.9	45	-9999.9	3	14.1	17.1	103	3	1015.0	-9999.9	9.4	252
2025 03 18 15	0.67	0.59	3.2	3.2	5.7	0.99	-9999.9	3	180	-9999.9	60	-9999.9	3	14.8	-9999.9	-9999.9	3	1015.2	-9999.9	9.3	237
2025 03 18 16	0.67	0.6	3.9	3.8	8.4	1.03	-9999.9	3	189	-9999.9	54	-9999.9	3	14.6	-9999.9	-9999.9	3	1015.7	-9999.9	8.6	236
2025 03 18 17	0.7	0.63	4.0	4.0	7.9	1.01	-9999.9	3	172	-9999.9	53	-9999.9	3	14.6	63.8	68	3	1016.0	-9999.9	7.1	245
2025 03 18 18	0.6	0.54	4.0	4.1	8.2	0.91	-9999.9	3	175	-9999.9	49	-9999.9	3	14.5	49.2	87	3	1016.2	-9999.9	7.4	260
2025 03 18 19	0.7	0.64	4.9	5.0	12.4	0.96	-9999.9	3	179	-9999.9	41	-9999.9	3	14.2	16.6	172	3	1016.6	-9999.9	4.9	241
2025 03 18 20	0.82	0.76	5.1	5.0	7.5	1.22	-9999.9	3	198	-9999.9	49	-9999.9	3	13.8	65.9	183	3	1017.1	-9999.9	3.6	267
2025 03 18 21	0.66	0.61	4.0	3.9	4.5	0.93	-9999.9	3	196	-9999.9	53	-9999.9	3	13.9	71.1	208	3	1017.1	-9999.9	2.5	271
2025 03 18 22	0.56	0.52	4.3	4.1	8.1	0.93	-9999.9	3	153	-9999.9	56	-9999.9	3	13.8	49.4	190	3	1017.3	-9999.9	0.7	19
2025 03 18 23	0.44	0.4	4.5	4.4	13.3	0.61	-9999.9	3	166	-9999.9	46	-9999.9	3	14.0	34.9	165	3	1017.4	-9999.9	0.9	350
2025 03 19 00	0.37	0.34	4.4	4.5	11.3	0.59	-9999.9	3	173	-9999.9	50	-9999.9	3	13.9	41.9	202	3	1017.4	-9999.9	2.3	15
2025 03 19 01	0.39	0.36	4.6	4.6	8.7	0.59	-9999.9	3	178	-9999.9	45	-9999.9	3	14.0	27.2	225	3	1017.2	-9999.9	2.3	0
2025 03 19 02	0.43	0.4	4.9	4.8	8.0	0.61	-9999.9	3	185	-9999.9	45	-9999.9	3	13.9	15.3	267	3	1016.9	-9999.9	3.2	357
2025 03 19 03	0.41	0.38	4.8	4.6	9.5	0.7	-9999.9	3	176	-9999.9	44	-9999.9	3	14.0	2.3	65	3	1016.1	-9999.9	3.8	359
2025 03 19 04	0.49	0.45	4.3	4.3	8.2	0.85	-9999.9	3	179	-9999.9	47	-9999.9	3	14.7	29.8	33	3	1016.1	-9999.9	3.8	359
2025 03 19 05	0.51	0.47	4.3	4.3	8.1	0.78	-9999.9	3	174	-9999.9	44	-9999.9	3	15.0	35.1	58	3	1016.0	-9999.9	3.3	2
2025 03 19 06	0.56	0.52	4.0	3.9	8.5	0.86	-9999.9	3	167	-9999.9	45	-9999.9	3	14.8	31.3	62	3	1015.9	-9999.9	5.5	125
2025 03 19 07	0.67	0.62	3.8	3.7	4.7	1.05	-9999.9	3	160	-9999.9	47	-9999.9	3	14.9	27.9	115	3	1016.0	-9999.9	5.7	112
2025 03 19 08	0.64	0.59	3.8	3.7	6.2	0.86	-9999.9	3	145	-9999.9	52	-9999.9	3	14.7	12.8	224	3	1016.2	-9999.9	5.7	106
2025 03 19 09	0.53	0.49	3.5	3.4	3.9	0.75	-9999.9	3	148	-9999.9	55	-9999.9	3	14.5	38.6	238	3	1016.5	-9999.9	6.1	71
2025 03 19 10	0.52	0.48	3.4	3.5	7.7	0.76	-9999.9	3	171	-9999.9	52	-9999.9	3	14.3	64.8	220	3	1016.9	-9999.9	5.9	68
2025 03 19 11	0.54	0.49	3.1	3.2	4.9	0.73	-9999.9	3	115	-9999.9	57	-9999.9	3	14.1	51.6	222	3	1016.4	-9999.9	6.6	72
2025 03 19 12	0.63	0.59	2.8	2.8	3.1	1.01	-9999.9	3	105	-9999.9	44	-9999.9	3	14.2	28.1	170	3	1015.9	-9999.9	7.0	77
2025 03 19 13	0.58	0.56	3.1	3.0	3.5	0.92	-9999.9	3	99	-9999.9	46	-9999.9	3	14.2	18.9	243	3	1015.2	-9999.9	7.1	89
2025 03 19 14	0.78	0.72	3.4	3.4	4.2	1.24	-9999.9	3	96	-9999.9	42	-9999.9	3	14.2	40.3	220	3	1014.6	-9999.9	7.1	72
2025 03 19 15	0.95	0.9	3.9	3.8	5.5	1.85	-9999.9	3	100	-9999.9	37	-9999.9	3	14.1	18.8	210	3	1013.8	-9999.9	6.2	72
2025 03 19 16	0.99	0.93	4.2	4.0	5.5	1.88	-9999.9	3	104	-9999.9	35	-9999.9	3	15.2	20.8	152	3	1012.9	-9999.9	6.4	71
2025 03 19 17	1.07	1.04	5.0	5.0	6.5	1.72	-9999.9	3	96	-9999.9	36	-9999.9	3	16.1	33.5	61	3	1012.8	-9999.9	4.6	81
2025 03 19 18	1.0	0.96	4.8	4.7	6.6	1.58	-9999.9	3	109	-9999.9	41	-9999.9	3	15.4	29.8	66	3	1012.4	-9999.9	5.4	85
2025 03 19 19	1.39	1.35	4.8	4.8	6.5	2.19	-9999.9	3	101	-9999.9	35	-9999.9	3	15.4	27.6	83	3	1012.5	-9999.9	6.4	114
2025 03 19 20	1.35	1.3	5.1	4.9	6.9	2.09	-9999.9	3	111	-9999.9	38	-9999.9	3	15.3	20.7	185	3	1013.2	-9999.9	6.5	110
2025 03 19 21	1.18	1.12	4.8	4.7	7.1	1.58	-9999.9	3	125	-9999.9	40	-9999.9	3	14.4	64.4	203	3	1013.4	-9999.9	7.2	109
2025 03 19 22	1.33	1.27	4.8	4.8	6.7	2.12	-9999.9	3	124	-9999.9	38	-9999.9	3	14.4	60.3	210	3	1013.6	-9999.9	5.8	118
2025 03 19 23	1.37	1.3	4.8	4.6	6.7	2.29	-9999.9	3	131	-9999.9	37	-9999.9	3	14.4	54.6	212	3	1013.5	-9999.9	6.0	99
2025 03 20 00	1.69	1.61	5.2	5.0	7.3	2.13	-9999.9	3	118	-9999.9	30	-9999.9	3	14.4	29.0	174	3	1012.5	-9999.9	8.1	106
2025 03 20 01	1.33	1.25	4.7	4.6	7.2	1.91	-9999.9	3	113	-9999.9	38	-9999.9	3	14.4	5.4	141	3	1013.1	-9999.9	5.4	88
2025 03 20 02	1.3	1.25	5.1	5.0	7.2	1.95	-9999.9	3	112	-9999.9	38	-9999.9	3	14.6	26.2	267	3	1012.5	-9999.9	4.5	89
2025 03 20 03	1.3	1.27	5.7	5.6	7.7	2.03	-9999.9	3	114	-9999.9	33	-9999.9	3	14.7	5.8	248	3	1012.2	-9999.9	4.3	71
2025 03 20 04	1.53	1.47	6.3	6.3	7.8	2.42	-9999.9	3	112	-9999.9	36	-9999.9	3	14.6	26.0	260	3	1012.9	-9999.9	3.2	126
2025 03 20 05	1.71	1.67	6.8	6.6	8.6	2.81	-9999.9	3	102	-9999.9	31	-9999.9	3	14.6	11.2	89	3	1012.8	-9999.9	2.5	167
2025 03 20 06	1.71	1.62	6.7	6.7	8.4	2.52	-9999.9	3	106	-9999.9	32	-9999.9	3	15.0	9.2	54	3	1013.7	-9999.9	3.1	109
2025 03 20 07	1.94	1.88	7.1	6.8	8.7	2.69	-9999.9	3	109	-9999.9	30	-9999.9	3	15.0	17.6	201	3	1014.2	-9999.9	2.6	106
2025 03 20 08	2.08	2.01	7.0	6.9	9.2	3.63	-9999.9	3	107	-9999.9	33	-9999.9	3	14.6	31.0	191	3	1014.5	-9999.9	3.5	86
2025 03 20 09	1.98	1.94	6.3	6.5	8.3	2.83	-9999.9	3	117	-9999.9	38	-9999.9	3	14.6	66.6	180	3	1015.3	-9999.9	2.9	95
2025 03 20 10	1.77	1.71	6.0	6.2	8.2	2.88	-9999.9	3	125	-9999.9	40	-9999.9	3	14.8	67.8	199	3	1015.2	-9999.9	3.6	80
2025 03 20 11	1.64	1.58	5.9	5.7	8.2	2.26	-9999.9	3	156	-9999.9	43	-9999.9	3	14.8	57.2	214	3	1014.9	-9999.9	2.9	94
2025 03 20 12	1.44	1.38	5.3	5.2	8.1	2.17	-9999.9	3	130	-9999.9	42	-9999.9	3	14.9	50.3	206	3	1014.1	-9999.9	5.1	51
2025 03 20 13	1.42	1.35	5.3	5.1	7.9	2.54	-9999.9	3	118	-9999.9	40	-9999.9	3	14.8	43.1	179	3	1013.2	-9999.9	5.3	53
2025 03 20 14	1.11	1.06	5.4	5.2	8.1	1.89	-9999.9	3	120	-9999.9	40	-9999.9	3	15.0	3.7	227	3	1012.1	-9999.9	4.5	72
2025 03 20 15	1.16	1.11	6.0	6.0	8.5	1.77	-9999.9	3	113	-9999.9	38	-9999.9	3	15.2	25.5	310	3	1011.8	-9999.9	3.7	77
2025 03 20 16	1.21	1.19	6.2	6.2	7.9	1.75	-9999.9	3	109	-9999.9	38	-9999.9	3	15.2	27.4	360	3	1011.7	-9999.9	2.7	81
2025 03 20 17	1.43	1.41	6.6	6.4	8.1	2.22	-9999.9	3	113	-9999.9	33	-9999.9	3	15.2	24.8	9	3	1012.0	-9999.9	2.5	5
2025 03 20 18	1.36	1.32	6.5	6.4	8.4	2.42	-9999.9	3	109	-9999.9	38	-9999.9	3	15.2	18.0	46	3	1011.8	-9999.9	4.1	169
2025 03 20 19	1.27	1.19	5.0	5.1	8.6	1.9	-9999.9	3	124	-9999.9	39	-9999.9	3	15.2	12.4	192	3	1012.9	-9999.9	10.9	234
2025 03 20 20	1.19	1.12	5.0	4.9	7.7	1.71	-9999.9	3	127	-9999.9	40	-9999.9	3	15.1	9.6	217	3	1013.3	-9999.9	9.0	213
2025 03 20 21	1.38	1.27	4.7	4.6	7.3	1.96	-9999.9	3	157	-9999.9	40	-9999.9	3	14.8	39.0	207	3	1013.5	-9999.9	10.6	231
2025 03 20 22	1.45	1.33	4.6	4.6	7.1	1.98	-9999.9	3	158	-9999.9	43	-9999.9	3	14.7	54.9	180	3	1013.5	-9999.9	9.8	218
2025 03 20 23	1.32	1.22	3.9	4.0	4.2	2.62	-9999.9	3	181	-9999.9	40	-9999.9	3	14.6	12.8	143	3	1013.2	-9999.9	11.1	222
2025 03 21 00	1.03	0.94	3.5	3.7	6.8	1.69	-9999.9	3	171	-9999.9	47	-9999.9	3	14.6	20.0	345	3	1013.6	-9999.9	10.7	238
2025 03 21 01	1.05	0.97	3.5	3.6	4.0	1.61	-9999.9	3	179	-9999.9	44	-9999.9	3	14.7	21.5	49	3	1013.6	-9999.9	12.4	235
2025 03 21 02	1.26	1.17	3.9	3.9	4.3	2.06	-9999.9	3	203	-9999.9	39	-9999.9	3	15.0	32.2	66	3	1013.8	-9999.9	12.5	247
2025 03 21 03	1.12	1.05	4.0	3.9	4.2	1.73	-9999.9	3	194	-9999.9	42	-9999.9	3	15.0	32.7	57	3	1013.9	-9999.9	11.4	271
2025 03 21 04	0.89	0.81	3.8	3.8	7.6	1.31	-9999.9	3	186	-9999.9	48	-9999.9	3	15.4	51.1	62	3	1014.5	-9999.9	9.7	265
2025 03 21 05	0.89	0.84	4.0	3.8	7.7	1.26	-9999.9	3	192	-9999.9	48	-9999.9	3	15.3	54.2	77	3	1015.7	-9999.9	8.3	265
2025 03 21 06	0.81	0.73	3.8	3.8	9.4	1.14	-9999.9	3	190	-9999.9	45	-9999.9	3	15.2	49.3	76	3	1016.1	-9999.9	10.1	262
2025 03 21 07	0.86	0.79	3.9	3.8	6.2	1.24	-9999.9	3	190	-9999.9	42	-9999.9	3	15.1	16.8	99	3	1017.1	-9999.9	6.8	256
2025 03 21 08	0.98	0.92	4.3	4.4	8.0	1.46	-9999.9	3	186	-9999.9	42	-9999.9	3	14.2	46.9	181	3	1017.6	-9999.9	7.9	250
2025 03 21 09	1.1	1.02	4.2	4.2	6.2	1.45	-9999.9	3	202	-9999.9	38	-9999.9	3	14.3	39.5	196	3	1017.8	-9999.9	8.5	228
2025 03 21 10	1.14	1.08	4.4	4.2	5.8	1.78	-9999.9	3	209	-9999.9	39	-9999.9	3	14.3	43.0	169	3	1018.2	-9999.9	9.6	241
2025 03 21 11	1.41	1.33	4.4	4.2	4.2	2.26	-9999.9	3	209	-9999.9	33	-9999.9	3	14.4	41.6	184	3	1017.8	-9999.9	11.0	233
2025 03 21 12	1.01	0.94	3.6	3.6	3.8	1.56	-9999.9	3	214	-9999.9	42	-9999.9	3	14.5	30.0	167	3	1017.5	-9999.9	11.4	246
2025 03 21 13	1.03	0.97	3.5	3.5	3.9	1.56	-9999.9	3	214	-9999.9	38	-9999.9	3	14.5	9.4	125	3	1017.0	-9999.9	11.9	255
2025 03 21 14	1.23	1.14	3.8	3.7	4.1	1.98	-9999.9	3	216	-9999.9	37	-9999.9	3	14.9	18.9	22	3	1016.2	-9999.9	11.6	239
2025 03 21 15	1.14	1.08	3.6	3.6	3.9	1.77	-9999.9	3	209	-9999.9	36	-9999.9	3	14.8	30.1	62	3	1016.1	-9999.9	11.8	253
2025 03 21 16	1.07	1.0	3.5	3.5	3.8	1.55	-9999.9	3	203	-9999.9	41	-9999.9	3	14.7	37.8	69	3	1015.6	-9999.9	12.0	236
2025 03 21 17	1.01	0.95	3.3	3.4	3.6	1.45	-9999.9	3	203	-9999.9	44	-9999.9	3	14.9	59.0	64	3	1015.7	-9999.9	12.2	224
2025 03 21 18	1.19	1.1	3.7	3.7	4.0	1.85	-9999.9	3	211	-9999.9	43	-9999.9	3	14.7	46.3	80	3	1015.6	-9999.9	11.3	246
2025 03 21 19	1.1	1.01	3.7	3.7	4.2	1.54	-9999.9	3	195	-9999.9	37	-9999.9	3	14.8	58.3	80	3	1015.7	-9999.9	12.1	236
2025 03 21 20	1.13	1.02	3.6	3.7	4.0	2.09	-9999.9	3	197	-9999.9	35	-9999.9	3	14.7	15.6	107	3	1016.1	-9999.9	12.0	253
2025 03 21 21	1.06	0.99	3.7	3.7	3.9	1.46	-9999.9	3	201	-9999.9	39	-9999.9	3	14.6	5.9	72	3	1015.9	-9999.9	12.3	230
2025 03 21 22	0.87	0.79	3.5	3.5	4.1	1.37	-9999.9	3	194	-9999.9	44	-9999.9	3	14.3	9.9	358	3	1016.1	-9999.9	10.5	238
2025 03 21 23	0.75	0.69	3.0	3.0	3.0	1.09	-9999.9	3	198	-9999.9	54	-9999.9	3	14.5	40.2	6	3	1015.7	-9999.9	10.4	252
2025 03 22 02	0.69	0.64	3.2	3.2	3.7	1.09	-9999.9	3	217	-9999.9	61	-9999.9	3	15.4	32.6	60	3	1015.3	-9999.9	6.0	314
2025 03 22 03	0.75	0.7	3.7	3.5	6.6	1.12	-9999.9	3	205	-9999.9	58	-9999.9	3	15.4	32.4	61	3	1014.9	-9999.9	6.9	294
2025 03 22 04	0.73	0.67	3.8	3.8	6.7	1.22	-9999.9	3	207	-9999.9	48	-9999.9	3	15.4	33.3	44	3	1015.2	-9999.9	6.8	264
2025 03 22 05	0.66	0.61	4.1	4.0	8.0	1.04	-9999.9	3	206	-9999.9	41	-9999.9	3	15.3	37.5	48	3	1016.1	-9999.9	6.9	311
2025 03 22 06	0.51	0.47	3.8	3.8	7.1	0.87	-9999.9	3	202	-9999.9	56	-9999.9	3	15.2	32.9	67	3	1016.6	-9999.9	6.0	288
2025 03 22 07	0.45	0.42	4.6	4.5	8.2	0.66	-9999.9	3	186	-9999.9	53	-9999.9	3	15.2	37.6	61	3	1017.2	-9999.9	3.6	251
2025 03 22 08	0.52	0.48	4.4	4.3	8.3	0.76	-9999.9	3	180	-9999.9	50	-9999.9	3	15.2	42.9	71	3	1017.6	-9999.9	6.6	275
2025 03 22 09	0.59	0.55	4.5	4.4	8.1	0.86	-9999.9	3	193	-9999.9	41	-9999.9	3	15.0	14.8	110	3	1017.9	-9999.9	9.1	282
2025 03 22 10	0.76	0.71	4.1	4.0	7.1	1.13	-9999.9	3	202	-9999.9	36	-9999.9	3	14.2	42.1	191	3	1018.2	-9999.9	9.0	274
2025 03 22 11	0.77	0.71	3.9	3.8	5.2	1.47	-9999.9	3	201	-9999.9	42	-9999.9	3	14.3	44.8	189	3	1017.7	-9999.9	9.3	254
2025 03 22 12	0.84	0.79	3.8	3.7	3.8	1.3	-9999.9	3	210	-9999.9	37	-9999.9	3	14.2	48.0	190	3	1017.3	-9999.9	10.3	251
2025 03 22 13	0.79	0.73	3.3	3.3	3.5	1.22	-9999.9	3	209	-9999.9	42	-9999.9	3	14.1	26.8	193	3	1016.6	-9999.9	10.2	266
2025 03 22 14	0.83	0.79	3.2	3.2	3.1	1.28	-9999.9	3	200	-9999.9	43	-9999.9	3	14.1	7.9	206	3	1015.8	-9999.9	10.9	251
2025 03 22 15	0.97	0.92	3.5	3.4	3.6	1.59	-9999.9	3	215	-9999.9	35	-9999.9	3	14.9	30.1	0	3	1015.4	-9999.9	10.7	259
2025 03 22 16	0.9	0.85	3.3	3.3	3.5	1.61	-9999.9	3	210	-9999.9	36	-9999.9	3	14.7	12.0	46	3	1015.6	-9999.9	8.7	271
2025 03 22 17	0.97	0.9	3.6	3.6	4.4	1.48	-9999.9	3	219	-9999.9	40	-9999.9	3	14.7	21.2	86	3	1015.9	-9999.9	6.3	283
2025 03 22 18	1.08	1.02	3.7	3.7	4.5	1.87	-9999.9	3	212	-9999.9	36	-9999.9	3	14.7	25.7	58	3	1016.5	-9999.9	5.0	278
2025 03 22 19	0.83	0.77	3.7	3.6	6.0	1.27	-9999.9	3	206	-9999.9	42	-9999.9	3	14.5	40.6	60	3	1017.0	-9999.9	4.6	284
2025 03 22 20	0.8	0.75	3.8	3.8	6.6	1.16	-9999.9	3	214	-9999.9	55	-9999.9	3	14.5	36.6	62	3	1017.4	-9999.9	4.2	284
2025 03 22 21	0.73	0.67	3.5	3.5	4.9	1.03	-9999.9	3	195	-9999.9	47	-9999.9	3	14.7	49.4	62	3	1017.5	-9999.9	5.6	267
2025 03 22 22	0.69	0.64	3.6	3.6	7.0	0.96	-9999.9	3	185	-9999.9	47	-9999.9	3	14.7	58.0	67	3	1017.4	-9999.9	5.3	283
2025 03 22 23	0.6	0.55	3.6	3.6	6.2	1.07	-9999.9	3	186	-9999.9	53	-9999.9	3	15.1	59.3	59	3	1016.9	-9999.9	5.4	289
2025 03 23 00	0.52	0.48	3.5	3.4	6.6	0.78	-9999.9	3	186	-9999.9	47	-9999.9	3	15.0	33.3	59	3	1016.1	-9999.9	6.6	277
2025 03 23 01	0.63	0.57	3.4	3.4	6.1	0.93	-9999.9	3	193	-9999.9	49	-9999.9	3	14.9	26.1	62	3	1015.6	-9999.9	5.4	290
2025 03 23 02	0.56	0.51	3.4	3.3	5.2	0.87	-9999.9	3	209	-9999.9	53	-9999.9	3	15.1	45.1	52	3	1014.7	-9999.9	5.2	287
2025 03 23 03	0.59	0.54	3.4	3.4	5.9	1.03	-9999.9	3	210	-9999.9	49	-9999.9	3	15.2	38.8	56	3	1013.7	-9999.9	7.3	289
2025 03 23 04	0.55	0.5	3.4	3.4	6.2	0.83	-9999.9	3	210	-9999.9	52	-9999.9	3	15.2	34.1	54	3	1013.3	-9999.9	7.2	272
2025 03 23 05	0.6	0.57	3.6	3.5	5.6	0.92	-9999.9	3	212	-9999.9	47	-9999.9	3	15.1	35.2	54	3	1012.7	-9999.9	4.7	292
2025 03 23 06	0.72	0.68	3.4	3.3	4.4	1.39	-9999.9	3	206	-9999.9	49	-9999.9	3	15.1	36.3	57	3	1012.5	-9999.9	5.6	316
2025 03 23 07	0.78	0.73	3.5	3.4	3.8	1.25	-9999.9	3	206	-9999.9	49	-9999.9	3	15.0	33.6	65	3	1012.9	-9999.9	7.9	260
2025 03 23 08	0.7	0.64	3.6	3.6	6.3	1.06	-9999.9	3	193	-9999.9	49	-9999.9	3	15.1	36.7	71	3	1012.5	-9999.9	4.7	225
2025 03 23 09	0.68	0.63	3.3	3.3	5.0	1.07	-9999.9	3	197	-9999.9	46	-9999.9	3	15.0	27.8	81	3	1012.2	-9999.9	8.3	255
2025 03 23 10	0.72	0.68	3.5	3.5	4.3	1.22	-9999.9	3	205	-9999.9	44	-9999.9	3	14.9	21.6	72	3	1012.4	-9999.9	6.0	332
2025 03 23 11	0.69	0.65	3.8	3.7	6.7	1.27	-9999.9	3	185	-9999.9	54	-9999.9	3	14.8	12.2	135	3	1012.1	-9999.9	6.7	261
2025 03 23 12	0.89	0.83	3.9	3.9	6.6	1.46	-9999.9	3	206	-9999.9	37	-9999.9	3	14.2	17.7	183	3	1011.1	-9999.9	11.3	249
2025 03 23 13	1.25	1.2	4.4	4.4	6.0	1.71	-9999.9	3	213	-9999.9	33	-9999.9	3	14.3	26.5	199	3	1011.2	-9999.9	9.0	290
2025 03 23 14	1.09	1.01	4.1	4.1	4.9	2.02	-9999.9	3	210	-9999.9	37	-9999.9	3	14.3	22.4	193	3	1011.4	-9999.9	9.4	289
2025 03 23 15	1.08	1.02	3.9	3.8	4.3	1.61	-9999.9	3	211	-9999.9	38	-9999.9	3	14.2	13.9	231	3	1011.9	-9999.9	10.2	265
2025 03 23 16	1.02	0.96	3.8	3.9	5.1	1.72	-9999.9	3	213	-9999.9	39	-9999.9	3	14.2	8.5	225	3	1012.4	-9999.9	6.8	239
2025 03 23 17	0.89	0.82	3.6	3.6	4.9	1.36	-9999.9	3	211	-9999.9	39	-9999.9	3	14.2	9.3	308	3	1013.1	-9999.9	7.3	267
2025 03 23 18	0.71	0.65	3.3	3.4	4.9	1.03	-9999.9	3	209	-9999.9	44	-9999.9	3	14.2	6.0	11	3	1013.7	-9999.9	7.8	255
2025 03 23 19	1.01	0.94	3.8	3.9	4.8	1.67	-9999.9	3	213	-9999.9	36	-9999.9	3	14.2	12.0	80	3	1014.7	-9999.9	6.0	267
2025 03 23 20	0.8	0.74	3.6	3.6	4.8	1.33	-9999.9	3	204	-9999.9	57	-9999.9	3	14.5	34.8	66	3	1016.0	-9999.9	7.5	326
2025 03 23 21	0.72	0.68	3.3	3.3	3.8	1.15	-9999.9	3	196	-9999.9	62	-9999.9	3	14.6	47.4	51	3	1016.6	-9999.9	4.5	249
2025 03 23 22	0.68	0.63	3.5	3.4	4.3	1.02	-9999.9	3	182	-9999.9	64	-9999.9	3	14.6	54.8	57	3	1017.2	-9999.9	3.9	273
2025 03 23 23	0.53	0.49	3.7	3.6	5.8	0.79	-9999.9	3	149	-9999.9	68	-9999.9	3	14.7	72.9	61	3	1017.1	-9999.9	6.3	320
2025 03 24 00	0.54	0.51	4.1	3.9	6.3	0.82	-9999.9	3	171	-9999.9	55	-9999.9	3	14.9	65.2	64	3	1017.4	-9999.9	3.8	321
2025 03 24 01	0.49	0.46	3.7	3.7	6.4	0.71	-9999.9	3	167	-9999.9	58	-9999.9	3	14.8	45.6	64	3	1017.4	-9999.9	5.2	304
2025 03 24 02	0.38	0.35	4.0	4.0	6.2	0.62	-9999.9	3	159	-9999.9	58	-9999.9	3	14.7	19.6	67	3	1017.1	-9999.9	5.2	321
2025 03 24 03	0.43	0.42	4.4	4.3	6.7	0.71	-9999.9	3	197	-9999.9	48	-9999.9	3	14.6	20.0	47	3	1017.0	-9999.9	5.4	302
2025 03 24 04	0.38	0.36	4.0	4.0	6.9	0.59	-9999.9	3	190	-9999.9	65	-9999.9	3	15.1	36.3	49	3	1017.3	-9999.9	5.9	298
2025 03 24 05	0.35	0.33	4.0	3.9	6.2	0.56	-9999.9	3	190	-9999.9	57	-9999.9	3	15.2	36.3	62	3	1017.4	-9999.9	4.5	333
2025 03 24 06	0.32	0.31	4.1	3.9	6.3	0.51	-9999.9	3	166	-9999.9	66	-9999.9	3	15.2	26.8	49	3	1017.6	-9999.9	5.5	336
2025 03 24 07	0.37	0.35	3.5	3.5	5.9	0.62	-9999.9	3	137	-9999.9	67	-9999.9	3	15.1	25.8	54	3	1018.4	-9999.9	4.3	326
2025 03 24 11	0.5	0.46	3.2	3.1	5.9	0.72	-9999.9	3	184	-9999.9	60	-9999.9	3	15.3	37.1	64	3	1019.9	-9999.9	7.4	243
2025 03 24 12	0.52	0.48	2.6	2.7	2.5	0.86	-9999.9	3	196	-9999.9	53	-9999.9	3	15.3	32.0	83	3	1019.2	-9999.9	10.3	239
2025 03 24 13	0.59	0.54	2.7	2.8	3.0	0.93	-9999.9	3	208	-9999.9	45	-9999.9	3	14.9	26.4	104	3	1019.1	-9999.9	11.0	242
2025 03 24 14	0.68	0.62	3.0	3.1	3.2	0.98	-9999.9	3	205	-9999.9	40	-9999.9	3	14.5	11.3	158	3	1019.0	-9999.9	10.6	236
2025 03 24 15	0.72	0.67	3.2	3.2	3.2	1.22	-9999.9	3	205	-9999.9	41	-9999.9	3	14.1	20.6	181	3	1018.8	-9999.9	10.6	235
2025 03 24 16	0.78	0.74	3.4	3.3	3.3	1.2	-9999.9	3	210	-9999.9	40	-9999.9	3	14.2	29.3	182	3	1019.0	-9999.9	10.5	241
2025 03 24 17	0.72	0.7	3.1	3.1	3.2	1.23	-9999.9	3	208	-9999.9	43	-9999.9	3	14.3	34.5	176	3	1019.4	-9999.9	9.4	250
2025 03 24 18	0.6	0.55	2.7	2.7	2.5	1.11	-9999.9	3	200	-9999.9	49	-9999.9	3	14.2	17.0	155	3	1019.7	-9999.9	8.8	246
2025 03 24 19	0.41	0.38	2.7	2.6	2.3	0.7	-9999.9	3	191	-9999.9	63	-9999.9	3	15.1	52.7	42	3	1020.4	-9999.9	7.8	254
2025 03 24 20	0.37	0.33	3.1	3.2	7.8	0.59	-9999.9	3	163	-9999.9	64	-9999.9	3	15.1	52.3	47	3	1021.4	-9999.9	6.2	255
2025 03 24 21	0.29	0.27	2.9	3.0	5.2	0.48	-9999.9	3	153	-9999.9	65	-9999.9	3	14.8	42.0	51	3	1021.6	-9999.9	7.2	245
2025 03 24 22	0.34	0.31	3.3	3.3	5.1	0.66	-9999.9	3	126	-9999.9	63	-9999.9	3	14.8	46.5	63	3	1021.7	-9999.9	5.7	260
2025 03 24 23	0.32	0.3	3.2	3.1	4.5	0.52	-9999.9	3	148	-9999.9	67	-9999.9	3	14.7	47.9	52	3	1021.6	-9999.9	6.1	269
2025 03 25 00	0.33	0.31	3.5	3.4	4.9	0.57	-9999.9	3	182	-9999.9	61	-9999.9	3	14.5	36.7	63	3	1021.4	-9999.9	7.4	258
2025 03 25 01	0.39	0.36	3.1	3.1	4.4	0.68	-9999.9	3	188	-9999.9	54	-9999.9	3	14.3	41.1	67	3	1021.1	-9999.9	7.2	263
2025 03 25 02	0.36	0.34	2.9	2.9	3.2	0.56	-9999.9	3	163	-9999.9	56	-9999.9	3	14.3	33.5	56	3	1020.7	-9999.9	5.9	249
2025 03 25 03	0.35	0.32	2.6	2.5	2.2	0.65	-9999.9	3	178	-9999.9	52	-9999.9	3	13.9	8.4	203	3	1020.3	-9999.9	6.7	254
2025 03 25 04	0.36	0.33	2.5	2.5	2.3	0.72	-9999.9	3	165	-9999.9	65	-9999.9	3	15.0	40.4	45	3	1020.2	-9999.9	7.9	255
2025 03 25 05	0.36	0.34	2.5	2.5	2.4	0.58	-9999.9	3	189	-9999.9	53	-9999.9	3	15.0	49.2	46	3	1020.3	-9999.9	6.9	258
2025 03 25 06	0.37	0.34	2.6	2.7	4.0	0.58	-9999.9	3	185	-9999.9	53	-9999.9	3	15.0	22.3	52	3	1020.4	-9999.9	7.1	255
2025 03 25 07	0.35	0.32	2.6	2.6	2.9	0.55	-9999.9	3	190	-9999.9	64	-9999.9	3	15.0	21.9	68	3	1021.0	-9999.9	7.4	255
2025 03 25 08	0.44	0.4	2.5	2.6	3.7	0.67	-9999.9	3	182	-9999.9	54	-9999.9	3	15.2	26.9	49	3	1021.0	-9999.9	8.6	236
2025 03 25 09	0.43	0.39	2.5	2.6	2.7	0.62	-9999.9	3	197	-9999.9	55	-9999.9	3	15.3	39.5	53	3	1021.6	-9999.9	8.2	248
2025 03 25 10	0.47	0.43	2.5	2.5	2.5	0.65	-9999.9	3	210	-9999.9	59	-9999.9	3	15.2	48.0	67	3	1021.6	-9999.9	9.7	251
2025 03 25 11	0.5	0.46	2.8	2.8	3.0	0.74	-9999.9	3	188	-9999.9	60	-9999.9	3	15.2	54.4	66	3	1021.5	-9999.9	9.8	242
2025 03 25 12	0.48	0.45	2.6	2.6	2.5	0.79	-9999.9	3	200	-9999.9	55	-9999.9	3	15.1	66.1	69	3	1021.1	-9999.9	10.6	241
2025 03 25 13	0.58	0.53	2.8	2.9	2.8	1.05	-9999.9	3	201	-9999.9	57	-9999.9	3	15.3	62.7	70	3	1020.4	-9999.9	11.2	240
2025 03 25 14	0.46	0.42	2.8	2.8	3.4	0.71	-9999.9	3	198	-9999.9	54	-9999.9	3	14.7	51.9	56	3	1020.6	-9999.9	9.7	240
2025 03 25 15	0.46	0.42	2.8	2.8	2.6	0.73	-9999.9	3	197	-9999.9	53	-9999.9	3	14.8	9.3	67	3	1021.1	-9999.9	7.3	231
2025 03 25 16	0.51	0.48	3.4	3.4	4.7	0.71	-9999.9	3	197	-9999.9	52	-9999.9	3	14.0	41.8	192	3	1021.4	-9999.9	7.1	319
2025 03 25 17	0.45	0.41	3.6	3.6	8.4	0.73	-9999.9	3	191	-9999.9	46	-9999.9	3	13.9	39.1	222	3	1021.4	-9999.9	3.6	297
2025 03 25 18	0.4	0.37	3.4	3.4	4.9	0.62	-9999.9	3	175	-9999.9	54	-9999.9	3	14.0	35.2	215	3	1021.4	-9999.9	4.2	351
2025 03 25 19	0.34	0.32	3.3	3.3	6.3	0.52	-9999.9	3	168	-9999.9	57	-9999.9	3	14.1	32.8	197	3	1021.9	-9999.9	3.3	340
2025 03 25 20	0.32	0.3	3.2	3.2	4.9	0.55	-9999.9	3	169	-9999.9	58	-9999.9	3	14.0	13.2	205	3	1022.5	-9999.9	2.9	339
2025 03 25 21	0.3	0.28	3.5	3.5	7.7	0.44	-9999.9	3	103	-9999.9	52	-9999.9	3	15.3	57.3	57	3	1022.9	-9999.9	3.7	349
2025 03 25 22	0.26	0.24	4.2	4.2	7.6	0.51	-9999.9	3	130	-9999.9	51	-9999.9	3	15.0	50.9	46	3	1023.3	-9999.9	2.2	7
2025 03 25 23	0.24	0.22	3.2	3.3	4.5	0.47	-9999.9	3	157	-9999.9	61	-9999.9	3	15.1	56.0	62	3	1023.3	-9999.9	1.3	1
2025 03 26 00	0.29	0.28	3.3	3.3	5.3	0.55	-9999.9	3	98	-9999.9	68	-9999.9	3	14.8	53.3	58	3	1022.9	-9999.9	1.3	346
2025 03 26 01	0.21	0.2	3.0	3.0	4.8	0.32	-9999.9	3	199	-9999.9	60	-9999.9	3	14.1	24.0	59	3	1022.6	-9999.9	2.7	272
2025 03 26 02	0.31	0.3	3.0	3.1	3.9	0.54	-9999.9	3	174	-9999.9	65	-9999.9	3	14.2	30.0	93	3	1022.1	-9999.9	2.3	263
2025 03 26 03	0.22	0.21	3.4	3.3	4.8	0.35	-9999.9	3	147	-9999.9	53	-9999.9	3	14.4	40.2	58	3	1021.7	-9999.9	4.6	238
2025 03 26 04	0.21	0.2	2.9	2.9	5.5	0.32	-9999.9	3	175	-9999.9	61	-9999.9	3	14.3	12.1	199	3	1021.5	-9999.9	4.5	261
2025 03 26 05	0.22	0.21	4.0	4.2	5.5	0.45	-9999.9	3	40	-9999.9	53	-9999.9	3	15.0	-9999.9	-9999.9	3	1021.6	-9999.9	1.7	352
2025 03 26 06	0.22	0.21	3.0	3.0	4.8	0.34	-9999.9	3	149	-9999.9	62	-9999.9	3	14.7	-9999.9	-9999.9	3	1021.9	-9999.9	2.4	287
2025 03 26 07	0.28	0.25	3.4	3.4	5.5	0.69	-9999.9	3	28	-9999.9	52	-9999.9	3	14.9	32.5	66	3	1022.2	-9999.9	4.1	258
2025 03 26 08	0.26	0.24	3.5	3.6	9.0	0.41	-9999.9	3	96	-9999.9	48	-9999.9	3	14.9	19.3	73	3	1022.3	-9999.9	4.9	241
2025 03 26 09	0.34	0.3	3.0	3.0	8.3	0.53	-9999.9	3	137	-9999.9	51	-9999.9	3	14.7	15.5	94	3	1022.4	-9999.9	7.3	250
2025 03 26 10	0.32	0.29	2.4	2.4	2.1	0.53	-9999.9	3	124	-9999.9	67	-9999.9	3	15.0	42.0	29	3	1022.4	-9999.9	7.8	232
2025 03 26 11	0.39	0.34	2.6	2.6	3.9	0.62	-9999.9	3	134	-9999.9	59	-9999.9	3	14.9	59.1	55	3	1021.8	-9999.9	8.0	224
2025 03 26 12	0.38	0.35	2.5	2.5	2.4	0.63	-9999.9	3	147	-9999.9	63	-9999.9	3	15.2	73.5	58	3	1021.4	-9999.9	8.2	218
2025 03 26 13	0.4	0.37	2.4	2.5	2.2	0.61	-9999.9	3	174	-9999.9	62	-9999.9	3	15.2	72.3	65	3	1020.6	-9999.9	7.9	228
2025 03 26 14	0.39	0.36	2.5	2.6	2.4	0.61	-9999.9	3	161	-9999.9	66	-9999.9	3	15.1	77.5	71	3	1019.6	-9999.9	10.8	234
2025 03 26 15	0.36	0.33	2.7	2.6	3.3	0.6	-9999.9	3	173	-9999.9	56	-9999.9	3	15.1	62.7	68	3	1019.3	-9999.9	9.0	244
2025 03 26 16	0.39	0.37	2.5	2.5	2.3	0.66	-9999.9	3	205	-9999.9	48	-9999.9	3	14.6	-9999.9	-9999.9	3	1019.0	-9999.9	9.2	235
2025 03 26 17	0.44	0.42	2.8	2.8	2.8	0.82	-9999.9	3	212	-9999.9	46	-9999.9	3	14.2	30.1	183	3	1019.3	-9999.9	7.2	228
2025 03 26 18	0.47	0.45	3.0	3.1	3.0	0.84	-9999.9	3	182	-9999.9	51	-9999.9	3	14.3	47.1	187	3	1019.5	-9999.9	5.7	234
2025 03 26 19	0.36	0.35	2.7	2.6	2.6	0.58	-9999.9	3	198	-9999.9	57	-9999.9	3	14.0	25.8	172	3	1019.9	-9999.9	4.8	236
2025 03 26 20	0.33	0.3	3.2	3.3	4.5	0.85	-9999.9	3	55	-9999.9	52	-9999.9	3	14.6	40.7	38	3	1020.3	-9999.9	2.4	219
2025 03 26 21	0.31	0.29	3.2	3.2	6.3	0.54	-9999.9	3	111	-9999.9	59	-9999.9	3	14.7	25.5	47	3	1020.6	-9999.9	1.3	17
2025 03 26 22	0.35	0.32	3.9	3.8	7.0	0.53	-9999.9	3	96	-9999.9	49	-9999.9	3	15.0	47.8	61	3	1020.4	-9999.9	0.7	139
2025 03 26 23	0.28	0.27	3.3	3.2	4.4	0.6	-9999.9	3	137	-9999.9	55	-9999.9	3	14.9	56.6	46	3	1020.1	-9999.9	1.0	35
2025 03 27 00	0.21	0.2	3.3	3.1	3.7	0.51	-9999.9	3	111	-9999.9	62	-9999.9	3	14.5	40.8	58	3	1019.7	-9999.9	0.8	316
2025 03 27 01	0.2	0.18	2.9	2.9	2.9	0.36	-9999.9	3	186	-9999.9	64	-9999.9	3	14.5	35.6	50	3	1019.0	-9999.9	1.4	343
2025 03 27 02	0.35	0.33	2.9	2.9	3.9	0.67	-9999.9	3	212	-9999.9	63	-9999.9	3	14.3	46.3	57	3	1018.4	-9999.9	0.8	286
2025 03 27 03	0.18	0.17	2.7	2.8	5.1	0.31	-9999.9	3	156	-9999.9	55	-9999.9	3	14.3	25.0	68	3	1017.7	-9999.9	2.9	237
2025 03 27 04	0.22	0.21	2.4	2.4	2.3	0.36	-9999.9	3	184	-9999.9	53	-9999.9	3	13.8	20.8	202	3	1017.3	-9999.9	5.4	257
2025 03 27 05	0.14	0.13	2.5	2.5	3.3	0.21	-9999.9	3	152	-9999.9	67	-9999.9	3	14.4	58.1	11	3	1017.4	-9999.9	6.0	244
2025 03 27 06	0.14	0.13	2.5	2.5	3.1	0.24	-9999.9	3	128	-9999.9	67	-9999.9	3	14.1	34.8	43	3	1017.5	-9999.9	6.4	250
2025 03 27 07	0.25	0.24	2.5	2.5	2.6	0.39	-9999.9	3	32	-9999.9	59	-9999.9	3	15.2	50.2	53	3	1017.9	-9999.9	7.2	262
2025 03 27 08	0.32	0.3	2.2	2.2	2.1	0.5	-9999.9	3	246	-9999.9	64	-9999.9	3	15.2	29.1	60	3	1017.6	-9999.9	8.7	235
2025 03 27 09	0.38	0.36	2.3	2.3	2.2	0.6	-9999.9	3	197	-9999.9	55	-9999.9	3	14.7	26.8	90	3	1018.0	-9999.9	9.2	216
2025 03 27 10	0.47	0.43	2.4	2.4	2.3	0.77	-9999.9	3	208	-9999.9	54	-9999.9	3	15.1	40.1	78	3	1017.9	-9999.9	9.7	235
2025 03 27 11	0.43	0.39	2.4	2.5	2.4	0.68	-9999.9	3	234	-9999.9	64	-9999.9	3	15.4	64.9	50	3	1017.6	-9999.9	9.8	239
2025 03 27 12	0.39	0.36	2.4	2.4	2.2	0.55	-9999.9	3	183	-9999.9	62	-9999.9	3	15.3	66.9	57	3	1017.3	-9999.9	9.3	230
2025 03 27 13	0.37	0.34	2.8	2.9	3.7	0.58	-9999.9	3	105	-9999.9	60	-9999.9	3	15.3	71.1	69	3	1016.7	-9999.9	9.7	232
2025 03 27 14	0.3	0.27	2.5	2.5	2.2	0.43	-9999.9	3	157	-9999.9	68	-9999.9	3	15.6	83.3	84	3	1016.2	-9999.9	10.4	234
2025 03 27 15	0.36	0.34	2.7	2.7	3.5	0.55	-9999.9	3	150	-9999.9	55	-9999.9	3	15.6	65.1	74	3	1015.9	-9999.9	8.3	244
2025 03 27 16	0.35	0.33	2.6	2.6	2.2	0.65	-9999.9	3	187	-9999.9	57	-9999.9	3	15.3	-9999.9	-9999.9	3	1015.5	-9999.9	8.1	233
2025 03 27 17	0.36	0.34	2.7	2.7	3.6	0.58	-9999.9	3	203	-9999.9	53	-9999.9	3	14.3	24.6	161	3	1015.7	-9999.9	7.0	226
2025 03 27 18	0.38	0.35	3.1	3.1	4.6	0.59	-9999.9	3	188	-9999.9	58	-9999.9	3	14.1	48.3	196	3	1016.2	-9999.9	5.6	243
2025 03 27 19	0.28	0.27	2.7	2.7	3.0	0.47	-9999.9	3	156	-9999.9	65	-9999.9	3	14.2	37.9	162	3	1016.5	-9999.9	4.4	273
2025 03 27 20	0.29	0.26	3.2	3.6	7.3	0.47	-9999.9	3	65	-9999.9	51	-9999.9	3	14.6	21.9	14	3	1017.1	-9999.9	2.2	274
2025 03 27 21	0.17	0.16	2.8	2.8	3.6	0.28	-9999.9	3	97	-9999.9	66	-9999.9	3	14.5	3.6	218	3	1017.3	-9999.9	2.9	346
2025 03 27 22	0.31	0.28	3.2	3.2	8.1	0.65	-9999.9	3	98	-9999.9	55	-9999.9	3	14.2	13.4	184	3	1017.3	-9999.9	3.4	302
2025 03 27 23	0.21	0.2	2.9	2.9	3.4	0.31	-9999.9	3	123	-9999.9	63	-9999.9	3	14.8	25.9	40	3	1017.0	-9999.9	3.7	321
2025 03 28 00	0.15	0.15	3.2	3.3	5.3	0.27	-9999.9	3	98	-9999.9	57	-9999.9	3	14.8	70.5	47	3	1016.7	-9999.9	1.4	222
2025 03 28 01	0.14	0.13	2.9	2.9	3.6	0.23	-9999.9	3	109	-9999.9	64	-9999.9	3	14.4	47.9	64	3	1016.5	-9999.9	-9999.9	-9999.9
2025 03 28 02	0.19	0.18	3.0	3.0	3.8	0.3	-9999.9	3	184	-9999.9	63	-9999.9	3	14.6	-9999.9	-9999.9	3	1016.1	-9999.9	-9999.9	-9999.9
2025 03 28 03	0.22	0.21	2.9	2.8	3.6	0.36	-9999.9	3	161	-9999.9	66	-9999.9	3	14.3	70.2	72	3	1015.6	-9999.9	-9999.9	-9999.9
2025 03 28 04	0.18	0.17	2.7	2.7	2.7	0.35	-9999.9	3	171	-9999.9	57	-9999.9	3	13.8	32.4	199	3	1015.8	-9999.9	-9999.9	-9999.9
2025 03 28 05	0.27	0.25	3.0	3.0	4.2	0.41	-9999.9	3	187	-9999.9	49	-9999.9	3	13.5	57.6	189	3	1016.2	-9999.9	-9999.9	-9999.9
2025 03 28 06	0.13	0.12	2.7	2.6	2.4	0.22	-9999.9	3	28	-9999.9	71	-9999.9	3	14.2	12.7	149	3	1016.5	-9999.9	-9999.9	-9999.9
2025 03 28 07	0.17	0.15	3.1	3.0	3.5	0.28	-9999.9	3	31	-9999.9	56	-9999.9	3	14.4	18.3	319	3	1017.1	-9999.9	-9999.9	-9999.9
2025 03 28 08	0.24	0.21	3.1	3.2	8.4	0.39	-9999.9	3	90	-9999.9	49	-9999.9	3	14.5	21.6	88	3	1017.4	-9999.9	-9999.9	-9999.9
2025 03 28 09	0.27	0.25	2.2	2.3	2.1	0.42	-9999.9	3	202	-9999.9	54	-9999.9	3	14.2	20.7	213	3	1017.8	-9999.9	-9999.9	-9999.9
2025 03 28 10	0.37	0.35	2.6	2.7	2.3	0.93	-9999.9	3	201	-9999.9	49	-9999.9	3	14.0	42.4	186	3	1018.1	-9999.9	-9999.9	-9999.9
2025 03 28 11	0.53	0.47	2.6	2.7	3.1	0.97	-9999.9	3	183	-9999.9	45	-9999.9	3	14.3	22.1	155	3	1017.9	-9999.9	-9999.9	-9999.9
2025 03 28 12	0.25	0.23	2.6	2.6	2.5	0.48	-9999.9	3	64	-9999.9	66	-9999.9	3	15.3	-9999.9	-9999.9	3	1017.9	-9999.9	-9999.9	-9999.9
2025 03 28 13	0.44	0.42	2.4	2.4	2.4	0.68	-9999.9	3	212	-9999.9	56	-9999.9	3	15.1	-9999.9	-9999.9	3	1017.4	-9999.9	-9999.9	-9999.9
2025 03 28 14	0.41	0.39	2.4	2.4	2.3	0.69	-9999.9	3	198	-9999.9	66	-9999.9	3	14.5	78.3	68	3	1016.8	-9999.9	-9999.9	-9999.9
2025 03 28 15	0.42	0.38	2.7	2.8	4.1	0.63	-9999.9	3	153	-9999.9	61	-9999.9	3	15.1	82.1	82	3	1016.7	-9999.9	-9999.9	-9999.9
2025 03 28 16	0.35	0.33	2.3	2.3	2.2	0.53	-9999.9	3	185	-9999.9	55	-9999.9	3	15.1	34.2	59	3	1016.4	-9999.9	-9999.9	-9999.9
2025 03 28 17	0.52	0.48	2.7	2.7	3.0	0.91	-9999.9	3	189	-9999.9	46	-9999.9	3	14.9	10.4	128	3	1016.8	-9999.9	-9999.9	-9999.9
2025 03 28 18	0.38	0.36	2.9	2.9	2.8	0.58	-9999.9	3	215	-9999.9	48	-9999.9	3	13.7	-9999.9	-9999.9	3	1017.4	-9999.9	-9999.9	-9999.9
2025 03 28 19	0.35	0.33	2.6	2.6	2.6	0.69	-9999.9	3	204	-9999.9	55	-9999.9	3	13.7	-9999.9	-9999.9	3	1017.7	-9999.9	-9999.9	-9999.9
2025 03 28 20	0.37	0.33	3.3	3.6	8.9	0.71	-9999.9	3	65	-9999.9	42	-9999.9	3	14.3	17.8	3	3	1018.4	-9999.9	-9999.9	-9999.9
2025 03 28 22	0.28	0.27	3.0	3.1	3.8	0.56	-9999.9	3	132	-9999.9	53	-9999.9	3	13.9	38.4	200	3	1018.8	-9999.9	-9999.9	-9999.9
2025 03 29 00	0.23	0.22	2.9	2.9	3.7	0.39	-9999.9	3	108	-9999.9	54	-9999.9	3	15.0	45.2	48	3	1018.8	-9999.9	-9999.9	-9999.9
2025 03 29 02	0.21	0.19	2.4	2.4	2.1	0.35	-9999.9	3	140	-9999.9	66	-9999.9	3	14.3	50.0	55	3	1018.4	-9999.9	-9999.9	-9999.9
2025 03 29 03	0.2	0.18	3.0	3.0	4.8	0.29	-9999.9	3	117	-9999.9	63	-9999.9	3	14.7	-9999.9	-9999.9	3	1017.9	-9999.9	-9999.9	-9999.9
2025 03 29 05	0.18	0.17	2.7	2.7	3.0	0.34	-9999.9	3	162	-9999.9	56	-9999.9	3	14.1	17.9	142	3	1018.1	-9999.9	-9999.9	-9999.9
2025 03 29 06	0.2	0.19	2.6	2.6	2.4	0.31	-9999.9	3	187	-9999.9	60	-9999.9	3	13.7	30.7	168	3	1018.4	-9999.9	-9999.9	-9999.9
2025 03 29 07	0.28	0.26	3.1	3.2	4.7	0.48	-9999.9	3	47	-9999.9	53	-9999.9	3	14.3	10.0	260	3	1018.9	-9999.9	-9999.9	-9999.9
2025 03 29 08	0.2	0.19	2.5	2.5	2.5	0.36	-9999.9	3	13	-9999.9	61	-9999.9	3	14.3	26.7	338	3	1019.1	-9999.9	-9999.9	-9999.9
2025 03 29 09	0.25	0.21	3.5	4.0	9.9	0.56	-9999.9	3	109	-9999.9	44	-9999.9	3	14.3	7.8	131	3	1019.2	-9999.9	-9999.9	-9999.9
2025 03 29 10	0.25	0.23	3.0	3.1	6.4	0.47	-9999.9	3	45	-9999.9	56	-9999.9	3	14.2	22.4	209	3	1019.2	-9999.9	-9999.9	-9999.9
2025 03 29 11	0.32	0.29	3.5	3.4	7.2	0.52	-9999.9	3	105	-9999.9	47	-9999.9	3	14.0	29.1	186	3	1018.9	-9999.9	-9999.9	-9999.9
2025 03 29 13	0.18	0.17	3.7	3.6	5.3	0.28	-9999.9	3	62	-9999.9	51	-9999.9	3	15.1	-9999.9	-9999.9	3	1017.5	-9999.9	-9999.9	-9999.9
2025 03 29 14	0.3	0.29	4.6	4.4	7.7	0.47	-9999.9	3	114	-9999.9	50	-9999.9	3	14.8	59.7	47	3	1016.6	-9999.9	-9999.9	-9999.9
2025 03 29 15	0.27	0.24	2.4	2.5	3.5	0.47	-9999.9	3	151	-9999.9	66	-9999.9	3	14.2	55.6	60	3	1015.6	-9999.9	-9999.9	-9999.9
2025 03 29 16	0.28	0.27	2.8	2.7	5.0	0.45	-9999.9	3	167	-9999.9	62	-9999.9	3	15.0	73.1	77	3	1015.4	-9999.9	-9999.9	-9999.9
2025 03 29 17	0.32	0.28	2.8	2.9	7.3	0.63	-9999.9	3	158	-9999.9	51	-9999.9	3	15.1	-9999.9	-9999.9	3	1014.9	-9999.9	-9999.9	-9999.9
2025 03 29 18	0.36	0.34	2.9	2.9	3.1	0.6	-9999.9	3	179	-9999.9	53	-9999.9	3	14.4	-9999.9	-9999.9	3	1015.1	-9999.9	-9999.9	-9999.9
2025 03 29 19	0.31	0.29	3.2	3.1	8.3	0.49	-9999.9	3	168	-9999.9	54	-9999.9	3	14.1	61.0	184	3	1015.4	-9999.9	-9999.9	-9999.9
2025 03 29 20	0.25	0.23	2.9	2.9	3.2	0.45	-9999.9	3	84	-9999.9	62	-9999.9	3	14.2	22.4	144	3	1015.9	-9999.9	-9999.9	-9999.9
2025 03 29 22	0.34	0.32	4.2	4.1	7.7	0.84	-9999.9	3	95	-9999.9	50	-9999.9	3	14.2	-9999.9	-9999.9	3	1016.4	-9999.9	-9999.9	-9999.9
2025 03 29 23	0.17	0.16	3.0	3.0	3.5	0.3	-9999.9	3	162	-9999.9	60	-9999.9	3	13.9	60.0	220	3	1016.3	-9999.9	-9999.9	-9999.9
2025 03 30 00	0.19	0.18	3.2	3.3	4.9	0.34	-9999.9	3	87	-9999.9	49	-9999.9	3	13.9	18.1	252	3	1016.0	-9999.9	-9999.9	-9999.9
2025 03 30 01	0.17	0.16	3.4	3.5	4.2	0.34	-9999.9	3	117	-9999.9	53	-9999.9	3	14.5	28.5	9	3	1015.6	-9999.9	-9999.9	-9999.9
2025 03 30 02	0.19	0.18	4.0	3.9	5.3	0.32	-9999.9	3	156	-9999.9	54	-9999.9	3	14.5	57.1	44	3	1015.3	-9999.9	-9999.9	-9999.9
2025 03 30 03	0.16	0.15	3.3	3.2	5.1	0.28	-9999.9	3	81	-9999.9	66	-9999.9	3	14.4	81.7	64	3	1015.7	-9999.9	-9999.9	-9999.9
2025 03 30 04	0.46	0.45	3.0	3.0	2.9	0.85	-9999.9	3	47	-9999.9	42	-9999.9	3	14.3	45.9	47	3	1015.8	-9999.9	-9999.9	-9999.9
2025 03 30 05	0.61	0.57	3.0	3.1	3.8	0.97	-9999.9	3	52	-9999.9	40	-9999.9	3	14.4	27.2	83	3	1016.3	-9999.9	-9999.9	-9999.9
2025 03 30 06	0.68	0.64	3.2	3.1	4.3	1.05	-9999.9	3	60	-9999.9	48	-9999.9	3	14.2	20.9	202	3	1017.4	-9999.9	-9999.9	-9999.9
2025 03 30 07	0.92	0.86	3.7	3.7	5.6	1.46	-9999.9	3	93	-9999.9	44	-9999.9	3	14.2	33.7	227	3	1018.2	-9999.9	-9999.9	-9999.9
2025 03 30 08	0.93	0.89	4.2	4.2	6.6	1.51	-9999.9	3	89	-9999.9	41	-9999.9	3	14.3	20.0	228	3	1019.1	-9999.9	-9999.9	-9999.9
2025 03 30 09	0.94	0.9	4.3	4.3	6.5	1.63	-9999.9	3	89	-9999.9	42	-9999.9	3	14.5	11.4	42	3	1019.8	-9999.9	-9999.9	-9999.9
2025 03 30 10	0.84	0.79	4.4	4.6	6.1	1.35	-9999.9	3	121	-9999.9	42	-9999.9	3	14.2	-9999.9	-9999.9	3	1020.3	-9999.9	-9999.9	-9999.9
2025 03 30 13	1.03	0.97	4.6	4.6	6.7	1.74	-9999.9	3	87	-9999.9	38	-9999.9	3	14.6	48.0	305	3	1019.2	-9999.9	-9999.9	-9999.9
2025 03 30 14	1.29	1.25	5.1	5.0	6.6	1.99	-9999.9	3	99	-9999.9	35	-9999.9	3	15.2	59.5	40	3	1018.6	-9999.9	-9999.9	-9999.9
2025 03 30 16	1.46	1.4	5.0	4.9	7.1	2.02	-9999.9	3	95	-9999.9	37	-9999.9	3	15.3	61.0	86	3	1018.6	-9999.9	-9999.9	-9999.9
2025 03 30 18	1.36	1.28	4.8	4.8	6.9	1.99	-9999.9	3	95	-9999.9	36	-9999.9	3	14.8	21.7	109	3	1019.2	-9999.9	-9999.9	-9999.9
2025 03 30 19	1.16	1.12	4.8	4.5	7.0	1.55	-9999.9	3	103	-9999.9	41	-9999.9	3	14.5	46.2	190	3	1019.5	-9999.9	-9999.9	-9999.9
2025 03 30 21	1.3	1.21	4.7	4.7	6.9	1.8	-9999.9	3	111	-9999.9	37	-9999.9	3	14.4	63.0	192	3	1020.5	-9999.9	-9999.9	-9999.9
2025 03 30 22	1.17	1.14	4.8	4.6	6.4	1.88	-9999.9	3	112	-9999.9	38	-9999.9	3	14.4	58.3	212	3	1020.4	-9999.9	-9999.9	-9999.9
2025 03 31 00	1.03	0.97	4.2	4.1	6.7	1.55	-9999.9	3	112	-9999.9	44	-9999.9	3	14.6	74.7	230	3	1019.6	-9999.9	-9999.9	-9999.9
2025 03 31 01	1.17	1.1	4.2	4.3	7.1	1.74	-9999.9	3	100	-9999.9	38	-9999.9	3	14.7	42.3	267	3	1018.8	-9999.9	-9999.9	-9999.9
2025 03 31 02	1.31	1.22	4.6	4.5	6.6	1.86	-9999.9	3	99	-9999.9	35	-9999.9	3	14.7	34.7	294	3	1018.4	-9999.9	-9999.9	-9999.9
2025 03 31 03	1.48	1.41	4.6	4.6	6.5	2.2	-9999.9	3	103	-9999.9	31	-9999.9	3	14.5	26.9	8	3	1017.9	-9999.9	-9999.9	-9999.9
2025 03 31 04	1.36	1.29	4.7	4.8	6.2	2.23	-9999.9	3	102	-9999.9	34	-9999.9	3	14.6	56.9	66	3	1017.6	-9999.9	-9999.9	-9999.9
2025 03 31 05	1.4	1.32	4.7	4.6	6.1	2.22	-9999.9	3	91	-9999.9	38	-9999.9	3	14.5	45.0	74	3	1017.6	-9999.9	-9999.9	-9999.9
2025 03 31 06	1.02	0.97	4.4	4.4	6.9	1.43	-9999.9	3	102	-9999.9	43	-9999.9	3	14.5	47.5	205	3	1017.7	-9999.9	-9999.9	-9999.9
2025 03 31 07	1.09	1.04	4.5	4.5	6.4	1.57	-9999.9	3	115	-9999.9	43	-9999.9	3	14.5	49.8	211	3	1018.1	-9999.9	-9999.9	-9999.9
2025 03 31 08	1.2	1.15	4.6	4.6	6.1	1.81	-9999.9	3	118	-9999.9	37	-9999.9	3	14.7	60.4	194	3	1018.3	-9999.9	-9999.9	-9999.9
2025 03 31 10	1.09	1.04	4.2	4.1	5.8	1.99	-9999.9	3	110	-9999.9	38	-9999.9	3	14.9	37.4	185	3	1018.6	-9999.9	-9999.9	-9999.9
2025 03 31 11	1.0	0.95	3.9	4.0	5.9	1.71	-9999.9	3	115	-9999.9	42	-9999.9	3	14.8	48.9	233	3	1018.2	-9999.9	-9999.9	-9999.9
2025 03 31 13	0.8	0.75	3.5	3.5	5.7	1.42	-9999.9	3	108	-9999.9	44	-9999.9	3	15.1	36.6	282	3	1016.8	-9999.9	-9999.9	-9999.9
2025 03 31 14	0.73	0.69	3.7	3.8	6.1	1.21	-9999.9	3	106	-9999.9	45	-9999.9	3	15.2	29.7	285	3	1016.2	-9999.9	-9999.9	-9999.9
2025 03 31 15	0.77	0.73	4.1	4.1	5.8	1.24	-9999.9	3	95	-9999.9	41	-9999.9	3	15.1	27.5	43	3	1015.6	-9999.9	-9999.9	-9999.9
2025 03 31 16	0.75	0.74	4.5	4.2	5.8	1.18	-9999.9	3	103	-9999.9	41	-9999.9	3	15.0	32.6	83	3	1015.0	-9999.9	-9999.9	-9999.9
2025 03 31 17	0.87	0.83	4.8	4.8	7.1	1.24	-9999.9	3	91	-9999.9	44	-9999.9	3	15.0	79.6	71	3	1014.8	-9999.9	-9999.9	-9999.9
2025 03 31 18	0.66	0.63	4.8	4.6	6.6	0.93	-9999.9	3	115	-9999.9	38	-9999.9	3	15.1	50.1	198	3	1014.7	-9999.9	-9999.9	-9999.9
2025 03 31 19	0.67	0.63	4.7	4.7	6.1	1.24	-9999.9	3	121	-9999.9	42	-9999.9	3	15.0	56.8	195	3	1014.8	-9999.9	-9999.9	-9999.9
2025 03 31 20	0.62	0.59	4.7	4.7	5.9	0.95	-9999.9	3	119	-9999.9	45	-9999.9	3	15.0	62.8	200	3	1015.2	-9999.9	-9999.9	-9999.9
2025 03 31 21	0.6	0.58	4.9	4.7	6.2	1.0	-9999.9	3	123	-9999.9	39	-9999.9	3	14.9	41.2	208	3	1015.6	-9999.9	-9999.9	-9999.9
2025 03 31 22	0.62	0.61	4.6	4.8	6.1	1.01	-9999.9	3	114	-9999.9	37	-9999.9	3	15.0	23.2	182	3	1015.2	-9999.9	-9999.9	-9999.9
2025 03 31 23	0.47	0.45	4.5	4.5	5.8	0.77	-9999.9	3	119	-9999.9	41	-9999.9	3	15.0	19.4	181	3	1014.9	-9999.9	-9999.9	-9999.9
2025 04 01 00	0.47	0.45	4.2	4.2	5.3	0.73	-9999.9	3	130	-9999.9	45	-9999.9	3	14.9	9.4	206	3	1014.5	-9999.9	-9999.9	-9999.9
2025 04 01 01	0.44	0.42	3.8	3.8	5.7	0.72	-9999.9	3	114	-9999.9	44	-9999.9	3	14.9	5.6	123	3	1013.8	-9999.9	-9999.9	-9999.9
2025 04 01 02	0.35	0.35	4.7	4.6	5.4	0.54	-9999.9	3	96	-9999.9	41	-9999.9	3	14.8	41.5	18	3	1013.4	-9999.9	-9999.9	-9999.9
2025 04 01 03	0.41	0.4	4.9	4.7	6.1	0.64	-9999.9	3	119	-9999.9	44	-9999.9	3	14.8	57.9	39	3	1012.5	-9999.9	-9999.9	-9999.9
2025 04 01 04	0.4	0.39	4.7	4.4	5.9	0.63	-9999.9	3	122	-9999.9	44	-9999.9	3	14.7	58.7	64	3	1011.8	-9999.9	-9999.9	-9999.9
2025 04 01 05	0.41	0.39	5.1	5.0	6.1	0.62	-9999.9	3	108	-9999.9	40	-9999.9	3	14.7	68.1	80	3	1011.7	-9999.9	-9999.9	-9999.9
2025 04 01 06	0.4	0.39	4.7	4.6	6.1	0.67	-9999.9	3	120	-9999.9	45	-9999.9	3	14.7	46.6	175	3	1011.6	-9999.9	-9999.9	-9999.9
2025 04 01 07	0.41	0.39	4.3	4.3	6.0	0.73	-9999.9	3	147	-9999.9	43	-9999.9	3	14.8	56.0	196	3	1012.1	-9999.9	-9999.9	-9999.9
2025 04 01 08	0.47	0.43	4.3	4.2	8.4	0.62	-9999.9	3	165	-9999.9	44	-9999.9	3	14.9	71.4	203	3	1012.1	-9999.9	-9999.9	-9999.9
2025 04 01 09	0.5	0.46	3.5	3.5	3.9	1.01	-9999.9	3	191	-9999.9	52	-9999.9	3	14.9	65.2	201	3	1012.3	-9999.9	-9999.9	-9999.9
2025 04 01 10	0.47	0.42	3.1	3.0	4.5	0.68	-9999.9	3	194	-9999.9	45	-9999.9	3	14.9	50.0	190	3	1012.2	-9999.9	-9999.9	-9999.9
2025 04 01 11	0.38	0.34	2.8	2.9	6.8	0.58	-9999.9	3	131	-9999.9	52	-9999.9	3	14.8	24.3	97	3	1011.9	-9999.9	-9999.9	-9999.9
2025 04 01 12	0.47	0.43	2.6	2.6	2.4	0.72	-9999.9	3	179	-9999.9	58	-9999.9	3	14.7	52.0	37	3	1011.5	-9999.9	-9999.9	-9999.9
2025 04 01 13	0.49	0.45	2.5	2.5	2.3	0.78	-9999.9	3	202	-9999.9	51	-9999.9	3	14.7	20.4	29	3	1010.4	-9999.9	-9999.9	-9999.9
2025 04 01 14	0.36	0.33	2.4	2.4	2.2	0.51	-9999.9	3	169	-9999.9	62	-9999.9	3	14.8	43.3	41	3	1009.9	-9999.9	-9999.9	-9999.9
2025 04 01 15	0.21	0.2	4.0	3.9	5.2	0.35	-9999.9	3	70	-9999.9	60	-9999.9	3	14.8	-9999.9	-9999.9	3	1009.5	-9999.9	-9999.9	-9999.9
2025 04 01 16	0.24	0.22	2.7	2.6	3.1	0.46	-9999.9	3	158	-9999.9	62	-9999.9	3	14.6	65.0	42	3	1009.1	-9999.9	-9999.9	-9999.9
2025 04 01 17	0.28	0.26	3.0	3.0	3.8	0.44	-9999.9	3	87	-9999.9	63	-9999.9	3	14.8	79.1	58	3	1008.7	-9999.9	-9999.9	-9999.9
2025 04 01 18	0.3	0.26	2.8	3.1	9.0	0.65	-9999.9	3	161	-9999.9	48	-9999.9	3	14.8	30.3	90	3	1008.7	-9999.9	-9999.9	-9999.9
2025 04 01 19	0.28	0.26	3.4	3.4	4.7	0.47	-9999.9	3	145	-9999.9	63	-9999.9	3	15.0	54.8	171	3	1008.8	-9999.9	-9999.9	-9999.9
2025 04 01 20	0.28	0.25	3.5	3.6	7.9	0.4	-9999.9	3	164	-9999.9	53	-9999.9	3	14.4	81.6	186	3	1008.8	-9999.9	-9999.9	-9999.9
2025 04 01 21	0.27	0.25	3.5	3.5	9.7	0.49	-9999.9	3	124	-9999.9	54	-9999.9	3	14.5	48.5	195	3	1008.8	-9999.9	-9999.9	-9999.9
2025 04 01 22	0.15	0.14	2.9	2.9	3.9	0.27	-9999.9	3	153	-9999.9	61	-9999.9	3	14.6	26.7	186	3	1008.6	-9999.9	-9999.9	-9999.9
2025 04 01 23	0.15	0.14	3.2	3.2	4.6	0.27	-9999.9	3	168	-9999.9	59	-9999.9	3	14.6	36.7	212	3	1008.1	-9999.9	-9999.9	-9999.9
2025 04 02 00	0.16	0.15	3.2	3.1	3.9	0.26	-9999.9	3	167	-9999.9	52	-9999.9	3	14.9	46.5	224	3	1007.5	-9999.9	-9999.9	-9999.9
2025 04 02 01	0.16	0.15	3.2	3.2	4.6	0.24	-9999.9	3	164	-9999.9	53	-9999.9	3	14.9	33.6	228	3	1007.1	-9999.9	-9999.9	-9999.9
2025 04 02 02	0.13	0.12	3.1	3.1	6.0	0.28	-9999.9	3	93	-9999.9	59	-9999.9	3	14.8	21.4	291	3	1006.3	-9999.9	-9999.9	-9999.9
2025 04 02 03	0.11	0.11	4.4	4.4	5.2	0.17	-9999.9	3	115	-9999.9	61	-9999.9	3	15.0	-9999.9	-9999.9	3	1005.5	-9999.9	-9999.9	-9999.9
2025 04 02 04	0.15	0.14	3.5	3.5	5.3	0.25	-9999.9	3	161	-9999.9	57	-9999.9	3	14.8	50.8	44	3	1004.9	-9999.9	-9999.9	-9999.9
2025 04 02 05	0.16	0.14	3.7	4.0	5.8	0.39	-9999.9	3	128	-9999.9	42	-9999.9	3	14.8	60.9	63	3	1004.7	-9999.9	-9999.9	-9999.9
2025 04 02 06	0.22	0.2	2.9	3.0	5.1	0.35	-9999.9	3	92	-9999.9	58	-9999.9	3	14.7	63.9	61	3	1005.0	-9999.9	-9999.9	-9999.9
2025 04 02 07	0.27	0.24	2.7	2.6	2.6	0.65	-9999.9	3	164	-9999.9	60	-9999.9	3	14.8	55.4	74	3	1005.5	-9999.9	-9999.9	-9999.9
2025 04 02 08	0.33	0.3	3.3	3.4	10.0	0.57	-9999.9	3	165	-9999.9	43	-9999.9	3	14.5	54.8	188	3	1005.9	-9999.9	-9999.9	-9999.9
2025 04 02 09	0.29	0.28	3.3	3.3	3.4	0.48	-9999.9	3	201	-9999.9	52	-9999.9	3	14.4	87.5	188	3	1006.1	-9999.9	-9999.9	-9999.9
2025 04 02 10	0.35	0.33	3.0	3.0	3.0	0.59	-9999.9	3	220	-9999.9	49	-9999.9	3	14.4	70.9	196	3	1005.9	-9999.9	-9999.9	-9999.9
2025 04 02 11	0.36	0.32	2.9	2.9	7.7	0.58	-9999.9	3	173	-9999.9	56	-9999.9	3	14.5	33.7	145	3	1005.3	-9999.9	-9999.9	-9999.9
2025 04 02 12	0.29	0.27	3.3	3.4	6.6	0.55	-9999.9	3	100	-9999.9	54	-9999.9	3	14.6	32.2	24	3	1005.6	-9999.9	-9999.9	-9999.9
2025 04 02 13	0.43	0.4	2.7	2.7	2.8	0.64	-9999.9	3	197	-9999.9	65	-9999.9	3	15.3	50.7	61	3	1005.3	-9999.9	-9999.9	-9999.9
2025 04 02 14	0.53	0.5	2.6	2.6	2.6	0.85	-9999.9	3	209	-9999.9	55	-9999.9	3	15.1	37.3	52	3	1004.8	-9999.9	-9999.9	-9999.9
2025 04 02 15	0.55	0.52	2.6	2.7	2.6	0.85	-9999.9	3	211	-9999.9	58	-9999.9	3	15.0	54.2	49	3	1005.0	-9999.9	-9999.9	-9999.9
2025 04 02 16	0.34	0.31	3.4	3.5	8.9	0.77	-9999.9	3	111	-9999.9	58	-9999.9	3	14.8	92.2	36	3	1005.5	-9999.9	-9999.9	-9999.9
2025 04 02 17	0.41	0.38	3.3	3.3	5.5	0.66	-9999.9	3	211	-9999.9	55	-9999.9	3	14.8	43.7	64	3	1006.0	-9999.9	-9999.9	-9999.9
2025 04 02 18	0.48	0.45	4.0	4.0	6.7	0.84	-9999.9	3	175	-9999.9	49	-9999.9	3	14.7	83.3	65	3	1007.0	-9999.9	-9999.9	-9999.9
2025 04 02 19	0.51	0.49	4.5	4.4	5.7	1.05	-9999.9	3	192	-9999.9	36	-9999.9	3	14.3	-9999.9	-9999.9	3	1007.4	-9999.9	-9999.9	-9999.9
2025 04 02 20	0.72	0.69	4.7	4.7	5.7	1.23	-9999.9	3	206	-9999.9	35	-9999.9	3	14.0	-9999.9	-9999.9	3	1008.1	-9999.9	-9999.9	-9999.9
2025 04 02 21	0.53	0.51	4.0	4.0	5.4	1.21	-9999.9	3	197	-9999.9	39	-9999.9	3	14.0	62.9	183	3	1008.7	-9999.9	-9999.9	-9999.9
2025 04 02 22	0.28	0.26	3.3	3.3	5.1	0.42	-9999.9	3	177	-9999.9	64	-9999.9	3	14.2	29.8	192	3	1009.2	-9999.9	-9999.9	-9999.9
2025 04 02 23	0.26	0.26	3.4	3.3	6.0	0.48	-9999.9	3	159	-9999.9	58	-9999.9	3	14.4	28.1	351	3	1009.5	-9999.9	-9999.9	-9999.9
2025 04 03 00	0.24	0.23	3.7	3.7	6.8	0.38	-9999.9	3	123	-9999.9	59	-9999.9	3	14.5	18.2	46	3	1009.4	-9999.9	-9999.9	-9999.9
2025 04 03 01	0.22	0.21	4.0	3.8	6.3	0.48	-9999.9	3	109	-9999.9	59	-9999.9	3	14.2	34.5	221	3	-9999.9	-9999.9	-9999.9	-9999.9
2025 04 03 02	0.28	0.26	3.8	3.8	7.0	0.49	-9999.9	3	190	-9999.9	45	-9999.9	3	14.4	39.1	225	3	1009.0	-9999.9	-9999.9	-9999.9
2025 04 03 03	0.22	0.21	3.8	3.9	7.0	0.35	-9999.9	3	180	-9999.9	52	-9999.9	3	14.6	17.5	247	3	1008.9	-9999.9	-9999.9	-9999.9
2025 04 03 04	0.22	0.21	4.4	4.4	5.4	0.33	-9999.9	3	139	-9999.9	56	-9999.9	3	15.0	53.9	25	3	1008.8	-9999.9	-9999.9	-9999.9
2025 04 03 05	0.27	0.26	5.3	5.1	6.9	0.47	-9999.9	3	199	-9999.9	50	-9999.9	3	14.8	50.3	33	3	1009.4	-9999.9	-9999.9	-9999.9
2025 04 03 06	0.35	0.34	4.8	4.4	6.5	0.58	-9999.9	3	190	-9999.9	60	-9999.9	3	15.0	44.0	55	3	1009.6	-9999.9	-9999.9	-9999.9
2025 04 03 07	0.45	0.43	4.5	4.4	6.6	0.8	-9999.9	3	174	-9999.9	55	-9999.9	3	14.9	22.3	63	3	1010.1	-9999.9	-9999.9	-9999.9
2025 04 03 08	0.41	0.39	4.8	4.6	6.9	0.63	-9999.9	3	195	-9999.9	54	-9999.9	3	14.5	33.7	9	3	1010.4	-9999.9	-9999.9	-9999.9
2025 04 03 09	0.51	0.49	4.7	4.9	7.1	0.8	-9999.9	3	195	-9999.9	48	-9999.9	3	14.7	9.6	68	3	1010.9	-9999.9	-9999.9	-9999.9
2025 04 03 10	0.51	0.5	5.1	5.0	7.9	0.85	-9999.9	3	185	-9999.9	56	-9999.9	3	14.8	13.1	220	3	1011.4	-9999.9	-9999.9	-9999.9
2025 04 03 11	0.58	0.55	4.8	4.9	7.6	0.9	-9999.9	3	204	-9999.9	42	-9999.9	3	14.6	41.9	203	3	1010.9	-9999.9	-9999.9	-9999.9
2025 04 03 12	0.48	0.45	3.9	3.7	7.5	0.78	-9999.9	3	194	-9999.9	60	-9999.9	3	14.7	26.4	243	3	1010.7	-9999.9	-9999.9	-9999.9
2025 04 03 13	0.47	0.42	3.7	3.7	8.9	0.87	-9999.9	3	160	-9999.9	55	-9999.9	3	14.6	19.6	224	3	1010.2	-9999.9	-9999.9	-9999.9
2025 04 03 14	0.35	0.31	3.6	3.6	9.0	0.5	-9999.9	3	173	-9999.9	50	-9999.9	3	14.7	9.6	300	3	1009.4	-9999.9	-9999.9	-9999.9
2025 04 03 15	0.42	0.39	3.4	3.4	5.3	0.8	-9999.9	3	113	-9999.9	51	-9999.9	3	15.4	33.0	28	3	1008.9	-9999.9	-9999.9	-9999.9
2025 04 03 16	0.4	0.35	3.9	4.0	7.4	1.08	-9999.9	3	115	-9999.9	54	-9999.9	3	15.4	55.5	52	3	1008.3	-9999.9	-9999.9	-9999.9
2025 04 03 17	0.5	0.46	4.1	4.1	7.4	0.85	-9999.9	3	125	-9999.9	53	-9999.9	3	15.2	57.4	59	3	1007.8	-9999.9	-9999.9	-9999.9
2025 04 03 18	0.49	0.45	3.8	3.8	6.4	0.68	-9999.9	3	110	-9999.9	53	-9999.9	3	14.9	65.5	62	3	1007.5	-9999.9	-9999.9	-9999.9
2025 04 03 19	0.59	0.55	3.8	3.8	4.8	0.88	-9999.9	3	85	-9999.9	52	-9999.9	3	14.8	50.8	66	3	1007.2	-9999.9	-9999.9	-9999.9
2025 04 03 20	0.58	0.54	4.1	4.1	6.3	1.18	-9999.9	3	119	-9999.9	47	-9999.9	3	14.7	34.6	90	3	1008.1	-9999.9	-9999.9	-9999.9
2025 04 03 21	0.67	0.6	4.1	4.2	5.8	1.2	-9999.9	3	127	-9999.9	49	-9999.9	3	14.9	15.0	160	3	1009.2	-9999.9	-9999.9	-9999.9
2025 04 03 22	0.75	0.7	3.1	3.2	3.6	1.15	-9999.9	3	169	-9999.9	46	-9999.9	3	14.3	10.3	174	3	1010.5	-9999.9	-9999.9	-9999.9
2025 04 03 23	0.47	0.44	3.9	3.9	6.3	0.67	-9999.9	3	98	-9999.9	53	-9999.9	3	15.0	60.1	23	3	1010.7	-9999.9	-9999.9	-9999.9
2025 04 04 00	0.5	0.47	4.4	4.2	6.0	0.71	-9999.9	3	80	-9999.9	48	-9999.9	3	15.1	68.2	33	3	1010.3	-9999.9	-9999.9	-9999.9
2025 04 04 01	0.49	0.49	5.0	4.8	6.4	0.78	-9999.9	3	116	-9999.9	51	-9999.9	3	15.1	30.0	64	3	1009.8	-9999.9	-9999.9	-9999.9
2025 04 04 02	0.57	0.55	5.2	5.0	6.6	1.04	-9999.9	3	124	-9999.9	44	-9999.9	3	15.1	34.6	66	3	1009.6	-9999.9	-9999.9	-9999.9
2025 04 04 03	0.55	0.53	4.8	5.0	6.5	0.88	-9999.9	3	112	-9999.9	39	-9999.9	3	15.3	23.8	53	3	1009.2	-9999.9	-9999.9	-9999.9
2025 04 04 04	0.52	0.51	5.2	5.0	6.5	0.81	-9999.9	3	102	-9999.9	42	-9999.9	3	15.2	34.8	44	3	1009.2	-9999.9	-9999.9	-9999.9
2025 04 04 05	0.57	0.55	4.8	4.8	6.6	0.84	-9999.9	3	113	-9999.9	38	-9999.9	3	15.3	53.2	52	3	1009.7	-9999.9	-9999.9	-9999.9
2025 04 04 06	0.62	0.59	5.0	4.8	6.8	1.02	-9999.9	3	127	-9999.9	44	-9999.9	3	15.1	23.3	50	3	1010.0	-9999.9	-9999.9	-9999.9
2025 04 04 07	0.7	0.69	5.2	4.8	6.5	1.09	-9999.9	3	138	-9999.9	47	-9999.9	3	15.0	26.3	53	3	1010.1	-9999.9	-9999.9	-9999.9
2025 04 04 08	0.96	0.88	3.9	3.9	6.1	1.45	-9999.9	3	170	-9999.9	46	-9999.9	3	15.0	30.1	70	3	1010.6	-9999.9	-9999.9	-9999.9
2025 04 04 09	0.95	0.88	3.8	3.9	7.9	1.45	-9999.9	3	174	-9999.9	45	-9999.9	3	15.0	40.9	63	3	1010.7	-9999.9	-9999.9	-9999.9
2025 04 04 10	0.92	0.83	4.0	3.9	7.9	1.22	-9999.9	3	171	-9999.9	51	-9999.9	3	14.7	18.0	68	3	1011.1	-9999.9	-9999.9	-9999.9
2025 04 04 11	1.21	1.12	4.0	4.1	4.4	1.9	-9999.9	3	201	-9999.9	42	-9999.9	3	14.6	8.5	167	3	1011.4	-9999.9	-9999.9	-9999.9
2025 04 04 12	1.36	1.27	4.2	4.2	4.7	2.15	-9999.9	3	206	-9999.9	42	-9999.9	3	14.5	10.4	204	3	1011.9	-9999.9	-9999.9	-9999.9
2025 04 04 13	1.23	1.17	3.9	3.8	3.9	1.96	-9999.9	3	198	-9999.9	40	-9999.9	3	14.5	5.3	310	3	1011.7	-9999.9	-9999.9	-9999.9
2025 04 04 14	1.02	0.95	3.5	3.5	4.1	1.78	-9999.9	3	195	-9999.9	50	-9999.9	3	14.4	20.2	15	3	1012.0	-9999.9	-9999.9	-9999.9
2025 04 04 15	0.99	0.9	3.6	3.6	4.3	1.36	-9999.9	3	195	-9999.9	53	-9999.9	3	14.9	-9999.9	-9999.9	3	1012.6	-9999.9	-9999.9	-9999.9
2025 04 04 16	1.04	0.96	3.9	3.8	8.1	1.5	-9999.9	3	193	-9999.9	52	-9999.9	3	14.9	51.5	53	3	1012.4	-9999.9	-9999.9	-9999.9
2025 04 04 17	1.11	1.01	4.1	4.1	8.6	1.67	-9999.9	3	191	-9999.9	48	-9999.9	3	14.8	53.0	61	3	1012.8	-9999.9	-9999.9	-9999.9
2025 04 04 18	1.12	1.05	4.4	4.3	7.5	1.54	-9999.9	3	202	-9999.9	45	-9999.9	3	14.8	65.7	63	3	1013.4	-9999.9	-9999.9	-9999.9
2025 04 04 19	0.92	0.85	4.2	4.0	8.4	1.71	-9999.9	3	173	-9999.9	50	-9999.9	3	14.9	55.8	57	3	1014.0	-9999.9	-9999.9	-9999.9
2025 04 04 20	1.02	0.93	4.3	4.2	8.3	1.6	-9999.9	3	184	-9999.9	46	-9999.9	3	14.7	30.3	81	3	1015.1	-9999.9	-9999.9	-9999.9
2025 04 04 21	0.96	0.86	4.1	4.1	8.8	1.5	-9999.9	3	176	-9999.9	49	-9999.9	3	14.2	43.8	66	3	1015.7	-9999.9	-9999.9	-9999.9
2025 04 04 22	0.74	0.66	4.1	4.3	8.4	1.11	-9999.9	3	161	-9999.9	50	-9999.9	3	14.1	15.3	144	3	1016.0	-9999.9	-9999.9	-9999.9
2025 04 04 23	0.53	0.5	4.5	4.5	8.4	0.86	-9999.9	3	120	-9999.9	48	-9999.9	3	14.4	14.1	136	3	1016.4	-9999.9	-9999.9	-9999.9
2025 04 05 00	0.52	0.5	5.0	4.7	8.3	0.83	-9999.9	3	127	-9999.9	50	-9999.9	3	14.5	55.0	45	3	1016.4	-9999.9	-9999.9	-9999.9
2025 04 05 01	0.62	0.59	5.3	5.1	8.4	0.93	-9999.9	3	145	-9999.9	51	-9999.9	3	15.1	55.1	51	3	1016.0	-9999.9	-9999.9	-9999.9
2025 04 05 02	0.5	0.46	4.5	4.3	8.3	0.86	-9999.9	3	131	-9999.9	52	-9999.9	3	15.2	35.5	43	3	1016.0	-9999.9	-9999.9	-9999.9
2025 04 05 03	0.54	0.5	4.8	4.8	7.6	0.84	-9999.9	3	141	-9999.9	54	-9999.9	3	15.1	29.5	57	3	1015.8	-9999.9	-9999.9	-9999.9
2025 04 05 04	0.48	0.45	4.6	4.4	8.3	0.69	-9999.9	3	132	-9999.9	47	-9999.9	3	15.1	28.4	52	3	1016.0	-9999.9	-9999.9	-9999.9
2025 04 05 05	0.49	0.47	5.2	5.1	7.9	0.69	-9999.9	3	120	-9999.9	45	-9999.9	3	15.2	37.8	44	3	1016.1	-9999.9	-9999.9	-9999.9
2025 04 05 06	0.55	0.54	5.4	5.2	7.8	0.79	-9999.9	3	129	-9999.9	51	-9999.9	3	15.2	41.0	48	3	1016.6	-9999.9	-9999.9	-9999.9
2025 04 05 07	0.56	0.53	5.4	5.3	8.0	1.08	-9999.9	3	152	-9999.9	51	-9999.9	3	15.1	41.6	66	3	1017.1	-9999.9	-9999.9	-9999.9
2025 04 05 08	0.63	0.61	6.0	5.4	7.5	0.97	-9999.9	3	143	-9999.9	52	-9999.9	3	15.3	50.1	52	3	1017.6	-9999.9	-9999.9	-9999.9
2025 04 05 09	0.58	0.54	5.2	4.9	7.7	0.81	-9999.9	3	159	-9999.9	55	-9999.9	3	15.4	49.3	71	3	1017.6	-9999.9	-9999.9	-9999.9
2025 04 05 10	0.63	0.59	4.9	4.8	7.9	0.98	-9999.9	3	171	-9999.9	60	-9999.9	3	15.4	35.2	72	3	1017.8	-9999.9	-9999.9	-9999.9
2025 04 05 11	0.62	0.56	4.1	4.0	7.8	1.0	-9999.9	3	173	-9999.9	54	-9999.9	3	15.5	25.6	54	3	1017.3	-9999.9	-9999.9	-9999.9
2025 04 05 12	0.66	0.61	3.9	3.9	7.7	0.97	-9999.9	3	185	-9999.9	49	-9999.9	3	15.0	25.0	180	3	1016.8	-9999.9	-9999.9	-9999.9
2025 04 05 13	0.66	0.6	4.0	4.0	8.7	1.1	-9999.9	3	195	-9999.9	46	-9999.9	3	14.4	24.7	222	3	1016.3	-9999.9	-9999.9	-9999.9
2025 04 05 14	0.58	0.52	3.2	3.2	5.8	0.86	-9999.9	3	191	-9999.9	47	-9999.9	3	14.6	19.2	197	3	1015.8	-9999.9	-9999.9	-9999.9
2025 04 05 15	0.45	0.41	3.3	3.3	9.1	0.79	-9999.9	3	159	-9999.9	57	-9999.9	3	14.7	5.7	22	3	1015.3	-9999.9	-9999.9	-9999.9
2025 04 05 16	0.42	0.4	5.0	4.8	8.5	0.61	-9999.9	3	114	-9999.9	58	-9999.9	3	15.6	-9999.9	-9999.9	3	1015.2	-9999.9	-9999.9	-9999.9
2025 04 05 17	0.37	0.34	4.4	4.3	7.9	0.65	-9999.9	3	129	-9999.9	59	-9999.9	3	15.2	39.3	50	3	1015.1	-9999.9	-9999.9	-9999.9
2025 04 05 18	0.43	0.39	4.3	4.5	9.2	0.72	-9999.9	3	166	-9999.9	57	-9999.9	3	15.1	34.3	62	3	1015.0	-9999.9	-9999.9	-9999.9
2025 04 05 19	0.49	0.45	4.0	4.1	8.7	0.82	-9999.9	3	197	-9999.9	51	-9999.9	3	15.0	41.7	55	3	1015.0	-9999.9	-9999.9	-9999.9
2025 04 05 20	0.46	0.43	4.1	4.1	8.0	0.75	-9999.9	3	179	-9999.9	55	-9999.9	3	14.8	34.5	65	3	1015.7	-9999.9	-9999.9	-9999.9
2025 04 05 21	0.42	0.4	5.0	4.8	8.4	0.61	-9999.9	3	151	-9999.9	59	-9999.9	3	14.7	39.9	59	3	1016.2	-9999.9	-9999.9	-9999.9
2025 04 05 22	0.37	0.35	4.4	4.3	8.2	0.59	-9999.9	3	161	-9999.9	61	-9999.9	3	14.6	38.7	67	3	1016.2	-9999.9	-9999.9	-9999.9
2025 04 05 23	0.33	0.31	3.8	3.8	7.9	0.47	-9999.9	3	166	-9999.9	58	-9999.9	3	14.8	56.7	54	3	1016.0	-9999.9	-9999.9	-9999.9
2025 04 06 00	0.25	0.23	4.2	4.1	7.9	0.37	-9999.9	3	122	-9999.9	58	-9999.9	3	15.0	44.9	50	3	1016.0	-9999.9	-9999.9	-9999.9
2025 04 06 01	0.24	0.23	4.3	4.2	8.7	0.41	-9999.9	3	153	-9999.9	55	-9999.9	3	15.0	27.9	46	3	1015.7	-9999.9	-9999.9	-9999.9
2025 04 06 02	0.24	0.23	4.2	4.1	7.9	0.38	-9999.9	3	158	-9999.9	63	-9999.9	3	15.1	51.4	50	3	1015.6	-9999.9	-9999.9	-9999.9
2025 04 06 03	0.26	0.24	4.2	4.0	7.7	0.53	-9999.9	3	197	-9999.9	56	-9999.9	3	15.0	30.5	52	3	1015.2	-9999.9	-9999.9	-9999.9
2025 04 06 04	0.26	0.24	4.2	4.1	7.0	0.41	-9999.9	3	168	-9999.9	53	-9999.9	3	15.1	29.6	52	3	1015.1	-9999.9	-9999.9	-9999.9
2025 04 06 05	0.22	0.2	4.1	4.1	7.9	0.43	-9999.9	3	158	-9999.9	62	-9999.9	3	15.2	37.6	50	3	1015.3	-9999.9	-9999.9	-9999.9
2025 04 06 06	0.25	0.23	3.7	3.7	7.8	0.36	-9999.9	3	111	-9999.9	59	-9999.9	3	15.2	27.8	55	3	1015.8	-9999.9	-9999.9	-9999.9
2025 04 06 07	0.3	0.27	2.9	2.9	7.3	0.48	-9999.9	3	165	-9999.9	63	-9999.9	3	15.2	31.2	48	3	1016.1	-9999.9	-9999.9	-9999.9
2025 04 06 08	0.32	0.29	4.0	4.2	7.9	0.63	-9999.9	3	155	-9999.9	51	-9999.9	3	15.2	30.8	69	3	1016.6	-9999.9	-9999.9	-9999.9
2025 04 06 09	0.33	0.31	3.2	3.2	6.1	0.48	-9999.9	3	154	-9999.9	57	-9999.9	3	15.2	19.6	81	3	1017.0	-9999.9	-9999.9	-9999.9
2025 04 06 10	0.5	0.44	2.9	3.1	8.0	0.79	-9999.9	3	154	-9999.9	60	-9999.9	3	15.2	35.9	60	3	1017.1	-9999.9	-9999.9	-9999.9
2025 04 06 11	0.51	0.46	2.6	2.7	2.9	0.9	-9999.9	3	193	-9999.9	48	-9999.9	3	15.2	23.8	94	3	1016.6	-9999.9	-9999.9	-9999.9
2025 04 06 12	0.53	0.49	2.7	2.8	2.6	0.76	-9999.9	3	193	-9999.9	48	-9999.9	3	15.0	19.2	164	3	1016.3	-9999.9	-9999.9	-9999.9
2025 04 06 13	0.57	0.51	2.9	2.8	2.7	0.96	-9999.9	3	212	-9999.9	44	-9999.9	3	14.8	20.0	166	3	1016.2	-9999.9	-9999.9	-9999.9
2025 04 06 14	0.55	0.51	2.7	2.8	2.8	0.83	-9999.9	3	217	-9999.9	42	-9999.9	3	14.5	7.2	189	3	1016.1	-9999.9	-9999.9	-9999.9
2025 04 06 15	0.54	0.49	3.1	3.1	3.2	0.83	-9999.9	3	204	-9999.9	48	-9999.9	3	14.6	13.3	199	3	1015.7	-9999.9	-9999.9	-9999.9
2025 04 06 16	0.47	0.45	2.7	2.7	2.6	0.86	-9999.9	3	222	-9999.9	49	-9999.9	3	14.6	8.4	252	3	1015.6	-9999.9	-9999.9	-9999.9
2025 04 06 17	0.28	0.26	2.9	2.8	3.7	0.46	-9999.9	3	129	-9999.9	67	-9999.9	3	14.8	18.0	14	3	1015.9	-9999.9	-9999.9	-9999.9
2025 04 06 18	0.34	0.31	3.3	3.3	8.7	0.55	-9999.9	3	143	-9999.9	55	-9999.9	3	15.2	39.1	31	3	1016.3	-9999.9	-9999.9	-9999.9
2025 04 06 19	0.31	0.27	3.6	3.7	7.2	0.73	-9999.9	3	33	-9999.9	59	-9999.9	3	15.2	39.6	55	3	1016.6	-9999.9	-9999.9	-9999.9
2025 04 06 20	0.32	0.3	3.7	3.7	7.9	0.71	-9999.9	3	146	-9999.9	58	-9999.9	3	15.1	44.2	75	3	1016.9	-9999.9	-9999.9	-9999.9
2025 04 06 21	0.38	0.35	4.3	4.4	7.5	0.59	-9999.9	3	153	-9999.9	52	-9999.9	3	15.0	27.6	62	3	1017.2	-9999.9	-9999.9	-9999.9
2025 04 06 22	0.3	0.28	3.6	3.7	4.6	0.54	-9999.9	3	144	-9999.9	59	-9999.9	3	14.9	43.8	49	3	1017.2	-9999.9	-9999.9	-9999.9
2025 04 06 23	0.27	0.25	3.2	3.2	5.5	0.37	-9999.9	3	195	-9999.9	62	-9999.9	3	14.6	51.9	53	3	1017.2	-9999.9	-9999.9	-9999.9
2025 04 07 00	0.27	0.26	3.6	3.7	4.5	0.4	-9999.9	3	121	-9999.9	55	-9999.9	3	15.0	58.1	68	3	1016.9	-9999.9	-9999.9	-9999.9
2025 04 07 01	0.23	0.22	3.5	3.5	5.3	0.38	-9999.9	3	123	-9999.9	63	-9999.9	3	14.9	48.9	66	3	1016.6	-9999.9	-9999.9	-9999.9
2025 04 07 02	0.18	0.17	3.7	3.6	4.6	0.25	-9999.9	3	127	-9999.9	53	-9999.9	3	15.0	46.1	43	3	1016.5	-9999.9	-9999.9	-9999.9
2025 04 07 03	0.17	0.16	3.6	3.6	4.9	0.25	-9999.9	3	129	-9999.9	59	-9999.9	3	15.0	54.4	46	3	1016.3	-9999.9	-9999.9	-9999.9
2025 04 07 04	0.21	0.2	3.5	3.5	5.1	0.37	-9999.9	3	154	-9999.9	56	-9999.9	3	15.2	42.4	49	3	1016.0	-9999.9	-9999.9	-9999.9
2025 04 07 05	0.16	0.15	3.0	3.0	5.5	0.26	-9999.9	3	138	-9999.9	64	-9999.9	3	15.3	27.4	53	3	1015.6	-9999.9	-9999.9	-9999.9
2025 04 07 06	0.26	0.24	3.8	3.7	6.3	0.4	-9999.9	3	67	-9999.9	59	-9999.9	3	15.5	32.3	66	3	1016.3	-9999.9	-9999.9	-9999.9
2025 04 07 07	0.22	0.21	3.5	3.4	3.8	0.45	-9999.9	3	65	-9999.9	58	-9999.9	3	15.6	31.4	56	3	1016.5	-9999.9	-9999.9	-9999.9
2025 04 07 08	0.27	0.24	3.5	3.4	6.2	0.66	-9999.9	3	121	-9999.9	58	-9999.9	3	15.7	30.1	46	3	1016.8	-9999.9	-9999.9	-9999.9
2025 04 07 09	0.25	0.23	3.6	3.8	6.4	0.59	-9999.9	3	70	-9999.9	58	-9999.9	3	15.8	21.5	86	3	1017.2	-9999.9	-9999.9	-9999.9
2025 04 07 10	0.34	0.32	4.3	4.1	8.2	0.63	-9999.9	3	92	-9999.9	58	-9999.9	3	16.2	20.5	108	3	1017.8	-9999.9	-9999.9	-9999.9
2025 04 07 11	0.23	0.21	3.7	3.8	8.0	0.35	-9999.9	3	159	-9999.9	53	-9999.9	3	16.6	14.1	77	3	1017.7	-9999.9	-9999.9	-9999.9
2025 04 07 12	0.32	0.3	3.6	3.6	7.1	0.49	-9999.9	3	135	-9999.9	63	-9999.9	3	16.3	8.5	127	3	1017.4	-9999.9	-9999.9	-9999.9
2025 04 07 13	0.37	0.33	3.1	3.1	8.4	0.62	-9999.9	3	160	-9999.9	52	-9999.9	3	16.1	20.2	197	3	1017.3	-9999.9	-9999.9	-9999.9
2025 04 07 14	0.35	0.32	3.5	3.5	7.7	0.55	-9999.9	3	167	-9999.9	55	-9999.9	3	16.1	24.6	209	3	1017.1	-9999.9	-9999.9	-9999.9
2025 04 07 15	0.32	0.3	3.7	3.6	6.3	0.56	-9999.9	3	187	-9999.9	57	-9999.9	3	15.7	17.6	219	3	1016.9	-9999.9	-9999.9	-9999.9
2025 04 07 16	0.4	0.37	4.1	4.2	6.3	0.65	-9999.9	3	195	-9999.9	50	-9999.9	3	15.2	19.6	237	3	1016.7	-9999.9	-9999.9	-9999.9
2025 04 07 17	0.43	0.4	4.2	4.1	7.5	0.75	-9999.9	3	206	-9999.9	58	-9999.9	3	15.1	14.1	251	3	1017.0	-9999.9	-9999.9	-9999.9
2025 04 07 18	0.38	0.36	4.3	4.2	10.3	0.56	-9999.9	3	187	-9999.9	50	-9999.9	3	15.1	5.9	296	3	1017.1	-9999.9	-9999.9	-9999.9
2025 04 07 19	0.35	0.32	3.5	3.6	6.3	0.55	-9999.9	3	106	-9999.9	64	-9999.9	3	15.1	17.3	346	3	1017.4	-9999.9	-9999.9	-9999.9
2025 04 07 20	0.31	0.28	3.3	3.4	7.0	0.47	-9999.9	3	133	-9999.9	57	-9999.9	3	15.0	38.6	4	3	1018.1	-9999.9	-9999.9	-9999.9
2025 04 07 21	0.34	0.3	3.5	3.6	8.6	0.63	-9999.9	3	137	-9999.9	53	-9999.9	3	15.3	26.3	39	3	1018.4	-9999.9	-9999.9	-9999.9
2025 04 07 22	0.34	0.31	3.4	3.4	7.5	0.5	-9999.9	3	141	-9999.9	49	-9999.9	3	15.8	33.5	59	3	1018.6	-9999.9	-9999.9	-9999.9
2025 04 07 23	0.36	0.33	3.4	3.4	5.1	0.6	-9999.9	3	110	-9999.9	52	-9999.9	3	15.5	49.9	64	3	1018.6	-9999.9	-9999.9	-9999.9
2025 04 08 00	0.32	0.29	3.2	3.1	3.6	0.45	-9999.9	3	113	-9999.9	55	-9999.9	3	15.3	32.9	58	3	1018.4	-9999.9	-9999.9	-9999.9
2025 04 08 01	0.36	0.32	2.9	2.9	2.9	0.55	-9999.9	3	98	-9999.9	45	-9999.9	3	15.1	27.5	77	3	1018.3	-9999.9	-9999.9	-9999.9
2025 04 08 02	0.32	0.3	2.8	2.8	3.2	0.52	-9999.9	3	100	-9999.9	51	-9999.9	3	14.9	17.3	163	3	1017.9	-9999.9	-9999.9	-9999.9
2025 04 08 03	0.36	0.34	2.7	2.7	3.0	0.53	-9999.9	3	100	-9999.9	52	-9999.9	3	14.9	20.5	216	3	1017.8	-9999.9	-9999.9	-9999.9
2025 04 08 04	0.39	0.37	2.8	2.8	2.7	0.66	-9999.9	3	87	-9999.9	47	-9999.9	3	15.0	34.4	162	3	1017.6	-9999.9	-9999.9	-9999.9
2025 04 08 05	0.4	0.38	3.3	3.3	3.9	0.72	-9999.9	3	73	-9999.9	44	-9999.9	3	15.8	58.5	35	3	1017.8	-9999.9	-9999.9	-9999.9
2025 04 08 06	0.48	0.46	3.1	3.1	3.4	0.81	-9999.9	3	75	-9999.9	40	-9999.9	3	15.9	31.0	40	3	1018.0	-9999.9	-9999.9	-9999.9
2025 04 08 07	0.54	0.51	3.3	3.2	3.4	0.8	-9999.9	3	90	-9999.9	39	-9999.9	3	15.8	11.9	73	3	1018.3	-9999.9	-9999.9	-9999.9
2025 04 08 08	0.57	0.55	3.1	3.1	3.5	0.94	-9999.9	3	93	-9999.9	39	-9999.9	3	15.7	10.5	72	3	1018.6	-9999.9	-9999.9	-9999.9
2025 04 08 09	0.59	0.56	3.1	3.1	4.0	1.14	-9999.9	3	94	-9999.9	43	-9999.9	3	15.6	4.4	113	3	1019.2	-9999.9	-9999.9	-9999.9
2025 04 08 10	0.63	0.59	3.4	3.3	3.9	0.86	-9999.9	3	93	-9999.9	42	-9999.9	3	15.7	3.3	194	3	1019.3	-9999.9	-9999.9	-9999.9
2025 04 08 11	0.61	0.58	3.3	3.2	3.9	1.14	-9999.9	3	94	-9999.9	41	-9999.9	3	15.8	2.9	200	3	1019.0	-9999.9	-9999.9	-9999.9
2025 04 08 12	0.54	0.52	3.2	3.2	3.9	0.9	-9999.9	3	83	-9999.9	44	-9999.9	3	16.0	6.6	125	3	1018.5	-9999.9	-9999.9	-9999.9
2025 04 08 13	0.52	0.48	3.1	3.2	4.1	0.82	-9999.9	3	101	-9999.9	45	-9999.9	3	16.1	9.7	171	3	1018.2	-9999.9	-9999.9	-9999.9
2025 04 08 14	0.47	0.44	3.3	3.4	4.6	0.75	-9999.9	3	110	-9999.9	43	-9999.9	3	16.0	14.6	195	3	1017.7	-9999.9	-9999.9	-9999.9
2025 04 08 15	0.39	0.37	3.1	3.1	3.7	0.72	-9999.9	3	109	-9999.9	50	-9999.9	3	16.2	22.5	222	3	1017.4	-9999.9	-9999.9	-9999.9
2025 04 08 16	0.41	0.39	3.3	3.3	4.0	0.74	-9999.9	3	114	-9999.9	51	-9999.9	3	16.1	25.0	228	3	1017.3	-9999.9	-9999.9	-9999.9
2025 04 08 17	0.45	0.42	3.5	3.5	4.7	0.65	-9999.9	3	113	-9999.9	47	-9999.9	3	16.1	28.4	244	3	1017.3	-9999.9	-9999.9	-9999.9
2025 04 08 18	0.54	0.51	3.9	3.9	4.4	0.96	-9999.9	3	115	-9999.9	41	-9999.9	3	15.9	22.9	243	3	1017.4	-9999.9	-9999.9	-9999.9
2025 04 08 19	0.65	0.61	4.2	4.1	5.6	1.15	-9999.9	3	108	-9999.9	41	-9999.9	3	16.2	26.6	252	3	1017.5	-9999.9	-9999.9	-9999.9
2025 04 08 20	0.69	0.66	4.7	4.6	6.1	1.13	-9999.9	3	105	-9999.9	38	-9999.9	3	16.2	33.9	274	3	1018.2	-9999.9	-9999.9	-9999.9
2025 04 08 21	0.72	0.68	4.8	4.8	6.3	1.16	-9999.9	3	105	-9999.9	42	-9999.9	3	16.5	36.2	286	3	1018.6	-9999.9	-9999.9	-9999.9
2025 04 08 22	0.76	0.74	4.7	4.8	6.5	1.17	-9999.9	3	100	-9999.9	36	-9999.9	3	16.2	28.0	299	3	1018.5	-9999.9	-9999.9	-9999.9
2025 04 08 23	0.75	0.73	4.9	4.8	7.0	1.15	-9999.9	3	89	-9999.9	38	-9999.9	3	16.3	39.0	341	3	1018.6	-9999.9	-9999.9	-9999.9
2025 04 09 00	0.8	0.77	4.7	4.5	7.1	1.55	-9999.9	3	99	-9999.9	40	-9999.9	3	15.8	18.7	346	3	1018.1	-9999.9	-9999.9	-9999.9
2025 04 09 01	1.0	0.94	4.8	4.9	7.2	2.19	-9999.9	3	99	-9999.9	34	-9999.9	3	15.9	21.9	23	3	1017.6	-9999.9	-9999.9	-9999.9
2025 04 09 02	0.91	0.86	4.6	4.4	6.8	1.43	-9999.9	3	103	-9999.9	39	-9999.9	3	15.7	9.8	37	3	1017.2	-9999.9	-9999.9	-9999.9
2025 04 09 03	0.98	0.91	4.8	4.6	7.5	1.55	-9999.9	3	107	-9999.9	37	-9999.9	3	15.7	1.2	312	3	1016.7	-9999.9	-9999.9	-9999.9
2025 04 09 04	0.99	0.96	5.4	5.2	7.2	1.53	-9999.9	3	111	-9999.9	35	-9999.9	3	15.9	30.3	213	3	1016.6	-9999.9	-9999.9	-9999.9
2025 04 09 05	0.95	0.9	5.2	5.1	7.0	1.4	-9999.9	3	114	-9999.9	40	-9999.9	3	15.9	30.1	212	3	1016.7	-9999.9	-9999.9	-9999.9
2025 04 09 06	0.78	0.75	4.6	4.5	7.3	1.19	-9999.9	3	104	-9999.9	40	-9999.9	3	15.9	20.5	176	3	1016.6	-9999.9	-9999.9	-9999.9
2025 04 09 07	0.85	0.82	5.2	5.1	7.5	1.48	-9999.9	3	106	-9999.9	37	-9999.9	3	15.9	14.8	273	3	1016.6	-9999.9	-9999.9	-9999.9
2025 04 09 08	0.74	0.73	5.2	4.9	6.9	1.39	-9999.9	3	104	-9999.9	37	-9999.9	3	16.0	15.5	245	3	1016.8	-9999.9	-9999.9	-9999.9
2025 04 09 09	0.77	0.73	4.6	4.7	7.2	1.16	-9999.9	3	106	-9999.9	39	-9999.9	3	16.1	15.7	327	3	1017.1	-9999.9	-9999.9	-9999.9
2025 04 09 10	0.74	0.71	4.8	4.7	6.7	1.13	-9999.9	3	109	-9999.9	39	-9999.9	3	16.4	20.9	6	3	1017.3	-9999.9	-9999.9	-9999.9
2025 04 09 11	0.87	0.83	5.0	4.9	7.3	1.35	-9999.9	3	99	-9999.9	35	-9999.9	3	16.1	35.4	19	3	1017.1	-9999.9	-9999.9	-9999.9
2025 04 09 12	0.8	0.77	4.7	4.5	6.8	1.26	-9999.9	3	111	-9999.9	40	-9999.9	3	16.1	21.9	30	3	1016.5	-9999.9	-9999.9	-9999.9
2025 04 09 13	0.82	0.79	5.1	4.8	6.7	1.4	-9999.9	3	113	-9999.9	34	-9999.9	3	16.4	11.3	25	3	1016.0	-9999.9	-9999.9	-9999.9
2025 04 09 14	0.76	0.73	5.0	5.0	7.1	1.12	-9999.9	3	109	-9999.9	38	-9999.9	3	16.4	10.0	68	3	1015.2	-9999.9	-9999.9	-9999.9
2025 04 09 15	0.72	0.68	4.8	4.9	7.0	1.06	-9999.9	3	108	-9999.9	44	-9999.9	3	16.4	15.8	253	3	1014.5	-9999.9	-9999.9	-9999.9
2025 04 09 16	0.77	0.75	4.9	4.9	6.9	1.44	-9999.9	3	108	-9999.9	41	-9999.9	3	16.3	8.1	263	3	1014.2	-9999.9	-9999.9	-9999.9
2025 04 09 17	0.87	0.84	4.9	4.9	6.8	1.59	-9999.9	3	111	-9999.9	40	-9999.9	3	16.2	24.6	220	3	1013.8	-9999.9	-9999.9	-9999.9
2025 04 09 18	0.79	0.76	4.7	4.7	6.5	1.2	-9999.9	3	119	-9999.9	45	-9999.9	3	16.4	30.4	211	3	1013.6	-9999.9	-9999.9	-9999.9
2025 04 09 19	0.94	0.9	4.7	4.7	6.4	1.31	-9999.9	3	115	-9999.9	39	-9999.9	3	16.3	52.3	202	3	1013.7	-9999.9	-9999.9	-9999.9
2025 04 09 20	1.08	1.03	4.6	4.5	6.7	1.63	-9999.9	3	124	-9999.9	37	-9999.9	3	16.1	48.3	203	3	1014.2	-9999.9	-9999.9	-9999.9
2025 04 09 21	0.91	0.85	4.0	3.8	6.3	1.29	-9999.9	3	108	-9999.9	43	-9999.9	3	16.3	25.7	286	3	1014.2	-9999.9	-9999.9	-9999.9
2025 04 09 22	0.77	0.72	3.7	3.7	6.6	1.12	-9999.9	3	97	-9999.9	45	-9999.9	3	16.1	35.3	300	3	1014.0	-9999.9	-9999.9	-9999.9
2025 04 09 23	0.83	0.77	3.8	3.9	6.4	1.23	-9999.9	3	97	-9999.9	42	-9999.9	3	15.9	25.3	13	3	1014.4	-9999.9	-9999.9	-9999.9
2025 04 10 00	0.85	0.8	4.4	4.3	7.4	1.31	-9999.9	3	100	-9999.9	35	-9999.9	3	15.9	32.6	12	3	1014.5	-9999.9	-9999.9	-9999.9
2025 04 10 01	0.8	0.76	4.5	4.3	7.0	1.3	-9999.9	3	102	-9999.9	38	-9999.9	3	15.8	22.8	26	3	1014.2	-9999.9	-9999.9	-9999.9
2025 04 10 02	0.9	0.86	5.1	4.8	7.3	1.47	-9999.9	3	111	-9999.9	36	-9999.9	3	15.9	26.7	52	3	1013.6	-9999.9	-9999.9	-9999.9
2025 04 10 03	0.88	0.84	4.7	4.5	7.3	1.85	-9999.9	3	110	-9999.9	40	-9999.9	3	15.9	11.1	110	3	1013.4	-9999.9	-9999.9	-9999.9
2025 04 10 04	0.84	0.79	5.0	5.2	7.4	1.45	-9999.9	3	121	-9999.9	39	-9999.9	3	16.0	49.7	205	3	1013.7	-9999.9	-9999.9	-9999.9
2025 04 10 05	0.79	0.76	4.9	5.1	7.3	1.23	-9999.9	3	131	-9999.9	34	-9999.9	3	15.9	68.5	198	3	1013.7	-9999.9	-9999.9	-9999.9
2025 04 10 06	0.84	0.77	4.2	4.1	6.9	1.3	-9999.9	3	109	-9999.9	43	-9999.9	3	15.9	43.8	177	3	1014.0	-9999.9	-9999.9	-9999.9
2025 04 10 07	0.89	0.83	4.4	4.3	7.2	1.27	-9999.9	3	117	-9999.9	39	-9999.9	3	16.0	14.0	189	3	1014.3	-9999.9	-9999.9	-9999.9
2025 04 10 08	0.79	0.75	4.2	4.1	6.9	1.25	-9999.9	3	111	-9999.9	36	-9999.9	3	16.0	34.8	192	3	1014.7	-9999.9	-9999.9	-9999.9
2025 04 10 09	0.69	0.65	4.0	4.0	6.0	1.12	-9999.9	3	114	-9999.9	42	-9999.9	3	16.0	29.0	218	3	1015.1	-9999.9	-9999.9	-9999.9
2025 04 10 10	0.73	0.69	4.3	4.2	6.9	1.22	-9999.9	3	115	-9999.9	46	-9999.9	3	16.3	49.9	264	3	1015.2	-9999.9	-9999.9	-9999.9
2025 04 10 11	0.95	0.89	4.2	4.2	6.8	1.44	-9999.9	3	107	-9999.9	40	-9999.9	3	16.4	39.3	287	3	1015.4	-9999.9	-9999.9	-9999.9
2025 04 10 12	1.23	1.17	4.4	4.3	6.8	1.96	-9999.9	3	99	-9999.9	40	-9999.9	3	16.1	15.0	304	3	1015.4	-9999.9	-9999.9	-9999.9
2025 04 10 13	1.3	1.23	4.6	4.5	7.3	2.17	-9999.9	3	105	-9999.9	38	-9999.9	3	16.1	2.0	303	3	1015.1	-9999.9	-9999.9	-9999.9
2025 04 10 14	1.36	1.33	4.9	4.8	7.6	2.09	-9999.9	3	108	-9999.9	36	-9999.9	3	16.1	11.2	169	3	1014.1	-9999.9	-9999.9	-9999.9
2025 04 10 15	1.51	1.43	5.2	5.1	8.1	2.09	-9999.9	3	102	-9999.9	34	-9999.9	3	16.1	4.6	150	3	1013.9	-9999.9	-9999.9	-9999.9
2025 04 10 16	1.76	1.61	5.7	5.6	8.6	2.46	-9999.9	3	104	-9999.9	33	-9999.9	3	16.2	23.5	46	3	1014.0	-9999.9	-9999.9	-9999.9
2025 04 10 17	2.05	1.93	5.7	5.7	8.8	2.79	-9999.9	3	114	-9999.9	33	-9999.9	3	16.2	6.9	224	3	1014.0	-9999.9	-9999.9	-9999.9
2025 04 10 18	1.93	1.82	5.4	5.5	8.0	3.23	-9999.9	3	115	-9999.9	34	-9999.9	3	16.1	38.7	200	3	1014.1	-9999.9	-9999.9	-9999.9
2025 04 10 19	1.79	1.69	5.4	5.3	8.2	2.58	-9999.9	3	120	-9999.9	35	-9999.9	3	16.0	51.3	211	3	1014.0	-9999.9	-9999.9	-9999.9
2025 04 10 20	1.97	1.87	5.5	5.3	8.1	2.74	-9999.9	3	123	-9999.9	35	-9999.9	3	16.0	49.7	219	3	1016.9	-9999.9	-9999.9	-9999.9
2025 04 10 21	1.99	1.89	5.1	5.3	8.5	3.41	-9999.9	3	112	-9999.9	32	-9999.9	3	16.0	20.6	222	3	1014.7	-9999.9	-9999.9	-9999.9
2025 04 10 22	1.7	1.57	5.2	4.9	8.5	2.53	-9999.9	3	102	-9999.9	34	-9999.9	3	16.0	19.5	302	3	1015.1	-9999.9	-9999.9	-9999.9
2025 04 10 23	1.85	1.77	5.5	5.3	8.0	3.11	-9999.9	3	107	-9999.9	33	-9999.9	3	16.0	13.6	331	3	1014.4	-9999.9	-9999.9	-9999.9
2025 04 11 00	1.95	1.85	5.7	5.6	8.3	2.93	-9999.9	3	112	-9999.9	32	-9999.9	3	16.2	33.6	12	3	1013.1	-9999.9	-9999.9	-9999.9
2025 04 11 01	2.13	2.05	5.9	5.8	8.5	3.55	-9999.9	3	105	-9999.9	31	-9999.9	3	16.1	17.8	16	3	1013.4	-9999.9	-9999.9	-9999.9
2025 04 11 02	2.01	1.94	5.9	5.8	8.4	3.57	-9999.9	3	113	-9999.9	33	-9999.9	3	16.3	27.1	54	3	1012.2	-9999.9	-9999.9	-9999.9
2025 04 11 03	2.46	2.41	6.5	6.2	8.8	3.93	-9999.9	3	108	-9999.9	31	-9999.9	3	16.2	9.6	48	3	1011.5	-9999.9	-9999.9	-9999.9
2025 04 11 04	2.23	2.11	6.1	6.0	8.8	3.31	-9999.9	3	113	-9999.9	33	-9999.9	3	16.2	26.8	219	3	1011.4	-9999.9	-9999.9	-9999.9
2025 04 11 05	2.62	2.48	6.9	6.5	9.8	3.98	-9999.9	3	119	-9999.9	36	-9999.9	3	16.0	44.9	222	3	1011.2	-9999.9	-9999.9	-9999.9
2025 04 11 06	2.67	2.58	6.3	6.4	9.5	4.02	-9999.9	3	123	-9999.9	31	-9999.9	3	15.9	55.3	199	3	1011.7	-9999.9	-9999.9	-9999.9
2025 04 11 07	2.13	2.07	5.8	5.8	9.0	3.63	-9999.9	3	111	-9999.9	32	-9999.9	3	15.8	9.1	132	3	1012.7	-9999.9	9.9	75
2025 04 11 08	2.28	2.22	5.5	5.6	8.9	3.39	-9999.9	3	102	-9999.9	30	-9999.9	3	16.1	24.5	5	3	1013.1	-9999.9	9.3	89
2025 04 11 09	2.04	1.96	5.3	5.3	9.3	2.92	-9999.9	3	104	-9999.9	33	-9999.9	3	16.1	18.5	316	3	1013.0	-9999.9	10.7	96
2025 04 11 10	1.79	1.66	5.3	5.1	8.3	2.52	-9999.9	3	108	-9999.9	37	-9999.9	3	16.1	22.4	282	3	1013.7	-9999.9	9.0	124
2025 04 11 11	1.88	1.81	5.6	5.7	9.6	2.65	-9999.9	3	101	-9999.9	31	-9999.9	3	16.0	10.0	232	3	1013.8	-9999.9	8.2	108
2025 04 11 12	2.84	2.72	7.6	7.2	10.4	3.74	-9999.9	3	90	-9999.9	24	-9999.9	3	16.0	12.9	40	3	1013.2	-9999.9	7.6	117
2025 04 11 13	3.05	2.96	7.2	7.3	10.3	4.71	-9999.9	3	88	-9999.9	23	-9999.9	3	16.0	7.5	76	3	1012.5	-9999.9	8.1	80
2025 04 11 14	2.24	2.16	6.6	6.4	9.7	3.38	-9999.9	3	96	-9999.9	31	-9999.9	3	16.0	10.3	124	3	1012.5	-9999.9	6.7	97
2025 04 11 15	1.66	1.59	5.7	5.5	8.4	2.47	-9999.9	3	109	-9999.9	38	-9999.9	3	15.9	13.0	175	3	1012.1	-9999.9	6.0	92
2025 04 11 16	1.37	1.33	5.7	5.6	9.6	2.13	-9999.9	3	107	-9999.9	36	-9999.9	3	15.7	20.7	184	3	1012.3	-9999.9	5.2	83
2025 04 11 17	1.66	1.59	6.3	6.3	9.6	2.65	-9999.9	3	105	-9999.9	33	-9999.9	3	15.8	20.0	179	3	1012.3	-9999.9	5.5	84
2025 04 11 18	1.53	1.47	5.9	5.9	9.0	3.17	-9999.9	3	103	-9999.9	35	-9999.9	3	15.8	25.2	180	3	1012.2	-9999.9	6.0	66
2025 04 11 19	1.44	1.37	5.4	5.5	8.9	2.34	-9999.9	3	101	-9999.9	37	-9999.9	3	15.8	28.4	159	3	1012.4	-9999.9	5.7	72
2025 04 11 20	1.51	1.48	5.6	5.5	8.0	3.0	-9999.9	3	116	-9999.9	32	-9999.9	3	15.8	15.7	167	3	1012.9	-9999.9	5.7	65
2025 04 11 21	1.15	1.07	4.8	4.9	7.4	1.6	-9999.9	3	125	-9999.9	35	-9999.9	3	15.8	9.4	209	3	1013.2	-9999.9	6.3	46
2025 04 11 22	1.0	0.97	5.2	5.0	7.9	1.57	-9999.9	3	118	-9999.9	38	-9999.9	3	16.2	16.5	349	3	1013.7	-9999.9	5.2	66
2025 04 11 23	0.92	0.88	4.9	4.6	6.8	1.45	-9999.9	3	116	-9999.9	42	-9999.9	3	16.1	4.6	13	3	1013.3	-9999.9	6.0	100
2025 04 12 00	1.01	0.95	5.1	5.1	8.8	1.85	-9999.9	3	116	-9999.9	40	-9999.9	3	16.1	11.5	156	3	1013.0	-9999.9	6.0	89
2025 04 12 01	1.04	1.0	5.4	5.2	8.9	1.78	-9999.9	3	111	-9999.9	38	-9999.9	3	16.1	14.3	92	3	1012.8	-9999.9	6.3	113
2025 04 12 02	1.13	1.07	5.5	5.5	9.1	1.8	-9999.9	3	116	-9999.9	36	-9999.9	3	16.4	35.0	82	3	1012.4	-9999.9	5.2	58
2025 04 12 03	0.88	0.84	4.8	4.8	7.9	1.46	-9999.9	3	107	-9999.9	43	-9999.9	3	16.2	18.4	94	3	1012.3	-9999.9	6.5	63
2025 04 12 04	0.91	0.86	4.9	4.8	8.2	1.31	-9999.9	3	110	-9999.9	43	-9999.9	3	16.2	1.9	216	3	1012.7	-9999.9	6.1	71
2025 04 12 05	0.9	0.86	5.0	4.7	7.7	1.6	-9999.9	3	112	-9999.9	40	-9999.9	3	15.7	19.9	234	3	1011.8	-9999.9	8.3	82
2025 04 12 06	0.99	0.92	4.5	4.6	7.8	1.39	-9999.9	3	110	-9999.9	40	-9999.9	3	15.7	11.0	257	3	1014.0	-9999.9	3.3	114
2025 04 12 07	0.97	0.96	5.1	5.0	6.9	1.58	-9999.9	3	96	-9999.9	34	-9999.9	3	16.2	20.1	19	3	1013.8	-9999.9	4.3	86
2025 04 12 08	0.82	0.8	4.9	4.8	6.7	1.29	-9999.9	3	97	-9999.9	40	-9999.9	3	16.3	35.9	26	3	1014.4	-9999.9	3.5	110
2025 04 12 09	0.8	0.75	4.3	4.3	5.8	1.15	-9999.9	3	115	-9999.9	38	-9999.9	3	16.2	14.3	128	3	1014.2	-9999.9	4.6	140
2025 04 12 10	0.79	0.75	4.5	4.6	6.4	1.28	-9999.9	3	120	-9999.9	40	-9999.9	3	16.2	39.8	193	3	1014.6	-9999.9	4.1	105
2025 04 12 11	0.58	0.53	4.1	4.2	7.2	0.89	-9999.9	3	114	-9999.9	44	-9999.9	3	15.9	23.5	220	3	1014.5	-9999.9	3.1	101
2025 04 12 12	0.6	0.57	4.7	4.6	6.5	1.03	-9999.9	3	120	-9999.9	46	-9999.9	3	16.2	14.3	208	3	1013.7	-9999.9	3.2	88
2025 04 12 13	0.61	0.58	4.8	4.7	6.4	1.11	-9999.9	3	117	-9999.9	43	-9999.9	3	16.3	26.1	195	3	1013.2	-9999.9	3.7	73
2025 04 12 14	0.61	0.58	4.9	4.8	6.5	1.03	-9999.9	3	112	-9999.9	43	-9999.9	3	16.1	35.3	190	3	1012.6	-9999.9	3.8	46
2025 04 12 15	0.61	0.59	4.6	4.5	6.6	0.99	-9999.9	3	111	-9999.9	48	-9999.9	3	15.9	27.6	183	3	1012.2	-9999.9	4.0	62
2025 04 12 16	0.61	0.58	4.6	4.5	6.5	1.08	-9999.9	3	118	-9999.9	49	-9999.9	3	16.1	8.1	194	3	1011.8	-9999.9	3.4	62
2025 04 12 17	0.53	0.51	4.6	4.4	6.5	0.89	-9999.9	3	114	-9999.9	51	-9999.9	3	16.5	15.4	339	3	1011.8	-9999.9	2.9	65
2025 04 12 18	0.56	0.52	4.5	4.5	6.6	0.96	-9999.9	3	109	-9999.9	47	-9999.9	3	16.3	18.2	198	3	1011.9	-9999.9	3.2	43
2025 04 12 19	0.66	0.64	4.8	4.6	6.8	1.02	-9999.9	3	106	-9999.9	45	-9999.9	3	16.1	5.7	186	3	1012.2	-9999.9	3.0	30
2025 04 12 20	0.43	0.41	4.3	4.3	6.4	0.64	-9999.9	3	111	-9999.9	45	-9999.9	3	16.1	16.3	20	3	1012.3	-9999.9	2.5	80
2025 04 12 21	0.52	0.49	3.9	4.0	4.9	0.95	-9999.9	3	100	-9999.9	43	-9999.9	3	16.4	10.2	21	3	1012.6	-9999.9	1.8	81
2025 04 12 22	0.45	0.42	3.6	3.7	5.3	0.66	-9999.9	3	115	-9999.9	47	-9999.9	3	16.2	36.1	204	3	1012.6	-9999.9	3.1	341
2025 04 12 23	0.33	0.32	3.8	3.9	6.4	0.56	-9999.9	3	128	-9999.9	55	-9999.9	3	15.9	34.5	243	3	1012.1	-9999.9	2.8	336
2025 04 13 00	0.31	0.29	3.8	3.8	5.1	0.55	-9999.9	3	141	-9999.9	55	-9999.9	3	16.0	20.7	249	3	1011.5	-9999.9	0.6	330
2025 04 13 01	0.31	0.29	4.4	4.3	5.8	0.47	-9999.9	3	103	-9999.9	52	-9999.9	3	15.9	21.0	211	3	1011.1	-9999.9	1.1	296
2025 04 13 02	0.37	0.35	4.2	4.3	7.6	0.62	-9999.9	3	129	-9999.9	56	-9999.9	3	15.7	30.2	202	3	1010.5	-9999.9	2.4	355
2025 04 13 03	0.37	0.36	4.7	4.6	6.9	0.58	-9999.9	3	123	-9999.9	50	-9999.9	3	15.7	23.4	168	3	1009.7	-9999.9	3.3	341
2025 04 13 04	0.38	0.36	4.8	4.6	7.2	0.59	-9999.9	3	127	-9999.9	56	-9999.9	3	15.8	13.5	96	3	1009.9	-9999.9	1.3	330
2025 04 13 05	0.35	0.34	4.8	4.6	7.0	0.58	-9999.9	3	147	-9999.9	61	-9999.9	3	16.1	27.1	13	3	1010.1	-9999.9	1.3	279
2025 04 13 06	0.41	0.39	4.1	3.9	6.5	0.6	-9999.9	3	119	-9999.9	57	-9999.9	3	16.1	4.1	47	3	1010.7	-9999.9	3.1	355
2025 04 13 07	0.45	0.42	4.0	4.1	7.2	0.73	-9999.9	3	116	-9999.9	45	-9999.9	3	16.1	10.1	94	3	1011.1	-9999.9	1.5	299
2025 04 13 08	0.29	0.27	4.0	3.8	6.9	0.54	-9999.9	3	112	-9999.9	55	-9999.9	3	16.1	23.8	5	3	1011.4	-9999.9	0.6	192
2025 04 13 09	0.27	0.25	3.7	3.5	6.5	0.42	-9999.9	3	75	-9999.9	57	-9999.9	3	16.1	14.4	29	3	1011.6	-9999.9	3.2	224
2025 04 13 10	0.05	0.05	4.1	3.7	7.7	0.17	-9999.9	3	103	-9999.9	67	-9999.9	3	16.3	30.2	190	3	1011.7	-9999.9	2.0	263
2025 04 13 11	0.01	0.01	2.6	2.7	3.5	0.03	-9999.9	3	182	-9999.9	72	-9999.9	3	15.9	41.1	207	3	1011.5	-9999.9	5.2	228
2025 04 13 12	0.49	0.46	2.7	2.8	2.7	0.84	-9999.9	3	227	-9999.9	40	-9999.9	3	16.0	24.4	225	3	1011.2	-9999.9	8.7	247
2025 04 13 13	0.52	0.49	2.8	2.8	2.8	0.8	-9999.9	3	221	-9999.9	40	-9999.9	3	16.1	8.3	237	3	1010.8	-9999.9	9.3	233
2025 04 13 14	0.65	0.62	2.9	2.9	3.0	1.04	-9999.9	3	226	-9999.9	38	-9999.9	3	16.0	24.2	142	3	1010.4	-9999.9	10.6	232
2025 04 13 15	0.6	0.56	2.9	2.8	2.9	0.87	-9999.9	3	215	-9999.9	44	-9999.9	3	16.0	32.2	134	3	1010.4	-9999.9	9.9	248
2025 04 13 16	0.64	0.59	3.0	3.1	3.1	1.32	-9999.9	3	205	-9999.9	54	-9999.9	3	16.3	44.2	53	3	1010.7	-9999.9	10.1	245
2025 04 13 17	0.52	0.49	2.9	3.0	2.8	0.74	-9999.9	3	208	-9999.9	54	-9999.9	3	16.2	18.0	25	3	1011.3	-9999.9	6.3	260
2025 04 13 18	0.67	0.63	3.2	3.2	3.3	1.2	-9999.9	3	197	-9999.9	41	-9999.9	3	16.2	19.9	188	3	1011.2	-9999.9	8.8	249
2025 04 13 19	0.51	0.49	3.2	3.1	3.7	0.94	-9999.9	3	204	-9999.9	53	-9999.9	3	15.9	31.9	190	3	1011.7	-9999.9	7.4	238
2025 04 13 20	0.44	0.4	2.7	2.7	2.5	0.69	-9999.9	3	196	-9999.9	53	-9999.9	3	15.9	3.3	189	3	1012.4	-9999.9	6.8	263
2025 04 13 21	0.32	0.29	2.9	3.0	6.5	0.6	-9999.9	3	150	-9999.9	50	-9999.9	3	15.8	8.2	230	3	1012.9	-9999.9	7.5	223
2025 04 13 22	0.3	0.29	2.6	2.6	2.4	0.59	-9999.9	3	199	-9999.9	51	-9999.9	3	15.9	29.4	203	3	1012.9	-9999.9	8.1	252
2025 04 13 23	0.38	0.35	2.7	2.8	2.9	0.58	-9999.9	3	194	-9999.9	50	-9999.9	3	15.9	37.9	193	3	1012.8	-9999.9	8.0	258
2025 04 14 00	0.44	0.42	2.6	2.6	2.7	0.73	-9999.9	3	220	-9999.9	45	-9999.9	3	15.9	27.5	170	3	1012.7	-9999.9	7.3	252
2025 04 14 01	0.5	0.48	2.7	2.7	2.7	0.82	-9999.9	3	213	-9999.9	42	-9999.9	3	15.8	25.8	175	3	1012.2	-9999.9	7.6	249
2025 04 14 02	0.47	0.45	2.6	2.6	2.7	0.84	-9999.9	3	213	-9999.9	41	-9999.9	3	15.6	22.0	100	3	1012.0	-9999.9	7.3	242
2025 04 14 03	0.62	0.61	2.7	2.7	2.8	0.92	-9999.9	3	206	-9999.9	43	-9999.9	3	16.0	25.8	71	3	1011.8	-9999.9	8.4	258
2025 04 14 04	0.58	0.56	2.9	2.9	3.0	0.9	-9999.9	3	212	-9999.9	55	-9999.9	3	16.2	54.5	65	3	1011.1	-9999.9	9.8	253
2025 04 14 05	0.4	0.39	2.8	2.8	2.9	0.61	-9999.9	3	191	-9999.9	50	-9999.9	3	16.1	8.8	1	3	1011.5	-9999.9	5.0	265
2025 04 14 06	0.52	0.49	3.1	3.1	3.2	0.89	-9999.9	3	205	-9999.9	45	-9999.9	3	15.8	27.3	217	3	1011.8	-9999.9	8.1	266
2025 04 14 07	0.52	0.5	3.2	3.2	3.4	0.78	-9999.9	3	215	-9999.9	41	-9999.9	3	15.7	40.7	201	3	1012.3	-9999.9	8.1	247
2025 04 14 08	0.65	0.63	3.3	3.2	3.5	1.02	-9999.9	3	201	-9999.9	47	-9999.9	3	15.6	32.5	197	3	1012.9	-9999.9	5.9	268
2025 04 14 09	0.64	0.62	3.2	3.2	3.6	1.1	-9999.9	3	220	-9999.9	52	-9999.9	3	15.5	12.1	206	3	1013.2	-9999.9	5.4	274
2025 04 14 10	0.59	0.55	3.1	3.1	3.0	1.25	-9999.9	3	205	-9999.9	47	-9999.9	3	15.8	29.9	216	3	1013.5	-9999.9	7.6	232
2025 04 14 11	0.48	0.45	2.9	2.9	3.1	0.71	-9999.9	3	201	-9999.9	48	-9999.9	3	15.8	32.0	207	3	1013.2	-9999.9	8.6	246
2025 04 14 12	0.43	0.41	2.9	2.9	3.0	0.78	-9999.9	3	197	-9999.9	55	-9999.9	3	15.8	26.2	192	3	1013.1	-9999.9	7.4	247
2025 04 14 13	0.43	0.39	2.8	2.8	2.7	0.6	-9999.9	3	187	-9999.9	52	-9999.9	3	15.8	10.4	116	3	1012.6	-9999.9	7.8	235
2025 04 14 14	0.48	0.44	2.7	2.8	3.5	0.78	-9999.9	3	214	-9999.9	54	-9999.9	3	15.9	30.3	72	3	1012.2	-9999.9	8.1	251
2025 04 14 15	0.37	0.35	3.1	3.1	4.1	0.55	-9999.9	3	173	-9999.9	66	-9999.9	3	15.9	47.6	67	3	1011.9	-9999.9	7.5	235
2025 04 14 16	0.49	0.46	3.0	3.0	2.9	0.92	-9999.9	3	179	-9999.9	60	-9999.9	3	15.9	42.3	63	3	1011.6	-9999.9	7.8	238
2025 04 14 17	0.44	0.41	3.0	2.9	2.9	0.67	-9999.9	3	191	-9999.9	52	-9999.9	3	15.8	18.2	89	3	1011.2	-9999.9	8.5	255
2025 04 14 18	0.48	0.45	3.1	3.1	3.1	0.74	-9999.9	3	196	-9999.9	45	-9999.9	3	15.7	12.2	193	3	1011.6	-9999.9	7.3	247
2025 04 14 19	0.6	0.57	3.2	3.2	3.4	0.91	-9999.9	3	197	-9999.9	48	-9999.9	3	15.6	17.9	211	3	1011.7	-9999.9	6.0	263
2025 04 14 20	0.5	0.47	2.8	2.8	2.7	1.04	-9999.9	3	212	-9999.9	54	-9999.9	3	15.2	14.5	41	3	1011.9	-9999.9	7.3	274
2025 04 14 21	0.5	0.47	3.0	3.0	3.3	0.75	-9999.9	3	191	-9999.9	59	-9999.9	3	15.7	61.8	36	3	1012.4	-9999.9	8.1	258
2025 04 14 22	0.66	0.63	2.9	2.9	3.0	0.95	-9999.9	3	209	-9999.9	40	-9999.9	3	15.4	35.4	87	3	1011.7	-9999.9	8.5	261
2025 04 14 23	0.74	0.71	3.0	3.0	3.4	1.3	-9999.9	3	203	-9999.9	41	-9999.9	3	15.6	43.2	64	3	1011.0	-9999.9	12.1	260
2025 04 15 00	0.63	0.6	2.9	3.0	3.2	1.07	-9999.9	3	199	-9999.9	45	-9999.9	3	15.5	30.8	56	3	1011.2	-9999.9	6.7	303
2025 04 15 01	0.43	0.41	3.0	3.0	3.4	0.65	-9999.9	3	215	-9999.9	73	-9999.9	3	16.1	56.9	45	3	1011.2	-9999.9	3.5	282
2025 04 15 02	0.58	0.54	3.3	3.3	4.8	1.0	-9999.9	3	215	-9999.9	46	-9999.9	3	15.8	31.6	67	3	1010.4	-9999.9	3.7	276
2025 04 15 03	0.52	0.49	3.1	3.1	3.8	0.81	-9999.9	3	202	-9999.9	49	-9999.9	3	16.0	49.9	73	3	1010.4	-9999.9	4.7	290
2025 04 15 04	0.48	0.46	3.5	3.4	5.5	0.87	-9999.9	3	185	-9999.9	44	-9999.9	3	15.4	15.2	81	3	1010.2	-9999.9	2.7	250
2025 04 15 05	0.5	0.47	3.9	3.9	5.9	0.95	-9999.9	3	200	-9999.9	38	-9999.9	3	15.0	40.6	172	3	1010.2	-9999.9	3.6	288
2025 04 15 06	0.71	0.69	4.3	4.3	5.2	1.21	-9999.9	3	212	-9999.9	35	-9999.9	3	15.0	44.0	189	3	1010.6	-9999.9	6.1	296
2025 04 15 07	0.71	0.66	4.3	4.2	5.1	1.21	-9999.9	3	208	-9999.9	38	-9999.9	3	15.3	48.4	203	3	1011.2	-9999.9	4.2	312
2025 04 15 08	0.69	0.64	3.8	3.8	5.6	1.09	-9999.9	3	203	-9999.9	45	-9999.9	3	15.2	32.1	196	3	1012.3	-9999.9	6.0	305
2025 04 15 09	0.61	0.58	3.4	3.3	4.9	0.86	-9999.9	3	220	-9999.9	53	-9999.9	3	15.3	20.0	173	3	1012.4	-9999.9	3.6	251
2025 04 15 10	0.43	0.4	3.2	3.1	4.2	1.11	-9999.9	3	193	-9999.9	53	-9999.9	3	15.3	10.8	253	3	1012.7	-9999.9	7.1	267
2025 04 15 11	0.51	0.48	2.7	2.7	2.5	0.82	-9999.9	3	200	-9999.9	41	-9999.9	3	15.3	14.1	247	3	1012.7	-9999.9	8.5	257
2025 04 15 12	0.55	0.53	2.7	2.7	2.6	0.91	-9999.9	3	203	-9999.9	49	-9999.9	3	15.4	4.9	284	3	1012.4	-9999.9	9.4	229
2025 04 15 13	0.64	0.59	2.8	2.8	2.7	0.87	-9999.9	3	204	-9999.9	54	-9999.9	3	16.0	49.8	49	3	1012.6	-9999.9	9.4	265
2025 04 15 14	0.58	0.53	2.8	2.8	2.7	0.9	-9999.9	3	210	-9999.9	54	-9999.9	3	15.7	61.9	57	3	1012.5	-9999.9	9.5	267
2025 04 15 15	0.67	0.62	3.2	3.2	3.7	0.97	-9999.9	3	204	-9999.9	45	-9999.9	3	15.7	45.3	75	3	1012.2	-9999.9	10.8	263
2025 04 15 16	0.73	0.67	3.1	3.2	4.2	1.22	-9999.9	3	198	-9999.9	40	-9999.9	3	15.7	53.0	79	3	1012.4	-9999.9	11.2	273
2025 04 15 17	0.82	0.78	3.5	3.4	4.4	1.4	-9999.9	3	204	-9999.9	40	-9999.9	3	15.6	40.4	92	3	1012.6	-9999.9	11.0	258
2025 04 15 18	0.7	0.66	3.6	3.4	4.8	1.11	-9999.9	3	202	-9999.9	47	-9999.9	3	15.2	11.8	107	3	1014.0	-9999.9	9.4	322
2025 04 15 19	0.69	0.65	3.7	3.8	5.5	1.52	-9999.9	3	199	-9999.9	45	-9999.9	3	14.2	40.0	197	3	1014.6	-9999.9	9.1	287
2025 04 15 20	0.55	0.52	3.5	3.4	4.2	0.9	-9999.9	3	211	-9999.9	52	-9999.9	3	14.4	19.1	240	3	1015.7	-9999.9	5.6	277
2025 04 15 21	0.44	0.4	3.8	3.6	8.5	0.69	-9999.9	3	169	-9999.9	59	-9999.9	3	15.2	44.8	26	3	1016.9	-9999.9	6.5	290
2025 04 15 22	0.39	0.36	3.5	3.5	6.3	0.66	-9999.9	3	182	-9999.9	64	-9999.9	3	14.9	12.4	63	3	1017.2	-9999.9	7.1	277
2025 04 15 23	0.4	0.38	3.9	3.9	6.7	0.61	-9999.9	3	193	-9999.9	55	-9999.9	3	14.9	8.4	130	3	1017.4	-9999.9	7.3	315
2025 04 16 00	0.31	0.29	3.5	3.5	6.2	0.52	-9999.9	3	126	-9999.9	66	-9999.9	3	16.1	42.6	55	3	1017.7	-9999.9	8.1	303
2025 04 16 01	0.27	0.25	3.5	3.5	7.5	0.42	-9999.9	3	185	-9999.9	61	-9999.9	3	15.9	46.2	40	3	1017.8	-9999.9	7.9	311
2025 04 16 02	0.26	0.26	4.9	4.8	7.1	0.4	-9999.9	3	215	-9999.9	59	-9999.9	3	15.9	87.9	32	3	1017.8	-9999.9	6.9	302
2025 04 16 03	0.36	0.34	5.0	5.0	7.1	0.5	-9999.9	3	199	-9999.9	44	-9999.9	3	15.7	48.4	74	3	1018.4	-9999.9	4.8	311
2025 04 16 04	0.4	0.39	4.7	4.7	6.9	0.6	-9999.9	3	190	-9999.9	44	-9999.9	3	15.5	54.4	77	3	1018.8	-9999.9	3.4	300
2025 04 16 05	0.49	0.47	4.5	4.5	6.8	0.76	-9999.9	3	194	-9999.9	44	-9999.9	3	15.3	24.4	103	3	1019.2	-9999.9	3.3	302
2025 04 16 06	0.48	0.46	4.7	4.6	6.5	0.86	-9999.9	3	195	-9999.9	48	-9999.9	3	14.7	25.8	174	3	1019.7	-9999.9	3.7	320
2025 04 16 07	0.55	0.53	4.6	4.7	6.5	0.89	-9999.9	3	185	-9999.9	49	-9999.9	3	14.2	32.8	192	3	1020.5	-9999.9	4.1	335
2025 04 16 08	0.61	0.58	4.4	4.3	5.7	1.07	-9999.9	3	201	-9999.9	44	-9999.9	3	14.3	35.4	199	3	1020.8	-9999.9	3.9	350
2025 04 16 09	0.52	0.49	3.6	3.7	6.6	0.85	-9999.9	3	190	-9999.9	53	-9999.9	3	14.4	27.3	195	3	1021.2	-9999.9	5.3	288
2025 04 16 10	0.39	0.36	3.2	3.1	8.5	0.56	-9999.9	3	169	-9999.9	64	-9999.9	3	14.4	6.7	216	3	1021.5	-9999.9	6.8	281
2025 04 16 11	0.31	0.28	3.2	3.3	7.5	0.46	-9999.9	3	152	-9999.9	65	-9999.9	3	15.2	42.1	35	3	1021.7	-9999.9	7.1	261
2025 04 16 12	0.53	0.5	2.8	2.8	2.5	0.9	-9999.9	3	218	-9999.9	58	-9999.9	3	15.9	29.2	31	3	1020.8	-9999.9	10.6	246
2025 04 16 13	0.69	0.63	2.7	2.8	2.7	1.16	-9999.9	3	212	-9999.9	50	-9999.9	3	15.5	23.3	63	3	1020.8	-9999.9	11.4	249
2025 04 16 14	0.55	0.51	2.7	2.8	2.6	0.81	-9999.9	3	205	-9999.9	61	-9999.9	3	15.6	57.0	57	3	1020.9	-9999.9	10.9	255
2025 04 16 15	0.48	0.44	2.7	2.7	2.4	0.76	-9999.9	3	196	-9999.9	65	-9999.9	3	15.6	62.6	66	3	1020.7	-9999.9	10.8	249
2025 04 16 16	0.46	0.42	3.0	3.0	3.5	0.69	-9999.9	3	193	-9999.9	59	-9999.9	3	15.4	51.7	82	3	1020.7	-9999.9	10.5	259
2025 04 16 17	0.44	0.4	3.0	3.0	3.7	0.64	-9999.9	3	163	-9999.9	61	-9999.9	3	15.5	76.7	71	3	1020.9	-9999.9	9.6	250
2025 04 16 18	0.45	0.42	2.9	2.9	3.0	0.71	-9999.9	3	192	-9999.9	50	-9999.9	3	15.5	37.9	75	3	1021.5	-9999.9	8.1	261
2025 04 16 19	0.47	0.43	3.1	3.1	3.2	0.94	-9999.9	3	187	-9999.9	52	-9999.9	3	15.0	20.2	53	3	1021.3	-9999.9	8.5	264
2025 04 16 20	0.55	0.51	2.9	3.0	2.9	0.84	-9999.9	3	176	-9999.9	57	-9999.9	3	15.3	10.2	23	3	1021.9	-9999.9	7.0	270
2025 04 16 21	0.37	0.33	3.0	3.1	9.8	0.55	-9999.9	3	136	-9999.9	60	-9999.9	3	15.0	37.2	9	3	1022.3	-9999.9	8.0	276
2025 04 16 22	0.32	0.3	2.8	2.8	3.0	0.46	-9999.9	3	182	-9999.9	70	-9999.9	3	15.0	56.3	39	3	1022.1	-9999.9	7.6	272
2025 04 16 23	0.5	0.48	2.5	2.6	2.5	0.86	-9999.9	3	218	-9999.9	53	-9999.9	3	15.7	49.3	71	3	1021.1	-9999.9	-9999.9	-9999.9
2025 04 17 00	0.55	0.52	2.6	2.7	2.7	0.84	-9999.9	3	212	-9999.9	51	-9999.9	3	16.0	44.9	54	3	1020.9	-9999.9	10.1	255
2025 04 17 01	0.46	0.44	2.8	2.8	2.7	0.8	-9999.9	3	200	-9999.9	55	-9999.9	3	15.9	37.1	70	3	1020.9	-9999.9	6.9	262
2025 04 17 02	0.45	0.42	2.6	2.6	2.6	0.72	-9999.9	3	207	-9999.9	55	-9999.9	3	15.9	50.8	37	3	1020.4	-9999.9	7.8	252
2025 04 17 03	0.37	0.35	2.8	2.9	3.0	0.56	-9999.9	3	209	-9999.9	61	-9999.9	3	15.7	78.1	44	3	1019.9	-9999.9	8.9	257
2025 04 17 04	0.51	0.47	3.0	3.0	3.2	0.86	-9999.9	3	209	-9999.9	50	-9999.9	3	15.7	50.6	61	3	1020.2	-9999.9	7.9	243
2025 04 17 05	0.49	0.46	2.9	3.0	2.9	0.71	-9999.9	3	182	-9999.9	54	-9999.9	3	15.6	68.4	71	3	1020.0	-9999.9	8.5	226
2025 04 17 06	0.54	0.5	3.0	3.0	2.9	0.8	-9999.9	3	192	-9999.9	53	-9999.9	3	15.6	53.1	69	3	1020.2	-9999.9	9.4	243
2025 04 17 07	0.59	0.55	2.9	2.9	3.0	0.9	-9999.9	3	199	-9999.9	39	-9999.9	3	15.4	13.7	95	3	1020.6	-9999.9	9.4	222
2025 04 17 08	0.54	0.51	3.4	3.3	3.4	0.81	-9999.9	3	207	-9999.9	47	-9999.9	3	14.2	22.4	209	3	1020.9	-9999.9	7.1	212
2025 04 17 09	0.62	0.59	3.3	3.3	3.4	1.09	-9999.9	3	210	-9999.9	47	-9999.9	3	14.0	40.1	219	3	1021.3	-9999.9	7.8	247
2025 04 17 10	0.61	0.56	2.8	2.8	2.7	1.05	-9999.9	3	205	-9999.9	48	-9999.9	3	13.9	31.2	174	3	1021.2	-9999.9	9.0	242
2025 04 17 11	0.43	0.39	3.0	2.9	6.8	0.64	-9999.9	3	170	-9999.9	61	-9999.9	3	15.4	57.4	30	3	1021.4	-9999.9	9.1	249
2025 04 17 12	0.55	0.51	2.8	2.8	3.2	0.87	-9999.9	3	179	-9999.9	58	-9999.9	3	15.1	35.3	50	3	1021.0	-9999.9	8.6	260
2025 04 17 13	0.67	0.63	2.9	2.8	2.8	1.0	-9999.9	3	214	-9999.9	52	-9999.9	3	15.9	53.9	73	3	1020.4	-9999.9	7.5	229
2025 04 17 14	0.68	0.64	2.8	2.9	3.0	1.12	-9999.9	3	206	-9999.9	53	-9999.9	3	16.1	62.4	68	3	1019.7	-9999.9	9.2	227
2025 04 17 15	0.54	0.51	2.6	2.7	2.4	0.83	-9999.9	3	204	-9999.9	62	-9999.9	3	15.7	52.4	72	3	1019.1	-9999.9	9.7	227
2025 04 17 16	0.48	0.43	2.8	2.8	2.5	0.67	-9999.9	3	185	-9999.9	62	-9999.9	3	15.2	52.0	54	3	1019.2	-9999.9	9.6	242
2025 04 17 17	0.34	0.31	3.0	3.0	3.8	0.54	-9999.9	3	175	-9999.9	65	-9999.9	3	15.4	71.1	55	3	1019.0	-9999.9	5.5	239
2025 04 17 18	0.35	0.32	3.5	3.7	9.1	0.51	-9999.9	3	125	-9999.9	60	-9999.9	3	15.7	86.0	66	3	1018.6	-9999.9	3.6	213
2025 04 17 19	0.4	0.37	2.8	2.8	2.8	0.62	-9999.9	3	169	-9999.9	63	-9999.9	3	15.4	43.3	71	3	1018.8	-9999.9	6.1	225
2025 04 17 20	0.33	0.31	3.3	3.3	7.5	0.6	-9999.9	3	155	-9999.9	57	-9999.9	3	15.4	13.5	82	3	1019.1	-9999.9	5.9	235
2025 04 17 21	0.3	0.27	4.1	4.5	6.1	0.5	-9999.9	3	83	-9999.9	49	-9999.9	3	15.3	44.7	16	3	1019.4	-9999.9	3.1	237
2025 04 17 22	0.19	0.18	3.2	3.2	4.0	0.26	-9999.9	3	45	-9999.9	62	-9999.9	3	15.3	75.4	19	3	1019.0	-9999.9	3.2	250
2025 04 17 23	0.2	0.19	3.6	3.5	5.0	0.3	-9999.9	3	123	-9999.9	58	-9999.9	3	16.0	50.9	54	3	1018.8	-9999.9	3.4	238
2025 04 18 00	0.18	0.17	3.5	3.6	6.6	0.35	-9999.9	3	109	-9999.9	59	-9999.9	3	16.1	35.3	56	3	1018.5	-9999.9	3.5	234
2025 04 18 01	0.18	0.16	3.7	3.7	6.4	0.26	-9999.9	3	108	-9999.9	60	-9999.9	3	16.1	44.8	61	3	1017.8	-9999.9	2.7	252
2025 04 18 02	0.19	0.18	3.5	3.4	4.5	0.37	-9999.9	3	92	-9999.9	57	-9999.9	3	16.2	42.9	54	3	1016.9	-9999.9	1.3	18
2025 04 18 03	0.22	0.21	3.9	4.0	5.8	0.36	-9999.9	3	97	-9999.9	48	-9999.9	3	16.1	46.7	49	3	1016.4	-9999.9	1.0	45
2025 04 18 04	0.19	0.17	3.7	3.6	6.1	0.31	-9999.9	3	161	-9999.9	60	-9999.9	3	15.9	42.7	52	3	1015.8	-9999.9	1.5	91
2025 04 18 05	0.21	0.2	4.1	4.2	6.1	0.38	-9999.9	3	107	-9999.9	51	-9999.9	3	15.8	61.1	64	3	1015.8	-9999.9	2.9	230
2025 04 18 06	0.26	0.24	3.5	3.4	4.6	0.39	-9999.9	3	95	-9999.9	58	-9999.9	3	15.8	15.8	78	3	1016.2	-9999.9	2.2	256
2025 04 18 07	0.29	0.26	3.8	4.1	8.2	0.49	-9999.9	3	111	-9999.9	51	-9999.9	3	15.9	22.2	69	3	1016.3	-9999.9	2.8	225
2025 04 18 08	0.28	0.26	4.1	4.4	9.9	0.52	-9999.9	3	139	-9999.9	49	-9999.9	3	15.9	7.8	100	3	1016.3	-9999.9	4.8	233
2025 04 18 09	0.28	0.26	3.7	3.6	6.3	0.4	-9999.9	3	163	-9999.9	61	-9999.9	3	15.8	13.5	193	3	1016.6	-9999.9	4.6	228
2025 04 18 10	0.38	0.34	3.8	3.7	6.8	0.68	-9999.9	3	150	-9999.9	60	-9999.9	3	15.5	31.4	241	3	1016.5	-9999.9	4.5	226
2025 04 18 11	0.35	0.33	2.9	2.9	2.9	0.5	-9999.9	3	198	-9999.9	58	-9999.9	3	15.0	42.4	210	3	1015.9	-9999.9	5.3	233
2025 04 18 12	0.37	0.34	2.7	2.9	6.8	0.62	-9999.9	3	158	-9999.9	53	-9999.9	3	14.9	9.3	191	3	1015.2	-9999.9	7.0	239
2025 04 18 13	0.32	0.28	3.0	3.2	8.9	0.51	-9999.9	3	105	-9999.9	51	-9999.9	3	16.4	49.0	49	3	1014.6	-9999.9	8.2	237
2025 04 18 14	0.41	0.39	2.3	2.3	2.2	0.59	-9999.9	3	206	-9999.9	63	-9999.9	3	16.3	49.5	80	3	1013.8	-9999.9	9.2	237
2025 04 18 15	0.35	0.33	2.7	2.7	3.3	0.53	-9999.9	3	184	-9999.9	62	-9999.9	3	16.2	51.1	83	3	1013.5	-9999.9	8.1	227
2025 04 18 16	0.44	0.41	2.9	2.9	2.9	0.75	-9999.9	3	188	-9999.9	56	-9999.9	3	15.9	62.5	63	3	1013.3	-9999.9	8.8	222
2025 04 18 17	0.51	0.48	2.7	2.8	2.8	0.75	-9999.9	3	190	-9999.9	55	-9999.9	3	16.1	52.4	48	3	1013.3	-9999.9	9.5	227
2025 04 18 18	0.44	0.41	2.6	2.6	2.5	0.73	-9999.9	3	190	-9999.9	62	-9999.9	3	15.7	28.0	53	3	1013.5	-9999.9	7.9	236
2025 04 18 19	0.51	0.47	2.5	2.7	2.5	0.97	-9999.9	3	181	-9999.9	61	-9999.9	3	15.2	49.1	69	3	1013.8	-9999.9	8.2	242
2025 04 18 20	0.3	0.28	2.6	2.7	5.4	0.68	-9999.9	3	132	-9999.9	64	-9999.9	3	14.9	47.9	80	3	1014.4	-9999.9	4.4	246
2025 04 18 21	0.33	0.29	3.3	3.5	8.8	0.61	-9999.9	3	112	-9999.9	51	-9999.9	3	15.3	13.8	84	3	1014.7	-9999.9	2.7	241
2025 04 18 22	0.17	0.16	3.1	3.1	3.9	0.26	-9999.9	3	52	-9999.9	63	-9999.9	3	15.7	-9999.9	-9999.9	3	1014.7	-9999.9	4.8	277
2025 04 18 23	0.22	0.21	2.8	2.7	3.8	0.35	-9999.9	3	161	-9999.9	65	-9999.9	3	15.9	-9999.9	-9999.9	3	1014.5	-9999.9	5.8	254
2025 04 19 00	0.42	0.4	2.4	2.4	2.4	0.74	-9999.9	3	213	-9999.9	54	-9999.9	3	16.1	31.9	48	3	1014.0	-9999.9	8.4	254
2025 04 19 01	0.61	0.6	2.7	2.7	2.9	0.95	-9999.9	3	203	-9999.9	41	-9999.9	3	16.1	41.1	52	3	1013.8	-9999.9	5.8	260
2025 04 19 02	0.41	0.38	2.5	2.6	2.4	0.75	-9999.9	3	188	-9999.9	56	-9999.9	3	16.0	48.2	64	3	1013.3	-9999.9	5.4	273
2025 04 19 03	0.29	0.27	2.7	2.7	2.9	0.5	-9999.9	3	192	-9999.9	65	-9999.9	3	16.1	44.6	51	3	1013.5	-9999.9	6.2	279
2025 04 19 04	0.37	0.35	2.9	3.0	3.0	0.65	-9999.9	3	207	-9999.9	60	-9999.9	3	16.0	54.5	52	3	1013.4	-9999.9	5.4	273
2025 04 19 05	0.43	0.41	3.5	3.4	4.9	0.64	-9999.9	3	214	-9999.9	46	-9999.9	3	15.9	51.8	66	3	1013.6	-9999.9	6.8	275
2025 04 19 06	0.44	0.42	3.1	3.1	3.6	0.85	-9999.9	3	196	-9999.9	52	-9999.9	3	15.8	37.1	73	3	1013.9	-9999.9	6.2	262
2025 04 19 07	0.54	0.5	3.0	3.0	3.8	0.83	-9999.9	3	204	-9999.9	40	-9999.9	3	15.8	30.1	57	3	1014.3	-9999.9	8.1	288
2025 04 19 08	0.46	0.42	3.5	3.5	7.5	0.66	-9999.9	3	164	-9999.9	52	-9999.9	3	15.6	5.6	147	3	1014.6	-9999.9	7.7	328
2025 04 19 09	0.51	0.48	3.7	3.6	5.1	0.76	-9999.9	3	205	-9999.9	52	-9999.9	3	14.7	21.1	251	3	1015.1	-9999.9	7.8	315
2025 04 19 10	0.57	0.52	3.5	3.5	5.2	0.93	-9999.9	3	208	-9999.9	53	-9999.9	3	14.5	60.9	189	3	1015.7	-9999.9	8.6	287
2025 04 19 11	0.63	0.58	3.6	3.7	5.8	1.0	-9999.9	3	211	-9999.9	40	-9999.9	3	14.6	41.5	193	3	1015.4	-9999.9	9.5	302
2025 04 19 12	0.57	0.53	3.0	3.0	3.4	0.89	-9999.9	3	206	-9999.9	59	-9999.9	3	14.6	45.5	192	3	1015.1	-9999.9	8.7	305
2025 04 19 13	0.57	0.53	3.0	3.0	3.4	0.85	-9999.9	3	232	-9999.9	57	-9999.9	3	14.7	24.6	189	3	1014.8	-9999.9	11.4	315
2025 04 19 14	0.55	0.51	2.7	2.8	2.6	0.99	-9999.9	3	226	-9999.9	55	-9999.9	3	15.0	14.5	116	3	1015.0	-9999.9	8.9	287
2025 04 19 15	0.52	0.49	2.7	2.7	2.5	0.83	-9999.9	3	212	-9999.9	52	-9999.9	3	15.1	10.4	63	3	1014.6	-9999.9	11.1	257
2025 04 19 16	0.74	0.7	2.9	3.0	3.2	1.28	-9999.9	3	215	-9999.9	47	-9999.9	3	15.3	45.0	58	3	1014.6	-9999.9	11.9	247
2025 04 19 17	0.73	0.68	2.9	3.0	3.2	1.19	-9999.9	3	208	-9999.9	47	-9999.9	3	15.0	29.3	80	3	1014.6	-9999.9	10.7	263
2025 04 19 18	0.6	0.57	3.0	2.9	2.9	1.09	-9999.9	3	208	-9999.9	52	-9999.9	3	14.7	46.5	72	3	1014.9	-9999.9	9.8	252
2025 04 19 19	0.51	0.48	3.0	3.0	3.5	0.88	-9999.9	3	192	-9999.9	64	-9999.9	3	14.6	47.5	58	3	1015.4	-9999.9	8.0	265
2025 04 19 20	0.44	0.42	3.3	3.3	3.8	0.72	-9999.9	3	180	-9999.9	58	-9999.9	3	14.7	70.4	62	3	1016.1	-9999.9	7.4	271
2025 04 19 21	0.44	0.4	3.4	3.5	8.5	0.68	-9999.9	3	161	-9999.9	47	-9999.9	3	14.7	-9999.9	-9999.9	3	1016.3	-9999.9	6.3	282
2025 04 19 22	0.37	0.35	3.4	3.3	4.6	0.65	-9999.9	3	174	-9999.9	57	-9999.9	3	14.9	-9999.9	-9999.9	3	1016.7	-9999.9	4.1	274
2025 04 19 23	0.34	0.33	4.0	4.0	6.3	0.52	-9999.9	3	179	-9999.9	53	-9999.9	3	15.2	55.0	46	3	1016.6	-9999.9	6.3	302
2025 04 20 00	0.35	0.33	3.9	3.8	6.7	0.7	-9999.9	3	198	-9999.9	55	-9999.9	3	15.6	44.2	43	3	1016.7	-9999.9	7.4	306
2025 04 20 01	0.39	0.37	3.9	3.9	5.7	0.57	-9999.9	3	212	-9999.9	47	-9999.9	3	15.7	28.6	53	3	1016.2	-9999.9	5.4	305
2025 04 20 02	0.41	0.39	3.6	3.5	4.8	0.77	-9999.9	3	208	-9999.9	52	-9999.9	3	15.7	36.8	54	3	1015.9	-9999.9	5.5	298
2025 04 20 03	0.28	0.26	3.7	3.6	6.5	0.41	-9999.9	3	180	-9999.9	61	-9999.9	3	15.6	32.7	45	3	1015.4	-9999.9	4.2	322
2025 04 20 04	0.31	0.29	4.0	4.0	5.3	0.54	-9999.9	3	178	-9999.9	54	-9999.9	3	15.6	42.6	50	3	1015.6	-9999.9	5.9	289
2025 04 20 05	0.28	0.27	4.0	4.0	5.9	0.46	-9999.9	3	184	-9999.9	61	-9999.9	3	15.4	43.8	48	3	1015.5	-9999.9	6.8	289
2025 04 20 06	0.36	0.34	4.2	4.2	6.2	0.65	-9999.9	3	209	-9999.9	59	-9999.9	3	15.3	34.1	64	3	1015.9	-9999.9	9.1	272
2025 04 20 07	0.41	0.39	4.1	4.0	5.4	0.66	-9999.9	3	160	-9999.9	62	-9999.9	3	15.2	47.7	75	3	1016.5	-9999.9	8.3	265
2025 04 20 08	0.44	0.4	3.6	3.5	6.1	0.62	-9999.9	3	195	-9999.9	52	-9999.9	3	15.4	20.7	63	3	1016.8	-9999.9	8.6	262
2025 04 20 09	0.44	0.42	3.6	3.5	5.4	0.74	-9999.9	3	180	-9999.9	63	-9999.9	3	15.5	46.4	70	3	1017.0	-9999.9	9.3	264
2025 04 20 10	0.55	0.5	3.1	3.1	3.9	0.75	-9999.9	3	198	-9999.9	55	-9999.9	3	15.3	11.9	92	3	1017.4	-9999.9	8.8	269
2025 04 20 11	0.7	0.66	3.7	3.5	4.0	1.06	-9999.9	3	199	-9999.9	39	-9999.9	3	14.0	26.5	196	3	1017.4	-9999.9	9.8	247
2025 04 20 12	0.92	0.87	3.6	3.7	3.9	1.41	-9999.9	3	213	-9999.9	38	-9999.9	3	14.2	39.2	194	3	1017.1	-9999.9	9.1	258
2025 04 20 13	0.83	0.79	3.3	3.3	3.5	1.25	-9999.9	3	207	-9999.9	38	-9999.9	3	14.3	39.4	171	3	1016.9	-9999.9	10.7	253
2025 04 20 14	0.63	0.6	2.8	2.8	2.8	0.89	-9999.9	3	214	-9999.9	51	-9999.9	3	14.5	1.2	90	3	1016.6	-9999.9	11.9	265
2025 04 20 15	0.66	0.62	2.8	2.8	2.7	1.03	-9999.9	3	220	-9999.9	54	-9999.9	3	15.2	32.2	54	3	1016.4	-9999.9	12.3	252
2025 04 20 16	0.64	0.6	2.9	2.9	2.7	0.93	-9999.9	3	204	-9999.9	55	-9999.9	3	15.0	21.8	68	3	1016.2	-9999.9	12.6	244
2025 04 20 17	0.61	0.57	2.9	2.9	2.8	1.04	-9999.9	3	203	-9999.9	53	-9999.9	3	14.9	23.1	59	3	1016.8	-9999.9	11.7	258
2025 04 20 20	0.54	0.49	2.9	2.9	2.6	0.82	-9999.9	3	186	-9999.9	58	-9999.9	3	14.5	65.0	47	3	1018.5	-9999.9	8.9	256
2025 04 20 21	0.48	0.45	2.9	2.8	5.1	0.77	-9999.9	3	177	-9999.9	63	-9999.9	3	14.5	66.1	67	3	1019.1	-9999.9	9.1	259
2025 04 20 22	0.41	0.37	3.3	3.3	9.6	0.65	-9999.9	3	144	-9999.9	61	-9999.9	3	15.0	71.8	67	3	1019.2	-9999.9	10.3	244
2025 04 20 23	0.4	0.37	2.6	2.6	2.3	0.65	-9999.9	3	195	-9999.9	65	-9999.9	3	15.2	53.7	57	3	1019.1	-9999.9	10.5	266
2025 04 21 00	0.43	0.39	2.9	2.9	7.5	0.65	-9999.9	3	186	-9999.9	57	-9999.9	3	15.1	42.4	60	3	1018.8	-9999.9	10.1	257
2025 04 21 01	0.39	0.36	2.6	2.6	2.3	0.59	-9999.9	3	214	-9999.9	60	-9999.9	3	15.6	49.3	46	3	1018.5	-9999.9	8.3	255
2025 04 21 02	0.37	0.33	2.7	2.8	3.1	0.58	-9999.9	3	201	-9999.9	59	-9999.9	3	15.8	41.0	40	3	1018.4	-9999.9	8.5	244
2025 04 21 03	0.39	0.36	2.5	2.5	2.3	0.57	-9999.9	3	188	-9999.9	55	-9999.9	3	15.8	32.9	48	3	1018.4	-9999.9	6.4	247
2025 04 21 04	0.35	0.33	2.6	2.6	2.5	0.6	-9999.9	3	194	-9999.9	56	-9999.9	3	15.6	32.9	50	3	1018.4	-9999.9	3.6	269
2025 04 21 05	0.32	0.3	3.1	3.3	6.1	0.54	-9999.9	3	202	-9999.9	48	-9999.9	3	15.5	32.6	51	3	1018.7	-9999.9	5.2	244
2025 04 21 06	0.37	0.35	3.4	3.3	4.9	0.58	-9999.9	3	180	-9999.9	60	-9999.9	3	15.6	27.2	55	3	1018.7	-9999.9	6.2	273
2025 04 21 07	0.32	0.31	3.3	3.3	5.6	0.51	-9999.9	3	206	-9999.9	64	-9999.9	3	15.5	28.8	53	3	1019.2	-9999.9	5.2	245
2025 04 21 08	0.32	0.29	4.1	4.4	9.7	0.73	-9999.9	3	127	-9999.9	51	-9999.9	3	15.6	26.6	54	3	1019.6	-9999.9	4.3	235
2025 04 21 09	0.34	0.32	3.5	3.6	6.4	0.57	-9999.9	3	126	-9999.9	65	-9999.9	3	15.6	25.1	55	3	1019.5	-9999.9	7.7	231
2025 04 21 10	0.4	0.36	3.0	3.1	6.4	0.57	-9999.9	3	140	-9999.9	64	-9999.9	3	15.7	25.2	72	3	1019.4	-9999.9	8.1	237
2025 04 21 11	0.41	0.36	2.8	2.9	3.3	0.68	-9999.9	3	164	-9999.9	61	-9999.9	3	15.6	47.0	84	3	1019.2	-9999.9	8.4	230
2025 04 21 12	0.45	0.41	2.7	2.7	2.3	0.67	-9999.9	3	187	-9999.9	52	-9999.9	3	15.3	14.1	138	3	1018.7	-9999.9	8.0	222
2025 04 21 13	0.44	0.4	2.8	2.8	2.5	0.73	-9999.9	3	201	-9999.9	47	-9999.9	3	15.0	28.5	197	3	1018.5	-9999.9	7.8	224
2025 04 21 14	0.47	0.44	2.6	2.6	2.3	0.79	-9999.9	3	204	-9999.9	45	-9999.9	3	14.5	29.4	187	3	1018.1	-9999.9	7.3	237
2025 04 21 15	0.29	0.26	3.0	2.9	5.8	0.55	-9999.9	3	88	-9999.9	64	-9999.9	3	15.5	15.1	40	3	1017.6	-9999.9	8.4	233
2025 04 21 16	0.32	0.3	2.7	2.6	2.3	0.64	-9999.9	3	139	-9999.9	62	-9999.9	3	16.0	55.2	55	3	1017.3	-9999.9	8.7	240
2025 04 21 17	0.42	0.39	2.6	2.6	2.5	0.71	-9999.9	3	183	-9999.9	60	-9999.9	3	15.8	45.2	57	3	1017.5	-9999.9	7.7	246
2025 04 21 18	0.34	0.31	2.6	2.7	2.5	0.57	-9999.9	3	175	-9999.9	60	-9999.9	3	15.6	30.4	62	3	1017.8	-9999.9	5.5	237
2025 04 21 19	0.35	0.33	3.2	3.2	3.8	0.61	-9999.9	3	94	-9999.9	58	-9999.9	3	15.7	42.3	65	3	1017.9	-9999.9	3.0	246
2025 04 21 20	0.31	0.29	2.9	2.9	3.0	0.48	-9999.9	3	131	-9999.9	65	-9999.9	3	15.6	45.1	59	3	1018.5	-9999.9	2.2	233
2025 04 21 21	0.35	0.31	3.7	3.9	9.6	0.51	-9999.9	3	92	-9999.9	53	-9999.9	3	15.0	46.3	50	3	1018.9	-9999.9	1.3	5
2025 04 21 22	0.23	0.21	3.1	3.0	3.6	0.36	-9999.9	3	129	-9999.9	69	-9999.9	3	14.6	38.3	58	3	1018.7	-9999.9	1.1	348
2025 04 21 23	0.25	0.23	3.4	3.3	4.1	0.44	-9999.9	3	151	-9999.9	65	-9999.9	3	15.3	58.6	55	3	1018.6	-9999.9	1.7	127
2025 04 22 00	0.22	0.2	3.1	3.0	6.7	0.31	-9999.9	3	141	-9999.9	58	-9999.9	3	15.5	55.7	53	3	1018.7	-9999.9	3.5	232
2025 04 22 01	0.21	0.2	3.1	3.1	4.8	0.4	-9999.9	3	131	-9999.9	65	-9999.9	3	15.4	45.4	44	3	1018.4	-9999.9	2.3	359
2025 04 22 02	0.21	0.19	3.1	3.2	6.5	0.35	-9999.9	3	147	-9999.9	58	-9999.9	3	15.7	52.4	49	3	1018.0	-9999.9	2.1	197
2025 04 22 03	0.16	0.15	3.3	3.3	7.6	0.24	-9999.9	3	158	-9999.9	58	-9999.9	3	15.7	40.0	58	3	1018.0	-9999.9	2.6	235
2025 04 22 04	0.21	0.2	3.8	3.8	5.3	0.37	-9999.9	3	110	-9999.9	62	-9999.9	3	15.8	38.0	51	3	1017.8	-9999.9	6.8	239
2025 04 22 05	0.17	0.16	2.9	2.9	7.7	0.26	-9999.9	3	164	-9999.9	65	-9999.9	3	15.8	17.4	45	3	1018.1	-9999.9	6.7	246
2025 04 22 06	0.24	0.22	3.0	3.1	4.1	0.5	-9999.9	3	74	-9999.9	54	-9999.9	3	15.8	22.2	63	3	1018.8	-9999.9	5.3	256
2025 04 22 07	0.25	0.23	3.6	3.7	8.8	0.51	-9999.9	3	133	-9999.9	50	-9999.9	3	15.8	28.7	56	3	1019.3	-9999.9	6.9	244
2025 04 22 08	0.25	0.23	3.7	3.6	7.0	0.35	-9999.9	3	137	-9999.9	57	-9999.9	3	15.9	26.5	55	3	1019.6	-9999.9	8.0	235
2025 04 22 09	0.34	0.31	2.7	2.7	5.6	0.6	-9999.9	3	122	-9999.9	61	-9999.9	3	15.8	35.9	56	3	1019.8	-9999.9	8.9	229
2025 04 22 10	0.4	0.35	2.7	2.8	5.9	0.58	-9999.9	3	141	-9999.9	61	-9999.9	3	15.9	44.0	62	3	1019.7	-9999.9	10.4	229
2025 04 22 11	0.4	0.37	2.6	2.6	2.5	0.63	-9999.9	3	173	-9999.9	64	-9999.9	3	15.9	52.0	77	3	1019.5	-9999.9	10.4	233
2025 04 22 12	0.46	0.43	2.5	2.5	2.4	0.69	-9999.9	3	178	-9999.9	58	-9999.9	3	15.9	47.8	85	3	1019.4	-9999.9	10.7	232
2025 04 22 13	0.47	0.44	2.5	2.5	2.5	0.71	-9999.9	3	205	-9999.9	47	-9999.9	3	15.4	29.8	100	3	1019.3	-9999.9	10.0	232
2025 04 22 14	0.52	0.49	2.7	2.7	2.6	0.86	-9999.9	3	208	-9999.9	38	-9999.9	3	14.9	19.5	176	3	1019.1	-9999.9	9.7	224
2025 04 22 15	0.61	0.57	2.8	2.8	2.9	0.99	-9999.9	3	198	-9999.9	40	-9999.9	3	14.3	31.6	167	3	1018.8	-9999.9	10.1	242
2025 04 22 16	0.22	0.22	3.2	3.0	3.9	0.39	-9999.9	3	45	-9999.9	66	-9999.9	3	16.0	58.5	51	3	1018.9	-9999.9	9.9	240
2025 04 22 17	0.36	0.33	2.5	2.5	2.3	0.58	-9999.9	3	180	-9999.9	66	-9999.9	3	16.0	57.0	43	3	1018.9	-9999.9	10.0	242
2025 04 22 18	0.45	0.43	2.4	2.5	2.4	0.76	-9999.9	3	219	-9999.9	56	-9999.9	3	15.6	21.8	68	3	1018.9	-9999.9	8.7	242
2025 04 22 19	0.4	0.37	2.9	2.9	4.8	0.61	-9999.9	3	176	-9999.9	58	-9999.9	3	15.4	24.7	55	3	1019.3	-9999.9	5.6	239
2025 04 22 20	0.37	0.35	2.6	2.6	2.3	0.55	-9999.9	3	172	-9999.9	63	-9999.9	3	15.5	48.0	61	3	1020.0	-9999.9	4.7	242
2025 04 22 21	0.38	0.35	2.8	2.8	3.2	0.6	-9999.9	3	178	-9999.9	57	-9999.9	3	15.3	50.0	57	3	1020.8	-9999.9	2.9	233
2025 04 22 22	0.28	0.26	2.7	2.7	2.9	0.49	-9999.9	3	151	-9999.9	70	-9999.9	3	14.9	52.5	53	3	1021.0	-9999.9	1.8	236
2025 04 22 23	0.24	0.23	2.8	2.7	2.8	0.4	-9999.9	3	167	-9999.9	67	-9999.9	3	14.8	40.8	59	3	1020.7	-9999.9	1.8	240
2025 04 23 00	0.2	0.19	3.0	3.0	3.9	0.34	-9999.9	3	146	-9999.9	65	-9999.9	3	15.1	63.1	65	3	1020.3	-9999.9	3.6	246
2025 04 23 01	0.18	0.16	2.6	2.6	2.5	0.3	-9999.9	3	152	-9999.9	65	-9999.9	3	15.8	82.0	58	3	1019.9	-9999.9	5.6	246
2025 04 23 02	0.18	0.17	3.0	3.0	5.4	0.34	-9999.9	3	119	-9999.9	65	-9999.9	3	15.4	52.0	53	3	1019.4	-9999.9	5.7	246
2025 04 23 03	0.17	0.16	3.0	3.0	4.0	0.27	-9999.9	3	165	-9999.9	62	-9999.9	3	15.7	66.2	43	3	1019.4	-9999.9	1.1	21
2025 04 23 04	0.17	0.17	3.2	3.1	4.5	0.27	-9999.9	3	181	-9999.9	57	-9999.9	3	15.9	38.9	54	3	1019.3	-9999.9	1.6	11
2025 04 23 05	0.22	0.21	3.6	3.5	6.0	0.34	-9999.9	3	118	-9999.9	56	-9999.9	3	15.9	12.4	71	3	1019.7	-9999.9	5.3	350
2025 04 23 06	0.25	0.23	3.1	3.3	6.6	0.47	-9999.9	3	44	-9999.9	55	-9999.9	3	15.8	23.7	42	3	1020.4	-9999.9	6.3	349
2025 04 23 07	0.34	0.3	2.9	3.1	5.7	0.94	-9999.9	3	67	-9999.9	39	-9999.9	3	15.8	20.1	49	3	1020.8	-9999.9	6.6	38
2025 04 23 08	0.46	0.43	3.1	3.2	3.1	0.92	-9999.9	3	67	-9999.9	39	-9999.9	3	15.8	17.8	62	3	1020.8	-9999.9	8.6	63
2025 04 23 09	0.54	0.52	3.3	3.3	3.5	1.09	-9999.9	3	60	-9999.9	38	-9999.9	3	15.8	40.5	63	3	1021.2	-9999.9	8.9	65
2025 04 23 10	0.7	0.66	3.8	3.8	4.1	0.98	-9999.9	3	79	-9999.9	41	-9999.9	3	15.9	29.1	54	3	1021.4	-9999.9	8.0	61
2025 04 23 12	0.71	0.67	3.7	3.7	4.6	1.19	-9999.9	3	93	-9999.9	46	-9999.9	3	16.0	52.0	63	3	1021.3	-9999.9	6.5	79
2025 04 23 13	0.84	0.79	3.8	3.8	4.8	1.26	-9999.9	3	82	-9999.9	44	-9999.9	3	16.1	39.4	69	3	1020.9	-9999.9	7.0	80
2025 04 23 14	0.85	0.82	3.7	3.6	4.7	1.26	-9999.9	3	85	-9999.9	43	-9999.9	3	16.2	13.8	121	3	1020.3	-9999.9	6.7	67
2025 04 23 15	0.7	0.67	3.4	3.4	4.5	1.22	-9999.9	3	99	-9999.9	48	-9999.9	3	16.2	28.7	206	3	1019.9	-9999.9	6.2	59
2025 04 23 16	0.67	0.64	3.5	3.5	4.6	1.04	-9999.9	3	99	-9999.9	49	-9999.9	3	16.0	36.5	217	3	1019.6	-9999.9	6.6	79
2025 04 23 17	0.71	0.68	3.4	3.4	4.5	1.05	-9999.9	3	92	-9999.9	46	-9999.9	3	16.1	12.3	234	3	1019.6	-9999.9	-9999.9	-9999.9
2025 04 23 18	0.67	0.64	3.9	4.0	5.0	1.04	-9999.9	3	84	-9999.9	43	-9999.9	3	16.7	33.7	51	3	1019.5	-9999.9	4.7	85
2025 04 23 19	0.6	0.58	4.1	4.0	5.3	0.94	-9999.9	3	76	-9999.9	42	-9999.9	3	16.7	47.2	46	3	1019.6	-9999.9	-9999.9	-9999.9
2025 04 23 20	0.51	0.48	3.7	3.7	5.1	0.82	-9999.9	3	98	-9999.9	43	-9999.9	3	16.8	40.7	67	3	1020.1	-9999.9	4.8	74
2025 04 23 21	0.54	0.51	3.9	3.9	4.8	0.87	-9999.9	3	95	-9999.9	39	-9999.9	3	16.8	52.8	52	3	1020.6	-9999.9	4.7	67
2025 04 23 22	0.6	0.56	3.8	3.9	5.2	1.14	-9999.9	3	95	-9999.9	40	-9999.9	3	16.6	50.0	55	3	1020.7	-9999.9	4.8	75
2025 04 23 23	0.53	0.5	3.9	3.9	5.6	0.78	-9999.9	3	86	-9999.9	43	-9999.9	3	16.4	45.8	51	3	1020.5	-9999.9	4.9	47
2025 04 24 00	0.59	0.57	4.3	4.1	5.8	0.99	-9999.9	3	86	-9999.9	39	-9999.9	3	15.8	34.2	69	3	1020.0	-9999.9	5.7	52
2025 04 24 01	0.64	0.62	4.3	4.2	5.8	1.06	-9999.9	3	73	-9999.9	42	-9999.9	3	15.9	52.4	59	3	1019.4	-9999.9	5.3	41
2025 04 24 02	0.57	0.55	4.2	4.3	5.7	0.89	-9999.9	3	97	-9999.9	38	-9999.9	3	15.9	21.2	151	3	1019.1	-9999.9	5.7	59
2025 04 24 03	0.48	0.46	3.8	3.8	5.5	0.82	-9999.9	3	102	-9999.9	44	-9999.9	3	15.2	52.1	171	3	1019.0	-9999.9	5.9	50
2025 04 24 04	0.45	0.44	4.5	4.5	5.8	0.81	-9999.9	3	79	-9999.9	43	-9999.9	3	16.5	72.6	25	3	1018.6	-9999.9	5.0	58
2025 04 24 05	0.48	0.46	4.2	4.1	5.7	0.73	-9999.9	3	71	-9999.9	45	-9999.9	3	16.1	53.2	27	3	1018.6	-9999.9	4.5	60
2025 04 24 06	0.52	0.49	4.5	4.3	5.5	0.97	-9999.9	3	80	-9999.9	41	-9999.9	3	16.1	24.5	71	3	1018.9	-9999.9	4.5	56
2025 04 24 07	0.52	0.51	4.5	4.3	5.3	0.8	-9999.9	3	105	-9999.9	40	-9999.9	3	16.3	24.9	65	3	1019.3	-9999.9	4.1	67
2025 04 24 08	0.55	0.53	4.0	4.0	5.2	0.92	-9999.9	3	99	-9999.9	41	-9999.9	3	16.7	33.2	58	3	1019.5	-9999.9	4.9	61
2025 04 24 09	0.53	0.5	3.9	3.9	5.4	0.89	-9999.9	3	91	-9999.9	42	-9999.9	3	16.8	25.3	69	3	1019.7	-9999.9	4.1	58
2025 04 24 10	0.54	0.52	4.4	4.3	5.3	0.88	-9999.9	3	89	-9999.9	44	-9999.9	3	16.6	56.1	50	3	1019.8	-9999.9	3.9	69
2025 04 24 11	0.52	0.5	4.0	3.9	5.0	0.9	-9999.9	3	95	-9999.9	47	-9999.9	3	16.6	34.4	57	3	1019.7	-9999.9	3.9	62
2025 04 24 12	0.51	0.49	3.8	3.8	4.8	0.86	-9999.9	3	93	-9999.9	45	-9999.9	3	16.5	39.6	58	3	1019.1	-9999.9	3.8	64
2025 04 24 13	0.58	0.53	3.8	3.9	4.9	1.06	-9999.9	3	90	-9999.9	42	-9999.9	3	16.0	49.0	62	3	1018.6	-9999.9	3.6	67
2025 04 24 14	0.45	0.44	3.6	3.5	5.0	0.72	-9999.9	3	100	-9999.9	45	-9999.9	3	16.9	21.1	154	3	1017.9	-9999.9	4.4	100
2025 04 24 15	0.51	0.49	3.7	3.6	4.6	0.79	-9999.9	3	104	-9999.9	45	-9999.9	3	16.4	28.5	201	3	1017.1	-9999.9	3.9	81
2025 04 24 16	0.43	0.42	3.6	3.5	4.6	0.76	-9999.9	3	119	-9999.9	46	-9999.9	3	16.1	48.2	204	3	1016.6	-9999.9	3.5	57
2025 04 24 17	0.47	0.44	3.6	3.7	4.6	0.75	-9999.9	3	129	-9999.9	44	-9999.9	3	16.8	50.2	204	3	1016.5	-9999.9	3.4	57
2025 04 24 18	0.46	0.43	3.5	3.5	4.5	0.74	-9999.9	3	128	-9999.9	49	-9999.9	3	17.1	20.2	219	3	1016.5	-9999.9	3.3	56
2025 04 24 19	0.34	0.32	3.4	3.5	4.6	0.6	-9999.9	3	100	-9999.9	52	-9999.9	3	17.0	19.5	202	3	1016.6	-9999.9	3.1	57
2025 04 24 20	0.34	0.33	3.8	3.7	5.1	0.56	-9999.9	3	118	-9999.9	44	-9999.9	3	16.8	26.7	244	3	1017.1	-9999.9	3.5	66
2025 04 24 21	0.42	0.4	3.9	3.8	9.8	0.73	-9999.9	3	100	-9999.9	45	-9999.9	3	16.3	23.2	178	3	1017.5	-9999.9	3.1	38
2025 04 24 22	0.29	0.27	3.7	3.7	5.6	0.47	-9999.9	3	113	-9999.9	49	-9999.9	3	16.4	12.3	99	3	1017.3	-9999.9	3.4	56
2025 04 24 23	0.28	0.27	3.7	3.7	5.3	0.54	-9999.9	3	106	-9999.9	47	-9999.9	3	16.4	50.5	44	3	1017.1	-9999.9	3.4	360
2025 04 25 00	0.28	0.26	3.7	3.7	5.4	0.39	-9999.9	3	101	-9999.9	52	-9999.9	3	15.9	39.2	66	3	1016.7	-9999.9	4.1	350
2025 04 25 01	0.26	0.25	3.8	3.9	5.4	0.42	-9999.9	3	100	-9999.9	50	-9999.9	3	16.0	54.3	61	3	1016.7	-9999.9	3.5	347
2025 04 25 02	0.27	0.26	4.0	3.9	5.2	0.38	-9999.9	3	95	-9999.9	44	-9999.9	3	15.9	20.0	113	3	1016.1	-9999.9	3.8	334
2025 04 25 03	0.24	0.23	3.9	3.8	5.1	0.4	-9999.9	3	126	-9999.9	48	-9999.9	3	16.0	52.0	189	3	1016.3	-9999.9	3.3	343
2025 04 25 04	0.25	0.24	3.6	3.5	4.9	0.44	-9999.9	3	132	-9999.9	49	-9999.9	3	16.0	61.0	171	3	1016.0	-9999.9	4.1	5
2025 04 25 05	0.22	0.21	3.5	3.3	4.7	0.35	-9999.9	3	102	-9999.9	52	-9999.9	3	15.9	21.8	139	3	1016.1	-9999.9	3.4	19
2025 04 25 06	0.23	0.21	3.3	3.3	5.4	0.34	-9999.9	3	67	-9999.9	51	-9999.9	3	15.9	26.0	342	3	1016.7	-9999.9	3.8	26
2025 04 25 07	0.27	0.24	3.9	4.2	7.4	0.61	-9999.9	3	82	-9999.9	38	-9999.9	3	15.8	21.2	227	3	1017.1	-9999.9	4.3	5
2025 04 25 08	0.29	0.26	4.1	4.4	9.0	0.49	-9999.9	3	113	-9999.9	40	-9999.9	3	16.1	17.8	199	3	1017.4	-9999.9	2.9	7
2025 04 25 09	0.3	0.29	3.7	3.7	5.1	0.49	-9999.9	3	107	-9999.9	47	-9999.9	3	16.4	9.0	237	3	1017.7	-9999.9	1.5	23
2025 04 25 10	0.29	0.28	4.2	4.2	6.4	0.52	-9999.9	3	82	-9999.9	44	-9999.9	3	16.4	20.2	340	3	1017.5	-9999.9	1.8	53
2025 04 25 11	0.28	0.27	4.2	4.1	5.3	0.44	-9999.9	3	98	-9999.9	51	-9999.9	3	16.8	-9999.9	-9999.9	3	1017.5	-9999.9	1.3	99
2025 04 25 12	0.3	0.28	4.1	4.3	6.9	0.55	-9999.9	3	74	-9999.9	44	-9999.9	3	16.4	43.8	58	3	1017.1	-9999.9	2.1	146
2025 04 25 13	0.31	0.3	3.8	3.7	4.5	0.51	-9999.9	3	98	-9999.9	55	-9999.9	3	17.6	75.3	73	3	-9999.9	-9999.9	-9999.9	-9999.9
2025 04 25 14	0.34	0.32	3.6	3.5	4.2	0.56	-9999.9	3	112	-9999.9	60	-9999.9	3	16.2	50.2	94	3	1016.0	-9999.9	6.2	223
2025 04 25 15	0.33	0.32	2.6	2.6	2.3	0.56	-9999.9	3	190	-9999.9	58	-9999.9	3	16.3	9.9	313	3	1015.2	-9999.9	9.1	220
2025 04 25 16	0.37	0.35	2.8	2.8	2.5	0.58	-9999.9	3	209	-9999.9	53	-9999.9	3	15.9	42.0	204	3	1015.2	-9999.9	8.9	209
2025 04 25 17	0.37	0.35	2.8	2.7	2.6	0.61	-9999.9	3	209	-9999.9	56	-9999.9	3	16.0	48.5	164	3	1015.1	-9999.9	8.6	219
2025 04 25 18	0.41	0.38	2.6	2.6	2.5	0.7	-9999.9	3	204	-9999.9	52	-9999.9	3	16.0	32.5	162	3	1015.0	-9999.9	10.5	230
2025 04 25 19	0.25	0.24	2.7	2.6	2.8	0.43	-9999.9	3	63	-9999.9	67	-9999.9	3	15.6	22.8	21	3	1015.7	-9999.9	9.5	244
2025 04 25 20	0.4	0.38	2.5	2.5	2.4	0.66	-9999.9	3	196	-9999.9	59	-9999.9	3	15.5	20.8	49	3	1016.4	-9999.9	10.4	239
2025 04 25 21	0.49	0.43	2.6	2.8	2.5	0.81	-9999.9	3	193	-9999.9	44	-9999.9	3	15.5	10.1	71	3	1016.9	-9999.9	10.6	237
2025 04 25 22	0.49	0.48	2.5	2.5	2.6	0.75	-9999.9	3	215	-9999.9	41	-9999.9	3	15.6	5.9	5	3	1017.3	-9999.9	10.1	252
2025 04 25 23	0.43	0.41	2.5	2.5	2.6	0.74	-9999.9	3	215	-9999.9	62	-9999.9	3	16.0	-9999.9	-9999.9	3	1017.9	-9999.9	9.4	241
2025 04 26 00	0.4	0.38	2.4	2.4	2.4	0.66	-9999.9	3	209	-9999.9	61	-9999.9	3	15.3	-9999.9	-9999.9	3	1017.8	-9999.9	8.7	250
2025 04 26 01	0.37	0.34	2.6	2.6	2.3	0.6	-9999.9	3	215	-9999.9	63	-9999.9	3	15.0	58.8	50	3	1017.2	-9999.9	10.7	239
2025 04 26 02	0.35	0.32	2.5	2.5	2.3	0.51	-9999.9	3	208	-9999.9	61	-9999.9	3	14.8	65.4	50	3	1016.8	-9999.9	9.1	247
2025 04 26 03	0.4	0.38	2.7	2.8	2.6	0.7	-9999.9	3	191	-9999.9	41	-9999.9	3	15.4	25.1	91	3	1016.2	-9999.9	9.8	210
2025 04 26 04	0.39	0.35	3.1	3.1	10.0	0.6	-9999.9	3	190	-9999.9	44	-9999.9	3	14.7	38.8	182	3	1016.6	-9999.9	8.3	230
2025 04 26 05	-9999.9	-9999.9	-9999.9	-9999.9	-9999.9	-9999.9	-9999.9	3	-9999.9	-9999.9	-9999.9	-9999.9	3	15.3	87.3	177	3	1016.7	-9999.9	9.2	230
2025 04 26 06	0.59	0.57	2.9	2.9	3.2	0.93	-9999.9	3	222	-9999.9	45	-9999.9	3	15.2	-9999.9	-9999.9	3	1017.5	-9999.9	7.8	250
2025 04 26 07	0.47	0.45	2.6	2.6	2.5	0.74	-9999.9	3	204	-9999.9	62	-9999.9	3	15.6	-9999.9	-9999.9	3	1018.1	-9999.9	8.6	243
2025 04 26 08	0.56	0.54	2.7	2.7	2.7	0.83	-9999.9	3	206	-9999.9	39	-9999.9	3	15.3	9.4	53	3	1018.0	-9999.9	10.0	246
2025 04 26 09	0.59	0.55	2.7	2.7	2.7	0.86	-9999.9	3	222	-9999.9	43	-9999.9	3	15.4	23.5	121	3	1017.5	-9999.9	12.8	243
2025 04 26 10	0.64	0.59	2.8	2.8	2.7	0.9	-9999.9	3	214	-9999.9	43	-9999.9	3	15.8	26.4	173	3	1018.2	-9999.9	11.5	244
2025 04 26 11	0.48	0.45	2.5	2.6	2.5	0.96	-9999.9	3	207	-9999.9	58	-9999.9	3	15.8	24.6	16	3	1018.4	-9999.9	11.1	253
2025 04 26 12	0.36	0.33	2.6	2.7	2.9	0.64	-9999.9	3	200	-9999.9	69	-9999.9	3	15.5	-9999.9	-9999.9	3	1018.4	-9999.9	11.7	250
2025 04 26 13	0.43	0.39	3.2	3.1	4.9	0.63	-9999.9	3	192	-9999.9	65	-9999.9	3	15.3	-9999.9	-9999.9	3	1017.5	-9999.9	12.6	235
2025 04 26 14	0.42	0.38	2.8	2.9	3.3	0.56	-9999.9	3	183	-9999.9	66	-9999.9	3	14.7	75.0	73	3	1017.2	-9999.9	12.0	236
2025 04 26 15	0.46	0.43	3.1	3.1	4.9	0.78	-9999.9	3	178	-9999.9	53	-9999.9	3	15.8	104.9	78	3	1016.8	-9999.9	11.7	236
2025 04 26 16	0.6	0.55	3.0	3.1	2.9	0.82	-9999.9	3	191	-9999.9	37	-9999.9	3	15.5	-9999.9	-9999.9	3	1016.6	-9999.9	11.6	217
2025 04 26 17	0.46	0.42	2.9	2.9	3.0	0.76	-9999.9	3	206	-9999.9	49	-9999.9	3	15.5	-9999.9	-9999.9	3	1016.6	-9999.9	11.8	234
2025 04 26 18	0.49	0.46	2.6	2.7	2.5	0.86	-9999.9	3	206	-9999.9	54	-9999.9	3	14.6	26.2	139	3	1016.6	-9999.9	10.3	244
2025 04 26 19	0.41	0.39	2.8	2.8	3.1	0.74	-9999.9	3	233	-9999.9	62	-9999.9	3	14.7	12.8	108	3	1017.1	-9999.9	10.2	233
2025 04 26 20	0.28	0.27	2.4	2.4	2.2	0.46	-9999.9	3	157	-9999.9	70	-9999.9	3	15.3	58.6	47	3	1017.7	-9999.9	10.4	245
2025 04 26 21	0.5	0.46	3.0	3.0	2.9	0.76	-9999.9	3	183	-9999.9	44	-9999.9	3	15.9	28.9	103	3	1017.9	-9999.9	8.6	239
2025 04 26 22	0.43	0.42	2.8	2.9	3.0	0.72	-9999.9	3	214	-9999.9	45	-9999.9	3	15.7	55.8	191	3	1018.0	-9999.9	6.1	250
2025 04 26 23	0.59	0.57	2.8	2.8	3.0	1.11	-9999.9	3	202	-9999.9	41	-9999.9	3	15.6	38.5	165	3	1017.8	-9999.9	5.4	231
2025 04 27 00	0.24	0.23	2.6	2.6	2.4	0.44	-9999.9	3	142	-9999.9	64	-9999.9	3	15.4	38.4	34	3	1017.7	-9999.9	7.4	247
2025 04 27 01	0.26	0.24	2.9	2.9	3.2	0.47	-9999.9	3	173	-9999.9	58	-9999.9	3	15.4	78.7	43	3	1017.3	-9999.9	7.9	240
2025 04 27 02	0.36	0.33	2.7	2.7	2.6	0.56	-9999.9	3	204	-9999.9	63	-9999.9	3	14.5	51.1	56	3	1016.7	-9999.9	7.7	246
2025 04 27 03	0.28	0.26	3.1	3.0	7.1	0.47	-9999.9	3	192	-9999.9	60	-9999.9	3	14.7	73.9	70	3	1016.7	-9999.9	6.2	242
2025 04 27 04	0.25	0.23	3.3	3.4	5.2	0.4	-9999.9	3	173	-9999.9	51	-9999.9	3	14.8	41.3	90	3	1017.3	-9999.9	3.0	310
2025 04 27 05	0.31	0.29	4.0	3.8	5.0	0.51	-9999.9	3	174	-9999.9	48	-9999.9	3	15.4	70.4	175	3	1017.7	-9999.9	5.1	14
2025 04 27 06	0.32	0.3	3.3	3.2	3.7	0.6	-9999.9	3	166	-9999.9	58	-9999.9	3	15.2	63.1	180	3	1018.1	-9999.9	7.6	32
2025 04 27 07	0.39	0.35	2.8	2.9	7.9	0.73	-9999.9	3	88	-9999.9	59	-9999.9	3	14.6	43.9	170	3	1018.4	-9999.9	9.8	43
2025 04 27 08	0.4	0.39	2.8	2.8	2.6	0.61	-9999.9	3	43	-9999.9	40	-9999.9	3	15.3	35.6	37	3	1018.6	-9999.9	9.3	73
2025 04 27 09	0.44	0.41	2.6	2.7	2.5	0.7	-9999.9	3	47	-9999.9	54	-9999.9	3	14.8	16.1	200	3	1019.3	-9999.9	8.7	55
2025 04 27 10	0.45	0.43	4.2	4.0	5.5	0.81	-9999.9	3	120	-9999.9	49	-9999.9	3	14.7	-9999.9	-9999.9	3	1019.9	-9999.9	6.2	43
2025 04 27 11	0.65	0.61	3.6	3.6	5.1	0.96	-9999.9	3	116	-9999.9	45	-9999.9	3	14.2	-9999.9	-9999.9	3	1019.7	-9999.9	6.6	59
2025 04 27 12	0.62	0.59	3.6	3.6	5.5	1.0	-9999.9	3	98	-9999.9	40	-9999.9	3	14.9	22.2	98	3	1019.3	-9999.9	6.6	57
2025 04 27 13	0.65	0.64	4.7	4.7	5.2	1.02	-9999.9	3	97	-9999.9	41	-9999.9	3	15.7	-9999.9	-9999.9	3	1019.3	-9999.9	4.4	47
2025 04 27 14	0.6	0.58	4.4	4.5	5.7	0.91	-9999.9	3	100	-9999.9	42	-9999.9	3	15.7	53.2	51	3	1019.0	-9999.9	3.7	58
2025 04 27 15	0.7	0.68	4.6	4.5	5.6	1.19	-9999.9	3	95	-9999.9	40	-9999.9	3	15.0	52.3	68	3	1018.5	-9999.9	4.7	52
2025 04 27 16	0.62	0.61	4.6	4.5	5.8	0.96	-9999.9	3	82	-9999.9	39	-9999.9	3	15.6	62.6	72	3	1018.4	-9999.9	5.2	62
2025 04 27 17	0.57	0.54	4.3	4.3	5.5	0.83	-9999.9	3	98	-9999.9	43	-9999.9	3	15.1	26.2	187	3	1018.5	-9999.9	5.8	48
2025 04 27 18	0.64	0.62	4.2	4.2	5.2	1.11	-9999.9	3	101	-9999.9	41	-9999.9	3	15.1	18.2	182	3	1018.4	-9999.9	5.9	46
2025 04 27 19	0.64	0.61	3.9	3.9	5.4	1.07	-9999.9	3	97	-9999.9	43	-9999.9	3	15.1	25.0	183	3	1018.9	-9999.9	5.8	54
2025 04 27 20	0.53	0.51	4.0	3.8	5.2	1.02	-9999.9	3	83	-9999.9	44	-9999.9	3	16.0	36.6	30	3	1019.4	-9999.9	4.9	63
2025 04 27 21	0.58	0.56	4.0	4.0	5.3	0.85	-9999.9	3	88	-9999.9	42	-9999.9	3	15.9	20.4	90	3	1019.7	-9999.9	5.5	44
2025 04 27 22	0.45	0.43	3.9	3.8	4.9	0.78	-9999.9	3	121	-9999.9	51	-9999.9	3	14.6	-9999.9	-9999.9	3	1019.7	-9999.9	7.2	66
2025 04 27 23	0.46	0.43	3.3	3.4	4.6	0.73	-9999.9	3	113	-9999.9	52	-9999.9	3	14.5	-9999.9	-9999.9	3	1019.6	-9999.9	7.1	56
2025 04 28 00	0.63	0.59	3.3	3.3	5.3	0.84	-9999.9	3	99	-9999.9	45	-9999.9	3	14.3	35.4	202	3	1019.4	-9999.9	8.3	67
2025 04 28 01	0.68	0.65	3.5	3.5	5.0	1.15	-9999.9	3	79	-9999.9	37	-9999.9	3	14.8	13.7	185	3	1018.8	-9999.9	8.3	83
2025 04 28 02	0.75	0.71	4.0	4.0	5.1	1.15	-9999.9	3	84	-9999.9	40	-9999.9	3	15.4	52.0	43	3	1018.5	-9999.9	7.7	73
2025 04 28 03	0.83	0.8	4.5	4.2	5.3	1.22	-9999.9	3	87	-9999.9	44	-9999.9	3	15.7	67.3	63	3	1018.4	-9999.9	6.4	70
2025 04 28 04	0.98	0.95	4.5	4.5	5.6	1.49	-9999.9	3	85	-9999.9	38	-9999.9	3	15.8	48.0	56	3	1017.9	-9999.9	7.6	72
2025 04 28 05	1.09	1.05	4.3	4.2	5.6	1.6	-9999.9	3	87	-9999.9	43	-9999.9	3	15.3	26.9	75	3	1017.9	-9999.9	7.6	83
2025 04 28 06	0.98	0.95	4.0	4.1	5.7	1.58	-9999.9	3	96	-9999.9	45	-9999.9	3	14.8	34.5	215	3	1018.3	-9999.9	8.7	72
2025 04 28 07	1.13	1.09	4.4	4.3	5.7	1.58	-9999.9	3	108	-9999.9	41	-9999.9	3	14.8	46.5	202	3	1018.7	-9999.9	8.9	75
2025 04 28 08	1.2	1.14	4.6	4.5	5.7	1.83	-9999.9	3	112	-9999.9	37	-9999.9	3	14.6	83.4	192	3	1019.1	-9999.9	9.5	84
2025 04 28 09	1.28	1.23	4.5	4.5	6.5	1.85	-9999.9	3	112	-9999.9	37	-9999.9	3	14.7	60.2	208	3	1019.3	-9999.9	9.7	91
2025 04 28 10	1.58	1.49	4.8	4.8	6.5	2.18	-9999.9	3	110	-9999.9	33	-9999.9	3	14.5	47.2	201	3	1019.2	-9999.9	9.1	88
2025 04 28 11	1.64	1.57	4.7	4.8	6.9	2.53	-9999.9	3	109	-9999.9	39	-9999.9	3	15.2	47.9	233	3	1018.5	-9999.9	9.2	80
2025 04 28 12	1.85	1.76	5.2	5.0	7.2	2.91	-9999.9	3	108	-9999.9	33	-9999.9	3	14.6	19.1	226	3	1018.0	-9999.9	9.4	101
2025 04 28 13	2.01	1.96	5.7	5.6	8.0	3.44	-9999.9	3	103	-9999.9	28	-9999.9	3	15.2	15.7	7	3	1017.8	-9999.9	8.9	75
2025 04 28 14	2.21	2.11	6.2	6.2	8.4	3.2	-9999.9	3	93	-9999.9	32	-9999.9	3	15.7	71.6	43	3	1017.4	-9999.9	7.9	78
2025 04 28 15	2.18	2.15	6.2	6.2	8.3	3.04	-9999.9	3	96	-9999.9	31	-9999.9	3	15.6	67.0	67	3	1017.0	-9999.9	8.0	82
2025 04 28 16	2.15	2.07	6.3	6.1	8.2	4.03	-9999.9	3	86	-9999.9	33	-9999.9	3	15.3	58.5	56	3	1016.5	-9999.9	7.2	93
2025 04 28 17	2.21	2.18	6.6	6.3	8.0	3.36	-9999.9	3	99	-9999.9	29	-9999.9	3	15.1	18.7	46	3	1016.5	-9999.9	5.9	61
2025 04 28 18	1.81	1.71	5.5	5.7	8.3	2.88	-9999.9	3	98	-9999.9	34	-9999.9	3	15.0	16.1	186	3	1016.3	-9999.9	6.9	44
2025 04 28 19	1.94	1.84	6.2	6.2	7.9	2.83	-9999.9	3	112	-9999.9	31	-9999.9	3	14.9	71.2	194	3	1016.6	-9999.9	7.2	55
2025 04 28 20	1.9	1.8	6.2	6.1	7.8	2.52	-9999.9	3	108	-9999.9	29	-9999.9	3	15.0	81.8	190	3	1016.9	-9999.9	7.5	66
2025 04 28 21	1.9	1.83	5.8	5.9	8.0	2.74	-9999.9	3	103	-9999.9	31	-9999.9	3	14.8	62.4	180	3	1017.5	-9999.9	6.7	66
2025 04 28 22	1.73	1.66	5.6	5.6	7.7	2.61	-9999.9	3	105	-9999.9	28	-9999.9	3	14.7	52.1	199	3	1017.5	-9999.9	7.8	69
2025 04 28 23	1.95	1.83	5.6	5.6	8.3	2.99	-9999.9	3	112	-9999.9	31	-9999.9	3	14.9	53.6	234	3	1017.3	-9999.9	8.7	91
2025 04 29 00	1.57	1.46	5.4	5.5	8.2	2.14	-9999.9	3	108	-9999.9	34	-9999.9	3	14.7	62.5	223	3	1016.9	-9999.9	9.5	88
2025 04 29 01	1.47	1.37	5.6	5.6	8.0	2.27	-9999.9	3	107	-9999.9	48	-9999.9	3	14.9	83.2	240	3	1016.0	-9999.9	9.2	71
2025 04 29 02	2.08	2.02	6.0	5.8	8.5	3.21	-9999.9	3	98	-9999.9	29	-9999.9	3	14.9	24.3	261	3	1014.8	-9999.9	9.2	84
2025 04 29 03	2.03	1.99	6.0	5.7	8.8	3.28	-9999.9	3	95	-9999.9	29	-9999.9	3	14.7	27.9	51	3	1014.3	-9999.9	9.6	93
2025 04 29 04	2.42	2.29	6.2	6.1	8.4	4.04	-9999.9	3	97	-9999.9	28	-9999.9	3	15.1	42.0	66	3	1014.0	-9999.9	9.3	108
2025 04 29 05	2.52	2.43	6.1	6.2	8.5	4.75	-9999.9	3	99	-9999.9	28	-9999.9	3	14.9	54.5	72	3	1013.9	-9999.9	9.4	104
2025 04 29 06	2.17	2.08	5.7	5.6	8.7	3.51	-9999.9	3	98	-9999.9	31	-9999.9	3	14.9	16.4	103	3	1014.1	-9999.9	9.6	99
2025 04 29 07	1.92	1.81	5.5	5.6	8.4	3.01	-9999.9	3	103	-9999.9	31	-9999.9	3	14.8	21.1	212	3	1014.5	-9999.9	9.7	95
2025 04 29 08	1.82	1.72	5.4	5.4	8.2	2.84	-9999.9	3	110	-9999.9	33	-9999.9	3	14.8	48.8	199	3	1014.6	-9999.9	-9999.9	-9999.9
2025 04 29 09	1.82	1.71	5.5	5.5	7.7	2.49	-9999.9	3	117	-9999.9	34	-9999.9	3	14.8	71.6	197	3	1015.0	-9999.9	-9999.9	-9999.9
2025 04 29 10	2.03	1.92	5.7	5.8	8.6	2.99	-9999.9	3	106	-9999.9	29	-9999.9	3	14.9	64.5	192	3	1015.1	-9999.9	7.6	95
2025 04 29 11	2.36	2.26	6.3	6.1	8.6	3.43	-9999.9	3	112	-9999.9	25	-9999.9	3	14.8	34.6	210	3	1014.7	-9999.9	7.1	87
2025 04 29 12	1.74	1.62	5.2	5.2	8.7	3.38	-9999.9	3	109	-9999.9	34	-9999.9	3	14.9	18.6	237	3	1014.5	-9999.9	5.9	80
2025 04 29 13	1.58	1.5	5.7	5.6	8.8	2.38	-9999.9	3	105	-9999.9	33	-9999.9	3	15.1	30.9	261	3	1014.4	-9999.9	5.9	85
2025 04 29 14	1.74	1.69	6.9	6.2	9.1	2.31	-9999.9	3	98	-9999.9	30	-9999.9	3	15.1	19.6	274	3	1014.0	-9999.9	4.8	32
2025 04 29 15	2.26	2.21	7.1	6.9	9.3	3.26	-9999.9	3	99	-9999.9	28	-9999.9	3	15.0	13.4	37	3	1013.9	-9999.9	3.5	82
2025 04 29 16	2.01	1.95	7.1	6.8	9.0	3.23	-9999.9	3	100	-9999.9	32	-9999.9	3	15.1	60.8	64	3	1013.5	-9999.9	3.9	86
2025 04 29 17	2.3	2.2	7.0	7.1	9.1	3.49	-9999.9	3	92	-9999.9	31	-9999.9	3	15.1	55.5	73	3	1013.3	-9999.9	3.9	67
2025 04 29 18	2.27	2.23	7.2	7.1	9.0	3.08	-9999.9	3	95	-9999.9	30	-9999.9	3	15.0	11.2	113	3	1013.3	-9999.9	4.4	67
2025 04 29 19	2.09	1.98	7.0	7.0	8.9	3.45	-9999.9	3	104	-9999.9	30	-9999.9	3	15.0	58.6	196	3	1013.6	-9999.9	4.5	73
2025 04 29 20	2.03	1.96	6.8	6.9	8.8	3.41	-9999.9	3	102	-9999.9	26	-9999.9	3	15.1	89.9	191	3	1013.9	-9999.9	5.8	76
2025 04 29 21	1.63	1.56	6.0	6.1	8.7	2.32	-9999.9	3	100	-9999.9	33	-9999.9	3	15.1	-9999.9	-9999.9	3	1014.5	-9999.9	6.1	68
2025 04 29 22	1.28	1.21	5.5	5.6	8.6	1.9	-9999.9	3	106	-9999.9	38	-9999.9	3	15.1	-9999.9	-9999.9	3	1014.5	-9999.9	5.8	68
2025 04 29 23	1.24	1.17	5.6	5.7	8.2	2.19	-9999.9	3	111	-9999.9	36	-9999.9	3	15.0	51.0	223	3	1014.2	-9999.9	6.0	60
2025 04 30 00	1.4	1.33	5.7	5.5	9.1	2.35	-9999.9	3	125	-9999.9	36	-9999.9	3	14.9	34.2	232	3	1014.0	-9999.9	5.4	89
2025 04 30 01	1.31	1.26	5.8	5.8	9.2	2.25	-9999.9	3	114	-9999.9	36	-9999.9	3	15.4	41.7	247	3	1013.1	-9999.9	6.6	99
2025 04 30 02	1.37	1.32	6.6	6.2	8.8	1.72	-9999.9	3	114	-9999.9	33	-9999.9	3	15.7	40.3	287	3	1012.9	-9999.9	5.9	88
2025 04 30 03	1.23	1.19	6.0	5.8	8.6	1.73	-9999.9	3	113	-9999.9	42	-9999.9	3	15.8	41.7	302	3	1012.6	-9999.9	6.4	91
2025 04 30 04	1.58	1.54	6.2	5.7	9.0	2.27	-9999.9	3	99	-9999.9	33	-9999.9	3	15.2	22.6	27	3	1012.5	-9999.9	6.4	115
2025 04 30 05	1.6	1.53	5.9	5.9	8.8	2.67	-9999.9	3	78	-9999.9	32	-9999.9	3	15.6	21.3	51	3	1012.9	-9999.9	5.6	80
2025 04 30 06	1.75	1.7	6.0	5.9	8.9	2.7	-9999.9	3	101	-9999.9	35	-9999.9	3	15.7	42.0	63	3	1012.7	-9999.9	6.3	95
2025 04 30 07	1.65	1.58	5.9	5.9	9.2	2.59	-9999.9	3	106	-9999.9	35	-9999.9	3	15.5	24.3	47	3	1013.0	-9999.9	5.0	96
2025 04 30 08	1.89	1.81	6.1	6.0	8.4	3.23	-9999.9	3	108	-9999.9	34	-9999.9	3	15.5	13.2	226	3	1013.6	-9999.9	5.6	124
2025 04 30 09	1.72	1.67	5.9	5.8	8.5	2.66	-9999.9	3	105	-9999.9	35	-9999.9	3	15.4	34.0	207	3	1013.9	-9999.9	4.5	216
2025 04 30 10	1.5	1.47	5.8	5.6	8.5	2.22	-9999.9	3	103	-9999.9	36	-9999.9	3	15.2	37.1	213	3	1014.2	-9999.9	3.9	216
2025 04 30 11	1.52	1.46	5.8	5.7	7.5	2.34	-9999.9	3	102	-9999.9	33	-9999.9	3	15.2	23.1	211	3	1014.3	-9999.9	4.6	218
2025 04 30 12	1.37	1.28	5.7	5.8	8.9	2.09	-9999.9	3	99	-9999.9	36	-9999.9	3	15.5	35.1	229	3	1014.5	-9999.9	-9999.9	-9999.9
2025 04 30 13	1.44	1.38	5.9	5.8	8.7	2.25	-9999.9	3	101	-9999.9	30	-9999.9	3	15.4	15.0	263	3	1014.1	-9999.9	-9999.9	-9999.9
2025 04 30 14	1.36	1.32	6.4	6.2	8.4	1.99	-9999.9	3	99	-9999.9	31	-9999.9	3	15.4	23.0	358	3	1013.8	-9999.9	-9999.9	-9999.9
2025 04 30 15	1.53	1.48	7.0	6.8	8.9	2.47	-9999.9	3	94	-9999.9	30	-9999.9	3	15.9	49.6	60	3	1013.3	-9999.9	-9999.9	-9999.9
2025 04 30 16	1.85	1.8	7.2	7.1	9.0	3.05	-9999.9	3	94	-9999.9	28	-9999.9	3	15.4	49.5	63	3	1013.4	-9999.9	-9999.9	-9999.9
2025 04 30 17	1.63	1.58	6.9	6.9	8.4	2.33	-9999.9	3	92	-9999.9	34	-9999.9	3	15.3	59.5	73	3	1013.5	-9999.9	-9999.9	-9999.9
2025 04 30 18	1.58	1.52	7.4	6.9	9.0	2.57	-9999.9	3	87	-9999.9	34	-9999.9	3	15.4	17.0	121	3	1013.8	-9999.9	-9999.9	-9999.9
2025 04 30 19	1.67	1.61	6.7	7.0	8.9	3.03	-9999.9	3	106	-9999.9	34	-9999.9	3	15.1	64.7	188	3	1014.4	-9999.9	-9999.9	-9999.9
2025 04 30 20	1.37	1.34	5.9	5.8	8.4	2.16	-9999.9	3	109	-9999.9	37	-9999.9	3	15.2	61.0	202	3	1015.0	-9999.9	-9999.9	-9999.9
2025 04 30 21	1.17	1.1	5.8	5.8	8.6	1.9	-9999.9	3	105	-9999.9	38	-9999.9	3	15.4	28.3	163	3	1015.3	-9999.9	-9999.9	-9999.9
2025 04 30 22	1.29	1.25	7.5	6.7	8.8	1.96	-9999.9	3	121	-9999.9	33	-9999.9	3	15.4	20.2	215	3	1015.6	-9999.9	-9999.9	-9999.9
2025 04 30 23	1.31	1.27	6.5	6.5	8.8	2.06	-9999.9	3	121	-9999.9	31	-9999.9	3	15.3	31.3	204	3	1015.5	-9999.9	-9999.9	-9999.9
2025 05 01 00	1.2	1.19	6.5	6.3	8.4	1.72	-9999.9	3	120	-9999.9	35	-9999.9	3	15.4	50.7	215	3	1015.1	-9999.9	-9999.9	-9999.9
2025 05 01 01	1.23	1.2	6.4	6.3	8.7	2.03	-9999.9	3	114	-9999.9	36	-9999.9	3	15.4	25.7	225	3	1014.6	-9999.9	-9999.9	-9999.9
2025 05 01 02	1.01	1.0	6.4	6.5	8.4	1.72	-9999.9	3	120	-9999.9	35	-9999.9	3	15.6	25.8	260	3	1014.1	-9999.9	-9999.9	-9999.9
2025 05 01 03	0.87	0.85	6.0	6.0	8.1	1.22	-9999.9	3	120	-9999.9	41	-9999.9	3	15.4	26.8	289	3	1013.7	-9999.9	-9999.9	-9999.9
2025 05 01 04	0.92	0.9	6.3	6.2	7.6	1.54	-9999.9	3	113	-9999.9	41	-9999.9	3	15.3	8.3	341	3	1013.4	-9999.9	-9999.9	-9999.9
2025 05 01 05	0.92	0.9	6.0	5.9	8.1	1.65	-9999.9	3	108	-9999.9	46	-9999.9	3	15.3	4.1	234	3	1013.2	-9999.9	-9999.9	-9999.9
2025 05 01 06	0.96	0.93	5.9	5.6	8.1	1.68	-9999.9	3	100	-9999.9	40	-9999.9	3	15.5	11.1	69	3	1013.7	-9999.9	-9999.9	-9999.9
2025 05 01 07	1.24	1.23	6.7	6.6	8.6	1.95	-9999.9	3	117	-9999.9	37	-9999.9	3	15.9	31.9	45	3	1014.0	-9999.9	-9999.9	-9999.9
2025 05 01 08	1.13	1.1	6.5	6.3	8.2	1.71	-9999.9	3	115	-9999.9	40	-9999.9	3	15.7	3.7	308	3	1013.7	-9999.9	-9999.9	-9999.9
2025 05 01 09	0.93	0.9	6.0	5.9	7.9	1.81	-9999.9	3	119	-9999.9	41	-9999.9	3	15.8	8.7	284	3	1013.9	-9999.9	-9999.9	-9999.9
2025 05 01 10	0.9	0.87	5.6	5.5	7.6	1.29	-9999.9	3	116	-9999.9	41	-9999.9	3	15.9	15.5	216	3	1014.4	-9999.9	-9999.9	-9999.9
2025 05 01 11	0.99	0.97	5.7	5.0	7.7	1.39	-9999.9	3	109	-9999.9	37	-9999.9	3	15.9	3.7	107	3	1014.2	-9999.9	-9999.9	-9999.9
2025 05 01 12	0.98	0.94	4.9	4.8	7.2	1.39	-9999.9	3	101	-9999.9	36	-9999.9	3	16.0	27.0	46	3	1013.7	-9999.9	-9999.9	-9999.9
2025 05 01 13	0.83	0.78	4.6	4.4	8.0	1.37	-9999.9	3	102	-9999.9	41	-9999.9	3	16.5	31.6	9	3	1013.5	-9999.9	-9999.9	-9999.9
2025 05 01 14	0.74	0.71	5.4	5.2	8.0	1.19	-9999.9	3	103	-9999.9	38	-9999.9	3	16.8	64.4	21	3	1013.0	-9999.9	-9999.9	-9999.9
2025 05 01 15	0.74	0.71	4.9	5.0	6.7	1.16	-9999.9	3	100	-9999.9	39	-9999.9	3	16.3	56.4	33	3	1012.1	-9999.9	-9999.9	-9999.9
2025 05 01 16	0.67	0.65	5.0	4.8	7.1	1.1	-9999.9	3	104	-9999.9	39	-9999.9	3	16.3	47.9	54	3	1011.7	-9999.9	-9999.9	-9999.9
2025 05 01 17	0.64	0.62	4.8	4.7	7.2	1.0	-9999.9	3	98	-9999.9	43	-9999.9	3	16.1	46.1	57	3	1011.1	-9999.9	-9999.9	-9999.9
2025 05 01 18	0.59	0.58	5.0	4.8	7.5	0.88	-9999.9	3	99	-9999.9	42	-9999.9	3	16.2	24.1	100	3	1011.3	-9999.9	-9999.9	-9999.9
2025 05 01 19	0.59	0.57	4.9	5.0	7.5	1.31	-9999.9	3	110	-9999.9	50	-9999.9	3	15.8	36.0	209	3	1011.5	-9999.9	-9999.9	-9999.9
2025 05 01 20	0.55	0.52	5.1	5.2	7.3	0.99	-9999.9	3	117	-9999.9	42	-9999.9	3	15.3	67.2	197	3	1011.4	-9999.9	-9999.9	-9999.9
2025 05 01 21	0.52	0.5	4.8	4.7	7.5	0.86	-9999.9	3	97	-9999.9	46	-9999.9	3	15.9	30.7	220	3	1012.0	-9999.9	-9999.9	-9999.9
2025 05 01 22	0.43	0.41	4.8	4.7	7.7	0.65	-9999.9	3	93	-9999.9	46	-9999.9	3	15.7	5.2	269	3	1011.1	-9999.9	-9999.9	-9999.9
2025 05 01 23	0.51	0.5	5.6	5.2	7.6	0.88	-9999.9	3	87	-9999.9	40	-9999.9	3	16.0	20.1	54	3	1011.9	-9999.9	-9999.9	-9999.9
2025 05 02 00	0.52	0.5	5.2	5.0	7.5	0.9	-9999.9	3	100	-9999.9	45	-9999.9	3	16.8	17.3	99	3	1012.2	-9999.9	-9999.9	-9999.9
2025 05 02 01	0.52	0.49	4.3	4.4	7.0	0.73	-9999.9	3	87	-9999.9	43	-9999.9	3	17.0	34.3	56	3	1011.5	-9999.9	-9999.9	-9999.9
2025 05 02 02	0.45	0.42	4.6	4.5	6.9	0.65	-9999.9	3	96	-9999.9	43	-9999.9	3	17.0	27.7	55	3	1011.1	-9999.9	-9999.9	-9999.9
2025 05 02 03	0.47	0.46	5.1	4.9	7.4	0.73	-9999.9	3	97	-9999.9	45	-9999.9	3	16.9	9.8	92	3	1011.7	-9999.9	-9999.9	-9999.9
2025 05 02 04	0.45	0.43	4.9	4.8	7.7	0.62	-9999.9	3	117	-9999.9	46	-9999.9	3	16.8	8.9	118	3	1011.5	-9999.9	-9999.9	-9999.9
2025 05 02 05	0.45	0.43	5.0	4.9	8.1	0.65	-9999.9	3	143	-9999.9	52	-9999.9	3	16.6	18.9	178	3	1011.5	-9999.9	-9999.9	-9999.9
2025 05 02 06	0.45	0.43	4.9	4.7	7.4	0.69	-9999.9	3	170	-9999.9	58	-9999.9	3	16.1	14.5	212	3	1011.8	-9999.9	-9999.9	-9999.9
2025 05 02 07	0.58	0.54	4.8	4.9	6.6	0.99	-9999.9	3	144	-9999.9	54	-9999.9	3	16.1	6.3	121	3	1012.4	-9999.9	-9999.9	-9999.9
2025 05 02 08	0.57	0.55	5.1	4.7	7.1	0.92	-9999.9	3	125	-9999.9	54	-9999.9	3	16.7	21.1	62	3	1012.8	-9999.9	-9999.9	-9999.9
2025 05 02 09	0.74	0.7	4.8	4.6	7.5	1.11	-9999.9	3	111	-9999.9	45	-9999.9	3	16.8	1.5	23	3	1013.1	-9999.9	-9999.9	-9999.9
2025 05 02 10	1.01	0.97	4.3	4.2	7.3	1.49	-9999.9	3	131	-9999.9	43	-9999.9	3	16.6	5.3	279	3	1013.8	-9999.9	-9999.9	-9999.9
2025 05 02 11	1.1	1.04	4.5	4.4	7.0	1.78	-9999.9	3	133	-9999.9	46	-9999.9	3	16.6	3.4	240	3	1013.9	-9999.9	-9999.9	-9999.9
2025 05 02 12	1.16	1.08	4.2	4.3	7.2	1.82	-9999.9	3	157	-9999.9	48	-9999.9	3	16.4	7.4	122	3	1013.5	-9999.9	-9999.9	-9999.9
2025 05 02 14	0.85	0.78	3.6	3.6	7.2	1.28	-9999.9	3	160	-9999.9	44	-9999.9	3	16.4	22.6	23	3	1013.3	-9999.9	-9999.9	-9999.9
2025 05 02 15	0.74	0.67	3.8	3.8	7.1	1.1	-9999.9	3	175	-9999.9	51	-9999.9	3	16.4	35.6	29	3	1013.6	-9999.9	-9999.9	-9999.9
2025 05 02 17	0.64	0.59	3.9	3.9	8.0	0.93	-9999.9	3	182	-9999.9	59	-9999.9	3	16.7	56.0	56	3	1014.0	-9999.9	-9999.9	-9999.9
2025 05 02 18	0.73	0.68	5.1	4.9	8.9	1.15	-9999.9	3	177	-9999.9	56	-9999.9	3	16.5	51.5	68	3	1014.3	-9999.9	-9999.9	-9999.9
2025 05 02 19	0.8	0.75	4.8	4.6	7.9	1.31	-9999.9	3	184	-9999.9	53	-9999.9	3	16.4	24.1	77	3	1014.9	-9999.9	-9999.9	-9999.9
2025 05 02 20	0.94	0.92	5.1	4.9	8.2	1.33	-9999.9	3	197	-9999.9	44	-9999.9	3	16.0	33.2	194	3	1015.7	-9999.9	-9999.9	-9999.9
2025 05 02 21	0.65	0.59	3.9	3.9	6.9	0.92	-9999.9	3	164	-9999.9	56	-9999.9	3	15.7	30.6	175	3	1016.5	-9999.9	-9999.9	-9999.9
2025 05 02 22	0.4	0.38	4.0	4.0	6.4	0.71	-9999.9	3	138	-9999.9	62	-9999.9	3	16.0	11.4	25	3	1016.9	-9999.9	-9999.9	-9999.9
2025 05 02 23	0.36	0.33	4.3	4.3	6.7	0.59	-9999.9	3	136	-9999.9	57	-9999.9	3	16.0	39.2	28	3	1017.1	-9999.9	-9999.9	-9999.9
2025 05 03 00	0.37	0.34	4.1	4.1	6.8	0.66	-9999.9	3	145	-9999.9	53	-9999.9	3	15.9	13.6	97	3	1017.1	-9999.9	-9999.9	-9999.9
2025 05 03 01	0.33	0.31	3.9	4.0	6.5	0.56	-9999.9	3	149	-9999.9	53	-9999.9	3	16.0	14.8	150	3	1016.7	-9999.9	-9999.9	-9999.9
2025 05 03 03	0.35	0.33	4.6	4.4	6.9	0.53	-9999.9	3	169	-9999.9	51	-9999.9	3	16.0	31.4	153	3	1016.1	-9999.9	-9999.9	-9999.9
2025 05 03 04	0.4	0.38	4.6	4.5	9.0	0.72	-9999.9	3	186	-9999.9	42	-9999.9	3	16.0	42.0	180	3	1016.1	-9999.9	-9999.9	-9999.9
2025 05 03 05	0.38	0.36	4.8	4.7	9.1	0.64	-9999.9	3	182	-9999.9	46	-9999.9	3	16.0	37.3	186	3	1016.4	-9999.9	-9999.9	-9999.9
2025 05 03 06	0.34	0.34	4.9	4.5	7.3	0.55	-9999.9	3	197	-9999.9	55	-9999.9	3	16.1	12.3	173	3	1016.9	-9999.9	-9999.9	-9999.9
2025 05 03 07	0.41	0.39	4.6	4.6	8.0	0.64	-9999.9	3	178	-9999.9	59	-9999.9	3	16.2	9.1	115	3	1017.3	-9999.9	-9999.9	-9999.9
2025 05 03 09	0.43	0.41	3.9	3.8	6.7	0.7	-9999.9	3	189	-9999.9	56	-9999.9	3	16.4	25.2	68	3	1017.5	-9999.9	-9999.9	-9999.9
2025 05 03 10	0.47	0.44	4.0	4.0	7.3	0.9	-9999.9	3	188	-9999.9	61	-9999.9	3	16.5	17.1	58	3	1017.5	-9999.9	-9999.9	-9999.9
2025 05 03 11	0.54	0.5	3.6	3.6	6.1	0.87	-9999.9	3	210	-9999.9	50	-9999.9	3	16.5	11.2	39	3	1017.1	-9999.9	-9999.9	-9999.9
2025 05 03 12	0.54	0.5	3.3	3.4	5.7	0.83	-9999.9	3	212	-9999.9	51	-9999.9	3	16.5	5.3	130	3	1016.8	-9999.9	-9999.9	-9999.9
2025 05 03 13	0.64	0.59	3.0	3.0	2.8	0.87	-9999.9	3	222	-9999.9	41	-9999.9	3	16.4	10.6	92	3	1016.7	-9999.9	-9999.9	-9999.9
2025 05 03 14	0.62	0.59	2.9	2.9	3.0	0.98	-9999.9	3	212	-9999.9	52	-9999.9	3	16.5	31.7	53	3	1016.6	-9999.9	-9999.9	-9999.9
2025 05 03 15	0.53	0.5	2.8	2.9	2.8	0.88	-9999.9	3	222	-9999.9	58	-9999.9	3	16.6	53.1	42	3	1016.4	-9999.9	-9999.9	-9999.9
2025 05 03 16	0.61	0.56	3.0	3.0	2.8	0.86	-9999.9	3	214	-9999.9	52	-9999.9	3	16.5	36.8	71	3	1016.4	-9999.9	-9999.9	-9999.9
2025 05 03 17	0.42	0.39	3.3	3.3	5.8	0.58	-9999.9	3	183	-9999.9	65	-9999.9	3	16.6	51.1	54	3	1016.6	-9999.9	-9999.9	-9999.9
2025 05 03 18	0.47	0.43	3.5	3.6	5.0	0.71	-9999.9	3	196	-9999.9	56	-9999.9	3	16.3	59.3	59	3	1016.9	-9999.9	-9999.9	-9999.9
2025 05 03 19	0.48	0.45	3.7	3.8	6.6	0.77	-9999.9	3	189	-9999.9	68	-9999.9	3	16.3	41.1	62	3	1017.1	-9999.9	-9999.9	-9999.9
2025 05 03 20	0.52	0.48	3.6	3.6	5.6	0.8	-9999.9	3	186	-9999.9	50	-9999.9	3	16.3	25.2	123	3	1017.3	-9999.9	-9999.9	-9999.9
2025 05 03 21	0.54	0.5	4.1	4.1	5.8	0.9	-9999.9	3	183	-9999.9	43	-9999.9	3	16.3	37.4	185	3	1017.7	-9999.9	-9999.9	-9999.9
2025 05 03 22	0.46	0.43	3.6	3.7	6.1	0.79	-9999.9	3	196	-9999.9	50	-9999.9	3	16.3	20.1	148	3	1017.6	-9999.9	-9999.9	-9999.9
2025 05 03 23	0.27	0.25	3.4	3.3	5.4	0.39	-9999.9	3	179	-9999.9	66	-9999.9	3	16.1	31.6	15	3	1017.5	-9999.9	-9999.9	-9999.9
2025 05 04 00	0.26	0.24	3.1	3.2	4.5	0.38	-9999.9	3	173	-9999.9	59	-9999.9	3	15.9	17.8	41	3	1017.2	-9999.9	-9999.9	-9999.9
2025 05 04 01	0.26	0.24	3.2	3.0	4.6	0.38	-9999.9	3	134	-9999.9	65	-9999.9	3	15.9	8.4	120	3	1016.7	-9999.9	-9999.9	-9999.9
2025 05 04 02	0.26	0.25	3.9	3.8	7.4	0.41	-9999.9	3	195	-9999.9	46	-9999.9	3	15.9	11.9	118	3	1016.3	-9999.9	-9999.9	-9999.9
2025 05 04 03	0.27	0.25	3.7	3.5	6.8	0.44	-9999.9	3	178	-9999.9	53	-9999.9	3	16.3	20.9	80	3	1016.2	-9999.9	-9999.9	-9999.9
2025 05 04 04	0.3	0.28	3.0	2.9	4.6	0.48	-9999.9	3	190	-9999.9	54	-9999.9	3	16.3	18.0	70	3	1016.0	-9999.9	-9999.9	-9999.9
2025 05 04 05	0.3	0.28	3.2	3.1	6.0	0.79	-9999.9	3	190	-9999.9	55	-9999.9	3	16.3	32.3	164	3	1016.1	-9999.9	-9999.9	-9999.9
2025 05 04 06	0.4	0.37	3.1	3.1	3.9	0.68	-9999.9	3	205	-9999.9	48	-9999.9	3	16.4	36.8	169	3	1016.2	-9999.9	-9999.9	-9999.9
2025 05 04 07	0.55	0.52	3.1	3.0	2.9	0.93	-9999.9	3	203	-9999.9	43	-9999.9	3	16.3	8.4	102	3	1016.1	-9999.9	-9999.9	-9999.9
2025 05 04 08	0.64	0.59	3.1	3.1	3.0	0.88	-9999.9	3	217	-9999.9	38	-9999.9	3	16.4	8.6	46	3	1016.6	-9999.9	-9999.9	-9999.9
2025 05 04 09	0.61	0.57	3.0	3.1	3.2	1.04	-9999.9	3	215	-9999.9	46	-9999.9	3	16.4	33.1	57	3	1016.7	-9999.9	-9999.9	-9999.9
2025 05 04 10	0.51	0.47	3.1	3.1	4.1	0.86	-9999.9	3	208	-9999.9	57	-9999.9	3	16.5	27.7	68	3	1016.8	-9999.9	-9999.9	-9999.9
2025 05 04 11	0.5	0.45	3.2	3.2	6.3	0.74	-9999.9	3	203	-9999.9	50	-9999.9	3	16.5	42.6	90	3	1016.6	-9999.9	-9999.9	-9999.9
2025 05 04 12	0.59	0.54	3.1	3.1	3.4	0.94	-9999.9	3	215	-9999.9	46	-9999.9	3	16.5	21.3	65	3	1016.7	-9999.9	-9999.9	-9999.9
2025 05 04 13	0.63	0.6	3.1	3.1	3.1	1.03	-9999.9	3	216	-9999.9	43	-9999.9	3	16.4	4.3	86	3	1016.4	-9999.9	-9999.9	-9999.9
2025 05 04 14	0.68	0.62	3.0	3.0	3.4	0.99	-9999.9	3	203	-9999.9	47	-9999.9	3	16.4	14.8	75	3	1016.3	-9999.9	-9999.9	-9999.9
2025 05 04 15	0.51	0.47	2.8	2.9	2.7	0.74	-9999.9	3	212	-9999.9	61	-9999.9	3	16.3	54.7	53	3	1016.0	-9999.9	-9999.9	-9999.9
2025 05 04 16	0.56	0.53	2.9	2.9	2.8	0.82	-9999.9	3	219	-9999.9	59	-9999.9	3	16.3	47.0	37	3	1015.9	-9999.9	-9999.9	-9999.9
2025 05 04 17	0.51	0.46	2.9	3.0	7.7	1.19	-9999.9	3	183	-9999.9	61	-9999.9	3	16.4	55.2	75	3	1015.8	-9999.9	-9999.9	-9999.9
2025 05 04 18	0.45	0.42	2.9	2.9	2.7	0.87	-9999.9	3	212	-9999.9	64	-9999.9	3	16.4	48.8	66	3	1016.0	-9999.9	-9999.9	-9999.9
2025 05 04 19	0.42	0.4	3.3	3.2	3.7	0.85	-9999.9	3	152	-9999.9	68	-9999.9	3	16.3	55.4	60	3	1016.4	-9999.9	-9999.9	-9999.9
2025 05 04 20	0.36	0.33	3.4	3.4	5.4	0.52	-9999.9	3	184	-9999.9	57	-9999.9	3	16.1	51.6	61	3	1016.5	-9999.9	-9999.9	-9999.9
2025 05 04 21	0.42	0.39	3.6	3.6	4.2	0.6	-9999.9	3	183	-9999.9	61	-9999.9	3	16.0	58.5	71	3	1017.1	-9999.9	-9999.9	-9999.9
2025 05 04 22	0.39	0.36	3.5	3.5	8.3	0.7	-9999.9	3	174	-9999.9	47	-9999.9	3	16.3	15.7	180	3	1017.0	-9999.9	-9999.9	-9999.9
2025 05 04 23	0.41	0.38	3.2	3.3	6.0	0.75	-9999.9	3	186	-9999.9	49	-9999.9	3	16.1	18.3	144	3	1016.9	-9999.9	-9999.9	-9999.9
2025 05 05 00	0.26	0.25	3.3	3.3	4.4	0.49	-9999.9	3	143	-9999.9	63	-9999.9	3	16.1	22.7	15	3	1016.5	-9999.9	-9999.9	-9999.9
2025 05 05 01	0.25	0.24	3.3	3.2	4.9	0.37	-9999.9	3	176	-9999.9	57	-9999.9	3	16.0	20.7	14	3	1015.8	-9999.9	-9999.9	-9999.9
2025 05 05 02	0.28	0.26	3.2	3.2	5.9	0.39	-9999.9	3	179	-9999.9	61	-9999.9	3	15.8	5.9	118	3	1015.4	-9999.9	-9999.9	-9999.9
2025 05 05 03	0.31	0.29	3.5	3.5	6.4	0.51	-9999.9	3	189	-9999.9	45	-9999.9	3	15.8	5.1	141	3	1015.4	-9999.9	-9999.9	-9999.9
2025 05 05 04	0.26	0.24	3.3	3.3	6.6	0.38	-9999.9	3	190	-9999.9	54	-9999.9	3	15.8	1.9	93	3	1015.5	-9999.9	-9999.9	-9999.9
2025 05 05 05	0.27	0.25	3.3	3.3	5.7	0.41	-9999.9	3	175	-9999.9	62	-9999.9	3	16.3	11.7	50	3	1015.4	-9999.9	-9999.9	-9999.9
2025 05 05 06	0.27	0.25	3.6	3.7	7.0	0.57	-9999.9	3	202	-9999.9	71	-9999.9	3	16.2	13.2	52	3	1015.6	-9999.9	-9999.9	-9999.9
2025 05 05 07	0.35	0.31	3.5	3.5	8.4	0.64	-9999.9	3	135	-9999.9	55	-9999.9	3	16.3	9.8	65	3	1016.0	-9999.9	-9999.9	-9999.9
2025 05 05 08	0.39	0.35	2.9	3.0	3.9	0.65	-9999.9	3	193	-9999.9	55	-9999.9	3	16.3	8.8	112	3	1016.3	-9999.9	-9999.9	-9999.9
2025 05 05 09	0.37	0.35	2.9	2.9	3.1	0.59	-9999.9	3	194	-9999.9	57	-9999.9	3	16.2	8.7	82	3	1016.5	-9999.9	-9999.9	-9999.9
2025 05 05 10	0.55	0.5	3.2	3.1	6.8	0.78	-9999.9	3	179	-9999.9	56	-9999.9	3	16.2	12.6	78	3	1016.5	-9999.9	-9999.9	-9999.9
2025 05 05 11	0.54	0.51	2.8	2.9	2.6	0.93	-9999.9	3	208	-9999.9	54	-9999.9	3	16.2	31.7	56	3	1016.3	-9999.9	-9999.9	-9999.9
2025 05 05 12	0.6	0.57	3.0	3.0	3.1	0.89	-9999.9	3	215	-9999.9	49	-9999.9	3	16.3	27.4	65	3	1015.6	-9999.9	-9999.9	-9999.9
2025 05 05 13	0.7	0.65	3.1	3.1	3.4	1.3	-9999.9	3	211	-9999.9	40	-9999.9	3	16.3	12.1	119	3	1015.3	-9999.9	-9999.9	-9999.9
2025 05 05 14	0.68	0.65	3.0	3.0	3.2	0.97	-9999.9	3	214	-9999.9	37	-9999.9	3	16.4	5.9	123	3	1015.1	-9999.9	-9999.9	-9999.9
2025 05 05 15	0.58	0.56	2.7	2.8	2.8	0.94	-9999.9	3	215	-9999.9	49	-9999.9	3	16.5	19.5	87	3	1015.0	-9999.9	-9999.9	-9999.9
2025 05 05 16	0.47	0.45	2.6	2.6	2.4	0.82	-9999.9	3	227	-9999.9	67	-9999.9	3	16.4	48.3	36	3	1015.0	-9999.9	-9999.9	-9999.9
2025 05 05 17	0.48	0.44	2.7	2.7	2.5	0.72	-9999.9	3	203	-9999.9	58	-9999.9	3	16.4	31.2	67	3	1015.2	-9999.9	-9999.9	-9999.9
2025 05 05 18	0.54	0.52	3.1	3.1	3.0	0.89	-9999.9	3	197	-9999.9	54	-9999.9	3	16.3	36.4	66	3	1015.4	-9999.9	-9999.9	-9999.9
2025 05 05 19	0.49	0.46	3.0	3.1	3.4	0.87	-9999.9	3	202	-9999.9	54	-9999.9	3	16.0	22.1	72	3	1015.3	-9999.9	-9999.9	-9999.9
2025 05 05 20	0.45	0.43	2.7	2.7	2.5	0.76	-9999.9	3	196	-9999.9	51	-9999.9	3	16.0	27.8	75	3	1015.5	-9999.9	-9999.9	-9999.9
2025 05 05 21	0.39	0.36	3.1	3.2	7.5	0.67	-9999.9	3	152	-9999.9	57	-9999.9	3	15.7	27.2	59	3	1016.4	-9999.9	-9999.9	-9999.9
2025 05 05 22	0.32	0.3	2.9	2.9	3.0	0.47	-9999.9	3	174	-9999.9	67	-9999.9	3	15.8	53.7	72	3	1016.3	-9999.9	-9999.9	-9999.9
2025 05 05 23	0.34	0.33	3.0	2.9	3.0	0.55	-9999.9	3	188	-9999.9	43	-9999.9	3	16.2	27.3	189	3	1016.2	-9999.9	-9999.9	-9999.9
2025 05 06 00	0.28	0.27	2.8	2.8	2.8	0.46	-9999.9	3	183	-9999.9	50	-9999.9	3	16.3	32.1	180	3	1015.9	-9999.9	-9999.9	-9999.9
2025 05 06 01	0.28	0.26	2.7	2.7	3.0	0.43	-9999.9	3	171	-9999.9	62	-9999.9	3	16.5	10.2	188	3	1015.4	-9999.9	-9999.9	-9999.9
2025 05 06 02	0.23	0.22	2.9	2.8	4.1	0.39	-9999.9	3	175	-9999.9	60	-9999.9	3	15.8	33.6	34	3	1015.1	-9999.9	-9999.9	-9999.9
2025 05 06 03	0.22	0.21	3.0	3.0	5.3	0.33	-9999.9	3	193	-9999.9	57	-9999.9	3	15.9	43.4	54	3	1015.0	-9999.9	-9999.9	-9999.9
2025 05 06 04	0.26	0.25	2.9	2.9	4.7	0.42	-9999.9	3	185	-9999.9	62	-9999.9	3	16.0	34.1	71	3	1014.7	-9999.9	-9999.9	-9999.9
2025 05 06 05	0.35	0.33	2.5	2.5	2.3	0.62	-9999.9	3	198	-9999.9	56	-9999.9	3	16.1	25.1	65	3	1014.5	-9999.9	-9999.9	-9999.9
2025 05 06 06	0.37	0.35	2.4	2.4	2.3	0.61	-9999.9	3	198	-9999.9	58	-9999.9	3	16.1	12.9	85	3	1014.5	-9999.9	7.3	258
2025 05 06 07	0.44	0.41	2.6	2.6	2.4	0.69	-9999.9	3	195	-9999.9	56	-9999.9	3	16.0	16.2	72	3	1014.7	-9999.9	8.1	250
2025 05 06 08	0.48	0.46	2.8	2.8	3.3	0.81	-9999.9	3	187	-9999.9	54	-9999.9	3	16.1	18.1	59	3	1014.9	-9999.9	8.4	241
2025 05 06 09	0.52	0.5	2.7	2.7	2.8	0.85	-9999.9	3	208	-9999.9	47	-9999.9	3	16.1	23.2	93	3	1015.1	-9999.9	8.3	243
2025 05 06 10	0.57	0.53	2.8	2.9	2.9	0.96	-9999.9	3	196	-9999.9	45	-9999.9	3	16.1	13.7	138	3	1015.0	-9999.9	8.3	241
2025 05 06 11	0.48	0.45	2.5	2.6	2.5	0.71	-9999.9	3	209	-9999.9	47	-9999.9	3	16.1	21.1	96	3	1014.7	-9999.9	8.6	236
2025 05 06 12	0.4	0.38	2.7	2.8	3.1	0.63	-9999.9	3	157	-9999.9	58	-9999.9	3	16.2	26.0	50	3	1013.9	-9999.9	8.0	229
2025 05 06 13	0.44	0.4	2.8	2.9	5.3	0.79	-9999.9	3	180	-9999.9	52	-9999.9	3	16.3	23.0	43	3	1013.3	-9999.9	8.7	231
2025 05 06 14	0.42	0.39	2.7	2.7	2.5	0.72	-9999.9	3	211	-9999.9	54	-9999.9	3	16.3	9.3	84	3	1012.9	-9999.9	8.1	239
2025 05 06 15	0.41	0.38	2.9	2.8	2.7	0.6	-9999.9	3	209	-9999.9	50	-9999.9	3	16.2	7.7	264	3	1012.5	-9999.9	5.8	233
2025 05 06 16	0.48	0.45	2.9	2.9	2.7	0.72	-9999.9	3	201	-9999.9	49	-9999.9	3	16.2	7.0	272	3	1012.4	-9999.9	7.0	234
2025 05 06 17	0.34	0.31	2.7	2.7	3.2	0.53	-9999.9	3	192	-9999.9	60	-9999.9	3	15.9	11.7	354	3	1012.5	-9999.9	6.1	237
2025 05 06 18	0.31	0.28	3.0	3.0	7.7	0.44	-9999.9	3	168	-9999.9	60	-9999.9	3	16.3	24.6	37	3	1012.4	-9999.9	4.5	235
2025 05 06 19	0.34	0.32	3.1	3.1	4.3	0.53	-9999.9	3	122	-9999.9	63	-9999.9	3	16.3	25.2	71	3	1012.6	-9999.9	2.7	234
2025 05 06 20	0.33	0.31	3.1	3.0	6.5	0.58	-9999.9	3	155	-9999.9	63	-9999.9	3	16.0	23.9	62	3	1012.8	-9999.9	2.6	211
2025 05 06 21	0.34	0.31	3.1	3.0	8.2	0.68	-9999.9	3	150	-9999.9	59	-9999.9	3	15.9	20.5	66	3	1013.2	-9999.9	4.4	247
2025 05 06 22	0.27	0.26	2.6	2.6	2.3	0.46	-9999.9	3	176	-9999.9	68	-9999.9	3	15.8	29.7	51	3	1013.4	-9999.9	3.5	265
2025 05 06 23	0.38	0.36	2.7	2.8	3.1	0.59	-9999.9	3	212	-9999.9	61	-9999.9	3	15.7	28.5	97	3	1013.1	-9999.9	5.3	251
2025 05 07 00	0.28	0.27	2.5	2.5	2.2	0.47	-9999.9	3	187	-9999.9	60	-9999.9	3	15.7	31.0	81	3	1012.8	-9999.9	6.2	238
2025 05 07 01	0.19	0.18	2.7	2.8	2.8	0.27	-9999.9	3	165	-9999.9	57	-9999.9	3	15.9	30.0	191	3	1012.4	-9999.9	3.8	242
2025 05 07 02	0.25	0.24	2.8	2.8	3.6	0.42	-9999.9	3	179	-9999.9	49	-9999.9	3	16.0	30.7	194	3	1012.1	-9999.9	2.8	245
2025 05 07 03	0.16	0.15	2.8	2.8	3.6	0.25	-9999.9	3	124	-9999.9	62	-9999.9	3	16.4	13.0	159	3	1012.0	-9999.9	1.5	271
2025 05 07 04	0.15	0.14	3.5	3.4	5.0	0.29	-9999.9	3	78	-9999.9	61	-9999.9	3	16.1	20.8	349	3	1011.9	-9999.9	3.4	236
2025 05 07 05	0.14	0.13	2.9	2.9	4.3	0.22	-9999.9	3	184	-9999.9	67	-9999.9	3	15.7	6.2	64	3	1012.0	-9999.9	4.5	267
2025 05 07 06	0.2	0.19	3.9	4.0	5.8	0.36	-9999.9	3	54	-9999.9	50	-9999.9	3	16.3	24.0	74	3	1012.7	-9999.9	-9999.9	-9999.9
2025 05 07 07	0.25	0.22	3.6	4.0	8.9	0.43	-9999.9	3	104	-9999.9	39	-9999.9	3	16.2	5.2	103	3	1013.4	-9999.9	4.6	225
2025 05 07 08	0.2	0.2	2.5	2.5	2.3	0.31	-9999.9	3	140	-9999.9	64	-9999.9	3	16.0	10.5	127	3	1013.6	-9999.9	6.1	228
2025 05 07 09	0.32	0.3	2.6	2.7	4.1	0.59	-9999.9	3	129	-9999.9	57	-9999.9	3	16.0	6.9	137	3	1014.0	-9999.9	6.9	239
2025 05 07 10	0.37	0.34	3.7	3.9	9.1	0.74	-9999.9	3	91	-9999.9	56	-9999.9	3	16.4	23.0	61	3	1014.0	-9999.9	5.8	236
2025 05 07 11	0.23	0.21	3.1	3.1	5.1	0.38	-9999.9	3	130	-9999.9	60	-9999.9	3	16.3	19.4	87	3	1013.8	-9999.9	5.5	236
2025 05 07 12	0.29	0.27	3.7	3.8	6.1	0.63	-9999.9	3	124	-9999.9	58	-9999.9	3	16.2	8.1	134	3	1013.7	-9999.9	4.9	224
2025 05 07 13	0.32	0.3	3.2	3.2	9.2	0.51	-9999.9	3	142	-9999.9	51	-9999.9	3	16.4	4.0	137	3	1013.2	-9999.9	7.0	220
2025 05 07 14	0.32	0.3	3.0	2.9	4.8	0.48	-9999.9	3	176	-9999.9	58	-9999.9	3	16.4	5.1	88	3	1013.1	-9999.9	6.7	224
2025 05 07 15	0.36	0.34	2.8	2.7	2.5	0.6	-9999.9	3	206	-9999.9	54	-9999.9	3	16.5	3.9	31	3	1012.7	-9999.9	7.4	227
2025 05 07 16	0.44	0.42	2.9	3.0	2.8	0.62	-9999.9	3	200	-9999.9	52	-9999.9	3	16.5	6.3	258	3	1012.8	-9999.9	6.4	241
2025 05 07 17	0.4	0.38	2.6	2.6	2.4	0.67	-9999.9	3	209	-9999.9	53	-9999.9	3	16.3	3.4	43	3	1012.7	-9999.9	6.5	231
2025 05 07 18	0.29	0.25	3.2	3.4	8.9	0.43	-9999.9	3	144	-9999.9	51	-9999.9	3	16.1	28.0	13	3	1012.9	-9999.9	6.9	221
2025 05 07 19	0.26	0.23	3.2	3.4	7.7	0.46	-9999.9	3	87	-9999.9	51	-9999.9	3	16.6	24.5	43	3	1012.8	-9999.9	6.7	236
2025 05 07 20	0.25	0.23	3.5	3.9	6.3	0.54	-9999.9	3	108	-9999.9	44	-9999.9	3	16.6	29.9	56	3	1013.0	-9999.9	4.5	242
2025 05 07 21	0.36	0.34	3.9	4.0	4.8	0.7	-9999.9	3	107	-9999.9	41	-9999.9	3	16.4	39.9	59	3	1013.4	-9999.9	2.8	218
2025 05 07 22	0.19	0.18	3.3	3.2	4.4	0.3	-9999.9	3	78	-9999.9	57	-9999.9	3	16.4	54.6	54	3	1013.4	-9999.9	0.9	333
2025 05 07 23	0.17	0.16	3.4	3.3	5.4	0.3	-9999.9	3	99	-9999.9	61	-9999.9	3	16.0	36.0	60	3	1013.1	-9999.9	0.6	265
2025 05 08 00	0.25	0.24	4.2	3.9	7.7	0.44	-9999.9	3	93	-9999.9	48	-9999.9	3	16.1	56.0	64	3	1012.8	-9999.9	1.5	18
2025 05 08 01	0.22	0.21	3.5	3.3	6.2	0.34	-9999.9	3	113	-9999.9	55	-9999.9	3	15.8	39.1	71	3	1012.4	-9999.9	1.6	47
2025 05 08 02	0.22	0.21	3.9	3.9	5.7	0.4	-9999.9	3	102	-9999.9	52	-9999.9	3	15.5	41.8	176	3	1012.2	-9999.9	0.8	353
2025 05 08 03	0.2	0.18	3.2	3.2	5.3	0.33	-9999.9	3	157	-9999.9	47	-9999.9	3	15.7	27.1	206	3	1012.1	-9999.9	0.8	273
2025 05 08 04	0.27	0.26	2.9	2.8	3.5	0.56	-9999.9	3	176	-9999.9	59	-9999.9	3	15.5	21.5	157	3	1012.4	-9999.9	1.1	297
2025 05 08 05	0.15	0.14	3.3	3.3	5.6	0.26	-9999.9	3	92	-9999.9	59	-9999.9	3	15.8	17.6	24	3	1012.7	-9999.9	1.9	292
2025 05 08 06	0.2	0.19	3.4	3.3	4.4	0.35	-9999.9	3	129	-9999.9	60	-9999.9	3	15.5	8.5	57	3	1013.0	-9999.9	2.5	283
2025 05 08 07	0.29	0.27	4.1	4.3	9.0	0.45	-9999.9	3	90	-9999.9	42	-9999.9	3	16.1	28.3	51	3	1013.6	-9999.9	1.1	248
2025 05 08 08	0.28	0.25	3.1	3.3	8.5	0.6	-9999.9	3	128	-9999.9	48	-9999.9	3	16.4	9.3	106	3	1013.9	-9999.9	0.8	148
2025 05 08 09	0.2	0.18	3.4	3.4	6.6	0.34	-9999.9	3	72	-9999.9	53	-9999.9	3	16.5	6.0	56	3	1014.0	-9999.9	6.0	238
2025 05 08 10	0.32	0.3	4.4	4.9	7.5	0.62	-9999.9	3	75	-9999.9	43	-9999.9	3	16.6	36.7	41	3	1014.3	-9999.9	7.4	236
2025 05 08 11	0.23	0.21	3.6	3.6	8.0	0.39	-9999.9	3	130	-9999.9	57	-9999.9	3	16.2	41.2	71	3	1014.3	-9999.9	8.4	245
2025 05 08 12	0.24	0.22	3.3	3.3	5.8	0.4	-9999.9	3	71	-9999.9	58	-9999.9	3	16.3	43.8	51	3	1014.4	-9999.9	-9999.9	-9999.9
2025 05 08 13	0.23	0.22	3.2	3.1	4.5	0.39	-9999.9	3	104	-9999.9	63	-9999.9	3	16.3	44.5	67	3	1014.3	-9999.9	-9999.9	-9999.9
2025 05 08 14	0.21	0.2	2.8	2.8	3.5	0.39	-9999.9	3	171	-9999.9	69	-9999.9	3	16.2	9.5	199	3	1014.0	-9999.9	5.6	253
2025 05 08 15	0.33	0.31	2.8	2.8	2.6	0.52	-9999.9	3	191	-9999.9	59	-9999.9	3	15.8	36.8	201	3	1013.8	-9999.9	6.0	246
2025 05 08 16	0.33	0.31	3.1	3.1	3.5	0.52	-9999.9	3	171	-9999.9	48	-9999.9	3	16.0	33.0	199	3	1013.6	-9999.9	4.5	250
2025 05 08 17	0.3	0.28	2.7	2.7	2.6	0.46	-9999.9	3	190	-9999.9	55	-9999.9	3	16.1	27.3	206	3	1013.4	-9999.9	5.3	288
2025 05 08 18	0.18	0.17	2.7	2.7	2.9	0.3	-9999.9	3	151	-9999.9	66	-9999.9	3	16.2	5.8	173	3	1013.2	-9999.9	2.9	321
2025 05 08 19	0.24	0.23	3.1	3.0	3.4	0.41	-9999.9	3	97	-9999.9	65	-9999.9	3	15.9	18.4	221	3	1013.4	-9999.9	2.4	348
2025 05 08 20	0.26	0.24	3.6	3.6	5.7	0.42	-9999.9	3	116	-9999.9	52	-9999.9	3	15.8	13.0	165	3	1013.5	-9999.9	3.9	348
2025 05 08 21	0.3	0.27	3.9	3.9	9.0	0.47	-9999.9	3	109	-9999.9	49	-9999.9	3	16.0	13.8	193	3	1013.9	-9999.9	-9999.9	-9999.9
2025 05 08 22	0.22	0.21	3.3	3.3	5.2	0.39	-9999.9	3	71	-9999.9	52	-9999.9	3	16.0	7.6	71	3	1014.0	-9999.9	-9999.9	-9999.9
2025 05 08 23	0.2	0.19	3.2	3.4	4.0	0.33	-9999.9	3	100	-9999.9	55	-9999.9	3	16.0	50.4	47	3	1013.7	-9999.9	2.4	230
2025 05 09 00	0.21	0.2	3.6	3.7	4.8	0.41	-9999.9	3	85	-9999.9	51	-9999.9	3	16.0	44.7	63	3	1013.3	-9999.9	2.2	251
2025 05 09 01	0.19	0.18	3.4	3.4	3.5	0.36	-9999.9	3	110	-9999.9	56	-9999.9	3	15.7	21.7	89	3	1012.8	-9999.9	1.9	222
2025 05 09 02	0.16	0.15	3.6	3.6	5.7	0.24	-9999.9	3	142	-9999.9	44	-9999.9	3	15.9	42.2	196	3	1012.3	-9999.9	3.3	247
2025 05 09 03	0.15	0.15	3.3	3.1	4.8	0.25	-9999.9	3	136	-9999.9	61	-9999.9	3	16.0	41.0	203	3	1012.1	-9999.9	2.1	257
2025 05 09 04	0.19	0.18	3.2	3.2	4.7	0.29	-9999.9	3	155	-9999.9	45	-9999.9	3	16.1	29.9	197	3	1011.9	-9999.9	1.9	205
2025 05 09 05	0.2	0.19	3.1	3.0	3.7	0.27	-9999.9	3	172	-9999.9	56	-9999.9	3	16.1	5.4	171	3	1011.9	-9999.9	3.2	249
2025 05 09 06	0.18	0.16	3.5	3.4	5.7	0.28	-9999.9	3	147	-9999.9	68	-9999.9	3	16.0	17.9	14	3	1012.1	-9999.9	4.4	245
2025 05 09 07	0.26	0.24	4.0	3.9	9.3	0.4	-9999.9	3	88	-9999.9	55	-9999.9	3	15.9	8.5	29	3	1012.4	-9999.9	5.4	241
2025 05 09 08	0.27	0.24	3.9	4.1	8.6	0.57	-9999.9	3	109	-9999.9	47	-9999.9	3	16.2	33.1	63	3	1012.8	-9999.9	3.7	246
2025 05 09 09	0.27	0.25	3.6	3.5	5.2	0.4	-9999.9	3	61	-9999.9	51	-9999.9	3	16.3	15.4	67	3	1012.8	-9999.9	6.4	248
2025 05 09 10	0.29	0.27	3.6	3.6	7.6	0.52	-9999.9	3	55	-9999.9	48	-9999.9	3	16.3	16.6	52	3	1012.7	-9999.9	6.3	254
2025 05 09 11	0.31	0.28	3.7	3.8	8.2	0.56	-9999.9	3	143	-9999.9	56	-9999.9	3	16.6	36.9	54	3	1012.5	-9999.9	5.8	252
2025 05 09 12	0.25	0.24	4.0	4.1	6.1	0.42	-9999.9	3	100	-9999.9	59	-9999.9	3	16.5	49.4	58	3	1011.9	-9999.9	5.1	251
2025 05 09 13	0.32	0.29	3.3	3.3	6.0	0.47	-9999.9	3	137	-9999.9	57	-9999.9	3	16.5	12.4	85	3	1011.5	-9999.9	4.8	238
2025 05 09 14	0.32	0.3	3.3	3.2	5.3	0.59	-9999.9	3	161	-9999.9	58	-9999.9	3	16.4	11.4	171	3	1011.2	-9999.9	5.6	229
2025 05 09 15	0.47	0.44	3.5	3.6	5.6	0.75	-9999.9	3	189	-9999.9	45	-9999.9	3	16.7	37.8	196	3	1010.7	-9999.9	6.7	211
2025 05 09 16	0.41	0.39	3.1	3.1	3.1	0.77	-9999.9	3	198	-9999.9	47	-9999.9	3	16.2	28.8	213	3	1010.7	-9999.9	7.3	208
2025 05 09 17	0.41	0.39	2.8	2.8	2.8	0.58	-9999.9	3	193	-9999.9	53	-9999.9	3	16.2	25.8	217	3	1010.6	-9999.9	7.5	221
2025 05 09 18	0.34	0.31	2.7	2.8	3.6	0.52	-9999.9	3	220	-9999.9	49	-9999.9	3	16.3	5.9	228	3	1011.0	-9999.9	6.9	229
2025 05 09 19	0.26	0.24	3.5	3.5	7.5	0.53	-9999.9	3	68	-9999.9	57	-9999.9	3	16.2	4.7	94	3	1011.4	-9999.9	5.1	223
2025 05 09 20	0.26	0.25	3.4	3.3	4.0	0.4	-9999.9	3	153	-9999.9	58	-9999.9	3	16.1	3.4	260	3	1011.6	-9999.9	5.2	245
2025 05 09 21	0.27	0.25	3.9	3.7	6.0	0.45	-9999.9	3	99	-9999.9	52	-9999.9	3	16.2	8.1	157	3	1011.9	-9999.9	3.5	224
2025 05 09 22	0.22	0.2	3.1	3.1	4.0	0.38	-9999.9	3	128	-9999.9	59	-9999.9	3	16.1	5.9	147	3	1011.9	-9999.9	3.7	229
2025 05 09 23	0.18	0.17	3.5	3.4	4.5	0.3	-9999.9	3	73	-9999.9	54	-9999.9	3	16.1	34.4	59	3	1011.9	-9999.9	4.3	253
2025 05 10 00	0.16	0.15	3.7	3.7	6.0	0.23	-9999.9	3	150	-9999.9	58	-9999.9	3	15.9	34.8	56	3	1011.7	-9999.9	1.4	6
2025 05 10 01	0.19	0.18	3.8	3.7	3.9	0.27	-9999.9	3	100	-9999.9	61	-9999.9	3	15.9	41.3	68	3	1011.4	-9999.9	0.7	214
2025 05 10 02	0.18	0.17	3.5	3.4	4.5	0.26	-9999.9	3	119	-9999.9	62	-9999.9	3	16.0	22.4	96	3	1011.4	-9999.9	0.5	261
2025 05 10 03	0.27	0.26	4.3	4.4	6.8	0.5	-9999.9	3	193	-9999.9	38	-9999.9	3	16.1	43.3	189	3	1011.5	-9999.9	1.8	56
2025 05 10 04	0.28	0.26	3.5	3.5	5.1	0.46	-9999.9	3	192	-9999.9	44	-9999.9	3	15.8	43.5	193	3	1011.5	-9999.9	0.9	40
2025 05 10 05	0.24	0.22	3.1	3.1	4.7	0.4	-9999.9	3	184	-9999.9	48	-9999.9	3	15.9	10.1	185	3	1011.9	-9999.9	-9999.9	-9999.9
2025 05 10 06	0.2	0.19	3.0	2.9	3.8	0.34	-9999.9	3	102	-9999.9	66	-9999.9	3	15.9	9.1	203	3	1012.2	-9999.9	0.8	268
2025 05 10 07	0.16	0.15	3.1	3.1	5.6	0.36	-9999.9	3	100	-9999.9	65	-9999.9	3	15.9	17.7	18	3	1012.6	-9999.9	1.0	139
2025 05 10 08	0.25	0.22	4.5	5.0	9.6	0.41	-9999.9	3	108	-9999.9	43	-9999.9	3	15.9	10.4	23	3	1012.9	-9999.9	2.1	90
2025 05 10 09	0.26	0.23	3.1	3.3	5.5	0.4	-9999.9	3	59	-9999.9	57	-9999.9	3	16.5	24.7	63	3	1013.0	-9999.9	4.9	227
2025 05 10 10	0.43	0.39	2.8	2.9	3.8	0.83	-9999.9	3	137	-9999.9	55	-9999.9	3	16.2	19.2	69	3	1013.0	-9999.9	8.1	227
2025 05 10 11	0.24	0.22	2.4	2.4	2.1	0.4	-9999.9	3	118	-9999.9	67	-9999.9	3	16.3	44.2	49	3	1013.1	-9999.9	8.8	236
2025 05 10 12	0.25	0.23	2.9	2.9	6.3	0.39	-9999.9	3	65	-9999.9	65	-9999.9	3	16.3	40.7	74	3	1012.8	-9999.9	8.4	236
2025 05 10 13	0.29	0.26	3.4	3.6	7.4	0.61	-9999.9	3	116	-9999.9	53	-9999.9	3	16.4	85.2	73	3	1012.5	-9999.9	7.4	238
2025 05 10 14	0.34	0.32	2.6	2.6	2.3	0.52	-9999.9	3	182	-9999.9	60	-9999.9	3	16.3	-9999.9	-9999.9	3	1012.3	-9999.9	8.4	225
2025 05 10 15	0.3	0.28	3.2	3.2	5.7	0.54	-9999.9	3	195	-9999.9	52	-9999.9	3	16.2	-9999.9	-9999.9	3	1012.1	-9999.9	6.4	234
2025 05 10 16	0.36	0.34	3.2	3.3	5.6	0.6	-9999.9	3	181	-9999.9	50	-9999.9	3	16.1	37.7	184	3	1012.5	-9999.9	6.5	234
2025 05 10 17	0.34	0.32	3.1	3.1	2.9	0.56	-9999.9	3	181	-9999.9	51	-9999.9	3	15.9	40.2	208	3	1012.7	-9999.9	5.6	257
2025 05 10 18	0.27	0.25	2.7	2.7	4.0	0.44	-9999.9	3	197	-9999.9	60	-9999.9	3	16.1	11.2	231	3	1012.8	-9999.9	5.4	260
2025 05 10 19	0.27	0.25	2.8	2.8	5.6	0.43	-9999.9	3	39	-9999.9	61	-9999.9	3	16.1	10.7	289	3	1013.6	-9999.9	0.9	219
2025 05 10 20	0.25	0.23	2.9	2.9	8.1	0.38	-9999.9	3	163	-9999.9	59	-9999.9	3	15.8	5.1	27	3	1014.4	-9999.9	1.6	261
2025 05 10 21	0.3	0.27	3.6	3.6	8.4	0.54	-9999.9	3	144	-9999.9	48	-9999.9	3	15.9	9.4	144	3	1015.2	-9999.9	2.0	304
2025 05 10 22	0.21	0.2	3.0	2.9	4.0	0.35	-9999.9	3	129	-9999.9	62	-9999.9	3	16.0	9.6	223	3	1015.4	-9999.9	3.1	318
2025 05 10 23	0.21	0.2	2.9	3.0	3.9	0.43	-9999.9	3	95	-9999.9	56	-9999.9	3	15.8	4.2	27	3	1015.2	-9999.9	2.0	271
2025 05 11 00	0.16	0.15	3.2	3.2	5.4	0.26	-9999.9	3	91	-9999.9	66	-9999.9	3	16.0	43.5	57	3	1014.9	-9999.9	0.9	229
2025 05 11 01	0.18	0.17	3.1	3.1	3.5	0.32	-9999.9	3	169	-9999.9	64	-9999.9	3	16.1	54.0	65	3	1014.2	-9999.9	4.0	321
2025 05 11 02	0.15	0.14	3.1	3.0	4.4	0.24	-9999.9	3	101	-9999.9	70	-9999.9	3	15.8	45.4	65	3	1013.8	-9999.9	3.1	314
2025 05 11 03	0.21	0.2	3.1	3.2	4.2	0.32	-9999.9	3	150	-9999.9	55	-9999.9	3	15.9	14.4	123	3	1013.7	-9999.9	1.0	249
2025 05 11 04	0.21	0.21	3.4	3.5	3.5	0.34	-9999.9	3	185	-9999.9	49	-9999.9	3	15.6	37.8	193	3	1013.8	-9999.9	2.7	238
2025 05 11 05	0.26	0.25	3.2	3.1	3.4	0.5	-9999.9	3	199	-9999.9	51	-9999.9	3	15.7	37.7	191	3	1014.1	-9999.9	3.4	258
2025 05 11 06	0.31	0.3	3.0	3.1	3.8	0.58	-9999.9	3	181	-9999.9	53	-9999.9	3	15.8	27.7	214	3	1014.3	-9999.9	3.9	243
2025 05 11 07	0.27	0.24	3.2	3.3	9.3	0.54	-9999.9	3	138	-9999.9	52	-9999.9	3	15.7	6.7	65	3	1014.5	-9999.9	3.9	203
2025 05 11 08	0.2	0.18	3.3	3.3	4.6	0.32	-9999.9	3	121	-9999.9	67	-9999.9	3	15.9	36.0	35	3	1015.0	-9999.9	6.3	266
2025 05 11 09	0.27	0.25	3.1	3.2	6.1	0.47	-9999.9	3	20	-9999.9	62	-9999.9	3	15.8	20.4	36	3	1015.6	-9999.9	6.9	264
2025 05 11 10	0.36	0.34	2.5	2.5	2.5	0.62	-9999.9	3	211	-9999.9	54	-9999.9	3	16.1	25.3	59	3	1015.8	-9999.9	9.4	249
2025 05 11 11	0.5	0.48	2.6	2.6	2.6	0.8	-9999.9	3	216	-9999.9	48	-9999.9	3	16.0	18.4	81	3	1016.0	-9999.9	9.5	233
2025 05 11 12	0.29	0.28	2.5	2.5	2.5	0.48	-9999.9	3	197	-9999.9	69	-9999.9	3	15.9	67.1	63	3	1016.0	-9999.9	10.7	238
2025 05 11 13	0.37	0.34	2.6	2.6	2.5	0.56	-9999.9	3	185	-9999.9	62	-9999.9	3	16.1	56.5	72	3	1015.6	-9999.9	10.1	248
2025 05 11 14	0.32	0.3	2.9	2.9	2.8	0.56	-9999.9	3	154	-9999.9	70	-9999.9	3	15.8	96.9	75	3	1015.3	-9999.9	10.5	237
2025 05 11 15	0.38	0.35	2.9	2.9	2.9	0.53	-9999.9	3	154	-9999.9	64	-9999.9	3	15.9	96.0	72	3	1015.3	-9999.9	9.9	248
2025 05 11 16	0.42	0.39	2.7	2.7	2.5	0.72	-9999.9	3	195	-9999.9	53	-9999.9	3	15.4	-9999.9	-9999.9	3	1015.5	-9999.9	9.5	213
2025 05 11 17	0.38	0.36	2.7	2.7	2.9	0.66	-9999.9	3	203	-9999.9	57	-9999.9	3	15.5	-9999.9	-9999.9	3	1015.9	-9999.9	7.9	251
2025 05 11 18	0.44	0.41	2.9	2.8	2.6	0.78	-9999.9	3	204	-9999.9	54	-9999.9	3	15.5	34.3	177	3	1016.0	-9999.9	7.0	257
2025 05 11 19	0.26	0.25	2.7	2.7	2.6	0.45	-9999.9	3	18	-9999.9	69	-9999.9	3	15.5	33.1	17	3	1016.2	-9999.9	8.7	254
2025 05 11 20	0.3	0.27	2.9	2.9	7.3	0.49	-9999.9	3	126	-9999.9	63	-9999.9	3	15.6	45.2	31	3	1016.6	-9999.9	7.1	252
2025 05 11 21	0.31	0.29	2.9	2.9	6.8	0.47	-9999.9	3	205	-9999.9	61	-9999.9	3	16.0	38.6	67	3	1017.3	-9999.9	5.6	245
2025 05 11 22	0.26	0.24	2.7	2.8	3.8	0.41	-9999.9	3	149	-9999.9	67	-9999.9	3	16.0	28.2	66	3	1017.4	-9999.9	3.5	255
2025 05 11 23	0.23	0.21	2.7	2.7	4.1	0.37	-9999.9	3	162	-9999.9	65	-9999.9	3	15.8	7.9	59	3	1017.3	-9999.9	2.5	230
2025 05 12 00	0.2	0.2	3.1	3.1	3.5	0.35	-9999.9	3	48	-9999.9	58	-9999.9	3	15.8	37.6	49	3	1017.1	-9999.9	2.2	241
2025 05 12 01	0.17	0.16	2.9	2.9	3.6	0.3	-9999.9	3	154	-9999.9	70	-9999.9	3	16.3	49.6	56	3	1016.5	-9999.9	6.8	250
2025 05 12 02	0.19	0.18	3.6	3.6	4.8	0.31	-9999.9	3	93	-9999.9	61	-9999.9	3	15.5	62.9	57	3	1016.2	-9999.9	5.5	258
2025 05 12 03	0.31	0.3	2.7	2.7	3.6	0.5	-9999.9	3	182	-9999.9	47	-9999.9	3	15.7	26.7	75	3	1016.0	-9999.9	5.3	283
2025 05 12 04	0.28	0.26	2.9	2.9	3.7	0.42	-9999.9	3	186	-9999.9	46	-9999.9	3	15.4	16.8	127	3	1015.7	-9999.9	5.3	236
2025 05 12 05	0.48	0.46	3.5	3.6	4.9	0.81	-9999.9	3	189	-9999.9	44	-9999.9	3	15.0	52.4	187	3	1015.9	-9999.9	5.1	238
2025 05 12 06	0.55	0.53	3.4	3.4	4.4	0.81	-9999.9	3	194	-9999.9	43	-9999.9	3	14.8	38.6	207	3	1016.1	-9999.9	7.0	239
2025 05 12 07	0.49	0.46	2.9	2.9	2.7	0.75	-9999.9	3	206	-9999.9	50	-9999.9	3	15.0	24.1	192	3	1016.7	-9999.9	7.6	224
2025 05 12 08	0.31	0.27	3.0	3.1	9.4	0.58	-9999.9	3	137	-9999.9	59	-9999.9	3	15.6	40.8	28	3	1017.3	-9999.9	8.5	236
2025 05 12 09	0.26	0.25	2.9	2.8	4.1	0.42	-9999.9	3	198	-9999.9	66	-9999.9	3	15.2	24.1	41	3	1017.3	-9999.9	8.6	228
2025 05 12 10	0.38	0.34	2.9	3.1	8.0	0.76	-9999.9	3	115	-9999.9	62	-9999.9	3	16.3	46.7	55	3	1017.3	-9999.9	9.4	238
2025 05 12 11	0.32	0.3	2.5	2.5	2.1	0.55	-9999.9	3	149	-9999.9	64	-9999.9	3	16.2	33.6	60	3	1017.0	-9999.9	8.9	238
2025 05 12 12	0.33	0.3	2.6	2.8	4.7	0.54	-9999.9	3	72	-9999.9	58	-9999.9	3	16.1	42.3	50	3	1016.6	-9999.9	8.8	241
2025 05 12 13	0.23	0.21	3.6	3.5	9.9	0.36	-9999.9	3	92	-9999.9	55	-9999.9	3	16.0	48.9	59	3	1016.1	-9999.9	9.1	234
2025 05 12 14	0.23	0.21	2.9	2.9	4.6	0.34	-9999.9	3	124	-9999.9	69	-9999.9	3	15.8	73.3	62	3	1015.7	-9999.9	9.0	243
2025 05 12 15	0.25	0.24	2.8	2.8	3.1	0.42	-9999.9	3	169	-9999.9	66	-9999.9	3	15.7	82.9	62	3	1015.0	-9999.9	7.0	244
2025 05 12 16	0.33	0.31	3.5	3.5	7.6	0.58	-9999.9	3	132	-9999.9	58	-9999.9	3	16.1	60.7	67	3	1014.6	-9999.9	6.9	240
2025 05 12 17	0.28	0.26	3.3	3.3	8.3	0.41	-9999.9	3	157	-9999.9	58	-9999.9	3	15.0	19.9	183	3	1014.3	-9999.9	7.4	244
2025 05 12 18	0.37	0.34	2.9	2.9	4.0	0.6	-9999.9	3	173	-9999.9	55	-9999.9	3	15.3	10.2	53	3	1014.3	-9999.9	6.9	242
2025 05 12 19	0.2	0.18	3.3	3.2	5.0	0.31	-9999.9	3	79	-9999.9	66	-9999.9	3	15.4	26.8	22	3	1014.5	-9999.9	4.9	235
2025 05 12 20	0.25	0.23	3.0	3.0	3.9	0.47	-9999.9	3	103	-9999.9	67	-9999.9	3	16.0	54.8	38	3	1014.9	-9999.9	2.5	242
2025 05 12 21	0.3	0.27	3.6	3.7	6.9	0.51	-9999.9	3	112	-9999.9	54	-9999.9	3	16.1	39.1	64	3	1015.2	-9999.9	4.6	243
2025 05 12 22	0.19	0.19	3.1	3.0	3.6	0.33	-9999.9	3	126	-9999.9	67	-9999.9	3	16.2	32.6	63	3	1015.2	-9999.9	4.4	310
2025 05 12 23	0.18	0.17	2.9	2.9	3.5	0.29	-9999.9	3	156	-9999.9	61	-9999.9	3	16.2	24.2	51	3	1015.1	-9999.9	2.6	257
2025 05 13 00	0.15	0.14	2.9	2.9	4.2	0.28	-9999.9	3	88	-9999.9	69	-9999.9	3	16.1	42.1	38	3	1014.7	-9999.9	3.4	251
2025 05 13 01	0.15	0.14	3.6	3.4	4.7	0.24	-9999.9	3	164	-9999.9	64	-9999.9	3	16.0	47.8	46	3	1014.0	-9999.9	3.1	254
2025 05 13 02	0.16	0.16	3.9	3.8	5.2	0.25	-9999.9	3	164	-9999.9	60	-9999.9	3	15.9	77.5	58	3	1013.9	-9999.9	3.1	294
2025 05 13 03	0.18	0.17	3.5	3.5	3.4	0.34	-9999.9	3	118	-9999.9	62	-9999.9	3	15.7	71.7	57	3	1013.5	-9999.9	5.0	271
2025 05 13 04	0.21	0.2	2.8	2.8	2.4	0.4	-9999.9	3	183	-9999.9	59	-9999.9	3	16.0	71.2	67	3	1013.5	-9999.9	3.6	244
2025 05 13 05	0.24	0.23	2.9	2.8	4.8	0.4	-9999.9	3	193	-9999.9	54	-9999.9	3	15.6	-9999.9	-9999.9	3	1013.3	-9999.9	7.1	238
2025 05 13 06	0.36	0.34	2.7	2.8	2.4	0.69	-9999.9	3	208	-9999.9	53	-9999.9	3	15.5	-9999.9	-9999.9	3	1013.5	-9999.9	7.7	245
2025 05 13 07	0.45	0.43	3.1	3.1	3.0	0.77	-9999.9	3	203	-9999.9	49	-9999.9	3	14.7	31.6	196	3	1013.6	-9999.9	8.5	243
2025 05 13 08	0.31	0.28	3.1	3.1	9.8	0.54	-9999.9	3	128	-9999.9	61	-9999.9	3	15.6	22.4	64	3	1013.9	-9999.9	10.6	255
2025 05 13 09	0.34	0.32	2.6	2.6	2.7	0.55	-9999.9	3	152	-9999.9	67	-9999.9	3	15.9	35.0	47	3	1013.8	-9999.9	11.7	243
2025 05 13 10	0.55	0.5	2.7	2.8	3.1	0.87	-9999.9	3	217	-9999.9	55	-9999.9	3	16.2	37.5	59	3	1014.0	-9999.9	11.2	251
2025 05 13 11	0.52	0.5	2.6	2.6	2.7	0.95	-9999.9	3	203	-9999.9	52	-9999.9	3	15.9	37.1	68	3	1014.0	-9999.9	10.7	253
2025 05 13 12	0.46	0.42	2.6	2.6	2.3	0.63	-9999.9	3	193	-9999.9	59	-9999.9	3	16.1	44.2	74	3	1013.7	-9999.9	10.7	240
2025 05 13 13	0.44	0.42	2.6	2.6	2.3	0.67	-9999.9	3	168	-9999.9	67	-9999.9	3	15.9	65.1	53	3	1013.4	-9999.9	10.6	251
2025 05 13 14	0.36	0.34	2.7	2.7	2.3	0.58	-9999.9	3	196	-9999.9	65	-9999.9	3	16.2	64.0	60	3	1013.1	-9999.9	10.4	249
2025 05 13 15	0.3	0.27	3.0	3.0	4.6	0.62	-9999.9	3	120	-9999.9	67	-9999.9	3	15.4	79.5	64	3	1012.6	-9999.9	9.7	243
2025 05 13 16	0.3	0.27	2.9	3.0	3.8	0.44	-9999.9	3	152	-9999.9	61	-9999.9	3	16.0	83.7	63	3	1012.6	-9999.9	7.5	241
2025 05 13 17	0.31	0.28	2.9	2.9	6.5	0.45	-9999.9	3	155	-9999.9	56	-9999.9	3	15.7	-9999.9	-9999.9	3	1012.6	-9999.9	7.8	247
2025 05 13 18	0.32	0.29	3.0	3.1	5.6	0.53	-9999.9	3	168	-9999.9	52	-9999.9	3	15.7	-9999.9	-9999.9	3	1012.8	-9999.9	6.2	241
2025 05 13 19	0.25	0.23	3.3	3.4	7.4	0.45	-9999.9	3	73	-9999.9	53	-9999.9	3	14.9	16.1	16	3	1013.2	-9999.9	4.8	242
2025 05 13 20	0.23	0.22	3.5	3.4	5.3	0.38	-9999.9	3	58	-9999.9	63	-9999.9	3	16.7	-9999.9	-9999.9	3	1013.9	-9999.9	1.7	233
2025 05 13 21	0.37	0.33	3.4	3.5	9.3	0.63	-9999.9	3	171	-9999.9	55	-9999.9	3	16.3	23.5	54	3	1014.4	-9999.9	1.7	171
2025 05 13 22	0.29	0.27	3.0	3.0	3.7	0.47	-9999.9	3	195	-9999.9	61	-9999.9	3	16.6	25.9	51	3	1014.4	-9999.9	1.0	225
2025 05 13 23	0.23	0.22	2.9	2.8	3.8	0.39	-9999.9	3	166	-9999.9	62	-9999.9	3	16.3	16.3	76	3	1014.3	-9999.9	4.1	252
2025 05 14 00	0.25	0.23	3.0	3.0	4.8	0.42	-9999.9	3	179	-9999.9	57	-9999.9	3	16.2	20.1	50	3	1014.0	-9999.9	4.1	238
2025 05 14 01	0.16	0.15	3.0	3.0	5.3	0.35	-9999.9	3	111	-9999.9	67	-9999.9	3	16.3	30.6	51	3	1013.4	-9999.9	5.0	258
2025 05 14 02	0.2	0.19	3.3	3.3	5.2	0.35	-9999.9	3	192	-9999.9	59	-9999.9	3	16.2	45.7	57	3	1013.0	-9999.9	-9999.9	-9999.9
2025 05 14 03	0.27	0.26	3.3	3.2	5.2	0.4	-9999.9	3	143	-9999.9	66	-9999.9	3	15.7	64.7	60	3	1012.8	-9999.9	5.7	262
2025 05 14 04	0.25	0.23	2.8	2.8	3.5	0.38	-9999.9	3	164	-9999.9	61	-9999.9	3	15.9	62.3	57	3	1013.2	-9999.9	7.6	252
2025 05 14 05	0.26	0.24	3.0	3.0	4.3	0.4	-9999.9	3	172	-9999.9	59	-9999.9	3	16.0	56.0	64	3	1013.7	-9999.9	5.5	251
2025 05 14 06	0.22	0.2	3.1	3.1	4.5	0.37	-9999.9	3	185	-9999.9	61	-9999.9	3	15.6	-9999.9	-9999.9	3	1014.1	-9999.9	4.1	250
2025 05 14 07	0.4	0.38	3.7	3.8	6.7	0.73	-9999.9	3	169	-9999.9	45	-9999.9	3	15.4	21.5	174	3	1014.2	-9999.9	5.8	244
2025 05 14 08	0.47	0.43	3.1	3.0	3.4	0.76	-9999.9	3	201	-9999.9	47	-9999.9	3	15.1	53.4	165	3	1014.3	-9999.9	9.2	241
2025 05 14 09	0.44	0.41	2.6	2.6	2.3	0.64	-9999.9	3	194	-9999.9	61	-9999.9	3	15.1	33.2	71	3	1014.8	-9999.9	9.6	235
2025 05 14 10	0.34	0.33	2.6	2.6	2.3	0.72	-9999.9	3	135	-9999.9	66	-9999.9	3	16.5	77.1	61	3	1015.2	-9999.9	10.6	232
2025 05 14 11	0.55	0.52	2.5	2.6	2.5	0.85	-9999.9	3	213	-9999.9	52	-9999.9	3	16.1	53.9	81	3	1015.2	-9999.9	11.2	234
2025 05 14 12	0.67	0.64	2.8	2.8	3.0	0.95	-9999.9	3	216	-9999.9	45	-9999.9	3	16.2	48.3	67	3	1015.2	-9999.9	13.3	242
2025 05 14 13	0.7	0.66	3.0	3.0	3.3	1.07	-9999.9	3	213	-9999.9	50	-9999.9	3	16.0	60.0	65	3	1015.0	-9999.9	12.7	231
2025 05 14 14	0.76	0.72	3.0	3.0	3.1	1.12	-9999.9	3	210	-9999.9	50	-9999.9	3	15.5	50.9	76	3	1015.0	-9999.9	12.8	249
2025 05 14 15	0.68	0.64	3.0	3.1	3.1	1.18	-9999.9	3	222	-9999.9	60	-9999.9	3	15.0	66.2	54	3	1015.4	-9999.9	13.4	242
2025 05 14 16	0.76	0.71	3.3	3.3	3.8	1.34	-9999.9	3	215	-9999.9	51	-9999.9	3	15.1	59.9	66	3	1015.6	-9999.9	13.4	251
2025 05 14 17	0.55	0.52	3.0	3.0	3.1	0.91	-9999.9	3	191	-9999.9	55	-9999.9	3	15.0	81.2	88	3	1015.6	-9999.9	12.7	264
2025 05 14 18	0.61	0.57	2.9	2.9	2.8	0.9	-9999.9	3	188	-9999.9	46	-9999.9	3	15.3	-9999.9	-9999.9	3	1015.7	-9999.9	-9999.9	-9999.9
2025 05 14 19	0.61	0.57	2.9	2.9	3.3	0.99	-9999.9	3	201	-9999.9	44	-9999.9	3	14.2	-9999.9	-9999.9	3	1016.4	-9999.9	-9999.9	-9999.9
2025 05 14 20	0.39	0.37	2.5	2.6	2.3	0.65	-9999.9	3	204	-9999.9	66	-9999.9	3	14.6	11.6	43	3	1017.4	-9999.9	10.5	288
2025 05 14 21	0.35	0.32	3.4	3.5	7.9	0.68	-9999.9	3	61	-9999.9	61	-9999.9	3	15.8	-9999.9	-9999.9	3	1018.1	-9999.9	8.3	271
2025 05 14 22	0.48	0.45	2.7	2.7	2.4	0.76	-9999.9	3	217	-9999.9	55	-9999.9	3	16.2	36.3	59	3	1018.2	-9999.9	9.6	247
2025 05 14 23	0.49	0.47	2.6	2.7	2.5	0.81	-9999.9	3	215	-9999.9	49	-9999.9	3	15.7	23.3	60	3	1017.9	-9999.9	10.5	243
2025 05 15 00	0.42	0.4	2.6	2.6	2.5	0.67	-9999.9	3	206	-9999.9	54	-9999.9	3	15.6	30.6	61	3	1017.7	-9999.9	9.8	249
2025 05 15 01	0.43	0.41	2.6	2.6	2.6	0.7	-9999.9	3	205	-9999.9	56	-9999.9	3	15.9	41.3	55	3	1017.6	-9999.9	9.1	248
2025 05 15 02	0.39	0.37	2.8	2.8	2.9	0.61	-9999.9	3	199	-9999.9	56	-9999.9	3	15.9	49.3	45	3	1017.5	-9999.9	-9999.9	-9999.9
2025 05 15 03	0.41	0.39	3.3	3.3	5.5	0.68	-9999.9	3	200	-9999.9	52	-9999.9	3	15.9	46.6	50	3	1017.3	-9999.9	-9999.9	-9999.9
2025 05 15 04	0.36	0.34	3.6	3.5	5.7	0.58	-9999.9	3	185	-9999.9	62	-9999.9	3	15.3	60.9	49	3	1017.5	-9999.9	-9999.9	-9999.9
2025 05 15 05	0.41	0.39	4.0	3.9	5.6	0.54	-9999.9	3	190	-9999.9	58	-9999.9	3	15.3	33.7	69	3	1017.7	-9999.9	-9999.9	-9999.9
2025 05 15 06	0.35	0.33	3.8	3.7	5.6	0.6	-9999.9	3	164	-9999.9	59	-9999.9	3	15.6	28.4	82	3	1018.3	-9999.9	3.7	233
2025 05 15 07	0.43	0.41	4.2	4.2	6.6	0.7	-9999.9	3	184	-9999.9	39	-9999.9	3	15.3	4.3	101	3	1018.5	-9999.9	5.0	245
2025 05 15 08	0.51	0.48	3.4	3.5	5.2	0.77	-9999.9	3	195	-9999.9	46	-9999.9	3	15.1	30.5	200	3	1018.6	-9999.9	7.6	227
2025 05 15 09	0.47	0.44	3.2	3.3	4.2	0.75	-9999.9	3	192	-9999.9	53	-9999.9	3	14.9	37.3	205	3	1018.9	-9999.9	5.9	237
2025 05 15 10	0.65	0.6	3.0	3.0	3.0	1.1	-9999.9	3	207	-9999.9	48	-9999.9	3	14.8	30.0	186	3	1018.6	-9999.9	10.2	243
2025 05 15 11	0.5	0.47	2.7	2.7	2.7	0.73	-9999.9	3	213	-9999.9	56	-9999.9	3	15.6	25.6	66	3	1018.6	-9999.9	11.7	232
2025 05 15 12	0.68	0.64	2.8	2.8	2.9	1.13	-9999.9	3	221	-9999.9	47	-9999.9	3	15.7	33.2	58	3	1018.7	-9999.9	11.0	240
2025 05 15 13	0.65	0.61	2.8	2.9	2.9	1.03	-9999.9	3	219	-9999.9	48	-9999.9	3	15.6	28.2	54	3	1018.4	-9999.9	12.1	249
2025 05 15 14	0.61	0.58	3.0	3.0	3.2	0.96	-9999.9	3	224	-9999.9	56	-9999.9	3	15.7	75.1	48	3	1017.9	-9999.9	12.3	237
2025 05 15 15	0.7	0.67	3.0	3.0	3.0	1.08	-9999.9	3	220	-9999.9	53	-9999.9	3	15.0	65.3	61	3	1017.4	-9999.9	12.2	247
2025 05 15 16	0.58	0.54	2.9	2.9	2.8	0.95	-9999.9	3	226	-9999.9	56	-9999.9	3	14.1	59.3	60	3	1017.6	-9999.9	11.8	242
2025 05 15 17	0.66	0.63	3.0	3.0	3.0	1.03	-9999.9	3	231	-9999.9	47	-9999.9	3	14.8	50.9	62	3	1017.4	-9999.9	11.2	245
2025 05 15 18	0.53	0.5	2.9	2.9	2.8	0.91	-9999.9	3	200	-9999.9	54	-9999.9	3	14.5	49.3	64	3	1017.5	-9999.9	9.5	246
2025 05 15 19	0.42	0.39	2.7	2.8	2.5	0.65	-9999.9	3	182	-9999.9	52	-9999.9	3	14.7	7.0	187	3	1017.6	-9999.9	9.2	243
2025 05 15 20	0.48	0.46	2.8	2.8	2.7	0.81	-9999.9	3	196	-9999.9	51	-9999.9	3	14.3	29.4	182	3	1018.3	-9999.9	8.8	261
2025 05 15 21	0.25	0.23	3.2	3.3	6.1	0.41	-9999.9	3	82	-9999.9	61	-9999.9	3	14.9	45.5	18	3	1018.9	-9999.9	7.8	240
2025 05 15 22	0.26	0.24	3.4	3.4	5.2	0.37	-9999.9	3	209	-9999.9	61	-9999.9	3	15.9	51.1	45	3	1019.1	-9999.9	6.8	255
2025 05 15 23	0.27	0.25	3.2	3.3	5.3	0.48	-9999.9	3	199	-9999.9	63	-9999.9	3	15.7	37.2	62	3	1018.5	-9999.9	5.5	267
2025 05 16 00	0.24	0.22	2.6	2.6	4.1	0.39	-9999.9	3	192	-9999.9	64	-9999.9	3	15.7	24.5	73	3	1017.9	-9999.9	8.0	246
2025 05 16 01	0.29	0.27	2.5	2.5	2.3	0.42	-9999.9	3	183	-9999.9	61	-9999.9	3	15.7	38.5	62	3	1017.3	-9999.9	6.4	258
2025 05 16 02	0.25	0.23	2.4	2.4	2.3	0.41	-9999.9	3	172	-9999.9	66	-9999.9	3	15.6	41.7	41	3	1016.7	-9999.9	7.1	257
2025 05 16 03	0.26	0.24	3.0	3.1	4.9	0.39	-9999.9	3	180	-9999.9	64	-9999.9	3	15.4	57.1	51	3	1016.2	-9999.9	7.6	254
2025 05 16 04	0.27	0.24	2.9	2.9	4.9	0.43	-9999.9	3	188	-9999.9	60	-9999.9	3	15.2	55.7	68	3	1016.2	-9999.9	5.1	274
2025 05 16 05	0.3	0.27	2.9	2.9	5.3	0.53	-9999.9	3	179	-9999.9	63	-9999.9	3	15.2	37.7	64	3	1016.1	-9999.9	7.9	244
2025 05 16 06	0.34	0.32	3.4	3.4	5.6	0.6	-9999.9	3	186	-9999.9	68	-9999.9	3	15.0	37.0	78	3	1016.3	-9999.9	8.0	245
2025 05 16 07	0.4	0.36	3.1	3.4	7.9	0.76	-9999.9	3	167	-9999.9	50	-9999.9	3	15.4	47.6	65	3	1016.3	-9999.9	8.5	239
2025 05 16 08	0.41	0.38	3.2	3.3	5.2	0.66	-9999.9	3	173	-9999.9	49	-9999.9	3	14.7	11.9	170	3	1016.7	-9999.9	7.7	223
2025 05 16 09	0.41	0.39	3.1	3.1	3.2	0.63	-9999.9	3	204	-9999.9	51	-9999.9	3	14.7	-9999.9	-9999.9	3	1016.8	-9999.9	7.9	229
2025 05 16 10	0.38	0.36	2.7	2.7	2.6	0.73	-9999.9	3	199	-9999.9	59	-9999.9	3	14.7	-9999.9	-9999.9	3	1016.8	-9999.9	8.4	233
2025 05 16 11	0.23	0.21	3.8	3.7	7.9	0.39	-9999.9	3	83	-9999.9	57	-9999.9	3	15.3	85.4	43	3	1016.8	-9999.9	8.4	243
2025 05 16 12	0.22	0.2	3.4	3.3	5.1	0.38	-9999.9	3	107	-9999.9	63	-9999.9	3	15.9	46.4	67	3	1016.2	-9999.9	7.4	226
2025 05 16 13	0.32	0.3	2.7	2.7	2.4	0.52	-9999.9	3	149	-9999.9	65	-9999.9	3	16.4	27.0	82	3	1015.7	-9999.9	8.5	234
2025 05 16 14	0.46	0.41	2.8	2.9	4.2	0.89	-9999.9	3	154	-9999.9	54	-9999.9	3	16.4	33.9	64	3	1015.2	-9999.9	-9999.9	-9999.9
2025 05 16 15	0.37	0.34	2.7	2.7	2.4	0.47	-9999.9	3	154	-9999.9	60	-9999.9	3	16.1	51.2	45	3	1014.9	-9999.9	-9999.9	-9999.9
2025 05 16 16	0.24	0.22	3.0	3.0	5.2	0.36	-9999.9	3	113	-9999.9	68	-9999.9	3	14.6	48.3	51	3	1014.8	-9999.9	6.2	245
2025 05 16 17	0.3	0.28	3.9	4.1	7.8	0.62	-9999.9	3	130	-9999.9	52	-9999.9	3	15.4	35.7	61	3	1014.5	-9999.9	6.7	225
2025 05 16 18	0.31	0.29	4.1	4.3	8.9	0.53	-9999.9	3	106	-9999.9	48	-9999.9	3	15.6	81.1	67	3	1014.3	-9999.9	6.0	223
2025 05 16 19	0.26	0.24	3.5	3.6	5.6	0.39	-9999.9	3	86	-9999.9	56	-9999.9	3	15.5	43.4	84	3	1014.5	-9999.9	5.5	233
2025 05 16 20	0.28	0.27	3.5	3.4	5.7	0.49	-9999.9	3	145	-9999.9	55	-9999.9	3	15.5	23.6	48	3	1015.0	-9999.9	4.1	231
2025 05 16 21	0.3	0.29	5.5	5.5	7.9	0.53	-9999.9	3	84	-9999.9	45	-9999.9	3	15.7	60.7	26	3	1015.4	-9999.9	3.0	237
2025 05 16 22	0.25	0.24	3.9	3.9	6.4	0.41	-9999.9	3	93	-9999.9	52	-9999.9	3	16.4	62.8	39	3	1015.4	-9999.9	1.0	333
2025 05 16 23	0.24	0.23	4.4	4.3	7.2	0.38	-9999.9	3	99	-9999.9	51	-9999.9	3	16.5	27.0	58	3	1015.4	-9999.9	1.2	39
2025 05 17 00	0.29	0.28	5.0	4.9	7.3	0.44	-9999.9	3	103	-9999.9	41	-9999.9	3	16.5	34.8	62	3	1015.2	-9999.9	2.6	7
2025 05 17 01	0.34	0.32	5.3	5.2	7.1	0.52	-9999.9	3	108	-9999.9	36	-9999.9	3	16.4	41.8	54	3	1014.7	-9999.9	3.0	357
2025 05 17 02	0.35	0.33	5.2	5.2	7.2	0.54	-9999.9	3	106	-9999.9	35	-9999.9	3	16.4	33.0	49	3	1014.3	-9999.9	3.9	4
2025 05 17 03	0.34	0.32	5.3	5.2	7.0	0.52	-9999.9	3	97	-9999.9	41	-9999.9	3	16.4	46.6	51	3	1014.2	-9999.9	3.3	7
2025 05 17 04	0.39	0.37	5.8	5.7	7.1	0.58	-9999.9	3	104	-9999.9	36	-9999.9	3	16.1	37.6	56	3	1014.1	-9999.9	3.7	357
2025 05 17 05	0.39	0.38	5.5	5.2	6.8	0.63	-9999.9	3	103	-9999.9	38	-9999.9	3	16.0	44.9	69	3	1014.3	-9999.9	4.4	356
2025 05 17 06	0.35	0.33	4.2	4.2	6.8	0.49	-9999.9	3	79	-9999.9	43	-9999.9	3	15.5	13.5	63	3	1014.2	-9999.9	5.4	337
2025 05 17 07	0.37	0.33	4.1	4.6	7.6	0.76	-9999.9	3	100	-9999.9	41	-9999.9	3	15.6	26.5	33	3	1014.7	-9999.9	3.7	11
2025 05 17 08	0.31	0.29	4.3	4.3	9.0	0.58	-9999.9	3	94	-9999.9	40	-9999.9	3	15.9	21.5	54	3	1015.0	-9999.9	3.4	13
2025 05 17 09	0.29	0.27	3.7	3.6	6.9	0.45	-9999.9	3	71	-9999.9	48	-9999.9	3	15.6	21.7	150	3	1015.0	-9999.9	4.2	38
2025 05 17 10	0.35	0.34	4.0	3.9	8.2	0.57	-9999.9	3	91	-9999.9	51	-9999.9	3	15.7	37.2	198	3	1015.1	-9999.9	4.4	52
2025 05 17 11	0.25	0.23	3.1	3.1	4.4	0.4	-9999.9	3	123	-9999.9	59	-9999.9	3	15.8	48.5	211	3	1015.1	-9999.9	4.7	60
2025 05 17 12	0.33	0.3	3.5	3.6	9.2	0.54	-9999.9	3	100	-9999.9	54	-9999.9	3	15.9	30.4	204	3	1014.9	-9999.9	3.5	59
2025 05 17 13	0.33	0.3	3.5	3.7	7.0	0.58	-9999.9	3	89	-9999.9	45	-9999.9	3	16.8	14.3	313	3	1014.4	-9999.9	3.7	56
2025 05 17 14	0.33	0.3	3.5	3.5	4.3	0.52	-9999.9	3	101	-9999.9	42	-9999.9	3	17.7	29.7	58	3	1014.2	-9999.9	3.7	46
2025 05 17 15	0.39	0.37	3.6	3.6	3.9	0.62	-9999.9	3	80	-9999.9	46	-9999.9	3	17.8	44.2	60	3	1013.9	-9999.9	3.7	58
2025 05 17 16	0.4	0.37	3.6	3.8	7.1	0.66	-9999.9	3	93	-9999.9	42	-9999.9	3	17.4	50.2	62	3	1013.7	-9999.9	3.0	52
2025 05 17 17	0.44	0.41	3.8	3.8	4.8	0.7	-9999.9	3	81	-9999.9	43	-9999.9	3	16.7	40.7	57	3	1013.6	-9999.9	2.2	43
2025 05 17 18	0.41	0.38	3.7	3.8	5.2	0.7	-9999.9	3	97	-9999.9	45	-9999.9	3	16.3	24.2	71	3	1013.4	-9999.9	2.7	43
2025 05 17 19	0.44	0.42	4.0	4.0	5.8	0.7	-9999.9	3	76	-9999.9	43	-9999.9	3	15.5	37.0	59	3	1013.6	-9999.9	3.5	42
2025 05 17 20	0.4	0.38	3.7	3.6	4.2	0.65	-9999.9	3	90	-9999.9	48	-9999.9	3	15.9	36.3	70	3	1014.0	-9999.9	4.1	48
2025 05 17 21	0.35	0.33	3.9	3.8	7.6	0.56	-9999.9	3	98	-9999.9	43	-9999.9	3	15.9	20.4	179	3	1014.6	-9999.9	4.2	43
2025 05 17 22	0.25	0.23	3.4	3.4	4.1	0.41	-9999.9	3	95	-9999.9	50	-9999.9	3	16.4	25.2	139	3	1014.9	-9999.9	4.4	49
2025 05 17 23	0.28	0.27	3.7	3.6	4.3	0.42	-9999.9	3	68	-9999.9	49	-9999.9	3	17.6	56.8	41	3	1014.8	-9999.9	4.9	51
2025 05 18 00	0.27	0.26	3.4	3.4	4.4	0.48	-9999.9	3	94	-9999.9	48	-9999.9	3	17.4	29.3	48	3	1014.4	-9999.9	5.7	48
2025 05 18 01	0.31	0.3	3.5	3.4	4.2	0.45	-9999.9	3	94	-9999.9	44	-9999.9	3	17.4	29.6	50	3	1013.9	-9999.9	4.2	34
2025 05 18 02	0.36	0.34	3.3	3.4	4.1	0.55	-9999.9	3	91	-9999.9	42	-9999.9	3	17.4	26.0	85	3	1013.9	-9999.9	4.9	45
2025 05 18 03	0.39	0.37	3.4	3.3	4.2	0.67	-9999.9	3	90	-9999.9	41	-9999.9	3	17.6	25.1	48	3	1013.3	-9999.9	6.2	64
2025 05 18 04	0.37	0.36	3.5	3.5	4.2	0.59	-9999.9	3	91	-9999.9	42	-9999.9	3	17.8	28.4	72	3	1014.0	-9999.9	4.6	58
2025 05 18 05	0.39	0.37	3.7	3.7	4.2	0.77	-9999.9	3	95	-9999.9	43	-9999.9	3	17.7	19.6	58	3	1014.0	-9999.9	4.3	51
2025 05 18 06	0.37	0.35	3.4	3.4	4.3	0.67	-9999.9	3	95	-9999.9	46	-9999.9	3	17.4	17.0	50	3	1014.6	-9999.9	3.7	50
2025 05 18 07	0.45	0.42	3.7	3.8	4.4	0.66	-9999.9	3	100	-9999.9	46	-9999.9	3	17.2	25.5	68	3	1014.9	-9999.9	3.2	49
2025 05 18 08	0.37	0.36	3.6	3.5	4.1	0.61	-9999.9	3	100	-9999.9	42	-9999.9	3	17.0	23.1	78	3	1015.6	-9999.9	2.2	59
2025 05 18 09	0.42	0.4	3.6	3.6	3.9	0.61	-9999.9	3	92	-9999.9	45	-9999.9	3	17.8	15.9	160	3	1016.1	-9999.9	0.7	354
2025 05 18 10	0.44	0.41	3.8	3.8	6.1	1.02	-9999.9	3	108	-9999.9	44	-9999.9	3	17.1	33.5	224	3	1016.3	-9999.9	1.2	355
2025 05 18 11	0.41	0.39	3.7	3.6	4.3	0.68	-9999.9	3	114	-9999.9	50	-9999.9	3	16.7	34.2	222	3	1016.4	-9999.9	1.0	11
2025 05 18 12	0.48	0.46	3.7	3.7	4.3	0.8	-9999.9	3	110	-9999.9	44	-9999.9	3	16.2	33.7	216	3	1016.2	-9999.9	1.3	31
2025 05 18 13	0.47	0.44	3.8	3.8	4.2	0.71	-9999.9	3	110	-9999.9	45	-9999.9	3	16.8	27.1	222	3	1016.0	-9999.9	0.6	162
2025 05 18 14	0.42	0.4	3.8	3.7	4.7	0.59	-9999.9	3	126	-9999.9	51	-9999.9	3	18.1	29.5	236	3	1015.8	-9999.9	2.4	202
2025 05 18 15	0.57	0.53	3.3	3.3	4.2	0.85	-9999.9	3	145	-9999.9	50	-9999.9	3	17.3	9.5	203	3	1015.1	-9999.9	6.7	231
2025 05 18 16	0.43	0.39	3.3	3.3	5.0	0.61	-9999.9	3	159	-9999.9	53	-9999.9	3	17.3	27.8	8	3	1015.1	-9999.9	8.0	241
2025 05 18 17	0.53	0.49	3.0	3.0	2.8	0.71	-9999.9	3	192	-9999.9	49	-9999.9	3	16.4	17.3	31	3	1015.0	-9999.9	7.9	223
2025 05 18 18	0.48	0.44	3.1	3.1	4.3	0.73	-9999.9	3	172	-9999.9	56	-9999.9	3	16.8	37.5	79	3	1014.8	-9999.9	9.7	236
2025 05 18 19	0.43	0.4	3.5	3.5	6.4	0.92	-9999.9	3	164	-9999.9	59	-9999.9	3	16.7	35.6	65	3	1015.4	-9999.9	9.5	233
2025 05 18 20	0.44	0.42	3.2	3.2	4.5	0.7	-9999.9	3	173	-9999.9	55	-9999.9	3	16.6	43.0	81	3	1016.2	-9999.9	10.6	227
2025 05 18 21	0.48	0.44	3.0	3.0	3.0	0.72	-9999.9	3	190	-9999.9	43	-9999.9	3	16.4	10.4	96	3	1017.1	-9999.9	8.2	237
2025 05 18 22	0.45	0.43	2.8	2.8	2.7	0.79	-9999.9	3	182	-9999.9	53	-9999.9	3	16.1	2.3	65	3	1017.9	-9999.9	7.5	243
2025 05 18 23	0.37	0.35	3.0	3.0	4.7	0.55	-9999.9	3	141	-9999.9	60	-9999.9	3	16.3	15.9	42	3	1018.2	-9999.9	5.7	266
2025 05 19 00	0.28	0.26	2.9	2.9	4.1	0.43	-9999.9	3	140	-9999.9	60	-9999.9	3	16.3	35.8	66	3	1018.2	-9999.9	3.4	258
2025 05 19 01	0.29	0.27	3.1	3.1	5.0	0.42	-9999.9	3	147	-9999.9	60	-9999.9	3	16.6	15.8	83	3	1017.8	-9999.9	4.2	263
2025 05 19 02	0.27	0.25	2.7	2.6	2.3	0.46	-9999.9	3	160	-9999.9	66	-9999.9	3	16.4	7.7	82	3	1017.2	-9999.9	2.9	285
2025 05 19 03	0.29	0.27	2.8	2.8	3.1	0.44	-9999.9	3	183	-9999.9	56	-9999.9	3	16.0	13.7	160	3	1017.2	-9999.9	2.5	251
2025 05 19 04	0.35	0.32	2.8	2.8	2.5	0.64	-9999.9	3	191	-9999.9	53	-9999.9	3	16.3	13.3	134	3	1017.3	-9999.9	2.4	298
2025 05 19 05	0.35	0.32	3.0	3.0	4.7	0.54	-9999.9	3	192	-9999.9	65	-9999.9	3	16.4	10.3	102	3	1017.5	-9999.9	1.7	205
2025 05 19 06	0.39	0.36	3.0	3.0	4.4	0.58	-9999.9	3	206	-9999.9	64	-9999.9	3	16.4	5.3	51	3	1018.1	-9999.9	2.6	338
2025 05 19 07	0.46	0.42	3.4	3.3	7.6	0.77	-9999.9	3	154	-9999.9	60	-9999.9	3	16.4	2.3	83	3	1018.5	-9999.9	3.9	296
2025 05 19 08	0.44	0.4	3.3	3.4	6.0	0.73	-9999.9	3	173	-9999.9	59	-9999.9	3	16.5	9.2	114	3	1018.8	-9999.9	6.7	312
2025 05 19 09	0.5	0.47	3.2	3.2	4.2	0.84	-9999.9	3	198	-9999.9	55	-9999.9	3	16.6	6.9	121	3	1019.0	-9999.9	4.2	311
2025 05 19 10	0.5	0.47	3.4	3.4	5.8	0.79	-9999.9	3	166	-9999.9	58	-9999.9	3	16.7	9.0	352	3	1018.6	-9999.9	5.9	281
2025 05 19 11	0.6	0.56	3.4	3.3	3.9	0.87	-9999.9	3	205	-9999.9	40	-9999.9	3	16.5	13.6	179	3	1018.6	-9999.9	5.8	267
2025 05 19 12	0.78	0.74	3.5	3.5	3.9	1.2	-9999.9	3	218	-9999.9	45	-9999.9	3	16.5	24.1	200	3	1018.1	-9999.9	6.2	238
2025 05 19 13	0.87	0.85	3.7	3.6	4.1	1.43	-9999.9	3	219	-9999.9	33	-9999.9	3	16.4	30.5	212	3	1017.4	-9999.9	9.4	233
2025 05 19 14	0.81	0.78	3.6	3.5	4.1	1.12	-9999.9	3	215	-9999.9	41	-9999.9	3	16.9	15.7	200	3	1016.9	-9999.9	9.1	233
2025 05 19 15	0.77	0.76	3.3	3.2	3.7	1.37	-9999.9	3	208	-9999.9	46	-9999.9	3	17.1	14.5	188	3	1016.4	-9999.9	4.9	254
2025 05 19 16	0.6	0.57	3.0	2.9	3.2	1.41	-9999.9	3	210	-9999.9	56	-9999.9	3	17.3	6.9	86	3	1016.1	-9999.9	3.6	288
2025 05 19 17	0.54	0.5	2.9	2.9	2.9	0.85	-9999.9	3	229	-9999.9	64	-9999.9	3	16.1	20.3	39	3	1015.7	-9999.9	5.6	313
2025 05 19 18	0.59	0.55	3.0	3.1	2.9	1.01	-9999.9	3	194	-9999.9	63	-9999.9	3	16.1	23.8	26	3	1015.8	-9999.9	4.5	291
2025 05 19 19	0.48	0.45	3.3	3.3	3.7	0.81	-9999.9	3	161	-9999.9	65	-9999.9	3	16.3	40.7	51	3	1016.2	-9999.9	5.3	315
2025 05 19 20	0.47	0.45	3.5	3.5	4.4	0.67	-9999.9	3	197	-9999.9	62	-9999.9	3	15.6	47.5	67	3	1017.1	-9999.9	2.3	252
2025 05 19 21	0.57	0.55	3.7	3.6	4.3	0.89	-9999.9	3	184	-9999.9	50	-9999.9	3	16.1	16.2	82	3	1017.6	-9999.9	4.9	318
2025 05 19 22	0.53	0.51	3.1	3.1	3.2	0.9	-9999.9	3	180	-9999.9	47	-9999.9	3	16.2	19.8	174	3	1018.5	-9999.9	2.2	171
2025 05 19 23	0.5	0.48	3.0	3.0	2.9	0.81	-9999.9	3	170	-9999.9	48	-9999.9	3	16.6	17.7	181	3	1018.7	-9999.9	3.3	215
2025 05 20 00	0.37	0.35	2.7	2.7	2.6	0.58	-9999.9	3	191	-9999.9	56	-9999.9	3	16.2	14.7	176	3	1018.6	-9999.9	6.6	255
2025 05 20 01	0.41	0.38	2.8	2.8	2.7	0.67	-9999.9	3	179	-9999.9	63	-9999.9	3	16.3	31.4	60	3	1018.3	-9999.9	7.7	239
2025 05 20 02	0.33	0.31	2.8	2.7	2.4	0.58	-9999.9	3	206	-9999.9	59	-9999.9	3	16.2	15.4	71	3	1018.1	-9999.9	5.6	236
2025 05 20 03	0.34	0.32	2.6	2.7	2.4	0.56	-9999.9	3	195	-9999.9	59	-9999.9	3	16.0	12.6	67	3	1018.2	-9999.9	4.7	235
2025 05 20 04	0.32	0.3	2.7	2.7	2.3	0.49	-9999.9	3	186	-9999.9	55	-9999.9	3	16.0	6.2	135	3	1018.3	-9999.9	5.8	222
2025 05 20 05	0.28	0.26	2.9	3.0	5.0	0.41	-9999.9	3	184	-9999.9	63	-9999.9	3	16.1	11.9	31	3	1018.7	-9999.9	5.8	240
2025 05 20 06	0.28	0.26	3.1	3.1	5.3	0.47	-9999.9	3	179	-9999.9	63	-9999.9	3	16.1	14.4	45	3	1019.2	-9999.9	5.9	230
2025 05 20 07	0.38	0.33	3.1	3.2	8.5	0.69	-9999.9	3	175	-9999.9	57	-9999.9	3	16.0	12.4	92	3	1019.3	-9999.9	7.8	238
2025 05 20 08	0.4	0.36	3.0	3.0	4.7	0.74	-9999.9	3	182	-9999.9	55	-9999.9	3	16.0	17.1	86	3	1019.2	-9999.9	8.2	231
2025 05 20 09	0.45	0.41	2.8	2.9	2.7	0.7	-9999.9	3	187	-9999.9	64	-9999.9	3	16.2	18.2	94	3	1019.2	-9999.9	7.7	237
2025 05 20 10	0.47	0.42	3.1	3.3	6.4	0.75	-9999.9	3	169	-9999.9	57	-9999.9	3	16.2	14.5	76	3	1019.2	-9999.9	8.1	233
2025 05 20 11	0.42	0.39	3.0	2.9	2.7	0.7	-9999.9	3	204	-9999.9	51	-9999.9	3	16.0	8.9	98	3	1019.3	-9999.9	7.1	226
2025 05 20 12	0.5	0.46	3.3	3.3	4.3	0.99	-9999.9	3	207	-9999.9	51	-9999.9	3	16.3	11.5	181	3	1019.2	-9999.9	5.9	223
2025 05 20 13	0.48	0.46	3.4	3.4	4.8	0.83	-9999.9	3	202	-9999.9	44	-9999.9	3	16.2	12.6	207	3	1018.7	-9999.9	6.9	222
2025 05 20 14	0.4	0.38	3.2	3.2	3.9	0.57	-9999.9	3	197	-9999.9	50	-9999.9	3	16.4	21.5	202	3	1018.5	-9999.9	6.1	226
2025 05 20 15	0.37	0.35	3.0	3.0	3.1	0.7	-9999.9	3	180	-9999.9	57	-9999.9	3	16.1	11.4	219	3	1018.2	-9999.9	5.1	219
2025 05 20 16	0.32	0.29	3.6	3.6	9.9	0.61	-9999.9	3	129	-9999.9	50	-9999.9	3	16.3	13.5	20	3	1018.1	-9999.9	5.3	224
2025 05 20 17	0.26	0.24	3.6	3.6	6.2	0.42	-9999.9	3	120	-9999.9	56	-9999.9	3	16.7	19.5	13	3	1018.2	-9999.9	5.9	232
2025 05 20 18	0.3	0.26	3.6	4.0	8.9	0.63	-9999.9	3	142	-9999.9	52	-9999.9	3	16.6	29.5	38	3	1018.1	-9999.9	6.4	228
2025 05 20 19	0.36	0.34	3.5	3.7	7.2	0.62	-9999.9	3	168	-9999.9	58	-9999.9	3	16.3	29.3	45	3	1018.2	-9999.9	6.0	230
2025 05 20 20	0.33	0.31	3.6	3.8	6.2	0.6	-9999.9	3	187	-9999.9	58	-9999.9	3	16.0	34.2	42	3	1018.5	-9999.9	5.3	225
2025 05 20 21	0.36	0.33	3.9	3.9	6.5	0.65	-9999.9	3	144	-9999.9	58	-9999.9	3	16.0	33.4	55	3	1019.2	-9999.9	5.3	240
2025 05 20 22	0.32	0.3	3.6	3.5	4.3	0.58	-9999.9	3	167	-9999.9	56	-9999.9	3	15.5	43.5	77	3	1019.7	-9999.9	1.4	290
2025 05 20 23	0.26	0.25	3.3	3.2	4.3	0.43	-9999.9	3	157	-9999.9	56	-9999.9	3	16.0	17.9	134	3	1019.4	-9999.9	3.6	338
2025 05 21 00	0.23	0.22	3.3	3.3	4.5	0.35	-9999.9	3	156	-9999.9	57	-9999.9	3	15.2	22.5	187	3	1019.3	-9999.9	3.3	359
2025 05 21 01	0.2	0.19	3.8	3.7	4.7	0.42	-9999.9	3	113	-9999.9	61	-9999.9	3	16.0	20.9	136	3	1018.7	-9999.9	3.5	3
2025 05 21 02	0.2	0.2	3.9	3.9	4.7	0.31	-9999.9	3	153	-9999.9	65	-9999.9	3	16.3	48.2	35	3	1018.4	-9999.9	4.4	352
2025 05 21 03	0.25	0.24	3.5	3.5	4.3	0.48	-9999.9	3	121	-9999.9	59	-9999.9	3	16.6	33.8	55	3	1018.1	-9999.9	3.7	12
2025 05 21 04	0.17	0.17	3.3	3.2	4.2	0.25	-9999.9	3	113	-9999.9	59	-9999.9	3	16.5	17.6	53	3	1018.0	-9999.9	4.7	4
2025 05 21 05	0.22	0.21	3.6	3.6	5.2	0.35	-9999.9	3	99	-9999.9	54	-9999.9	3	16.6	26.2	40	3	1018.1	-9999.9	3.7	11
2025 05 21 06	0.22	0.21	3.7	3.8	5.0	0.36	-9999.9	3	94	-9999.9	55	-9999.9	3	16.8	12.7	41	3	1018.5	-9999.9	3.3	4
2025 05 21 07	0.29	0.26	4.0	4.4	10.3	0.6	-9999.9	3	115	-9999.9	44	-9999.9	3	16.8	23.6	48	3	1018.7	-9999.9	3.4	9
2025 05 21 08	0.29	0.26	4.1	4.3	9.8	0.51	-9999.9	3	107	-9999.9	46	-9999.9	3	17.0	18.1	62	3	1019.2	-9999.9	3.3	24
2025 05 21 09	0.27	0.26	3.7	3.7	4.5	0.42	-9999.9	3	88	-9999.9	58	-9999.9	3	17.2	30.4	59	3	1019.3	-9999.9	1.9	37
2025 05 21 10	0.37	0.36	4.3	4.4	4.8	0.68	-9999.9	3	79	-9999.9	49	-9999.9	3	17.5	15.7	64	3	1019.3	-9999.9	2.1	21
2025 05 21 11	0.26	0.24	3.6	3.7	6.6	0.36	-9999.9	3	113	-9999.9	56	-9999.9	3	17.9	10.1	94	3	1019.4	-9999.9	3.2	74
2025 05 21 12	0.3	0.28	3.6	3.7	6.0	0.45	-9999.9	3	103	-9999.9	65	-9999.9	3	17.3	2.3	110	3	1019.1	-9999.9	3.4	42
2025 05 21 13	0.28	0.26	3.8	3.8	7.6	0.43	-9999.9	3	158	-9999.9	57	-9999.9	3	17.6	5.5	209	3	1018.6	-9999.9	1.8	46
2025 05 21 14	0.29	0.28	3.7	3.7	5.2	0.44	-9999.9	3	167	-9999.9	60	-9999.9	3	17.4	6.7	248	3	1018.0	-9999.9	2.4	50
2025 05 21 15	0.3	0.29	3.3	3.2	4.2	0.43	-9999.9	3	109	-9999.9	63	-9999.9	3	17.3	7.4	211	3	1017.3	-9999.9	2.3	53
2025 05 21 16	0.3	0.27	4.1	4.3	8.2	0.64	-9999.9	3	116	-9999.9	41	-9999.9	3	16.6	3.8	240	3	1016.8	-9999.9	2.2	57
2025 05 21 17	0.27	0.24	3.6	3.9	6.9	0.53	-9999.9	3	98	-9999.9	47	-9999.9	3	18.6	28.5	37	3	1016.4	-9999.9	-9999.9	-9999.9
2025 05 21 18	0.34	0.33	4.4	4.4	7.1	0.61	-9999.9	3	115	-9999.9	38	-9999.9	3	18.5	36.0	51	3	1016.3	-9999.9	-9999.9	-9999.9
2025 05 21 19	0.28	0.26	3.9	4.2	7.7	0.53	-9999.9	3	60	-9999.9	52	-9999.9	3	18.1	31.3	56	3	1016.6	-9999.9	2.7	360
2025 05 21 20	0.27	0.26	4.0	4.1	7.3	0.53	-9999.9	3	115	-9999.9	50	-9999.9	3	18.1	39.3	56	3	1016.7	-9999.9	1.8	24
2025 05 21 21	0.31	0.29	3.8	4.0	7.9	0.51	-9999.9	3	110	-9999.9	51	-9999.9	3	17.9	41.3	53	3	1016.9	-9999.9	1.5	14
2025 05 21 22	0.21	0.21	3.5	3.2	2.8	0.55	-9999.9	3	146	-9999.9	59	-9999.9	3	16.7	38.5	59	3	1017.0	-9999.9	1.2	16
2025 05 21 23	0.26	0.25	3.3	3.3	3.3	0.61	-9999.9	3	86	-9999.9	60	-9999.9	3	17.0	39.1	72	3	1016.7	-9999.9	0.5	346
2025 05 22 00	0.19	0.19	3.7	3.7	5.4	0.35	-9999.9	3	129	-9999.9	53	-9999.9	3	16.2	12.6	169	3	1015.9	-9999.9	4.5	345
2025 05 22 01	0.16	0.16	3.3	3.3	5.3	0.3	-9999.9	3	135	-9999.9	58	-9999.9	3	16.6	52.2	159	3	1015.5	-9999.9	4.1	42
2025 05 22 02	0.17	0.16	3.9	3.8	6.0	0.25	-9999.9	3	80	-9999.9	60	-9999.9	3	17.2	59.3	27	3	1015.2	-9999.9	2.8	21
2025 05 22 03	0.19	0.18	3.9	4.0	5.4	0.43	-9999.9	3	90	-9999.9	58	-9999.9	3	16.9	58.5	30	3	1014.6	-9999.9	3.2	5
2025 05 22 04	0.18	0.17	3.8	3.8	6.8	0.28	-9999.9	3	125	-9999.9	56	-9999.9	3	16.8	30.6	68	3	1014.4	-9999.9	3.3	9
2025 05 22 05	0.21	0.2	3.6	3.8	5.9	0.29	-9999.9	3	114	-9999.9	55	-9999.9	3	17.3	19.1	75	3	1014.6	-9999.9	3.5	5
2025 05 22 06	0.2	0.18	3.4	3.5	6.8	0.3	-9999.9	3	105	-9999.9	52	-9999.9	3	17.2	9.1	75	3	1015.1	-9999.9	3.7	7
2025 05 22 07	0.27	0.24	4.1	4.5	9.6	0.5	-9999.9	3	96	-9999.9	39	-9999.9	3	17.1	23.3	52	3	1015.1	-9999.9	2.5	12
2025 05 22 08	0.23	0.21	4.2	4.3	6.9	0.36	-9999.9	3	64	-9999.9	54	-9999.9	3	17.2	28.3	52	3	1015.4	-9999.9	1.3	45
2025 05 22 09	0.3	0.29	4.0	4.0	7.0	0.58	-9999.9	3	70	-9999.9	54	-9999.9	3	17.7	40.9	59	3	1015.3	-9999.9	1.6	208
2025 05 22 10	0.37	0.35	4.1	4.1	6.8	0.62	-9999.9	3	74	-9999.9	49	-9999.9	3	17.5	33.5	75	3	1015.0	-9999.9	5.7	221
2025 05 22 11	0.31	0.28	3.0	3.1	6.4	0.55	-9999.9	3	151	-9999.9	56	-9999.9	3	17.4	33.0	65	3	1014.3	-9999.9	8.4	229
2025 05 22 12	0.41	0.38	2.8	2.8	3.5	0.61	-9999.9	3	172	-9999.9	55	-9999.9	3	17.4	23.9	69	3	1013.6	-9999.9	9.5	231
2025 05 22 13	0.44	0.41	2.8	2.9	2.7	0.72	-9999.9	3	193	-9999.9	43	-9999.9	3	16.6	12.5	184	3	1012.9	-9999.9	10.1	236
2025 05 22 14	0.52	0.49	2.9	2.9	2.8	0.91	-9999.9	3	206	-9999.9	42	-9999.9	3	16.7	23.1	208	3	1012.5	-9999.9	10.4	224
2025 05 22 15	0.63	0.59	3.0	3.0	3.0	1.08	-9999.9	3	204	-9999.9	43	-9999.9	3	16.8	31.2	182	3	1012.2	-9999.9	10.4	230
2025 05 22 16	0.44	0.4	2.8	2.8	2.9	0.68	-9999.9	3	191	-9999.9	52	-9999.9	3	16.6	15.2	149	3	1012.0	-9999.9	10.4	251
2025 05 22 17	0.35	0.32	2.8	2.8	2.9	0.55	-9999.9	3	158	-9999.9	63	-9999.9	3	17.4	59.9	49	3	1012.2	-9999.9	10.5	232
2025 05 22 18	0.51	0.47	2.6	2.7	2.8	0.75	-9999.9	3	200	-9999.9	53	-9999.9	3	17.0	41.3	48	3	1012.2	-9999.9	10.9	238
2025 05 22 19	0.54	0.5	2.9	2.9	2.7	0.87	-9999.9	3	208	-9999.9	54	-9999.9	3	17.0	35.7	66	3	1012.4	-9999.9	10.5	238
2025 05 22 20	0.52	0.49	2.9	2.9	2.7	0.87	-9999.9	3	204	-9999.9	52	-9999.9	3	17.0	44.8	63	3	1012.8	-9999.9	10.9	248
2025 05 22 21	0.51	0.48	2.8	2.8	3.8	0.77	-9999.9	3	210	-9999.9	56	-9999.9	3	16.4	50.8	44	3	1013.5	-9999.9	10.3	241
2025 05 22 22	0.42	0.4	2.4	2.5	2.3	0.66	-9999.9	3	204	-9999.9	66	-9999.9	3	16.2	44.3	62	3	1013.3	-9999.9	10.4	233
2025 05 22 23	0.29	0.27	2.6	2.6	2.5	0.48	-9999.9	3	178	-9999.9	62	-9999.9	3	15.9	49.9	74	3	1012.9	-9999.9	9.1	240
2025 05 23 00	0.33	0.32	2.5	2.5	2.3	0.54	-9999.9	3	204	-9999.9	54	-9999.9	3	15.8	45.8	70	3	1012.3	-9999.9	10.4	229
2025 05 23 01	0.33	0.31	3.3	3.3	3.4	0.44	-9999.9	3	191	-9999.9	51	-9999.9	3	16.9	55.8	189	3	1013.5	-9999.9	4.3	0
2025 05 23 02	0.33	0.31	2.7	2.7	2.3	0.5	-9999.9	3	180	-9999.9	63	-9999.9	3	16.7	53.9	187	3	1013.8	-9999.9	3.3	336
2025 05 23 03	0.38	0.36	2.8	2.8	2.8	0.55	-9999.9	3	120	-9999.9	63	-9999.9	3	17.1	24.7	147	3	1013.7	-9999.9	2.4	321
2025 05 23 04	0.35	0.33	3.5	3.5	4.3	0.7	-9999.9	3	60	-9999.9	50	-9999.9	3	16.4	45.2	24	3	1013.9	-9999.9	2.4	15
2025 05 23 05	0.46	0.43	3.8	3.7	4.3	0.76	-9999.9	3	54	-9999.9	56	-9999.9	3	16.6	15.2	52	3	1014.1	-9999.9	3.8	35
2025 05 23 06	0.48	0.46	3.4	3.4	4.0	0.79	-9999.9	3	54	-9999.9	46	-9999.9	3	17.1	11.4	81	3	1014.1	-9999.9	4.2	62
2025 05 23 07	0.57	0.53	3.6	3.7	6.0	0.98	-9999.9	3	80	-9999.9	41	-9999.9	3	16.8	2.5	5	3	1014.3	-9999.9	5.1	59
2025 05 23 08	0.49	0.45	3.8	3.8	4.9	0.69	-9999.9	3	92	-9999.9	43	-9999.9	3	16.8	8.0	84	3	1014.5	-9999.9	6.2	70
2025 05 23 09	0.43	0.41	3.9	3.9	4.6	0.72	-9999.9	3	82	-9999.9	49	-9999.9	3	17.0	21.0	74	3	1014.9	-9999.9	5.8	67
2025 05 23 10	0.53	0.5	4.2	4.3	6.8	0.86	-9999.9	3	91	-9999.9	46	-9999.9	3	17.2	26.8	62	3	1015.4	-9999.9	6.1	73
2025 05 23 11	0.59	0.56	3.9	3.9	5.3	1.06	-9999.9	3	95	-9999.9	43	-9999.9	3	17.1	30.3	77	3	1015.7	-9999.9	5.1	75
2025 05 23 12	0.5	0.48	3.9	4.0	5.5	0.79	-9999.9	3	90	-9999.9	50	-9999.9	3	17.2	7.7	94	3	1015.8	-9999.9	5.4	28
2025 05 23 13	0.55	0.52	4.2	4.2	5.6	0.91	-9999.9	3	101	-9999.9	46	-9999.9	3	17.0	7.6	207	3	1016.0	-9999.9	5.7	67
2025 05 23 14	0.64	0.61	4.0	4.0	5.5	1.03	-9999.9	3	104	-9999.9	51	-9999.9	3	17.2	15.5	262	3	1016.4	-9999.9	6.5	73
2025 05 23 15	0.6	0.57	3.9	3.8	5.4	1.05	-9999.9	3	123	-9999.9	51	-9999.9	3	16.6	16.8	228	3	1016.3	-9999.9	4.5	50
2025 05 23 16	0.67	0.63	3.9	4.1	5.5	1.22	-9999.9	3	107	-9999.9	42	-9999.9	3	16.8	13.8	182	3	1015.9	-9999.9	3.5	42
2025 05 23 17	0.92	0.88	5.0	5.0	5.7	1.66	-9999.9	3	85	-9999.9	42	-9999.9	3	18.4	22.4	35	3	1016.3	-9999.9	4.3	68
2025 05 23 18	0.93	0.88	4.7	4.7	6.0	1.8	-9999.9	3	98	-9999.9	39	-9999.9	3	18.0	10.7	30	3	1016.7	-9999.9	3.6	67
2025 05 23 19	0.87	0.84	4.8	4.5	6.0	1.22	-9999.9	3	99	-9999.9	38	-9999.9	3	17.7	14.5	76	3	1017.6	-9999.9	5.1	65
2025 05 23 20	0.81	0.77	4.6	4.5	6.5	1.29	-9999.9	3	97	-9999.9	36	-9999.9	3	17.5	6.2	58	3	1018.3	-9999.9	5.4	58
2025 05 23 21	0.86	0.84	5.0	4.8	7.1	1.29	-9999.9	3	94	-9999.9	34	-9999.9	3	17.4	14.0	49	3	1019.1	-9999.9	5.5	44
2025 05 23 22	0.92	0.88	4.8	5.0	7.1	1.64	-9999.9	3	94	-9999.9	37	-9999.9	3	18.3	44.6	35	3	1019.6	-9999.9	5.2	51
2025 05 23 23	0.95	0.91	5.2	5.0	6.6	1.42	-9999.9	3	97	-9999.9	37	-9999.9	3	18.2	30.6	63	3	1019.9	-9999.9	6.6	58
2025 05 24 00	1.02	0.98	4.9	5.0	6.8	1.6	-9999.9	3	93	-9999.9	41	-9999.9	3	17.6	36.5	68	3	1019.6	-9999.9	4.8	52
2025 05 24 01	1.06	1.03	5.2	5.2	6.8	1.81	-9999.9	3	89	-9999.9	35	-9999.9	3	17.4	15.1	67	3	1019.5	-9999.9	5.9	51
2025 05 24 02	0.98	0.95	5.0	4.9	6.7	1.49	-9999.9	3	101	-9999.9	37	-9999.9	3	17.0	14.0	200	3	1018.9	-9999.9	6.2	54
2025 05 24 03	1.0	0.94	4.8	4.7	6.5	1.38	-9999.9	3	99	-9999.9	37	-9999.9	3	17.0	36.8	185	3	1018.9	-9999.9	5.9	43
2025 05 24 04	0.75	0.72	4.5	4.5	6.8	1.08	-9999.9	3	90	-9999.9	40	-9999.9	3	16.9	5.0	267	3	1018.9	-9999.9	5.4	61
2025 05 24 05	0.98	0.95	5.5	5.3	6.7	1.37	-9999.9	3	84	-9999.9	35	-9999.9	3	16.7	17.8	24	3	1019.3	-9999.9	6.0	72
2025 05 24 06	0.9	0.87	5.3	5.2	6.7	1.36	-9999.9	3	89	-9999.9	37	-9999.9	3	16.6	19.8	74	3	1019.8	-9999.9	5.5	48
2025 05 24 07	1.03	1.0	5.1	5.0	6.5	1.62	-9999.9	3	96	-9999.9	35	-9999.9	3	17.0	19.1	80	3	1020.2	-9999.9	5.4	45
2025 05 24 08	0.86	0.81	4.3	4.3	6.1	1.56	-9999.9	3	97	-9999.9	36	-9999.9	3	17.0	6.0	75	3	1020.7	-9999.9	6.3	47
2025 05 24 09	0.82	0.78	4.8	4.7	6.3	1.37	-9999.9	3	98	-9999.9	36	-9999.9	3	17.1	16.9	60	3	1021.1	-9999.9	6.1	57
2025 05 24 10	0.85	0.82	5.0	5.0	6.3	1.35	-9999.9	3	103	-9999.9	38	-9999.9	3	17.2	41.9	56	3	1021.4	-9999.9	5.4	55
2025 05 24 11	0.84	0.8	4.7	4.5	6.2	1.31	-9999.9	3	103	-9999.9	38	-9999.9	3	17.4	33.2	81	3	1021.4	-9999.9	6.4	51
2025 05 24 12	0.93	0.89	4.6	4.5	6.0	1.88	-9999.9	3	98	-9999.9	36	-9999.9	3	17.5	23.0	57	3	1021.4	-9999.9	4.9	48
2025 05 24 13	0.74	0.71	4.3	4.2	6.3	1.19	-9999.9	3	92	-9999.9	39	-9999.9	3	17.4	13.4	183	3	1021.2	-9999.9	4.2	28
2025 05 24 14	0.8	0.75	4.5	4.5	6.2	1.28	-9999.9	3	103	-9999.9	35	-9999.9	3	17.6	9.1	307	3	1020.9	-9999.9	4.1	28
2025 05 24 15	0.86	0.79	4.5	4.5	6.9	1.41	-9999.9	3	101	-9999.9	42	-9999.9	3	17.6	18.5	234	3	1020.8	-9999.9	4.1	47
2025 05 24 16	1.02	0.98	5.0	4.9	8.3	1.53	-9999.9	3	98	-9999.9	38	-9999.9	3	17.5	27.9	193	3	1020.5	-9999.9	5.1	75
2025 05 24 17	0.82	0.8	5.0	4.8	8.4	1.26	-9999.9	3	109	-9999.9	39	-9999.9	3	17.2	9.6	227	3	1020.4	-9999.9	2.8	69
2025 05 24 18	1.12	1.08	5.7	5.7	8.1	2.29	-9999.9	3	91	-9999.9	35	-9999.9	3	17.1	20.1	355	3	1020.5	-9999.9	3.4	63
2025 05 24 19	0.97	0.93	5.4	5.3	8.0	1.37	-9999.9	3	94	-9999.9	35	-9999.9	3	17.5	17.0	60	3	1020.8	-9999.9	4.0	59
2025 05 24 20	0.88	0.84	5.0	5.0	7.8	1.42	-9999.9	3	93	-9999.9	37	-9999.9	3	17.4	13.7	133	3	1020.8	-9999.9	4.6	64
2025 05 24 21	0.8	0.75	4.8	4.8	7.6	1.33	-9999.9	3	92	-9999.9	37	-9999.9	3	17.3	8.9	133	3	1021.1	-9999.9	4.7	57
2025 05 24 22	0.67	0.63	5.1	4.8	7.8	1.05	-9999.9	3	99	-9999.9	40	-9999.9	3	17.3	6.8	78	3	1021.2	-9999.9	4.2	40
2025 05 24 23	0.65	0.62	5.2	5.1	7.7	1.02	-9999.9	3	95	-9999.9	35	-9999.9	3	17.3	33.9	44	3	1021.2	-9999.9	4.1	35
2025 05 25 00	0.67	0.64	5.2	5.0	7.4	1.06	-9999.9	3	95	-9999.9	37	-9999.9	3	17.7	36.0	75	3	1020.8	-9999.9	4.3	54
2025 05 25 01	0.63	0.62	5.0	4.9	7.7	1.0	-9999.9	3	97	-9999.9	37	-9999.9	3	17.3	19.4	54	3	1020.5	-9999.9	3.9	38
2025 05 25 02	0.57	0.55	5.1	4.8	7.0	0.81	-9999.9	3	92	-9999.9	38	-9999.9	3	17.3	7.7	179	3	1020.3	-9999.9	4.5	351
2025 05 25 03	0.53	0.51	4.9	4.7	7.2	0.79	-9999.9	3	103	-9999.9	38	-9999.9	3	17.1	8.3	236	3	1019.9	-9999.9	5.0	1
2025 05 25 04	0.51	0.5	4.9	4.7	7.1	0.86	-9999.9	3	98	-9999.9	37	-9999.9	3	17.1	9.3	224	3	1019.6	-9999.9	5.7	346
2025 05 25 05	0.47	0.45	4.5	4.4	6.6	0.74	-9999.9	3	104	-9999.9	42	-9999.9	3	17.3	7.9	201	3	1020.1	-9999.9	5.8	357
2025 05 25 06	0.4	0.37	4.3	4.2	6.5	0.6	-9999.9	3	98	-9999.9	47	-9999.9	3	16.9	10.4	20	3	1020.4	-9999.9	4.3	353
2025 05 25 07	0.47	0.44	4.5	4.5	6.3	0.88	-9999.9	3	88	-9999.9	38	-9999.9	3	16.8	5.9	13	3	1020.7	-9999.9	3.7	309
2025 05 25 08	0.45	0.42	4.3	4.3	6.7	0.7	-9999.9	3	97	-9999.9	41	-9999.9	3	16.9	7.1	183	3	1020.9	-9999.9	3.9	14
2025 05 25 09	0.44	0.42	4.2	4.1	6.5	0.68	-9999.9	3	98	-9999.9	44	-9999.9	3	17.2	8.2	203	3	1020.8	-9999.9	3.0	45
2025 05 25 10	0.41	0.38	4.4	4.4	6.3	0.6	-9999.9	3	101	-9999.9	44	-9999.9	3	17.5	5.9	321	3	1020.8	-9999.9	3.5	54
2025 05 25 11	0.41	0.39	4.3	4.1	6.4	0.64	-9999.9	3	96	-9999.9	47	-9999.9	3	17.9	27.4	59	3	1020.8	-9999.9	2.6	50
2025 05 25 12	0.45	0.42	4.0	4.2	6.4	0.7	-9999.9	3	85	-9999.9	47	-9999.9	3	18.1	16.8	89	3	1020.5	-9999.9	2.4	50
2025 05 25 13	0.45	0.43	4.3	4.3	6.2	0.76	-9999.9	3	101	-9999.9	40	-9999.9	3	18.1	2.0	18	3	1020.1	-9999.9	2.6	42
2025 05 25 14	0.32	0.31	4.1	3.9	5.8	0.66	-9999.9	3	104	-9999.9	48	-9999.9	3	18.4	1.6	235	3	1019.7	-9999.9	3.1	45
2025 05 25 15	0.4	0.37	4.2	4.2	6.1	0.62	-9999.9	3	105	-9999.9	45	-9999.9	3	18.4	3.7	270	3	1019.3	-9999.9	2.3	53
2025 05 25 16	0.35	0.33	4.1	4.0	5.9	0.53	-9999.9	3	106	-9999.9	46	-9999.9	3	18.2	14.1	211	3	1019.0	-9999.9	2.0	21
2025 05 25 17	0.36	0.34	3.8	3.8	5.7	0.55	-9999.9	3	115	-9999.9	52	-9999.9	3	18.1	26.6	189	3	1018.6	-9999.9	1.8	351
2025 05 25 18	0.31	0.28	3.7	3.7	7.3	0.46	-9999.9	3	112	-9999.9	48	-9999.9	3	18.3	8.2	206	3	1018.7	-9999.9	-9999.9	-9999.9
2025 05 25 19	0.32	0.31	4.1	4.2	6.0	0.64	-9999.9	3	82	-9999.9	45	-9999.9	3	17.8	5.2	272	3	1018.9	-9999.9	-9999.9	-9999.9
2025 05 25 20	0.35	0.34	3.8	3.7	4.1	0.61	-9999.9	3	105	-9999.9	49	-9999.9	3	17.2	9.1	229	3	1019.2	-9999.9	2.3	8
2025 05 25 21	0.32	0.3	3.9	3.9	5.4	0.52	-9999.9	3	131	-9999.9	46	-9999.9	3	17.1	24.7	225	3	1019.7	-9999.9	2.8	359
2025 05 25 22	0.27	0.26	3.9	3.7	5.2	0.41	-9999.9	3	126	-9999.9	56	-9999.9	3	16.9	14.7	269	3	1019.7	-9999.9	3.5	360
2025 05 25 23	0.26	0.25	4.1	4.0	7.7	0.41	-9999.9	3	103	-9999.9	45	-9999.9	3	17.0	7.7	332	3	1019.7	-9999.9	3.1	23
2025 05 26 00	0.25	0.24	3.6	3.5	4.4	0.48	-9999.9	3	107	-9999.9	53	-9999.9	3	16.8	12.2	71	3	1019.4	-9999.9	4.5	356
2025 05 26 01	0.24	0.22	4.0	3.9	5.9	0.35	-9999.9	3	88	-9999.9	48	-9999.9	3	17.3	28.6	69	3	1019.3	-9999.9	4.7	348
2025 05 26 02	0.2	0.19	4.0	3.9	5.4	0.29	-9999.9	3	107	-9999.9	52	-9999.9	3	17.3	22.4	74	3	1018.9	-9999.9	4.1	14
2025 05 26 03	0.27	0.25	3.6	3.4	4.4	0.46	-9999.9	3	123	-9999.9	55	-9999.9	3	17.2	7.6	80	3	1018.4	-9999.9	4.2	12
2025 05 26 04	0.2	0.19	3.7	3.7	6.6	0.31	-9999.9	3	129	-9999.9	58	-9999.9	3	17.2	2.2	0	3	1018.4	-9999.9	4.7	350
2025 05 26 05	0.21	0.2	3.8	3.9	5.3	0.33	-9999.9	3	131	-9999.9	58	-9999.9	3	17.0	8.7	237	3	1018.7	-9999.9	3.4	28
2025 05 26 06	0.21	0.2	3.4	3.4	3.9	0.34	-9999.9	3	112	-9999.9	58	-9999.9	3	17.0	8.0	220	3	1019.2	-9999.9	2.6	11
2025 05 26 07	0.27	0.24	4.0	4.4	10.0	0.7	-9999.9	3	97	-9999.9	38	-9999.9	3	17.2	4.2	156	3	1019.3	-9999.9	3.0	29
2025 05 26 08	0.26	0.24	4.3	4.4	9.3	0.46	-9999.9	3	113	-9999.9	42	-9999.9	3	17.1	7.0	296	3	1019.4	-9999.9	3.2	48
2025 05 26 09	0.25	0.23	3.3	3.5	5.4	0.44	-9999.9	3	79	-9999.9	53	-9999.9	3	17.2	8.8	236	3	1019.5	-9999.9	1.8	58
2025 05 26 10	0.34	0.32	4.2	4.3	8.6	0.56	-9999.9	3	86	-9999.9	46	-9999.9	3	17.4	9.8	219	3	1019.7	-9999.9	2.6	113
2025 05 26 11	0.29	0.28	3.4	3.3	4.4	0.49	-9999.9	3	124	-9999.9	53	-9999.9	3	17.7	3.8	256	3	1019.8	-9999.9	2.3	115
2025 05 26 12	0.22	0.21	3.8	3.8	5.7	0.39	-9999.9	3	75	-9999.9	53	-9999.9	3	17.8	12.3	50	3	1019.7	-9999.9	1.6	78
2025 05 26 13	0.32	0.3	3.8	4.1	9.4	0.74	-9999.9	3	90	-9999.9	43	-9999.9	3	17.9	10.5	59	3	1019.5	-9999.9	1.4	66
2025 05 26 14	0.26	0.23	3.2	3.2	4.6	0.49	-9999.9	3	81	-9999.9	60	-9999.9	3	17.5	13.7	90	3	1019.3	-9999.9	1.3	62
2025 05 26 15	-9999.9	-9999.9	-9999.9	-9999.9	-9999.9	-9999.9	-9999.9	3	-9999.9	-9999.9	-9999.9	-9999.9	3	18.0	6.6	121	3	1018.7	-9999.9	1.3	353
2025 05 26 16	0.29	0.27	3.9	4.0	9.3	0.54	-9999.9	3	133	-9999.9	50	-9999.9	3	17.8	13.7	247	3	1018.6	-9999.9	1.8	32
2025 05 26 17	0.23	0.22	3.6	3.4	5.1	0.41	-9999.9	3	135	-9999.9	65	-9999.9	3	17.5	19.2	224	3	1018.4	-9999.9	1.8	21
2025 05 26 18	0.29	0.26	3.6	3.9	9.7	0.58	-9999.9	3	147	-9999.9	47	-9999.9	3	17.8	9.7	207	3	1018.4	-9999.9	1.8	17
2025 05 26 19	0.26	0.25	3.3	3.3	3.9	0.45	-9999.9	3	113	-9999.9	61	-9999.9	3	18.1	8.4	205	3	1018.7	-9999.9	2.2	40
2025 05 26 20	0.27	0.25	3.8	3.9	7.8	0.42	-9999.9	3	109	-9999.9	49	-9999.9	3	17.9	24.6	191	3	1019.3	-9999.9	1.2	14
2025 05 26 21	0.26	0.24	3.9	4.0	6.6	0.43	-9999.9	3	125	-9999.9	53	-9999.9	3	17.6	41.1	212	3	1020.0	-9999.9	3.1	28
2025 05 26 22	0.19	0.18	3.3	3.3	4.2	0.4	-9999.9	3	165	-9999.9	55	-9999.9	3	17.8	37.4	233	3	1020.1	-9999.9	3.8	357
2025 05 26 23	0.16	0.15	3.7	3.7	5.3	0.26	-9999.9	3	160	-9999.9	54	-9999.9	3	18.5	22.4	254	3	1020.0	-9999.9	3.9	8
2025 05 27 00	0.18	0.17	3.5	3.5	5.3	0.32	-9999.9	3	133	-9999.9	56	-9999.9	3	18.4	20.9	269	3	1019.5	-9999.9	4.6	352
2025 05 27 01	0.14	0.13	3.3	3.3	4.9	0.21	-9999.9	3	132	-9999.9	63	-9999.9	3	17.9	17.3	218	3	1019.3	-9999.9	4.8	351
2025 05 27 02	0.18	0.17	3.7	3.6	5.9	0.39	-9999.9	3	123	-9999.9	58	-9999.9	3	17.6	12.1	171	3	1018.6	-9999.9	5.8	346
2025 05 27 03	0.21	0.2	3.6	3.6	5.0	0.31	-9999.9	3	120	-9999.9	57	-9999.9	3	17.7	13.0	115	3	1018.6	-9999.9	3.6	17
2025 05 27 04	0.16	0.15	3.4	3.5	6.4	0.24	-9999.9	3	130	-9999.9	68	-9999.9	3	17.4	25.9	26	3	1018.4	-9999.9	4.9	9
2025 05 27 05	0.21	0.2	3.8	3.6	5.2	0.31	-9999.9	3	155	-9999.9	56	-9999.9	3	17.1	12.2	322	3	1018.6	-9999.9	4.2	357
2025 05 27 06	0.23	0.22	3.4	3.3	5.1	0.45	-9999.9	3	72	-9999.9	63	-9999.9	3	17.3	12.8	230	3	1019.2	-9999.9	3.8	30
2025 05 27 07	0.28	0.25	4.1	4.5	8.8	0.6	-9999.9	3	126	-9999.9	43	-9999.9	3	17.2	18.4	186	3	1019.7	-9999.9	3.6	2
2025 05 27 08	0.28	0.26	3.9	3.8	8.2	0.47	-9999.9	3	136	-9999.9	50	-9999.9	3	17.6	24.1	195	3	1020.2	-9999.9	3.8	1
2025 05 27 09	0.25	0.23	3.4	3.4	4.6	0.4	-9999.9	3	117	-9999.9	59	-9999.9	3	17.7	10.9	191	3	1020.6	-9999.9	3.1	10
2025 05 27 10	0.32	0.3	4.4	4.6	8.2	0.62	-9999.9	3	105	-9999.9	52	-9999.9	3	17.8	21.0	266	3	1020.9	-9999.9	3.4	52
2025 05 27 11	0.18	0.16	3.3	3.2	5.3	0.27	-9999.9	3	91	-9999.9	64	-9999.9	3	17.9	9.6	337	3	1021.1	-9999.9	4.5	62
2025 05 27 12	0.28	0.26	3.9	4.2	5.2	0.54	-9999.9	3	74	-9999.9	46	-9999.9	3	18.2	15.0	312	3	1021.2	-9999.9	4.2	57
2025 05 27 13	0.34	0.29	4.0	4.6	6.5	1.07	-9999.9	3	81	-9999.9	45	-9999.9	3	18.1	3.5	290	3	1021.1	-9999.9	4.7	77
2025 05 27 14	0.22	0.2	3.6	3.6	7.5	0.47	-9999.9	3	118	-9999.9	55	-9999.9	3	18.3	10.7	27	3	1020.7	-9999.9	4.8	61
2025 05 27 15	0.17	0.16	4.0	3.7	6.2	0.28	-9999.9	3	101	-9999.9	56	-9999.9	3	17.8	-9999.9	-9999.9	3	1020.4	-9999.9	4.3	65
2025 05 27 16	0.34	0.32	4.1	4.2	8.4	0.57	-9999.9	3	96	-9999.9	42	-9999.9	3	17.5	23.4	83	3	1020.2	-9999.9	4.0	51
2025 05 27 17	0.25	0.24	3.8	3.9	7.5	0.5	-9999.9	3	104	-9999.9	61	-9999.9	3	18.2	27.8	221	3	1020.2	-9999.9	3.6	50
2025 05 27 18	0.29	0.27	3.9	4.0	9.4	0.55	-9999.9	3	133	-9999.9	57	-9999.9	3	18.0	33.3	215	3	1020.4	-9999.9	3.2	37
2025 05 27 19	0.27	0.25	3.5	3.7	7.0	0.48	-9999.9	3	77	-9999.9	51	-9999.9	3	17.8	4.8	278	3	1020.7	-9999.9	3.4	40
2025 05 27 20	0.22	0.2	3.3	3.5	7.6	0.32	-9999.9	3	84	-9999.9	53	-9999.9	3	18.0	5.5	276	3	1021.1	-9999.9	3.6	18
2025 05 27 21	0.26	0.24	3.8	3.7	7.6	0.46	-9999.9	3	99	-9999.9	45	-9999.9	3	17.7	9.0	152	3	1022.0	-9999.9	3.9	27
2025 05 27 22	0.24	0.23	3.3	3.3	3.9	0.38	-9999.9	3	131	-9999.9	51	-9999.9	3	17.6	26.7	188	3	1022.5	-9999.9	4.5	25
2025 05 27 23	0.22	0.21	3.1	3.1	3.6	0.35	-9999.9	3	172	-9999.9	56	-9999.9	3	17.0	27.8	237	3	1022.2	-9999.9	4.3	358
2025 05 28 00	0.17	0.17	3.1	2.9	3.3	0.34	-9999.9	3	93	-9999.9	60	-9999.9	3	17.9	22.2	224	3	1021.8	-9999.9	4.5	19
2025 05 28 01	0.18	0.17	3.2	3.2	3.5	0.36	-9999.9	3	66	-9999.9	61	-9999.9	3	18.2	37.0	214	3	1021.6	-9999.9	4.9	37
2025 05 28 02	0.19	0.18	3.2	3.3	4.3	0.33	-9999.9	3	106	-9999.9	51	-9999.9	3	17.5	20.4	149	3	1021.6	-9999.9	4.1	43
2025 05 28 03	0.2	0.19	3.4	3.3	3.7	0.31	-9999.9	3	116	-9999.9	58	-9999.9	3	17.2	23.9	228	3	1021.6	-9999.9	3.4	54
2025 05 28 04	0.29	0.28	3.2	3.2	3.7	0.48	-9999.9	3	136	-9999.9	47	-9999.9	3	17.5	17.4	152	3	1021.6	-9999.9	3.6	52
2025 05 28 05	0.2	0.19	3.4	3.4	3.9	0.32	-9999.9	3	104	-9999.9	48	-9999.9	3	17.4	18.3	17	3	1021.9	-9999.9	3.8	48
2025 05 28 06	0.25	0.24	3.3	3.3	3.8	0.45	-9999.9	3	108	-9999.9	52	-9999.9	3	17.0	3.2	26	3	1022.4	-9999.9	3.4	56
2025 05 28 07	0.3	0.28	3.3	3.4	4.1	0.51	-9999.9	3	103	-9999.9	48	-9999.9	3	17.4	9.1	281	3	1022.9	-9999.9	4.6	28
2025 05 28 08	0.28	0.27	3.0	3.0	3.5	0.43	-9999.9	3	98	-9999.9	54	-9999.9	3	17.5	19.1	213	3	1023.4	-9999.9	4.9	45
2025 05 28 09	0.33	0.31	3.1	3.2	3.4	0.52	-9999.9	3	105	-9999.9	54	-9999.9	3	17.6	30.8	197	3	1023.7	-9999.9	5.0	52
2025 05 28 10	0.45	0.42	3.5	3.5	5.5	0.77	-9999.9	3	100	-9999.9	46	-9999.9	3	17.8	24.8	176	3	1023.9	-9999.9	4.2	36
2025 05 28 11	0.3	0.29	3.5	3.5	4.6	0.46	-9999.9	3	103	-9999.9	50	-9999.9	3	17.9	21.9	298	3	1023.7	-9999.9	4.5	65
2025 05 28 12	0.36	0.35	3.9	3.8	4.8	0.57	-9999.9	3	111	-9999.9	44	-9999.9	3	18.2	12.5	308	3	1023.6	-9999.9	3.4	54
2025 05 28 13	0.44	0.41	4.1	4.2	5.6	0.65	-9999.9	3	105	-9999.9	36	-9999.9	3	18.5	12.1	33	3	1023.4	-9999.9	3.4	26
2025 05 28 14	0.47	0.45	4.1	4.0	5.4	0.66	-9999.9	3	98	-9999.9	39	-9999.9	3	18.2	18.0	47	3	1023.1	-9999.9	3.4	37
2025 05 28 15	0.41	0.4	4.0	4.0	5.4	0.68	-9999.9	3	92	-9999.9	40	-9999.9	3	18.0	23.4	43	3	1022.7	-9999.9	3.3	61
2025 05 28 16	0.41	0.38	4.1	4.2	6.4	0.82	-9999.9	3	93	-9999.9	41	-9999.9	3	17.9	22.7	91	3	1022.5	-9999.9	2.7	39
2025 05 28 17	0.42	0.4	3.8	3.8	5.6	0.62	-9999.9	3	95	-9999.9	46	-9999.9	3	18.0	17.9	168	3	1022.2	-9999.9	-9999.9	-9999.9
2025 05 28 18	0.32	0.3	4.6	4.5	6.4	0.53	-9999.9	3	122	-9999.9	45	-9999.9	3	19.1	38.4	211	3	1022.0	-9999.9	-9999.9	-9999.9
2025 05 28 19	0.39	0.36	3.9	3.9	4.7	0.54	-9999.9	3	111	-9999.9	49	-9999.9	3	19.0	42.1	203	3	1021.9	-9999.9	-9999.9	-9999.9
2025 05 28 20	0.34	0.32	3.7	3.6	4.8	0.53	-9999.9	3	108	-9999.9	46	-9999.9	3	18.1	19.6	185	3	1022.3	-9999.9	5.0	8
2025 05 28 21	0.34	0.32	3.9	3.9	5.0	0.56	-9999.9	3	112	-9999.9	53	-9999.9	3	18.0	9.3	327	3	1022.6	-9999.9	5.4	4
2025 05 28 22	0.3	0.29	3.7	3.6	4.8	0.41	-9999.9	3	105	-9999.9	50	-9999.9	3	18.0	4.6	151	3	1022.8	-9999.9	4.8	13
2025 05 28 23	0.37	0.36	3.6	3.6	4.5	0.61	-9999.9	3	114	-9999.9	48	-9999.9	3	18.0	12.0	182	3	1022.7	-9999.9	4.1	350
2025 05 29 00	0.25	0.24	3.7	3.5	4.9	0.44	-9999.9	3	113	-9999.9	53	-9999.9	3	18.0	28.4	218	3	1022.3	-9999.9	3.8	10
2025 05 29 01	0.21	0.2	3.9	3.9	5.5	0.36	-9999.9	3	105	-9999.9	55	-9999.9	3	18.6	30.5	284	3	1021.7	-9999.9	3.1	47
2025 05 29 02	0.25	0.24	3.8	3.9	5.5	0.4	-9999.9	3	133	-9999.9	54	-9999.9	3	18.4	31.9	262	3	1021.0	-9999.9	3.3	46
2025 05 29 03	0.3	0.29	3.9	3.7	5.1	0.51	-9999.9	3	122	-9999.9	47	-9999.9	3	18.0	21.3	234	3	1020.7	-9999.9	4.3	45
2025 05 29 04	0.39	0.37	3.6	3.6	5.0	0.76	-9999.9	3	125	-9999.9	47	-9999.9	3	17.8	3.8	180	3	1020.8	-9999.9	1.9	53
2025 05 29 05	0.38	0.36	3.5	3.5	5.0	0.67	-9999.9	3	124	-9999.9	42	-9999.9	3	17.8	11.7	86	3	1021.2	-9999.9	2.7	14
2025 05 29 06	0.35	0.33	3.9	3.8	5.0	0.53	-9999.9	3	95	-9999.9	49	-9999.9	3	17.8	31.1	29	3	1021.3	-9999.9	2.9	32
2025 05 29 07	0.37	0.34	4.1	4.1	5.6	0.65	-9999.9	3	100	-9999.9	43	-9999.9	3	17.3	13.8	2	3	1021.6	-9999.9	3.2	44
2025 05 29 08	0.42	0.39	3.8	3.8	5.3	0.69	-9999.9	3	106	-9999.9	43	-9999.9	3	17.5	10.5	162	3	1021.8	-9999.9	3.2	44
2025 05 29 09	0.38	0.36	3.8	3.8	5.2	0.61	-9999.9	3	102	-9999.9	49	-9999.9	3	17.9	29.1	193	3	1022.0	-9999.9	3.8	40
2025 05 29 10	0.45	0.42	3.7	3.9	5.7	0.77	-9999.9	3	120	-9999.9	47	-9999.9	3	18.2	31.9	211	3	1022.2	-9999.9	3.6	68
2025 05 29 11	0.4	0.38	3.4	3.3	5.0	0.63	-9999.9	3	114	-9999.9	47	-9999.9	3	18.1	24.1	171	3	1022.5	-9999.9	3.0	59
2025 05 29 12	0.36	0.34	3.9	3.9	5.4	0.55	-9999.9	3	97	-9999.9	49	-9999.9	3	18.4	10.0	170	3	1022.3	-9999.9	1.8	35
2025 05 29 13	0.4	0.38	4.2	4.3	6.0	0.68	-9999.9	3	109	-9999.9	40	-9999.9	3	18.3	22.8	25	3	1021.6	-9999.9	1.7	27
2025 05 29 14	0.34	0.33	4.2	4.1	5.8	0.65	-9999.9	3	96	-9999.9	42	-9999.9	3	18.6	23.3	50	3	1021.1	-9999.9	2.0	13
2025 05 29 15	0.34	0.33	4.2	4.1	5.7	0.51	-9999.9	3	102	-9999.9	40	-9999.9	3	18.0	30.6	66	3	1020.7	-9999.9	1.7	13
2025 05 29 16	0.42	0.39	4.5	4.6	6.1	0.94	-9999.9	3	92	-9999.9	40	-9999.9	3	17.4	63.5	49	3	1020.2	-9999.9	2.3	40
2025 05 29 17	0.36	0.35	4.0	3.9	5.6	0.58	-9999.9	3	104	-9999.9	51	-9999.9	3	17.9	22.9	124	3	1019.9	-9999.9	3.1	38
2025 05 29 18	0.34	0.32	4.4	4.6	8.1	0.75	-9999.9	3	114	-9999.9	40	-9999.9	3	18.2	46.1	183	3	1019.1	-9999.9	4.4	34
2025 05 29 19	0.35	0.33	4.1	4.0	4.8	0.56	-9999.9	3	131	-9999.9	50	-9999.9	3	18.4	81.5	177	3	1020.3	-9999.9	3.4	75
2025 05 29 20	0.34	0.32	3.5	3.7	5.7	0.6	-9999.9	3	120	-9999.9	46	-9999.9	3	18.0	33.8	164	3	1020.5	-9999.9	3.1	99
2025 05 29 21	0.29	0.27	4.0	4.2	8.1	0.51	-9999.9	3	92	-9999.9	49	-9999.9	3	17.3	40.4	348	3	1020.5	-9999.9	3.3	33
2025 05 29 22	0.26	0.25	3.8	3.9	5.0	0.41	-9999.9	3	113	-9999.9	49	-9999.9	3	16.9	23.6	43	3	1020.4	-9999.9	2.6	28
2025 05 29 23	0.3	0.29	4.2	4.1	5.3	0.46	-9999.9	3	125	-9999.9	41	-9999.9	3	17.0	24.5	103	3	1020.4	-9999.9	3.6	122
2025 05 30 00	0.3	0.29	3.7	3.6	4.6	0.52	-9999.9	3	132	-9999.9	47	-9999.9	3	17.3	17.7	55	3	1020.7	-9999.9	2.3	134
2025 05 30 01	0.22	0.21	3.1	3.0	5.4	0.41	-9999.9	3	127	-9999.9	56	-9999.9	3	17.6	7.3	291	3	1020.1	-9999.9	3.0	19
2025 05 30 02	0.22	0.21	3.9	3.9	5.3	0.35	-9999.9	3	106	-9999.9	45	-9999.9	3	17.6	14.5	6	3	1019.7	-9999.9	3.4	27
2025 05 30 03	0.26	0.26	4.0	3.9	5.3	0.49	-9999.9	3	109	-9999.9	40	-9999.9	3	17.2	19.6	66	3	1019.5	-9999.9	3.8	1
2025 05 30 04	0.31	0.3	3.8	3.7	4.9	0.57	-9999.9	3	104	-9999.9	44	-9999.9	3	17.3	16.2	84	3	1019.4	-9999.9	2.6	46
2025 05 30 05	0.27	0.26	3.8	3.8	5.2	0.48	-9999.9	3	98	-9999.9	44	-9999.9	3	17.3	6.5	117	3	1019.5	-9999.9	3.7	6
2025 05 30 06	0.28	0.27	3.4	3.3	4.9	0.53	-9999.9	3	87	-9999.9	50	-9999.9	3	17.3	2.6	152	3	1019.6	-9999.9	2.8	47
2025 05 30 07	0.32	0.3	3.6	3.7	4.8	0.61	-9999.9	3	125	-9999.9	43	-9999.9	3	17.4	2.2	249	3	1020.0	-9999.9	2.6	23
2025 05 30 08	0.28	0.26	3.9	4.0	8.9	0.5	-9999.9	3	115	-9999.9	43	-9999.9	3	17.4	16.8	203	3	1020.3	-9999.9	2.3	31
2025 05 30 09	0.33	0.31	3.7	3.8	4.3	0.58	-9999.9	3	109	-9999.9	50	-9999.9	3	18.6	31.8	199	3	1020.2	-9999.9	1.7	46
2025 05 30 10	0.41	0.39	3.9	4.0	5.5	0.58	-9999.9	3	115	-9999.9	46	-9999.9	3	18.7	43.5	199	3	1020.4	-9999.9	3.5	39
2025 05 30 11	0.39	0.36	3.5	3.4	3.8	0.63	-9999.9	3	120	-9999.9	50	-9999.9	3	18.4	54.6	193	3	1020.4	-9999.9	2.9	357
2025 05 30 12	0.34	0.33	3.6	3.5	4.6	0.73	-9999.9	3	96	-9999.9	53	-9999.9	3	19.4	27.9	187	3	1020.2	-9999.9	3.6	25
2025 05 30 13	0.29	0.28	3.7	3.7	4.7	0.47	-9999.9	3	75	-9999.9	51	-9999.9	3	19.1	23.4	289	3	1019.9	-9999.9	3.3	48
2025 05 30 14	0.41	0.4	4.0	4.1	4.8	0.76	-9999.9	3	102	-9999.9	39	-9999.9	3	18.1	7.4	24	3	1019.6	-9999.9	3.1	30
2025 05 30 15	0.42	0.4	4.3	4.4	5.1	0.88	-9999.9	3	97	-9999.9	36	-9999.9	3	18.8	14.8	68	3	1019.2	-9999.9	2.7	50
2025 05 30 16	0.4	0.38	4.2	4.3	5.0	0.8	-9999.9	3	98	-9999.9	40	-9999.9	3	18.1	31.4	65	3	1019.0	-9999.9	2.5	43
2025 05 30 17	0.36	0.34	4.2	4.3	5.3	0.79	-9999.9	3	88	-9999.9	41	-9999.9	3	17.9	52.9	76	3	1018.6	-9999.9	2.9	67
2025 05 30 18	0.35	0.33	4.4	4.6	5.3	0.76	-9999.9	3	106	-9999.9	37	-9999.9	3	18.9	29.6	172	3	1018.8	-9999.9	2.6	349
2025 05 30 19	0.31	0.29	3.9	3.9	5.1	0.48	-9999.9	3	115	-9999.9	51	-9999.9	3	19.2	59.0	191	3	1018.7	-9999.9	4.0	43
2025 05 30 20	0.32	0.31	3.8	3.8	4.9	0.5	-9999.9	3	124	-9999.9	46	-9999.9	3	18.4	70.6	180	3	1019.3	-9999.9	3.2	33
2025 05 30 21	0.35	0.33	4.2	4.2	9.1	0.54	-9999.9	3	89	-9999.9	38	-9999.9	3	18.2	-9999.9	-9999.9	3	1019.7	-9999.9	3.8	358
2025 05 30 22	0.2	0.19	3.5	3.4	5.1	0.31	-9999.9	3	91	-9999.9	55	-9999.9	3	18.2	-9999.9	-9999.9	3	1019.6	-9999.9	5.6	4
2025 05 30 23	0.28	0.27	3.7	3.7	4.7	0.44	-9999.9	3	118	-9999.9	45	-9999.9	3	17.3	20.7	72	3	1019.7	-9999.9	4.9	351
2025 05 31 00	0.27	0.26	3.9	3.9	4.4	0.45	-9999.9	3	123	-9999.9	44	-9999.9	3	17.7	19.8	152	3	1019.6	-9999.9	3.3	52
2025 05 31 01	0.27	0.26	3.4	3.4	3.6	0.5	-9999.9	3	129	-9999.9	49	-9999.9	3	18.1	22.3	192	3	1019.4	-9999.9	2.9	37
2025 05 31 02	0.16	0.16	3.3	3.4	4.6	0.26	-9999.9	3	89	-9999.9	64	-9999.9	3	18.3	25.0	270	3	1019.2	-9999.9	2.2	58
2025 05 31 03	0.18	0.17	3.7	3.6	4.7	0.31	-9999.9	3	100	-9999.9	55	-9999.9	3	19.1	25.2	291	3	1019.2	-9999.9	2.1	47
2025 05 31 04	0.19	0.18	3.6	3.5	4.3	0.31	-9999.9	3	97	-9999.9	52	-9999.9	3	18.0	5.4	47	3	1019.4	-9999.9	2.5	51
2025 05 31 05	0.22	0.21	3.7	3.7	6.2	0.35	-9999.9	3	116	-9999.9	47	-9999.9	3	18.9	8.9	254	3	1019.5	-9999.9	3.8	358
2025 05 31 06	0.23	0.21	3.6	3.6	5.3	0.34	-9999.9	3	74	-9999.9	54	-9999.9	3	18.8	10.4	306	3	1019.7	-9999.9	3.1	12
2025 05 31 07	0.29	0.26	3.9	4.3	9.2	0.55	-9999.9	3	103	-9999.9	43	-9999.9	3	18.9	17.6	345	3	1020.1	-9999.9	3.1	15
2025 05 31 08	0.26	0.24	4.0	4.2	9.5	0.41	-9999.9	3	112	-9999.9	42	-9999.9	3	18.1	20.7	0	3	1020.5	-9999.9	1.9	48
2025 05 31 09	0.31	0.29	3.6	3.5	5.1	0.45	-9999.9	3	82	-9999.9	54	-9999.9	3	18.1	3.3	11	3	1020.6	-9999.9	1.6	37
2025 05 31 10	0.35	0.33	3.9	3.8	4.7	0.58	-9999.9	3	97	-9999.9	50	-9999.9	3	18.6	5.4	323	3	1020.8	-9999.9	2.1	41
2025 05 31 11	0.28	0.26	3.3	3.3	4.3	0.58	-9999.9	3	139	-9999.9	62	-9999.9	3	19.3	3.4	256	3	1020.8	-9999.9	2.5	49
2025 05 31 12	0.34	0.32	3.7	3.7	5.3	0.63	-9999.9	3	102	-9999.9	48	-9999.9	3	20.3	5.5	29	3	1020.6	-9999.9	2.3	42
2025 05 31 13	0.25	0.24	3.8	3.8	4.3	0.51	-9999.9	3	79	-9999.9	55	-9999.9	3	20.4	30.0	2	3	1020.1	-9999.9	1.7	19
2025 05 31 14	0.24	0.23	3.7	3.7	5.0	0.46	-9999.9	3	87	-9999.9	43	-9999.9	3	19.1	34.5	17	3	1019.7	-9999.9	2.3	58
2025 05 31 15	0.23	0.22	3.3	3.3	4.2	0.37	-9999.9	3	92	-9999.9	56	-9999.9	3	19.1	33.2	17	3	1019.2	-9999.9	2.5	62
2025 05 31 16	0.26	0.24	4.2	4.5	8.7	0.49	-9999.9	3	95	-9999.9	39	-9999.9	3	19.7	35.0	27	3	1019.0	-9999.9	1.6	89
2025 05 31 17	0.24	0.23	3.9	4.1	4.9	0.46	-9999.9	3	84	-9999.9	47	-9999.9	3	19.1	30.5	61	3	1018.6	-9999.9	1.3	26
2025 05 31 18	0.31	0.29	3.7	3.9	5.6	0.69	-9999.9	3	110	-9999.9	44	-9999.9	3	18.8	27.6	72	3	1018.4	-9999.9	1.9	8
2025 05 31 19	0.24	0.22	3.6	3.7	7.3	0.43	-9999.9	3	78	-9999.9	55	-9999.9	3	18.9	21.8	184	3	1018.4	-9999.9	2.8	9
2025 05 31 20	0.27	0.25	3.7	3.7	5.4	0.5	-9999.9	3	111	-9999.9	51	-9999.9	3	18.0	51.9	162	3	1018.6	-9999.9	3.7	2
2025 05 31 21	0.3	0.27	3.5	3.6	10.0	0.43	-9999.9	3	118	-9999.9	52	-9999.9	3	18.5	43.0	177	3	1019.1	-9999.9	4.5	360
2025 05 31 22	0.21	0.21	3.4	3.3	3.6	0.33	-9999.9	3	69	-9999.9	51	-9999.9	3	18.5	29.0	349	3	1019.0	-9999.9	4.7	342
2025 05 31 23	0.2	0.19	3.8	3.8	4.8	0.32	-9999.9	3	100	-9999.9	49	-9999.9	3	17.8	50.2	28	3	1018.7	-9999.9	4.5	351
2025 06 01 00	0.23	0.22	3.8	3.8	4.5	0.38	-9999.9	3	131	-9999.9	51	-9999.9	3	17.7	30.4	108	3	1018.2	-9999.9	5.0	343
2025 06 01 01	0.21	0.21	3.6	3.6	4.0	0.33	-9999.9	3	129	-9999.9	48	-9999.9	3	17.9	9.5	202	3	1017.9	-9999.9	5.2	4
2025 06 01 02	0.25	0.24	3.1	3.1	3.6	0.4	-9999.9	3	116	-9999.9	49	-9999.9	3	18.0	24.4	171	3	1017.6	-9999.9	5.2	12
2025 06 01 03	0.22	0.21	2.7	2.7	2.6	0.37	-9999.9	3	74	-9999.9	56	-9999.9	3	18.1	6.4	220	3	1017.6	-9999.9	3.9	22
2025 06 01 04	0.24	0.23	2.7	2.7	2.7	0.45	-9999.9	3	73	-9999.9	58	-9999.9	3	18.1	10.7	179	3	1017.9	-9999.9	5.6	58
2025 06 01 05	0.28	0.27	3.0	3.0	3.8	0.57	-9999.9	3	97	-9999.9	46	-9999.9	3	18.6	8.7	131	3	1018.0	-9999.9	4.6	38
2025 06 01 06	0.36	0.34	3.0	3.0	3.0	0.6	-9999.9	3	105	-9999.9	56	-9999.9	3	19.6	17.9	240	3	1017.9	-9999.9	3.3	45
2025 06 01 07	0.36	0.34	3.4	3.4	4.3	0.62	-9999.9	3	115	-9999.9	47	-9999.9	3	18.9	6.7	152	3	1018.2	-9999.9	3.6	115
2025 06 01 08	0.31	0.3	3.1	3.0	3.4	0.56	-9999.9	3	92	-9999.9	51	-9999.9	3	19.4	14.6	351	3	1018.4	-9999.9	1.2	118
2025 06 01 09	0.34	0.33	3.4	3.4	3.6	0.6	-9999.9	3	75	-9999.9	54	-9999.9	3	19.6	18.8	343	3	1018.6	-9999.9	1.2	356
2025 06 01 10	0.4	0.38	3.5	3.5	3.5	0.63	-9999.9	3	85	-9999.9	50	-9999.9	3	19.1	6.6	4	3	1018.5	-9999.9	1.2	23
2025 06 01 11	0.39	0.37	3.3	3.3	3.9	0.61	-9999.9	3	113	-9999.9	53	-9999.9	3	19.4	9.9	203	3	1018.4	-9999.9	2.1	9
2025 06 01 12	0.43	0.41	3.4	3.3	3.7	0.8	-9999.9	3	117	-9999.9	62	-9999.9	3	19.7	7.3	291	3	1017.9	-9999.9	1.9	27
2025 06 01 13	0.38	0.35	3.5	3.6	4.7	0.66	-9999.9	3	116	-9999.9	49	-9999.9	3	19.7	10.3	334	3	1017.2	-9999.9	1.2	24
2025 06 01 14	0.32	0.31	3.9	3.8	4.6	0.46	-9999.9	3	87	-9999.9	46	-9999.9	3	19.7	37.4	22	3	1016.4	-9999.9	1.4	29
2025 06 01 15	0.42	0.4	4.1	4.2	5.0	0.69	-9999.9	3	106	-9999.9	41	-9999.9	3	19.3	23.0	24	3	1016.0	-9999.9	1.0	332
2025 06 01 16	0.35	0.33	4.1	4.1	5.0	0.68	-9999.9	3	99	-9999.9	42	-9999.9	3	19.3	19.9	60	3	1015.5	-9999.9	2.5	13
2025 06 01 17	0.3	0.29	4.0	4.0	5.1	0.57	-9999.9	3	93	-9999.9	47	-9999.9	3	19.7	23.8	51	3	1015.1	-9999.9	2.4	16
2025 06 01 18	0.36	0.34	4.0	4.0	5.6	0.5	-9999.9	3	89	-9999.9	45	-9999.9	3	19.4	52.3	55	3	1014.8	-9999.9	2.5	4
2025 06 01 19	0.3	0.29	3.7	3.7	4.3	0.7	-9999.9	3	96	-9999.9	52	-9999.9	3	18.7	23.9	77	3	1014.6	-9999.9	0.4	87
2025 06 01 20	0.3	0.29	3.6	3.6	5.3	0.44	-9999.9	3	159	-9999.9	51	-9999.9	3	19.2	23.3	176	3	1014.7	-9999.9	3.3	228
2025 06 01 21	0.39	0.35	4.1	4.4	8.2	0.78	-9999.9	3	122	-9999.9	44	-9999.9	3	18.9	34.7	179	3	1015.4	-9999.9	3.1	227
2025 06 01 22	0.28	0.28	3.2	3.2	3.9	0.47	-9999.9	3	155	-9999.9	57	-9999.9	3	18.6	4.9	84	3	1015.8	-9999.9	4.8	262
2025 06 01 23	0.22	0.2	3.8	3.9	4.9	0.45	-9999.9	3	74	-9999.9	50	-9999.9	3	18.1	45.3	31	3	1015.6	-9999.9	4.8	249
2025 06 02 00	0.19	0.18	3.4	3.4	4.5	0.3	-9999.9	3	72	-9999.9	59	-9999.9	3	18.1	20.5	82	3	1015.2	-9999.9	6.2	245
2025 06 02 01	0.19	0.18	3.1	3.2	4.2	0.33	-9999.9	3	80	-9999.9	57	-9999.9	3	18.3	27.6	92	3	1014.9	-9999.9	6.7	248
2025 06 02 02	0.17	0.16	2.7	2.7	4.4	0.31	-9999.9	3	121	-9999.9	65	-9999.9	3	18.7	32.7	62	3	1014.6	-9999.9	3.9	279
2025 06 02 03	0.36	0.35	2.5	2.5	2.5	0.62	-9999.9	3	205	-9999.9	43	-9999.9	3	18.7	11.8	192	3	1014.5	-9999.9	9.1	247
2025 06 02 04	0.38	0.38	2.5	2.5	2.5	0.64	-9999.9	3	217	-9999.9	48	-9999.9	3	19.0	12.4	244	3	1014.6	-9999.9	9.9	241
2025 06 02 05	0.36	0.35	2.5	2.5	2.4	0.58	-9999.9	3	219	-9999.9	50	-9999.9	3	18.6	14.9	151	3	1014.9	-9999.9	9.7	267
2025 06 02 06	0.34	0.33	2.6	2.6	2.4	0.6	-9999.9	3	212	-9999.9	50	-9999.9	3	18.7	23.7	170	3	1015.4	-9999.9	9.2	250
2025 06 02 07	0.36	0.33	2.8	2.8	3.6	0.54	-9999.9	3	185	-9999.9	52	-9999.9	3	18.6	18.7	192	3	1015.7	-9999.9	8.8	251
2025 06 02 08	0.35	0.31	3.0	3.1	9.0	0.7	-9999.9	3	165	-9999.9	51	-9999.9	3	18.6	10.3	103	3	1016.3	-9999.9	7.9	270
2025 06 02 09	0.37	0.34	2.8	2.9	2.7	0.64	-9999.9	3	165	-9999.9	62	-9999.9	3	18.5	18.8	54	3	1016.6	-9999.9	8.9	259
2025 06 02 10	0.51	0.47	3.0	3.0	2.9	0.78	-9999.9	3	200	-9999.9	47	-9999.9	3	18.6	18.2	66	3	1016.8	-9999.9	6.9	257
2025 06 02 11	0.58	0.56	3.3	3.2	3.5	0.89	-9999.9	3	221	-9999.9	39	-9999.9	3	18.6	2.8	300	3	1016.7	-9999.9	6.4	267
2025 06 02 12	0.65	0.62	3.3	3.3	3.6	1.01	-9999.9	3	219	-9999.9	39	-9999.9	3	18.7	12.2	193	3	1016.2	-9999.9	6.6	242
2025 06 02 13	0.65	0.61	3.3	3.3	3.4	0.88	-9999.9	3	203	-9999.9	47	-9999.9	3	18.9	11.8	182	3	1015.7	-9999.9	7.2	252
2025 06 02 14	0.5	0.48	2.8	2.8	2.8	0.76	-9999.9	3	219	-9999.9	63	-9999.9	3	19.0	9.7	32	3	1015.6	-9999.9	6.1	271
2025 06 02 15	0.48	0.45	2.9	3.0	2.9	0.77	-9999.9	3	205	-9999.9	56	-9999.9	3	18.6	25.0	18	3	1015.0	-9999.9	8.9	243
2025 06 02 16	0.53	0.5	2.9	3.0	2.9	0.99	-9999.9	3	209	-9999.9	52	-9999.9	3	18.4	10.8	45	3	1014.8	-9999.9	7.5	251
2025 06 02 17	0.46	0.43	3.1	3.0	3.3	0.65	-9999.9	3	187	-9999.9	60	-9999.9	3	18.4	18.5	61	3	1014.7	-9999.9	7.3	248
2025 06 02 18	0.42	0.39	3.2	3.2	3.7	0.76	-9999.9	3	186	-9999.9	58	-9999.9	3	18.1	34.0	69	3	1014.8	-9999.9	5.5	261
2025 06 02 19	0.43	0.39	2.9	3.0	3.1	0.67	-9999.9	3	201	-9999.9	50	-9999.9	3	18.1	10.7	70	3	1015.1	-9999.9	3.0	269
2025 06 02 20	0.35	0.32	3.4	3.4	4.2	0.53	-9999.9	3	187	-9999.9	62	-9999.9	3	17.4	38.0	82	3	1015.7	-9999.9	5.1	277
2025 06 02 21	0.43	0.39	3.4	3.5	4.8	0.69	-9999.9	3	183	-9999.9	42	-9999.9	3	18.8	18.0	185	3	1016.2	-9999.9	6.5	259
2025 06 02 22	0.43	0.4	3.0	3.0	3.1	0.65	-9999.9	3	205	-9999.9	45	-9999.9	3	19.2	19.1	197	3	1016.2	-9999.9	9.0	255
2025 06 02 23	0.62	0.59	2.7	2.7	2.9	0.97	-9999.9	3	238	-9999.9	40	-9999.9	3	19.0	13.8	191	3	1015.3	-9999.9	12.6	254
2025 06 03 00	0.49	0.47	2.5	2.5	2.5	0.75	-9999.9	3	226	-9999.9	51	-9999.9	3	18.6	15.5	354	3	1015.5	-9999.9	12.7	249
2025 06 03 01	0.5	0.47	2.5	2.5	2.5	0.92	-9999.9	3	210	-9999.9	52	-9999.9	3	17.6	23.2	72	3	1015.5	-9999.9	12.0	249
2025 06 03 02	0.52	0.49	2.6	2.7	2.7	0.87	-9999.9	3	206	-9999.9	56	-9999.9	3	17.8	51.0	60	3	1014.9	-9999.9	13.9	248
2025 06 03 03	0.65	0.61	2.7	2.7	2.9	0.99	-9999.9	3	212	-9999.9	48	-9999.9	3	17.9	45.6	68	3	1015.1	-9999.9	12.9	246
2025 06 03 04	0.64	0.61	2.9	2.9	3.0	0.9	-9999.9	3	203	-9999.9	37	-9999.9	3	18.8	4.6	138	3	1015.1	-9999.9	11.9	261
2025 06 03 05	0.77	0.73	3.0	3.0	3.1	1.15	-9999.9	3	214	-9999.9	43	-9999.9	3	18.2	17.7	72	3	1014.9	-9999.9	14.6	250
2025 06 03 06	0.77	0.74	3.0	3.0	3.2	1.47	-9999.9	3	220	-9999.9	48	-9999.9	3	18.0	25.1	67	3	1015.4	-9999.9	14.3	234
2025 06 03 07	0.86	0.81	3.2	3.2	3.6	1.28	-9999.9	3	216	-9999.9	42	-9999.9	3	17.7	20.0	96	3	1015.8	-9999.9	13.2	243
2025 06 03 08	0.96	0.92	3.5	3.5	3.8	1.46	-9999.9	3	208	-9999.9	39	-9999.9	3	17.6	13.8	114	3	1016.8	-9999.9	10.3	247
2025 06 03 09	1.0	0.96	3.5	3.5	3.8	1.57	-9999.9	3	207	-9999.9	37	-9999.9	3	18.7	1.7	201	3	1017.2	-9999.9	11.1	240
2025 06 03 10	0.81	0.76	3.4	3.4	3.7	1.45	-9999.9	3	205	-9999.9	48	-9999.9	3	17.7	6.2	33	3	1017.5	-9999.9	11.8	264
2025 06 03 11	0.83	0.79	3.4	3.5	3.8	1.3	-9999.9	3	208	-9999.9	49	-9999.9	3	17.8	3.5	108	3	1017.9	-9999.9	10.3	271
2025 06 03 12	0.79	0.75	3.5	3.5	4.1	1.44	-9999.9	3	213	-9999.9	49	-9999.9	3	17.9	3.0	233	3	1018.0	-9999.9	8.9	298
2025 06 03 13	0.77	0.75	3.5	3.4	3.8	1.23	-9999.9	3	219	-9999.9	40	-9999.9	3	18.3	13.5	270	3	1017.8	-9999.9	9.6	269
2025 06 03 14	0.64	0.61	3.0	3.1	3.1	1.07	-9999.9	3	208	-9999.9	45	-9999.9	3	18.5	13.6	208	3	1017.5	-9999.9	8.2	265
2025 06 03 15	0.54	0.51	3.0	3.1	3.0	0.86	-9999.9	3	222	-9999.9	52	-9999.9	3	18.5	13.8	359	3	1017.2	-9999.9	6.2	269
2025 06 03 16	0.51	0.48	2.8	2.8	2.7	0.85	-9999.9	3	207	-9999.9	47	-9999.9	3	18.2	18.3	76	3	1016.8	-9999.9	7.0	277
2025 06 03 17	0.52	0.5	3.1	3.1	3.1	0.98	-9999.9	3	198	-9999.9	56	-9999.9	3	17.6	22.9	84	3	1016.4	-9999.9	9.3	266
2025 06 03 18	0.46	0.43	2.8	2.8	2.8	0.79	-9999.9	3	205	-9999.9	50	-9999.9	3	17.1	14.8	97	3	1016.3	-9999.9	8.4	274
2025 06 03 19	0.4	0.37	2.9	3.0	3.2	0.59	-9999.9	3	184	-9999.9	59	-9999.9	3	17.2	36.9	72	3	1016.7	-9999.9	8.5	270
2025 06 03 20	0.52	0.49	2.9	2.9	2.8	0.83	-9999.9	3	204	-9999.9	54	-9999.9	3	16.2	45.6	59	3	1016.8	-9999.9	9.5	254
2025 06 03 21	0.41	0.38	3.4	3.3	7.7	0.61	-9999.9	3	173	-9999.9	58	-9999.9	3	16.1	37.3	82	3	1017.2	-9999.9	8.6	263
2025 06 03 22	0.37	0.35	3.0	3.0	4.7	0.57	-9999.9	3	173	-9999.9	57	-9999.9	3	16.7	16.4	105	3	1017.4	-9999.9	8.8	254
2025 06 03 23	0.38	0.35	2.7	2.7	2.4	0.64	-9999.9	3	202	-9999.9	49	-9999.9	3	17.6	25.6	199	3	1017.3	-9999.9	9.9	246
2025 06 04 00	0.51	0.48	2.7	2.8	2.6	0.91	-9999.9	3	191	-9999.9	51	-9999.9	3	17.7	17.9	195	3	1017.1	-9999.9	9.6	225
2025 06 04 01	0.35	0.33	2.5	2.5	2.3	0.51	-9999.9	3	212	-9999.9	61	-9999.9	3	16.7	22.7	18	3	1017.1	-9999.9	10.5	245
2025 06 04 02	0.44	0.4	2.8	2.8	2.6	0.64	-9999.9	3	200	-9999.9	53	-9999.9	3	16.3	40.5	36	3	1017.1	-9999.9	8.8	242
2025 06 04 03	0.61	0.56	2.9	2.9	2.9	0.93	-9999.9	3	209	-9999.9	48	-9999.9	3	17.0	38.9	55	3	1016.6	-9999.9	9.2	258
2025 06 04 04	0.57	0.53	2.8	2.9	2.8	0.9	-9999.9	3	199	-9999.9	51	-9999.9	3	17.1	45.1	42	3	1016.5	-9999.9	10.1	253
2025 06 04 05	0.62	0.58	2.8	2.8	2.8	1.02	-9999.9	3	210	-9999.9	51	-9999.9	3	16.9	28.7	54	3	1016.5	-9999.9	11.7	244
2025 06 04 06	0.67	0.64	2.9	2.9	3.0	1.07	-9999.9	3	202	-9999.9	50	-9999.9	3	16.8	29.0	54	3	1017.4	-9999.9	9.5	247
2025 06 04 07	0.57	0.53	3.0	3.0	3.4	0.85	-9999.9	3	191	-9999.9	59	-9999.9	3	16.8	29.7	40	3	1018.0	-9999.9	6.0	248
2025 06 04 08	0.4	0.38	2.9	3.0	3.1	0.62	-9999.9	3	192	-9999.9	63	-9999.9	3	16.8	36.9	68	3	1018.3	-9999.9	7.2	254
2025 06 04 09	0.44	0.41	2.9	2.8	2.5	0.72	-9999.9	3	186	-9999.9	63	-9999.9	3	16.7	13.8	98	3	1017.8	-9999.9	9.6	245
2025 06 04 10	0.58	0.52	2.8	2.8	2.9	0.92	-9999.9	3	197	-9999.9	46	-9999.9	3	16.7	20.2	98	3	1016.9	-9999.9	11.5	244
2025 06 04 11	0.58	0.55	2.8	2.8	2.7	0.96	-9999.9	3	209	-9999.9	39	-9999.9	3	17.0	5.3	120	3	1016.9	-9999.9	11.9	225
2025 06 04 12	0.58	0.54	2.9	2.9	3.2	0.88	-9999.9	3	196	-9999.9	46	-9999.9	3	17.2	9.9	79	3	1016.8	-9999.9	12.4	229
2025 06 04 13	0.63	0.61	2.9	2.9	3.0	1.07	-9999.9	3	209	-9999.9	39	-9999.9	3	17.4	4.0	176	3	1016.6	-9999.9	12.2	227
2025 06 04 14	0.66	0.64	3.0	3.0	3.2	1.21	-9999.9	3	219	-9999.9	38	-9999.9	3	17.3	22.8	195	3	1016.2	-9999.9	12.3	245
2025 06 04 15	0.42	0.39	2.6	2.7	2.8	0.64	-9999.9	3	195	-9999.9	60	-9999.9	3	17.1	20.1	22	3	1016.3	-9999.9	12.1	235
2025 06 04 16	0.57	0.54	2.7	2.7	2.6	0.89	-9999.9	3	218	-9999.9	54	-9999.9	3	16.7	30.7	43	3	1015.8	-9999.9	11.7	238
2025 06 04 17	0.57	0.54	2.7	2.7	2.6	0.83	-9999.9	3	212	-9999.9	50	-9999.9	3	16.5	32.0	47	3	1015.6	-9999.9	-9999.9	-9999.9
2025 06 04 18	0.57	0.54	2.8	2.8	2.7	0.94	-9999.9	3	209	-9999.9	52	-9999.9	3	16.5	28.8	56	3	1015.8	-9999.9	-9999.9	-9999.9
2025 06 04 19	0.47	0.45	2.7	2.7	2.8	0.7	-9999.9	3	205	-9999.9	55	-9999.9	3	16.5	22.7	60	3	1016.1	-9999.9	-9999.9	-9999.9
2025 06 04 20	0.43	0.4	2.6	2.6	2.4	0.65	-9999.9	3	197	-9999.9	60	-9999.9	3	16.4	26.4	53	3	1016.3	-9999.9	-9999.9	-9999.9
2025 06 04 21	0.48	0.43	2.8	2.8	2.6	0.65	-9999.9	3	195	-9999.9	58	-9999.9	3	15.7	38.3	46	3	1016.8	-9999.9	7.3	236
2025 06 04 22	0.29	0.27	2.7	2.7	2.4	0.52	-9999.9	3	146	-9999.9	69	-9999.9	3	15.8	46.4	70	3	1017.1	-9999.9	7.7	244
2025 06 04 23	0.26	0.25	2.7	2.7	2.6	0.42	-9999.9	3	168	-9999.9	65	-9999.9	3	15.9	36.0	77	3	1016.9	-9999.9	7.8	243
2025 06 05 00	0.37	0.35	2.7	2.7	2.5	0.56	-9999.9	3	176	-9999.9	53	-9999.9	3	17.8	16.1	186	3	1016.3	-9999.9	8.6	233
2025 06 05 01	0.33	0.32	2.5	2.5	2.3	0.62	-9999.9	3	191	-9999.9	49	-9999.9	3	18.4	24.7	208	3	1016.2	-9999.9	8.3	240
2025 06 05 02	0.34	0.34	2.5	2.5	2.4	0.69	-9999.9	3	212	-9999.9	54	-9999.9	3	17.8	4.7	298	3	1016.1	-9999.9	5.5	263
2025 06 05 03	0.24	0.22	2.5	2.5	3.8	0.34	-9999.9	3	178	-9999.9	68	-9999.9	3	16.3	19.9	47	3	1015.7	-9999.9	9.1	241
2025 06 05 04	0.44	0.41	2.8	2.8	2.7	0.74	-9999.9	3	205	-9999.9	46	-9999.9	3	16.2	20.8	59	3	1015.8	-9999.9	8.8	244
2025 06 05 05	0.36	0.34	2.6	2.6	2.3	0.53	-9999.9	3	197	-9999.9	62	-9999.9	3	16.6	34.9	52	3	1016.0	-9999.9	9.1	240
2025 06 05 06	0.33	0.31	2.5	2.5	2.3	0.57	-9999.9	3	192	-9999.9	60	-9999.9	3	16.8	31.1	48	3	1016.3	-9999.9	7.1	243
2025 06 05 07	0.35	0.33	2.5	2.5	2.3	0.53	-9999.9	3	188	-9999.9	61	-9999.9	3	16.7	27.8	47	3	1016.6	-9999.9	8.7	244
2025 06 05 08	0.37	0.33	2.8	3.0	7.0	0.73	-9999.9	3	146	-9999.9	53	-9999.9	3	16.8	43.9	52	3	1016.7	-9999.9	8.7	228
2025 06 05 09	0.36	0.33	3.1	3.1	6.4	0.53	-9999.9	3	80	-9999.9	57	-9999.9	3	16.7	17.9	89	3	1016.7	-9999.9	9.5	237
2025 06 05 10	0.33	0.3	2.6	2.7	2.3	0.51	-9999.9	3	150	-9999.9	69	-9999.9	3	16.9	57.1	85	3	1016.6	-9999.9	10.0	231
2025 06 05 11	0.4	0.35	2.8	2.8	2.8	0.65	-9999.9	3	173	-9999.9	62	-9999.9	3	17.2	64.1	66	3	1016.7	-9999.9	10.3	232
2025 06 05 12	0.37	0.34	2.6	2.7	3.6	0.51	-9999.9	3	172	-9999.9	59	-9999.9	3	17.0	61.3	83	3	1016.5	-9999.9	10.0	232
2025 06 05 13	0.42	0.4	2.6	2.6	2.3	0.69	-9999.9	3	201	-9999.9	50	-9999.9	3	17.0	13.4	133	3	1015.9	-9999.9	9.8	236
2025 06 05 14	0.42	0.4	2.6	2.6	2.6	0.65	-9999.9	3	200	-9999.9	52	-9999.9	3	16.6	7.6	92	3	1015.5	-9999.9	10.0	235
2025 06 05 15	0.47	0.45	2.6	2.6	2.4	0.82	-9999.9	3	196	-9999.9	53	-9999.9	3	16.4	2.5	88	3	1015.2	-9999.9	9.9	234
2025 06 05 16	0.27	0.25	3.9	3.8	7.8	0.41	-9999.9	3	81	-9999.9	55	-9999.9	3	17.3	-9999.9	-9999.9	3	1014.9	-9999.9	10.0	228
2025 06 05 17	0.44	0.4	2.8	2.8	2.9	0.7	-9999.9	3	197	-9999.9	50	-9999.9	3	17.0	32.0	61	3	1014.8	-9999.9	7.7	232
2025 06 05 18	0.36	0.33	2.5	2.5	2.2	0.6	-9999.9	3	199	-9999.9	64	-9999.9	3	16.7	40.5	66	3	1014.8	-9999.9	8.1	235
2025 06 05 19	0.43	0.39	3.2	3.3	8.1	0.65	-9999.9	3	142	-9999.9	55	-9999.9	3	16.9	38.7	34	3	1015.1	-9999.9	8.6	238
2025 06 05 20	0.35	0.33	2.7	2.7	2.5	0.55	-9999.9	3	192	-9999.9	60	-9999.9	3	16.6	25.7	32	3	1015.4	-9999.9	7.3	232
2025 06 05 21	0.38	0.35	3.3	3.4	8.1	0.59	-9999.9	3	161	-9999.9	55	-9999.9	3	16.8	46.8	63	3	1015.7	-9999.9	7.6	229
2025 06 05 22	0.3	0.28	2.8	2.9	3.3	0.45	-9999.9	3	113	-9999.9	64	-9999.9	3	17.0	71.2	47	3	1015.9	-9999.9	7.4	238
2025 06 05 23	0.24	0.22	2.9	3.0	4.4	0.43	-9999.9	3	141	-9999.9	63	-9999.9	3	17.1	42.8	64	3	1015.5	-9999.9	7.5	239
2025 06 06 00	0.23	0.21	3.3	3.3	4.5	0.32	-9999.9	3	164	-9999.9	62	-9999.9	3	16.9	74.9	66	3	1015.3	-9999.9	7.8	235
2025 06 06 01	0.24	0.22	3.1	3.1	5.9	0.4	-9999.9	3	161	-9999.9	64	-9999.9	3	16.6	-9999.9	-9999.9	3	1015.2	-9999.9	6.6	235
2025 06 06 02	0.19	0.18	3.1	3.0	4.5	0.33	-9999.9	3	165	-9999.9	60	-9999.9	3	16.6	-9999.9	-9999.9	3	1015.2	-9999.9	1.7	250
2025 06 06 03	0.2	0.19	3.1	3.2	3.6	0.45	-9999.9	3	90	-9999.9	60	-9999.9	3	16.8	15.5	29	3	1015.2	-9999.9	2.4	245
2025 06 06 04	0.17	0.16	3.3	3.2	4.8	0.3	-9999.9	3	93	-9999.9	60	-9999.9	3	16.9	56.1	36	3	1015.3	-9999.9	3.3	235
2025 06 06 05	0.2	0.19	3.7	3.7	5.3	0.33	-9999.9	3	144	-9999.9	54	-9999.9	3	16.7	13.8	61	3	1015.6	-9999.9	1.6	350
2025 06 06 06	0.21	0.19	3.5	3.5	4.5	0.3	-9999.9	3	79	-9999.9	63	-9999.9	3	16.7	22.1	66	3	1016.2	-9999.9	2.7	13
2025 06 06 07	0.25	0.23	3.6	3.7	4.1	0.5	-9999.9	3	78	-9999.9	52	-9999.9	3	16.9	13.7	76	3	1016.7	-9999.9	1.7	21
2025 06 06 08	0.22	0.2	3.9	4.0	7.4	0.42	-9999.9	3	112	-9999.9	56	-9999.9	3	17.2	22.9	59	3	1016.9	-9999.9	2.2	48
2025 06 06 09	0.26	0.25	3.8	3.6	4.5	0.45	-9999.9	3	82	-9999.9	60	-9999.9	3	17.2	27.6	50	3	1017.3	-9999.9	1.4	154
2025 06 06 10	0.35	0.32	4.8	5.1	8.5	0.68	-9999.9	3	84	-9999.9	50	-9999.9	3	17.6	48.2	56	3	1017.6	-9999.9	2.1	155
2025 06 06 11	0.34	0.32	4.3	4.4	6.9	0.61	-9999.9	3	126	-9999.9	49	-9999.9	3	17.9	39.7	63	3	1017.7	-9999.9	3.0	202
2025 06 06 12	0.33	0.32	3.7	3.6	6.0	0.49	-9999.9	3	71	-9999.9	64	-9999.9	3	18.1	57.4	65	3	1017.5	-9999.9	2.9	219
2025 06 06 13	0.37	0.34	4.2	4.3	8.3	0.55	-9999.9	3	110	-9999.9	47	-9999.9	3	17.9	28.3	71	3	1017.0	-9999.9	3.2	230
2025 06 06 14	0.33	0.31	3.9	3.9	6.6	0.58	-9999.9	3	145	-9999.9	49	-9999.9	3	17.8	10.4	162	3	1016.7	-9999.9	2.2	220
2025 06 06 15	0.36	0.33	4.1	4.0	7.8	0.62	-9999.9	3	128	-9999.9	49	-9999.9	3	18.5	40.1	180	3	1016.4	-9999.9	1.9	216
2025 06 06 16	0.32	0.3	3.4	3.5	8.1	0.63	-9999.9	3	126	-9999.9	52	-9999.9	3	18.0	29.0	192	3	1016.1	-9999.9	1.6	246
2025 06 06 17	0.32	0.3	4.0	4.1	6.6	0.61	-9999.9	3	75	-9999.9	51	-9999.9	3	17.7	40.4	31	3	1015.7	-9999.9	0.6	291
2025 06 06 18	0.36	0.34	4.4	4.5	5.7	0.53	-9999.9	3	153	-9999.9	52	-9999.9	3	17.2	10.1	87	3	1015.4	-9999.9	1.4	96
2025 06 06 19	0.32	0.29	3.7	3.8	6.4	0.56	-9999.9	3	102	-9999.9	58	-9999.9	3	17.0	5.6	113	3	1015.7	-9999.9	1.8	243
2025 06 06 20	0.27	0.26	4.0	3.9	6.8	0.43	-9999.9	3	127	-9999.9	55	-9999.9	3	17.0	11.9	79	3	1016.0	-9999.9	2.2	254
2025 06 06 21	0.31	0.29	4.7	4.8	9.1	0.52	-9999.9	3	127	-9999.9	45	-9999.9	3	17.5	16.1	40	3	1016.4	-9999.9	1.3	221
2025 06 06 22	0.24	0.23	3.8	3.7	5.2	0.43	-9999.9	3	63	-9999.9	62	-9999.9	3	17.1	52.5	46	3	1016.5	-9999.9	1.7	2
2025 06 06 23	0.22	0.21	3.8	3.8	4.4	0.37	-9999.9	3	82	-9999.9	58	-9999.9	3	17.4	43.0	62	3	1016.6	-9999.9	1.8	30
2025 06 07 00	0.18	0.17	3.8	3.8	6.0	0.31	-9999.9	3	89	-9999.9	55	-9999.9	3	16.9	49.9	68	3	1016.4	-9999.9	1.7	20
2025 06 07 01	0.19	0.18	3.8	3.8	5.4	0.28	-9999.9	3	114	-9999.9	57	-9999.9	3	16.9	51.4	66	3	1016.3	-9999.9	2.5	2
2025 06 07 02	0.22	0.21	3.7	3.8	4.8	0.43	-9999.9	3	140	-9999.9	48	-9999.9	3	17.2	15.0	168	3	1016.0	-9999.9	3.2	341
2025 06 07 03	0.23	0.23	3.7	3.7	4.3	0.39	-9999.9	3	158	-9999.9	49	-9999.9	3	17.5	46.1	182	3	1015.9	-9999.9	3.5	1
2025 06 07 04	0.24	0.22	3.2	3.2	5.1	0.59	-9999.9	3	172	-9999.9	51	-9999.9	3	16.8	37.0	165	3	1015.7	-9999.9	4.4	346
2025 06 07 05	0.17	0.16	3.4	3.4	5.9	0.26	-9999.9	3	54	-9999.9	53	-9999.9	3	17.7	22.3	38	3	1015.6	-9999.9	3.7	358
2025 06 07 06	0.2	0.19	3.4	3.4	4.3	0.35	-9999.9	3	99	-9999.9	65	-9999.9	3	16.9	24.3	36	3	1016.0	-9999.9	3.8	351
2025 06 07 07	0.26	0.25	3.3	3.3	3.4	0.52	-9999.9	3	74	-9999.9	60	-9999.9	3	17.8	26.4	73	3	1016.2	-9999.9	3.2	23
2025 06 07 08	0.27	0.25	3.7	3.6	5.5	0.47	-9999.9	3	100	-9999.9	54	-9999.9	3	18.0	15.4	78	3	1016.6	-9999.9	-9999.9	-9999.9
2025 06 07 09	0.27	0.25	3.3	3.4	5.1	0.54	-9999.9	3	76	-9999.9	51	-9999.9	3	18.1	12.9	66	3	1016.6	-9999.9	1.7	68
2025 06 07 10	0.28	0.26	3.9	4.2	7.9	0.52	-9999.9	3	65	-9999.9	48	-9999.9	3	18.3	37.1	49	3	1016.5	-9999.9	1.7	122
2025 06 07 11	0.24	0.23	3.7	3.7	5.2	0.37	-9999.9	3	75	-9999.9	57	-9999.9	3	19.0	44.0	55	3	1016.6	-9999.9	0.9	9
2025 06 07 12	0.33	0.31	4.0	4.2	8.1	0.64	-9999.9	3	79	-9999.9	53	-9999.9	3	19.2	54.2	66	3	1016.2	-9999.9	1.9	13
2025 06 07 13	0.34	0.31	4.0	4.1	8.2	0.75	-9999.9	3	101	-9999.9	44	-9999.9	3	19.4	54.2	62	3	1015.8	-9999.9	1.7	68
2025 06 07 14	0.27	0.25	3.6	3.7	6.9	0.53	-9999.9	3	120	-9999.9	53	-9999.9	3	18.2	17.7	169	3	1015.5	-9999.9	2.2	59
2025 06 07 15	0.32	0.3	3.6	3.7	5.0	0.67	-9999.9	3	153	-9999.9	58	-9999.9	3	19.3	36.2	193	3	1015.3	-9999.9	1.4	359
2025 06 07 16	0.31	0.28	3.6	3.7	9.7	0.48	-9999.9	3	146	-9999.9	49	-9999.9	3	19.1	29.9	191	3	1014.5	-9999.9	2.8	357
2025 06 07 17	0.25	0.24	3.8	4.0	7.6	0.52	-9999.9	3	89	-9999.9	52	-9999.9	3	18.5	4.7	180	3	1014.1	-9999.9	1.0	80
2025 06 07 18	0.25	0.23	3.9	3.8	4.4	0.4	-9999.9	3	82	-9999.9	59	-9999.9	3	17.8	34.9	30	3	1014.1	-9999.9	2.5	359
2025 06 07 19	0.32	0.31	4.0	4.0	4.6	0.54	-9999.9	3	103	-9999.9	50	-9999.9	3	18.1	11.6	75	3	-9999.9	-9999.9	-9999.9	-9999.9
2025 06 07 20	0.27	0.25	3.5	3.6	4.4	0.45	-9999.9	3	106	-9999.9	50	-9999.9	3	17.9	6.2	100	3	1015.1	-9999.9	3.2	7
2025 06 07 21	0.32	0.29	4.0	4.1	9.2	0.57	-9999.9	3	101	-9999.9	46	-9999.9	3	17.7	2.7	105	3	1015.4	-9999.9	3.2	30
2025 06 07 22	0.19	0.18	3.5	3.3	3.9	0.32	-9999.9	3	87	-9999.9	52	-9999.9	3	18.3	27.7	62	3	-9999.9	-9999.9	-9999.9	-9999.9
2025 06 07 23	0.2	0.19	3.4	3.4	4.9	0.3	-9999.9	3	90	-9999.9	53	-9999.9	3	17.8	52.7	60	3	1015.1	-9999.9	4.5	78
2025 06 08 00	0.22	0.21	3.6	3.5	4.5	0.38	-9999.9	3	79	-9999.9	55	-9999.9	3	18.4	45.0	61	3	1015.8	-9999.9	2.2	1
2025 06 08 01	0.21	0.2	3.6	3.5	5.8	0.33	-9999.9	3	102	-9999.9	47	-9999.9	3	17.4	37.0	58	3	1015.0	-9999.9	2.6	8
2025 06 08 02	0.24	0.23	3.0	3.0	2.9	0.41	-9999.9	3	124	-9999.9	52	-9999.9	3	17.2	11.5	169	3	1015.2	-9999.9	3.1	351
2025 06 08 03	0.27	0.26	3.3	3.2	3.3	0.48	-9999.9	3	135	-9999.9	53	-9999.9	3	16.3	34.6	190	3	1014.7	-9999.9	5.0	350
2025 06 08 04	0.17	0.16	3.1	3.1	3.7	0.27	-9999.9	3	130	-9999.9	56	-9999.9	3	16.5	21.9	198	3	1014.7	-9999.9	5.0	1
2025 06 08 05	0.21	0.2	3.4	3.3	5.4	0.35	-9999.9	3	104	-9999.9	57	-9999.9	3	17.0	17.8	189	3	1015.3	-9999.9	5.0	336
2025 06 08 06	0.18	0.17	3.7	3.8	4.8	0.33	-9999.9	3	107	-9999.9	55	-9999.9	3	17.0	11.8	203	3	1015.6	-9999.9	4.7	343
2025 06 08 07	0.28	0.26	4.3	4.5	9.3	0.61	-9999.9	3	99	-9999.9	39	-9999.9	3	17.8	16.9	24	3	1015.8	-9999.9	4.4	6
2025 06 08 08	0.26	0.24	3.7	3.9	9.8	0.58	-9999.9	3	112	-9999.9	44	-9999.9	3	18.1	14.2	88	3	1016.2	-9999.9	2.8	32
2025 06 08 09	0.22	0.21	3.4	3.5	4.9	0.5	-9999.9	3	90	-9999.9	53	-9999.9	3	18.6	2.1	109	3	1016.6	-9999.9	2.3	48
2025 06 08 10	0.3	0.27	4.2	4.6	8.3	0.62	-9999.9	3	84	-9999.9	45	-9999.9	3	18.5	4.4	107	3	1016.7	-9999.9	2.4	23
2025 06 08 11	0.19	0.18	3.5	3.5	4.2	0.3	-9999.9	3	79	-9999.9	56	-9999.9	3	18.9	26.6	60	3	1017.1	-9999.9	1.9	38
2025 06 08 12	0.25	0.24	3.7	3.7	4.8	0.42	-9999.9	3	66	-9999.9	54	-9999.9	3	18.7	56.6	60	3	1017.0	-9999.9	2.5	36
2025 06 08 13	0.29	0.25	3.5	4.0	8.0	0.68	-9999.9	3	98	-9999.9	40	-9999.9	3	18.1	25.6	58	3	1016.8	-9999.9	3.4	42
2025 06 08 14	0.22	0.19	3.2	3.2	3.7	0.48	-9999.9	3	63	-9999.9	60	-9999.9	3	18.6	14.0	88	3	1016.7	-9999.9	3.9	27
2025 06 08 15	0.28	0.27	4.3	4.4	6.1	0.49	-9999.9	3	122	-9999.9	42	-9999.9	3	18.5	18.1	198	3	1016.7	-9999.9	4.7	28
2025 06 08 16	0.19	0.18	3.0	3.0	4.1	0.34	-9999.9	3	117	-9999.9	65	-9999.9	3	17.7	19.4	219	3	1016.5	-9999.9	5.0	42
2025 06 08 17	0.26	0.24	2.8	2.9	3.4	0.6	-9999.9	3	66	-9999.9	58	-9999.9	3	17.0	5.6	239	3	1016.3	-9999.9	4.7	91
2025 06 08 18	0.25	0.23	3.8	4.2	8.8	0.49	-9999.9	3	82	-9999.9	43	-9999.9	3	18.9	-9999.9	-9999.9	3	1016.5	-9999.9	3.8	54
2025 06 08 19	0.29	0.27	3.8	4.1	6.6	0.56	-9999.9	3	71	-9999.9	42	-9999.9	3	19.0	23.4	48	3	1016.7	-9999.9	4.4	52
2025 06 08 20	0.34	0.32	3.3	3.3	3.8	0.57	-9999.9	3	78	-9999.9	45	-9999.9	3	18.5	15.3	75	3	1017.2	-9999.9	5.7	47
2025 06 08 21	0.28	0.26	2.8	2.8	3.1	0.42	-9999.9	3	81	-9999.9	46	-9999.9	3	18.5	2.9	180	3	1018.2	-9999.9	5.2	37
2025 06 08 22	0.29	0.28	2.9	2.9	3.2	0.47	-9999.9	3	78	-9999.9	45	-9999.9	3	18.1	5.6	102	3	1018.4	-9999.9	6.4	43
2025 06 08 23	0.33	0.31	3.3	3.3	5.9	0.51	-9999.9	3	70	-9999.9	42	-9999.9	3	18.3	35.3	54	3	1018.4	-9999.9	6.2	46
2025 06 09 00	0.31	0.3	2.8	2.8	3.2	0.47	-9999.9	3	78	-9999.9	45	-9999.9	3	18.2	17.0	81	3	1017.9	-9999.9	6.3	51
2025 06 09 01	0.3	0.29	2.6	2.6	2.6	0.48	-9999.9	3	73	-9999.9	48	-9999.9	3	18.2	9.1	158	3	1017.6	-9999.9	5.8	61
2025 06 09 02	0.25	0.24	2.7	2.7	3.4	0.42	-9999.9	3	96	-9999.9	57	-9999.9	3	17.8	17.3	179	3	1017.7	-9999.9	5.1	38
2025 06 09 03	0.27	0.26	3.1	3.2	3.9	0.48	-9999.9	3	107	-9999.9	52	-9999.9	3	17.6	28.6	181	3	1017.6	-9999.9	4.1	26
2025 06 09 04	0.31	0.3	3.0	3.0	3.8	0.54	-9999.9	3	97	-9999.9	52	-9999.9	3	17.7	15.8	275	3	1017.1	-9999.9	5.8	39
2025 06 09 05	0.45	0.43	3.4	3.4	3.9	0.77	-9999.9	3	95	-9999.9	44	-9999.9	3	17.7	12.0	276	3	1017.8	-9999.9	4.0	76
2025 06 09 06	0.63	0.6	3.7	3.7	5.3	1.03	-9999.9	3	95	-9999.9	39	-9999.9	3	17.5	6.6	225	3	1018.0	-9999.9	5.8	52
2025 06 09 07	0.63	0.6	4.0	3.9	5.6	0.99	-9999.9	3	92	-9999.9	34	-9999.9	3	17.5	8.6	15	3	1018.5	-9999.9	5.1	45
2025 06 09 08	0.76	0.75	4.4	4.3	5.7	1.28	-9999.9	3	90	-9999.9	36	-9999.9	3	18.0	15.4	27	3	1019.3	-9999.9	4.1	36
2025 06 09 09	0.57	0.55	4.1	4.1	6.1	1.03	-9999.9	3	89	-9999.9	43	-9999.9	3	17.9	5.8	32	3	1019.5	-9999.9	4.6	45
2025 06 09 10	0.76	0.73	4.7	4.7	6.3	1.29	-9999.9	3	96	-9999.9	35	-9999.9	3	18.3	5.7	71	3	1019.4	-9999.9	5.7	45
2025 06 09 11	0.77	0.74	4.6	4.7	6.3	1.38	-9999.9	3	100	-9999.9	33	-9999.9	3	18.7	14.3	50	3	1019.5	-9999.9	5.7	58
2025 06 09 12	0.65	0.63	4.6	4.5	6.4	1.06	-9999.9	3	91	-9999.9	35	-9999.9	3	18.4	7.5	74	3	1019.5	-9999.9	5.9	48
2025 06 09 13	0.58	0.56	4.6	4.7	6.4	0.96	-9999.9	3	92	-9999.9	38	-9999.9	3	18.7	17.0	180	3	1019.7	-9999.9	5.6	42
2025 06 09 14	0.61	0.59	4.6	4.6	6.3	1.08	-9999.9	3	87	-9999.9	40	-9999.9	3	18.1	13.9	269	3	1019.4	-9999.9	5.9	64
2025 06 09 15	0.68	0.65	4.8	4.6	6.3	1.03	-9999.9	3	86	-9999.9	42	-9999.9	3	18.5	8.7	305	3	1019.1	-9999.9	5.6	61
2025 06 09 16	0.76	0.73	4.9	4.9	6.5	1.16	-9999.9	3	93	-9999.9	43	-9999.9	3	18.4	3.2	338	3	1018.7	-9999.9	5.3	60
2025 06 09 17	0.74	0.69	4.7	4.8	6.2	1.2	-9999.9	3	108	-9999.9	37	-9999.9	3	18.4	3.2	56	3	1018.6	-9999.9	4.3	57
2025 06 09 18	0.75	0.72	5.8	5.7	7.0	1.1	-9999.9	3	97	-9999.9	35	-9999.9	3	18.6	47.9	27	3	1018.4	-9999.9	3.7	51
2025 06 09 19	0.71	0.68	5.4	5.3	6.7	1.19	-9999.9	3	92	-9999.9	43	-9999.9	3	18.0	36.8	43	3	1018.5	-9999.9	3.2	56
2025 06 09 20	0.97	0.95	5.4	5.3	6.4	1.43	-9999.9	3	102	-9999.9	34	-9999.9	3	18.2	27.7	73	3	1018.6	-9999.9	5.2	63
2025 06 09 21	0.94	0.9	4.8	4.9	6.8	1.6	-9999.9	3	103	-9999.9	34	-9999.9	3	18.3	1.6	173	3	1019.1	-9999.9	5.1	63
2025 06 09 22	0.79	0.76	5.5	5.3	7.1	1.36	-9999.9	3	107	-9999.9	33	-9999.9	3	18.1	0.8	210	3	1019.4	-9999.9	4.3	48
2025 06 09 23	0.84	0.83	5.8	5.6	6.8	1.28	-9999.9	3	112	-9999.9	34	-9999.9	3	18.2	18.9	0	3	1019.8	-9999.9	4.8	52
2025 06 10 00	0.98	0.97	5.9	5.5	6.6	1.38	-9999.9	3	100	-9999.9	38	-9999.9	3	18.0	14.1	165	3	1019.4	-9999.9	4.1	61
2025 06 10 01	0.74	0.72	5.4	5.5	6.8	1.22	-9999.9	3	111	-9999.9	39	-9999.9	3	17.7	27.2	258	3	1019.2	-9999.9	3.4	60
2025 06 10 02	0.68	0.67	5.2	5.1	6.6	1.2	-9999.9	3	97	-9999.9	43	-9999.9	3	18.0	15.0	265	3	1018.1	-9999.9	6.1	44
2025 06 10 03	0.65	0.64	4.7	4.8	6.6	1.01	-9999.9	3	103	-9999.9	42	-9999.9	3	18.5	18.0	299	3	1016.6	-9999.9	6.4	36
2025 06 10 04	0.68	0.66	4.8	4.8	6.8	1.16	-9999.9	3	102	-9999.9	40	-9999.9	3	18.0	16.0	344	3	1018.2	-9999.9	3.9	77
2025 06 10 05	0.77	0.77	5.0	5.0	6.4	1.1	-9999.9	3	103	-9999.9	40	-9999.9	3	17.8	2.6	223	3	1019.3	-9999.9	2.8	334
2025 06 10 06	0.78	0.75	4.6	4.5	6.0	1.16	-9999.9	3	102	-9999.9	40	-9999.9	3	17.7	5.6	189	3	1018.7	-9999.9	4.9	32
2025 06 10 07	0.79	0.75	4.3	4.4	6.1	1.11	-9999.9	3	101	-9999.9	37	-9999.9	3	17.8	9.4	24	3	1019.8	-9999.9	4.2	59
2025 06 10 08	0.77	0.73	4.5	4.5	6.2	1.26	-9999.9	3	82	-9999.9	38	-9999.9	3	18.1	15.1	22	3	1019.9	-9999.9	5.8	48
2025 06 10 09	0.71	0.68	4.0	3.8	5.9	1.07	-9999.9	3	84	-9999.9	41	-9999.9	3	17.8	12.0	62	3	1019.1	-9999.9	5.4	49
2025 06 10 10	0.64	0.6	3.8	3.8	6.3	0.86	-9999.9	3	87	-9999.9	41	-9999.9	3	18.3	14.2	67	3	1017.5	-9999.9	10.2	87
2025 06 10 11	0.66	0.62	3.9	3.7	5.9	0.98	-9999.9	3	93	-9999.9	42	-9999.9	3	18.5	8.5	83	3	1018.9	-9999.9	5.6	28
2025 06 10 12	0.63	0.59	3.8	3.7	6.6	0.92	-9999.9	3	84	-9999.9	42	-9999.9	3	18.6	11.3	74	3	1018.0	-9999.9	3.4	75
2025 06 10 13	0.5	0.46	3.9	3.8	7.0	0.75	-9999.9	3	93	-9999.9	45	-9999.9	3	18.9	3.1	132	3	1017.8	-9999.9	2.4	69
2025 06 10 14	0.5	0.47	4.7	4.7	7.1	0.78	-9999.9	3	95	-9999.9	41	-9999.9	3	18.6	16.6	189	3	1017.0	-9999.9	-9999.9	-9999.9
2025 06 10 15	0.46	0.44	4.6	4.4	6.7	0.66	-9999.9	3	104	-9999.9	50	-9999.9	3	19.3	21.4	248	3	1016.7	-9999.9	1.4	162
2025 06 10 16	0.49	0.47	4.5	4.5	6.4	0.8	-9999.9	3	105	-9999.9	45	-9999.9	3	18.6	13.4	258	3	1016.3	-9999.9	0.9	333
2025 06 10 17	0.54	0.52	4.3	4.2	6.4	0.77	-9999.9	3	110	-9999.9	45	-9999.9	3	18.5	4.8	311	3	1016.3	-9999.9	1.4	173
2025 06 10 18	0.48	0.46	4.8	4.9	6.9	0.81	-9999.9	3	92	-9999.9	37	-9999.9	3	18.7	27.2	21	3	1017.2	-9999.9	1.3	260
2025 06 10 19	0.47	0.44	4.9	5.1	6.8	0.83	-9999.9	3	73	-9999.9	44	-9999.9	3	18.2	40.8	39	3	1017.0	-9999.9	1.2	294
2025 06 10 20	0.51	0.5	5.1	5.0	6.2	0.84	-9999.9	3	90	-9999.9	42	-9999.9	3	18.0	13.3	99	3	1018.2	-9999.9	4.2	241
2025 06 10 21	0.53	0.51	4.7	4.5	6.3	0.86	-9999.9	3	84	-9999.9	45	-9999.9	3	18.3	23.4	76	3	1018.1	-9999.9	3.9	188
2025 06 10 22	0.4	0.38	4.5	4.4	6.8	0.57	-9999.9	3	97	-9999.9	44	-9999.9	3	18.4	5.1	196	3	1017.3	-9999.9	2.9	273
2025 06 10 23	0.37	0.37	5.1	5.0	6.7	0.6	-9999.9	3	92	-9999.9	42	-9999.9	3	18.4	5.0	158	3	1017.2	-9999.9	3.3	216
2025 06 11 00	0.41	0.4	4.8	4.8	7.0	0.65	-9999.9	3	118	-9999.9	39	-9999.9	3	18.2	18.1	175	3	1016.6	-9999.9	2.4	262
2025 06 11 01	0.45	0.43	3.6	3.5	6.7	0.64	-9999.9	3	136	-9999.9	44	-9999.9	3	18.7	23.6	197	3	1017.0	-9999.9	7.4	206
2025 06 11 02	0.53	0.48	3.2	3.3	6.7	1.01	-9999.9	3	165	-9999.9	43	-9999.9	3	18.9	22.0	262	3	1016.5	-9999.9	5.8	254
2025 06 11 03	0.43	0.4	3.8	3.8	6.9	0.7	-9999.9	3	142	-9999.9	49	-9999.9	3	18.8	1.6	274	3	1016.0	-9999.9	5.5	301
2025 06 11 04	0.46	0.42	3.4	3.5	6.8	0.74	-9999.9	3	152	-9999.9	47	-9999.9	3	18.9	12.7	298	3	1016.0	-9999.9	6.3	247
2025 06 11 05	0.49	0.47	3.7	3.7	6.5	0.92	-9999.9	3	155	-9999.9	46	-9999.9	3	18.8	6.7	310	3	1015.2	-9999.9	4.8	275
2025 06 11 06	0.61	0.57	3.7	3.7	6.4	0.87	-9999.9	3	149	-9999.9	45	-9999.9	3	18.4	9.3	202	3	1015.4	-9999.9	5.5	250
2025 06 11 07	0.58	0.54	3.3	3.2	4.8	0.86	-9999.9	3	156	-9999.9	44	-9999.9	3	18.6	17.6	178	3	1015.7	-9999.9	8.0	284
2025 06 11 08	0.42	0.39	4.0	3.9	6.7	0.64	-9999.9	3	93	-9999.9	40	-9999.9	3	18.8	13.0	38	3	1016.1	-9999.9	3.1	261
2025 06 11 09	0.39	0.37	3.4	3.3	6.5	0.55	-9999.9	3	80	-9999.9	57	-9999.9	3	18.3	17.8	16	3	1016.1	-9999.9	7.6	248
2025 06 11 10	0.42	0.38	3.5	3.5	6.9	0.59	-9999.9	3	110	-9999.9	50	-9999.9	3	18.1	17.7	63	3	1016.2	-9999.9	8.5	239
2025 06 11 11	0.41	0.39	2.9	2.8	3.0	0.69	-9999.9	3	192	-9999.9	51	-9999.9	3	18.0	11.9	70	3	1015.8	-9999.9	8.7	235
2025 06 11 12	0.45	0.43	3.0	3.0	2.7	0.67	-9999.9	3	204	-9999.9	52	-9999.9	3	18.3	11.8	50	3	1015.4	-9999.9	9.6	237
2025 06 11 13	0.49	0.45	2.7	2.8	2.6	0.64	-9999.9	3	213	-9999.9	48	-9999.9	3	18.2	6.7	81	3	1014.9	-9999.9	9.9	237
2025 06 11 14	-9999.9	-9999.9	-9999.9	-9999.9	-9999.9	-9999.9	-9999.9	3	-9999.9	-9999.9	-9999.9	-9999.9	3	18.4	11.1	84	3	1014.2	-9999.9	9.6	228
2025 06 11 15	0.61	0.57	3.0	3.1	3.0	0.95	-9999.9	3	207	-9999.9	43	-9999.9	3	18.5	22.3	191	3	1013.7	-9999.9	10.9	231
2025 06 11 16	0.61	0.58	3.1	3.1	3.5	0.92	-9999.9	3	217	-9999.9	40	-9999.9	3	18.4	30.4	169	3	1013.5	-9999.9	10.7	228
2025 06 11 17	0.67	0.64	3.2	3.2	3.4	1.17	-9999.9	3	217	-9999.9	40	-9999.9	3	18.4	21.9	186	3	1013.2	-9999.9	9.8	226
2025 06 11 18	0.61	0.59	2.8	2.8	2.8	1.02	-9999.9	3	227	-9999.9	41	-9999.9	3	18.5	18.6	183	3	1013.4	-9999.9	8.4	240
2025 06 11 19	0.36	0.32	2.7	2.8	3.4	0.55	-9999.9	3	203	-9999.9	56	-9999.9	3	18.4	38.6	4	3	1014.1	-9999.9	9.8	243
2025 06 11 20	0.41	0.37	2.5	2.5	2.3	0.68	-9999.9	3	205	-9999.9	55	-9999.9	3	17.8	18.2	56	3	1014.4	-9999.9	11.0	240
2025 06 11 21	0.55	0.52	2.8	2.8	2.7	0.98	-9999.9	3	205	-9999.9	44	-9999.9	3	17.8	19.1	108	3	1015.1	-9999.9	9.9	242
2025 06 11 22	0.33	0.31	2.8	2.8	2.7	0.55	-9999.9	3	182	-9999.9	53	-9999.9	3	18.5	18.6	192	3	1015.5	-9999.9	7.2	238
2025 06 11 23	0.47	0.45	2.8	2.8	2.9	0.85	-9999.9	3	207	-9999.9	48	-9999.9	3	18.4	26.6	196	3	1015.5	-9999.9	6.3	243
2025 06 12 00	0.37	0.35	2.6	2.6	2.6	0.62	-9999.9	3	208	-9999.9	53	-9999.9	3	18.3	12.0	216	3	1015.2	-9999.9	5.1	238
2025 06 12 01	0.38	0.36	2.5	2.6	2.6	0.61	-9999.9	3	214	-9999.9	52	-9999.9	3	18.2	10.9	200	3	1014.9	-9999.9	1.2	41
2025 06 12 02	0.35	0.33	2.8	2.8	2.7	0.65	-9999.9	3	184	-9999.9	53	-9999.9	3	18.3	22.6	176	3	1014.5	-9999.9	2.3	241
2025 06 12 03	0.43	0.41	2.6	2.7	2.5	0.74	-9999.9	3	209	-9999.9	47	-9999.9	3	17.8	17.1	204	3	1014.2	-9999.9	5.3	234
2025 06 12 04	0.33	0.31	2.6	2.6	2.4	0.51	-9999.9	3	202	-9999.9	54	-9999.9	3	17.7	1.0	107	3	1014.1	-9999.9	4.9	247
2025 06 12 05	0.29	0.27	2.9	2.9	3.6	0.4	-9999.9	3	173	-9999.9	59	-9999.9	3	17.9	12.0	34	3	1014.8	-9999.9	3.8	251
2025 06 12 06	0.33	0.3	3.2	3.1	4.0	0.57	-9999.9	3	201	-9999.9	54	-9999.9	3	17.9	5.0	14	3	1015.0	-9999.9	5.6	279
2025 06 12 07	0.49	0.45	3.2	3.3	6.4	0.92	-9999.9	3	185	-9999.9	45	-9999.9	3	18.4	11.1	193	3	1014.8	-9999.9	8.6	237
2025 06 12 08	0.5	0.46	3.0	3.0	2.9	0.81	-9999.9	3	195	-9999.9	46	-9999.9	3	18.7	9.8	182	3	1014.8	-9999.9	8.5	241
2025 06 12 09	0.45	0.43	2.7	2.7	2.5	0.76	-9999.9	3	213	-9999.9	52	-9999.9	3	18.4	14.6	49	3	1014.9	-9999.9	10.0	242
2025 06 12 10	0.51	0.47	3.0	3.0	2.9	0.96	-9999.9	3	190	-9999.9	47	-9999.9	3	18.3	7.8	52	3	1015.1	-9999.9	10.0	234
2025 06 12 11	0.45	0.42	2.6	2.6	2.5	0.71	-9999.9	3	217	-9999.9	52	-9999.9	3	17.9	20.8	74	3	1014.7	-9999.9	11.1	231
2025 06 12 12	0.4	0.37	2.8	2.8	2.8	0.66	-9999.9	3	209	-9999.9	56	-9999.9	3	17.8	18.8	67	3	1014.3	-9999.9	10.9	234
2025 06 12 13	0.38	0.36	2.8	2.8	2.7	0.57	-9999.9	3	209	-9999.9	62	-9999.9	3	17.7	22.8	74	3	1013.8	-9999.9	10.9	235
2025 06 12 14	0.37	0.35	3.0	3.0	3.0	0.68	-9999.9	3	214	-9999.9	66	-9999.9	3	17.5	37.8	54	3	1013.4	-9999.9	11.3	229
2025 06 12 15	0.45	0.42	3.1	3.1	3.5	0.69	-9999.9	3	192	-9999.9	61	-9999.9	3	17.7	33.5	68	3	1012.6	-9999.9	11.1	229
2025 06 12 16	0.68	0.66	3.1	3.1	3.3	1.16	-9999.9	3	207	-9999.9	38	-9999.9	3	17.5	16.8	102	3	1012.6	-9999.9	11.0	227
2025 06 12 17	0.74	0.71	3.5	3.5	3.6	1.38	-9999.9	3	201	-9999.9	40	-9999.9	3	18.9	37.9	181	3	1012.7	-9999.9	9.3	229
2025 06 12 18	0.7	0.67	3.3	3.3	3.7	1.35	-9999.9	3	200	-9999.9	40	-9999.9	3	18.5	26.6	189	3	1013.2	-9999.9	10.6	225
2025 06 12 19	0.66	0.63	3.0	3.0	3.1	0.93	-9999.9	3	220	-9999.9	46	-9999.9	3	18.5	12.4	180	3	1013.3	-9999.9	10.3	214
2025 06 12 20	0.45	0.42	2.6	2.7	2.5	0.75	-9999.9	3	203	-9999.9	54	-9999.9	3	18.0	7.3	311	3	1013.9	-9999.9	8.7	240
2025 06 12 21	0.49	0.46	2.8	2.8	2.6	0.74	-9999.9	3	188	-9999.9	47	-9999.9	3	17.6	11.2	56	3	1014.5	-9999.9	7.9	232
2025 06 12 22	0.45	0.43	2.7	2.7	2.7	0.67	-9999.9	3	200	-9999.9	47	-9999.9	3	17.4	11.8	127	3	1014.9	-9999.9	8.3	227
2025 06 12 23	0.48	0.46	2.7	2.8	2.7	0.85	-9999.9	3	202	-9999.9	42	-9999.9	3	17.3	3.8	354	3	1015.0	-9999.9	10.1	230
2025 06 13 00	0.54	0.51	2.7	2.7	2.8	0.83	-9999.9	3	204	-9999.9	44	-9999.9	3	17.7	12.7	141	3	1014.8	-9999.9	8.5	247
2025 06 13 01	0.37	0.36	2.7	2.6	2.5	0.63	-9999.9	3	206	-9999.9	56	-9999.9	3	17.1	10.4	43	3	1014.6	-9999.9	8.7	258
2025 06 13 02	0.46	0.44	2.6	2.7	2.6	0.81	-9999.9	3	216	-9999.9	48	-9999.9	3	17.0	21.3	74	3	1014.2	-9999.9	8.8	242
2025 06 13 03	0.45	0.42	2.6	2.7	2.6	0.71	-9999.9	3	196	-9999.9	47	-9999.9	3	16.5	26.8	70	3	1013.9	-9999.9	9.7	244
2025 06 13 04	0.49	0.46	2.7	2.7	2.6	0.73	-9999.9	3	197	-9999.9	45	-9999.9	3	16.9	7.5	109	3	1014.0	-9999.9	9.3	239
2025 06 13 05	0.4	0.36	2.6	2.7	2.4	0.65	-9999.9	3	201	-9999.9	47	-9999.9	3	18.4	7.2	156	3	1014.4	-9999.9	7.9	244
2025 06 13 06	0.47	0.44	3.1	3.2	4.5	0.74	-9999.9	3	201	-9999.9	47	-9999.9	3	18.2	2.9	139	3	1014.9	-9999.9	7.8	231
2025 06 13 07	0.59	0.56	3.4	3.4	3.2	0.88	-9999.9	3	208	-9999.9	39	-9999.9	3	18.2	15.3	218	3	1015.3	-9999.9	9.5	220
2025 06 13 08	0.59	0.57	3.7	3.6	4.8	1.07	-9999.9	3	213	-9999.9	41	-9999.9	3	18.2	23.3	220	3	1015.4	-9999.9	9.3	226
2025 06 13 09	0.59	0.56	3.3	3.3	3.5	1.19	-9999.9	3	216	-9999.9	43	-9999.9	3	18.8	19.4	194	3	1015.5	-9999.9	8.8	231
2025 06 13 10	0.53	0.51	3.0	3.0	3.0	0.81	-9999.9	3	215	-9999.9	47	-9999.9	3	18.6	12.7	176	3	1015.3	-9999.9	8.9	235
2025 06 13 11	0.47	0.45	2.8	2.8	2.8	0.74	-9999.9	3	217	-9999.9	47	-9999.9	3	18.4	9.2	348	3	1015.7	-9999.9	9.5	240
2025 06 13 12	0.44	0.42	2.6	2.6	2.5	0.66	-9999.9	3	209	-9999.9	50	-9999.9	3	18.1	8.8	52	3	1015.3	-9999.9	9.8	228
2025 06 13 13	0.42	0.38	2.9	3.0	4.2	0.66	-9999.9	3	181	-9999.9	54	-9999.9	3	17.7	28.9	60	3	1015.1	-9999.9	9.7	231
2025 06 13 14	0.37	0.35	3.0	3.0	2.9	0.6	-9999.9	3	173	-9999.9	61	-9999.9	3	17.3	31.2	63	3	1014.9	-9999.9	8.9	232
2025 06 13 15	0.27	0.25	3.3	3.4	5.5	0.43	-9999.9	3	133	-9999.9	67	-9999.9	3	17.0	17.5	55	3	1015.2	-9999.9	7.5	240
2025 06 13 16	0.36	0.33	3.1	3.1	4.7	0.54	-9999.9	3	166	-9999.9	58	-9999.9	3	17.0	30.8	47	3	1015.0	-9999.9	6.6	244
2025 06 13 17	0.35	0.33	2.9	2.8	2.7	0.5	-9999.9	3	186	-9999.9	57	-9999.9	3	17.3	16.8	88	3	1014.8	-9999.9	6.7	218
2025 06 13 18	0.34	0.31	3.1	3.0	3.1	0.6	-9999.9	3	185	-9999.9	51	-9999.9	3	17.9	27.9	198	3	1015.1	-9999.9	7.6	226
2025 06 13 19	0.41	0.39	3.1	3.2	4.1	0.76	-9999.9	3	178	-9999.9	51	-9999.9	3	18.3	29.2	184	3	1015.7	-9999.9	7.6	217
2025 06 13 20	0.29	0.28	2.8	2.8	3.3	0.53	-9999.9	3	197	-9999.9	62	-9999.9	3	16.7	11.0	151	3	1016.8	-9999.9	6.6	237
2025 06 13 21	0.21	0.2	3.3	3.2	4.5	0.38	-9999.9	3	77	-9999.9	61	-9999.9	3	16.4	48.4	22	3	1017.6	-9999.9	5.8	242
2025 06 13 22	0.2	0.19	3.5	3.3	5.1	0.41	-9999.9	3	95	-9999.9	61	-9999.9	3	16.2	8.7	85	3	1017.6	-9999.9	2.7	219
2025 06 13 23	0.25	0.23	3.7	3.7	5.1	0.38	-9999.9	3	87	-9999.9	57	-9999.9	3	18.3	54.7	48	3	1017.7	-9999.9	2.3	253
2025 06 14 00	0.19	0.18	3.5	3.5	5.0	0.29	-9999.9	3	136	-9999.9	57	-9999.9	3	17.4	9.7	202	3	1016.7	-9999.9	4.7	235
2025 06 14 01	0.18	0.17	3.5	3.4	4.5	0.37	-9999.9	3	133	-9999.9	55	-9999.9	3	17.9	11.7	210	3	1016.8	-9999.9	5.2	235
2025 06 14 02	0.16	0.15	3.6	3.6	5.1	0.25	-9999.9	3	124	-9999.9	60	-9999.9	3	17.3	13.7	203	3	1016.5	-9999.9	4.4	212
2025 06 14 03	0.17	0.17	4.1	4.0	4.8	0.38	-9999.9	3	140	-9999.9	45	-9999.9	3	16.9	14.4	215	3	1016.4	-9999.9	3.8	227
2025 06 14 04	0.18	0.17	3.7	3.6	5.0	0.28	-9999.9	3	144	-9999.9	56	-9999.9	3	17.2	8.5	146	3	1016.1	-9999.9	0.9	123
2025 06 14 05	0.22	0.21	3.6	3.5	4.5	0.38	-9999.9	3	147	-9999.9	59	-9999.9	3	17.3	5.0	34	3	1016.4	-9999.9	2.3	52
2025 06 14 06	0.24	0.22	3.5	3.4	5.4	0.38	-9999.9	3	129	-9999.9	57	-9999.9	3	17.4	12.8	41	3	1016.7	-9999.9	1.0	6
2025 06 14 07	0.36	0.34	4.0	4.1	7.3	0.66	-9999.9	3	145	-9999.9	50	-9999.9	3	17.1	12.7	35	3	1016.9	-9999.9	2.2	218
2025 06 14 08	0.41	0.38	3.8	3.7	7.8	0.62	-9999.9	3	192	-9999.9	45	-9999.9	3	17.2	3.8	231	3	1017.2	-9999.9	3.6	258
2025 06 14 09	0.42	0.4	3.4	3.3	3.6	0.65	-9999.9	3	201	-9999.9	52	-9999.9	3	17.8	11.6	165	3	1016.8	-9999.9	5.8	214
2025 06 14 10	0.5	0.46	3.1	3.2	2.9	0.87	-9999.9	3	192	-9999.9	50	-9999.9	3	17.6	14.6	179	3	1016.9	-9999.9	7.5	227
2025 06 14 11	0.37	0.36	2.6	2.6	2.5	0.71	-9999.9	3	215	-9999.9	53	-9999.9	3	17.8	2.4	54	3	1017.1	-9999.9	6.3	241
2025 06 14 12	0.22	0.21	3.0	3.0	3.4	0.42	-9999.9	3	110	-9999.9	68	-9999.9	3	17.6	33.3	18	3	1016.8	-9999.9	5.6	230
2025 06 14 13	0.26	0.23	4.0	4.1	8.9	0.44	-9999.9	3	110	-9999.9	52	-9999.9	3	17.7	20.2	35	3	1016.4	-9999.9	5.1	225
2025 06 14 14	0.31	0.29	3.7	3.8	7.1	0.54	-9999.9	3	77	-9999.9	61	-9999.9	3	18.6	21.7	42	3	1016.3	-9999.9	5.3	220
2025 06 14 15	0.27	0.25	3.2	3.3	5.7	0.4	-9999.9	3	135	-9999.9	61	-9999.9	3	18.7	27.0	66	3	1016.3	-9999.9	4.4	216
2025 06 14 16	0.35	0.33	4.3	4.4	7.7	0.7	-9999.9	3	127	-9999.9	54	-9999.9	3	18.0	22.9	39	3	1016.3	-9999.9	3.3	200
2025 06 14 17	0.33	0.3	3.7	3.8	6.4	0.48	-9999.9	3	167	-9999.9	56	-9999.9	3	17.8	21.3	85	3	1016.0	-9999.9	0.9	143
2025 06 14 18	0.4	0.36	3.8	4.0	6.9	0.78	-9999.9	3	174	-9999.9	49	-9999.9	3	18.5	17.3	189	3	1016.1	-9999.9	0.8	127
2025 06 14 19	0.34	0.31	3.7	3.9	5.5	0.67	-9999.9	3	155	-9999.9	58	-9999.9	3	17.7	14.9	172	3	1016.3	-9999.9	0.5	105
2025 06 14 20	0.37	0.36	3.7	3.6	5.0	0.63	-9999.9	3	166	-9999.9	54	-9999.9	3	17.9	29.6	153	3	1016.8	-9999.9	0.4	234
2025 06 14 21	0.3	0.29	3.8	3.7	5.3	0.48	-9999.9	3	112	-9999.9	57	-9999.9	3	17.2	41.8	331	3	1017.3	-9999.9	2.2	223
2025 06 14 22	0.23	0.21	3.5	3.4	4.0	0.44	-9999.9	3	97	-9999.9	60	-9999.9	3	16.6	25.7	45	3	1017.4	-9999.9	3.1	239
2025 06 14 23	-9999.9	-9999.9	-9999.9	-9999.9	-9999.9	-9999.9	-9999.9	3	-9999.9	-9999.9	-9999.9	-9999.9	3	17.0	19.0	98	3	1017.3	-9999.9	4.3	231
2025 06 15 00	0.22	0.21	3.6	3.6	3.7	0.39	-9999.9	3	103	-9999.9	51	-9999.9	3	18.3	31.8	51	3	1017.2	-9999.9	4.6	223
2025 06 15 01	0.19	0.18	3.2	3.2	4.3	0.34	-9999.9	3	130	-9999.9	50	-9999.9	3	17.4	5.8	139	3	1016.6	-9999.9	4.4	239
2025 06 15 02	0.16	0.16	4.1	4.0	6.0	0.25	-9999.9	3	106	-9999.9	52	-9999.9	3	17.8	20.7	41	3	1016.4	-9999.9	1.3	32
2025 06 15 03	0.21	0.2	4.2	4.3	5.5	0.34	-9999.9	3	139	-9999.9	43	-9999.9	3	18.0	22.8	7	3	1016.2	-9999.9	1.2	247
2025 06 15 04	0.28	0.27	3.7	3.7	5.1	0.42	-9999.9	3	147	-9999.9	49	-9999.9	3	17.7	7.9	108	3	1016.3	-9999.9	1.4	11
2025 06 15 05	0.25	0.24	4.4	4.3	5.5	0.44	-9999.9	3	108	-9999.9	46	-9999.9	3	17.5	9.0	109	3	1016.4	-9999.9	1.3	329
2025 06 15 06	0.34	0.33	4.4	4.4	5.7	0.69	-9999.9	3	76	-9999.9	49	-9999.9	3	17.6	12.4	63	3	1016.5	-9999.9	1.8	18
2025 06 15 07	0.36	0.35	4.3	4.3	5.5	0.58	-9999.9	3	107	-9999.9	47	-9999.9	3	17.6	13.0	49	3	1016.8	-9999.9	1.7	182
2025 06 15 08	0.4	0.38	4.3	4.2	5.2	0.73	-9999.9	3	141	-9999.9	53	-9999.9	3	17.7	14.6	148	3	1017.2	-9999.9	1.5	237
2025 06 15 09	0.46	0.44	3.8	3.8	5.8	0.71	-9999.9	3	172	-9999.9	58	-9999.9	3	18.6	13.9	223	3	1017.2	-9999.9	5.7	217
2025 06 15 10	0.5	0.46	3.9	3.9	5.5	0.83	-9999.9	3	183	-9999.9	56	-9999.9	3	18.7	17.0	187	3	1017.3	-9999.9	5.9	227
2025 06 15 11	0.45	0.43	3.4	3.4	4.1	0.75	-9999.9	3	195	-9999.9	52	-9999.9	3	18.9	15.6	196	3	1017.3	-9999.9	5.7	226
2025 06 15 12	0.41	0.37	3.3	3.4	5.3	0.72	-9999.9	3	103	-9999.9	63	-9999.9	3	19.2	8.7	189	3	1017.0	-9999.9	3.4	222
2025 06 15 13	0.29	0.28	3.7	3.7	5.4	0.49	-9999.9	3	133	-9999.9	60	-9999.9	3	19.7	9.7	302	3	1017.0	-9999.9	1.5	199
2025 06 15 14	0.3	0.29	3.8	3.8	5.6	0.45	-9999.9	3	99	-9999.9	59	-9999.9	3	19.1	5.4	62	3	1016.6	-9999.9	0.8	16
2025 06 15 15	0.37	0.35	4.8	4.7	7.4	0.61	-9999.9	3	89	-9999.9	57	-9999.9	3	19.4	10.1	55	3	1016.4	-9999.9	1.7	32
2025 06 15 16	0.38	0.37	4.5	4.5	5.5	0.66	-9999.9	3	103	-9999.9	54	-9999.9	3	18.9	23.4	63	3	1016.1	-9999.9	1.5	28
2025 06 15 17	0.35	0.34	4.3	4.2	6.0	0.51	-9999.9	3	107	-9999.9	59	-9999.9	3	18.0	34.9	48	3	1016.0	-9999.9	1.1	2
2025 06 15 18	0.36	0.34	3.9	3.9	5.6	0.61	-9999.9	3	134	-9999.9	58	-9999.9	3	18.3	13.1	102	3	1016.3	-9999.9	1.7	24
2025 06 15 19	0.42	0.39	4.1	4.2	6.3	0.58	-9999.9	3	141	-9999.9	59	-9999.9	3	18.7	34.9	192	3	1016.8	-9999.9	3.2	11
2025 06 15 20	0.39	0.38	4.2	4.1	5.7	0.69	-9999.9	3	137	-9999.9	50	-9999.9	3	18.9	42.8	184	3	1017.2	-9999.9	4.4	19
2025 06 15 21	0.35	0.32	3.6	3.6	5.8	0.71	-9999.9	3	134	-9999.9	55	-9999.9	3	18.9	24.5	175	3	1018.7	-9999.9	2.8	45
2025 06 15 22	0.25	0.24	4.0	4.0	5.6	0.47	-9999.9	3	100	-9999.9	54	-9999.9	3	18.1	25.3	357	3	1018.8	-9999.9	3.4	20
2025 06 15 23	0.32	0.3	4.0	4.0	5.8	0.51	-9999.9	3	99	-9999.9	48	-9999.9	3	17.6	34.7	33	3	1019.1	-9999.9	1.9	37
2025 06 16 00	0.29	0.28	4.0	3.9	5.1	0.55	-9999.9	3	110	-9999.9	50	-9999.9	3	18.0	16.1	88	3	1019.0	-9999.9	2.9	52
2025 06 16 01	0.26	0.25	3.7	3.7	4.7	0.44	-9999.9	3	119	-9999.9	44	-9999.9	3	19.8	14.7	86	3	1018.6	-9999.9	2.9	26
2025 06 16 02	0.25	0.24	3.3	3.3	5.1	0.38	-9999.9	3	111	-9999.9	48	-9999.9	3	19.7	6.8	158	3	1017.9	-9999.9	3.4	39
2025 06 16 03	0.22	0.21	3.6	3.4	5.6	0.42	-9999.9	3	105	-9999.9	49	-9999.9	3	19.2	2.2	95	3	1017.6	-9999.9	4.9	25
2025 06 16 04	0.26	0.26	4.2	4.1	5.3	0.45	-9999.9	3	109	-9999.9	44	-9999.9	3	19.3	21.4	47	3	1017.4	-9999.9	3.1	39
2025 06 16 05	0.28	0.26	3.7	3.7	5.5	0.48	-9999.9	3	84	-9999.9	52	-9999.9	3	18.8	11.4	82	3	1018.0	-9999.9	3.2	11
2025 06 16 06	0.33	0.32	4.0	3.8	5.4	0.69	-9999.9	3	60	-9999.9	51	-9999.9	3	18.8	8.4	95	3	1018.4	-9999.9	3.6	24
2025 06 16 07	0.35	0.32	4.0	4.1	9.0	0.63	-9999.9	3	102	-9999.9	43	-9999.9	3	19.5	7.2	50	3	1018.6	-9999.9	3.5	25
2025 06 16 08	0.26	0.25	3.7	3.5	5.1	0.39	-9999.9	3	97	-9999.9	52	-9999.9	3	19.5	17.8	21	3	1018.9	-9999.9	3.8	13
2025 06 16 09	0.25	0.24	3.3	3.2	3.8	0.46	-9999.9	3	86	-9999.9	54	-9999.9	3	19.7	3.2	112	3	1019.1	-9999.9	3.6	15
2025 06 16 10	0.35	0.31	3.9	4.1	7.5	0.58	-9999.9	3	90	-9999.9	51	-9999.9	3	19.5	16.6	220	3	1019.6	-9999.9	4.2	42
2025 06 16 11	0.25	0.23	3.2	3.3	4.9	0.42	-9999.9	3	122	-9999.9	58	-9999.9	3	18.6	20.6	217	3	1019.6	-9999.9	4.6	39
2025 06 16 12	0.33	0.31	3.4	3.4	5.5	0.69	-9999.9	3	103	-9999.9	56	-9999.9	3	18.8	15.8	219	3	1019.5	-9999.9	5.4	56
2025 06 16 13	0.36	0.32	3.1	3.4	7.7	0.68	-9999.9	3	116	-9999.9	45	-9999.9	3	18.7	12.2	216	3	1019.4	-9999.9	4.9	64
2025 06 16 14	0.26	0.25	3.1	3.1	4.8	0.4	-9999.9	3	70	-9999.9	51	-9999.9	3	19.1	10.5	314	3	1019.3	-9999.9	5.0	52
2025 06 16 15	0.45	0.43	3.7	3.8	5.7	1.0	-9999.9	3	90	-9999.9	44	-9999.9	3	18.7	19.7	23	3	1019.0	-9999.9	4.2	58
2025 06 16 16	0.37	0.35	3.6	3.7	6.3	0.65	-9999.9	3	93	-9999.9	41	-9999.9	3	18.9	6.1	83	3	1018.7	-9999.9	4.1	40
2025 06 16 17	0.35	0.32	3.1	3.2	4.8	0.54	-9999.9	3	71	-9999.9	47	-9999.9	3	18.9	17.4	65	3	1018.5	-9999.9	5.3	50
2025 06 16 18	0.36	0.32	3.7	3.9	7.9	0.75	-9999.9	3	81	-9999.9	38	-9999.9	3	18.6	17.2	49	3	1018.4	-9999.9	4.8	31
2025 06 16 19	0.33	0.3	3.2	3.3	6.5	0.59	-9999.9	3	81	-9999.9	59	-9999.9	3	18.9	10.4	179	3	1019.1	-9999.9	4.2	37
2025 06 16 20	0.34	0.33	3.7	3.7	5.2	0.61	-9999.9	3	132	-9999.9	51	-9999.9	3	18.8	33.7	196	3	1019.9	-9999.9	4.6	32
2025 06 16 21	0.32	0.3	4.0	4.3	8.3	0.68	-9999.9	3	124	-9999.9	48	-9999.9	3	19.2	65.7	190	3	1020.1	-9999.9	3.8	3
2025 06 16 22	0.35	0.34	3.1	3.2	3.4	0.57	-9999.9	3	124	-9999.9	53	-9999.9	3	19.3	46.3	174	3	1020.6	-9999.9	4.8	24
2025 06 16 23	0.31	0.3	2.8	2.8	2.6	0.52	-9999.9	3	108	-9999.9	54	-9999.9	3	18.5	17.4	23	3	1020.3	-9999.9	4.8	29
2025 06 17 00	0.27	0.26	3.1	3.2	4.3	0.45	-9999.9	3	78	-9999.9	50	-9999.9	3	17.8	18.3	15	3	1020.2	-9999.9	3.6	18
2025 06 17 01	0.28	0.26	3.4	3.5	5.3	0.44	-9999.9	3	95	-9999.9	51	-9999.9	3	17.8	5.7	145	3	1019.0	-9999.9	3.4	50
2025 06 17 02	0.32	0.3	3.6	3.5	4.0	0.67	-9999.9	3	112	-9999.9	47	-9999.9	3	17.9	13.2	143	3	1019.2	-9999.9	3.1	73
2025 06 17 03	0.28	0.26	3.4	3.5	4.3	0.44	-9999.9	3	102	-9999.9	51	-9999.9	3	18.0	3.7	169	3	1019.2	-9999.9	1.8	16
2025 06 17 04	0.34	0.32	4.2	4.3	5.5	0.57	-9999.9	3	95	-9999.9	44	-9999.9	3	18.8	19.5	29	3	1019.1	-9999.9	2.8	18
2025 06 17 05	0.39	0.38	4.1	4.1	5.7	0.65	-9999.9	3	96	-9999.9	47	-9999.9	3	18.6	8.8	98	3	1019.0	-9999.9	3.3	18
2025 06 17 06	0.47	0.46	4.4	4.4	5.5	0.66	-9999.9	3	95	-9999.9	40	-9999.9	3	18.4	12.0	132	3	1019.3	-9999.9	3.2	26
2025 06 17 07	0.49	0.47	4.2	4.2	5.3	0.81	-9999.9	3	108	-9999.9	42	-9999.9	3	18.2	15.2	191	3	1019.9	-9999.9	3.3	30
2025 06 17 08	0.48	0.45	4.1	4.2	5.5	0.76	-9999.9	3	106	-9999.9	38	-9999.9	3	18.6	19.5	176	3	1020.4	-9999.9	3.5	37
2025 06 17 09	0.43	0.41	3.8	3.8	5.4	0.78	-9999.9	3	106	-9999.9	50	-9999.9	3	18.5	8.7	162	3	1020.6	-9999.9	3.3	14
2025 06 17 10	0.53	0.51	4.3	4.3	5.8	0.94	-9999.9	3	95	-9999.9	49	-9999.9	3	18.3	14.2	305	3	1020.9	-9999.9	3.0	55
2025 06 17 11	0.46	0.44	3.8	3.8	5.5	0.7	-9999.9	3	107	-9999.9	46	-9999.9	3	18.5	9.9	219	3	1020.8	-9999.9	2.6	20
2025 06 17 12	0.53	0.5	3.9	3.9	5.3	0.96	-9999.9	3	109	-9999.9	45	-9999.9	3	19.4	14.6	187	3	1020.7	-9999.9	2.5	11
2025 06 17 13	0.68	0.64	4.0	4.0	5.2	1.16	-9999.9	3	121	-9999.9	42	-9999.9	3	19.5	13.6	173	3	1020.3	-9999.9	2.3	17
2025 06 17 14	0.52	0.5	3.9	3.9	5.4	0.74	-9999.9	3	97	-9999.9	46	-9999.9	3	19.3	8.6	38	3	1019.8	-9999.9	1.9	18
2025 06 17 15	0.49	0.47	4.0	3.9	5.4	0.91	-9999.9	3	82	-9999.9	42	-9999.9	3	18.8	27.8	22	3	1019.0	-9999.9	2.3	16
2025 06 17 16	0.46	0.43	4.1	4.2	5.8	0.63	-9999.9	3	95	-9999.9	43	-9999.9	3	19.6	18.6	30	3	1018.4	-9999.9	1.6	6
2025 06 17 17	0.38	0.37	4.2	4.2	6.1	0.72	-9999.9	3	83	-9999.9	39	-9999.9	3	19.5	13.3	56	3	1018.0	-9999.9	2.4	4
2025 06 17 18	0.46	0.43	4.5	4.5	6.0	0.74	-9999.9	3	90	-9999.9	40	-9999.9	3	19.3	23.4	51	3	1018.3	-9999.9	2.2	11
2025 06 17 19	0.39	0.37	4.0	3.9	6.3	0.67	-9999.9	3	93	-9999.9	47	-9999.9	3	18.9	8.2	90	3	1018.8	-9999.9	2.2	357
2025 06 17 20	0.4	0.37	3.6	3.6	6.1	0.67	-9999.9	3	128	-9999.9	48	-9999.9	3	18.4	15.7	219	3	1019.3	-9999.9	2.4	28
2025 06 17 21	0.42	0.4	4.1	4.0	5.9	0.71	-9999.9	3	105	-9999.9	49	-9999.9	3	18.3	21.2	190	3	1020.2	-9999.9	3.2	25
2025 06 17 22	0.38	0.37	4.2	4.1	5.8	0.64	-9999.9	3	121	-9999.9	44	-9999.9	3	19.0	51.5	174	3	1020.7	-9999.9	3.1	53
2025 06 17 23	0.27	0.26	3.8	3.7	5.9	0.38	-9999.9	3	113	-9999.9	51	-9999.9	3	18.7	9.5	46	3	1020.3	-9999.9	2.0	30
2025 06 18 00	0.31	0.3	4.5	4.4	5.7	0.45	-9999.9	3	88	-9999.9	45	-9999.9	3	18.4	54.6	29	3	1020.2	-9999.9	1.2	203
2025 06 18 01	0.31	0.3	4.3	4.3	5.5	0.48	-9999.9	3	104	-9999.9	42	-9999.9	3	18.4	25.3	69	3	1020.1	-9999.9	6.6	229
2025 06 18 02	0.33	0.32	4.4	4.2	5.7	0.49	-9999.9	3	108	-9999.9	43	-9999.9	3	18.7	20.3	80	3	1019.7	-9999.9	2.0	274
2025 06 18 03	0.35	0.33	4.5	4.5	5.4	0.55	-9999.9	3	104	-9999.9	40	-9999.9	3	18.6	21.1	78	3	1019.5	-9999.9	3.3	356
2025 06 18 04	0.29	0.28	4.6	4.7	6.0	0.47	-9999.9	3	92	-9999.9	39	-9999.9	3	19.3	14.9	47	3	1019.0	-9999.9	4.5	352
2025 06 18 05	0.32	0.31	4.7	4.4	5.8	0.6	-9999.9	3	86	-9999.9	40	-9999.9	3	19.2	14.7	10	3	1019.3	-9999.9	1.8	252
2025 06 18 06	0.34	0.32	4.4	4.3	5.6	0.56	-9999.9	3	101	-9999.9	43	-9999.9	3	18.8	8.6	97	3	1019.5	-9999.9	1.0	65
2025 06 18 07	0.42	0.39	4.6	4.6	5.7	0.73	-9999.9	3	104	-9999.9	37	-9999.9	3	19.1	11.5	161	3	1019.8	-9999.9	2.6	347
2025 06 18 08	0.37	0.35	4.6	4.7	5.5	0.58	-9999.9	3	105	-9999.9	37	-9999.9	3	18.2	14.5	187	3	1020.1	-9999.9	3.4	353
2025 06 18 09	0.4	0.39	4.3	4.2	5.7	0.94	-9999.9	3	112	-9999.9	47	-9999.9	3	18.2	14.5	164	3	1020.5	-9999.9	3.5	57
2025 06 18 10	0.43	0.39	4.2	4.5	6.0	0.79	-9999.9	3	101	-9999.9	44	-9999.9	3	18.8	10.5	177	3	1020.8	-9999.9	2.0	4
2025 06 18 11	0.38	0.37	4.3	4.1	5.7	0.62	-9999.9	3	117	-9999.9	45	-9999.9	3	19.4	10.8	217	3	1020.8	-9999.9	2.6	53
2025 06 18 12	0.39	0.38	4.2	4.0	5.8	0.7	-9999.9	3	126	-9999.9	54	-9999.9	3	20.1	24.7	215	3	1020.5	-9999.9	2.7	63
2025 06 18 13	0.39	0.37	3.9	3.9	6.0	0.79	-9999.9	3	127	-9999.9	44	-9999.9	3	20.2	26.3	198	3	1020.2	-9999.9	1.2	73
2025 06 18 14	0.3	0.28	3.6	3.5	5.8	0.52	-9999.9	3	106	-9999.9	50	-9999.9	3	20.5	5.7	257	3	1019.5	-9999.9	3.2	100
2025 06 18 15	0.36	0.33	3.8	3.8	6.1	0.64	-9999.9	3	84	-9999.9	47	-9999.9	3	19.6	15.5	328	3	1019.0	-9999.9	2.1	114
2025 06 18 16	0.37	0.35	4.3	4.4	5.8	0.69	-9999.9	3	99	-9999.9	39	-9999.9	3	19.4	12.0	52	3	1018.8	-9999.9	0.6	123
2025 06 18 17	0.38	0.37	3.9	3.9	5.5	0.66	-9999.9	3	110	-9999.9	53	-9999.9	3	19.4	6.4	66	3	1018.5	-9999.9	-9999.9	-9999.9
2025 06 18 18	0.35	0.32	3.8	3.9	5.9	0.56	-9999.9	3	111	-9999.9	43	-9999.9	3	19.4	6.1	92	3	1018.6	-9999.9	-9999.9	-9999.9
2025 06 18 19	0.36	0.34	3.5	3.7	5.8	0.55	-9999.9	3	100	-9999.9	49	-9999.9	3	19.5	14.1	61	3	1019.0	-9999.9	-9999.9	-9999.9
2025 06 18 20	0.36	0.34	3.6	3.6	4.5	0.57	-9999.9	3	106	-9999.9	50	-9999.9	3	19.2	8.6	45	3	1019.3	-9999.9	-9999.9	-9999.9
2025 06 18 21	0.35	0.32	3.9	4.1	8.4	0.71	-9999.9	3	108	-9999.9	42	-9999.9	3	18.7	26.6	92	3	1019.9	-9999.9	2.6	40
2025 06 18 22	0.24	0.23	3.7	3.5	5.6	0.42	-9999.9	3	115	-9999.9	46	-9999.9	3	19.8	38.4	185	3	1019.7	-9999.9	3.7	352
2025 06 18 23	0.23	0.22	3.3	3.4	5.0	0.43	-9999.9	3	126	-9999.9	44	-9999.9	3	19.0	31.3	187	3	1019.3	-9999.9	4.5	351
2025 06 19 00	0.18	0.17	3.5	3.4	4.8	0.27	-9999.9	3	137	-9999.9	50	-9999.9	3	19.0	11.4	153	3	1019.0	-9999.9	4.1	45
2025 06 19 01	0.16	0.16	3.7	3.5	5.3	0.26	-9999.9	3	96	-9999.9	52	-9999.9	3	19.3	25.1	13	3	1019.6	-9999.9	3.8	28
2025 06 19 02	0.21	0.21	3.3	3.3	4.7	0.35	-9999.9	3	97	-9999.9	51	-9999.9	3	18.7	18.6	88	3	1020.2	-9999.9	3.5	46
2025 06 19 03	0.21	0.21	3.5	3.5	4.4	0.35	-9999.9	3	113	-9999.9	49	-9999.9	3	18.8	10.2	54	3	1020.0	-9999.9	2.6	6
2025 06 19 04	0.23	0.23	3.5	3.5	4.9	0.43	-9999.9	3	137	-9999.9	45	-9999.9	3	18.8	14.4	175	3	1019.3	-9999.9	3.9	352
2025 06 19 05	0.21	0.2	3.5	3.5	5.3	0.4	-9999.9	3	100	-9999.9	49	-9999.9	3	18.7	10.9	163	3	1018.8	-9999.9	4.8	5
2025 06 19 06	0.22	0.21	4.0	3.9	4.8	0.36	-9999.9	3	98	-9999.9	46	-9999.9	3	18.5	10.9	167	3	1018.4	-9999.9	4.6	1
2025 06 19 07	0.21	0.19	3.6	3.6	5.1	0.45	-9999.9	3	84	-9999.9	60	-9999.9	3	18.8	3.2	236	3	1018.4	-9999.9	3.8	26
2025 06 19 08	0.24	0.23	4.3	4.3	10.1	0.43	-9999.9	3	121	-9999.9	45	-9999.9	3	18.2	17.0	213	3	1018.6	-9999.9	3.0	49
2025 06 19 09	0.26	0.24	3.5	3.7	6.0	0.49	-9999.9	3	79	-9999.9	52	-9999.9	3	18.6	11.3	237	3	1018.4	-9999.9	3.1	46
2025 06 19 10	0.33	0.3	3.8	4.3	6.9	0.64	-9999.9	3	73	-9999.9	47	-9999.9	3	19.3	12.2	315	3	1018.8	-9999.9	2.1	48
2025 06 19 11	0.28	0.27	3.5	3.5	5.7	0.5	-9999.9	3	113	-9999.9	50	-9999.9	3	19.1	8.9	335	3	1018.8	-9999.9	1.6	14
2025 06 19 12	0.26	0.25	3.6	3.7	5.4	0.46	-9999.9	3	69	-9999.9	51	-9999.9	3	18.9	9.2	307	3	1018.5	-9999.9	2.2	38
2025 06 19 13	0.3	0.27	3.6	4.0	7.3	0.79	-9999.9	3	109	-9999.9	43	-9999.9	3	18.8	7.9	288	3	1018.3	-9999.9	2.2	23
2025 06 19 14	0.33	0.32	3.5	3.6	4.7	0.55	-9999.9	3	121	-9999.9	49	-9999.9	3	19.2	5.2	293	3	1018.1	-9999.9	2.6	14
2025 06 19 15	0.36	0.35	3.6	3.7	4.7	0.58	-9999.9	3	100	-9999.9	46	-9999.9	3	19.1	6.5	16	3	1017.6	-9999.9	2.7	4
2025 06 19 16	0.35	0.32	3.8	3.9	7.1	0.51	-9999.9	3	87	-9999.9	45	-9999.9	3	19.3	19.8	15	3	1017.1	-9999.9	2.7	34
2025 06 19 17	0.34	0.32	3.6	3.7	4.2	0.61	-9999.9	3	97	-9999.9	45	-9999.9	3	19.0	7.7	40	3	1016.9	-9999.9	2.6	31
2025 06 19 18	0.29	0.26	3.7	4.0	9.0	0.53	-9999.9	3	110	-9999.9	43	-9999.9	3	19.3	4.7	160	3	1017.1	-9999.9	2.8	24
2025 06 19 19	0.25	0.24	3.6	3.5	5.2	0.42	-9999.9	3	72	-9999.9	48	-9999.9	3	19.3	3.0	0	3	1017.6	-9999.9	4.3	31
2025 06 19 20	0.27	0.25	3.5	3.5	6.3	0.42	-9999.9	3	90	-9999.9	46	-9999.9	3	20.0	17.5	58	3	1018.2	-9999.9	3.3	38
2025 06 19 21	0.3	0.28	4.0	4.3	7.7	0.57	-9999.9	3	100	-9999.9	40	-9999.9	3	19.4	12.0	98	3	1018.6	-9999.9	2.8	23
2025 06 19 22	0.17	0.16	3.2	3.2	4.2	0.29	-9999.9	3	84	-9999.9	55	-9999.9	3	18.9	23.6	174	3	1018.8	-9999.9	3.7	1
2025 06 19 23	0.17	0.16	3.6	3.6	5.9	0.38	-9999.9	3	138	-9999.9	49	-9999.9	3	19.4	29.4	209	3	1018.8	-9999.9	4.4	14
2025 06 20 00	0.2	0.2	3.3	3.1	4.3	0.35	-9999.9	3	108	-9999.9	54	-9999.9	3	19.5	19.3	236	3	1018.5	-9999.9	4.6	28
2025 06 20 01	0.21	0.2	3.0	3.0	4.3	0.38	-9999.9	3	101	-9999.9	51	-9999.9	3	18.9	7.5	88	3	1018.7	-9999.9	4.2	33
2025 06 20 02	0.24	0.23	3.6	3.5	4.3	0.44	-9999.9	3	72	-9999.9	53	-9999.9	3	19.7	-9999.9	-9999.9	3	1018.9	-9999.9	3.5	47
2025 06 20 03	0.27	0.26	3.4	3.4	3.8	0.46	-9999.9	3	117	-9999.9	54	-9999.9	3	20.2	25.7	56	3	1019.2	-9999.9	3.2	41
2025 06 20 04	0.3	0.28	3.0	2.9	3.4	0.43	-9999.9	3	85	-9999.9	49	-9999.9	3	20.0	6.5	71	3	1019.4	-9999.9	2.1	44
2025 06 20 05	0.32	0.31	3.0	3.0	3.4	0.46	-9999.9	3	93	-9999.9	47	-9999.9	3	19.7	9.6	139	3	1019.5	-9999.9	3.0	17
2025 06 20 06	0.26	0.25	3.2	3.2	3.5	0.41	-9999.9	3	72	-9999.9	49	-9999.9	3	20.3	7.1	78	3	1019.7	-9999.9	4.5	62
2025 06 20 07	0.34	0.31	3.5	3.7	8.7	0.53	-9999.9	3	79	-9999.9	39	-9999.9	3	20.8	8.5	40	3	1019.9	-9999.9	3.3	52
2025 06 20 08	0.31	0.29	4.0	4.1	9.4	0.61	-9999.9	3	113	-9999.9	43	-9999.9	3	19.8	15.3	165	3	1020.2	-9999.9	2.4	351
2025 06 20 09	0.28	0.27	3.6	3.6	4.3	0.49	-9999.9	3	77	-9999.9	54	-9999.9	3	19.2	19.4	217	3	1020.0	-9999.9	3.6	1
2025 06 20 10	0.37	0.35	3.8	3.8	8.1	0.62	-9999.9	3	98	-9999.9	47	-9999.9	3	19.8	16.4	183	3	1020.1	-9999.9	2.9	38
2025 06 20 11	0.32	0.31	3.8	3.7	5.2	0.6	-9999.9	3	115	-9999.9	43	-9999.9	3	20.0	6.5	101	3	1020.0	-9999.9	2.2	40
2025 06 20 12	0.32	0.31	3.6	3.6	3.9	0.52	-9999.9	3	85	-9999.9	52	-9999.9	3	20.0	1.1	225	3	1019.9	-9999.9	2.3	27
2025 06 20 13	0.32	0.31	3.4	3.5	3.9	0.58	-9999.9	3	126	-9999.9	51	-9999.9	3	20.5	1.8	225	3	1019.6	-9999.9	1.5	29
2025 06 20 14	0.39	0.37	3.4	3.4	4.0	0.64	-9999.9	3	125	-9999.9	49	-9999.9	3	20.1	9.3	181	3	1019.1	-9999.9	1.2	79
2025 06 20 15	0.52	0.5	3.7	3.7	3.8	0.8	-9999.9	3	113	-9999.9	47	-9999.9	3	20.3	4.9	193	3	1019.0	-9999.9	1.5	47
2025 06 20 16	0.39	0.37	3.5	3.6	4.8	0.71	-9999.9	3	58	-9999.9	46	-9999.9	3	20.5	10.2	10	3	1018.6	-9999.9	2.3	24
2025 06 20 17	0.34	0.33	3.6	3.5	4.2	0.56	-9999.9	3	91	-9999.9	51	-9999.9	3	21.0	14.0	22	3	1018.2	-9999.9	2.5	9
2025 06 20 18	0.37	0.34	3.9	3.9	5.7	0.59	-9999.9	3	105	-9999.9	42	-9999.9	3	21.6	6.4	65	3	1018.3	-9999.9	3.1	31
2025 06 20 19	0.34	0.33	3.8	3.7	4.5	0.52	-9999.9	3	75	-9999.9	46	-9999.9	3	21.2	1.5	217	3	1018.4	-9999.9	3.7	18
2025 06 20 20	0.3	0.29	3.5	3.5	4.3	0.47	-9999.9	3	87	-9999.9	46	-9999.9	3	21.2	5.2	18	3	1018.6	-9999.9	3.4	4
2025 06 20 21	0.41	0.38	4.1	4.1	8.0	0.76	-9999.9	3	97	-9999.9	41	-9999.9	3	20.9	7.5	111	3	1018.6	-9999.9	3.5	357
2025 06 20 22	0.3	0.29	4.0	4.1	4.9	0.42	-9999.9	3	90	-9999.9	42	-9999.9	3	19.6	14.3	161	3	1018.2	-9999.9	3.8	344
2025 06 20 23	0.29	0.28	3.9	3.9	5.0	0.48	-9999.9	3	86	-9999.9	41	-9999.9	3	19.8	12.0	184	3	1017.6	-9999.9	5.6	359
2025 06 21 00	0.24	0.23	3.7	3.7	4.7	0.39	-9999.9	3	106	-9999.9	51	-9999.9	3	19.3	10.4	212	3	1017.6	-9999.9	3.1	9
2025 06 21 01	0.26	0.25	3.6	3.6	4.8	0.44	-9999.9	3	97	-9999.9	45	-9999.9	3	19.3	14.9	190	3	1017.0	-9999.9	5.3	358
2025 06 21 02	0.3	0.29	3.5	3.5	4.8	0.5	-9999.9	3	101	-9999.9	47	-9999.9	3	19.4	12.7	154	3	1017.1	-9999.9	3.3	21
2025 06 21 03	0.24	0.23	4.0	3.9	4.7	0.37	-9999.9	3	89	-9999.9	51	-9999.9	3	19.8	42.6	354	3	1017.4	-9999.9	1.8	5
2025 06 21 04	0.35	0.34	4.1	4.1	4.9	0.53	-9999.9	3	119	-9999.9	40	-9999.9	3	19.5	25.6	52	3	1017.3	-9999.9	1.4	329
2025 06 21 05	0.31	0.29	3.6	3.6	4.4	0.49	-9999.9	3	90	-9999.9	44	-9999.9	3	19.6	8.8	85	3	1017.7	-9999.9	1.2	327
2025 06 21 06	0.31	0.29	3.4	3.5	4.4	0.49	-9999.9	3	94	-9999.9	47	-9999.9	3	19.7	4.7	187	3	1017.9	-9999.9	3.1	9
2025 06 21 07	0.33	0.31	4.1	4.3	9.9	0.54	-9999.9	3	77	-9999.9	37	-9999.9	3	19.5	3.3	223	3	1018.2	-9999.9	3.3	353
2025 06 21 08	0.26	0.26	3.9	3.8	5.2	0.61	-9999.9	3	86	-9999.9	54	-9999.9	3	20.0	12.4	166	3	1018.2	-9999.9	4.0	11
2025 06 21 09	0.31	0.3	4.2	4.1	5.2	0.58	-9999.9	3	106	-9999.9	57	-9999.9	3	19.8	15.9	185	3	1018.1	-9999.9	3.2	28
2025 06 21 10	0.41	0.39	4.4	4.3	5.7	0.6	-9999.9	3	105	-9999.9	43	-9999.9	3	20.0	24.0	160	3	1018.4	-9999.9	2.4	22
2025 06 21 11	0.39	0.38	4.0	4.0	5.2	0.55	-9999.9	3	98	-9999.9	46	-9999.9	3	20.0	13.1	167	3	1018.5	-9999.9	1.6	5
2025 06 21 12	0.37	0.36	3.9	4.0	5.3	0.58	-9999.9	3	86	-9999.9	53	-9999.9	3	20.1	19.1	10	3	1018.1	-9999.9	2.1	26
2025 06 21 13	0.4	0.37	4.3	4.4	5.4	0.66	-9999.9	3	122	-9999.9	52	-9999.9	3	19.9	11.1	254	3	1017.9	-9999.9	2.0	43
2025 06 21 14	0.4	0.38	3.9	4.0	4.9	0.65	-9999.9	3	142	-9999.9	58	-9999.9	3	21.0	10.9	231	3	1017.3	-9999.9	2.0	6
2025 06 21 15	0.43	0.41	3.7	3.8	4.6	0.67	-9999.9	3	130	-9999.9	51	-9999.9	3	20.7	6.9	165	3	1016.6	-9999.9	1.9	44
2025 06 21 16	0.33	0.31	4.4	4.3	8.7	0.5	-9999.9	3	91	-9999.9	42	-9999.9	3	21.8	21.4	17	3	1016.2	-9999.9	1.3	62
2025 06 21 17	0.37	0.35	3.5	3.4	3.6	0.59	-9999.9	3	93	-9999.9	57	-9999.9	3	20.6	10.4	43	3	1015.6	-9999.9	1.8	18
2025 06 21 18	0.41	0.38	3.7	3.7	4.3	0.68	-9999.9	3	97	-9999.9	45	-9999.9	3	21.1	9.4	86	3	1015.4	-9999.9	2.5	21
2025 06 21 19	0.34	0.32	3.5	3.6	6.0	0.54	-9999.9	3	75	-9999.9	47	-9999.9	3	20.6	6.9	187	3	1015.9	-9999.9	1.3	137
2025 06 21 20	0.32	0.29	3.7	3.8	5.6	0.59	-9999.9	3	92	-9999.9	44	-9999.9	3	20.1	4.8	112	3	1016.3	-9999.9	2.0	47
2025 06 21 21	0.38	0.36	4.2	4.1	6.0	0.71	-9999.9	3	115	-9999.9	47	-9999.9	3	19.6	4.4	0	3	1017.4	-9999.9	1.1	2
2025 06 21 22	0.24	0.23	3.5	3.5	5.0	0.54	-9999.9	3	90	-9999.9	54	-9999.9	3	20.1	18.6	153	3	1017.8	-9999.9	0.9	272
2025 06 21 23	0.28	0.27	3.8	3.8	4.7	0.42	-9999.9	3	113	-9999.9	58	-9999.9	3	20.6	8.1	92	3	1017.7	-9999.9	1.6	8
2025 06 22 00	0.24	0.23	3.8	3.8	5.1	0.43	-9999.9	3	130	-9999.9	55	-9999.9	3	20.2	3.9	263	3	1017.6	-9999.9	2.7	240
2025 06 22 01	0.27	0.25	3.9	3.9	5.2	0.46	-9999.9	3	100	-9999.9	55	-9999.9	3	20.0	7.7	19	3	1017.4	-9999.9	4.3	257
2025 06 22 02	0.27	0.26	3.7	3.6	4.6	0.44	-9999.9	3	144	-9999.9	61	-9999.9	3	19.9	4.9	191	3	1017.3	-9999.9	1.6	13
2025 06 22 03	0.28	0.26	3.4	3.4	4.6	0.48	-9999.9	3	168	-9999.9	55	-9999.9	3	20.0	29.5	173	3	1017.1	-9999.9	0.9	207
2025 06 22 04	0.26	0.25	3.3	3.2	4.6	0.44	-9999.9	3	127	-9999.9	52	-9999.9	3	20.1	2.9	84	3	1016.9	-9999.9	3.7	229
2025 06 22 05	0.24	0.23	3.6	3.5	4.6	0.37	-9999.9	3	82	-9999.9	56	-9999.9	3	20.3	9.8	39	3	1017.2	-9999.9	2.5	337
2025 06 22 06	0.28	0.27	3.5	3.4	4.1	0.55	-9999.9	3	110	-9999.9	55	-9999.9	3	19.7	1.6	195	3	1017.6	-9999.9	1.7	24
2025 06 22 07	0.32	0.3	3.9	4.0	7.1	0.57	-9999.9	3	97	-9999.9	44	-9999.9	3	19.7	5.4	119	3	1017.6	-9999.9	3.1	19
2025 06 22 08	0.32	0.3	3.8	3.9	5.0	0.56	-9999.9	3	112	-9999.9	47	-9999.9	3	19.7	6.9	136	3	1018.1	-9999.9	1.8	11
2025 06 22 09	0.23	0.21	3.9	4.0	5.6	0.4	-9999.9	3	56	-9999.9	57	-9999.9	3	19.7	11.7	149	3	1018.2	-9999.9	1.3	52
2025 06 22 10	0.3	0.28	4.2	4.4	9.2	0.5	-9999.9	3	98	-9999.9	57	-9999.9	3	20.1	13.5	170	3	1018.2	-9999.9	2.2	2
2025 06 22 11	0.29	0.27	3.8	3.8	5.7	0.53	-9999.9	3	150	-9999.9	57	-9999.9	3	20.6	10.6	180	3	1018.0	-9999.9	3.0	50
2025 06 22 12	0.28	0.27	4.2	4.1	5.4	0.49	-9999.9	3	134	-9999.9	63	-9999.9	3	21.2	21.1	225	3	1017.7	-9999.9	2.9	45
2025 06 22 13	0.32	0.29	4.1	4.3	7.9	0.6	-9999.9	3	142	-9999.9	57	-9999.9	3	21.1	2.6	208	3	1017.2	-9999.9	2.7	22
2025 06 22 14	0.3	0.29	3.8	3.7	4.7	0.41	-9999.9	3	174	-9999.9	56	-9999.9	3	21.0	9.8	238	3	1016.7	-9999.9	4.0	56
2025 06 22 15	0.35	0.32	3.9	4.1	5.2	0.57	-9999.9	3	160	-9999.9	53	-9999.9	3	20.8	16.5	210	3	1016.4	-9999.9	5.3	37
2025 06 22 16	0.31	0.29	3.5	3.4	4.5	0.51	-9999.9	3	102	-9999.9	57	-9999.9	3	21.5	4.8	243	3	1016.0	-9999.9	5.4	28
2025 06 22 18	0.37	0.35	3.9	3.8	7.8	0.55	-9999.9	3	114	-9999.9	51	-9999.9	3	20.3	1.1	248	3	1015.4	-9999.9	4.3	71
2025 06 22 19	0.3	0.27	3.4	3.6	7.2	0.61	-9999.9	3	74	-9999.9	60	-9999.9	3	20.4	0.8	263	3	1015.6	-9999.9	3.5	19
2025 06 22 20	0.26	0.25	3.5	3.3	5.3	0.36	-9999.9	3	111	-9999.9	55	-9999.9	3	20.6	11.5	225	3	1015.8	-9999.9	4.0	31
2025 06 22 21	0.36	0.33	4.0	4.2	9.4	0.77	-9999.9	3	98	-9999.9	43	-9999.9	3	20.3	10.0	121	3	1016.1	-9999.9	4.6	344
2025 06 22 22	0.26	0.25	3.5	3.5	4.5	0.41	-9999.9	3	119	-9999.9	50	-9999.9	3	20.3	4.4	148	3	1016.8	-9999.9	3.7	19
2025 06 22 23	0.3	0.28	3.9	4.1	5.3	0.48	-9999.9	3	125	-9999.9	48	-9999.9	3	20.3	8.1	126	3	1017.5	-9999.9	1.4	53
2025 06 23 00	0.32	0.3	4.0	4.1	5.3	0.55	-9999.9	3	142	-9999.9	41	-9999.9	3	20.5	8.0	78	3	1017.0	-9999.9	3.2	26
2025 06 23 01	0.31	0.29	3.9	3.9	4.7	0.66	-9999.9	3	154	-9999.9	51	-9999.9	3	20.6	2.1	270	3	1016.5	-9999.9	4.1	308
2025 06 23 02	0.35	0.34	3.8	3.7	5.2	0.53	-9999.9	3	154	-9999.9	53	-9999.9	3	20.2	10.7	20	3	1016.4	-9999.9	3.1	83
2025 06 23 03	0.32	0.31	3.8	3.8	4.5	0.47	-9999.9	3	162	-9999.9	55	-9999.9	3	20.0	5.3	212	3	1016.3	-9999.9	1.4	44
2025 06 23 04	0.37	0.35	3.8	3.8	4.8	0.56	-9999.9	3	163	-9999.9	53	-9999.9	3	20.4	6.0	185	3	1016.3	-9999.9	3.9	72
2025 06 23 05	0.39	0.37	3.4	3.4	4.7	0.8	-9999.9	3	146	-9999.9	56	-9999.9	3	20.7	6.5	247	3	1016.5	-9999.9	4.5	59
2025 06 23 06	0.38	0.36	3.9	3.9	5.7	0.6	-9999.9	3	105	-9999.9	49	-9999.9	3	20.5	2.2	0	3	1016.7	-9999.9	3.4	56
2025 06 23 07	0.39	0.37	4.0	4.1	5.3	0.65	-9999.9	3	99	-9999.9	43	-9999.9	3	20.5	7.2	7	3	1016.9	-9999.9	3.4	63
2025 06 23 08	0.43	0.41	4.1	4.1	4.9	0.73	-9999.9	3	91	-9999.9	41	-9999.9	3	20.5	5.5	129	3	1016.9	-9999.9	2.7	344
2025 06 23 09	0.41	0.4	4.1	4.1	5.0	0.7	-9999.9	3	85	-9999.9	45	-9999.9	3	20.7	12.1	180	3	1017.3	-9999.9	1.6	354
2025 06 23 10	0.52	0.5	4.5	4.4	5.1	0.89	-9999.9	3	87	-9999.9	41	-9999.9	3	20.4	9.6	98	3	1017.6	-9999.9	2.3	15
2025 06 23 11	0.57	0.57	4.8	4.6	5.5	1.08	-9999.9	3	91	-9999.9	42	-9999.9	3	20.8	10.8	117	3	1017.4	-9999.9	1.7	48
2025 06 23 12	0.6	0.59	4.9	4.8	5.6	0.94	-9999.9	3	91	-9999.9	41	-9999.9	3	21.6	7.7	120	3	1017.1	-9999.9	2.3	62
2025 06 23 13	0.65	0.63	5.0	4.8	5.9	1.18	-9999.9	3	103	-9999.9	43	-9999.9	3	20.6	8.2	27	3	1016.6	-9999.9	3.0	230
2025 06 23 14	0.69	0.67	4.8	4.9	6.0	1.15	-9999.9	3	117	-9999.9	45	-9999.9	3	20.9	9.8	313	3	1016.5	-9999.9	3.0	219
2025 06 23 15	0.79	0.76	4.6	4.6	5.9	1.2	-9999.9	3	118	-9999.9	46	-9999.9	3	21.5	7.3	209	3	1016.1	-9999.9	2.4	233
2025 06 23 16	0.85	0.82	4.7	4.6	6.1	1.38	-9999.9	3	114	-9999.9	42	-9999.9	3	22.5	7.5	231	3	1015.9	-9999.9	4.9	233
2025 06 23 17	0.72	0.7	4.3	4.2	6.1	1.09	-9999.9	3	111	-9999.9	41	-9999.9	3	21.5	2.0	252	3	1016.0	-9999.9	5.8	290
2025 06 23 18	0.6	0.58	4.5	4.4	6.3	0.99	-9999.9	3	112	-9999.9	51	-9999.9	3	21.2	1.7	329	3	1016.6	-9999.9	4.6	250
2025 06 23 19	0.64	0.62	5.0	4.8	6.3	1.09	-9999.9	3	100	-9999.9	47	-9999.9	3	21.1	9.8	239	3	1016.6	-9999.9	5.3	233
2025 06 23 20	0.63	0.6	4.5	4.5	6.1	1.18	-9999.9	3	117	-9999.9	42	-9999.9	3	20.8	14.2	228	3	1016.7	-9999.9	7.1	238
2025 06 23 21	0.67	0.62	4.1	4.1	6.4	1.01	-9999.9	3	124	-9999.9	44	-9999.9	3	20.4	20.2	215	3	1016.9	-9999.9	8.1	225
2025 06 23 22	0.62	0.58	3.8	3.8	6.6	1.02	-9999.9	3	128	-9999.9	41	-9999.9	3	20.2	5.4	191	3	1017.5	-9999.9	7.3	232
2025 06 23 23	0.64	0.62	4.4	4.3	6.6	1.26	-9999.9	3	129	-9999.9	41	-9999.9	3	19.8	16.2	192	3	1017.2	-9999.9	5.9	232
2025 06 24 00	0.85	0.79	4.4	4.5	6.5	1.72	-9999.9	3	128	-9999.9	40	-9999.9	3	19.7	20.1	188	3	1017.0	-9999.9	5.8	234
2025 06 24 01	0.7	0.68	4.8	4.8	6.7	1.17	-9999.9	3	109	-9999.9	46	-9999.9	3	19.6	10.2	170	3	1016.0	-9999.9	4.0	238
2025 06 24 02	0.66	0.63	4.4	4.7	6.9	1.06	-9999.9	3	119	-9999.9	47	-9999.9	3	19.7	8.2	80	3	1016.0	-9999.9	7.1	222
2025 06 24 03	0.72	0.7	4.9	4.8	6.6	1.08	-9999.9	3	114	-9999.9	42	-9999.9	3	19.5	28.5	29	3	1015.6	-9999.9	6.7	241
2025 06 24 04	0.84	0.82	5.4	5.4	6.9	1.29	-9999.9	3	119	-9999.9	36	-9999.9	3	19.3	2.2	352	3	1015.1	-9999.9	1.1	176
2025 06 24 05	0.88	0.85	5.7	5.3	6.7	1.66	-9999.9	3	110	-9999.9	40	-9999.9	3	19.2	4.9	189	3	1015.4	-9999.9	1.8	245
2025 06 24 06	0.87	0.85	5.1	5.2	6.6	1.34	-9999.9	3	116	-9999.9	40	-9999.9	3	19.8	6.2	77	3	1015.5	-9999.9	2.7	223
2025 06 24 07	0.73	0.71	5.3	5.0	6.5	0.98	-9999.9	3	96	-9999.9	41	-9999.9	3	19.8	7.4	36	3	1015.7	-9999.9	3.4	223
2025 06 24 08	0.66	0.63	4.3	4.3	6.5	1.04	-9999.9	3	116	-9999.9	40	-9999.9	3	19.9	8.9	0	3	1015.8	-9999.9	7.3	234
2025 06 24 09	0.66	0.64	4.2	4.0	6.3	1.31	-9999.9	3	119	-9999.9	44	-9999.9	3	19.4	6.9	67	3	1015.7	-9999.9	9.2	218
2025 06 24 10	0.71	0.66	3.6	3.6	6.3	1.11	-9999.9	3	154	-9999.9	42	-9999.9	3	18.8	3.5	167	3	1015.5	-9999.9	9.7	236
2025 06 24 11	0.7	0.65	3.4	3.4	6.1	1.08	-9999.9	3	169	-9999.9	43	-9999.9	3	18.7	12.1	71	3	1015.7	-9999.9	10.5	243
2025 06 24 12	0.6	0.55	3.2	3.3	6.3	0.96	-9999.9	3	150	-9999.9	52	-9999.9	3	19.1	27.0	66	3	1015.5	-9999.9	11.0	231
2025 06 24 13	0.52	0.48	3.6	3.5	6.4	0.79	-9999.9	3	127	-9999.9	55	-9999.9	3	18.4	41.5	57	3	1015.1	-9999.9	11.2	235
2025 06 24 14	0.5	0.47	3.5	3.5	6.4	0.78	-9999.9	3	132	-9999.9	50	-9999.9	3	18.0	37.9	68	3	1014.4	-9999.9	11.1	231
2025 06 24 15	0.53	0.48	3.5	3.5	5.8	0.79	-9999.9	3	164	-9999.9	43	-9999.9	3	19.4	17.7	159	3	1014.3	-9999.9	10.7	226
2025 06 24 16	0.59	0.55	3.3	3.4	3.2	0.97	-9999.9	3	196	-9999.9	44	-9999.9	3	19.3	28.2	196	3	1014.2	-9999.9	10.7	225
2025 06 24 17	0.57	0.55	3.1	3.1	3.2	0.94	-9999.9	3	218	-9999.9	46	-9999.9	3	18.5	13.5	172	3	1014.0	-9999.9	10.7	239
2025 06 24 18	0.55	0.52	2.9	2.9	2.8	1.05	-9999.9	3	229	-9999.9	45	-9999.9	3	18.0	2.4	327	3	1014.5	-9999.9	10.6	262
2025 06 24 19	0.46	0.43	2.7	2.8	2.6	0.75	-9999.9	3	226	-9999.9	46	-9999.9	3	18.5	5.2	318	3	1014.7	-9999.9	9.6	243
2025 06 24 20	0.45	0.42	2.9	2.9	2.7	0.7	-9999.9	3	194	-9999.9	47	-9999.9	3	19.3	10.5	187	3	1015.6	-9999.9	8.5	234
2025 06 24 21	0.38	0.34	3.7	3.8	9.6	0.66	-9999.9	3	124	-9999.9	45	-9999.9	3	19.8	28.4	186	3	1016.6	-9999.9	5.7	231
2025 06 24 22	0.36	0.33	3.0	3.0	2.7	0.64	-9999.9	3	166	-9999.9	60	-9999.9	3	19.6	24.5	211	3	1016.8	-9999.9	4.9	243
2025 06 24 23	0.32	0.3	2.8	2.8	2.5	0.52	-9999.9	3	203	-9999.9	58	-9999.9	3	18.5	14.8	224	3	1017.0	-9999.9	3.5	247
2025 06 25 00	0.3	0.28	3.4	3.5	6.2	0.46	-9999.9	3	142	-9999.9	52	-9999.9	3	18.8	7.3	227	3	1016.8	-9999.9	4.5	252
2025 06 25 01	0.31	0.28	3.4	3.3	6.1	0.48	-9999.9	3	142	-9999.9	58	-9999.9	3	18.5	22.5	176	3	1016.7	-9999.9	3.0	260
2025 06 25 02	0.36	0.33	3.0	3.0	6.0	0.51	-9999.9	3	169	-9999.9	55	-9999.9	3	18.1	10.9	244	3	1016.3	-9999.9	1.5	276
2025 06 25 03	0.24	0.22	3.2	3.2	6.1	0.38	-9999.9	3	127	-9999.9	60	-9999.9	3	18.5	24.3	358	3	1016.4	-9999.9	1.4	240
2025 06 25 04	0.29	0.27	3.3	3.3	5.7	0.46	-9999.9	3	193	-9999.9	55	-9999.9	3	18.8	15.6	328	3	1016.0	-9999.9	5.2	276
2025 06 25 05	0.32	0.3	3.5	3.5	5.8	0.44	-9999.9	3	160	-9999.9	55	-9999.9	3	18.4	5.9	276	3	1016.3	-9999.9	3.9	251
2025 06 25 06	0.39	0.37	3.7	3.7	5.3	0.64	-9999.9	3	296	-9999.9	65	-9999.9	3	19.1	4.8	259	3	1016.6	-9999.9	2.5	256
2025 06 25 07	0.42	0.4	3.7	3.7	5.2	0.73	-9999.9	3	209	-9999.9	55	-9999.9	3	19.1	11.0	295	3	1017.1	-9999.9	5.2	242
2025 06 25 08	0.37	0.34	3.2	3.2	4.6	0.54	-9999.9	3	203	-9999.9	55	-9999.9	3	19.0	5.6	340	3	1017.4	-9999.9	-9999.9	-9999.9
2025 06 25 09	0.39	0.36	2.8	2.9	3.5	0.62	-9999.9	3	244	-9999.9	57	-9999.9	3	18.9	14.4	340	3	1017.9	-9999.9	-9999.9	-9999.9
2025 06 25 10	0.44	0.4	2.8	2.8	2.7	0.63	-9999.9	3	220	-9999.9	47	-9999.9	3	18.2	9.6	318	3	1018.2	-9999.9	9.4	244
2025 06 25 11	0.51	0.48	2.9	2.9	2.8	0.76	-9999.9	3	210	-9999.9	40	-9999.9	3	18.2	8.5	13	3	1017.5	-9999.9	10.8	234
2025 06 25 12	0.53	0.5	2.9	2.9	2.9	0.85	-9999.9	3	229	-9999.9	45	-9999.9	3	18.4	8.8	49	3	1017.2	-9999.9	11.3	221
2025 06 25 13	0.55	0.51	2.8	2.8	2.9	0.86	-9999.9	3	215	-9999.9	54	-9999.9	3	18.7	31.9	63	3	1016.7	-9999.9	11.7	240
2025 06 25 14	0.55	0.51	2.8	2.9	2.8	0.89	-9999.9	3	204	-9999.9	62	-9999.9	3	17.2	39.7	32	3	1016.1	-9999.9	11.3	232
2025 06 25 15	0.51	0.49	2.9	2.9	3.1	0.86	-9999.9	3	200	-9999.9	55	-9999.9	3	17.7	45.5	77	3	1015.6	-9999.9	10.4	226
2025 06 25 16	0.57	0.54	3.2	3.3	3.2	1.02	-9999.9	3	191	-9999.9	43	-9999.9	3	19.3	13.4	155	3	1015.4	-9999.9	10.3	226
2025 06 25 17	0.47	0.44	3.2	3.2	3.2	0.74	-9999.9	3	196	-9999.9	52	-9999.9	3	18.9	31.0	206	3	1015.3	-9999.9	8.2	218
2025 06 25 18	0.5	0.48	3.0	3.0	3.1	0.77	-9999.9	3	210	-9999.9	52	-9999.9	3	19.3	17.3	174	3	1015.6	-9999.9	9.4	231
2025 06 25 19	0.4	0.39	2.5	2.5	2.4	0.67	-9999.9	3	238	-9999.9	58	-9999.9	3	18.0	10.0	15	3	1016.1	-9999.9	9.3	220
2025 06 25 20	0.31	0.3	2.5	2.4	2.3	0.59	-9999.9	3	197	-9999.9	59	-9999.9	3	17.6	2.1	87	3	1016.6	-9999.9	7.8	218
2025 06 25 21	0.4	0.37	3.1	3.1	3.5	0.7	-9999.9	3	167	-9999.9	41	-9999.9	3	19.5	24.2	157	3	1017.2	-9999.9	8.4	226
2025 06 25 22	0.41	0.4	2.9	2.9	3.0	0.72	-9999.9	3	191	-9999.9	48	-9999.9	3	19.5	43.1	185	3	1017.6	-9999.9	7.8	222
2025 06 25 23	0.52	0.49	3.1	3.1	3.2	1.13	-9999.9	3	190	-9999.9	44	-9999.9	3	19.4	38.7	178	3	1017.7	-9999.9	6.8	227
2025 06 26 00	0.42	0.41	2.6	2.6	2.7	0.83	-9999.9	3	215	-9999.9	51	-9999.9	3	19.0	14.2	154	3	1017.1	-9999.9	5.9	237
2025 06 26 01	0.38	0.36	2.6	2.6	2.7	0.63	-9999.9	3	229	-9999.9	49	-9999.9	3	18.6	8.9	102	3	1016.6	-9999.9	4.5	205
2025 06 26 02	0.47	0.45	2.8	2.8	3.0	0.79	-9999.9	3	214	-9999.9	45	-9999.9	3	17.5	2.9	131	3	1016.1	-9999.9	4.8	251
2025 06 26 03	0.51	0.48	2.8	2.9	3.0	0.77	-9999.9	3	211	-9999.9	46	-9999.9	3	18.0	15.6	28	3	1015.7	-9999.9	5.8	231
2025 06 26 04	0.41	0.39	2.6	2.6	2.5	0.71	-9999.9	3	192	-9999.9	55	-9999.9	3	17.5	17.9	38	3	1016.0	-9999.9	8.0	236
2025 06 26 05	0.35	0.33	2.6	2.7	2.6	0.5	-9999.9	3	208	-9999.9	57	-9999.9	3	17.2	20.4	62	3	1016.2	-9999.9	7.9	241
2025 06 26 06	0.41	0.39	3.0	3.0	5.1	0.6	-9999.9	3	190	-9999.9	55	-9999.9	3	16.9	5.1	108	3	1016.6	-9999.9	7.1	243
2025 06 26 07	0.42	0.4	3.4	3.3	3.2	0.69	-9999.9	3	194	-9999.9	56	-9999.9	3	19.3	12.1	185	3	1016.9	-9999.9	7.7	230
2025 06 26 08	0.46	0.43	3.4	3.5	4.2	0.74	-9999.9	3	192	-9999.9	46	-9999.9	3	19.2	24.0	157	3	1017.4	-9999.9	8.4	229
2025 06 26 09	0.4	0.39	3.1	3.1	3.1	0.6	-9999.9	3	197	-9999.9	53	-9999.9	3	19.6	11.0	185	3	1017.4	-9999.9	6.7	225
2025 06 26 10	0.39	0.35	3.2	3.2	7.4	0.73	-9999.9	3	157	-9999.9	53	-9999.9	3	19.6	9.7	179	3	1017.5	-9999.9	6.6	226
2025 06 26 11	0.36	0.34	2.9	3.0	2.7	0.54	-9999.9	3	189	-9999.9	49	-9999.9	3	19.6	10.3	227	3	1017.7	-9999.9	6.6	218
2025 06 26 12	0.32	0.29	3.0	3.1	7.6	0.53	-9999.9	3	140	-9999.9	65	-9999.9	3	19.4	2.3	137	3	1017.4	-9999.9	6.2	223
2025 06 26 13	0.28	0.27	3.3	3.3	3.6	0.45	-9999.9	3	216	-9999.9	56	-9999.9	3	18.5	4.5	352	3	1017.1	-9999.9	5.2	225
2025 06 26 14	0.24	0.22	3.7	3.6	5.7	0.37	-9999.9	3	156	-9999.9	65	-9999.9	3	18.2	12.0	24	3	1016.7	-9999.9	4.0	222
2025 06 26 15	0.3	0.29	3.9	3.9	5.1	0.55	-9999.9	3	118	-9999.9	61	-9999.9	3	17.4	23.7	45	3	1016.5	-9999.9	3.0	242
2025 06 26 16	0.31	0.29	3.5	3.6	4.5	0.45	-9999.9	3	119	-9999.9	68	-9999.9	3	16.5	26.4	75	3	1016.5	-9999.9	0.7	25
2025 06 26 17	0.28	0.27	3.8	3.7	4.5	0.44	-9999.9	3	202	-9999.9	50	-9999.9	3	-9999.9	20.3	221	3	1016.6	-9999.9	1.7	65
2025 06 26 18	0.34	0.32	4.0	3.8	8.7	0.51	-9999.9	3	177	-9999.9	49	-9999.9	3	-9999.9	30.2	209	3	1017.1	-9999.9	0.7	76
2025 06 26 19	0.32	0.3	3.4	3.7	5.8	0.6	-9999.9	3	143	-9999.9	54	-9999.9	3	20.0	17.3	197	3	1017.7	-9999.9	1.1	93
2025 06 26 20	0.2	0.19	3.2	3.1	4.7	0.35	-9999.9	3	133	-9999.9	68	-9999.9	3	19.9	6.3	291	3	1018.5	-9999.9	1.9	40
2025 06 26 21	0.28	0.26	4.3	4.4	6.1	0.54	-9999.9	3	78	-9999.9	48	-9999.9	3	19.6	5.8	304	3	1019.4	-9999.9	2.5	359
2025 06 26 22	0.22	0.21	3.7	3.6	4.3	0.39	-9999.9	3	128	-9999.9	58	-9999.9	3	18.2	1.8	351	3	1019.7	-9999.9	4.1	8
2025 06 26 23	0.25	0.25	3.7	3.6	3.6	0.4	-9999.9	3	137	-9999.9	48	-9999.9	3	18.8	32.1	204	3	1020.0	-9999.9	4.1	8
2025 06 27 00	0.2	0.2	3.0	3.0	3.3	0.38	-9999.9	3	109	-9999.9	61	-9999.9	3	17.6	30.1	217	3	1019.8	-9999.9	3.9	0
2025 06 27 01	0.17	0.17	3.5	3.2	4.0	0.43	-9999.9	3	125	-9999.9	68	-9999.9	3	16.8	37.4	256	3	1019.8	-9999.9	3.6	5
2025 06 27 02	0.18	0.17	3.5	3.5	4.7	0.33	-9999.9	3	306	-9999.9	62	-9999.9	3	17.1	49.3	242	3	1019.7	-9999.9	3.4	29
2025 06 27 03	0.25	0.24	3.7	3.6	3.8	0.41	-9999.9	3	193	-9999.9	50	-9999.9	3	17.3	32.6	240	3	1020.1	-9999.9	2.6	56
2025 06 27 04	0.17	0.17	3.3	3.1	5.5	0.32	-9999.9	3	161	-9999.9	64	-9999.9	3	17.3	16.0	257	3	1020.2	-9999.9	3.0	18
2025 06 27 05	0.17	0.16	3.3	3.4	5.0	0.24	-9999.9	3	159	-9999.9	64	-9999.9	3	17.7	16.2	313	3	1020.5	-9999.9	4.5	10
2025 06 27 06	0.25	0.23	3.9	4.0	6.2	0.45	-9999.9	3	47	-9999.9	46	-9999.9	3	17.7	4.5	24	3	1020.9	-9999.9	4.3	358
2025 06 27 07	0.22	0.21	3.4	3.4	5.9	0.39	-9999.9	3	51	-9999.9	50	-9999.9	3	17.9	6.6	339	3	1021.6	-9999.9	3.9	9
2025 06 27 08	0.25	0.23	3.7	3.8	8.5	0.56	-9999.9	3	123	-9999.9	49	-9999.9	3	17.8	2.8	333	3	1022.0	-9999.9	4.0	44
2025 06 27 09	0.23	0.21	3.5	3.7	6.4	0.57	-9999.9	3	56	-9999.9	50	-9999.9	3	18.6	4.9	261	3	1022.4	-9999.9	4.7	42
2025 06 27 10	0.31	0.27	3.9	4.2	7.5	0.82	-9999.9	3	106	-9999.9	46	-9999.9	3	18.7	3.8	292	3	1022.9	-9999.9	4.5	36
2025 06 27 11	0.21	0.19	3.0	3.0	3.5	0.32	-9999.9	3	66	-9999.9	62	-9999.9	3	18.4	6.3	329	3	1023.3	-9999.9	4.7	52
2025 06 27 12	0.24	0.22	3.2	3.4	6.6	0.47	-9999.9	3	33	-9999.9	46	-9999.9	3	19.1	13.2	309	3	1022.9	-9999.9	4.7	50
2025 06 27 13	0.26	0.25	2.9	2.9	3.7	0.46	-9999.9	3	72	-9999.9	52	-9999.9	3	18.4	3.7	265	3	1022.6	-9999.9	4.5	38
2025 06 27 14	0.27	0.24	3.3	3.4	6.8	0.54	-9999.9	3	74	-9999.9	46	-9999.9	3	18.7	6.8	341	3	1022.0	-9999.9	4.5	45
2025 06 27 15	0.21	0.2	3.0	3.0	3.5	0.36	-9999.9	3	84	-9999.9	59	-9999.9	3	19.1	7.0	50	3	1021.7	-9999.9	4.1	45
2025 06 27 16	0.25	0.24	3.2	3.3	3.9	0.5	-9999.9	3	71	-9999.9	53	-9999.9	3	18.2	44.1	38	3	1021.4	-9999.9	3.3	43
2025 06 27 17	0.23	0.22	3.3	3.4	6.5	0.43	-9999.9	3	66	-9999.9	55	-9999.9	3	18.6	8.0	102	3	1021.0	-9999.9	3.8	11
2025 06 27 18	0.2	0.19	3.1	3.1	3.5	0.32	-9999.9	3	127	-9999.9	56	-9999.9	3	18.8	16.6	208	3	1021.1	-9999.9	4.3	36
2025 06 27 19	0.21	0.2	3.2	3.2	4.5	0.36	-9999.9	3	128	-9999.9	60	-9999.9	3	18.9	22.3	205	3	1021.4	-9999.9	4.4	38
2025 06 27 20	0.26	0.24	3.3	3.4	6.4	0.5	-9999.9	3	142	-9999.9	53	-9999.9	3	19.1	8.3	208	3	1022.1	-9999.9	3.8	17
2025 06 27 21	0.19	0.18	3.2	3.1	4.1	0.34	-9999.9	3	71	-9999.9	59	-9999.9	3	18.5	14.2	353	3	1022.7	-9999.9	4.3	39
2025 06 27 22	0.28	0.26	3.7	3.7	5.7	0.46	-9999.9	3	74	-9999.9	44	-9999.9	3	17.5	23.6	56	3	1023.1	-9999.9	3.4	18
2025 06 27 23	0.24	0.22	3.7	4.0	6.9	0.51	-9999.9	3	115	-9999.9	42	-9999.9	3	17.9	19.0	173	3	1023.0	-9999.9	3.9	0
2025 06 28 00	0.28	0.27	3.3	3.3	3.2	0.43	-9999.9	3	136	-9999.9	45	-9999.9	3	18.2	32.9	200	3	1022.7	-9999.9	3.4	2
2025 06 28 01	0.19	0.19	3.5	3.4	5.0	0.32	-9999.9	3	86	-9999.9	53	-9999.9	3	18.0	11.8	233	3	1022.3	-9999.9	3.0	13
2025 06 28 02	0.23	0.22	4.2	4.2	5.6	0.57	-9999.9	3	102	-9999.9	42	-9999.9	3	17.9	14.5	197	3	1022.0	-9999.9	2.9	16
2025 06 28 03	0.34	0.33	4.5	4.3	5.4	0.54	-9999.9	3	106	-9999.9	42	-9999.9	3	18.0	22.2	157	3	1021.6	-9999.9	3.2	12
2025 06 28 04	0.35	0.34	4.2	4.2	5.5	0.57	-9999.9	3	124	-9999.9	39	-9999.9	3	18.2	13.7	195	3	1021.4	-9999.9	3.1	25
2025 06 28 05	0.33	0.31	4.1	4.1	5.5	0.55	-9999.9	3	119	-9999.9	47	-9999.9	3	17.9	9.1	306	3	1021.5	-9999.9	3.4	355
2025 06 28 06	0.36	0.34	3.9	3.8	5.5	0.52	-9999.9	3	93	-9999.9	46	-9999.9	3	18.3	9.1	55	3	1021.7	-9999.9	3.5	30
2025 06 28 07	0.45	0.43	4.5	4.4	5.4	0.64	-9999.9	3	96	-9999.9	42	-9999.9	3	18.6	14.6	40	3	1022.3	-9999.9	3.8	20
2025 06 28 08	0.42	0.4	4.0	4.0	5.0	0.63	-9999.9	3	103	-9999.9	45	-9999.9	3	18.3	7.9	335	3	1022.8	-9999.9	3.6	50
2025 06 28 09	0.47	0.45	4.2	4.1	5.4	0.69	-9999.9	3	93	-9999.9	43	-9999.9	3	18.5	5.5	178	3	1023.1	-9999.9	3.9	35
2025 06 28 10	0.5	0.49	4.2	4.2	5.1	0.85	-9999.9	3	103	-9999.9	42	-9999.9	3	19.1	5.9	188	3	1023.3	-9999.9	4.3	26
2025 06 28 11	0.42	0.4	3.8	3.7	5.1	0.65	-9999.9	3	103	-9999.9	44	-9999.9	3	19.2	5.9	237	3	1023.2	-9999.9	4.1	14
2025 06 28 12	0.38	0.37	3.9	4.0	5.3	0.64	-9999.9	3	98	-9999.9	53	-9999.9	3	19.3	3.3	335	3	1022.7	-9999.9	3.9	55
2025 06 28 13	0.4	0.38	4.3	4.5	6.7	0.66	-9999.9	3	109	-9999.9	39	-9999.9	3	19.7	6.6	351	3	1022.4	-9999.9	3.7	53
2025 06 28 14	0.37	0.35	4.3	4.4	5.3	0.6	-9999.9	3	100	-9999.9	38	-9999.9	3	18.8	7.0	73	3	1021.9	-9999.9	3.4	65
2025 06 28 15	0.36	0.33	4.1	4.2	5.8	0.88	-9999.9	3	103	-9999.9	37	-9999.9	3	19.4	15.7	93	3	1021.7	-9999.9	3.2	52
2025 06 28 16	0.36	0.34	3.9	4.0	7.4	0.78	-9999.9	3	99	-9999.9	43	-9999.9	3	18.9	16.8	61	3	1021.3	-9999.9	3.2	38
2025 06 28 17	0.26	0.25	3.8	3.8	5.5	0.43	-9999.9	3	97	-9999.9	46	-9999.9	3	19.1	8.1	213	3	1020.9	-9999.9	3.5	34
2025 06 28 18	0.29	0.28	4.0	4.0	5.1	0.49	-9999.9	3	79	-9999.9	46	-9999.9	3	20.1	12.3	189	3	1021.0	-9999.9	3.9	37
2025 06 28 19	0.3	0.28	4.1	4.2	5.9	0.47	-9999.9	3	98	-9999.9	42	-9999.9	3	19.2	21.5	178	3	1021.2	-9999.9	4.0	26
2025 06 28 20	0.33	0.31	3.9	3.9	5.0	0.49	-9999.9	3	118	-9999.9	47	-9999.9	3	18.7	9.7	186	3	1021.1	-9999.9	4.0	20
2025 06 28 21	0.23	0.22	3.9	3.9	5.3	0.36	-9999.9	3	81	-9999.9	49	-9999.9	3	18.3	41.2	4	3	1021.6	-9999.9	3.1	20
2025 06 28 22	0.26	0.25	4.1	4.1	6.5	0.51	-9999.9	3	85	-9999.9	46	-9999.9	3	18.1	23.0	49	3	1021.7	-9999.9	3.9	21
2025 06 28 23	0.28	0.27	4.3	4.4	5.5	0.43	-9999.9	3	103	-9999.9	43	-9999.9	3	18.3	29.8	67	3	1021.7	-9999.9	3.3	35
2025 06 29 00	0.29	0.27	4.1	4.1	5.4	0.44	-9999.9	3	117	-9999.9	43	-9999.9	3	18.8	11.0	36	3	1021.3	-9999.9	3.3	53
2025 06 29 01	0.28	0.27	3.4	3.3	4.0	0.47	-9999.9	3	109	-9999.9	52	-9999.9	3	18.8	2.6	169	3	1020.8	-9999.9	3.4	18
2025 06 29 02	0.23	0.22	3.8	3.8	4.8	0.37	-9999.9	3	107	-9999.9	51	-9999.9	3	18.2	12.4	190	3	1020.2	-9999.9	3.1	14
2025 06 29 03	0.28	0.26	3.8	3.8	4.8	0.48	-9999.9	3	106	-9999.9	44	-9999.9	3	18.6	2.3	20	3	1019.9	-9999.9	3.5	13
2025 06 29 04	0.32	0.31	4.1	4.1	5.1	0.74	-9999.9	3	138	-9999.9	39	-9999.9	3	18.8	2.9	131	3	1019.7	-9999.9	3.3	1
2025 06 29 05	0.31	0.3	3.7	3.6	4.8	0.44	-9999.9	3	121	-9999.9	46	-9999.9	3	18.8	6.6	6	3	1019.6	-9999.9	2.8	2
2025 06 29 06	0.34	0.33	3.8	3.7	4.9	0.58	-9999.9	3	107	-9999.9	46	-9999.9	3	18.7	1.8	151	3	1019.7	-9999.9	3.2	6
2025 06 29 07	0.35	0.33	4.1	4.1	5.4	0.64	-9999.9	3	100	-9999.9	42	-9999.9	3	18.6	9.7	44	3	1020.2	-9999.9	3.1	8
2025 06 29 08	0.38	0.36	4.0	4.2	5.1	0.7	-9999.9	3	105	-9999.9	42	-9999.9	3	18.8	4.2	161	3	1020.6	-9999.9	3.4	24
2025 06 29 09	0.32	0.31	3.6	3.6	4.7	0.62	-9999.9	3	98	-9999.9	50	-9999.9	3	19.1	6.7	203	3	1020.8	-9999.9	2.7	26
2025 06 29 10	0.39	0.36	3.9	4.0	6.1	0.58	-9999.9	3	104	-9999.9	44	-9999.9	3	19.1	17.6	202	3	1020.8	-9999.9	2.7	29
2025 06 29 11	0.36	0.34	3.5	3.5	4.7	0.57	-9999.9	3	113	-9999.9	47	-9999.9	3	19.9	18.0	178	3	1020.8	-9999.9	3.0	24
2025 06 29 12	0.33	0.31	3.7	3.7	4.8	0.53	-9999.9	3	81	-9999.9	46	-9999.9	3	19.7	7.0	175	3	1020.5	-9999.9	2.1	12
2025 06 29 13	0.35	0.33	4.2	4.4	5.1	0.7	-9999.9	3	96	-9999.9	41	-9999.9	3	19.7	19.0	344	3	1019.9	-9999.9	1.7	14
2025 06 29 14	0.31	0.3	4.0	4.0	5.0	0.54	-9999.9	3	97	-9999.9	40	-9999.9	3	19.8	10.0	52	3	1019.4	-9999.9	2.5	14
2025 06 29 15	0.3	0.29	4.2	4.3	6.8	0.52	-9999.9	3	103	-9999.9	40	-9999.9	3	19.3	8.9	107	3	1018.9	-9999.9	2.7	11
2025 06 29 16	0.3	0.29	3.8	3.8	6.4	0.54	-9999.9	3	97	-9999.9	51	-9999.9	3	19.2	10.0	151	3	1018.4	-9999.9	2.2	4
2025 06 29 17	0.28	0.26	4.0	4.0	5.8	0.44	-9999.9	3	102	-9999.9	46	-9999.9	3	20.1	7.8	41	3	1017.7	-9999.9	2.3	21
2025 06 29 18	0.24	0.23	3.4	3.4	5.0	0.34	-9999.9	3	109	-9999.9	52	-9999.9	3	18.7	8.1	43	3	1017.3	-9999.9	2.6	347
2025 06 29 19	0.29	0.25	3.9	4.4	7.5	0.57	-9999.9	3	59	-9999.9	39	-9999.9	3	19.6	16.2	206	3	1017.3	-9999.9	2.4	357
2025 06 29 20	0.29	0.28	3.5	3.4	4.7	0.54	-9999.9	3	105	-9999.9	54	-9999.9	3	19.6	17.9	212	3	1017.4	-9999.9	3.1	22
2025 06 29 21	0.25	0.24	3.6	3.7	5.4	0.45	-9999.9	3	84	-9999.9	54	-9999.9	3	19.7	7.4	313	3	1017.8	-9999.9	3.0	15
2025 06 29 22	0.21	0.2	3.7	3.7	4.9	0.33	-9999.9	3	86	-9999.9	56	-9999.9	3	18.3	44.2	13	3	1018.1	-9999.9	2.9	20
2025 06 29 23	0.28	0.26	4.2	4.1	6.0	0.47	-9999.9	3	101	-9999.9	44	-9999.9	3	18.2	16.6	65	3	1017.9	-9999.9	2.7	23
2025 06 30 00	0.24	0.24	4.0	3.9	5.0	0.39	-9999.9	3	93	-9999.9	55	-9999.9	3	18.7	29.4	69	3	1017.4	-9999.9	4.0	17
2025 06 30 01	0.26	0.25	3.9	3.9	4.3	0.44	-9999.9	3	117	-9999.9	43	-9999.9	3	19.0	16.5	26	3	1016.9	-9999.9	4.9	341
2025 06 30 02	0.24	0.23	3.5	3.6	4.2	0.44	-9999.9	3	99	-9999.9	44	-9999.9	3	19.1	7.9	71	3	1016.3	-9999.9	3.5	4
2025 06 30 03	0.17	0.17	3.9	3.9	4.9	0.33	-9999.9	3	105	-9999.9	49	-9999.9	3	19.1	2.0	99	3	1016.3	-9999.9	4.2	357
2025 06 30 04	0.23	0.23	3.7	3.8	4.4	0.38	-9999.9	3	99	-9999.9	53	-9999.9	3	18.9	5.7	225	3	1016.2	-9999.9	4.5	12
2025 06 30 05	0.24	0.24	3.8	3.8	4.2	0.4	-9999.9	3	114	-9999.9	44	-9999.9	3	18.9	7.8	191	3	1016.2	-9999.9	3.9	2
2025 06 30 06	0.26	0.25	3.6	3.5	4.2	0.39	-9999.9	3	97	-9999.9	52	-9999.9	3	18.8	11.6	200	3	1016.2	-9999.9	3.3	22
2025 06 30 07	0.3	0.28	4.1	4.1	5.7	0.47	-9999.9	3	121	-9999.9	40	-9999.9	3	18.9	8.6	165	3	1016.4	-9999.9	3.6	72
2025 06 30 08	0.21	0.2	3.5	3.4	4.0	0.36	-9999.9	3	114	-9999.9	57	-9999.9	3	19.1	8.0	269	3	1016.5	-9999.9	3.3	51
2025 06 30 09	0.25	0.23	3.5	3.4	4.4	0.37	-9999.9	3	90	-9999.9	51	-9999.9	3	18.8	7.5	315	3	1017.0	-9999.9	2.8	54
2025 06 30 10	0.31	0.3	3.6	3.6	3.7	0.52	-9999.9	3	83	-9999.9	52	-9999.9	3	19.2	8.5	189	3	1017.2	-9999.9	3.4	33
2025 06 30 11	0.26	0.24	3.6	3.5	9.7	0.45	-9999.9	3	118	-9999.9	51	-9999.9	3	19.6	17.1	186	3	1017.3	-9999.9	3.6	49
2025 06 30 12	0.3	0.28	3.9	4.0	7.3	0.59	-9999.9	3	61	-9999.9	52	-9999.9	3	20.4	7.6	223	3	1017.1	-9999.9	4.1	21
2025 06 30 13	0.22	0.21	3.2	3.2	4.1	0.38	-9999.9	3	64	-9999.9	53	-9999.9	3	19.7	14.4	332	3	1016.5	-9999.9	2.4	46
2025 06 30 14	0.37	0.34	3.7	3.8	6.1	0.69	-9999.9	3	94	-9999.9	49	-9999.9	3	19.5	15.0	30	3	1016.1	-9999.9	2.8	51
2025 06 30 15	0.34	0.3	3.9	3.9	8.3	0.6	-9999.9	3	79	-9999.9	44	-9999.9	3	19.3	8.3	141	3	1015.5	-9999.9	2.7	19
2025 06 30 16	0.19	0.18	3.3	3.1	4.5	0.35	-9999.9	3	85	-9999.9	58	-9999.9	3	20.1	7.9	171	3	1015.0	-9999.9	2.8	4
2025 06 30 17	0.26	0.24	3.6	3.8	8.6	0.37	-9999.9	3	107	-9999.9	47	-9999.9	3	19.9	2.8	180	3	1014.7	-9999.9	3.1	12
2025 06 30 18	0.19	0.19	3.0	3.0	3.4	0.3	-9999.9	3	91	-9999.9	58	-9999.9	3	19.9	2.8	63	3	1014.6	-9999.9	2.3	356
2025 06 30 19	0.28	0.27	4.0	4.1	5.7	0.54	-9999.9	3	83	-9999.9	55	-9999.9	3	19.9	4.2	223	3	1014.4	-9999.9	3.2	6
2025 06 30 20	0.24	0.22	3.7	3.8	6.3	0.43	-9999.9	3	97	-9999.9	53	-9999.9	3	20.1	19.4	218	3	1014.4	-9999.9	3.1	3
2025 06 30 21	0.21	0.2	3.1	3.0	2.9	0.31	-9999.9	3	110	-9999.9	64	-9999.9	3	20.0	17.1	219	3	1015.1	-9999.9	3.4	13
2025 06 30 22	0.25	0.23	3.7	3.8	7.8	0.43	-9999.9	3	69	-9999.9	46	-9999.9	3	19.8	6.3	352	3	1015.1	-9999.9	3.0	19
2025 06 30 23	0.2	0.19	3.7	3.8	8.1	0.37	-9999.9	3	92	-9999.9	52	-9999.9	3	19.4	33.5	31	3	1015.3	-9999.9	4.2	1
2025 07 01 00	0.22	0.2	3.6	3.7	4.3	0.34	-9999.9	3	111	-9999.9	48	-9999.9	3	19.1	25.7	69	3	1014.7	-9999.9	4.9	348
2025 07 01 01	0.23	0.22	3.6	3.6	4.2	0.35	-9999.9	3	102	-9999.9	50	-9999.9	3	19.8	42.3	50	3	1014.1	-9999.9	3.6	12
2025 07 01 02	0.25	0.25	3.3	3.3	3.7	0.47	-9999.9	3	115	-9999.9	50	-9999.9	3	19.4	14.8	59	3	1013.6	-9999.9	3.4	8
2025 07 01 03	0.2	0.19	3.4	3.3	4.1	0.3	-9999.9	3	83	-9999.9	50	-9999.9	3	19.7	14.2	352	3	1013.6	-9999.9	4.1	350
2025 07 01 04	0.17	0.17	3.6	3.5	4.0	0.26	-9999.9	3	113	-9999.9	51	-9999.9	3	19.1	4.6	191	3	1013.7	-9999.9	4.1	9
2025 07 01 05	0.22	0.22	3.2	3.3	4.1	0.46	-9999.9	3	111	-9999.9	54	-9999.9	3	19.2	8.4	169	3	1014.3	-9999.9	4.6	4
2025 07 01 06	0.25	0.24	3.5	3.7	4.7	0.43	-9999.9	3	99	-9999.9	49	-9999.9	3	19.3	17.7	175	3	1014.7	-9999.9	4.3	5
2025 07 01 07	0.32	0.3	3.6	3.5	4.9	0.59	-9999.9	3	64	-9999.9	53	-9999.9	3	19.2	1.7	234	3	1014.9	-9999.9	3.5	16
2025 07 01 08	0.21	0.2	3.2	3.2	3.6	0.39	-9999.9	3	115	-9999.9	54	-9999.9	3	19.3	10.0	174	3	1015.2	-9999.9	3.3	4
2025 07 01 09	0.28	0.26	3.4	3.5	5.7	0.42	-9999.9	3	90	-9999.9	55	-9999.9	3	19.6	2.0	264	3	1015.4	-9999.9	4.0	58
2025 07 01 10	0.33	0.31	4.0	4.1	9.1	0.58	-9999.9	3	119	-9999.9	45	-9999.9	3	19.7	15.0	177	3	1015.5	-9999.9	2.9	21
2025 07 01 11	0.26	0.25	3.3	3.3	4.0	0.47	-9999.9	3	127	-9999.9	56	-9999.9	3	20.4	9.1	211	3	1015.4	-9999.9	3.6	37
2025 07 01 12	0.26	0.24	3.3	3.4	5.9	0.5	-9999.9	3	91	-9999.9	54	-9999.9	3	21.0	11.7	187	3	1015.2	-9999.9	3.2	33
2025 07 01 13	0.36	0.33	4.0	4.3	6.1	0.73	-9999.9	3	94	-9999.9	33	-9999.9	3	20.9	9.8	319	3	1014.9	-9999.9	2.8	48
2025 07 01 14	0.29	0.26	3.3	3.4	6.6	0.49	-9999.9	3	104	-9999.9	46	-9999.9	3	20.1	3.8	335	3	1014.5	-9999.9	2.6	47
2025 07 01 15	0.28	0.26	3.5	3.4	4.7	0.45	-9999.9	3	98	-9999.9	46	-9999.9	3	20.8	10.0	135	3	1013.9	-9999.9	2.6	42
2025 07 01 16	0.2	0.19	3.4	3.4	3.8	0.3	-9999.9	3	108	-9999.9	58	-9999.9	3	20.2	13.1	152	3	1013.5	-9999.9	2.7	32
2025 07 01 17	0.29	0.26	3.6	3.7	5.5	0.61	-9999.9	3	103	-9999.9	50	-9999.9	3	20.4	12.3	174	3	1013.2	-9999.9	2.0	0
2025 07 01 18	0.31	0.29	4.1	4.2	6.1	0.62	-9999.9	3	125	-9999.9	45	-9999.9	3	20.6	4.2	172	3	1013.0	-9999.9	2.1	357
2025 07 01 19	0.28	0.25	3.8	4.0	7.1	0.52	-9999.9	3	48	-9999.9	52	-9999.9	3	20.1	6.5	193	3	1013.0	-9999.9	2.7	17
2025 07 01 20	0.27	0.25	3.7	3.9	5.6	0.62	-9999.9	3	110	-9999.9	49	-9999.9	3	20.2	7.1	198	3	1013.5	-9999.9	2.7	29
2025 07 01 21	0.31	0.29	4.2	4.4	7.0	0.59	-9999.9	3	121	-9999.9	45	-9999.9	3	20.6	18.6	163	3	1014.1	-9999.9	4.0	15
2025 07 01 22	0.3	0.29	3.6	3.6	4.0	0.5	-9999.9	3	99	-9999.9	53	-9999.9	3	19.9	2.0	139	3	1014.5	-9999.9	3.7	18
2025 07 01 23	0.23	0.22	3.9	4.0	4.9	0.43	-9999.9	3	76	-9999.9	46	-9999.9	3	20.3	39.7	11	3	1014.6	-9999.9	3.1	24
2025 07 02 00	0.21	0.2	3.5	3.6	4.0	0.36	-9999.9	3	87	-9999.9	56	-9999.9	3	20.2	43.2	28	3	1014.5	-9999.9	3.9	359
2025 07 02 01	0.24	0.23	3.5	3.4	3.9	0.39	-9999.9	3	98	-9999.9	51	-9999.9	3	19.8	29.8	46	3	1014.4	-9999.9	3.6	7
2025 07 02 02	0.24	0.23	3.2	3.3	3.8	0.38	-9999.9	3	93	-9999.9	54	-9999.9	3	19.8	5.2	31	3	1014.3	-9999.9	3.2	327
2025 07 02 03	0.28	0.27	3.2	3.2	3.4	0.54	-9999.9	3	95	-9999.9	50	-9999.9	3	19.5	2.9	266	3	1014.2	-9999.9	3.4	37
2025 07 02 04	0.19	0.18	3.6	3.5	4.2	0.35	-9999.9	3	99	-9999.9	53	-9999.9	3	19.6	2.9	250	3	1014.2	-9999.9	2.7	38
2025 07 02 05	0.21	0.2	3.2	3.2	3.7	0.4	-9999.9	3	114	-9999.9	60	-9999.9	3	19.6	7.9	248	3	1014.2	-9999.9	3.3	15
2025 07 02 06	0.25	0.24	3.3	3.2	3.3	0.41	-9999.9	3	123	-9999.9	54	-9999.9	3	20.2	8.0	222	3	1014.6	-9999.9	3.9	46
2025 07 02 07	0.32	0.3	4.0	4.2	5.6	0.75	-9999.9	3	134	-9999.9	39	-9999.9	3	20.6	7.4	188	3	1014.9	-9999.9	3.0	23
2025 07 02 08	0.25	0.22	3.6	3.9	9.6	0.52	-9999.9	3	126	-9999.9	50	-9999.9	3	20.4	10.2	209	3	1015.2	-9999.9	2.9	25
2025 07 02 09	0.24	0.22	3.5	3.5	6.1	0.37	-9999.9	3	100	-9999.9	67	-9999.9	3	21.3	7.0	275	3	1015.4	-9999.9	2.7	17
2025 07 02 10	0.32	0.29	4.3	4.6	8.3	0.54	-9999.9	3	100	-9999.9	48	-9999.9	3	20.9	11.1	333	3	1015.6	-9999.9	3.0	59
2025 07 02 11	0.24	0.23	3.4	3.3	4.2	0.36	-9999.9	3	140	-9999.9	55	-9999.9	3	20.8	8.7	198	3	1015.9	-9999.9	2.9	50
2025 07 02 12	0.25	0.23	3.3	3.2	5.9	0.44	-9999.9	3	135	-9999.9	56	-9999.9	3	21.4	11.8	206	3	1015.7	-9999.9	2.8	58
2025 07 02 13	0.34	0.31	4.3	4.5	8.3	0.6	-9999.9	3	103	-9999.9	41	-9999.9	3	22.3	9.4	348	3	1015.5	-9999.9	1.9	54
2025 07 02 14	0.3	0.28	3.6	3.6	4.9	0.54	-9999.9	3	97	-9999.9	49	-9999.9	3	21.1	20.5	13	3	1015.4	-9999.9	1.9	12
2025 07 02 15	0.34	0.31	3.9	4.3	8.2	0.6	-9999.9	3	100	-9999.9	41	-9999.9	3	22.1	17.0	24	3	1015.1	-9999.9	2.4	22
2025 07 02 16	0.26	0.25	3.1	3.1	3.3	0.37	-9999.9	3	94	-9999.9	54	-9999.9	3	21.6	17.4	68	3	1014.6	-9999.9	3.1	56
2025 07 02 17	0.28	0.26	3.2	3.2	3.7	0.49	-9999.9	3	111	-9999.9	53	-9999.9	3	21.5	5.8	79	3	1014.2	-9999.9	3.3	60
2025 07 02 18	0.27	0.24	3.8	4.1	7.4	0.62	-9999.9	3	101	-9999.9	45	-9999.9	3	21.6	17.3	30	3	1014.2	-9999.9	2.6	51
2025 07 02 19	0.29	0.27	3.9	3.7	5.8	0.51	-9999.9	3	64	-9999.9	50	-9999.9	3	21.4	12.0	83	3	1014.5	-9999.9	2.4	45
2025 07 02 20	0.32	0.3	4.1	4.1	6.8	0.51	-9999.9	3	91	-9999.9	47	-9999.9	3	21.2	11.7	70	3	1014.9	-9999.9	3.1	20
2025 07 02 21	0.26	0.24	4.0	4.0	8.6	0.51	-9999.9	3	103	-9999.9	50	-9999.9	3	21.3	12.0	192	3	1015.6	-9999.9	3.8	3
2025 07 02 22	0.25	0.24	3.2	3.2	3.3	0.47	-9999.9	3	106	-9999.9	57	-9999.9	3	20.9	2.4	182	3	1016.0	-9999.9	3.5	10
2025 07 02 23	0.24	0.23	3.3	3.3	4.0	0.38	-9999.9	3	116	-9999.9	56	-9999.9	3	21.0	11.9	168	3	1015.7	-9999.9	3.5	21
2025 07 03 00	0.3	0.27	4.2	4.8	7.0	0.65	-9999.9	3	99	-9999.9	33	-9999.9	3	21.0	16.6	346	3	1015.7	-9999.9	2.3	37
2025 07 03 01	0.24	0.23	3.7	3.7	4.3	0.37	-9999.9	3	91	-9999.9	60	-9999.9	3	21.0	24.4	25	3	1015.7	-9999.9	2.6	40
2025 07 03 02	0.24	0.23	3.5	3.4	3.5	0.53	-9999.9	3	99	-9999.9	53	-9999.9	3	21.1	3.9	61	3	1016.0	-9999.9	2.1	28
2025 07 03 03	0.22	0.21	3.3	3.3	3.9	0.34	-9999.9	3	110	-9999.9	53	-9999.9	3	20.8	7.1	45	3	1016.0	-9999.9	2.3	42
2025 07 03 04	0.24	0.23	3.2	3.2	3.5	0.43	-9999.9	3	92	-9999.9	51	-9999.9	3	20.9	1.7	87	3	1016.2	-9999.9	2.5	36
2025 07 03 05	0.21	0.2	3.6	3.5	4.5	0.36	-9999.9	3	81	-9999.9	49	-9999.9	3	21.2	13.3	59	3	1016.6	-9999.9	3.5	52
2025 07 03 06	0.28	0.26	3.3	3.2	4.0	0.43	-9999.9	3	74	-9999.9	51	-9999.9	3	21.5	9.3	84	3	1017.3	-9999.9	3.6	37
2025 07 03 07	0.3	0.29	3.7	3.7	7.5	0.5	-9999.9	3	89	-9999.9	49	-9999.9	3	20.6	7.6	177	3	1017.7	-9999.9	5.3	54
2025 07 03 08	0.31	0.28	3.5	3.5	8.4	0.5	-9999.9	3	106	-9999.9	51	-9999.9	3	21.3	14.6	209	3	1018.2	-9999.9	4.4	42
2025 07 03 09	0.33	0.31	3.1	3.1	4.0	0.58	-9999.9	3	90	-9999.9	54	-9999.9	3	21.5	10.6	215	3	1018.6	-9999.9	5.5	63
2025 07 03 10	0.49	0.44	3.4	3.8	9.4	0.79	-9999.9	3	87	-9999.9	49	-9999.9	3	21.4	4.0	18	3	1018.9	-9999.9	6.4	56
2025 07 03 11	0.41	0.38	3.0	3.1	4.1	0.66	-9999.9	3	108	-9999.9	52	-9999.9	3	21.5	13.3	180	3	1019.1	-9999.9	5.8	48
2025 07 03 12	0.46	0.43	3.3	3.3	4.0	0.77	-9999.9	3	101	-9999.9	52	-9999.9	3	21.6	9.1	203	3	1019.1	-9999.9	5.5	55
2025 07 03 13	0.5	0.48	3.2	3.3	3.9	0.87	-9999.9	3	101	-9999.9	50	-9999.9	3	21.5	8.4	201	3	1018.8	-9999.9	5.4	56
2025 07 03 14	0.45	0.43	3.8	3.9	4.6	0.74	-9999.9	3	88	-9999.9	47	-9999.9	3	22.6	16.3	344	3	1018.6	-9999.9	5.2	48
2025 07 03 15	0.54	0.51	3.8	3.8	4.7	0.88	-9999.9	3	92	-9999.9	43	-9999.9	3	22.4	12.6	4	3	1018.3	-9999.9	5.0	56
2025 07 03 16	0.57	0.53	3.8	3.8	4.4	0.95	-9999.9	3	101	-9999.9	40	-9999.9	3	22.2	16.2	102	3	1017.9	-9999.9	5.0	46
2025 07 03 17	0.49	0.47	3.5	3.5	4.5	0.88	-9999.9	3	96	-9999.9	44	-9999.9	3	22.3	7.7	129	3	1017.6	-9999.9	4.9	38
2025 07 03 18	0.43	0.4	3.8	4.0	4.8	0.81	-9999.9	3	105	-9999.9	39	-9999.9	3	21.7	2.7	315	3	1017.5	-9999.9	4.7	55
2025 07 03 19	0.42	0.41	4.0	3.8	4.7	0.79	-9999.9	3	75	-9999.9	40	-9999.9	3	22.6	14.1	9	3	1017.7	-9999.9	5.0	43
2025 07 03 20	0.48	0.46	3.7	3.7	4.6	0.75	-9999.9	3	82	-9999.9	43	-9999.9	3	22.4	9.1	107	3	1018.0	-9999.9	5.2	54
2025 07 03 21	0.44	0.42	3.7	3.6	4.7	0.62	-9999.9	3	85	-9999.9	42	-9999.9	3	-9999.9	-9999.9	-9999.9	3	-9999.9	-9999.9	-9999.9	-9999.9
2025 07 03 22	0.4	0.38	3.6	3.5	4.6	0.69	-9999.9	3	99	-9999.9	47	-9999.9	3	-9999.9	-9999.9	-9999.9	3	-9999.9	-9999.9	-9999.9	-9999.9
2025 07 03 23	0.49	0.46	3.8	3.7	4.7	0.88	-9999.9	3	111	-9999.9	45	-9999.9	3	-9999.9	-9999.9	-9999.9	3	-9999.9	-9999.9	-9999.9	-9999.9
2025 07 04 00	0.51	0.49	3.7	3.7	4.7	0.77	-9999.9	3	116	-9999.9	44	-9999.9	3	-9999.9	-9999.9	-9999.9	3	-9999.9	-9999.9	-9999.9	-9999.9
2025 07 04 01	0.56	0.54	3.7	3.6	4.3	0.81	-9999.9	3	111	-9999.9	45	-9999.9	3	-9999.9	-9999.9	-9999.9	3	-9999.9	-9999.9	-9999.9	-9999.9
2025 07 04 02	0.44	0.42	3.9	3.9	4.8	0.75	-9999.9	3	81	-9999.9	44	-9999.9	3	-9999.9	-9999.9	-9999.9	3	-9999.9	-9999.9	-9999.9	-9999.9
2025 07 04 03	0.45	0.42	3.5	3.5	4.4	0.78	-9999.9	3	81	-9999.9	47	-9999.9	3	-9999.9	-9999.9	-9999.9	3	-9999.9	-9999.9	-9999.9	-9999.9
2025 07 04 04	0.56	0.54	3.6	3.6	4.7	0.81	-9999.9	3	86	-9999.9	39	-9999.9	3	-9999.9	-9999.9	-9999.9	3	-9999.9	-9999.9	-9999.9	-9999.9
2025 07 04 05	0.54	0.51	3.5	3.5	5.1	0.78	-9999.9	3	80	-9999.9	43	-9999.9	3	-9999.9	-9999.9	-9999.9	3	-9999.9	-9999.9	-9999.9	-9999.9
2025 07 04 06	0.49	0.47	4.1	3.9	5.1	0.83	-9999.9	3	81	-9999.9	43	-9999.9	3	-9999.9	-9999.9	-9999.9	3	-9999.9	-9999.9	-9999.9	-9999.9
2025 07 04 07	0.55	0.52	3.9	3.8	5.0	0.9	-9999.9	3	85	-9999.9	44	-9999.9	3	22.2	6.1	127	3	1020.2	-9999.9	-9999.9	-9999.9
2025 07 04 08	0.62	0.58	4.3	4.1	5.6	0.84	-9999.9	3	101	-9999.9	38	-9999.9	3	22.0	7.6	168	3	1020.4	-9999.9	-9999.9	-9999.9
2025 07 04 09	0.65	0.62	4.4	4.4	5.7	1.05	-9999.9	3	98	-9999.9	40	-9999.9	3	22.1	4.2	199	3	1020.5	-9999.9	-9999.9	-9999.9
2025 07 04 10	0.65	0.63	4.3	4.3	6.1	0.95	-9999.9	3	99	-9999.9	41	-9999.9	3	22.0	6.6	177	3	1020.8	-9999.9	-9999.9	-9999.9
2025 07 04 11	0.7	0.67	4.5	4.4	5.8	1.16	-9999.9	3	99	-9999.9	40	-9999.9	3	22.5	8.9	190	3	1020.6	-9999.9	-9999.9	-9999.9
2025 07 04 12	0.7	0.67	4.6	4.4	6.2	1.2	-9999.9	3	96	-9999.9	42	-9999.9	3	22.6	9.1	180	3	1020.3	-9999.9	-9999.9	-9999.9
2025 07 04 13	0.74	0.72	4.6	4.5	6.1	1.15	-9999.9	3	98	-9999.9	36	-9999.9	3	23.1	5.5	242	3	1019.9	-9999.9	-9999.9	-9999.9
2025 07 04 14	0.73	0.71	4.6	4.6	6.1	1.38	-9999.9	3	96	-9999.9	35	-9999.9	3	23.3	9.9	349	3	1019.4	-9999.9	-9999.9	-9999.9
2025 07 04 15	0.6	0.58	4.4	4.4	5.9	0.96	-9999.9	3	84	-9999.9	37	-9999.9	3	22.8	11.3	350	3	1019.1	-9999.9	-9999.9	-9999.9
2025 07 04 16	0.63	0.61	4.6	4.4	5.9	1.02	-9999.9	3	79	-9999.9	35	-9999.9	3	23.1	10.5	82	3	1018.9	-9999.9	-9999.9	-9999.9
2025 07 04 17	0.67	0.65	4.7	4.5	5.8	1.03	-9999.9	3	89	-9999.9	36	-9999.9	3	23.2	13.1	56	3	1018.6	-9999.9	-9999.9	-9999.9
2025 07 04 18	0.64	0.61	4.8	4.6	5.8	0.93	-9999.9	3	87	-9999.9	36	-9999.9	3	23.0	8.5	57	3	1018.4	-9999.9	-9999.9	-9999.9
2025 07 04 19	0.56	0.54	5.0	5.0	5.8	0.89	-9999.9	3	88	-9999.9	38	-9999.9	3	22.7	13.1	53	3	1018.6	-9999.9	-9999.9	-9999.9
2025 07 04 20	0.67	0.65	4.9	4.8	6.0	1.06	-9999.9	3	85	-9999.9	38	-9999.9	3	22.6	6.8	84	3	1018.7	-9999.9	-9999.9	-9999.9
2025 07 04 21	0.61	0.58	4.8	4.7	5.9	1.0	-9999.9	3	86	-9999.9	37	-9999.9	3	22.3	3.6	175	3	1019.0	-9999.9	-9999.9	-9999.9
2025 07 04 22	0.62	0.6	4.7	4.6	5.7	1.08	-9999.9	3	90	-9999.9	40	-9999.9	3	22.4	5.8	184	3	1019.2	-9999.9	-9999.9	-9999.9
2025 07 04 23	0.62	0.6	4.9	4.7	5.6	1.44	-9999.9	3	102	-9999.9	39	-9999.9	3	22.5	1.8	180	3	1019.1	-9999.9	-9999.9	-9999.9
2025 07 05 00	0.7	0.68	4.7	4.7	5.7	1.27	-9999.9	3	113	-9999.9	39	-9999.9	3	22.3	6.3	250	3	1018.9	-9999.9	-9999.9	-9999.9
2025 07 05 01	0.68	0.67	4.7	4.7	5.6	1.03	-9999.9	3	113	-9999.9	36	-9999.9	3	22.3	4.1	270	3	1018.6	-9999.9	-9999.9	-9999.9
2025 07 05 02	0.71	0.7	4.9	5.0	5.9	1.15	-9999.9	3	105	-9999.9	31	-9999.9	3	22.4	6.2	314	3	1018.5	-9999.9	-9999.9	-9999.9
2025 07 05 03	0.58	0.56	5.1	5.0	6.1	0.83	-9999.9	3	81	-9999.9	32	-9999.9	3	22.9	2.5	0	3	1018.2	-9999.9	-9999.9	-9999.9
2025 07 05 04	0.61	0.59	5.1	4.9	6.0	0.86	-9999.9	3	89	-9999.9	39	-9999.9	3	22.7	4.8	86	3	1018.0	-9999.9	-9999.9	-9999.9
2025 07 05 05	0.52	0.51	4.5	4.4	5.8	0.81	-9999.9	3	83	-9999.9	41	-9999.9	3	22.3	18.6	67	3	1018.2	-9999.9	-9999.9	-9999.9
2025 07 05 06	0.59	0.58	4.9	4.9	6.1	0.88	-9999.9	3	90	-9999.9	38	-9999.9	3	22.3	9.9	79	3	1018.4	-9999.9	-9999.9	-9999.9
2025 07 05 07	0.56	0.55	4.9	4.9	6.0	0.96	-9999.9	3	84	-9999.9	33	-9999.9	3	22.3	12.5	83	3	1018.6	-9999.9	-9999.9	-9999.9
2025 07 05 08	0.5	0.48	4.8	4.9	6.1	0.78	-9999.9	3	83	-9999.9	38	-9999.9	3	22.6	8.6	108	3	1018.6	-9999.9	-9999.9	-9999.9
2025 07 05 09	0.55	0.53	4.9	4.9	5.8	0.77	-9999.9	3	89	-9999.9	38	-9999.9	3	23.1	10.2	187	3	1018.4	-9999.9	-9999.9	-9999.9
2025 07 05 10	0.56	0.54	4.4	4.3	5.8	0.85	-9999.9	3	102	-9999.9	41	-9999.9	3	23.0	17.6	167	3	1018.2	-9999.9	-9999.9	-9999.9
2025 07 05 11	0.58	0.54	3.4	3.4	5.5	0.8	-9999.9	3	150	-9999.9	47	-9999.9	3	22.7	9.8	164	3	1018.1	-9999.9	-9999.9	-9999.9
2025 07 05 12	0.58	0.54	3.4	3.4	5.6	1.23	-9999.9	3	153	-9999.9	47	-9999.9	3	22.4	8.9	168	3	1017.5	-9999.9	7.4	234
2025 07 05 13	0.58	0.54	3.8	3.8	5.7	1.09	-9999.9	3	132	-9999.9	40	-9999.9	3	22.7	4.2	188	3	1017.0	-9999.9	6.7	240
2025 07 05 14	0.55	0.51	3.1	3.2	4.8	0.84	-9999.9	3	162	-9999.9	45	-9999.9	3	23.0	8.4	234	3	1016.6	-9999.9	7.0	215
2025 07 05 15	0.51	0.47	3.4	3.4	5.9	0.83	-9999.9	3	147	-9999.9	47	-9999.9	3	22.9	6.0	46	3	1016.1	-9999.9	8.0	232
2025 07 05 16	0.5	0.47	3.7	3.6	5.7	1.0	-9999.9	3	132	-9999.9	51	-9999.9	3	22.4	6.8	72	3	1015.8	-9999.9	-9999.9	-9999.9
2025 07 05 17	0.38	0.36	3.4	3.4	5.5	0.6	-9999.9	3	148	-9999.9	49	-9999.9	3	22.3	13.5	42	3	1015.3	-9999.9	-9999.9	-9999.9
2025 07 05 18	0.44	0.41	3.4	3.5	5.6	0.63	-9999.9	3	130	-9999.9	46	-9999.9	3	22.3	3.4	343	3	1015.0	-9999.9	-9999.9	-9999.9
2025 07 05 19	0.38	0.35	3.4	3.4	5.7	0.54	-9999.9	3	121	-9999.9	53	-9999.9	3	22.6	3.1	225	3	1015.0	-9999.9	-9999.9	-9999.9
2025 07 05 20	0.33	0.31	3.5	3.5	5.4	0.54	-9999.9	3	127	-9999.9	50	-9999.9	3	22.2	7.0	192	3	1015.4	-9999.9	-9999.9	-9999.9
2025 07 05 21	0.38	0.36	4.1	4.0	5.4	0.53	-9999.9	3	108	-9999.9	47	-9999.9	3	23.0	8.4	165	3	1015.8	-9999.9	-9999.9	-9999.9
2025 07 05 22	0.34	0.32	3.8	3.6	5.2	0.52	-9999.9	3	90	-9999.9	52	-9999.9	3	23.2	8.1	171	3	1016.3	-9999.9	-9999.9	-9999.9
2025 07 05 23	0.41	0.39	4.0	4.0	5.2	0.63	-9999.9	3	122	-9999.9	47	-9999.9	3	22.9	7.4	190	3	1016.3	-9999.9	-9999.9	-9999.9
2025 07 06 00	0.36	0.34	3.5	3.6	5.2	0.67	-9999.9	3	121	-9999.9	54	-9999.9	3	22.5	6.1	165	3	1016.0	-9999.9	-9999.9	-9999.9
2025 07 06 01	0.34	0.33	3.5	3.5	5.2	0.56	-9999.9	3	122	-9999.9	48	-9999.9	3	22.2	3.7	171	3	1015.7	-9999.9	-9999.9	-9999.9
2025 07 06 02	0.35	0.34	3.4	3.3	5.2	0.61	-9999.9	3	117	-9999.9	51	-9999.9	3	22.6	10.3	194	3	1015.4	-9999.9	-9999.9	-9999.9
2025 07 06 03	0.36	0.34	3.5	3.6	5.1	0.55	-9999.9	3	130	-9999.9	55	-9999.9	3	22.6	7.9	186	3	1015.1	-9999.9	-9999.9	-9999.9
2025 07 06 04	0.29	0.28	3.7	3.5	5.1	0.5	-9999.9	3	128	-9999.9	57	-9999.9	3	22.8	1.1	255	3	1015.1	-9999.9	-9999.9	-9999.9
2025 07 06 05	0.34	0.32	3.5	3.5	5.1	0.6	-9999.9	3	133	-9999.9	56	-9999.9	3	22.7	5.5	217	3	1015.1	-9999.9	-9999.9	-9999.9
2025 07 06 06	0.3	0.29	3.7	3.7	5.4	0.45	-9999.9	3	89	-9999.9	53	-9999.9	3	22.7	8.1	115	3	1015.5	-9999.9	-9999.9	-9999.9
2025 07 06 07	0.32	0.31	4.0	3.9	4.7	0.58	-9999.9	3	99	-9999.9	46	-9999.9	3	22.5	6.5	59	3	1016.0	-9999.9	-9999.9	-9999.9
2025 07 06 08	0.3	0.28	4.0	4.1	8.3	0.57	-9999.9	3	105	-9999.9	45	-9999.9	3	22.9	1.5	113	3	1016.1	-9999.9	-9999.9	-9999.9
2025 07 06 09	0.28	0.27	4.1	4.0	5.9	0.53	-9999.9	3	74	-9999.9	58	-9999.9	3	23.1	8.3	172	3	1015.6	-9999.9	-9999.9	-9999.9
2025 07 06 10	0.35	0.33	4.0	4.0	8.1	0.59	-9999.9	3	83	-9999.9	50	-9999.9	3	23.0	14.2	159	3	1015.5	-9999.9	-9999.9	-9999.9
2025 07 06 11	0.24	0.22	3.7	3.7	5.2	0.38	-9999.9	3	111	-9999.9	56	-9999.9	3	22.8	4.8	201	3	1015.4	-9999.9	-9999.9	-9999.9
2025 07 06 12	0.33	0.32	3.7	3.6	5.0	0.54	-9999.9	3	83	-9999.9	61	-9999.9	3	23.4	5.3	154	3	1015.0	-9999.9	-9999.9	-9999.9
2025 07 06 13	0.37	0.35	3.8	3.9	5.1	0.59	-9999.9	3	124	-9999.9	46	-9999.9	3	23.3	4.3	152	3	1014.5	-9999.9	-9999.9	-9999.9
2025 07 06 14	0.34	0.32	3.5	3.5	4.8	0.61	-9999.9	3	121	-9999.9	64	-9999.9	3	23.6	11.7	188	3	1013.9	-9999.9	-9999.9	-9999.9
2025 07 06 15	0.37	0.34	3.6	3.7	5.6	0.61	-9999.9	3	143	-9999.9	59	-9999.9	3	23.6	6.7	183	3	1013.2	-9999.9	-9999.9	-9999.9
2025 07 06 16	0.24	0.22	3.6	3.5	4.9	0.35	-9999.9	3	126	-9999.9	67	-9999.9	3	24.1	12.1	352	3	1012.2	-9999.9	-9999.9	-9999.9
2025 07 06 17	0.34	0.33	3.6	3.6	3.6	0.83	-9999.9	3	118	-9999.9	61	-9999.9	3	23.0	5.3	37	3	1011.7	-9999.9	-9999.9	-9999.9
2025 07 06 18	0.29	0.28	3.8	3.6	5.0	0.4	-9999.9	3	124	-9999.9	58	-9999.9	3	22.5	2.1	79	3	1011.4	-9999.9	-9999.9	-9999.9
2025 07 06 19	0.28	0.26	4.2	4.4	7.1	0.65	-9999.9	3	60	-9999.9	43	-9999.9	3	21.9	7.6	60	3	1011.4	-9999.9	-9999.9	-9999.9
2025 07 06 20	0.23	0.22	3.4	3.3	4.9	0.38	-9999.9	3	129	-9999.9	63	-9999.9	3	22.2	3.1	212	3	1011.9	-9999.9	-9999.9	-9999.9
2025 07 06 21	0.23	0.22	2.9	2.9	4.7	0.37	-9999.9	3	181	-9999.9	59	-9999.9	3	22.7	7.6	242	3	1012.2	-9999.9	-9999.9	-9999.9
2025 07 06 22	0.27	0.26	3.2	3.1	4.7	0.43	-9999.9	3	153	-9999.9	54	-9999.9	3	23.0	9.6	219	3	1012.5	-9999.9	-9999.9	-9999.9
2025 07 06 23	0.33	0.31	3.1	3.2	6.4	0.53	-9999.9	3	175	-9999.9	60	-9999.9	3	23.0	11.0	195	3	1012.9	-9999.9	-9999.9	-9999.9
2025 07 07 00	0.4	0.38	3.3	3.3	4.3	0.61	-9999.9	3	179	-9999.9	50	-9999.9	3	22.7	18.8	178	3	1012.9	-9999.9	-9999.9	-9999.9
2025 07 07 01	0.43	0.42	2.9	2.9	2.7	0.78	-9999.9	3	200	-9999.9	50	-9999.9	3	22.6	15.1	178	3	1012.3	-9999.9	6.8	234
2025 07 07 02	0.38	0.36	2.8	2.8	2.6	0.58	-9999.9	3	202	-9999.9	49	-9999.9	3	22.0	8.6	135	3	1011.9	-9999.9	6.2	239
2025 07 07 03	0.34	0.32	2.8	2.8	2.5	0.56	-9999.9	3	193	-9999.9	54	-9999.9	3	22.2	4.9	195	3	1011.8	-9999.9	6.4	223
2025 07 07 04	0.33	0.31	2.8	2.8	3.8	0.53	-9999.9	3	176	-9999.9	52	-9999.9	3	22.2	4.6	156	3	1011.3	-9999.9	6.8	240
2025 07 07 05	0.26	0.24	3.2	3.3	5.2	0.38	-9999.9	3	90	-9999.9	55	-9999.9	3	22.5	16.7	41	3	1011.5	-9999.9	6.1	241
2025 07 07 06	0.31	0.29	3.1	3.0	5.1	0.56	-9999.9	3	98	-9999.9	59	-9999.9	3	22.1	8.5	348	3	1011.5	-9999.9	4.5	224
2025 07 07 07	0.35	0.32	2.9	2.9	3.2	0.61	-9999.9	3	148	-9999.9	50	-9999.9	3	21.9	12.4	53	3	1011.6	-9999.9	6.8	238
2025 07 07 08	0.35	0.33	2.7	2.8	2.5	0.57	-9999.9	3	196	-9999.9	45	-9999.9	3	21.9	1.8	77	3	1011.4	-9999.9	8.3	219
2025 07 07 09	0.49	0.47	2.7	2.7	2.6	0.69	-9999.9	3	209	-9999.9	42	-9999.9	3	22.3	8.7	183	3	1011.3	-9999.9	-9999.9	-9999.9
2025 07 07 10	0.42	0.39	2.7	2.8	2.6	0.66	-9999.9	3	197	-9999.9	46	-9999.9	3	22.4	4.7	185	3	1011.2	-9999.9	-9999.9	-9999.9
2025 07 07 11	0.51	0.49	2.8	2.9	2.8	0.77	-9999.9	3	208	-9999.9	39	-9999.9	3	22.5	12.2	167	3	1010.9	-9999.9	-9999.9	-9999.9
2025 07 07 12	0.61	0.58	3.3	3.3	3.4	0.9	-9999.9	3	210	-9999.9	44	-9999.9	3	22.5	26.2	169	3	1010.8	-9999.9	-9999.9	-9999.9
2025 07 07 13	0.71	0.67	3.2	3.2	3.3	0.99	-9999.9	3	224	-9999.9	37	-9999.9	3	22.8	20.0	221	3	1010.0	-9999.9	-9999.9	-9999.9
2025 07 07 14	0.71	0.68	3.2	3.2	3.4	1.1	-9999.9	3	225	-9999.9	41	-9999.9	3	22.3	16.1	216	3	1009.4	-9999.9	-9999.9	-9999.9
2025 07 07 15	0.69	0.67	3.0	3.0	3.1	1.11	-9999.9	3	230	-9999.9	42	-9999.9	3	22.3	8.7	240	3	1009.0	-9999.9	-9999.9	-9999.9
2025 07 07 16	0.44	0.41	2.6	2.6	2.4	0.64	-9999.9	3	233	-9999.9	59	-9999.9	3	22.3	17.9	37	3	1009.0	-9999.9	10.4	231
2025 07 07 17	0.43	0.4	2.6	2.6	2.4	0.66	-9999.9	3	210	-9999.9	63	-9999.9	3	21.2	20.3	30	3	1008.8	-9999.9	-9999.9	-9999.9
2025 07 07 18	0.44	0.42	2.6	2.6	2.5	0.88	-9999.9	3	198	-9999.9	50	-9999.9	3	21.1	8.5	87	3	1008.8	-9999.9	-9999.9	-9999.9
2025 07 07 19	0.43	0.41	2.8	2.8	2.6	0.68	-9999.9	3	192	-9999.9	43	-9999.9	3	21.5	4.9	144	3	1009.0	-9999.9	9.8	228
2025 07 07 20	0.34	0.32	2.7	2.7	2.5	0.51	-9999.9	3	175	-9999.9	53	-9999.9	3	21.4	10.3	199	3	1009.6	-9999.9	-9999.9	-9999.9
2025 07 07 21	0.39	0.36	2.9	3.0	6.7	0.7	-9999.9	3	192	-9999.9	47	-9999.9	3	22.3	5.7	193	3	1010.1	-9999.9	8.4	230
2025 07 07 22	0.37	0.35	2.8	2.8	2.6	0.59	-9999.9	3	225	-9999.9	49	-9999.9	3	22.3	10.1	169	3	1010.5	-9999.9	-9999.9	-9999.9
2025 07 07 23	0.35	0.33	3.0	3.1	3.0	0.52	-9999.9	3	211	-9999.9	48	-9999.9	3	23.0	48.2	175	3	1010.8	-9999.9	-9999.9	-9999.9
2025 07 08 00	0.46	0.45	3.0	2.9	3.0	0.72	-9999.9	3	223	-9999.9	45	-9999.9	3	22.2	32.7	175	3	1010.6	-9999.9	-9999.9	-9999.9
2025 07 08 01	0.51	0.5	2.8	2.8	2.9	0.95	-9999.9	3	223	-9999.9	44	-9999.9	3	22.0	15.5	164	3	1010.7	-9999.9	-9999.9	-9999.9
2025 07 08 02	0.45	0.43	2.7	2.7	2.7	0.79	-9999.9	3	230	-9999.9	45	-9999.9	3	22.2	13.8	157	3	1010.4	-9999.9	-9999.9	-9999.9
2025 07 08 03	0.38	0.37	2.9	2.9	2.9	0.6	-9999.9	3	226	-9999.9	53	-9999.9	3	22.8	8.5	167	3	1011.0	-9999.9	-9999.9	-9999.9
2025 07 08 04	0.56	0.55	3.1	3.1	3.4	0.9	-9999.9	3	214	-9999.9	36	-9999.9	3	23.1	5.6	180	3	1011.1	-9999.9	-9999.9	-9999.9
2025 07 08 05	0.58	0.56	3.1	3.1	3.3	1.01	-9999.9	3	207	-9999.9	35	-9999.9	3	23.3	17.4	206	3	1011.5	-9999.9	-9999.9	-9999.9
2025 07 08 06	0.4	0.38	2.6	2.7	2.6	0.74	-9999.9	3	227	-9999.9	57	-9999.9	3	23.1	4.7	24	3	1012.1	-9999.9	-9999.9	-9999.9
2025 07 08 07	0.43	0.4	2.8	2.8	2.5	0.72	-9999.9	3	213	-9999.9	53	-9999.9	3	22.7	9.6	31	3	1012.7	-9999.9	-9999.9	-9999.9
2025 07 08 08	0.42	0.38	2.8	2.8	2.7	0.65	-9999.9	3	218	-9999.9	57	-9999.9	3	22.1	9.9	81	3	1013.0	-9999.9	8.4	249
2025 07 08 09	0.44	0.42	2.9	2.9	2.7	0.72	-9999.9	3	220	-9999.9	56	-9999.9	3	21.3	7.9	59	3	1013.4	-9999.9	7.5	224
2025 07 08 10	0.43	0.39	3.3	3.5	7.6	0.87	-9999.9	3	137	-9999.9	53	-9999.9	3	22.7	5.9	85	3	1013.9	-9999.9	4.6	220
2025 07 08 11	0.26	0.24	2.9	2.9	2.8	0.43	-9999.9	3	207	-9999.9	62	-9999.9	3	22.9	11.8	161	3	1014.1	-9999.9	4.4	228
2025 07 08 12	0.3	0.29	3.5	3.5	4.2	0.5	-9999.9	3	176	-9999.9	59	-9999.9	3	23.0	8.3	176	3	1014.1	-9999.9	4.9	226
2025 07 08 13	0.27	0.25	3.8	3.8	9.3	0.52	-9999.9	3	165	-9999.9	47	-9999.9	3	23.5	12.6	182	3	1014.0	-9999.9	3.2	227
2025 07 08 14	0.28	0.26	3.6	3.4	4.0	0.43	-9999.9	3	197	-9999.9	58	-9999.9	3	24.0	6.6	205	3	1013.9	-9999.9	0.6	202
2025 07 08 15	0.37	0.34	3.8	3.8	6.6	0.52	-9999.9	3	153	-9999.9	54	-9999.9	3	23.6	8.4	218	3	1013.8	-9999.9	1.6	83
2025 07 08 16	0.32	0.3	3.7	3.7	8.1	0.46	-9999.9	3	162	-9999.9	53	-9999.9	3	24.0	11.5	192	3	1013.6	-9999.9	1.1	39
2025 07 08 17	0.27	0.26	3.2	3.2	5.4	0.45	-9999.9	3	154	-9999.9	60	-9999.9	3	23.6	1.9	115	3	1013.2	-9999.9	1.0	141
2025 07 08 18	0.26	0.23	3.5	3.6	8.6	0.51	-9999.9	3	137	-9999.9	57	-9999.9	3	23.0	11.4	9	3	1013.2	-9999.9	0.4	17
2025 07 08 19	0.3	0.28	3.5	3.6	6.6	0.53	-9999.9	3	64	-9999.9	54	-9999.9	3	23.1	1.4	36	3	1013.6	-9999.9	1.0	24
2025 07 08 22	0.21	0.2	3.4	3.2	2.9	0.6	-9999.9	3	68	-9999.9	53	-9999.9	3	22.4	6.8	252	3	1015.3	-9999.9	1.5	46
2025 07 08 23	0.25	0.24	4.0	4.1	5.6	0.38	-9999.9	3	123	-9999.9	49	-9999.9	3	21.8	1.1	85	3	1015.4	-9999.9	2.7	43
2025 07 09 00	0.24	0.23	3.7	3.7	5.2	0.46	-9999.9	3	108	-9999.9	60	-9999.9	3	22.3	6.2	252	3	1015.7	-9999.9	2.2	357
2025 07 09 01	0.22	0.21	3.4	3.3	3.8	0.74	-9999.9	3	113	-9999.9	59	-9999.9	3	22.6	12.2	224	3	1015.2	-9999.9	2.9	360
2025 07 09 02	0.19	0.18	3.5	3.4	4.3	0.3	-9999.9	3	158	-9999.9	55	-9999.9	3	22.8	2.6	270	3	1015.1	-9999.9	2.8	25
2025 07 09 03	0.18	0.18	3.5	3.4	4.3	0.35	-9999.9	3	132	-9999.9	65	-9999.9	3	23.2	4.5	297	3	1015.0	-9999.9	3.1	53
2025 07 09 04	0.18	0.17	3.3	3.4	4.1	0.31	-9999.9	3	140	-9999.9	65	-9999.9	3	23.0	2.3	49	3	1015.1	-9999.9	4.9	58
2025 07 09 05	0.23	0.22	3.0	2.9	3.9	0.36	-9999.9	3	152	-9999.9	65	-9999.9	3	22.9	8.0	212	3	1015.6	-9999.9	5.1	51
2025 07 09 06	0.26	0.24	3.1	3.1	5.2	0.49	-9999.9	3	98	-9999.9	63	-9999.9	3	22.7	5.0	188	3	1016.2	-9999.9	5.6	50
2025 07 09 07	0.33	0.3	2.9	3.0	3.5	0.71	-9999.9	3	94	-9999.9	47	-9999.9	3	22.4	9.4	39	3	1016.7	-9999.9	5.6	53
2025 07 09 08	0.28	0.26	3.0	3.1	9.8	0.53	-9999.9	3	85	-9999.9	53	-9999.9	3	23.4	17.7	337	3	1017.2	-9999.9	6.0	60
2025 07 09 09	0.3	0.28	2.9	2.9	3.3	0.5	-9999.9	3	63	-9999.9	52	-9999.9	3	21.9	2.7	327	3	1017.4	-9999.9	6.3	65
2025 07 09 10	0.38	0.34	3.1	3.3	6.2	0.78	-9999.9	3	73	-9999.9	47	-9999.9	3	21.5	8.1	130	3	1017.8	-9999.9	5.5	74
2025 07 09 11	0.28	0.27	2.9	2.8	2.4	0.39	-9999.9	3	77	-9999.9	56	-9999.9	3	21.8	7.7	154	3	1018.0	-9999.9	5.4	37
2025 07 09 12	0.34	0.31	3.2	3.2	5.3	0.51	-9999.9	3	88	-9999.9	57	-9999.9	3	22.3	6.3	110	3	1017.8	-9999.9	5.2	68
2025 07 09 13	0.38	0.36	4.0	4.0	7.7	0.72	-9999.9	3	87	-9999.9	44	-9999.9	3	22.6	3.5	50	3	1017.5	-9999.9	5.0	54
2025 07 09 14	0.34	0.32	4.1	4.1	7.7	0.51	-9999.9	3	99	-9999.9	41	-9999.9	3	22.6	2.0	270	3	1017.2	-9999.9	3.8	63
2025 07 09 15	0.39	0.36	4.5	4.7	7.3	0.79	-9999.9	3	104	-9999.9	40	-9999.9	3	22.9	9.4	223	3	1017.1	-9999.9	3.8	50
2025 07 09 16	0.41	0.38	4.2	4.1	5.4	0.64	-9999.9	3	108	-9999.9	44	-9999.9	3	22.7	11.4	238	3	1016.6	-9999.9	4.5	52
2025 07 09 17	0.4	0.38	3.6	3.7	4.3	0.84	-9999.9	3	105	-9999.9	49	-9999.9	3	23.1	12.2	195	3	1016.5	-9999.9	4.0	56
2025 07 09 18	0.33	0.31	4.5	4.4	5.7	0.56	-9999.9	3	110	-9999.9	44	-9999.9	3	23.2	2.7	17	3	1016.7	-9999.9	3.5	66
2025 07 09 19	0.32	0.3	4.3	4.2	6.0	0.64	-9999.9	3	70	-9999.9	47	-9999.9	3	22.3	11.3	42	3	1017.0	-9999.9	3.6	15
2025 07 09 20	0.33	0.31	4.0	4.0	4.7	0.47	-9999.9	3	94	-9999.9	46	-9999.9	3	23.0	12.9	95	3	1017.3	-9999.9	3.8	29
2025 07 09 21	0.39	0.37	4.7	4.5	7.4	0.59	-9999.9	3	100	-9999.9	40	-9999.9	3	23.0	6.4	180	3	1018.1	-9999.9	3.3	32
2025 07 09 22	0.35	0.33	4.2	4.3	7.1	0.77	-9999.9	3	76	-9999.9	47	-9999.9	3	22.5	10.9	171	3	1018.6	-9999.9	2.9	85
2025 07 09 23	0.29	0.28	4.9	4.8	7.5	0.5	-9999.9	3	96	-9999.9	43	-9999.9	3	23.1	9.2	179	3	1018.4	-9999.9	3.0	45
2025 07 10 00	0.36	0.34	4.8	4.8	7.0	0.6	-9999.9	3	111	-9999.9	41	-9999.9	3	22.5	3.6	249	3	1017.9	-9999.9	3.0	38
2025 07 10 01	0.41	0.39	4.7	4.7	7.5	0.71	-9999.9	3	105	-9999.9	41	-9999.9	3	22.5	24.5	188	3	1017.3	-9999.9	2.3	38
2025 07 10 02	0.43	0.41	4.9	4.7	7.5	0.64	-9999.9	3	94	-9999.9	38	-9999.9	3	21.6	12.7	171	3	1017.1	-9999.9	-9999.9	-9999.9
2025 07 10 03	0.51	0.5	5.2	5.1	7.0	0.81	-9999.9	3	108	-9999.9	35	-9999.9	3	22.3	4.4	110	3	1016.8	-9999.9	-9999.9	-9999.9
2025 07 10 04	0.6	0.58	5.5	5.4	7.3	1.05	-9999.9	3	100	-9999.9	31	-9999.9	3	22.6	3.3	344	3	1016.7	-9999.9	-9999.9	-9999.9
2025 07 10 05	0.61	0.58	4.6	4.7	7.5	1.17	-9999.9	3	99	-9999.9	39	-9999.9	3	22.6	1.8	13	3	1016.6	-9999.9	-9999.9	-9999.9
2025 07 10 06	0.67	0.65	4.9	4.8	7.2	1.19	-9999.9	3	112	-9999.9	37	-9999.9	3	21.3	9.7	281	3	1016.8	-9999.9	-9999.9	-9999.9
2025 07 10 07	0.66	0.64	4.4	4.3	6.7	1.08	-9999.9	3	141	-9999.9	45	-9999.9	3	22.8	10.7	299	3	1017.4	-9999.9	-9999.9	-9999.9
2025 07 10 08	0.5	0.47	4.7	4.5	6.3	0.85	-9999.9	3	108	-9999.9	43	-9999.9	3	23.0	16.6	0	3	1017.6	-9999.9	-9999.9	-9999.9
2025 07 10 09	0.44	0.4	3.7	3.8	6.3	0.84	-9999.9	3	77	-9999.9	52	-9999.9	3	22.5	22.5	351	3	1017.9	-9999.9	-9999.9	-9999.9
2025 07 10 11	0.48	0.45	3.6	3.5	6.9	0.74	-9999.9	3	141	-9999.9	52	-9999.9	3	22.0	4.3	89	3	1018.3	-9999.9	-9999.9	-9999.9
2025 07 10 12	0.5	0.46	3.6	3.6	7.2	0.9	-9999.9	3	124	-9999.9	47	-9999.9	3	22.1	6.3	131	3	1018.1	-9999.9	-9999.9	-9999.9
2025 07 10 13	0.46	0.42	3.3	3.5	7.4	0.77	-9999.9	3	135	-9999.9	46	-9999.9	3	21.9	7.7	77	3	1018.1	-9999.9	-9999.9	-9999.9
2025 07 10 14	0.47	0.45	3.4	3.4	7.4	0.78	-9999.9	3	150	-9999.9	57	-9999.9	3	20.6	12.2	80	3	1017.4	-9999.9	-9999.9	-9999.9
2025 07 10 15	0.47	0.45	4.0	4.0	7.2	0.9	-9999.9	3	135	-9999.9	41	-9999.9	3	21.4	15.4	84	3	1016.6	-9999.9	-9999.9	-9999.9
2025 07 10 16	0.55	0.52	3.5	3.5	3.5	0.99	-9999.9	3	190	-9999.9	45	-9999.9	3	22.6	22.8	177	3	1016.2	-9999.9	-9999.9	-9999.9
2025 07 10 17	0.62	0.59	3.4	3.4	3.6	0.95	-9999.9	3	203	-9999.9	43	-9999.9	3	22.6	12.8	238	3	1015.4	-9999.9	-9999.9	-9999.9
2025 07 10 18	0.67	0.63	3.0	3.0	3.1	1.05	-9999.9	3	220	-9999.9	41	-9999.9	3	21.9	17.5	203	3	1015.6	-9999.9	-9999.9	-9999.9
2025 07 10 19	0.55	0.52	2.9	2.9	2.7	0.89	-9999.9	3	215	-9999.9	51	-9999.9	3	21.2	23.5	22	3	1016.1	-9999.9	-9999.9	-9999.9
2025 07 10 20	0.53	0.5	2.7	2.7	2.6	0.81	-9999.9	3	208	-9999.9	46	-9999.9	3	20.9	17.6	98	3	1016.2	-9999.9	-9999.9	-9999.9
2025 07 10 21	0.58	0.53	3.2	3.2	3.2	1.01	-9999.9	3	172	-9999.9	45	-9999.9	3	21.8	5.6	86	3	1016.9	-9999.9	-9999.9	-9999.9
2025 07 10 22	0.48	0.45	2.9	2.9	2.8	0.84	-9999.9	3	220	-9999.9	49	-9999.9	3	21.8	5.0	200	3	1017.2	-9999.9	10.3	231
2025 07 10 23	0.52	0.49	3.0	3.0	3.0	0.96	-9999.9	3	219	-9999.9	40	-9999.9	3	21.7	11.1	185	3	1017.6	-9999.9	-9999.9	-9999.9
2025 07 11 00	0.41	0.39	2.7	2.8	2.7	0.77	-9999.9	3	222	-9999.9	51	-9999.9	3	20.8	2.4	215	3	1017.6	-9999.9	-9999.9	-9999.9
2025 07 11 01	0.48	0.46	2.9	2.8	2.8	0.82	-9999.9	3	218	-9999.9	48	-9999.9	3	20.0	2.5	83	3	1017.4	-9999.9	-9999.9	-9999.9
2025 07 11 02	0.36	0.34	2.8	2.8	2.7	0.6	-9999.9	3	199	-9999.9	49	-9999.9	3	19.7	2.6	74	3	1017.0	-9999.9	-9999.9	-9999.9
2025 07 11 03	0.47	0.44	3.2	3.1	3.1	0.69	-9999.9	3	201	-9999.9	40	-9999.9	3	22.5	5.3	180	3	1016.4	-9999.9	-9999.9	-9999.9
2025 07 11 04	0.43	0.4	3.0	3.0	3.1	0.63	-9999.9	3	197	-9999.9	50	-9999.9	3	22.8	4.9	206	3	1016.2	-9999.9	-9999.9	-9999.9
2025 07 11 05	0.51	0.48	3.3	3.4	4.3	1.01	-9999.9	3	201	-9999.9	48	-9999.9	3	22.5	10.1	221	3	1016.5	-9999.9	-9999.9	-9999.9
2025 07 11 06	0.51	0.49	3.8	3.8	5.5	0.82	-9999.9	3	207	-9999.9	45	-9999.9	3	22.4	10.1	186	3	1016.7	-9999.9	-9999.9	-9999.9
2025 07 11 07	0.64	0.61	3.9	3.8	4.4	1.21	-9999.9	3	211	-9999.9	43	-9999.9	3	22.9	15.0	179	3	1017.0	-9999.9	-9999.9	-9999.9
2025 07 11 08	0.8	0.77	3.8	3.8	3.9	1.34	-9999.9	3	201	-9999.9	41	-9999.9	3	23.2	21.1	172	3	1017.0	-9999.9	-9999.9	-9999.9
2025 07 11 09	0.76	0.74	3.3	3.3	3.3	1.1	-9999.9	3	215	-9999.9	41	-9999.9	3	22.6	16.7	170	3	1016.9	-9999.9	10.9	253
2025 07 11 10	0.65	0.62	3.1	3.1	3.3	1.16	-9999.9	3	232	-9999.9	42	-9999.9	3	21.2	13.9	173	3	1017.0	-9999.9	-9999.9	-9999.9
2025 07 11 11	0.68	0.66	3.0	3.0	3.2	0.97	-9999.9	3	220	-9999.9	40	-9999.9	3	20.2	15.2	183	3	1016.7	-9999.9	-9999.9	-9999.9
2025 07 11 12	0.52	0.49	2.9	2.9	2.9	1.0	-9999.9	3	225	-9999.9	58	-9999.9	3	20.4	31.8	38	3	1016.5	-9999.9	-9999.9	-9999.9
2025 07 11 13	0.53	0.5	2.9	3.0	3.2	0.8	-9999.9	3	222	-9999.9	57	-9999.9	3	19.4	23.3	54	3	1016.2	-9999.9	-9999.9	-9999.9
2025 07 11 14	0.45	0.42	3.1	3.1	3.1	0.65	-9999.9	3	189	-9999.9	64	-9999.9	3	18.5	24.0	54	3	1015.8	-9999.9	-9999.9	-9999.9
2025 07 11 15	0.53	0.51	3.2	3.1	3.3	0.92	-9999.9	3	210	-9999.9	62	-9999.9	3	17.2	19.1	62	3	1015.3	-9999.9	-9999.9	-9999.9
2025 07 11 16	0.54	0.51	2.8	2.8	3.0	0.86	-9999.9	3	202	-9999.9	48	-9999.9	3	16.6	17.1	70	3	1014.8	-9999.9	11.6	233
2025 07 11 17	0.52	0.5	3.1	3.2	3.3	0.97	-9999.9	3	191	-9999.9	45	-9999.9	3	21.1	14.4	194	3	1014.7	-9999.9	-9999.9	-9999.9
2025 07 11 18	0.5	0.48	3.0	3.0	3.2	0.83	-9999.9	3	201	-9999.9	45	-9999.9	3	21.7	24.2	180	3	1014.6	-9999.9	-9999.9	-9999.9
2025 07 11 19	0.53	0.49	3.0	3.0	3.3	0.88	-9999.9	3	235	-9999.9	50	-9999.9	3	21.6	14.1	218	3	1014.6	-9999.9	-9999.9	-9999.9
2025 07 11 20	0.38	0.35	2.6	2.6	2.5	0.58	-9999.9	3	198	-9999.9	57	-9999.9	3	19.9	19.6	28	3	1015.0	-9999.9	-9999.9	-9999.9
2025 07 11 21	0.38	0.34	2.9	2.9	5.1	0.58	-9999.9	3	186	-9999.9	47	-9999.9	3	21.2	10.8	87	3	1015.4	-9999.9	-9999.9	-9999.9
2025 07 11 22	0.4	0.39	2.8	2.8	2.7	0.66	-9999.9	3	190	-9999.9	54	-9999.9	3	21.0	11.6	130	3	1015.2	-9999.9	-9999.9	-9999.9
2025 07 11 23	0.48	0.45	2.7	2.7	2.6	0.75	-9999.9	3	220	-9999.9	47	-9999.9	3	19.8	6.0	190	3	1014.8	-9999.9	-9999.9	-9999.9
2025 07 12 00	0.49	0.47	2.5	2.6	2.6	0.78	-9999.9	3	223	-9999.9	49	-9999.9	3	19.3	5.4	124	3	1015.2	-9999.9	-9999.9	-9999.9
2025 07 12 01	0.24	0.23	2.7	2.6	2.3	0.41	-9999.9	3	182	-9999.9	69	-9999.9	3	18.3	19.2	81	3	1014.5	-9999.9	-9999.9	-9999.9
2025 07 12 02	0.27	0.25	2.7	2.7	3.0	0.4	-9999.9	3	220	-9999.9	67	-9999.9	3	17.4	10.2	70	3	1014.4	-9999.9	-9999.9	-9999.9
2025 07 12 03	0.3	0.28	3.3	3.3	5.3	0.49	-9999.9	3	197	-9999.9	52	-9999.9	3	17.2	18.0	72	3	1014.4	-9999.9	-9999.9	-9999.9
2025 07 12 04	0.4	0.37	3.3	3.3	6.3	0.55	-9999.9	3	177	-9999.9	52	-9999.9	3	17.8	5.8	89	3	1014.2	-9999.9	-9999.9	-9999.9
2025 07 12 05	0.32	0.31	3.4	3.4	4.7	0.5	-9999.9	3	193	-9999.9	47	-9999.9	3	18.6	11.7	157	3	1014.2	-9999.9	-9999.9	-9999.9
2025 07 12 06	0.34	0.33	3.5	3.5	4.9	0.5	-9999.9	3	175	-9999.9	58	-9999.9	3	16.6	13.0	203	3	1014.5	-9999.9	3.6	289
2025 07 12 07	0.47	0.45	4.0	4.0	5.4	0.78	-9999.9	3	190	-9999.9	42	-9999.9	3	17.9	10.8	187	3	1014.7	-9999.9	2.9	280
2025 07 12 08	0.47	0.44	3.5	3.6	4.4	0.74	-9999.9	3	182	-9999.9	47	-9999.9	3	17.6	14.3	195	3	1015.0	-9999.9	5.1	252
2025 07 12 09	0.53	0.51	3.2	3.2	3.3	0.94	-9999.9	3	209	-9999.9	50	-9999.9	3	17.7	11.8	192	3	1014.9	-9999.9	6.5	226
2025 07 12 10	0.5	0.46	2.9	3.0	3.0	0.81	-9999.9	3	207	-9999.9	50	-9999.9	3	18.2	7.1	172	3	1015.1	-9999.9	8.1	255
2025 07 12 11	0.45	0.41	2.7	2.8	2.6	0.67	-9999.9	3	220	-9999.9	51	-9999.9	3	18.2	11.8	205	3	1015.2	-9999.9	8.3	246
2025 07 12 12	0.4	0.37	2.8	2.8	2.6	0.68	-9999.9	3	206	-9999.9	53	-9999.9	3	18.1	6.4	283	3	1015.0	-9999.9	7.8	248
2025 07 12 13	0.38	0.35	3.0	3.1	5.0	0.65	-9999.9	3	171	-9999.9	55	-9999.9	3	17.4	19.8	59	3	1014.9	-9999.9	9.1	245
2025 07 12 14	0.33	0.3	2.7	2.7	2.5	0.46	-9999.9	3	200	-9999.9	69	-9999.9	3	17.1	29.3	20	3	1014.6	-9999.9	8.9	257
2025 07 12 15	0.35	0.32	3.0	3.0	6.9	0.52	-9999.9	3	202	-9999.9	61	-9999.9	3	16.1	7.2	35	3	1014.3	-9999.9	6.4	274
2025 07 12 16	0.39	0.36	2.8	2.9	2.8	0.56	-9999.9	3	210	-9999.9	61	-9999.9	3	16.2	22.9	28	3	1014.1	-9999.9	7.9	277
2025 07 12 17	0.34	0.32	2.8	2.9	2.7	0.54	-9999.9	3	187	-9999.9	53	-9999.9	3	16.0	7.3	52	3	1013.4	-9999.9	7.5	279
2025 07 12 18	0.34	0.31	3.1	3.2	4.5	0.53	-9999.9	3	185	-9999.9	54	-9999.9	3	18.2	29.5	203	3	1013.1	-9999.9	6.0	268
2025 07 12 19	0.38	0.36	3.0	3.0	3.0	0.67	-9999.9	3	167	-9999.9	56	-9999.9	3	17.7	19.5	160	3	1013.6	-9999.9	6.1	243
2025 07 12 20	0.3	0.28	3.0	3.0	2.8	0.55	-9999.9	3	248	-9999.9	54	-9999.9	3	17.4	6.6	297	3	1014.0	-9999.9	6.5	248
2025 07 12 21	0.22	0.2	3.2	3.3	9.0	0.34	-9999.9	3	129	-9999.9	56	-9999.9	3	16.2	23.9	21	3	1014.6	-9999.9	7.2	253
2025 07 12 22	0.26	0.23	3.2	3.3	7.6	0.49	-9999.9	3	34	-9999.9	55	-9999.9	3	17.5	21.4	68	3	1014.5	-9999.9	6.4	259
2025 07 12 23	0.24	0.22	3.1	3.1	8.0	0.35	-9999.9	3	145	-9999.9	61	-9999.9	3	17.3	21.0	86	3	1014.4	-9999.9	6.9	272
2025 07 13 00	0.27	0.25	2.5	2.7	2.7	0.52	-9999.9	3	164	-9999.9	60	-9999.9	3	17.5	13.4	149	3	1014.1	-9999.9	6.3	258
2025 07 13 01	0.32	0.3	2.7	2.7	3.0	0.52	-9999.9	3	199	-9999.9	62	-9999.9	3	17.3	12.1	8	3	1013.9	-9999.9	8.4	234
2025 07 13 02	0.23	0.21	2.6	2.6	2.6	0.4	-9999.9	3	84	-9999.9	66	-9999.9	3	17.2	36.6	71	3	1013.7	-9999.9	8.6	256
2025 07 13 03	0.22	0.2	3.1	3.1	6.2	0.39	-9999.9	3	137	-9999.9	63	-9999.9	3	17.5	26.4	88	3	1013.6	-9999.9	7.0	247
2025 07 13 04	0.35	0.31	3.3	3.4	8.9	0.69	-9999.9	3	155	-9999.9	53	-9999.9	3	16.9	21.5	89	3	1013.7	-9999.9	7.7	246
2025 07 13 05	0.42	0.39	2.6	2.7	2.5	0.6	-9999.9	3	185	-9999.9	51	-9999.9	3	16.8	21.1	72	3	1014.0	-9999.9	9.4	231
2025 07 13 06	0.38	0.36	3.0	3.0	5.0	0.55	-9999.9	3	213	-9999.9	58	-9999.9	3	16.5	9.4	50	3	1014.9	-9999.9	8.5	247
2025 07 13 07	0.36	0.34	3.0	3.0	3.9	0.56	-9999.9	3	194	-9999.9	47	-9999.9	3	16.9	12.1	168	3	1014.9	-9999.9	8.5	224
2025 07 13 08	0.47	0.42	3.4	3.6	6.1	0.73	-9999.9	3	188	-9999.9	43	-9999.9	3	16.2	9.7	198	3	1014.9	-9999.9	8.2	231
2025 07 13 09	0.44	0.42	3.2	3.3	4.5	0.69	-9999.9	3	202	-9999.9	49	-9999.9	3	15.8	13.9	190	3	1015.3	-9999.9	7.7	210
2025 07 13 10	0.47	0.45	3.2	3.2	2.8	0.82	-9999.9	3	198	-9999.9	53	-9999.9	3	16.7	17.4	169	3	1014.9	-9999.9	7.9	226
2025 07 13 11	0.39	0.37	2.8	2.8	2.8	0.57	-9999.9	3	188	-9999.9	54	-9999.9	3	16.7	13.7	166	3	1014.6	-9999.9	6.2	226
2025 07 13 12	0.48	0.45	2.7	2.8	2.6	0.83	-9999.9	3	196	-9999.9	55	-9999.9	3	16.6	10.7	215	3	1014.2	-9999.9	8.6	204
2025 07 13 13	0.4	0.38	2.6	2.6	2.4	0.58	-9999.9	3	222	-9999.9	54	-9999.9	3	16.8	9.3	174	3	1013.7	-9999.9	8.1	230
2025 07 13 14	0.26	0.24	3.2	3.2	3.6	0.39	-9999.9	3	133	-9999.9	65	-9999.9	3	17.6	21.5	30	3	1013.4	-9999.9	8.5	231
2025 07 13 15	0.3	0.28	4.0	4.1	6.1	0.5	-9999.9	3	116	-9999.9	55	-9999.9	3	16.9	11.4	22	3	1013.2	-9999.9	7.6	233
2025 07 13 16	0.27	0.25	3.1	3.1	4.6	0.47	-9999.9	3	186	-9999.9	66	-9999.9	3	15.7	8.7	15	3	1013.0	-9999.9	5.7	216
2025 07 13 17	0.33	0.31	3.6	3.6	6.8	0.66	-9999.9	3	153	-9999.9	60	-9999.9	3	14.2	11.8	52	3	1012.6	-9999.9	4.8	227
2025 07 13 18	0.3	0.27	3.8	3.9	6.4	0.52	-9999.9	3	171	-9999.9	55	-9999.9	3	16.0	16.6	37	3	1012.7	-9999.9	6.9	231
2025 07 13 19	0.3	0.28	3.4	3.5	7.1	0.64	-9999.9	3	167	-9999.9	57	-9999.9	3	17.0	7.2	183	3	1012.8	-9999.9	7.3	231
2025 07 13 20	0.37	0.35	3.0	3.0	3.3	0.68	-9999.9	3	187	-9999.9	52	-9999.9	3	16.1	27.7	158	3	1013.4	-9999.9	6.9	224
2025 07 13 21	0.2	0.19	3.3	3.3	3.3	0.35	-9999.9	3	89	-9999.9	61	-9999.9	3	16.5	17.8	3	3	1014.6	-9999.9	6.2	235
2025 07 13 22	0.19	0.19	3.8	3.7	4.5	0.32	-9999.9	3	47	-9999.9	62	-9999.9	3	17.8	-9999.9	-9999.9	3	1015.1	-9999.9	6.9	236
2025 07 13 23	0.26	0.24	3.6	3.6	8.4	0.52	-9999.9	3	116	-9999.9	53	-9999.9	3	17.2	21.5	67	3	1015.6	-9999.9	4.6	229
2025 07 14 00	0.26	0.25	3.4	3.3	4.1	0.46	-9999.9	3	100	-9999.9	56	-9999.9	3	18.0	21.8	62	3	1016.1	-9999.9	2.1	293
2025 07 14 01	0.24	0.23	3.5	3.4	5.8	0.39	-9999.9	3	110	-9999.9	60	-9999.9	3	17.6	14.4	116	3	1016.0	-9999.9	3.2	353
2025 07 14 02	0.22	0.21	3.7	3.8	5.2	0.34	-9999.9	3	87	-9999.9	53	-9999.9	3	17.6	11.1	48	3	1016.3	-9999.9	3.4	220
2025 07 14 03	0.23	0.22	4.2	4.3	8.1	0.4	-9999.9	3	117	-9999.9	41	-9999.9	3	17.2	35.9	49	3	1015.6	-9999.9	2.5	346
2025 07 14 04	0.28	0.25	4.4	4.8	9.7	0.62	-9999.9	3	105	-9999.9	46	-9999.9	3	17.7	13.0	63	3	-9999.9	-9999.9	-9999.9	-9999.9
2025 07 14 05	0.25	0.24	4.0	4.0	5.0	0.36	-9999.9	3	124	-9999.9	60	-9999.9	3	17.3	12.5	77	3	1016.7	-9999.9	0.9	49
2025 07 14 06	0.28	0.26	4.0	4.1	5.4	0.5	-9999.9	3	56	-9999.9	53	-9999.9	3	17.3	12.0	45	3	1017.4	-9999.9	2.1	34
2025 07 14 07	0.3	0.28	4.1	4.3	8.7	0.62	-9999.9	3	128	-9999.9	46	-9999.9	3	16.7	9.8	98	3	1018.0	-9999.9	2.6	22
2025 07 14 08	0.35	0.33	4.0	4.1	9.1	0.65	-9999.9	3	147	-9999.9	50	-9999.9	3	16.5	13.7	177	3	1018.4	-9999.9	1.9	78
2025 07 14 09	0.37	0.35	3.6	3.7	4.9	0.76	-9999.9	3	197	-9999.9	58	-9999.9	3	17.6	6.9	216	3	1018.5	-9999.9	0.6	62
2025 07 14 10	0.42	0.39	3.7	3.8	7.2	0.82	-9999.9	3	137	-9999.9	57	-9999.9	3	17.3	18.3	182	3	1018.8	-9999.9	1.6	194
2025 07 14 11	0.33	0.31	3.3	3.2	4.4	0.51	-9999.9	3	175	-9999.9	57	-9999.9	3	16.7	17.3	173	3	1018.9	-9999.9	-9999.9	-9999.9
2025 07 14 12	0.29	0.27	3.1	3.3	5.6	0.59	-9999.9	3	107	-9999.9	58	-9999.9	3	16.4	19.3	165	3	1018.7	-9999.9	0.9	254
2025 07 14 13	0.25	0.23	3.4	3.2	4.0	0.46	-9999.9	3	111	-9999.9	63	-9999.9	3	17.7	8.4	240	3	1018.5	-9999.9	1.3	85
2025 07 14 14	0.19	0.17	3.5	3.6	5.7	0.31	-9999.9	3	90	-9999.9	61	-9999.9	3	19.9	11.8	41	3	1018.3	-9999.9	1.4	55
2025 07 14 15	0.38	0.36	4.3	4.4	5.7	0.59	-9999.9	3	97	-9999.9	47	-9999.9	3	18.8	19.0	30	3	1018.0	-9999.9	0.8	80
2025 07 14 16	0.31	0.28	4.3	4.5	8.6	0.67	-9999.9	3	105	-9999.9	48	-9999.9	3	18.6	17.3	26	3	1017.8	-9999.9	2.5	95
2025 07 14 17	0.26	0.24	3.8	3.8	5.1	0.52	-9999.9	3	63	-9999.9	59	-9999.9	3	15.7	25.0	22	3	1017.8	-9999.9	1.7	63
2025 07 14 18	0.22	0.21	3.3	3.3	4.2	0.42	-9999.9	3	145	-9999.9	70	-9999.9	3	15.9	14.6	47	3	1018.0	-9999.9	1.6	24
2025 07 14 19	0.21	0.2	3.6	3.5	5.1	0.33	-9999.9	3	131	-9999.9	61	-9999.9	3	16.0	8.4	89	3	1018.3	-9999.9	2.1	12
2025 07 14 20	0.27	0.26	3.8	3.7	4.6	0.43	-9999.9	3	138	-9999.9	57	-9999.9	3	17.3	54.6	176	3	1018.8	-9999.9	2.0	30
2025 07 14 21	0.32	0.29	4.5	4.3	9.7	0.56	-9999.9	3	128	-9999.9	44	-9999.9	3	17.1	13.2	134	3	1019.4	-9999.9	2.0	47
2025 07 14 22	0.25	0.23	4.0	4.0	6.7	0.45	-9999.9	3	51	-9999.9	50	-9999.9	3	17.3	61.8	16	3	1019.8	-9999.9	-9999.9	-9999.9
2025 07 14 23	0.21	0.2	4.3	4.3	5.9	0.33	-9999.9	3	100	-9999.9	50	-9999.9	3	18.3	88.1	31	3	1019.7	-9999.9	-9999.9	-9999.9
2025 07 15 00	0.19	0.18	3.7	3.8	5.8	0.3	-9999.9	3	128	-9999.9	55	-9999.9	3	18.2	-9999.9	-9999.9	3	1019.7	-9999.9	2.0	21
2025 07 15 01	0.2	0.19	3.6	3.5	4.2	0.3	-9999.9	3	83	-9999.9	55	-9999.9	3	18.3	-9999.9	-9999.9	3	1019.5	-9999.9	2.2	14
2025 07 15 02	0.17	0.16	3.2	3.2	3.6	0.28	-9999.9	3	89	-9999.9	56	-9999.9	3	18.1	11.4	32	3	1019.3	-9999.9	2.9	5
2025 07 15 03	0.17	0.16	3.8	3.8	5.7	0.25	-9999.9	3	92	-9999.9	59	-9999.9	3	19.1	-9999.9	-9999.9	3	1019.3	-9999.9	2.9	12
2025 07 15 04	0.21	0.19	4.9	5.2	9.5	0.32	-9999.9	3	103	-9999.9	39	-9999.9	3	18.8	31.8	45	3	1019.3	-9999.9	3.5	356
2025 07 15 05	0.21	0.2	3.6	3.6	4.6	0.32	-9999.9	3	46	-9999.9	58	-9999.9	3	18.3	13.4	78	3	1019.3	-9999.9	2.8	23
2025 07 15 06	0.26	0.25	4.0	4.1	6.0	0.54	-9999.9	3	59	-9999.9	46	-9999.9	3	17.9	21.4	95	3	1019.3	-9999.9	-9999.9	-9999.9
2025 07 15 07	0.27	0.25	4.5	4.5	8.9	0.52	-9999.9	3	104	-9999.9	41	-9999.9	3	18.1	10.4	70	3	1019.5	-9999.9	-9999.9	-9999.9
2025 07 15 08	0.31	0.29	5.3	5.0	9.8	0.42	-9999.9	3	123	-9999.9	47	-9999.9	3	17.3	6.4	139	3	1019.8	-9999.9	3.1	357
2025 07 15 09	0.32	0.3	3.8	3.9	6.5	0.56	-9999.9	3	105	-9999.9	55	-9999.9	3	16.5	10.6	187	3	1019.7	-9999.9	2.5	25
2025 07 15 10	0.36	0.34	4.1	4.1	6.6	0.62	-9999.9	3	85	-9999.9	51	-9999.9	3	16.3	10.6	183	3	1019.9	-9999.9	1.9	36
2025 07 15 11	0.36	0.35	3.8	3.7	6.0	0.55	-9999.9	3	103	-9999.9	48	-9999.9	3	17.1	10.5	184	3	1020.0	-9999.9	1.6	26
2025 07 15 12	0.43	0.42	4.6	4.8	6.4	0.84	-9999.9	3	82	-9999.9	43	-9999.9	3	18.6	11.2	47	3	1019.7	-9999.9	1.2	33
2025 07 15 13	0.45	0.44	4.8	4.9	6.0	0.64	-9999.9	3	91	-9999.9	36	-9999.9	3	19.4	15.1	24	3	1019.2	-9999.9	1.5	23
2025 07 15 14	0.36	0.35	4.4	4.3	6.1	0.53	-9999.9	3	98	-9999.9	43	-9999.9	3	20.0	13.3	62	3	1019.0	-9999.9	2.0	42
2025 07 15 15	0.46	0.43	5.0	5.0	6.5	1.04	-9999.9	3	90	-9999.9	40	-9999.9	3	20.1	22.7	34	3	1018.5	-9999.9	2.0	37
2025 07 15 16	0.37	0.35	4.7	4.7	6.7	0.62	-9999.9	3	90	-9999.9	43	-9999.9	3	19.4	16.9	27	3	1018.1	-9999.9	1.8	24
2025 07 15 17	0.41	0.4	5.2	5.2	6.8	0.62	-9999.9	3	74	-9999.9	44	-9999.9	3	18.8	23.1	23	3	1017.5	-9999.9	2.0	3
2025 07 15 18	0.55	0.53	5.8	5.6	6.3	0.91	-9999.9	3	76	-9999.9	41	-9999.9	3	20.2	17.8	58	3	1017.4	-9999.9	2.2	20
2025 07 15 19	0.41	0.4	4.8	4.9	6.3	0.7	-9999.9	3	78	-9999.9	45	-9999.9	3	18.6	13.2	90	3	1017.7	-9999.9	2.1	32
2025 07 15 20	0.42	0.41	4.9	4.9	6.2	0.6	-9999.9	3	108	-9999.9	44	-9999.9	3	16.1	23.7	168	3	1018.0	-9999.9	1.3	43
2025 07 15 21	0.45	0.44	4.4	4.4	5.8	0.77	-9999.9	3	115	-9999.9	45	-9999.9	3	17.3	28.8	156	3	1018.5	-9999.9	2.2	43
2025 07 15 22	0.36	0.34	5.1	5.0	6.2	0.56	-9999.9	3	69	-9999.9	43	-9999.9	3	18.5	39.9	358	3	1019.0	-9999.9	2.8	53
2025 07 15 23	0.35	0.34	5.1	5.1	6.3	0.53	-9999.9	3	71	-9999.9	45	-9999.9	3	18.8	84.0	33	3	1019.3	-9999.9	1.4	24
2025 07 16 00	0.36	0.35	4.9	4.9	6.1	0.53	-9999.9	3	108	-9999.9	43	-9999.9	3	20.1	-9999.9	-9999.9	3	1019.1	-9999.9	2.6	357
2025 07 16 01	0.39	0.37	4.8	4.8	6.5	0.57	-9999.9	3	100	-9999.9	40	-9999.9	3	20.3	-9999.9	-9999.9	3	1018.8	-9999.9	3.3	5
2025 07 16 02	0.41	0.39	4.8	4.9	6.5	0.75	-9999.9	3	103	-9999.9	42	-9999.9	3	20.0	18.1	56	3	1018.6	-9999.9	2.2	42
2025 07 16 03	0.44	0.43	5.2	5.2	6.9	0.69	-9999.9	3	100	-9999.9	36	-9999.9	3	19.9	22.0	30	3	1018.5	-9999.9	2.7	356
2025 07 16 04	0.43	0.4	5.8	5.9	7.1	0.69	-9999.9	3	99	-9999.9	34	-9999.9	3	19.7	63.1	33	3	1018.4	-9999.9	3.8	357
2025 07 16 05	0.37	0.36	5.5	5.4	6.7	0.57	-9999.9	3	104	-9999.9	38	-9999.9	3	19.9	-9999.9	-9999.9	3	1018.7	-9999.9	3.4	356
2025 07 16 06	0.47	0.46	5.2	5.3	6.3	0.78	-9999.9	3	84	-9999.9	41	-9999.9	3	18.8	-9999.9	-9999.9	3	1019.0	-9999.9	3.9	0
2025 07 16 07	0.43	0.41	5.2	5.1	6.9	0.71	-9999.9	3	91	-9999.9	37	-9999.9	3	18.3	7.6	93	3	1019.5	-9999.9	3.8	336
2025 07 16 08	0.4	0.38	5.1	5.1	7.0	0.66	-9999.9	3	97	-9999.9	41	-9999.9	3	18.3	14.0	51	3	1020.0	-9999.9	2.5	16
2025 07 16 09	0.46	0.44	4.9	4.6	6.9	0.85	-9999.9	3	102	-9999.9	45	-9999.9	3	18.5	7.2	104	3	1020.2	-9999.9	1.9	31
2025 07 16 10	0.5	0.47	5.1	5.0	6.9	0.81	-9999.9	3	90	-9999.9	41	-9999.9	3	18.3	2.6	187	3	1020.5	-9999.9	2.3	15
2025 07 16 11	0.43	0.41	4.5	4.4	6.8	0.58	-9999.9	3	106	-9999.9	44	-9999.9	3	17.8	13.5	177	3	1020.4	-9999.9	2.6	48
2025 07 16 12	0.38	0.37	4.4	4.4	6.6	0.57	-9999.9	3	72	-9999.9	40	-9999.9	3	17.5	13.5	152	3	1020.1	-9999.9	3.7	47
2025 07 16 13	0.39	0.37	4.8	4.9	7.1	0.67	-9999.9	3	88	-9999.9	38	-9999.9	3	19.1	8.9	344	3	1019.5	-9999.9	3.1	65
2025 07 16 14	0.41	0.39	4.6	4.5	6.8	0.78	-9999.9	3	85	-9999.9	43	-9999.9	3	19.9	10.3	29	3	1019.1	-9999.9	2.6	61
2025 07 16 15	0.45	0.43	4.7	4.7	6.7	0.88	-9999.9	3	96	-9999.9	40	-9999.9	3	19.9	14.4	48	3	1018.5	-9999.9	2.3	55
2025 07 16 16	0.41	0.38	4.3	4.6	7.2	0.78	-9999.9	3	95	-9999.9	41	-9999.9	3	19.5	14.9	49	3	1018.0	-9999.9	1.7	49
2025 07 16 17	0.33	0.31	4.6	4.6	7.0	0.53	-9999.9	3	73	-9999.9	44	-9999.9	3	19.7	24.7	27	3	1017.4	-9999.9	-9999.9	-9999.9
2025 07 16 18	0.34	0.33	5.4	5.5	6.7	0.61	-9999.9	3	91	-9999.9	43	-9999.9	3	20.9	34.3	109	3	1017.3	-9999.9	-9999.9	-9999.9
2025 07 16 19	0.36	0.34	4.3	4.4	6.3	0.57	-9999.9	3	58	-9999.9	49	-9999.9	3	19.4	32.4	63	3	1017.4	-9999.9	-9999.9	-9999.9
2025 07 16 20	0.31	0.29	4.2	4.4	6.7	0.79	-9999.9	3	97	-9999.9	43	-9999.9	3	17.9	6.5	161	3	1017.8	-9999.9	-9999.9	-9999.9
2025 07 16 21	0.34	0.33	5.0	4.8	10.2	0.53	-9999.9	3	123	-9999.9	41	-9999.9	3	17.9	43.2	160	3	1018.4	-9999.9	-9999.9	-9999.9
2025 07 16 22	0.33	0.31	4.1	4.3	6.9	0.74	-9999.9	3	83	-9999.9	43	-9999.9	3	18.0	16.2	84	3	1018.6	-9999.9	2.3	21
2025 07 16 23	0.19	0.18	4.5	4.6	6.8	0.31	-9999.9	3	73	-9999.9	46	-9999.9	3	18.8	64.4	20	3	1018.4	-9999.9	1.9	24
2025 07 17 00	0.22	0.21	4.4	4.4	6.2	0.32	-9999.9	3	77	-9999.9	50	-9999.9	3	18.9	64.1	31	3	1018.1	-9999.9	1.3	57
2025 07 17 01	0.23	0.23	4.3	4.2	5.9	0.33	-9999.9	3	101	-9999.9	49	-9999.9	3	20.2	34.7	73	3	1017.5	-9999.9	1.7	14
2025 07 17 02	0.26	0.25	4.1	4.0	5.8	0.47	-9999.9	3	93	-9999.9	44	-9999.9	3	19.7	20.8	63	3	1017.1	-9999.9	2.6	3
2025 07 17 03	0.26	0.24	3.8	3.8	5.5	0.47	-9999.9	3	106	-9999.9	46	-9999.9	3	19.9	21.6	46	3	1017.0	-9999.9	2.9	358
2025 07 17 04	0.19	0.19	4.4	4.4	6.0	0.3	-9999.9	3	98	-9999.9	44	-9999.9	3	20.2	24.4	42	3	1016.9	-9999.9	2.2	357
2025 07 17 05	0.22	0.21	4.4	4.2	5.2	0.38	-9999.9	3	81	-9999.9	47	-9999.9	3	19.2	17.2	56	3	1016.7	-9999.9	2.3	356
2025 07 17 06	0.24	0.23	4.8	4.8	5.8	0.5	-9999.9	3	83	-9999.9	49	-9999.9	3	19.9	52.6	66	3	1016.9	-9999.9	2.6	17
2025 07 17 07	0.26	0.24	3.7	3.6	5.6	0.44	-9999.9	3	76	-9999.9	52	-9999.9	3	18.8	18.1	100	3	1017.2	-9999.9	2.8	22
2025 07 17 08	0.37	0.35	4.8	5.0	8.6	0.66	-9999.9	3	114	-9999.9	40	-9999.9	3	18.7	1.1	146	3	1017.5	-9999.9	2.1	345
2025 07 17 09	0.28	0.27	3.5	3.3	5.0	0.47	-9999.9	3	100	-9999.9	58	-9999.9	3	19.0	5.3	9	3	1017.3	-9999.9	2.4	40
2025 07 17 10	0.27	0.25	3.7	3.9	5.7	0.52	-9999.9	3	104	-9999.9	52	-9999.9	3	18.3	6.1	258	3	1017.2	-9999.9	2.4	92
2025 07 17 11	0.23	0.21	3.6	3.5	5.7	0.5	-9999.9	3	123	-9999.9	58	-9999.9	3	17.5	11.4	185	3	1017.0	-9999.9	2.1	84
2025 07 17 12	0.25	0.23	3.5	3.4	9.4	0.37	-9999.9	3	123	-9999.9	49	-9999.9	3	18.7	5.3	180	3	1016.4	-9999.9	1.8	101
2025 07 17 13	0.2	0.19	3.2	3.1	3.4	0.34	-9999.9	3	59	-9999.9	59	-9999.9	3	18.4	17.0	13	3	1015.7	-9999.9	1.0	155
2025 07 17 14	0.25	0.24	3.6	3.5	4.9	0.44	-9999.9	3	73	-9999.9	64	-9999.9	3	19.5	5.9	352	3	1015.3	-9999.9	2.4	216
2025 07 17 15	0.33	0.31	4.1	4.3	7.7	0.72	-9999.9	3	109	-9999.9	43	-9999.9	3	20.0	8.1	106	3	1014.9	-9999.9	4.0	218
2025 07 17 16	0.29	0.26	3.8	4.0	9.0	0.55	-9999.9	3	114	-9999.9	52	-9999.9	3	19.9	3.9	134	3	1014.1	-9999.9	7.0	223
2025 07 17 17	0.26	0.25	2.6	2.6	2.4	0.47	-9999.9	3	179	-9999.9	60	-9999.9	3	19.2	10.3	56	3	1013.5	-9999.9	8.5	232
2025 07 17 18	0.24	0.22	2.6	2.6	2.3	0.41	-9999.9	3	163	-9999.9	64	-9999.9	3	18.8	16.2	33	3	1013.2	-9999.9	8.9	235
2025 07 17 19	0.34	0.3	3.1	3.3	6.7	0.67	-9999.9	3	86	-9999.9	48	-9999.9	3	17.7	23.8	70	3	1013.1	-9999.9	8.7	227
2025 07 17 20	0.32	0.3	2.7	2.7	2.8	0.53	-9999.9	3	167	-9999.9	53	-9999.9	3	18.6	9.3	97	3	1013.5	-9999.9	7.9	226
2025 07 17 21	0.33	0.31	3.0	3.0	3.0	0.49	-9999.9	3	166	-9999.9	49	-9999.9	3	17.3	31.6	199	3	1014.0	-9999.9	6.7	224
2025 07 17 22	0.34	0.31	2.9	2.9	2.6	0.53	-9999.9	3	162	-9999.9	51	-9999.9	3	17.7	30.1	168	3	1014.2	-9999.9	7.7	227
2025 07 17 23	0.26	0.24	2.7	2.7	2.7	0.42	-9999.9	3	171	-9999.9	59	-9999.9	3	17.2	16.4	178	3	1014.0	-9999.9	6.7	236
2025 07 18 00	0.2	0.19	3.4	3.5	5.3	0.29	-9999.9	3	105	-9999.9	52	-9999.9	3	17.3	11.3	6	3	1013.7	-9999.9	7.3	231
2025 07 18 01	0.15	0.14	3.1	3.2	4.4	0.26	-9999.9	3	20	-9999.9	70	-9999.9	3	17.5	33.6	37	3	1013.2	-9999.9	6.7	238
2025 07 18 02	0.14	0.13	2.8	2.8	4.5	0.25	-9999.9	3	80	-9999.9	66	-9999.9	3	18.2	31.6	69	3	1012.8	-9999.9	6.2	238
2025 07 18 03	0.23	0.22	2.5	2.6	4.0	0.47	-9999.9	3	194	-9999.9	60	-9999.9	3	18.2	10.5	81	3	1012.5	-9999.9	8.5	244
2025 07 18 04	0.28	0.26	2.3	2.3	2.3	0.53	-9999.9	3	214	-9999.9	54	-9999.9	3	17.9	10.0	63	3	1012.4	-9999.9	8.6	232
2025 07 18 05	0.29	0.28	2.4	2.3	2.3	0.43	-9999.9	3	216	-9999.9	62	-9999.9	3	17.9	7.7	63	3	1012.6	-9999.9	9.7	243
2025 07 18 06	0.25	0.23	2.5	2.7	5.7	0.53	-9999.9	3	195	-9999.9	60	-9999.9	3	17.8	12.1	41	3	1012.9	-9999.9	10.2	251
2025 07 18 07	0.26	0.25	2.6	2.6	3.3	0.43	-9999.9	3	184	-9999.9	61	-9999.9	3	17.3	15.7	63	3	1013.2	-9999.9	10.0	248
2025 07 18 08	0.37	0.35	2.9	2.8	3.2	0.55	-9999.9	3	194	-9999.9	52	-9999.9	3	17.4	13.9	57	3	1013.4	-9999.9	8.2	250
2025 07 18 09	0.54	0.52	2.8	2.8	2.8	0.86	-9999.9	3	196	-9999.9	39	-9999.9	3	16.9	26.6	164	3	1013.6	-9999.9	8.0	249
2025 07 18 10	0.36	0.34	3.0	3.0	5.1	0.67	-9999.9	3	170	-9999.9	64	-9999.9	3	17.2	6.0	115	3	1013.8	-9999.9	9.1	251
2025 07 18 11	0.47	0.44	2.8	2.8	3.1	0.78	-9999.9	3	200	-9999.9	50	-9999.9	3	16.9	5.4	73	3	1013.2	-9999.9	11.0	212
2025 07 18 12	0.5	0.47	2.7	2.8	2.6	0.79	-9999.9	3	215	-9999.9	46	-9999.9	3	17.1	19.6	175	3	1013.5	-9999.9	11.3	235
2025 07 18 13	0.39	0.37	2.7	2.7	2.7	0.6	-9999.9	3	209	-9999.9	54	-9999.9	3	17.4	14.9	143	3	1013.3	-9999.9	10.5	251
2025 07 18 14	0.45	0.41	2.8	2.8	3.0	0.64	-9999.9	3	203	-9999.9	60	-9999.9	3	17.5	23.8	16	3	1012.8	-9999.9	12.6	234
2025 07 18 15	0.59	0.54	2.9	3.0	2.9	0.92	-9999.9	3	211	-9999.9	45	-9999.9	3	17.8	20.1	14	3	1012.6	-9999.9	11.6	234
2025 07 18 16	0.54	0.52	2.9	2.9	2.9	0.94	-9999.9	3	207	-9999.9	47	-9999.9	3	17.4	6.9	24	3	1012.5	-9999.9	9.7	217
2025 07 18 17	0.59	0.55	3.0	3.0	3.4	1.0	-9999.9	3	201	-9999.9	46	-9999.9	3	17.3	6.4	57	3	1012.1	-9999.9	10.7	236
2025 07 18 18	0.43	0.42	2.6	2.6	2.5	0.66	-9999.9	3	211	-9999.9	59	-9999.9	3	17.4	12.1	75	3	1012.0	-9999.9	9.7	234
2025 07 18 19	0.53	0.5	3.2	3.1	2.8	0.84	-9999.9	3	211	-9999.9	61	-9999.9	3	17.7	12.8	52	3	1012.4	-9999.9	8.1	240
2025 07 18 20	0.38	0.35	2.8	2.8	2.6	0.59	-9999.9	3	187	-9999.9	57	-9999.9	3	17.2	12.2	62	3	1012.9	-9999.9	8.1	266
2025 07 18 21	0.41	0.4	2.8	2.8	2.6	0.73	-9999.9	3	192	-9999.9	54	-9999.9	3	17.4	13.0	86	3	1013.4	-9999.9	11.2	238
2025 07 18 22	0.35	0.33	3.1	3.0	3.6	0.52	-9999.9	3	197	-9999.9	52	-9999.9	3	18.0	34.5	200	3	1013.7	-9999.9	10.6	228
2025 07 18 23	0.42	0.39	3.0	3.0	2.8	0.87	-9999.9	3	194	-9999.9	54	-9999.9	3	17.7	26.7	185	3	1013.9	-9999.9	9.6	237
2025 07 19 00	0.44	0.42	2.9	2.9	2.9	0.71	-9999.9	3	198	-9999.9	49	-9999.9	3	18.1	29.9	195	3	1013.9	-9999.9	8.7	239
2025 07 19 01	0.45	0.44	2.7	2.7	2.6	0.82	-9999.9	3	219	-9999.9	53	-9999.9	3	18.0	18.1	203	3	1013.7	-9999.9	7.4	234
2025 07 19 02	0.46	0.43	2.8	2.9	3.6	0.65	-9999.9	3	217	-9999.9	46	-9999.9	3	17.7	6.9	221	3	1013.5	-9999.9	-9999.9	-9999.9
2025 07 19 03	0.48	0.46	2.8	2.8	2.8	0.75	-9999.9	3	210	-9999.9	44	-9999.9	3	17.1	9.0	23	3	1013.6	-9999.9	-9999.9	-9999.9
2025 07 19 04	0.56	0.53	3.0	3.1	3.1	0.85	-9999.9	3	202	-9999.9	40	-9999.9	3	17.3	3.6	170	3	1013.6	-9999.9	6.4	228
2025 07 19 05	0.56	0.53	3.0	3.0	3.1	0.89	-9999.9	3	209	-9999.9	39	-9999.9	3	17.3	5.5	116	3	1013.8	-9999.9	5.9	243
2025 07 19 06	0.42	0.39	2.9	2.9	2.8	0.73	-9999.9	3	191	-9999.9	58	-9999.9	3	17.3	8.5	101	3	1014.3	-9999.9	6.2	259
2025 07 19 07	0.37	0.34	3.7	3.8	7.4	0.69	-9999.9	3	110	-9999.9	59	-9999.9	3	17.1	16.8	48	3	1014.2	-9999.9	8.7	249
2025 07 19 08	0.36	0.33	3.4	3.5	6.4	0.58	-9999.9	3	156	-9999.9	66	-9999.9	3	16.7	23.0	58	3	1014.4	-9999.9	8.3	253
2025 07 19 09	0.33	0.3	3.1	3.1	6.1	0.55	-9999.9	3	179	-9999.9	60	-9999.9	3	16.8	15.0	71	3	1014.4	-9999.9	8.5	229
2025 07 19 10	0.51	0.47	3.2	3.3	3.8	0.76	-9999.9	3	178	-9999.9	46	-9999.9	3	17.7	22.3	179	3	1014.7	-9999.9	10.2	218
2025 07 19 11	0.51	0.47	3.2	3.1	3.0	0.75	-9999.9	3	194	-9999.9	39	-9999.9	3	17.7	27.5	199	3	1014.6	-9999.9	10.5	233
2025 07 19 12	0.57	0.53	3.1	3.1	2.8	0.82	-9999.9	3	211	-9999.9	49	-9999.9	3	17.2	17.3	187	3	1013.5	-9999.9	11.5	237
2025 07 19 13	0.58	0.55	3.0	3.0	2.9	0.87	-9999.9	3	218	-9999.9	43	-9999.9	3	17.0	16.5	200	3	1012.9	-9999.9	11.2	223
2025 07 19 14	0.54	0.52	2.8	2.8	3.0	0.99	-9999.9	3	222	-9999.9	45	-9999.9	3	16.8	11.2	168	3	1012.6	-9999.9	10.8	251
2025 07 19 15	0.41	0.38	2.6	2.6	2.3	0.65	-9999.9	3	214	-9999.9	60	-9999.9	3	16.4	23.6	22	3	1012.3	-9999.9	11.3	235
2025 07 19 16	0.62	0.58	2.8	2.8	2.5	0.89	-9999.9	3	211	-9999.9	51	-9999.9	3	16.9	17.8	76	3	1011.8	-9999.9	11.6	237
2025 07 19 17	0.53	0.51	2.8	2.8	2.8	1.09	-9999.9	3	211	-9999.9	49	-9999.9	3	16.9	17.0	51	3	1011.4	-9999.9	11.5	231
2025 07 19 18	0.51	0.49	2.7	2.7	2.7	0.92	-9999.9	3	210	-9999.9	46	-9999.9	3	16.7	6.9	134	3	1011.0	-9999.9	11.0	240
2025 07 19 19	0.39	0.36	2.8	2.8	3.0	0.53	-9999.9	3	181	-9999.9	59	-9999.9	3	16.7	16.0	77	3	1011.3	-9999.9	10.9	229
2025 07 19 20	0.37	0.35	2.9	3.0	2.8	0.6	-9999.9	3	197	-9999.9	65	-9999.9	3	16.9	47.4	52	3	1012.1	-9999.9	10.2	246
2025 07 19 21	0.35	0.33	2.8	2.8	2.6	0.56	-9999.9	3	183	-9999.9	65	-9999.9	3	16.1	51.3	61	3	1012.5	-9999.9	9.4	243
2025 07 19 22	0.44	0.42	2.8	2.7	2.6	0.67	-9999.9	3	198	-9999.9	52	-9999.9	3	16.1	13.8	57	3	1012.5	-9999.9	9.4	240
2025 07 19 23	0.46	0.43	3.0	3.0	2.7	0.76	-9999.9	3	189	-9999.9	44	-9999.9	3	17.1	22.8	185	3	1012.2	-9999.9	9.6	234
2025 07 20 00	0.46	0.43	3.0	3.0	2.8	0.64	-9999.9	3	199	-9999.9	44	-9999.9	3	17.2	32.0	204	3	1011.9	-9999.9	10.7	214
2025 07 20 01	0.4	0.38	2.9	2.9	2.8	0.59	-9999.9	3	201	-9999.9	46	-9999.9	3	16.5	30.0	205	3	1011.9	-9999.9	9.3	225
2025 07 20 02	0.39	0.37	2.9	2.9	2.8	0.66	-9999.9	3	197	-9999.9	47	-9999.9	3	17.6	20.6	177	3	1011.5	-9999.9	7.0	223
2025 07 20 03	0.33	0.31	2.6	2.6	2.5	0.48	-9999.9	3	225	-9999.9	59	-9999.9	3	17.9	6.9	180	3	1011.0	-9999.9	6.7	235
2025 07 20 04	0.34	0.31	3.4	3.3	8.3	0.56	-9999.9	3	186	-9999.9	48	-9999.9	3	16.4	15.2	31	3	1011.0	-9999.9	6.2	226
2025 07 20 05	0.37	0.34	2.6	2.6	2.5	0.58	-9999.9	3	205	-9999.9	47	-9999.9	3	16.4	3.1	75	3	1011.0	-9999.9	6.8	234
2025 07 20 06	0.42	0.4	2.7	2.7	2.7	0.81	-9999.9	3	203	-9999.9	47	-9999.9	3	16.4	4.7	72	3	1011.4	-9999.9	8.2	236
2025 07 20 07	0.52	0.48	3.0	3.0	3.1	0.77	-9999.9	3	187	-9999.9	43	-9999.9	3	16.4	11.0	85	3	1011.4	-9999.9	9.2	241
2025 07 20 08	0.32	0.3	3.4	3.3	8.1	0.53	-9999.9	3	142	-9999.9	56	-9999.9	3	16.4	25.2	55	3	1011.5	-9999.9	11.0	251
2025 07 20 09	0.22	0.2	3.9	3.9	6.8	0.48	-9999.9	3	80	-9999.9	62	-9999.9	3	17.5	24.2	68	3	1011.6	-9999.9	11.3	231
2025 07 20 10	0.29	0.27	4.0	4.2	9.2	0.59	-9999.9	3	128	-9999.9	56	-9999.9	3	17.2	37.3	42	3	1011.8	-9999.9	11.7	237
2025 07 20 11	0.28	0.26	4.3	4.3	7.4	0.45	-9999.9	3	127	-9999.9	56	-9999.9	3	17.2	49.2	57	3	1011.9	-9999.9	12.4	239
2025 07 20 12	0.42	0.39	3.3	3.3	4.9	0.6	-9999.9	3	175	-9999.9	62	-9999.9	3	16.4	23.5	78	3	1011.3	-9999.9	11.0	242
2025 07 20 13	0.51	0.46	3.0	3.0	3.1	0.78	-9999.9	3	199	-9999.9	43	-9999.9	3	16.4	16.8	171	3	1011.0	-9999.9	11.2	227
2025 07 20 14	0.58	0.55	2.9	2.9	2.7	0.95	-9999.9	3	204	-9999.9	42	-9999.9	3	16.2	16.2	187	3	1010.9	-9999.9	9.3	227
2025 07 20 15	0.35	0.33	3.3	3.3	4.6	0.53	-9999.9	3	128	-9999.9	62	-9999.9	3	16.4	25.5	13	3	1010.5	-9999.9	10.9	228
2025 07 20 16	0.6	0.56	2.8	2.9	2.7	0.93	-9999.9	3	201	-9999.9	51	-9999.9	3	16.3	19.9	35	3	1010.4	-9999.9	10.7	242
2025 07 20 17	0.52	0.49	2.8	2.9	2.8	0.83	-9999.9	3	213	-9999.9	59	-9999.9	3	16.5	20.2	56	3	1010.3	-9999.9	10.8	237
2025 07 20 18	0.52	0.48	2.6	2.7	2.6	0.87	-9999.9	3	205	-9999.9	51	-9999.9	3	16.6	17.2	38	3	1010.6	-9999.9	9.4	232
2025 07 20 19	0.56	0.52	2.9	2.9	2.7	0.93	-9999.9	3	203	-9999.9	47	-9999.9	3	16.3	2.8	80	3	1011.3	-9999.9	10.3	239
2025 07 20 20	0.47	0.44	2.7	2.6	2.5	0.71	-9999.9	3	206	-9999.9	52	-9999.9	3	16.5	10.5	68	3	1011.7	-9999.9	10.0	231
2025 07 20 21	0.33	0.3	2.8	2.9	2.8	0.47	-9999.9	3	207	-9999.9	68	-9999.9	3	16.9	36.6	50	3	1012.3	-9999.9	9.5	238
2025 07 20 22	0.29	0.27	3.6	3.7	6.4	0.54	-9999.9	3	166	-9999.9	62	-9999.9	3	16.5	44.6	49	3	1012.4	-9999.9	11.0	231
2025 07 20 23	0.34	0.31	3.3	3.3	7.7	0.48	-9999.9	3	166	-9999.9	62	-9999.9	3	16.7	53.6	60	3	1012.7	-9999.9	9.8	234
2025 07 21 00	0.36	0.33	2.9	2.9	4.1	0.66	-9999.9	3	188	-9999.9	55	-9999.9	3	16.6	11.0	65	3	1012.5	-9999.9	6.3	280
2025 07 21 01	0.36	0.34	3.3	3.2	4.6	0.52	-9999.9	3	187	-9999.9	49	-9999.9	3	17.0	22.5	180	3	1011.8	-9999.9	5.5	245
2025 07 21 02	0.36	0.34	3.3	3.3	4.1	0.57	-9999.9	3	176	-9999.9	47	-9999.9	3	17.2	19.0	200	3	1011.3	-9999.9	5.6	230
2025 07 21 03	0.43	0.41	3.2	3.3	3.9	0.75	-9999.9	3	189	-9999.9	49	-9999.9	3	16.0	19.8	219	3	1011.1	-9999.9	7.0	232
2025 07 21 04	-9999.9	-9999.9	-9999.9	-9999.9	-9999.9	-9999.9	-9999.9	3	-9999.9	-9999.9	-9999.9	-9999.9	3	16.0	14.5	207	3	1011.1	-9999.9	8.2	252
2025 07 21 05	0.31	0.29	3.1	3.1	4.2	0.55	-9999.9	3	126	-9999.9	66	-9999.9	3	16.1	9.0	66	3	1011.6	-9999.9	8.2	247
2025 07 21 06	0.31	0.29	3.1	3.1	4.1	0.46	-9999.9	3	79	-9999.9	67	-9999.9	3	16.0	15.7	48	3	1012.1	-9999.9	7.5	227
2025 07 21 07	0.35	0.32	2.6	2.7	2.6	0.54	-9999.9	3	189	-9999.9	60	-9999.9	3	17.1	17.7	62	3	1012.4	-9999.9	9.3	236
2025 07 21 08	0.31	0.28	3.1	3.1	7.6	0.5	-9999.9	3	157	-9999.9	60	-9999.9	3	16.5	12.3	84	3	1012.6	-9999.9	9.3	242
2025 07 21 09	0.28	0.25	2.9	2.9	5.4	0.39	-9999.9	3	142	-9999.9	66	-9999.9	3	16.1	22.3	57	3	1012.6	-9999.9	9.9	227
2025 07 21 10	0.23	0.22	3.3	3.3	5.9	0.43	-9999.9	3	146	-9999.9	71	-9999.9	3	17.1	60.0	46	3	1013.1	-9999.9	11.0	231
2025 07 21 11	0.28	0.26	4.1	4.0	5.2	0.47	-9999.9	3	145	-9999.9	67	-9999.9	3	16.5	46.6	62	3	1013.5	-9999.9	9.1	238
2025 07 21 12	0.29	0.28	3.8	3.9	5.7	0.46	-9999.9	3	109	-9999.9	62	-9999.9	3	16.7	34.6	76	3	1012.8	-9999.9	8.5	229
2025 07 21 13	0.33	0.31	2.8	2.8	2.5	0.49	-9999.9	3	192	-9999.9	59	-9999.9	3	16.4	30.8	67	3	1012.3	-9999.9	9.5	232
2025 07 21 14	0.36	0.33	3.8	3.7	8.4	0.57	-9999.9	3	153	-9999.9	55	-9999.9	3	16.1	12.9	67	3	1012.4	-9999.9	9.7	242
2025 07 21 15	0.38	0.35	3.0	3.1	4.1	0.54	-9999.9	3	158	-9999.9	59	-9999.9	3	16.3	13.2	57	3	1012.0	-9999.9	10.0	239
2025 07 21 16	0.2	0.19	3.8	3.7	7.7	0.3	-9999.9	3	84	-9999.9	65	-9999.9	3	16.5	30.8	31	3	1011.6	-9999.9	10.0	234
2025 07 21 17	0.31	0.29	3.4	3.3	8.0	0.51	-9999.9	3	192	-9999.9	70	-9999.9	3	17.1	55.7	38	3	1011.3	-9999.9	9.8	238
2025 07 21 18	0.37	0.34	2.6	2.6	2.5	0.57	-9999.9	3	222	-9999.9	63	-9999.9	3	16.9	18.1	47	3	1011.5	-9999.9	8.8	238
2025 07 21 19	0.43	0.4	2.8	2.9	2.5	0.69	-9999.9	3	182	-9999.9	60	-9999.9	3	17.1	12.3	54	3	1011.9	-9999.9	9.0	231
2025 07 21 20	0.48	0.45	2.8	2.8	2.7	0.69	-9999.9	3	201	-9999.9	55	-9999.9	3	17.0	24.3	32	3	1012.8	-9999.9	8.6	251
2025 07 21 21	0.38	0.36	2.6	2.7	2.5	0.6	-9999.9	3	199	-9999.9	62	-9999.9	3	16.8	33.8	53	3	1013.3	-9999.9	8.8	247
2025 07 21 22	0.38	0.35	2.9	3.0	3.2	0.49	-9999.9	3	210	-9999.9	58	-9999.9	3	16.7	42.0	61	3	1013.9	-9999.9	9.6	250
2025 07 21 23	0.24	0.22	3.4	3.4	6.7	0.39	-9999.9	3	140	-9999.9	57	-9999.9	3	16.4	59.7	52	3	1013.6	-9999.9	-9999.9	-9999.9
2025 07 22 00	0.28	0.26	3.1	3.3	5.3	0.58	-9999.9	3	158	-9999.9	57	-9999.9	3	16.5	77.0	63	3	1013.3	-9999.9	9.0	238
2025 07 22 01	0.31	0.29	2.6	2.6	2.3	0.51	-9999.9	3	191	-9999.9	60	-9999.9	3	16.4	36.2	68	3	1013.3	-9999.9	9.9	247
2025 07 22 02	0.31	0.29	2.6	2.6	2.5	0.54	-9999.9	3	190	-9999.9	51	-9999.9	3	16.4	16.3	69	3	1013.0	-9999.9	9.6	245
2025 07 22 03	0.34	0.31	3.0	3.0	7.4	0.47	-9999.9	3	187	-9999.9	47	-9999.9	3	16.1	42.3	163	3	1013.2	-9999.9	8.5	232
2025 07 22 04	0.32	0.31	3.1	3.0	3.0	0.48	-9999.9	3	201	-9999.9	51	-9999.9	3	16.1	51.0	192	3	1013.4	-9999.9	6.3	234
2025 07 22 05	0.36	0.34	3.0	3.0	2.8	0.62	-9999.9	3	196	-9999.9	50	-9999.9	3	15.7	17.1	174	3	1014.2	-9999.9	2.1	275
2025 07 22 06	0.29	0.27	2.8	2.8	3.0	0.46	-9999.9	3	185	-9999.9	57	-9999.9	3	15.8	7.1	159	3	1014.6	-9999.9	4.7	248
2025 07 22 07	0.29	0.27	3.9	3.7	5.7	0.54	-9999.9	3	106	-9999.9	55	-9999.9	3	16.6	21.5	36	3	1015.3	-9999.9	2.8	258
2025 07 22 08	0.32	0.29	3.0	3.0	7.5	0.47	-9999.9	3	147	-9999.9	59	-9999.9	3	16.3	14.5	38	3	1015.6	-9999.9	6.3	243
2025 07 22 09	0.33	0.3	2.5	2.6	2.4	0.59	-9999.9	3	192	-9999.9	64	-9999.9	3	16.7	18.1	61	3	1015.9	-9999.9	8.4	233
2025 07 22 10	0.41	0.37	2.9	3.1	7.1	0.8	-9999.9	3	149	-9999.9	57	-9999.9	3	17.0	14.8	56	3	1016.3	-9999.9	8.5	233
2025 07 22 11	0.27	0.25	3.0	2.9	4.5	0.4	-9999.9	3	154	-9999.9	66	-9999.9	3	16.9	38.9	48	3	1016.2	-9999.9	7.6	229
2025 07 22 12	0.29	0.27	4.1	4.2	8.0	0.55	-9999.9	3	138	-9999.9	49	-9999.9	3	17.2	32.0	59	3	1016.1	-9999.9	7.0	222
2025 07 22 13	0.25	0.24	3.7	3.6	5.0	0.4	-9999.9	3	122	-9999.9	72	-9999.9	3	16.5	18.7	54	3	1015.5	-9999.9	6.6	233
2025 07 22 14	0.34	0.33	3.5	3.5	4.7	0.6	-9999.9	3	138	-9999.9	58	-9999.9	3	16.7	32.6	49	3	1015.2	-9999.9	5.6	231
2025 07 22 15	0.29	0.28	3.8	3.6	4.8	0.48	-9999.9	3	150	-9999.9	61	-9999.9	3	16.5	8.1	67	3	1014.9	-9999.9	5.9	233
2025 07 22 16	0.24	0.23	3.2	3.2	3.7	0.4	-9999.9	3	135	-9999.9	66	-9999.9	3	16.0	9.7	32	3	1014.5	-9999.9	6.8	233
2025 07 22 17	0.18	0.18	4.4	4.3	5.3	0.39	-9999.9	3	28	-9999.9	64	-9999.9	3	18.0	-9999.9	-9999.9	3	1014.2	-9999.9	7.8	225
2025 07 22 18	0.17	0.16	3.2	3.1	5.6	0.27	-9999.9	3	149	-9999.9	68	-9999.9	3	18.0	10.8	40	3	1014.5	-9999.9	7.0	223
2025 07 22 19	0.23	0.22	4.0	3.9	6.1	0.48	-9999.9	3	99	-9999.9	65	-9999.9	3	17.5	15.4	64	3	1014.8	-9999.9	6.1	238
2025 07 22 20	0.3	0.29	4.2	4.2	5.4	0.47	-9999.9	3	96	-9999.9	53	-9999.9	3	17.5	17.9	53	3	1015.0	-9999.9	5.5	244
2025 07 22 21	0.23	0.22	3.5	3.6	5.2	0.38	-9999.9	3	84	-9999.9	56	-9999.9	3	17.4	15.7	48	3	1015.5	-9999.9	-9999.9	-9999.9
2025 07 22 22	0.31	0.29	4.5	4.9	7.2	0.74	-9999.9	3	85	-9999.9	49	-9999.9	3	17.3	22.7	35	3	1015.8	-9999.9	-9999.9	-9999.9
2025 07 22 23	0.23	0.22	4.5	4.6	8.7	0.4	-9999.9	3	105	-9999.9	48	-9999.9	3	17.4	50.9	46	3	1016.0	-9999.9	5.9	233
2025 07 23 00	0.24	0.22	5.2	5.3	10.3	0.35	-9999.9	3	125	-9999.9	47	-9999.9	3	17.3	31.6	56	3	1015.5	-9999.9	6.0	241
2025 07 23 01	0.22	0.21	4.1	4.1	5.0	0.41	-9999.9	3	134	-9999.9	53	-9999.9	3	16.8	50.5	57	3	1015.2	-9999.9	5.7	231
2025 07 23 02	0.18	0.17	3.6	3.7	5.9	0.27	-9999.9	3	131	-9999.9	58	-9999.9	3	17.4	45.3	55	3	1015.2	-9999.9	1.7	38
2025 07 23 03	0.23	0.23	4.0	4.0	4.6	0.36	-9999.9	3	144	-9999.9	58	-9999.9	3	17.3	22.2	76	3	1014.8	-9999.9	0.8	245
2025 07 23 04	0.19	0.19	3.9	3.8	5.1	0.29	-9999.9	3	138	-9999.9	60	-9999.9	3	16.8	15.6	45	3	1014.4	-9999.9	1.8	219
2025 07 23 05	0.2	0.19	3.5	3.4	4.4	0.31	-9999.9	3	182	-9999.9	58	-9999.9	3	16.2	14.1	185	3	1014.4	-9999.9	2.5	258
2025 07 23 06	0.31	0.29	3.2	3.2	3.7	0.55	-9999.9	3	196	-9999.9	50	-9999.9	3	15.7	12.7	193	3	1014.6	-9999.9	5.7	235
2025 07 23 07	0.34	0.31	3.3	3.4	9.0	0.6	-9999.9	3	131	-9999.9	53	-9999.9	3	15.8	15.1	161	3	1014.9	-9999.9	3.8	243
2025 07 23 08	0.25	0.23	3.1	3.2	5.7	0.41	-9999.9	3	115	-9999.9	65	-9999.9	3	18.1	28.4	28	3	1014.6	-9999.9	3.3	255
2025 07 23 09	0.5	0.47	2.6	2.6	2.5	0.75	-9999.9	3	228	-9999.9	55	-9999.9	3	17.1	15.8	54	3	1014.4	-9999.9	10.3	234
2025 07 23 10	0.6	0.55	2.8	2.8	2.7	0.84	-9999.9	3	214	-9999.9	47	-9999.9	3	17.1	20.1	62	3	1014.0	-9999.9	10.5	225
2025 07 23 11	0.46	0.43	2.6	2.7	2.5	0.72	-9999.9	3	210	-9999.9	57	-9999.9	3	16.8	17.6	86	3	1013.6	-9999.9	10.6	229
2025 07 23 12	0.28	0.26	3.6	3.7	8.4	0.52	-9999.9	3	95	-9999.9	54	-9999.9	3	16.9	20.3	54	3	1013.2	-9999.9	11.0	241
2025 07 23 13	0.29	0.26	2.8	2.9	2.6	0.41	-9999.9	3	204	-9999.9	67	-9999.9	3	17.0	22.2	55	3	1012.4	-9999.9	11.0	234
2025 07 23 14	0.4	0.36	2.7	2.7	2.4	0.59	-9999.9	3	224	-9999.9	64	-9999.9	3	16.3	25.8	50	3	1011.9	-9999.9	11.2	230
2025 07 23 15	0.43	0.4	2.8	2.9	2.6	0.63	-9999.9	3	195	-9999.9	59	-9999.9	3	17.0	24.7	60	3	1011.2	-9999.9	10.8	225
2025 07 23 16	0.39	0.37	2.8	2.8	2.6	0.72	-9999.9	3	189	-9999.9	60	-9999.9	3	16.5	19.4	59	3	1011.0	-9999.9	11.4	230
2025 07 23 17	0.36	0.34	2.7	2.7	2.4	0.52	-9999.9	3	159	-9999.9	65	-9999.9	3	15.5	15.4	25	3	1010.7	-9999.9	-9999.9	-9999.9
2025 07 23 18	0.14	0.13	3.5	3.6	4.6	0.24	-9999.9	3	43	-9999.9	67	-9999.9	3	17.5	-9999.9	-9999.9	3	1010.3	-9999.9	10.1	233
2025 07 23 19	0.35	0.32	2.9	2.9	6.4	0.58	-9999.9	3	167	-9999.9	62	-9999.9	3	17.7	30.4	34	3	1010.3	-9999.9	9.7	242
2025 07 23 20	0.4	0.38	2.5	2.5	2.4	0.6	-9999.9	3	209	-9999.9	54	-9999.9	3	17.5	16.8	62	3	1010.6	-9999.9	9.8	244
2025 07 23 21	0.38	0.36	2.5	2.6	2.4	0.6	-9999.9	3	197	-9999.9	60	-9999.9	3	17.4	36.6	45	3	1010.9	-9999.9	9.7	236
2025 07 23 22	0.44	0.41	2.6	2.6	2.5	0.72	-9999.9	3	194	-9999.9	56	-9999.9	3	17.3	25.3	44	3	1011.1	-9999.9	9.8	254
2025 07 23 23	0.32	0.29	2.9	3.0	6.1	0.46	-9999.9	3	150	-9999.9	61	-9999.9	3	17.0	40.0	37	3	1011.2	-9999.9	9.8	244
2025 07 24 00	0.23	0.2	2.6	2.7	2.5	0.34	-9999.9	3	180	-9999.9	67	-9999.9	3	16.2	47.0	45	3	1010.9	-9999.9	9.9	242
2025 07 24 01	0.18	0.17	3.0	3.2	6.4	0.34	-9999.9	3	161	-9999.9	63	-9999.9	3	16.1	41.9	60	3	1010.6	-9999.9	10.4	244
2025 07 24 02	0.32	0.3	3.4	3.6	5.2	0.52	-9999.9	3	162	-9999.9	52	-9999.9	3	16.0	31.2	73	3	1009.8	-9999.9	9.5	242
2025 07 24 03	0.24	0.23	3.6	3.5	5.8	0.41	-9999.9	3	172	-9999.9	63	-9999.9	3	16.3	46.0	99	3	1009.1	-9999.9	10.5	237
2025 07 24 04	0.24	0.22	3.0	3.1	4.7	0.33	-9999.9	3	191	-9999.9	65	-9999.9	3	16.3	48.8	72	3	1008.9	-9999.9	10.7	245
2025 07 24 05	0.31	0.29	3.0	2.9	4.4	0.44	-9999.9	3	195	-9999.9	59	-9999.9	3	16.1	14.7	59	3	1009.2	-9999.9	9.2	250
2025 07 24 06	0.45	0.42	3.1	3.0	3.3	0.66	-9999.9	3	205	-9999.9	49	-9999.9	3	16.0	10.2	82	3	1009.3	-9999.9	9.9	228
2025 07 24 07	0.49	0.46	3.3	3.3	6.1	0.81	-9999.9	3	190	-9999.9	47	-9999.9	3	15.8	10.1	165	3	1010.2	-9999.9	8.7	238
2025 07 24 08	0.31	0.28	3.3	3.3	8.3	0.45	-9999.9	3	150	-9999.9	58	-9999.9	3	15.7	9.9	157	3	1010.3	-9999.9	7.2	262
2025 07 24 09	0.21	0.19	3.5	3.5	5.8	0.34	-9999.9	3	77	-9999.9	59	-9999.9	3	17.7	36.7	39	3	1010.5	-9999.9	2.3	251
2025 07 24 10	0.36	0.33	4.0	4.2	7.2	0.79	-9999.9	3	91	-9999.9	53	-9999.9	3	17.4	21.3	56	3	1010.6	-9999.9	1.3	217
2025 07 24 11	0.3	0.27	3.1	3.1	5.1	0.47	-9999.9	3	142	-9999.9	65	-9999.9	3	17.5	21.1	45	3	1010.5	-9999.9	6.1	232
2025 07 24 12	0.33	0.31	3.7	3.8	5.0	0.48	-9999.9	3	95	-9999.9	60	-9999.9	3	17.4	17.6	40	3	1010.1	-9999.9	4.7	230
2025 07 24 13	0.27	0.25	4.1	4.1	6.3	0.44	-9999.9	3	63	-9999.9	62	-9999.9	3	17.2	20.0	43	3	1009.7	-9999.9	3.6	249
2025 07 24 14	0.3	0.28	4.2	4.2	6.4	0.5	-9999.9	3	130	-9999.9	68	-9999.9	3	17.3	9.6	44	3	1009.4	-9999.9	3.7	114
2025 07 24 15	0.36	0.34	4.2	4.1	6.7	0.5	-9999.9	3	148	-9999.9	66	-9999.9	3	16.6	28.1	62	3	1009.2	-9999.9	1.5	194
2025 07 24 16	0.32	0.31	4.2	4.1	6.7	0.48	-9999.9	3	128	-9999.9	58	-9999.9	3	15.8	9.1	67	3	1008.8	-9999.9	1.3	166
2025 07 24 17	0.35	0.34	4.2	4.0	6.5	0.64	-9999.9	3	112	-9999.9	52	-9999.9	3	16.8	6.0	345	3	1008.5	-9999.9	0.4	294
2025 07 24 18	0.25	0.24	3.7	3.6	6.5	0.42	-9999.9	3	122	-9999.9	54	-9999.9	3	15.7	8.9	318	3	1008.6	-9999.9	2.6	41
2025 07 24 19	0.32	0.31	4.8	5.2	6.1	0.57	-9999.9	3	46	-9999.9	47	-9999.9	3	16.9	31.1	39	3	1008.9	-9999.9	2.3	50
2025 07 24 20	0.35	0.34	4.7	4.7	6.4	0.54	-9999.9	3	83	-9999.9	44	-9999.9	3	17.5	58.5	36	3	1009.2	-9999.9	2.2	35
2025 07 24 21	0.37	0.36	4.7	4.6	6.2	0.64	-9999.9	3	97	-9999.9	42	-9999.9	3	17.4	22.8	75	3	1010.3	-9999.9	4.7	12
2025 07 24 22	0.41	0.39	4.2	4.1	6.4	0.64	-9999.9	3	87	-9999.9	47	-9999.9	3	17.1	10.1	129	3	1010.8	-9999.9	4.3	19
2025 07 24 23	0.4	0.38	4.3	4.2	6.1	0.64	-9999.9	3	115	-9999.9	45	-9999.9	3	16.2	39.5	175	3	1011.2	-9999.9	5.0	9
2025 07 25 00	0.4	0.39	4.3	4.2	6.2	0.58	-9999.9	3	106	-9999.9	40	-9999.9	3	16.8	10.5	156	3	1011.1	-9999.9	4.0	20
2025 07 25 01	0.39	0.38	4.4	4.4	5.8	0.84	-9999.9	3	101	-9999.9	41	-9999.9	3	17.1	28.1	47	3	1010.8	-9999.9	3.5	28
2025 07 25 02	0.38	0.36	4.3	4.3	5.8	0.66	-9999.9	3	111	-9999.9	39	-9999.9	3	17.1	21.2	47	3	1010.7	-9999.9	3.5	35
2025 07 25 03	0.38	0.36	3.9	4.0	6.2	0.55	-9999.9	3	100	-9999.9	44	-9999.9	3	17.0	23.2	34	3	1010.7	-9999.9	3.5	53
2025 07 25 04	0.41	0.39	4.7	4.5	5.3	0.63	-9999.9	3	107	-9999.9	41	-9999.9	3	19.0	54.6	28	3	1011.0	-9999.9	2.9	60
2025 07 25 05	0.35	0.32	3.7	3.7	6.3	0.51	-9999.9	3	103	-9999.9	49	-9999.9	3	17.8	10.4	26	3	1011.4	-9999.9	4.1	82
2025 07 25 06	0.4	0.38	3.2	3.1	4.4	0.61	-9999.9	3	68	-9999.9	48	-9999.9	3	17.1	5.6	95	3	1011.9	-9999.9	3.7	75
2025 07 25 07	0.4	0.37	3.4	3.3	5.8	0.66	-9999.9	3	78	-9999.9	54	-9999.9	3	17.0	7.5	170	3	1012.5	-9999.9	4.4	54
2025 07 25 08	0.41	0.38	3.1	3.2	3.4	0.74	-9999.9	3	62	-9999.9	52	-9999.9	3	17.4	16.1	219	3	1013.0	-9999.9	4.3	63
2025 07 25 09	0.41	0.38	3.0	3.0	3.5	0.66	-9999.9	3	67	-9999.9	53	-9999.9	3	17.3	12.1	203	3	1013.3	-9999.9	6.1	59
2025 07 25 10	0.56	0.53	3.5	3.4	3.9	0.93	-9999.9	3	92	-9999.9	47	-9999.9	3	17.3	11.3	312	3	1013.5	-9999.9	5.1	57
2025 07 25 11	0.7	0.67	3.8	3.8	4.2	1.26	-9999.9	3	95	-9999.9	39	-9999.9	3	18.1	18.0	9	3	1013.5	-9999.9	6.3	67
2025 07 25 12	0.97	0.93	4.0	4.0	5.1	1.4	-9999.9	3	93	-9999.9	38	-9999.9	3	18.1	13.5	49	3	1013.5	-9999.9	7.3	78
2025 07 25 13	1.06	1.01	4.5	4.5	5.8	2.13	-9999.9	3	95	-9999.9	33	-9999.9	3	17.8	8.4	55	3	1013.5	-9999.9	7.4	60
2025 07 25 14	1.21	1.15	5.1	5.1	6.8	1.91	-9999.9	3	97	-9999.9	34	-9999.9	3	17.9	10.4	60	3	1013.7	-9999.9	7.3	59
2025 07 25 15	1.17	1.11	5.0	4.9	6.8	1.81	-9999.9	3	94	-9999.9	37	-9999.9	3	16.5	13.1	59	3	1013.6	-9999.9	7.4	60
2025 07 25 17	1.35	1.28	5.4	5.4	7.1	2.74	-9999.9	3	102	-9999.9	34	-9999.9	3	17.5	14.5	198	3	1013.6	-9999.9	7.3	52
2025 07 25 18	1.47	1.41	5.7	5.6	7.1	2.67	-9999.9	3	110	-9999.9	33	-9999.9	3	17.1	40.1	183	3	1014.1	-9999.9	8.2	42
2025 07 25 19	1.33	1.25	5.0	4.9	6.9	2.09	-9999.9	3	98	-9999.9	41	-9999.9	3	17.2	32.8	151	3	1014.4	-9999.9	8.0	56
2025 07 25 20	1.16	1.1	5.6	5.7	7.4	1.85	-9999.9	3	82	-9999.9	34	-9999.9	3	17.6	48.0	8	3	1014.8	-9999.9	7.4	59
2025 07 25 21	1.3	1.25	5.9	5.9	9.0	1.9	-9999.9	3	84	-9999.9	34	-9999.9	3	16.9	27.9	32	3	1015.5	-9999.9	8.2	52
2025 07 25 22	1.28	1.21	5.4	5.2	7.7	1.97	-9999.9	3	89	-9999.9	40	-9999.9	3	18.0	22.3	59	3	1015.8	-9999.9	8.8	61
2025 07 25 23	1.21	1.14	5.2	5.0	9.1	2.2	-9999.9	3	102	-9999.9	38	-9999.9	3	17.7	8.7	129	3	1015.8	-9999.9	10.0	39
2025 07 26 00	1.12	1.07	5.3	5.1	8.3	1.74	-9999.9	3	112	-9999.9	39	-9999.9	3	17.2	42.3	211	3	1015.9	-9999.9	9.9	53
2025 07 26 01	0.87	0.81	5.1	5.1	9.4	1.29	-9999.9	3	101	-9999.9	43	-9999.9	3	17.7	21.8	282	3	1015.6	-9999.9	9.0	65
2025 07 26 02	1.1	1.06	5.9	5.7	9.0	1.73	-9999.9	3	108	-9999.9	38	-9999.9	3	17.5	30.0	274	3	1015.6	-9999.9	8.4	63
2025 07 26 03	1.12	1.04	5.4	5.4	9.1	1.56	-9999.9	3	109	-9999.9	38	-9999.9	3	17.5	25.2	297	3	1015.6	-9999.9	8.1	55
2025 07 26 04	1.16	1.1	5.3	5.3	8.2	1.92	-9999.9	3	110	-9999.9	35	-9999.9	3	17.2	12.9	359	3	1015.8	-9999.9	8.1	53
2025 07 26 05	1.21	1.13	5.6	5.6	9.1	1.76	-9999.9	3	102	-9999.9	33	-9999.9	3	17.3	12.1	31	3	1016.0	-9999.9	7.5	65
2025 07 26 06	1.22	1.19	6.1	5.7	8.6	1.74	-9999.9	3	108	-9999.9	29	-9999.9	3	18.2	21.6	38	3	1016.3	-9999.9	7.6	53
2025 07 26 07	1.28	1.25	5.8	5.6	9.0	2.05	-9999.9	3	99	-9999.9	32	-9999.9	3	18.0	5.1	81	3	1017.2	-9999.9	7.3	93
2025 07 26 08	1.25	1.19	5.3	5.3	8.7	2.18	-9999.9	3	101	-9999.9	33	-9999.9	3	17.8	5.0	140	3	1017.7	-9999.9	7.6	43
2025 07 26 09	1.22	1.14	5.0	5.2	7.7	2.0	-9999.9	3	100	-9999.9	34	-9999.9	3	17.4	16.8	172	3	1018.1	-9999.9	7.2	52
2025 07 26 10	1.28	1.19	5.2	5.2	8.0	1.76	-9999.9	3	97	-9999.9	33	-9999.9	3	17.6	20.1	172	3	1018.4	-9999.9	6.3	60
2025 07 26 11	1.34	1.28	5.2	5.0	7.8	1.94	-9999.9	3	112	-9999.9	36	-9999.9	3	17.6	8.1	106	3	1018.4	-9999.9	6.6	49
2025 07 26 12	1.1	1.06	5.4	5.3	7.6	1.86	-9999.9	3	94	-9999.9	38	-9999.9	3	17.9	20.4	18	3	1018.2	-9999.9	6.0	66
2025 07 26 13	1.06	1.0	5.0	5.2	8.2	1.63	-9999.9	3	106	-9999.9	35	-9999.9	3	18.5	31.3	30	3	1018.1	-9999.9	5.4	60
2025 07 26 15	1.16	1.13	6.0	6.3	7.9	1.9	-9999.9	3	99	-9999.9	26	-9999.9	3	18.7	17.7	11	3	1017.6	-9999.9	3.3	46
2025 07 26 16	1.02	0.98	6.3	6.1	8.1	1.5	-9999.9	3	92	-9999.9	32	-9999.9	3	18.3	18.9	39	3	1017.5	-9999.9	3.4	35
2025 07 26 17	0.97	0.93	5.8	5.8	8.0	1.41	-9999.9	3	99	-9999.9	33	-9999.9	3	17.5	3.7	358	3	1017.3	-9999.9	2.8	352
2025 07 26 18	0.98	0.95	6.0	6.0	7.7	1.39	-9999.9	3	85	-9999.9	32	-9999.9	3	18.2	5.8	184	3	1017.4	-9999.9	2.4	44
2025 07 26 19	0.88	0.85	5.4	5.4	7.4	1.41	-9999.9	3	94	-9999.9	40	-9999.9	3	18.1	16.9	199	3	1017.6	-9999.9	3.5	41
2025 07 26 20	0.84	0.82	5.4	5.1	7.4	1.49	-9999.9	3	97	-9999.9	40	-9999.9	3	18.0	21.4	155	3	1018.3	-9999.9	3.8	29
2025 07 26 21	0.72	0.69	5.6	5.4	7.2	1.01	-9999.9	3	88	-9999.9	40	-9999.9	3	17.8	32.3	5	3	1018.9	-9999.9	4.2	8
2025 07 26 22	0.66	0.64	5.7	5.6	7.6	1.01	-9999.9	3	89	-9999.9	44	-9999.9	3	17.5	4.9	29	3	1019.2	-9999.9	4.5	304
2025 07 26 23	0.73	0.71	5.8	5.4	7.2	1.15	-9999.9	3	100	-9999.9	40	-9999.9	3	17.6	15.4	194	3	1019.0	-9999.9	4.3	350
2025 07 27 00	0.63	0.62	5.2	5.1	7.1	1.01	-9999.9	3	106	-9999.9	38	-9999.9	3	17.8	37.0	185	3	1018.7	-9999.9	4.8	350
2025 07 27 01	0.53	0.52	4.7	4.8	6.6	0.79	-9999.9	3	96	-9999.9	43	-9999.9	3	17.7	10.3	148	3	1018.4	-9999.9	4.5	3
2025 07 27 03	0.56	0.54	5.4	5.2	7.2	0.9	-9999.9	3	88	-9999.9	44	-9999.9	3	17.9	15.6	96	3	1018.1	-9999.9	4.7	355
2025 07 27 04	0.52	0.5	4.8	4.7	7.0	0.72	-9999.9	3	101	-9999.9	40	-9999.9	3	17.7	13.9	115	3	1018.0	-9999.9	4.7	336
2025 07 27 05	0.49	0.47	5.1	4.9	7.7	0.88	-9999.9	3	97	-9999.9	42	-9999.9	3	17.7	6.3	128	3	1018.3	-9999.9	4.4	351
2025 07 27 06	0.48	0.46	5.1	5.1	7.0	0.72	-9999.9	3	105	-9999.9	41	-9999.9	3	17.6	5.2	144	3	1018.7	-9999.9	3.9	356
2025 07 27 09	0.56	0.54	4.8	4.7	6.9	0.97	-9999.9	3	107	-9999.9	40	-9999.9	3	17.8	10.2	177	3	1019.5	-9999.9	2.1	65
2025 07 27 10	0.51	0.49	4.5	4.4	6.3	0.87	-9999.9	3	95	-9999.9	42	-9999.9	3	18.5	15.2	157	3	1019.7	-9999.9	2.5	65
2025 07 27 11	0.43	0.41	4.5	4.4	6.4	0.68	-9999.9	3	89	-9999.9	40	-9999.9	3	18.6	7.7	176	3	1019.5	-9999.9	2.1	65
2025 07 27 13	0.47	0.45	4.9	4.7	6.6	0.68	-9999.9	3	93	-9999.9	42	-9999.9	3	18.8	5.3	76	3	1018.6	-9999.9	1.0	66
2025 07 27 14	0.37	0.34	4.2	4.2	6.6	0.68	-9999.9	3	100	-9999.9	45	-9999.9	3	18.9	14.2	59	3	1018.0	-9999.9	1.3	45
2025 07 27 15	0.44	0.41	4.6	4.5	6.2	0.72	-9999.9	3	99	-9999.9	41	-9999.9	3	19.5	12.6	71	3	1017.3	-9999.9	1.1	18
2025 07 27 16	0.42	0.39	4.5	4.5	6.4	0.65	-9999.9	3	89	-9999.9	41	-9999.9	3	18.2	8.1	46	3	1016.6	-9999.9	0.3	57
2025 07 27 17	0.37	0.35	4.5	4.4	6.6	0.7	-9999.9	3	94	-9999.9	47	-9999.9	3	18.6	7.7	180	3	1016.1	-9999.9	1.3	6
2025 07 27 18	0.43	0.4	4.2	4.2	6.5	0.81	-9999.9	3	121	-9999.9	51	-9999.9	3	19.0	30.6	223	3	1015.8	-9999.9	0.9	344
2025 07 27 19	0.39	0.37	4.0	3.9	5.5	0.72	-9999.9	3	133	-9999.9	54	-9999.9	3	18.7	23.4	222	3	1015.7	-9999.9	1.7	12
2025 07 27 20	0.38	0.36	3.9	3.9	6.4	0.57	-9999.9	3	126	-9999.9	51	-9999.9	3	18.1	8.3	279	3	1016.0	-9999.9	1.5	28
2025 07 27 21	0.34	0.33	4.7	4.7	6.3	0.54	-9999.9	3	80	-9999.9	44	-9999.9	3	17.8	36.8	24	3	1016.5	-9999.9	1.8	253
2025 07 27 22	0.37	0.35	4.7	4.7	6.5	0.66	-9999.9	3	88	-9999.9	43	-9999.9	3	18.8	34.2	43	3	1016.5	-9999.9	5.4	236
2025 07 27 23	0.39	0.38	4.8	4.8	5.7	0.63	-9999.9	3	96	-9999.9	42	-9999.9	3	19.0	25.3	80	3	1016.3	-9999.9	4.6	228
2025 07 28 00	0.37	0.35	4.5	4.4	5.8	0.64	-9999.9	3	111	-9999.9	46	-9999.9	3	18.7	3.4	97	3	1015.8	-9999.9	4.2	234
2025 07 28 01	0.32	0.31	4.3	4.2	5.7	0.54	-9999.9	3	109	-9999.9	50	-9999.9	3	18.6	11.1	353	3	1015.5	-9999.9	4.6	227
2025 07 28 02	0.35	0.33	4.5	4.4	5.7	0.65	-9999.9	3	99	-9999.9	49	-9999.9	3	18.9	32.9	37	3	1014.7	-9999.9	6.1	233
2025 07 28 03	0.31	0.29	4.0	4.2	6.6	0.49	-9999.9	3	116	-9999.9	44	-9999.9	3	18.2	7.9	128	3	1013.9	-9999.9	6.4	221
2025 07 28 04	0.34	0.31	3.7	3.9	6.7	0.85	-9999.9	3	121	-9999.9	43	-9999.9	3	18.2	8.5	207	3	1013.5	-9999.9	7.3	230
2025 07 28 05	0.24	0.23	3.4	3.4	5.4	0.37	-9999.9	3	108	-9999.9	57	-9999.9	3	18.2	8.8	53	3	1013.7	-9999.9	7.1	239
2025 07 28 06	0.32	0.3	3.2	3.2	5.8	0.5	-9999.9	3	95	-9999.9	63	-9999.9	3	18.0	23.6	37	3	1013.9	-9999.9	7.6	243
2025 07 28 07	0.5	0.46	3.1	3.1	3.4	0.84	-9999.9	3	195	-9999.9	53	-9999.9	3	17.6	18.9	57	3	1013.9	-9999.9	10.1	244
2025 07 28 08	0.55	0.52	3.1	3.1	3.2	1.04	-9999.9	3	199	-9999.9	45	-9999.9	3	17.8	12.2	166	3	1014.0	-9999.9	10.4	235
2025 07 28 09	0.67	0.65	3.2	3.2	3.3	1.08	-9999.9	3	201	-9999.9	43	-9999.9	3	17.6	15.9	184	3	1014.0	-9999.9	10.8	263
2025 07 28 10	0.78	0.74	2.9	2.9	3.0	1.32	-9999.9	3	217	-9999.9	41	-9999.9	3	17.7	17.5	163	3	1014.1	-9999.9	11.4	230
2025 07 28 11	0.46	0.43	2.7	2.7	2.6	0.68	-9999.9	3	215	-9999.9	59	-9999.9	3	17.9	45.4	40	3	1014.3	-9999.9	12.1	243
2025 07 28 12	0.61	0.58	2.6	2.7	2.6	0.9	-9999.9	3	214	-9999.9	51	-9999.9	3	18.2	14.8	90	3	1013.5	-9999.9	12.1	233
2025 07 28 13	0.56	0.53	2.8	2.8	2.9	0.89	-9999.9	3	223	-9999.9	45	-9999.9	3	18.1	-9999.9	-9999.9	3	1013.2	-9999.9	11.9	236
2025 07 28 14	0.63	0.6	2.9	2.9	3.0	0.93	-9999.9	3	216	-9999.9	42	-9999.9	3	18.0	12.5	78	3	1012.8	-9999.9	10.6	244
2025 07 28 15	0.56	0.53	2.9	2.9	2.8	0.9	-9999.9	3	211	-9999.9	53	-9999.9	3	18.2	14.5	45	3	1012.5	-9999.9	10.1	237
2025 07 28 16	0.56	0.53	2.7	2.7	2.7	0.84	-9999.9	3	213	-9999.9	55	-9999.9	3	18.4	10.6	103	3	1011.9	-9999.9	10.1	237
2025 07 28 17	0.59	0.57	2.9	2.9	2.8	0.96	-9999.9	3	217	-9999.9	55	-9999.9	3	18.0	11.8	68	3	1011.5	-9999.9	9.8	226
2025 07 28 18	0.49	0.46	3.0	3.0	3.1	1.09	-9999.9	3	204	-9999.9	43	-9999.9	3	17.8	6.9	140	3	1011.8	-9999.9	9.0	245
2025 07 28 19	0.52	0.5	3.1	3.1	3.2	0.77	-9999.9	3	226	-9999.9	43	-9999.9	3	18.1	3.3	185	3	1012.1	-9999.9	9.6	213
2025 07 28 20	0.54	0.52	3.0	3.0	2.9	1.08	-9999.9	3	199	-9999.9	49	-9999.9	3	18.9	17.1	180	3	1012.5	-9999.9	9.3	236
2025 07 28 21	0.4	0.35	2.7	2.9	3.2	0.62	-9999.9	3	193	-9999.9	55	-9999.9	3	18.2	5.9	86	3	1013.2	-9999.9	8.1	247
2025 07 28 22	0.33	0.31	2.7	2.8	2.5	0.58	-9999.9	3	196	-9999.9	58	-9999.9	3	17.5	32.8	34	3	1013.3	-9999.9	9.2	236
2025 07 29 00	0.27	0.26	2.8	2.8	2.5	0.49	-9999.9	3	189	-9999.9	55	-9999.9	3	17.7	22.8	208	3	1014.3	-9999.9	5.6	251
2025 07 29 01	0.19	0.18	2.8	2.8	2.5	0.3	-9999.9	3	194	-9999.9	66	-9999.9	3	17.9	39.4	201	3	1015.1	-9999.9	4.3	357
2025 07 29 04	0.3	0.28	3.5	3.6	5.1	0.47	-9999.9	3	82	-9999.9	61	-9999.9	3	18.2	42.4	221	3	1015.1	-9999.9	3.7	36
2025 07 29 05	0.25	0.24	3.0	3.0	4.0	0.39	-9999.9	3	125	-9999.9	62	-9999.9	3	18.2	6.4	253	3	1015.3	-9999.9	5.7	45
2025 07 29 06	0.29	0.27	3.2	3.3	6.4	0.82	-9999.9	3	79	-9999.9	55	-9999.9	3	18.4	3.3	259	3	1015.7	-9999.9	5.5	47
2025 07 29 07	0.36	0.33	3.4	3.5	9.2	0.65	-9999.9	3	90	-9999.9	51	-9999.9	3	18.5	7.3	23	3	1016.1	-9999.9	6.5	45
2025 07 29 08	0.43	0.39	3.1	3.1	5.4	0.65	-9999.9	3	98	-9999.9	54	-9999.9	3	18.5	6.6	321	3	1016.4	-9999.9	6.6	75
2025 07 29 09	0.41	0.38	3.1	3.1	3.4	0.7	-9999.9	3	100	-9999.9	61	-9999.9	3	18.5	6.7	217	3	1016.6	-9999.9	6.8	60
2025 07 29 10	0.47	0.43	3.1	3.1	2.9	0.73	-9999.9	3	112	-9999.9	58	-9999.9	3	18.6	4.3	157	3	1016.8	-9999.9	6.5	43
2025 07 29 11	0.44	0.42	2.9	2.9	3.4	0.87	-9999.9	3	93	-9999.9	56	-9999.9	3	18.5	4.0	20	3	1016.6	-9999.9	6.3	51
2025 07 29 12	0.35	0.32	3.2	3.1	4.4	0.5	-9999.9	3	82	-9999.9	55	-9999.9	3	18.8	4.8	281	3	1016.5	-9999.9	5.3	57
2025 07 29 13	0.36	0.33	3.2	3.2	6.9	0.59	-9999.9	3	86	-9999.9	46	-9999.9	3	18.8	4.8	86	3	1016.1	-9999.9	5.1	44
2025 07 29 15	0.36	0.34	3.8	3.9	8.1	0.64	-9999.9	3	100	-9999.9	47	-9999.9	3	19.0	10.5	254	3	1015.4	-9999.9	3.9	51
2025 07 29 16	0.36	0.34	4.0	4.0	5.3	0.67	-9999.9	3	95	-9999.9	42	-9999.9	3	18.7	8.3	225	3	1015.2	-9999.9	3.8	48
2025 07 29 17	0.47	0.46	4.5	4.4	5.5	0.82	-9999.9	3	86	-9999.9	39	-9999.9	3	18.6	15.9	180	3	1014.9	-9999.9	4.3	50
2025 07 29 19	0.5	0.48	4.6	4.5	5.9	0.77	-9999.9	3	101	-9999.9	43	-9999.9	3	19.4	5.6	0	3	1015.2	-9999.9	4.4	67
2025 07 29 20	0.51	0.48	4.0	4.0	5.9	0.83	-9999.9	3	106	-9999.9	47	-9999.9	3	18.5	5.1	26	3	1015.6	-9999.9	5.6	73
2025 07 29 21	0.56	0.53	4.2	4.2	6.0	0.9	-9999.9	3	115	-9999.9	46	-9999.9	3	18.6	3.9	342	3	1016.2	-9999.9	5.7	62
2025 07 29 22	0.59	0.57	4.3	4.4	6.1	1.03	-9999.9	3	90	-9999.9	39	-9999.9	3	18.4	26.6	27	3	1016.3	-9999.9	6.4	74
2025 07 29 23	0.6	0.57	4.5	4.3	6.2	0.89	-9999.9	3	87	-9999.9	41	-9999.9	3	18.8	47.3	32	3	1016.4	-9999.9	6.1	65
2025 07 30 00	0.61	0.58	4.2	4.2	5.9	0.96	-9999.9	3	100	-9999.9	43	-9999.9	3	19.6	7.5	141	3	1016.4	-9999.9	6.6	48
2025 07 30 01	0.58	0.55	3.7	3.6	5.8	0.87	-9999.9	3	88	-9999.9	43	-9999.9	3	19.8	7.9	128	3	1016.1	-9999.9	6.2	58
2025 07 30 02	0.54	0.51	3.9	3.9	6.0	0.87	-9999.9	3	71	-9999.9	45	-9999.9	3	18.6	11.1	162	3	1016.0	-9999.9	6.1	52
2025 07 30 03	0.56	0.54	4.8	4.7	6.4	0.84	-9999.9	3	90	-9999.9	38	-9999.9	3	18.6	18.8	177	3	1016.0	-9999.9	5.7	55
2025 07 30 05	0.76	0.72	4.7	4.8	7.2	1.18	-9999.9	3	96	-9999.9	39	-9999.9	3	18.7	16.2	162	3	1016.3	-9999.9	5.9	50
2025 07 30 06	0.9	0.85	4.7	4.8	7.5	1.44	-9999.9	3	93	-9999.9	38	-9999.9	3	18.8	7.1	212	3	1016.6	-9999.9	6.1	48
2025 07 30 07	0.88	0.82	5.2	5.1	7.5	1.2	-9999.9	3	96	-9999.9	35	-9999.9	3	20.0	12.5	40	3	1016.7	-9999.9	5.4	61
2025 07 30 09	0.95	0.92	5.0	5.0	7.1	1.55	-9999.9	3	100	-9999.9	34	-9999.9	3	20.0	6.2	194	3	1017.5	-9999.9	6.0	54
2025 07 30 10	0.87	0.82	4.4	4.3	6.7	1.32	-9999.9	3	99	-9999.9	41	-9999.9	3	19.6	8.1	203	3	1017.5	-9999.9	6.9	43
2025 07 30 11	0.83	0.76	4.2	4.3	7.1	1.22	-9999.9	3	95	-9999.9	40	-9999.9	3	19.7	8.4	211	3	1017.5	-9999.9	6.6	53
2025 07 30 12	0.83	0.78	4.2	4.2	7.6	1.81	-9999.9	3	99	-9999.9	43	-9999.9	3	19.3	3.4	272	3	1017.0	-9999.9	6.3	63
2025 07 30 13	0.9	0.85	4.8	4.8	7.3	1.54	-9999.9	3	84	-9999.9	37	-9999.9	3	21.6	19.1	342	3	1016.6	-9999.9	5.1	59
2025 07 30 14	0.94	0.88	4.4	4.5	7.7	1.49	-9999.9	3	94	-9999.9	39	-9999.9	3	20.7	2.0	87	3	1016.3	-9999.9	5.5	84
2025 07 30 15	0.9	0.83	4.9	4.8	7.7	1.75	-9999.9	3	88	-9999.9	36	-9999.9	3	20.8	12.1	177	3	1016.0	-9999.9	4.6	38
2025 07 30 16	0.84	0.81	5.3	5.3	7.9	1.34	-9999.9	3	82	-9999.9	32	-9999.9	3	20.3	7.7	190	3	1016.0	-9999.9	5.0	50
2025 07 30 20	0.72	0.71	5.0	4.8	7.4	1.1	-9999.9	3	89	-9999.9	39	-9999.9	3	20.5	5.9	223	3	1016.3	-9999.9	4.1	35
2025 07 30 21	0.81	0.76	4.6	4.7	7.7	1.26	-9999.9	3	84	-9999.9	40	-9999.9	3	20.2	6.1	166	3	1017.0	-9999.9	6.1	44
2025 07 30 22	0.74	0.7	4.3	4.3	7.1	1.11	-9999.9	3	90	-9999.9	38	-9999.9	3	20.1	9.7	187	3	1017.2	-9999.9	6.1	50
2025 07 30 23	0.88	0.81	4.3	4.4	7.6	1.51	-9999.9	3	93	-9999.9	38	-9999.9	3	20.1	4.4	166	3	1017.2	-9999.9	6.9	61
2025 07 31 00	0.84	0.79	4.8	4.7	7.6	1.29	-9999.9	3	90	-9999.9	33	-9999.9	3	20.2	5.1	10	3	1017.0	-9999.9	7.0	54
2025 07 31 02	0.76	0.72	4.4	4.3	7.9	1.17	-9999.9	3	81	-9999.9	37	-9999.9	3	19.8	6.8	153	3	1016.8	-9999.9	6.6	50
2025 07 31 03	0.74	0.71	4.5	4.6	7.5	1.04	-9999.9	3	93	-9999.9	39	-9999.9	3	19.8	3.3	191	3	1016.7	-9999.9	6.3	55
2025 07 31 04	0.74	0.71	4.5	4.5	7.0	1.01	-9999.9	3	85	-9999.9	37	-9999.9	3	19.5	1.9	58	3	1016.3	-9999.9	6.8	70
2025 07 31 06	0.84	0.81	5.0	4.9	7.0	1.42	-9999.9	3	95	-9999.9	34	-9999.9	3	20.0	14.9	180	3	1016.8	-9999.9	6.1	40
2025 07 31 07	0.98	0.95	5.4	5.2	7.2	1.42	-9999.9	3	91	-9999.9	32	-9999.9	3	20.0	20.2	172	3	1017.3	-9999.9	5.6	48
2025 07 31 10	0.83	0.79	4.6	4.6	7.0	1.6	-9999.9	3	104	-9999.9	38	-9999.9	3	20.3	6.3	202	3	1017.8	-9999.9	5.4	52
2025 07 31 12	0.95	0.9	4.6	4.6	7.1	1.5	-9999.9	3	110	-9999.9	34	-9999.9	3	20.3	3.4	154	3	1017.3	-9999.9	4.6	71
2025 07 31 13	0.73	0.7	4.9	4.8	7.6	1.16	-9999.9	3	85	-9999.9	38	-9999.9	3	20.9	9.8	348	3	1016.8	-9999.9	5.9	59
2025 07 31 14	1.0	0.95	5.1	4.8	7.3	1.59	-9999.9	3	92	-9999.9	34	-9999.9	3	19.7	13.5	12	3	1016.2	-9999.9	5.6	51
2025 07 31 16	1.0	0.94	4.8	4.9	7.3	1.57	-9999.9	3	95	-9999.9	33	-9999.9	3	19.9	4.9	77	3	1015.6	-9999.9	5.2	44
2025 07 31 17	0.83	0.79	4.8	4.7	7.0	1.16	-9999.9	3	81	-9999.9	39	-9999.9	3	21.4	16.3	180	3	1015.3	-9999.9	5.5	48
2025 07 31 19	0.69	0.67	5.0	4.8	7.2	1.02	-9999.9	3	82	-9999.9	38	-9999.9	3	20.9	18.7	172	3	1015.4	-9999.9	5.2	48
2025 07 31 20	0.68	0.66	5.0	4.8	7.2	0.97	-9999.9	3	89	-9999.9	41	-9999.9	3	20.9	12.4	205	3	1015.5	-9999.9	5.3	51
2025 07 31 21	0.73	0.69	4.9	4.8	7.5	1.18	-9999.9	3	87	-9999.9	37	-9999.9	3	20.8	14.6	176	3	1016.1	-9999.9	5.2	53
2025 07 31 22	0.72	0.68	4.6	4.8	7.7	1.21	-9999.9	3	84	-9999.9	40	-9999.9	3	20.8	6.3	186	3	1016.2	-9999.9	5.3	46
2025 07 31 23	0.65	0.62	4.7	4.5	7.1	0.95	-9999.9	3	99	-9999.9	38	-9999.9	3	20.7	1.9	212	3	1016.0	-9999.9	5.7	48
2025 08 01 00	0.73	0.69	4.6	4.5	7.0	1.38	-9999.9	3	93	-9999.9	34	-9999.9	3	20.4	4.5	59	3	1015.6	-9999.9	5.6	67
2025 08 01 01	0.82	0.8	5.1	5.1	7.7	1.19	-9999.9	3	93	-9999.9	30	-9999.9	3	20.4	4.4	32	3	1015.3	-9999.9	5.1	59
2025 08 01 02	0.69	0.66	4.9	5.1	7.7	1.17	-9999.9	3	90	-9999.9	37	-9999.9	3	20.3	1.9	313	3	1015.0	-9999.9	4.0	64
2025 08 01 03	0.68	0.64	5.0	5.0	7.5	1.04	-9999.9	3	91	-9999.9	36	-9999.9	3	20.1	14.1	203	3	1014.7	-9999.9	3.6	56
2025 08 01 04	0.61	0.58	5.4	5.3	7.4	0.83	-9999.9	3	81	-9999.9	35	-9999.9	3	19.9	6.8	149	3	1014.5	-9999.9	3.3	47
2025 08 01 05	0.57	0.55	5.4	5.3	7.4	0.84	-9999.9	3	83	-9999.9	35	-9999.9	3	20.4	7.9	211	3	1014.4	-9999.9	3.8	46
2025 08 01 06	0.62	0.59	5.0	5.1	7.5	0.89	-9999.9	3	97	-9999.9	38	-9999.9	3	20.5	12.7	180	3	1014.5	-9999.9	3.6	47
2025 08 01 07	0.73	0.71	5.4	5.3	7.3	1.07	-9999.9	3	89	-9999.9	34	-9999.9	3	20.8	9.7	155	3	1014.7	-9999.9	3.4	51
2025 08 01 08	0.74	0.71	4.9	4.8	7.3	1.0	-9999.9	3	93	-9999.9	36	-9999.9	3	20.4	11.6	129	3	1015.0	-9999.9	3.8	52
2025 08 01 09	0.8	0.78	4.8	4.9	7.2	1.35	-9999.9	3	103	-9999.9	36	-9999.9	3	20.7	11.0	46	3	1015.2	-9999.9	3.4	58
2025 08 01 10	0.82	0.79	5.3	5.0	7.2	1.4	-9999.9	3	106	-9999.9	32	-9999.9	3	20.9	12.0	297	3	1015.4	-9999.9	4.0	82
2025 08 01 11	0.91	0.88	5.2	5.1	7.1	1.47	-9999.9	3	100	-9999.9	33	-9999.9	3	21.6	9.0	243	3	1015.2	-9999.9	3.9	60
2025 08 01 12	0.86	0.83	5.2	5.0	7.0	1.33	-9999.9	3	101	-9999.9	34	-9999.9	3	21.6	4.5	292	3	1014.9	-9999.9	4.5	56
2025 08 01 13	0.71	0.67	5.0	4.8	7.7	1.34	-9999.9	3	98	-9999.9	39	-9999.9	3	21.5	8.0	289	3	1014.5	-9999.9	4.2	68
2025 08 01 14	0.61	0.58	5.3	4.9	7.1	0.95	-9999.9	3	84	-9999.9	43	-9999.9	3	22.4	9.8	285	3	1013.9	-9999.9	3.5	63
2025 08 01 18	0.46	0.44	4.6	4.7	7.2	0.75	-9999.9	3	96	-9999.9	42	-9999.9	3	22.2	17.9	202	3	1012.7	-9999.9	4.3	43
2025 08 01 20	0.59	0.57	5.2	5.1	7.0	1.15	-9999.9	3	96	-9999.9	33	-9999.9	3	21.7	5.8	219	3	1013.6	-9999.9	5.2	53
2025 08 01 22	0.65	0.6	4.2	4.2	7.3	1.21	-9999.9	3	94	-9999.9	42	-9999.9	3	21.8	3.0	264	3	1015.2	-9999.9	5.4	63
2025 08 01 23	0.58	0.54	3.8	3.7	7.1	0.89	-9999.9	3	95	-9999.9	40	-9999.9	3	21.8	1.5	247	3	1014.8	-9999.9	6.5	65
2025 08 02 00	0.57	0.52	3.7	3.6	6.9	0.87	-9999.9	3	95	-9999.9	43	-9999.9	3	21.7	2.2	32	3	1014.2	-9999.9	7.3	76
2025 08 02 01	0.56	0.5	3.3	3.3	6.3	0.86	-9999.9	3	88	-9999.9	44	-9999.9	3	21.3	8.3	20	3	1013.2	-9999.9	7.1	59
2025 08 02 02	0.55	0.51	3.4	3.4	6.5	0.9	-9999.9	3	89	-9999.9	46	-9999.9	3	21.1	13.6	303	3	1012.7	-9999.9	6.1	68
2025 08 02 03	0.5	0.46	4.0	3.9	7.0	0.72	-9999.9	3	87	-9999.9	50	-9999.9	3	21.9	14.7	249	3	1012.5	-9999.9	5.1	64
2025 08 02 04	0.5	0.46	4.3	4.3	7.1	0.73	-9999.9	3	94	-9999.9	45	-9999.9	3	21.9	13.4	252	3	1012.4	-9999.9	4.7	79
2025 08 02 07	0.57	0.55	4.6	4.6	6.9	0.92	-9999.9	3	97	-9999.9	44	-9999.9	3	22.2	9.6	209	3	1013.0	-9999.9	4.7	58
2025 08 02 08	0.53	0.51	4.5	4.4	6.4	0.79	-9999.9	3	100	-9999.9	47	-9999.9	3	22.2	6.5	214	3	1013.0	-9999.9	4.8	50
2025 08 02 09	0.48	0.46	4.5	4.2	6.5	0.91	-9999.9	3	96	-9999.9	44	-9999.9	3	22.2	4.6	190	3	1013.2	-9999.9	4.6	54
2025 08 02 10	0.55	0.53	4.4	4.3	6.6	0.93	-9999.9	3	96	-9999.9	39	-9999.9	3	22.8	3.4	5	3	1013.4	-9999.9	4.3	59
2025 08 02 11	0.57	0.54	4.0	4.0	6.5	0.87	-9999.9	3	102	-9999.9	42	-9999.9	3	22.3	3.3	346	3	1013.5	-9999.9	4.2	59
2025 08 02 12	0.58	0.56	4.0	3.9	6.5	0.88	-9999.9	3	107	-9999.9	46	-9999.9	3	22.5	2.5	42	3	1013.5	-9999.9	4.6	61
2025 08 02 13	0.58	0.55	4.1	4.1	6.1	0.9	-9999.9	3	100	-9999.9	40	-9999.9	3	22.5	11.7	348	3	1013.4	-9999.9	4.7	61
2025 08 02 14	0.62	0.6	4.0	3.9	6.3	0.93	-9999.9	3	106	-9999.9	44	-9999.9	3	22.5	11.2	354	3	1013.1	-9999.9	4.3	61
2025 08 02 16	0.51	0.48	4.0	4.1	7.1	0.82	-9999.9	3	102	-9999.9	48	-9999.9	3	23.5	14.6	290	3	1012.3	-9999.9	4.5	55
2025 08 02 17	0.47	0.44	4.2	4.2	6.4	0.75	-9999.9	3	93	-9999.9	48	-9999.9	3	24.0	17.2	275	3	1012.0	-9999.9	4.1	61
2025 08 02 18	0.48	0.46	4.7	4.5	5.8	0.82	-9999.9	3	97	-9999.9	42	-9999.9	3	24.0	17.3	254	3	1012.0	-9999.9	4.3	64
2025 08 02 19	0.48	0.46	4.4	4.4	6.1	0.68	-9999.9	3	87	-9999.9	47	-9999.9	3	23.9	8.9	242	3	1012.3	-9999.9	4.7	56
2025 08 02 20	0.55	0.51	4.4	4.3	6.1	1.22	-9999.9	3	94	-9999.9	42	-9999.9	3	23.1	6.4	249	3	1012.7	-9999.9	5.2	53
2025 08 02 21	0.55	0.52	4.2	4.2	5.9	0.89	-9999.9	3	87	-9999.9	39	-9999.9	3	22.7	0.7	172	3	1013.2	-9999.9	5.3	31
2025 08 02 22	0.52	0.5	4.1	4.1	6.2	0.99	-9999.9	3	89	-9999.9	40	-9999.9	3	22.9	2.4	353	3	1013.3	-9999.9	5.2	58
2025 08 02 23	0.53	0.5	4.2	4.1	6.3	0.81	-9999.9	3	99	-9999.9	40	-9999.9	3	22.8	1.4	270	3	1013.2	-9999.9	5.2	48
2025 08 03 00	0.51	0.49	3.9	3.9	6.1	0.74	-9999.9	3	99	-9999.9	46	-9999.9	3	22.6	3.8	229	3	1013.3	-9999.9	4.8	48
2025 08 03 01	0.53	0.5	3.8	3.9	6.0	0.91	-9999.9	3	106	-9999.9	49	-9999.9	3	22.7	7.7	255	3	1012.9	-9999.9	5.4	82
2025 08 03 02	0.49	0.47	3.7	3.7	6.3	0.79	-9999.9	3	97	-9999.9	45	-9999.9	3	22.6	4.8	303	3	1012.6	-9999.9	4.0	65
2025 08 03 03	0.47	0.44	3.9	3.9	6.5	0.7	-9999.9	3	95	-9999.9	45	-9999.9	3	22.6	5.2	286	3	1012.6	-9999.9	5.2	87
2025 08 03 04	0.47	0.44	4.1	4.0	6.7	0.76	-9999.9	3	97	-9999.9	44	-9999.9	3	22.4	5.7	260	3	1012.9	-9999.9	4.7	68
2025 08 03 05	0.41	0.39	4.1	4.1	6.1	0.63	-9999.9	3	94	-9999.9	40	-9999.9	3	22.3	6.1	273	3	1013.3	-9999.9	4.6	82
2025 08 03 06	0.48	0.45	4.8	4.6	6.3	0.67	-9999.9	3	96	-9999.9	49	-9999.9	3	22.9	10.9	240	3	1013.6	-9999.9	4.5	72
2025 08 03 08	0.46	0.44	4.5	4.4	6.3	0.82	-9999.9	3	100	-9999.9	44	-9999.9	3	23.1	11.2	237	3	1014.4	-9999.9	5.0	48
2025 08 03 09	0.5	0.48	4.7	4.4	5.8	0.81	-9999.9	3	99	-9999.9	46	-9999.9	3	23.3	11.9	229	3	1014.8	-9999.9	5.6	51
2025 08 03 10	0.5	0.47	4.3	4.3	6.3	0.81	-9999.9	3	93	-9999.9	48	-9999.9	3	23.5	5.1	238	3	1015.3	-9999.9	5.7	57
2025 08 03 11	0.53	0.5	4.0	3.9	6.1	0.77	-9999.9	3	93	-9999.9	43	-9999.9	3	23.4	5.9	216	3	1015.8	-9999.9	5.3	56
2025 08 03 12	0.48	0.46	3.9	3.8	6.2	0.85	-9999.9	3	99	-9999.9	50	-9999.9	3	23.4	3.7	244	3	1015.8	-9999.9	5.8	53
2025 08 03 13	0.54	0.52	4.3	4.2	5.8	0.88	-9999.9	3	111	-9999.9	39	-9999.9	3	23.4	5.8	254	3	1015.6	-9999.9	4.6	41
2025 08 03 14	0.53	0.51	4.1	4.0	5.6	0.79	-9999.9	3	103	-9999.9	43	-9999.9	3	23.8	4.9	41	3	1015.6	-9999.9	5.3	50
2025 08 03 15	0.57	0.53	3.9	4.1	5.7	0.93	-9999.9	3	107	-9999.9	43	-9999.9	3	23.3	10.1	13	3	1015.4	-9999.9	5.1	69
2025 08 03 16	0.43	0.41	3.7	3.7	5.7	0.76	-9999.9	3	85	-9999.9	44	-9999.9	3	23.5	7.6	341	3	1015.3	-9999.9	5.4	73
2025 08 03 17	0.41	0.38	3.7	3.6	5.8	0.68	-9999.9	3	81	-9999.9	45	-9999.9	3	23.3	6.5	301	3	1015.3	-9999.9	5.3	70
2025 08 03 18	0.44	0.42	3.4	3.4	5.6	0.7	-9999.9	3	73	-9999.9	50	-9999.9	3	23.3	11.1	232	3	1015.6	-9999.9	6.2	48
2025 08 03 19	0.47	0.45	3.4	3.4	6.0	0.75	-9999.9	3	74	-9999.9	49	-9999.9	3	23.7	11.7	236	3	1016.3	-9999.9	7.2	60
2025 08 03 20	0.44	0.41	3.3	3.4	5.6	0.63	-9999.9	3	88	-9999.9	50	-9999.9	3	23.3	7.7	219	3	1017.0	-9999.9	6.3	52
2025 08 03 21	0.46	0.44	3.5	3.5	6.1	0.71	-9999.9	3	85	-9999.9	47	-9999.9	3	23.6	34.6	178	3	1017.9	-9999.9	6.5	43
2025 08 03 22	0.57	0.55	4.1	4.0	5.9	0.92	-9999.9	3	97	-9999.9	47	-9999.9	3	23.7	7.9	212	3	1018.3	-9999.9	6.2	54
2025 08 03 23	0.66	0.63	4.5	4.4	6.0	1.13	-9999.9	3	108	-9999.9	38	-9999.9	3	24.0	7.4	243	3	1018.4	-9999.9	5.7	61
2025 08 04 00	0.65	0.63	4.5	4.6	6.6	1.1	-9999.9	3	104	-9999.9	38	-9999.9	3	24.2	5.5	231	3	1018.6	-9999.9	4.9	63
2025 08 04 01	0.65	0.63	4.8	4.7	7.3	0.99	-9999.9	3	99	-9999.9	39	-9999.9	3	24.1	6.6	254	3	1018.6	-9999.9	4.6	65
2025 08 04 02	0.77	0.75	5.0	5.0	7.1	1.18	-9999.9	3	93	-9999.9	39	-9999.9	3	23.9	2.9	221	3	1018.5	-9999.9	4.1	50
2025 08 04 03	0.86	0.84	5.3	5.3	7.2	1.65	-9999.9	3	93	-9999.9	34	-9999.9	3	23.9	4.3	246	3	1018.4	-9999.9	5.5	60
2025 08 04 04	0.87	0.84	5.3	5.2	7.2	1.22	-9999.9	3	94	-9999.9	34	-9999.9	3	23.7	1.2	149	3	1018.6	-9999.9	5.1	62
2025 08 04 05	0.82	0.8	5.0	4.8	7.3	1.14	-9999.9	3	96	-9999.9	34	-9999.9	3	23.5	5.4	23	3	1018.8	-9999.9	5.2	54
2025 08 04 07	0.74	0.69	4.7	4.7	7.5	1.03	-9999.9	3	84	-9999.9	34	-9999.9	3	23.7	2.1	199	3	1019.4	-9999.9	4.8	36
2025 08 04 08	0.75	0.72	4.8	4.8	7.0	1.21	-9999.9	3	83	-9999.9	38	-9999.9	3	23.7	4.4	171	3	1019.7	-9999.9	4.5	59
2025 08 04 10	0.61	0.57	4.5	4.6	7.1	1.09	-9999.9	3	90	-9999.9	42	-9999.9	3	24.4	6.8	260	3	1020.3	-9999.9	5.1	82
2025 08 04 11	0.61	0.59	4.6	4.5	6.5	0.93	-9999.9	3	92	-9999.9	44	-9999.9	3	24.5	5.5	275	3	1020.4	-9999.9	5.2	78
2025 08 04 12	0.61	0.57	4.0	3.9	6.6	0.81	-9999.9	3	93	-9999.9	44	-9999.9	3	24.4	7.8	262	3	1020.3	-9999.9	6.1	68
2025 08 04 14	0.67	0.63	4.5	4.3	7.2	1.14	-9999.9	3	94	-9999.9	40	-9999.9	3	24.4	2.5	282	3	1019.7	-9999.9	5.3	65
2025 08 04 15	0.79	0.76	5.0	4.9	7.3	1.39	-9999.9	3	95	-9999.9	32	-9999.9	3	24.3	0.4	14	3	1019.3	-9999.9	5.2	78
2025 08 04 16	0.73	0.7	5.0	4.8	7.1	1.15	-9999.9	3	92	-9999.9	34	-9999.9	3	23.8	4.8	265	3	1019.3	-9999.9	4.6	85
2025 08 04 17	0.73	0.71	5.1	4.9	7.4	1.19	-9999.9	3	86	-9999.9	35	-9999.9	3	23.6	2.5	293	3	1019.0	-9999.9	4.2	82
2025 08 04 18	0.7	0.68	5.0	4.8	7.1	0.95	-9999.9	3	84	-9999.9	35	-9999.9	3	23.5	2.6	127	3	1019.0	-9999.9	4.1	57
2025 08 04 19	0.57	0.55	4.8	4.6	7.2	0.8	-9999.9	3	71	-9999.9	44	-9999.9	3	23.4	4.5	220	3	1019.2	-9999.9	4.1	39
2025 08 04 20	0.76	0.73	5.5	5.3	7.4	1.25	-9999.9	3	79	-9999.9	31	-9999.9	3	23.9	2.4	228	3	1019.3	-9999.9	4.3	48
2025 08 04 21	0.75	0.73	5.6	5.5	7.6	1.06	-9999.9	3	85	-9999.9	33	-9999.9	3	24.1	5.4	190	3	1020.0	-9999.9	4.7	50
2025 08 04 22	0.69	0.66	5.2	5.1	7.7	1.05	-9999.9	3	86	-9999.9	37	-9999.9	3	24.6	7.6	203	3	1020.3	-9999.9	4.6	56
2025 08 04 23	0.79	0.77	5.7	5.9	7.6	1.33	-9999.9	3	92	-9999.9	29	-9999.9	3	24.7	7.7	219	3	1020.2	-9999.9	4.9	52
2025 08 05 00	0.65	0.63	5.6	5.6	7.5	1.01	-9999.9	3	95	-9999.9	34	-9999.9	3	24.9	3.5	235	3	1019.9	-9999.9	4.2	53
2025 08 05 03	0.76	0.74	5.4	5.5	7.4	1.3	-9999.9	3	97	-9999.9	32	-9999.9	3	25.1	4.7	257	3	1018.8	-9999.9	3.5	91
2025 08 05 04	0.73	0.7	5.3	5.1	7.3	1.11	-9999.9	3	102	-9999.9	36	-9999.9	3	25.3	5.3	272	3	1018.8	-9999.9	3.6	98
2025 08 05 05	0.67	0.65	5.3	5.0	7.1	1.17	-9999.9	3	97	-9999.9	34	-9999.9	3	25.2	6.6	322	3	1019.0	-9999.9	2.7	88
2025 08 05 06	0.66	0.63	4.9	5.2	7.0	1.29	-9999.9	3	92	-9999.9	33	-9999.9	3	24.8	5.7	342	3	1019.1	-9999.9	2.8	88
2025 08 05 08	0.69	0.65	5.0	5.1	6.8	1.13	-9999.9	3	99	-9999.9	33	-9999.9	3	24.6	3.9	247	3	1019.5	-9999.9	2.1	76
2025 08 05 09	0.67	0.64	5.3	5.4	6.7	1.08	-9999.9	3	92	-9999.9	33	-9999.9	3	25.0	7.9	318	3	1019.8	-9999.9	2.5	106
2025 08 05 10	0.66	0.63	5.0	5.1	7.0	0.93	-9999.9	3	94	-9999.9	41	-9999.9	3	26.2	10.1	271	3	1019.9	-9999.9	2.5	100
2025 08 05 11	0.58	0.56	5.1	5.0	6.8	0.83	-9999.9	3	98	-9999.9	39	-9999.9	3	26.3	8.5	257	3	1019.9	-9999.9	2.7	95
2025 08 05 12	0.54	0.52	4.9	4.9	6.7	0.82	-9999.9	3	97	-9999.9	45	-9999.9	3	26.7	11.5	250	3	1019.7	-9999.9	3.1	94
2025 08 05 13	0.51	0.48	4.7	4.9	6.5	0.71	-9999.9	3	100	-9999.9	40	-9999.9	3	27.1	1.5	266	3	1019.3	-9999.9	2.6	90
2025 08 05 14	0.49	0.47	4.6	4.6	6.5	0.8	-9999.9	3	107	-9999.9	47	-9999.9	3	26.9	5.9	275	3	1018.8	-9999.9	3.2	71
2025 08 05 15	0.46	0.43	4.6	4.7	6.7	0.68	-9999.9	3	96	-9999.9	39	-9999.9	3	26.7	3.1	323	3	1018.2	-9999.9	3.6	74
2025 08 05 16	0.4	0.38	4.1	4.2	6.1	0.72	-9999.9	3	90	-9999.9	47	-9999.9	3	26.7	9.0	29	3	1018.2	-9999.9	3.5	107
2025 08 05 17	0.34	0.32	3.9	3.7	5.8	0.58	-9999.9	3	90	-9999.9	52	-9999.9	3	26.1	3.1	9	3	1017.8	-9999.9	2.3	114
2025 08 05 18	0.35	0.32	3.9	4.0	5.7	0.55	-9999.9	3	94	-9999.9	52	-9999.9	3	26.2	6.6	249	3	1017.6	-9999.9	2.2	67
2025 08 05 19	0.35	0.35	4.2	4.2	6.4	0.54	-9999.9	3	82	-9999.9	44	-9999.9	3	26.2	9.7	192	3	1017.7	-9999.9	2.5	63
2025 08 05 20	0.31	0.3	4.2	4.2	6.0	0.49	-9999.9	3	91	-9999.9	49	-9999.9	3	26.1	8.1	192	3	1017.8	-9999.9	2.8	49
2025 08 05 21	0.44	0.41	4.4	4.4	6.2	0.7	-9999.9	3	110	-9999.9	46	-9999.9	3	26.4	10.7	218	3	1018.3	-9999.9	3.0	60
2025 08 05 22	0.33	0.32	4.5	4.3	6.2	0.54	-9999.9	3	105	-9999.9	50	-9999.9	3	27.0	16.7	227	3	1018.4	-9999.9	2.8	48
2025 08 05 23	0.33	0.31	4.1	4.0	5.4	0.49	-9999.9	3	110	-9999.9	50	-9999.9	3	26.8	8.9	207	3	1018.6	-9999.9	2.8	71
2025 08 06 00	0.28	0.27	3.9	3.9	6.2	0.53	-9999.9	3	114	-9999.9	50	-9999.9	3	26.2	3.0	226	3	1018.5	-9999.9	2.0	30
2025 08 06 01	0.27	0.26	4.0	3.9	6.0	0.48	-9999.9	3	137	-9999.9	54	-9999.9	3	25.5	0.8	310	3	1018.1	-9999.9	2.4	27
2025 08 06 02	0.22	0.21	3.7	3.6	5.8	0.4	-9999.9	3	117	-9999.9	55	-9999.9	3	26.1	1.1	180	3	1018.0	-9999.9	1.6	13
2025 08 06 03	0.27	0.26	3.9	3.9	6.0	0.47	-9999.9	3	138	-9999.9	56	-9999.9	3	26.5	5.1	249	3	1018.3	-9999.9	0.6	354
2025 08 06 04	0.3	0.28	4.2	4.1	5.7	0.51	-9999.9	3	150	-9999.9	52	-9999.9	3	26.6	3.3	239	3	1017.8	-9999.9	1.5	41
2025 08 06 09	0.31	0.29	3.8	3.8	5.6	0.52	-9999.9	3	100	-9999.9	57	-9999.9	3	26.9	8.1	260	3	1019.0	-9999.9	3.7	61
2025 08 06 11	0.29	0.27	3.5	3.5	4.6	0.47	-9999.9	3	102	-9999.9	56	-9999.9	3	27.3	2.2	227	3	1019.1	-9999.9	3.4	66
2025 08 06 12	0.33	0.32	4.1	3.9	5.4	0.62	-9999.9	3	105	-9999.9	54	-9999.9	3	27.4	4.0	203	3	1018.9	-9999.9	3.7	73
2025 08 06 14	0.31	0.3	3.7	3.6	5.1	0.56	-9999.9	3	101	-9999.9	61	-9999.9	3	27.8	2.1	329	3	1017.9	-9999.9	3.5	68
2025 08 06 15	0.31	0.29	3.8	3.9	5.3	0.52	-9999.9	3	106	-9999.9	53	-9999.9	3	28.1	4.4	343	3	1017.5	-9999.9	3.4	61
2025 08 06 16	0.4	0.37	4.0	4.0	5.5	0.75	-9999.9	3	104	-9999.9	49	-9999.9	3	27.9	2.6	21	3	1017.1	-9999.9	2.9	76
2025 08 06 17	0.35	0.33	3.8	3.8	5.3	0.52	-9999.9	3	86	-9999.9	48	-9999.9	3	27.6	5.3	32	3	1016.6	-9999.9	2.1	99
2025 08 06 18	0.27	0.26	3.3	3.2	4.1	0.4	-9999.9	3	106	-9999.9	58	-9999.9	3	27.6	5.1	317	3	1016.3	-9999.9	2.1	69
2025 08 06 19	0.36	0.34	4.0	4.0	8.4	0.61	-9999.9	3	95	-9999.9	49	-9999.9	3	27.6	5.3	270	3	1015.9	-9999.9	2.9	45
2025 08 06 20	0.3	0.28	4.0	4.1	6.8	0.66	-9999.9	3	87	-9999.9	52	-9999.9	3	27.3	4.7	218	3	1016.1	-9999.9	3.8	86
2025 08 06 21	0.25	0.24	3.6	3.6	4.6	0.39	-9999.9	3	72	-9999.9	54	-9999.9	3	27.3	2.5	173	3	1016.8	-9999.9	2.9	64
2025 08 06 22	0.3	0.28	4.1	3.9	5.7	0.57	-9999.9	3	105	-9999.9	56	-9999.9	3	27.8	15.2	228	3	1017.0	-9999.9	2.7	66
2025 08 06 23	0.27	0.26	4.0	4.1	6.0	0.49	-9999.9	3	114	-9999.9	52	-9999.9	3	27.6	11.1	213	3	1016.6	-9999.9	3.2	26
2025 08 07 00	0.28	0.26	3.7	3.7	4.9	0.41	-9999.9	3	113	-9999.9	58	-9999.9	3	27.6	1.3	90	3	1016.6	-9999.9	3.3	8
2025 08 07 01	0.26	0.25	4.2	4.1	5.5	0.45	-9999.9	3	124	-9999.9	58	-9999.9	3	27.5	1.3	29	3	1016.0	-9999.9	3.1	358
2025 08 07 02	0.26	0.25	4.0	3.9	4.8	0.45	-9999.9	3	109	-9999.9	49	-9999.9	3	27.3	3.3	349	3	1016.0	-9999.9	2.1	17
2025 08 07 03	0.31	0.3	3.9	3.9	4.9	0.51	-9999.9	3	101	-9999.9	47	-9999.9	3	27.2	4.0	25	3	1015.6	-9999.9	2.1	4
2025 08 07 04	0.35	0.34	4.1	4.1	4.9	0.61	-9999.9	3	115	-9999.9	43	-9999.9	3	27.0	0.4	236	3	1015.4	-9999.9	2.4	3
2025 08 07 05	0.34	0.33	4.0	3.9	4.7	0.51	-9999.9	3	125	-9999.9	46	-9999.9	3	26.7	2.0	101	3	1015.6	-9999.9	2.9	12
2025 08 07 06	0.4	0.38	3.9	3.8	4.7	0.57	-9999.9	3	101	-9999.9	50	-9999.9	3	26.7	5.7	153	3	1015.8	-9999.9	3.3	0
2025 08 07 07	0.4	0.38	3.6	3.6	4.6	0.7	-9999.9	3	122	-9999.9	46	-9999.9	3	27.0	7.8	83	3	1016.2	-9999.9	3.5	355
2025 08 07 08	0.41	0.39	3.9	3.9	4.9	0.64	-9999.9	3	115	-9999.9	48	-9999.9	3	26.4	10.6	95	3	1016.4	-9999.9	2.0	342
2025 08 07 09	0.46	0.44	4.0	3.9	4.7	0.82	-9999.9	3	113	-9999.9	46	-9999.9	3	26.5	7.8	62	3	1017.0	-9999.9	3.4	187
2025 08 07 10	0.39	0.37	3.7	3.7	4.9	0.62	-9999.9	3	124	-9999.9	55	-9999.9	3	27.0	7.2	230	3	1017.5	-9999.9	2.1	235
2025 08 07 11	0.45	0.44	4.2	4.2	5.6	0.83	-9999.9	3	110	-9999.9	49	-9999.9	3	27.9	2.1	29	3	1017.4	-9999.9	1.1	116
2025 08 07 12	0.34	0.33	3.9	3.8	5.1	0.54	-9999.9	3	83	-9999.9	51	-9999.9	3	27.9	1.7	17	3	1017.3	-9999.9	3.3	88
2025 08 07 13	0.32	0.31	3.9	4.0	5.1	0.54	-9999.9	3	111	-9999.9	57	-9999.9	3	28.5	2.8	231	3	1017.1	-9999.9	2.6	64
2025 08 07 14	0.35	0.33	4.0	4.0	4.9	0.78	-9999.9	3	148	-9999.9	59	-9999.9	3	28.5	1.9	258	3	1016.4	-9999.9	3.1	86
2025 08 07 15	0.36	0.35	3.9	4.0	5.0	0.53	-9999.9	3	145	-9999.9	58	-9999.9	3	28.4	7.6	295	3	1015.7	-9999.9	3.7	107
2025 08 07 16	0.47	0.44	3.4	3.4	5.0	0.73	-9999.9	3	177	-9999.9	63	-9999.9	3	28.4	1.1	158	3	1015.4	-9999.9	2.3	151
2025 08 07 17	0.41	0.38	3.4	3.4	4.4	0.64	-9999.9	3	135	-9999.9	62	-9999.9	3	28.0	8.3	44	3	1015.1	-9999.9	1.5	135
2025 08 07 18	0.34	0.33	3.6	3.6	4.8	0.57	-9999.9	3	97	-9999.9	65	-9999.9	3	27.3	12.8	32	3	1015.1	-9999.9	1.9	109
2025 08 07 19	0.38	0.36	3.9	3.9	5.1	0.61	-9999.9	3	79	-9999.9	52	-9999.9	3	27.3	15.0	126	3	1015.6	-9999.9	2.8	36
2025 08 07 20	0.28	0.26	3.6	3.5	4.7	0.53	-9999.9	3	95	-9999.9	60	-9999.9	3	27.3	6.4	228	3	1016.0	-9999.9	1.3	140
2025 08 07 21	0.27	0.25	3.5	3.5	4.9	0.53	-9999.9	3	95	-9999.9	51	-9999.9	3	27.0	3.3	277	3	1016.9	-9999.9	3.3	151
2025 08 07 22	0.36	0.35	4.1	4.0	6.0	0.68	-9999.9	3	115	-9999.9	54	-9999.9	3	26.9	5.5	208	3	1016.4	-9999.9	4.9	75
2025 08 07 23	0.24	0.23	3.5	3.5	4.6	0.46	-9999.9	3	110	-9999.9	63	-9999.9	3	26.8	4.8	206	3	1016.8	-9999.9	2.7	18
2025 08 08 00	0.29	0.27	4.1	4.2	8.2	0.54	-9999.9	3	124	-9999.9	48	-9999.9	3	27.0	7.0	220	3	1016.1	-9999.9	2.0	186
2025 08 08 01	0.35	0.34	3.5	3.5	4.3	0.6	-9999.9	3	116	-9999.9	50	-9999.9	3	27.1	1.5	262	3	1016.8	-9999.9	3.7	208
2025 08 08 02	0.34	0.32	3.3	3.2	4.0	0.61	-9999.9	3	112	-9999.9	52	-9999.9	3	26.9	1.4	282	3	1016.2	-9999.9	4.7	263
2025 08 08 03	0.31	0.29	3.2	3.1	3.7	0.56	-9999.9	3	144	-9999.9	61	-9999.9	3	26.8	1.7	0	3	1015.4	-9999.9	3.9	229
2025 08 08 04	0.39	0.37	2.9	2.9	2.8	0.64	-9999.9	3	187	-9999.9	51	-9999.9	3	26.5	1.6	90	3	1015.6	-9999.9	7.6	243
2025 08 08 05	0.34	0.32	3.0	3.1	3.7	0.62	-9999.9	3	165	-9999.9	60	-9999.9	3	26.5	3.7	167	3	1016.2	-9999.9	4.3	227
2025 08 08 06	0.43	0.41	3.0	3.0	3.0	0.76	-9999.9	3	201	-9999.9	57	-9999.9	3	26.3	7.8	260	3	1016.5	-9999.9	7.0	229
2025 08 08 07	0.52	0.49	2.9	3.0	2.9	0.84	-9999.9	3	199	-9999.9	59	-9999.9	3	25.9	3.8	105	3	1017.1	-9999.9	8.3	232
2025 08 08 08	0.39	0.36	2.9	2.9	3.0	0.58	-9999.9	3	185	-9999.9	61	-9999.9	3	25.7	19.2	66	3	1017.8	-9999.9	9.0	240
2025 08 08 09	0.38	0.35	2.9	3.0	3.4	0.71	-9999.9	3	225	-9999.9	58	-9999.9	3	25.2	9.9	64	3	1018.0	-9999.9	7.7	262
2025 08 08 10	0.41	0.38	2.9	3.0	2.8	0.81	-9999.9	3	211	-9999.9	52	-9999.9	3	25.7	8.0	243	3	1018.3	-9999.9	6.9	222
2025 08 08 11	0.43	0.4	3.4	3.4	5.0	0.75	-9999.9	3	193	-9999.9	49	-9999.9	3	26.1	14.4	216	3	1018.3	-9999.9	4.1	244
2025 08 08 12	0.33	0.31	3.4	3.5	5.6	0.72	-9999.9	3	200	-9999.9	59	-9999.9	3	26.5	4.2	165	3	1018.1	-9999.9	2.4	228
2025 08 08 13	0.29	0.27	3.3	3.3	4.1	0.61	-9999.9	3	160	-9999.9	66	-9999.9	3	26.5	3.9	180	3	1017.5	-9999.9	0.9	91
2025 08 08 14	0.32	0.3	4.1	4.2	6.8	0.59	-9999.9	3	102	-9999.9	61	-9999.9	3	27.4	6.2	171	3	1017.0	-9999.9	2.2	42
2025 08 08 15	0.36	0.34	4.5	4.4	5.7	0.51	-9999.9	3	159	-9999.9	56	-9999.9	3	27.5	5.9	157	3	1016.5	-9999.9	1.9	72
2025 08 08 17	0.45	0.43	4.0	4.0	5.2	0.75	-9999.9	3	182	-9999.9	56	-9999.9	3	26.8	9.2	206	3	1016.0	-9999.9	3.3	77
2025 08 08 18	0.37	0.35	3.6	3.6	4.5	0.7	-9999.9	3	93	-9999.9	60	-9999.9	3	26.2	5.0	53	3	1015.9	-9999.9	3.7	84
2025 08 08 19	0.36	0.34	3.6	3.6	5.3	0.61	-9999.9	3	104	-9999.9	60	-9999.9	3	26.2	7.6	74	3	1016.3	-9999.9	3.0	73
2025 08 08 20	0.29	0.27	3.3	3.2	4.1	0.53	-9999.9	3	110	-9999.9	55	-9999.9	3	26.0	6.8	194	3	1016.8	-9999.9	3.6	55
2025 08 08 21	0.3	0.29	3.8	3.6	4.7	0.54	-9999.9	3	66	-9999.9	63	-9999.9	3	26.0	11.2	229	3	1017.5	-9999.9	3.0	62
2025 08 08 22	0.31	0.29	3.7	3.7	5.0	0.59	-9999.9	3	83	-9999.9	51	-9999.9	3	25.0	6.3	198	3	1017.6	-9999.9	3.2	46
2025 08 08 23	0.27	0.25	4.1	4.1	5.7	0.43	-9999.9	3	106	-9999.9	52	-9999.9	3	25.9	4.0	220	3	1017.7	-9999.9	2.8	43
2025 08 09 00	0.23	0.23	3.9	3.9	4.7	0.39	-9999.9	3	123	-9999.9	58	-9999.9	3	26.4	8.3	207	3	1017.5	-9999.9	3.3	71
2025 08 09 01	0.27	0.27	3.8	3.8	4.4	0.47	-9999.9	3	127	-9999.9	48	-9999.9	3	25.8	14.3	83	3	1017.0	-9999.9	3.6	51
2025 08 09 02	0.29	0.28	3.8	3.8	4.8	0.42	-9999.9	3	123	-9999.9	51	-9999.9	3	26.0	10.3	149	3	1016.6	-9999.9	2.7	56
2025 08 09 03	0.34	0.33	3.5	3.6	4.6	0.83	-9999.9	3	101	-9999.9	49	-9999.9	3	26.0	5.2	136	3	1016.5	-9999.9	1.8	90
2025 08 09 04	0.28	0.27	3.8	3.8	4.9	0.46	-9999.9	3	103	-9999.9	49	-9999.9	3	25.4	7.7	15	3	1016.6	-9999.9	1.9	98
2025 08 09 05	0.34	0.33	3.9	3.8	4.8	0.52	-9999.9	3	132	-9999.9	55	-9999.9	3	25.1	3.7	88	3	1016.9	-9999.9	2.7	101
2025 08 09 06	0.33	0.31	4.0	4.1	4.9	0.49	-9999.9	3	122	-9999.9	54	-9999.9	3	25.1	2.5	37	3	1017.4	-9999.9	3.3	71
2025 08 09 07	0.43	0.41	3.8	3.7	5.0	0.78	-9999.9	3	116	-9999.9	55	-9999.9	3	25.4	3.8	227	3	1017.9	-9999.9	2.6	63
2025 08 09 08	0.42	0.4	3.8	3.8	5.0	0.71	-9999.9	3	111	-9999.9	53	-9999.9	3	26.2	2.4	52	3	1018.1	-9999.9	3.2	71
2025 08 09 09	0.47	0.45	3.8	3.7	5.8	0.81	-9999.9	3	88	-9999.9	45	-9999.9	3	25.7	12.1	78	3	1018.4	-9999.9	3.9	65
2025 08 09 10	0.48	0.45	4.2	4.4	5.8	0.76	-9999.9	3	91	-9999.9	45	-9999.9	3	25.5	5.6	35	3	1018.7	-9999.9	4.6	82
2025 08 09 11	0.41	0.39	3.8	4.0	5.9	0.78	-9999.9	3	100	-9999.9	44	-9999.9	3	26.3	3.0	332	3	1018.8	-9999.9	4.8	56
2025 08 09 12	0.38	0.36	4.0	4.0	5.9	0.79	-9999.9	3	82	-9999.9	41	-9999.9	3	26.1	3.5	204	3	1018.7	-9999.9	4.7	57
2025 08 09 13	0.42	0.4	4.1	4.1	6.0	0.8	-9999.9	3	93	-9999.9	39	-9999.9	3	26.5	9.8	33	3	1018.4	-9999.9	4.9	52
2025 08 09 14	0.36	0.34	3.8	3.7	6.0	0.57	-9999.9	3	92	-9999.9	46	-9999.9	3	26.4	4.2	50	3	1018.0	-9999.9	4.8	79
2025 08 09 15	0.4	0.38	4.0	3.9	6.4	0.78	-9999.9	3	95	-9999.9	44	-9999.9	3	26.2	1.8	171	3	1017.7	-9999.9	4.2	48
2025 08 09 16	0.4	0.38	4.1	4.2	6.3	0.85	-9999.9	3	115	-9999.9	47	-9999.9	3	26.2	2.1	19	3	1017.6	-9999.9	4.3	49
2025 08 09 17	0.39	0.37	3.8	3.8	5.8	0.71	-9999.9	3	108	-9999.9	53	-9999.9	3	26.2	4.2	285	3	1017.5	-9999.9	4.4	56
2025 08 09 18	0.41	0.37	4.1	4.3	6.0	0.89	-9999.9	3	113	-9999.9	45	-9999.9	3	26.6	12.5	162	3	1017.5	-9999.9	3.8	65
2025 08 09 19	0.39	0.38	4.4	4.3	5.6	0.62	-9999.9	3	78	-9999.9	42	-9999.9	3	25.6	21.7	31	3	1017.8	-9999.9	3.3	64
2025 08 09 20	0.27	0.26	3.8	3.7	5.2	0.48	-9999.9	3	100	-9999.9	52	-9999.9	3	23.7	7.7	94	3	1018.6	-9999.9	2.7	55
2025 08 09 21	0.35	0.32	3.9	4.0	5.3	0.76	-9999.9	3	103	-9999.9	46	-9999.9	3	24.1	4.4	84	3	1019.2	-9999.9	2.2	61
2025 08 09 22	0.38	0.36	4.2	4.3	6.3	0.7	-9999.9	3	95	-9999.9	45	-9999.9	3	24.7	25.0	194	3	1019.2	-9999.9	3.5	47
2025 08 09 23	0.26	0.25	3.6	3.5	5.0	0.4	-9999.9	3	89	-9999.9	52	-9999.9	3	24.0	3.2	189	3	1019.2	-9999.9	3.3	51
2025 08 10 00	0.26	0.25	3.9	3.9	4.8	0.42	-9999.9	3	115	-9999.9	55	-9999.9	3	24.4	1.0	287	3	1019.0	-9999.9	3.4	47
2025 08 10 01	0.25	0.24	3.9	3.9	4.8	0.45	-9999.9	3	127	-9999.9	50	-9999.9	3	24.9	15.5	212	3	1018.6	-9999.9	3.7	36
2025 08 10 02	0.34	0.32	4.0	4.0	4.9	0.53	-9999.9	3	119	-9999.9	46	-9999.9	3	24.7	32.0	181	3	1018.4	-9999.9	3.3	53
2025 08 10 03	0.39	0.38	3.9	3.8	5.5	0.65	-9999.9	3	120	-9999.9	44	-9999.9	3	24.9	8.4	176	3	1018.4	-9999.9	2.9	48
2025 08 10 04	0.38	0.36	4.1	3.9	5.5	0.62	-9999.9	3	103	-9999.9	44	-9999.9	3	24.2	5.8	68	3	1018.4	-9999.9	2.7	80
2025 08 10 05	0.4	0.39	4.2	4.1	5.6	0.67	-9999.9	3	95	-9999.9	45	-9999.9	3	23.7	3.7	8	3	1018.7	-9999.9	3.3	79
2025 08 10 06	0.41	0.4	4.2	4.1	5.5	0.68	-9999.9	3	108	-9999.9	48	-9999.9	3	24.6	6.8	253	3	1019.2	-9999.9	3.7	60
2025 08 10 07	0.47	0.44	4.4	4.3	5.7	0.73	-9999.9	3	107	-9999.9	42	-9999.9	3	24.1	8.7	261	3	1019.9	-9999.9	3.7	39
2025 08 10 08	0.53	0.52	4.1	4.1	5.3	0.97	-9999.9	3	107	-9999.9	45	-9999.9	3	24.6	5.0	235	3	1020.0	-9999.9	4.1	72
2025 08 10 09	0.54	0.51	3.7	3.7	4.9	0.76	-9999.9	3	99	-9999.9	44	-9999.9	3	25.0	4.7	155	3	1020.4	-9999.9	3.7	57
2025 08 10 10	0.55	0.51	3.8	3.9	5.5	0.89	-9999.9	3	93	-9999.9	43	-9999.9	3	25.2	7.0	41	3	1020.7	-9999.9	4.5	76
2025 08 10 11	0.36	0.34	3.6	3.5	4.4	0.55	-9999.9	3	104	-9999.9	48	-9999.9	3	25.1	3.5	245	3	1020.8	-9999.9	5.0	56
2025 08 10 12	0.34	0.32	3.7	3.7	5.9	0.48	-9999.9	3	80	-9999.9	48	-9999.9	3	25.1	3.5	270	3	1020.5	-9999.9	4.3	63
2025 08 10 13	0.4	0.37	4.2	4.3	5.5	0.66	-9999.9	3	103	-9999.9	41	-9999.9	3	24.5	5.7	181	3	1020.3	-9999.9	3.6	52
2025 08 10 14	0.35	0.33	3.9	4.0	5.5	0.55	-9999.9	3	100	-9999.9	42	-9999.9	3	24.6	7.1	61	3	1019.6	-9999.9	3.2	39
2025 08 10 17	0.29	0.28	3.9	3.8	4.8	0.45	-9999.9	3	93	-9999.9	51	-9999.9	3	25.1	11.9	214	3	1018.2	-9999.9	3.2	37
2025 08 10 18	0.43	0.41	4.1	4.2	4.9	0.69	-9999.9	3	103	-9999.9	39	-9999.9	3	25.2	4.5	235	3	1018.0	-9999.9	2.7	27
2025 08 10 19	0.39	0.37	3.8	3.9	4.8	0.55	-9999.9	3	86	-9999.9	45	-9999.9	3	24.6	1.8	71	3	1018.4	-9999.9	3.0	51
2025 08 10 20	0.4	0.39	4.1	4.1	5.0	0.73	-9999.9	3	69	-9999.9	44	-9999.9	3	23.1	16.6	353	3	1018.8	-9999.9	3.6	39
2025 08 10 21	0.43	0.41	4.4	4.4	5.2	0.6	-9999.9	3	88	-9999.9	41	-9999.9	3	24.1	11.3	125	3	1019.4	-9999.9	4.3	36
2025 08 10 22	0.49	0.47	4.3	4.3	5.0	0.76	-9999.9	3	82	-9999.9	44	-9999.9	3	23.5	7.2	163	3	1019.4	-9999.9	4.4	42
2025 08 10 23	0.42	0.4	4.0	4.0	5.0	0.7	-9999.9	3	111	-9999.9	59	-9999.9	3	23.2	20.2	226	3	1019.4	-9999.9	4.3	48
2025 08 11 00	0.36	0.35	4.0	3.9	5.2	0.62	-9999.9	3	92	-9999.9	48	-9999.9	3	22.2	4.9	207	3	1019.4	-9999.9	3.7	38
2025 08 11 01	0.34	0.33	4.0	3.9	5.1	0.61	-9999.9	3	116	-9999.9	46	-9999.9	3	22.7	8.4	221	3	1019.0	-9999.9	4.6	42
2025 08 11 02	0.35	0.33	4.2	4.1	5.7	0.56	-9999.9	3	125	-9999.9	54	-9999.9	3	23.0	11.4	186	3	1018.5	-9999.9	4.2	52
2025 08 11 03	0.3	0.28	3.9	3.8	4.5	0.43	-9999.9	3	124	-9999.9	49	-9999.9	3	23.0	1.2	90	3	1018.3	-9999.9	3.9	68
2025 08 11 04	0.35	0.34	3.6	3.7	4.7	0.58	-9999.9	3	94	-9999.9	50	-9999.9	3	23.5	2.1	157	3	1017.9	-9999.9	2.8	68
2025 08 11 05	0.25	0.25	3.7	3.5	5.7	0.45	-9999.9	3	111	-9999.9	50	-9999.9	3	23.3	3.2	24	3	1018.0	-9999.9	2.9	41
2025 08 11 06	0.3	0.28	3.9	3.8	5.3	0.52	-9999.9	3	102	-9999.9	50	-9999.9	3	22.8	4.2	357	3	1018.2	-9999.9	3.6	78
2025 08 11 07	0.39	0.37	4.2	4.5	5.5	0.67	-9999.9	3	112	-9999.9	42	-9999.9	3	22.7	2.1	245	3	1018.4	-9999.9	4.0	40
2025 08 11 08	0.4	0.39	4.2	4.1	5.0	0.65	-9999.9	3	115	-9999.9	49	-9999.9	3	22.8	2.8	207	3	1018.6	-9999.9	3.9	51
2025 08 11 09	0.38	0.36	3.8	3.7	5.0	0.61	-9999.9	3	106	-9999.9	53	-9999.9	3	22.7	4.2	246	3	1019.0	-9999.9	3.8	42
2025 08 11 10	0.4	0.38	3.8	3.7	5.0	0.67	-9999.9	3	88	-9999.9	48	-9999.9	3	23.1	10.3	308	3	1018.9	-9999.9	3.3	53
2025 08 11 11	0.35	0.33	3.4	3.4	4.9	0.81	-9999.9	3	96	-9999.9	53	-9999.9	3	22.8	8.9	272	3	1018.6	-9999.9	3.2	48
2025 08 11 12	0.34	0.32	3.7	3.7	5.9	0.73	-9999.9	3	83	-9999.9	55	-9999.9	3	23.2	3.3	223	3	1018.2	-9999.9	2.9	46
2025 08 11 13	0.31	0.27	3.7	4.0	6.1	0.72	-9999.9	3	110	-9999.9	39	-9999.9	3	24.0	5.1	203	3	1017.9	-9999.9	2.8	54
2025 08 11 14	0.25	0.24	3.6	3.5	5.2	0.42	-9999.9	3	121	-9999.9	55	-9999.9	3	23.7	4.7	195	3	1017.4	-9999.9	2.2	10
2025 08 11 15	0.3	0.28	3.8	4.0	8.5	0.55	-9999.9	3	104	-9999.9	45	-9999.9	3	24.3	2.3	310	3	1016.6	-9999.9	1.8	64
2025 08 11 16	0.32	0.3	3.8	4.0	5.8	0.64	-9999.9	3	115	-9999.9	48	-9999.9	3	24.3	7.6	224	3	1016.1	-9999.9	1.7	37
2025 08 11 17	0.3	0.29	3.9	3.9	4.7	0.54	-9999.9	3	110	-9999.9	47	-9999.9	3	24.5	6.7	228	3	1015.6	-9999.9	1.9	7
2025 08 11 18	0.28	0.26	3.7	3.9	8.6	0.48	-9999.9	3	118	-9999.9	44	-9999.9	3	23.3	6.9	223	3	1015.3	-9999.9	2.6	28
2025 08 11 19	0.33	0.3	3.6	4.0	6.8	0.76	-9999.9	3	77	-9999.9	42	-9999.9	3	23.3	4.4	192	3	1015.5	-9999.9	2.6	41
2025 08 11 20	0.26	0.25	3.5	3.5	5.7	0.43	-9999.9	3	122	-9999.9	49	-9999.9	3	23.7	9.2	9	3	1015.8	-9999.9	2.9	17
2025 08 11 21	0.28	0.27	4.4	4.3	5.4	0.45	-9999.9	3	91	-9999.9	48	-9999.9	3	22.3	30.1	8	3	1016.2	-9999.9	2.6	58
2025 08 11 22	0.27	0.26	4.0	4.0	5.4	0.51	-9999.9	3	78	-9999.9	46	-9999.9	3	22.4	5.4	52	3	1016.3	-9999.9	2.2	28
2025 08 11 23	0.29	0.27	3.6	3.6	4.4	0.43	-9999.9	3	109	-9999.9	46	-9999.9	3	22.8	8.5	147	3	1016.3	-9999.9	1.6	52
2025 08 12 00	0.24	0.23	3.4	3.5	5.2	0.42	-9999.9	3	100	-9999.9	60	-9999.9	3	21.9	32.8	210	3	1016.0	-9999.9	2.9	86
2025 08 12 01	0.17	0.16	3.5	3.5	4.4	0.27	-9999.9	3	94	-9999.9	59	-9999.9	3	21.4	8.0	221	3	1015.4	-9999.9	3.4	47
2025 08 12 02	0.17	0.17	3.4	3.4	4.6	0.37	-9999.9	3	91	-9999.9	62	-9999.9	3	22.2	16.2	187	3	1015.1	-9999.9	2.6	24
2025 08 12 03	0.16	0.15	3.4	3.4	4.1	0.3	-9999.9	3	148	-9999.9	54	-9999.9	3	22.8	11.5	211	3	1014.6	-9999.9	4.0	29
2025 08 12 04	0.25	0.24	3.6	3.8	5.5	0.42	-9999.9	3	142	-9999.9	41	-9999.9	3	22.4	2.6	149	3	1014.5	-9999.9	3.0	43
2025 08 12 05	0.24	0.24	3.3	3.2	3.9	0.49	-9999.9	3	134	-9999.9	47	-9999.9	3	22.5	7.5	111	3	1014.5	-9999.9	3.0	98
2025 08 12 06	0.22	0.2	3.6	3.5	5.6	0.33	-9999.9	3	99	-9999.9	52	-9999.9	3	22.5	4.4	23	3	1014.7	-9999.9	3.1	55
2025 08 12 07	0.32	0.29	4.0	4.3	6.2	0.55	-9999.9	3	109	-9999.9	47	-9999.9	3	22.3	6.2	36	3	1015.1	-9999.9	3.6	97
2025 08 12 08	0.24	0.23	3.3	3.2	3.8	0.48	-9999.9	3	89	-9999.9	59	-9999.9	3	22.4	6.1	251	3	1015.4	-9999.9	3.2	77
2025 08 12 09	0.23	0.21	3.3	3.5	8.2	0.38	-9999.9	3	136	-9999.9	55	-9999.9	3	22.7	6.8	272	3	1015.5	-9999.9	4.0	41
2025 08 12 10	0.32	0.29	3.8	4.0	6.8	0.57	-9999.9	3	114	-9999.9	49	-9999.9	3	22.8	4.8	359	3	1015.6	-9999.9	3.6	36
2025 08 12 11	0.23	0.22	3.1	3.1	3.5	0.42	-9999.9	3	99	-9999.9	59	-9999.9	3	22.6	4.9	27	3	1015.1	-9999.9	2.4	54
2025 08 12 12	0.29	0.27	3.5	3.5	4.5	0.63	-9999.9	3	106	-9999.9	48	-9999.9	3	23.3	3.0	229	3	1014.8	-9999.9	3.3	25
2025 08 12 13	0.16	0.15	3.0	3.0	3.5	0.28	-9999.9	3	74	-9999.9	64	-9999.9	3	23.8	1.9	0	3	1014.2	-9999.9	4.3	54
2025 08 12 14	0.23	0.22	3.0	3.0	4.4	0.49	-9999.9	3	57	-9999.9	59	-9999.9	3	23.7	5.2	229	3	1013.6	-9999.9	4.8	68
2025 08 12 15	0.24	0.22	2.8	2.8	3.1	0.41	-9999.9	3	73	-9999.9	52	-9999.9	3	23.8	1.7	332	3	1013.2	-9999.9	3.0	66
2025 08 12 16	0.21	0.2	2.7	2.7	2.6	0.34	-9999.9	3	56	-9999.9	61	-9999.9	3	24.1	6.4	92	3	1012.8	-9999.9	1.5	72
2025 08 12 17	0.25	0.24	3.0	3.0	3.3	0.61	-9999.9	3	86	-9999.9	54	-9999.9	3	23.7	4.1	86	3	1012.4	-9999.9	1.9	2
2025 08 12 18	0.27	0.24	3.0	3.2	5.0	0.49	-9999.9	3	139	-9999.9	51	-9999.9	3	23.9	11.1	267	3	1012.2	-9999.9	3.0	26
2025 08 12 19	0.27	0.25	3.1	3.3	5.7	0.45	-9999.9	3	81	-9999.9	51	-9999.9	3	23.2	3.5	173	3	1012.6	-9999.9	2.1	22
2025 08 12 20	0.32	0.29	3.2	3.3	4.7	0.64	-9999.9	3	118	-9999.9	53	-9999.9	3	23.5	3.9	0	3	1013.0	-9999.9	3.1	40
2025 08 12 21	0.28	0.27	3.5	3.4	3.5	0.41	-9999.9	3	87	-9999.9	53	-9999.9	3	22.9	22.3	338	3	1013.4	-9999.9	2.5	26
2025 08 12 22	0.29	0.27	3.6	3.6	5.6	0.48	-9999.9	3	81	-9999.9	52	-9999.9	3	22.3	12.0	312	3	1013.5	-9999.9	2.3	10
2025 08 12 23	0.29	0.28	3.6	3.7	4.7	0.47	-9999.9	3	99	-9999.9	50	-9999.9	3	22.0	8.9	132	3	1013.5	-9999.9	3.2	6
2025 08 13 00	0.31	0.3	3.5	3.6	4.8	0.47	-9999.9	3	134	-9999.9	53	-9999.9	3	23.3	21.3	168	3	1013.1	-9999.9	3.8	45
2025 08 13 01	0.29	0.28	3.5	3.5	5.1	0.58	-9999.9	3	97	-9999.9	55	-9999.9	3	23.4	11.4	255	3	1012.9	-9999.9	4.4	14
2025 08 13 02	0.3	0.29	3.6	3.7	4.8	0.54	-9999.9	3	83	-9999.9	56	-9999.9	3	22.9	6.3	231	3	1012.9	-9999.9	6.3	42
2025 08 13 03	0.31	0.3	3.5	3.4	4.6	0.51	-9999.9	3	116	-9999.9	47	-9999.9	3	23.3	25.0	204	3	1012.9	-9999.9	7.5	58
2025 08 13 04	0.43	0.41	3.0	3.0	4.1	0.68	-9999.9	3	102	-9999.9	48	-9999.9	3	22.8	18.4	181	3	1013.2	-9999.9	6.2	45
2025 08 13 05	0.46	0.44	3.3	3.2	4.5	0.64	-9999.9	3	98	-9999.9	41	-9999.9	3	22.9	4.1	131	3	1013.5	-9999.9	5.2	46
2025 08 13 06	0.44	0.42	3.2	3.2	3.6	0.79	-9999.9	3	102	-9999.9	44	-9999.9	3	22.3	7.4	32	3	1013.9	-9999.9	4.9	57
2025 08 13 07	0.49	0.46	3.2	3.2	3.2	0.76	-9999.9	3	100	-9999.9	45	-9999.9	3	22.5	3.6	357	3	1014.4	-9999.9	6.0	45
2025 08 13 08	0.46	0.43	3.1	3.1	2.9	0.78	-9999.9	3	90	-9999.9	48	-9999.9	3	22.8	6.2	220	3	1014.9	-9999.9	6.8	47
2025 08 13 09	0.49	0.46	3.3	3.2	8.3	0.72	-9999.9	3	99	-9999.9	46	-9999.9	3	22.9	16.0	220	3	1015.1	-9999.9	6.1	40
2025 08 13 10	0.59	0.55	3.2	3.3	3.6	0.91	-9999.9	3	103	-9999.9	47	-9999.9	3	23.1	9.0	209	3	1015.3	-9999.9	6.5	44
2025 08 13 11	0.46	0.44	3.0	3.0	3.4	0.85	-9999.9	3	91	-9999.9	53	-9999.9	3	23.1	5.3	352	3	1015.2	-9999.9	5.4	57
2025 08 13 12	0.41	0.39	3.4	3.4	4.0	0.71	-9999.9	3	84	-9999.9	61	-9999.9	3	24.9	21.1	223	3	1014.8	-9999.9	5.2	63
2025 08 13 13	0.44	0.41	3.6	3.6	4.5	0.75	-9999.9	3	105	-9999.9	48	-9999.9	3	23.6	5.9	238	3	1014.5	-9999.9	3.7	63
2025 08 13 14	0.42	0.4	3.8	3.7	4.5	0.64	-9999.9	3	103	-9999.9	47	-9999.9	3	23.9	5.0	245	3	1014.0	-9999.9	2.5	38
2025 08 13 15	0.44	0.42	4.0	4.0	5.7	0.88	-9999.9	3	113	-9999.9	43	-9999.9	3	24.0	2.1	169	3	1013.5	-9999.9	2.7	73
2025 08 13 16	0.46	0.44	4.1	4.1	5.7	0.78	-9999.9	3	87	-9999.9	41	-9999.9	3	24.2	6.3	80	3	1013.3	-9999.9	2.4	40
2025 08 13 18	0.5	0.48	4.5	4.4	5.5	0.84	-9999.9	3	100	-9999.9	46	-9999.9	3	23.9	7.9	171	3	1013.2	-9999.9	2.8	39
2025 08 13 19	0.49	0.48	4.7	4.5	5.7	0.84	-9999.9	3	104	-9999.9	39	-9999.9	3	24.1	13.8	175	3	1013.7	-9999.9	3.8	45
2025 08 13 20	0.51	0.48	4.2	4.3	5.8	0.77	-9999.9	3	110	-9999.9	44	-9999.9	3	24.3	29.1	180	3	1014.3	-9999.9	3.6	31
2025 08 13 21	0.54	0.52	4.2	4.3	5.8	0.9	-9999.9	3	109	-9999.9	41	-9999.9	3	24.2	16.1	168	3	1014.9	-9999.9	3.9	39
2025 08 13 22	0.46	0.44	4.4	4.5	5.3	0.76	-9999.9	3	103	-9999.9	43	-9999.9	3	24.0	10.6	316	3	1015.0	-9999.9	3.4	28
2025 08 13 23	0.5	0.49	4.5	4.2	5.5	0.74	-9999.9	3	98	-9999.9	41	-9999.9	3	23.5	4.8	11	3	1015.0	-9999.9	3.9	340
2025 08 14 00	0.53	0.51	4.3	4.3	5.4	0.85	-9999.9	3	100	-9999.9	39	-9999.9	3	23.2	8.9	216	3	1014.8	-9999.9	3.8	30
2025 08 14 01	0.42	0.4	4.0	3.9	5.2	0.75	-9999.9	3	121	-9999.9	54	-9999.9	3	23.3	21.4	223	3	1014.5	-9999.9	4.3	25
2025 08 14 02	0.4	0.38	3.7	3.5	5.3	0.58	-9999.9	3	102	-9999.9	47	-9999.9	3	23.1	10.4	228	3	1014.3	-9999.9	4.9	33
2025 08 14 03	0.41	0.39	4.3	4.2	5.3	0.66	-9999.9	3	102	-9999.9	43	-9999.9	3	23.1	5.4	257	3	1014.4	-9999.9	4.9	69
2025 08 14 04	0.48	0.46	4.1	4.1	5.3	0.84	-9999.9	3	121	-9999.9	44	-9999.9	3	23.0	5.0	167	3	1014.3	-9999.9	4.4	58
2025 08 14 05	0.43	0.41	4.2	4.0	5.1	0.75	-9999.9	3	120	-9999.9	42	-9999.9	3	23.5	16.5	171	3	1014.6	-9999.9	3.9	44
2025 08 14 06	0.44	0.42	3.7	3.6	4.9	0.73	-9999.9	3	108	-9999.9	46	-9999.9	3	23.5	8.2	204	3	1014.9	-9999.9	4.4	58
2025 08 14 07	0.43	0.4	3.7	3.7	5.2	0.72	-9999.9	3	123	-9999.9	48	-9999.9	3	23.5	10.1	263	3	1015.1	-9999.9	4.7	51
2025 08 14 08	0.38	0.35	3.8	3.7	5.4	0.52	-9999.9	3	119	-9999.9	54	-9999.9	3	23.4	11.6	266	3	1015.5	-9999.9	3.8	53
2025 08 14 09	0.41	0.39	3.8	3.8	5.2	0.59	-9999.9	3	131	-9999.9	54	-9999.9	3	23.2	9.9	217	3	1015.9	-9999.9	3.7	38
2025 08 14 10	0.4	0.39	3.6	3.6	4.8	0.75	-9999.9	3	113	-9999.9	48	-9999.9	3	23.4	18.8	193	3	1016.0	-9999.9	4.2	54
2025 08 14 11	0.45	0.41	4.1	4.0	8.8	0.62	-9999.9	3	104	-9999.9	42	-9999.9	3	23.5	3.1	40	3	1016.0	-9999.9	3.6	48
2025 08 14 12	0.45	0.42	3.8	3.7	4.8	0.7	-9999.9	3	101	-9999.9	50	-9999.9	3	23.2	2.8	17	3	1015.7	-9999.9	2.8	55
2025 08 14 13	0.37	0.35	3.6	3.6	4.6	0.6	-9999.9	3	96	-9999.9	57	-9999.9	3	23.4	9.2	220	3	1015.4	-9999.9	2.3	44
2025 08 14 14	0.38	0.37	4.1	3.9	5.3	0.68	-9999.9	3	98	-9999.9	52	-9999.9	3	23.8	11.6	247	3	1015.2	-9999.9	2.7	39
2025 08 14 15	0.36	0.35	3.8	3.7	5.1	0.58	-9999.9	3	100	-9999.9	48	-9999.9	3	22.9	2.0	143	3	1015.0	-9999.9	2.5	35
2025 08 14 16	0.43	0.41	4.1	4.0	5.2	0.61	-9999.9	3	93	-9999.9	45	-9999.9	3	23.2	1.8	96	3	1015.0	-9999.9	2.3	42
2025 08 14 17	0.42	0.4	4.0	3.9	5.1	0.63	-9999.9	3	96	-9999.9	42	-9999.9	3	23.4	11.1	151	3	1015.0	-9999.9	2.9	46
2025 08 14 18	0.37	0.34	4.1	4.1	5.1	0.49	-9999.9	3	97	-9999.9	50	-9999.9	3	23.8	9.4	159	3	1015.1	-9999.9	2.8	42
2025 08 14 19	0.39	0.38	4.1	4.1	5.4	0.69	-9999.9	3	127	-9999.9	50	-9999.9	3	23.8	9.5	239	3	1015.3	-9999.9	3.8	41
2025 08 14 20	0.41	0.39	4.2	4.1	5.5	0.68	-9999.9	3	122	-9999.9	48	-9999.9	3	23.5	13.4	200	3	1016.1	-9999.9	3.9	47
2025 08 14 21	0.36	0.34	3.8	3.8	5.1	0.69	-9999.9	3	117	-9999.9	53	-9999.9	3	24.2	30.8	194	3	1016.5	-9999.9	4.4	32
2025 08 14 22	0.44	0.42	4.4	4.2	6.2	0.67	-9999.9	3	149	-9999.9	52	-9999.9	3	23.7	31.2	158	3	1017.0	-9999.9	4.9	43
2025 08 14 23	0.41	0.39	3.9	3.8	4.6	0.63	-9999.9	3	102	-9999.9	40	-9999.9	3	23.2	6.3	95	3	1017.2	-9999.9	4.6	86
2025 08 15 00	0.3	0.28	3.5	3.5	5.0	0.45	-9999.9	3	108	-9999.9	54	-9999.9	3	23.1	13.4	48	3	1017.3	-9999.9	3.6	86
2025 08 15 01	0.38	0.36	3.7	3.8	4.5	0.64	-9999.9	3	108	-9999.9	49	-9999.9	3	23.6	7.2	218	3	1017.0	-9999.9	3.3	64
2025 08 15 02	0.32	0.31	4.1	4.0	5.1	0.62	-9999.9	3	101	-9999.9	57	-9999.9	3	23.4	23.5	228	3	1016.8	-9999.9	4.4	59
2025 08 15 03	0.31	0.3	4.2	4.0	5.2	0.58	-9999.9	3	91	-9999.9	42	-9999.9	3	22.5	2.8	178	3	1016.6	-9999.9	3.5	11
2025 08 15 04	0.37	0.36	4.4	4.4	5.3	0.62	-9999.9	3	103	-9999.9	44	-9999.9	3	21.8	6.1	153	3	1016.7	-9999.9	3.4	35
2025 08 15 05	0.44	0.43	4.3	4.3	5.1	0.76	-9999.9	3	107	-9999.9	47	-9999.9	3	22.8	4.8	132	3	1017.0	-9999.9	3.5	49
2025 08 15 06	0.49	0.48	4.4	4.3	5.1	0.77	-9999.9	3	111	-9999.9	42	-9999.9	3	23.2	21.7	168	3	1017.3	-9999.9	3.2	63
2025 08 15 07	0.47	0.46	4.0	4.0	5.0	0.68	-9999.9	3	119	-9999.9	44	-9999.9	3	23.1	4.7	17	3	1018.0	-9999.9	3.7	75
2025 08 15 08	0.57	0.54	4.1	4.1	5.3	0.92	-9999.9	3	117	-9999.9	41	-9999.9	3	23.0	9.0	117	3	1018.3	-9999.9	3.6	54
2025 08 15 09	0.54	0.51	4.2	4.3	5.5	1.11	-9999.9	3	113	-9999.9	46	-9999.9	3	23.3	9.3	229	3	1018.7	-9999.9	3.7	59
2025 08 15 10	0.62	0.59	4.3	4.3	5.4	0.91	-9999.9	3	110	-9999.9	42	-9999.9	3	23.1	12.3	197	3	1019.3	-9999.9	3.2	47
2025 08 15 11	0.63	0.62	4.0	3.9	5.3	1.07	-9999.9	3	121	-9999.9	44	-9999.9	3	23.9	7.8	162	3	1019.2	-9999.9	3.3	73
2025 08 15 12	0.47	0.45	4.0	4.0	5.2	0.73	-9999.9	3	91	-9999.9	44	-9999.9	3	23.8	10.3	3	3	1019.0	-9999.9	2.8	56
2025 08 15 13	0.43	0.41	3.9	3.9	5.4	0.67	-9999.9	3	99	-9999.9	47	-9999.9	3	23.4	7.5	240	3	1018.8	-9999.9	2.4	63
2025 08 15 14	0.41	0.4	3.9	3.8	5.5	0.97	-9999.9	3	103	-9999.9	54	-9999.9	3	23.7	14.7	223	3	1018.3	-9999.9	2.0	50
2025 08 15 15	0.36	0.34	4.1	4.0	5.5	0.56	-9999.9	3	96	-9999.9	50	-9999.9	3	23.6	11.9	268	3	1018.1	-9999.9	2.6	68
2025 08 15 16	0.37	0.36	4.1	4.1	5.4	0.59	-9999.9	3	90	-9999.9	43	-9999.9	3	23.1	4.7	227	3	1018.0	-9999.9	2.6	63
2025 08 15 17	0.4	0.39	4.3	4.1	5.6	0.64	-9999.9	3	99	-9999.9	44	-9999.9	3	23.5	22.6	175	3	1017.7	-9999.9	3.0	27
2025 08 15 18	0.35	0.34	4.5	4.3	5.5	0.51	-9999.9	3	115	-9999.9	41	-9999.9	3	23.3	32.9	173	3	1017.6	-9999.9	3.0	32
2025 08 15 19	0.47	0.45	4.1	4.1	4.2	0.83	-9999.9	3	96	-9999.9	44	-9999.9	3	23.3	7.2	179	3	1017.8	-9999.9	3.3	36
2025 08 15 20	0.38	0.36	3.9	3.8	5.0	0.62	-9999.9	3	107	-9999.9	49	-9999.9	3	22.2	9.0	177	3	1018.3	-9999.9	4.2	42
2025 08 15 21	0.34	0.32	3.6	3.5	5.0	0.54	-9999.9	3	113	-9999.9	47	-9999.9	3	23.2	6.8	65	3	1019.1	-9999.9	3.6	101
2025 08 15 22	0.4	0.38	3.7	3.7	4.6	0.67	-9999.9	3	130	-9999.9	54	-9999.9	3	22.9	14.6	203	3	1019.5	-9999.9	3.3	43
2025 08 15 23	0.39	0.37	3.8	4.0	4.8	0.72	-9999.9	3	118	-9999.9	44	-9999.9	3	23.3	18.4	184	3	1019.6	-9999.9	3.7	42
2025 08 16 00	0.31	0.3	3.9	3.8	5.0	0.5	-9999.9	3	106	-9999.9	49	-9999.9	3	22.0	29.7	27	3	1019.6	-9999.9	3.5	61
2025 08 16 01	0.31	0.3	3.7	3.7	5.0	0.48	-9999.9	3	93	-9999.9	43	-9999.9	3	22.9	12.2	47	3	1019.1	-9999.9	3.0	63
2025 08 16 02	0.28	0.27	3.6	3.5	4.7	0.42	-9999.9	3	110	-9999.9	51	-9999.9	3	22.8	2.6	274	3	1018.6	-9999.9	2.3	34
2025 08 16 03	0.26	0.25	3.5	3.5	4.5	0.41	-9999.9	3	121	-9999.9	50	-9999.9	3	22.6	5.3	229	3	1018.3	-9999.9	1.7	38
2025 08 16 04	0.22	0.21	3.7	3.7	5.2	0.36	-9999.9	3	95	-9999.9	47	-9999.9	3	21.6	7.0	117	3	1018.3	-9999.9	1.8	75
2025 08 16 05	0.27	0.26	3.8	3.7	5.3	0.48	-9999.9	3	89	-9999.9	48	-9999.9	3	21.1	2.2	246	3	1018.2	-9999.9	2.8	72
2025 08 16 06	0.32	0.31	3.8	3.7	5.4	0.55	-9999.9	3	100	-9999.9	54	-9999.9	3	21.8	9.1	172	3	1018.4	-9999.9	3.1	10
2025 08 16 07	0.29	0.28	4.0	3.9	5.6	0.55	-9999.9	3	114	-9999.9	48	-9999.9	3	22.4	2.8	252	3	1018.7	-9999.9	3.1	14
2025 08 16 08	0.37	0.34	4.0	4.1	6.2	0.67	-9999.9	3	108	-9999.9	44	-9999.9	3	23.1	9.4	152	3	1018.9	-9999.9	3.3	7
2025 08 16 09	0.31	0.29	3.6	3.6	4.7	0.51	-9999.9	3	102	-9999.9	55	-9999.9	3	23.3	10.9	247	3	1019.4	-9999.9	3.7	31
2025 08 16 10	0.32	0.3	3.5	3.5	5.5	0.52	-9999.9	3	112	-9999.9	51	-9999.9	3	23.2	7.1	200	3	1019.5	-9999.9	3.7	56
2025 08 16 11	0.34	0.32	3.6	3.5	4.6	0.54	-9999.9	3	118	-9999.9	52	-9999.9	3	23.5	8.2	156	3	1019.3	-9999.9	3.5	30
2025 08 16 12	0.37	0.34	4.1	4.1	5.6	0.76	-9999.9	3	92	-9999.9	49	-9999.9	3	23.6	9.8	40	3	1019.1	-9999.9	2.6	90
2025 08 16 13	0.31	0.29	3.9	4.0	6.5	0.67	-9999.9	3	128	-9999.9	54	-9999.9	3	24.0	3.4	294	3	1018.4	-9999.9	2.5	76
2025 08 16 14	0.3	0.28	3.4	3.4	4.2	0.51	-9999.9	3	128	-9999.9	57	-9999.9	3	23.9	5.0	257	3	1017.8	-9999.9	2.1	86
2025 08 16 15	0.31	0.29	3.9	3.9	5.8	0.48	-9999.9	3	132	-9999.9	55	-9999.9	3	24.8	17.8	240	3	1017.4	-9999.9	1.2	77
2025 08 16 16	0.29	0.27	3.7	3.7	7.3	0.49	-9999.9	3	84	-9999.9	49	-9999.9	3	23.8	3.8	207	3	1017.1	-9999.9	0.8	11
2025 08 16 17	0.24	0.23	3.4	3.3	4.4	0.42	-9999.9	3	121	-9999.9	61	-9999.9	3	23.8	5.9	259	3	1016.7	-9999.9	1.2	9
2025 08 16 18	0.32	0.3	4.2	4.3	8.3	0.54	-9999.9	3	97	-9999.9	42	-9999.9	3	23.7	6.5	241	3	1016.5	-9999.9	1.8	24
2025 08 16 19	0.33	0.32	4.0	4.0	4.7	0.55	-9999.9	3	93	-9999.9	48	-9999.9	3	24.0	7.6	156	3	1016.4	-9999.9	3.0	27
2025 08 16 20	0.29	0.27	3.8	3.8	4.5	0.48	-9999.9	3	111	-9999.9	43	-9999.9	3	24.0	8.7	30	3	1016.5	-9999.9	3.6	11
2025 08 16 21	0.27	0.25	3.6	3.5	3.8	0.45	-9999.9	3	104	-9999.9	48	-9999.9	3	24.0	22.5	24	3	1016.7	-9999.9	4.0	5
2025 08 16 22	0.31	0.29	3.5	3.6	7.0	0.57	-9999.9	3	79	-9999.9	47	-9999.9	3	22.1	6.6	34	3	1016.7	-9999.9	3.8	358
2025 08 16 23	0.26	0.24	3.5	3.7	6.4	0.53	-9999.9	3	108	-9999.9	47	-9999.9	3	22.1	6.6	34	3	1016.7	-9999.9	3.8	358
2025 08 17 00	0.28	0.27	3.6	3.6	5.0	0.45	-9999.9	3	148	-9999.9	48	-9999.9	3	23.6	2.9	282	3	1016.7	-9999.9	3.4	343
2025 08 17 01	0.26	0.24	3.7	3.9	6.4	0.5	-9999.9	3	80	-9999.9	47	-9999.9	3	21.3	7.1	222	3	1016.5	-9999.9	4.3	358
2025 08 17 02	0.29	0.27	3.8	3.9	5.9	0.48	-9999.9	3	69	-9999.9	46	-9999.9	3	23.9	6.8	16	3	1015.9	-9999.9	3.9	350
2025 08 17 03	0.33	0.32	3.5	3.5	5.4	0.6	-9999.9	3	61	-9999.9	44	-9999.9	3	23.6	7.8	298	3	1015.5	-9999.9	3.7	14
2025 08 17 04	0.18	0.17	3.2	3.1	3.0	0.31	-9999.9	3	147	-9999.9	63	-9999.9	3	23.6	1.3	151	3	1015.2	-9999.9	3.9	17
2025 08 17 05	0.17	0.16	3.0	3.0	3.6	0.29	-9999.9	3	126	-9999.9	63	-9999.9	3	24.0	21.3	186	3	1015.3	-9999.9	3.7	16
2025 08 17 06	0.21	0.2	3.5	3.5	5.0	0.35	-9999.9	3	74	-9999.9	53	-9999.9	3	23.5	2.0	162	3	1015.3	-9999.9	3.5	41
2025 08 17 07	0.34	0.32	4.1	4.2	9.1	0.55	-9999.9	3	111	-9999.9	41	-9999.9	3	23.7	4.7	100	3	1015.3	-9999.9	2.7	72
2025 08 17 08	0.27	0.25	3.6	3.5	6.3	0.39	-9999.9	3	139	-9999.9	55	-9999.9	3	23.7	1.2	270	3	1015.7	-9999.9	3.7	20
2025 08 17 09	0.26	0.24	3.7	3.6	7.2	0.37	-9999.9	3	87	-9999.9	66	-9999.9	3	23.8	2.2	238	3	1015.9	-9999.9	3.5	54
2025 08 17 10	0.33	0.31	4.0	4.2	6.9	0.74	-9999.9	3	97	-9999.9	49	-9999.9	3	23.9	2.6	291	3	1016.3	-9999.9	2.7	58
2025 08 17 11	0.25	0.24	2.9	3.0	3.0	0.45	-9999.9	3	158	-9999.9	64	-9999.9	3	24.7	5.6	168	3	1016.2	-9999.9	2.5	90
2025 08 17 12	0.33	0.3	3.5	3.6	8.6	0.69	-9999.9	3	90	-9999.9	51	-9999.9	3	24.8	6.5	77	3	1016.0	-9999.9	1.8	93
2025 08 17 13	0.29	0.27	3.6	3.7	8.0	0.6	-9999.9	3	79	-9999.9	46	-9999.9	3	23.8	15.3	4	3	1015.4	-9999.9	1.7	74
2025 08 17 15	0.31	0.29	3.3	3.3	4.1	0.53	-9999.9	3	111	-9999.9	54	-9999.9	3	23.6	9.2	181	3	1014.3	-9999.9	2.0	55
2025 08 17 16	0.28	0.25	3.7	3.7	8.6	0.45	-9999.9	3	152	-9999.9	56	-9999.9	3	23.9	18.4	224	3	1013.7	-9999.9	1.9	95
2025 08 17 20	0.29	0.28	4.0	3.9	5.6	0.44	-9999.9	3	119	-9999.9	53	-9999.9	3	23.8	15.9	168	3	1014.4	-9999.9	5.0	33
2025 08 17 21	0.19	0.17	3.1	3.1	4.2	0.3	-9999.9	3	117	-9999.9	60	-9999.9	3	23.4	22.6	73	3	1014.6	-9999.9	5.4	4
2025 08 17 22	0.38	0.36	3.8	3.8	6.4	0.77	-9999.9	3	74	-9999.9	44	-9999.9	3	23.6	11.4	31	3	1014.3	-9999.9	3.9	1
2025 08 17 23	0.24	0.23	3.5	3.7	8.1	0.37	-9999.9	3	121	-9999.9	51	-9999.9	3	23.5	16.0	334	3	1013.8	-9999.9	4.2	29
2025 08 18 00	0.2	0.18	3.2	3.3	5.4	0.34	-9999.9	3	127	-9999.9	56	-9999.9	3	23.2	2.8	285	3	1013.2	-9999.9	5.1	6
2025 08 18 01	0.24	0.22	3.6	3.9	8.8	0.42	-9999.9	3	105	-9999.9	53	-9999.9	3	23.4	5.3	275	3	1012.4	-9999.9	5.9	4
2025 08 18 02	0.19	0.18	3.2	3.3	4.5	0.3	-9999.9	3	140	-9999.9	62	-9999.9	3	23.3	0.4	270	3	1011.9	-9999.9	6.1	10
2025 08 18 03	0.2	0.19	3.5	3.4	5.4	0.33	-9999.9	3	138	-9999.9	63	-9999.9	3	23.1	19.6	320	3	1012.0	-9999.9	2.9	339
2025 08 18 04	0.18	0.17	3.4	3.3	4.0	0.27	-9999.9	3	108	-9999.9	61	-9999.9	3	23.0	3.0	278	3	1011.4	-9999.9	3.2	3
2025 08 18 05	0.2	0.19	3.2	3.2	4.7	0.32	-9999.9	3	169	-9999.9	56	-9999.9	3	23.0	9.4	168	3	1011.4	-9999.9	4.3	23
2025 08 18 06	0.15	0.14	3.6	3.7	6.2	0.26	-9999.9	3	90	-9999.9	64	-9999.9	3	23.6	8.8	188	3	1012.0	-9999.9	4.5	43
2025 08 18 07	0.25	0.22	3.9	4.7	9.1	0.47	-9999.9	3	117	-9999.9	40	-9999.9	3	23.3	4.1	160	3	1012.6	-9999.9	3.1	37
2025 08 18 08	0.23	0.22	3.9	3.9	6.2	0.39	-9999.9	3	152	-9999.9	53	-9999.9	3	23.1	12.2	328	3	1013.0	-9999.9	1.2	360
2025 08 18 09	0.26	0.25	3.8	3.7	5.7	0.41	-9999.9	3	156	-9999.9	55	-9999.9	3	23.2	1.4	8	3	1013.6	-9999.9	2.1	220
2025 08 18 10	0.34	0.32	4.2	4.0	7.4	0.62	-9999.9	3	88	-9999.9	56	-9999.9	3	24.0	4.7	302	3	1013.8	-9999.9	1.9	194
2025 08 18 11	0.32	0.3	4.2	4.2	5.8	0.57	-9999.9	3	165	-9999.9	55	-9999.9	3	23.2	0.6	225	3	1013.7	-9999.9	1.2	158
2025 08 18 12	0.26	0.25	3.1	3.0	3.0	0.42	-9999.9	3	181	-9999.9	64	-9999.9	3	24.5	0.6	351	3	1013.3	-9999.9	1.6	175
2025 08 18 13	0.34	0.31	3.2	3.3	5.8	0.51	-9999.9	3	106	-9999.9	56	-9999.9	3	23.6	4.4	261	3	1012.5	-9999.9	4.8	199
2025 08 18 14	0.25	0.24	2.8	2.8	3.4	0.39	-9999.9	3	154	-9999.9	68	-9999.9	3	23.4	15.5	13	3	1011.7	-9999.9	8.7	236
2025 08 18 15	0.29	0.25	3.3	3.4	9.5	0.54	-9999.9	3	114	-9999.9	54	-9999.9	3	22.8	19.7	81	3	1011.1	-9999.9	7.9	215
2025 08 18 17	0.34	0.33	2.6	2.6	2.4	0.52	-9999.9	3	190	-9999.9	53	-9999.9	3	22.7	10.5	135	3	1010.3	-9999.9	10.4	223
2025 08 18 19	0.37	0.36	2.7	2.7	2.6	0.62	-9999.9	3	201	-9999.9	54	-9999.9	3	23.0	13.9	208	3	1011.2	-9999.9	8.5	218
2025 08 18 20	0.4	0.39	2.7	2.8	2.7	0.66	-9999.9	3	212	-9999.9	49	-9999.9	3	23.1	14.0	184	3	1011.7	-9999.9	8.3	226
2025 08 18 21	0.47	0.43	3.1	3.1	3.0	0.69	-9999.9	3	199	-9999.9	50	-9999.9	3	23.2	15.7	162	3	1012.1	-9999.9	8.7	218
2025 08 18 22	0.52	0.49	2.9	2.9	2.7	0.87	-9999.9	3	216	-9999.9	51	-9999.9	3	22.7	18.5	170	3	1012.5	-9999.9	8.5	214
2025 08 18 23	0.41	0.39	2.8	2.8	2.7	0.86	-9999.9	3	223	-9999.9	51	-9999.9	3	22.3	6.4	120	3	1012.3	-9999.9	8.2	228
2025 08 19 00	0.45	0.42	2.8	2.8	2.6	0.69	-9999.9	3	220	-9999.9	54	-9999.9	3	22.4	4.7	103	3	1012.4	-9999.9	8.1	246
2025 08 19 01	0.44	0.41	2.8	2.8	2.6	0.66	-9999.9	3	222	-9999.9	46	-9999.9	3	22.6	8.9	57	3	1012.1	-9999.9	7.7	243
2025 08 19 02	0.46	0.44	2.9	2.9	2.7	0.77	-9999.9	3	225	-9999.9	46	-9999.9	3	22.3	10.3	62	3	1012.1	-9999.9	9.9	223
2025 08 19 03	0.48	0.45	2.9	2.9	2.8	0.75	-9999.9	3	222	-9999.9	46	-9999.9	3	22.3	4.0	266	3	1012.0	-9999.9	9.6	233
2025 08 19 04	0.54	0.51	2.8	2.8	2.8	0.93	-9999.9	3	216	-9999.9	40	-9999.9	3	21.3	1.9	118	3	1012.1	-9999.9	9.2	240
2025 08 19 05	0.34	0.32	2.9	2.9	3.0	0.58	-9999.9	3	228	-9999.9	67	-9999.9	3	21.8	14.6	24	3	1012.9	-9999.9	9.2	252
2025 08 19 06	0.45	0.43	2.8	2.8	2.7	0.77	-9999.9	3	211	-9999.9	53	-9999.9	3	20.8	11.1	82	3	1013.4	-9999.9	9.6	239
2025 08 19 07	0.44	0.41	2.8	2.9	2.7	0.74	-9999.9	3	200	-9999.9	54	-9999.9	3	20.8	31.5	87	3	1013.6	-9999.9	9.8	240
2025 08 19 08	0.56	0.5	3.0	3.2	2.9	0.79	-9999.9	3	186	-9999.9	48	-9999.9	3	21.4	9.8	102	3	1014.2	-9999.9	8.8	234
2025 08 19 09	0.46	0.42	2.7	2.8	2.6	0.67	-9999.9	3	219	-9999.9	54	-9999.9	3	21.2	13.9	135	3	1014.5	-9999.9	8.4	241
2025 08 19 10	0.47	0.43	2.9	3.0	2.7	0.9	-9999.9	3	215	-9999.9	64	-9999.9	3	19.7	24.3	82	3	1014.5	-9999.9	10.6	239
2025 08 19 11	0.48	0.45	3.0	3.0	3.1	0.72	-9999.9	3	207	-9999.9	58	-9999.9	3	18.8	16.7	84	3	1014.0	-9999.9	10.5	249
2025 08 19 12	0.55	0.53	3.2	3.2	3.1	0.95	-9999.9	3	199	-9999.9	48	-9999.9	3	21.4	10.8	183	3	1014.1	-9999.9	9.6	238
2025 08 19 13	0.61	0.58	3.4	3.4	3.3	0.95	-9999.9	3	207	-9999.9	47	-9999.9	3	22.2	14.7	202	3	1013.4	-9999.9	11.2	235
2025 08 19 14	0.73	0.7	3.2	3.2	3.2	1.14	-9999.9	3	212	-9999.9	46	-9999.9	3	21.9	21.4	190	3	1012.8	-9999.9	11.5	226
2025 08 19 15	0.75	0.73	2.9	2.9	2.9	1.1	-9999.9	3	245	-9999.9	42	-9999.9	3	21.6	15.1	199	3	1012.1	-9999.9	11.6	255
2025 08 19 16	0.52	0.49	2.7	2.7	2.5	0.76	-9999.9	3	220	-9999.9	49	-9999.9	3	21.6	6.5	274	3	1012.4	-9999.9	9.8	243
2025 08 19 17	0.46	0.43	2.9	2.9	3.1	0.71	-9999.9	3	211	-9999.9	50	-9999.9	3	21.6	4.1	211	3	1012.5	-9999.9	9.0	254
2025 08 19 18	0.49	0.46	2.9	3.0	3.0	0.81	-9999.9	3	198	-9999.9	43	-9999.9	3	21.5	4.3	204	3	1012.1	-9999.9	9.9	224
2025 08 19 19	0.59	0.56	3.0	3.0	3.1	0.83	-9999.9	3	200	-9999.9	42	-9999.9	3	22.1	9.8	223	3	1012.6	-9999.9	9.2	238
2025 08 19 20	0.6	0.57	3.0	3.0	3.1	0.92	-9999.9	3	194	-9999.9	40	-9999.9	3	22.8	9.1	210	3	1013.1	-9999.9	10.8	235
2025 08 19 21	0.59	0.56	3.0	2.9	2.7	0.9	-9999.9	3	202	-9999.9	43	-9999.9	3	21.8	4.7	148	3	1013.6	-9999.9	11.3	241
2025 08 19 22	0.58	0.55	2.9	2.9	2.9	0.94	-9999.9	3	215	-9999.9	47	-9999.9	3	21.7	5.4	180	3	1013.9	-9999.9	9.8	232
2025 08 19 23	0.53	0.5	2.8	2.8	2.8	0.92	-9999.9	3	202	-9999.9	50	-9999.9	3	21.6	9.9	137	3	1013.8	-9999.9	9.4	253
2025 08 20 00	0.57	0.54	2.8	2.8	2.7	0.93	-9999.9	3	218	-9999.9	46	-9999.9	3	21.2	3.5	136	3	1013.1	-9999.9	12.0	259
2025 08 20 01	0.51	0.48	2.9	2.8	2.7	0.94	-9999.9	3	211	-9999.9	50	-9999.9	3	20.8	1.4	90	3	1013.7	-9999.9	8.3	257
2025 08 20 02	0.45	0.42	2.7	2.8	2.5	0.71	-9999.9	3	208	-9999.9	53	-9999.9	3	20.2	2.4	120	3	1013.1	-9999.9	11.3	247
2025 08 20 03	0.64	0.59	3.1	3.1	3.1	1.2	-9999.9	3	215	-9999.9	42	-9999.9	3	19.9	4.9	296	3	1012.5	-9999.9	11.9	247
2025 08 20 04	0.65	0.62	3.1	3.1	3.4	1.05	-9999.9	3	218	-9999.9	45	-9999.9	3	20.1	8.0	217	3	1012.4	-9999.9	11.1	240
2025 08 20 05	0.78	0.75	3.3	3.3	3.5	1.5	-9999.9	3	208	-9999.9	42	-9999.9	3	20.8	3.0	166	3	1012.6	-9999.9	10.0	260
2025 08 20 06	0.51	0.49	2.8	2.8	2.7	0.86	-9999.9	3	205	-9999.9	55	-9999.9	3	20.5	7.7	80	3	1013.0	-9999.9	11.7	259
2025 08 20 07	0.5	0.47	3.0	3.0	2.9	0.77	-9999.9	3	214	-9999.9	61	-9999.9	3	18.7	16.9	58	3	1013.7	-9999.9	10.6	243
2025 08 20 08	0.52	0.48	3.4	3.4	3.2	0.89	-9999.9	3	194	-9999.9	63	-9999.9	3	18.5	17.7	58	3	1014.2	-9999.9	9.7	244
2025 08 20 09	0.51	0.48	3.2	3.2	3.3	0.79	-9999.9	3	203	-9999.9	59	-9999.9	3	18.3	13.8	90	3	1014.1	-9999.9	10.2	257
2025 08 20 10	0.46	0.43	3.3	3.3	3.3	0.68	-9999.9	3	197	-9999.9	60	-9999.9	3	18.2	14.7	88	3	1014.5	-9999.9	11.4	264
2025 08 20 11	0.29	0.29	3.8	3.6	6.9	0.45	-9999.9	3	136	-9999.9	60	-9999.9	3	17.5	21.0	78	3	1014.2	-9999.9	13.9	253
2025 08 20 12	0.14	0.13	3.1	3.2	6.3	0.23	-9999.9	3	145	-9999.9	65	-9999.9	3	17.6	20.3	82	3	1014.2	-9999.9	12.6	244
2025 08 20 13	0.31	0.32	3.4	3.2	3.2	0.54	-9999.9	3	185	-9999.9	66	-9999.9	3	16.8	32.3	78	3	1013.3	-9999.9	12.5	237
2025 08 20 14	0.48	0.44	2.9	2.9	2.7	0.82	-9999.9	3	189	-9999.9	49	-9999.9	3	17.8	12.4	154	3	1012.7	-9999.9	12.0	232
2025 08 20 15	0.55	0.51	2.8	2.9	2.7	0.83	-9999.9	3	209	-9999.9	50	-9999.9	3	17.5	16.2	210	3	1012.4	-9999.9	11.3	243
2025 08 20 16	0.37	0.34	2.8	2.8	2.5	0.6	-9999.9	3	223	-9999.9	63	-9999.9	3	17.8	20.9	353	3	1012.6	-9999.9	11.6	260
2025 08 20 17	0.25	0.23	2.8	2.8	4.1	0.37	-9999.9	3	168	-9999.9	70	-9999.9	3	17.6	26.6	34	3	1012.4	-9999.9	11.0	259
2025 08 20 18	0.46	0.42	2.6	2.6	2.4	0.7	-9999.9	3	212	-9999.9	60	-9999.9	3	20.1	23.4	58	3	1012.0	-9999.9	11.6	243
2025 08 20 19	0.49	0.46	2.8	2.8	2.6	0.74	-9999.9	3	202	-9999.9	54	-9999.9	3	19.9	17.5	79	3	1012.1	-9999.9	11.0	237
2025 08 20 20	0.49	0.47	2.5	2.6	2.6	0.74	-9999.9	3	207	-9999.9	52	-9999.9	3	19.0	6.7	62	3	1012.4	-9999.9	11.7	248
2025 08 20 21	0.46	0.43	2.8	2.8	3.8	0.77	-9999.9	3	180	-9999.9	56	-9999.9	3	18.8	8.5	76	3	1013.2	-9999.9	10.0	254
2025 08 20 22	0.47	0.43	2.6	2.6	2.5	0.9	-9999.9	3	201	-9999.9	60	-9999.9	3	18.8	13.4	44	3	1013.3	-9999.9	10.7	238
2025 08 20 23	0.47	0.44	2.6	2.6	2.6	0.67	-9999.9	3	220	-9999.9	61	-9999.9	3	18.1	22.1	62	3	1013.4	-9999.9	9.7	247
2025 08 21 00	0.36	0.33	2.8	2.8	5.4	0.53	-9999.9	3	195	-9999.9	56	-9999.9	3	18.0	21.2	83	3	1013.0	-9999.9	9.6	254
2025 08 21 01	0.33	0.3	2.8	2.9	3.6	0.46	-9999.9	3	178	-9999.9	62	-9999.9	3	18.2	17.8	59	3	1012.6	-9999.9	9.1	244
2025 08 21 02	0.3	0.28	2.6	2.6	2.5	0.52	-9999.9	3	193	-9999.9	59	-9999.9	3	18.4	12.4	84	3	1012.0	-9999.9	9.2	241
2025 08 21 03	0.4	0.37	2.9	2.9	2.7	0.62	-9999.9	3	182	-9999.9	50	-9999.9	3	19.6	4.8	257	3	1012.0	-9999.9	8.8	235
2025 08 21 04	0.4	0.37	3.0	3.0	2.7	0.76	-9999.9	3	203	-9999.9	43	-9999.9	3	20.0	12.1	225	3	1012.1	-9999.9	9.7	222
2025 08 21 05	0.57	0.54	3.2	3.2	3.1	0.87	-9999.9	3	204	-9999.9	43	-9999.9	3	20.1	23.0	184	3	1012.5	-9999.9	8.7	243
2025 08 21 06	0.56	0.55	3.2	3.2	3.1	1.0	-9999.9	3	209	-9999.9	49	-9999.9	3	20.5	18.3	180	3	1013.0	-9999.9	9.0	237
2025 08 21 07	0.52	0.49	2.8	2.8	2.6	0.84	-9999.9	3	204	-9999.9	52	-9999.9	3	19.5	17.4	153	3	1013.3	-9999.9	9.1	248
2025 08 21 08	0.51	0.46	3.0	3.1	3.5	0.84	-9999.9	3	189	-9999.9	53	-9999.9	3	18.8	14.5	18	3	1013.8	-9999.9	9.0	235
2025 08 21 09	0.47	0.45	2.8	2.8	2.7	0.74	-9999.9	3	207	-9999.9	54	-9999.9	3	18.5	12.5	45	3	1013.9	-9999.9	9.8	222
2025 08 21 10	0.45	0.41	2.9	2.9	2.8	0.71	-9999.9	3	218	-9999.9	61	-9999.9	3	18.9	16.5	81	3	1013.7	-9999.9	10.7	235
2025 08 21 11	0.33	0.3	2.9	2.9	2.7	0.45	-9999.9	3	198	-9999.9	67	-9999.9	3	18.8	20.7	78	3	1013.4	-9999.9	11.0	231
2025 08 21 12	0.28	0.27	2.9	2.9	2.9	0.52	-9999.9	3	215	-9999.9	70	-9999.9	3	19.9	52.6	58	3	1013.4	-9999.9	11.2	229
2025 08 21 13	0.55	0.52	2.8	2.8	2.5	0.87	-9999.9	3	225	-9999.9	57	-9999.9	3	18.4	11.1	67	3	1013.0	-9999.9	10.3	236
2025 08 21 14	0.33	0.31	3.1	3.1	4.3	0.54	-9999.9	3	161	-9999.9	64	-9999.9	3	18.5	26.8	99	3	1012.8	-9999.9	10.2	241
2025 08 21 15	0.39	0.38	2.8	2.8	2.5	0.55	-9999.9	3	193	-9999.9	57	-9999.9	3	18.0	2.8	67	3	1012.4	-9999.9	9.8	221
2025 08 21 16	0.42	0.39	2.9	2.9	3.8	0.7	-9999.9	3	184	-9999.9	62	-9999.9	3	18.1	2.8	39	3	1012.5	-9999.9	9.2	240
2025 08 21 17	0.28	0.26	3.3	3.4	7.0	0.41	-9999.9	3	34	-9999.9	62	-9999.9	3	19.0	27.5	28	3	1012.2	-9999.9	10.0	230
2025 08 21 18	0.25	0.23	2.6	2.6	2.7	0.46	-9999.9	3	155	-9999.9	70	-9999.9	3	19.1	22.0	45	3	1012.2	-9999.9	11.1	223
2025 08 21 19	0.35	0.32	3.0	3.1	7.0	0.52	-9999.9	3	77	-9999.9	62	-9999.9	3	19.7	33.1	52	3	1013.0	-9999.9	7.8	236
2025 08 21 20	0.33	0.31	2.5	2.6	2.3	0.52	-9999.9	3	187	-9999.9	66	-9999.9	3	19.6	8.7	68	3	1013.3	-9999.9	8.8	243
2025 08 21 21	0.37	0.34	3.3	3.2	7.9	0.58	-9999.9	3	142	-9999.9	56	-9999.9	3	19.5	9.1	59	3	1013.6	-9999.9	7.9	238
2025 08 21 22	0.35	0.31	3.0	3.0	5.5	0.61	-9999.9	3	94	-9999.9	63	-9999.9	3	19.6	20.3	38	3	1014.0	-9999.9	6.6	234
2025 08 21 23	0.26	0.23	3.0	3.3	5.1	0.52	-9999.9	3	49	-9999.9	54	-9999.9	3	19.2	21.9	53	3	1014.0	-9999.9	6.1	240
2025 08 22 00	0.25	0.24	3.1	3.1	5.4	0.49	-9999.9	3	136	-9999.9	60	-9999.9	3	19.0	23.3	44	3	1013.9	-9999.9	7.0	256
2025 08 22 01	0.3	0.27	3.1	3.3	6.4	0.52	-9999.9	3	43	-9999.9	53	-9999.9	3	18.2	32.2	58	3	1013.7	-9999.9	2.7	259
2025 08 22 02	0.23	0.21	3.3	3.2	7.8	0.33	-9999.9	3	99	-9999.9	60	-9999.9	3	18.2	49.5	57	3	1013.5	-9999.9	4.8	246
2025 08 22 03	0.21	0.19	3.9	3.8	7.5	0.32	-9999.9	3	110	-9999.9	59	-9999.9	3	18.4	10.9	49	3	1013.1	-9999.9	6.8	250
2025 08 22 04	0.24	0.22	3.2	3.2	6.6	0.38	-9999.9	3	128	-9999.9	61	-9999.9	3	18.5	19.8	86	3	1013.1	-9999.9	6.1	237
2025 08 22 05	0.23	0.22	3.5	3.4	5.1	0.37	-9999.9	3	146	-9999.9	62	-9999.9	3	17.9	10.6	159	3	1013.6	-9999.9	1.1	356
2025 08 22 06	0.25	0.23	3.8	3.8	5.6	0.41	-9999.9	3	141	-9999.9	60	-9999.9	3	17.9	20.1	170	3	1014.1	-9999.9	1.7	280
2025 08 22 07	0.25	0.24	3.5	3.5	5.0	0.45	-9999.9	3	153	-9999.9	65	-9999.9	3	18.2	24.1	164	3	1014.3	-9999.9	3.2	15
2025 08 22 08	0.27	0.25	4.1	4.1	7.5	0.43	-9999.9	3	121	-9999.9	50	-9999.9	3	18.3	8.3	84	3	1014.7	-9999.9	1.3	67
2025 08 22 09	0.28	0.26	3.9	3.9	6.1	0.43	-9999.9	3	52	-9999.9	58	-9999.9	3	19.0	10.0	23	3	1015.1	-9999.9	1.9	98
2025 08 22 10	0.21	0.2	3.8	3.8	6.4	0.37	-9999.9	3	85	-9999.9	61	-9999.9	3	19.6	15.0	47	3	1015.3	-9999.9	3.6	109
2025 08 22 11	0.3	0.29	4.0	3.9	6.0	0.55	-9999.9	3	82	-9999.9	54	-9999.9	3	19.7	14.4	71	3	1015.1	-9999.9	2.1	68
2025 08 22 12	0.28	0.27	3.7	3.8	4.8	0.52	-9999.9	3	96	-9999.9	54	-9999.9	3	19.6	12.0	71	3	1014.9	-9999.9	2.3	74
2025 08 22 13	0.28	0.27	4.3	4.2	4.8	0.44	-9999.9	3	82	-9999.9	63	-9999.9	3	20.5	27.1	31	3	1014.5	-9999.9	3.0	97
2025 08 22 15	0.29	0.27	3.6	3.5	5.1	0.58	-9999.9	3	124	-9999.9	62	-9999.9	3	18.3	14.4	71	3	1013.9	-9999.9	1.4	191
2025 08 22 16	0.33	0.32	3.8	3.8	6.9	0.51	-9999.9	3	148	-9999.9	55	-9999.9	3	18.5	8.5	127	3	1013.5	-9999.9	2.2	190
2025 08 22 17	0.32	0.3	3.6	3.6	4.9	0.51	-9999.9	3	102	-9999.9	61	-9999.9	3	18.8	14.6	36	3	1013.3	-9999.9	2.4	138
2025 08 22 18	0.22	0.2	3.5	3.5	5.1	0.37	-9999.9	3	61	-9999.9	58	-9999.9	3	18.6	25.1	359	3	1013.4	-9999.9	1.0	144
2025 08 22 19	0.27	0.25	4.3	4.2	6.1	0.4	-9999.9	3	29	-9999.9	58	-9999.9	3	19.8	39.8	24	3	1013.7	-9999.9	0.4	256
2025 08 22 20	0.22	0.21	3.7	3.7	5.7	0.37	-9999.9	3	107	-9999.9	59	-9999.9	3	19.7	37.4	64	3	1014.1	-9999.9	1.4	94
2025 08 22 21	0.26	0.25	3.8	3.8	5.0	0.38	-9999.9	3	78	-9999.9	52	-9999.9	3	19.3	24.6	93	3	1014.6	-9999.9	1.4	276
2025 08 22 22	0.32	0.31	4.4	4.3	6.5	0.51	-9999.9	3	110	-9999.9	54	-9999.9	3	19.1	21.3	73	3	1014.8	-9999.9	2.9	238
2025 08 22 23	0.21	0.2	3.9	3.9	4.7	0.37	-9999.9	3	98	-9999.9	49	-9999.9	3	19.0	9.9	50	3	1014.6	-9999.9	4.8	240
2025 08 23 00	0.23	0.22	4.1	4.1	4.4	0.36	-9999.9	3	98	-9999.9	54	-9999.9	3	19.0	37.0	38	3	1014.8	-9999.9	1.6	338
2025 08 23 01	0.22	0.21	4.1	4.1	7.2	0.34	-9999.9	3	91	-9999.9	50	-9999.9	3	17.9	21.5	37	3	1014.7	-9999.9	2.7	14
2025 08 23 02	0.24	0.23	3.4	3.5	3.9	0.42	-9999.9	3	88	-9999.9	60	-9999.9	3	18.1	29.2	70	3	1014.7	-9999.9	1.0	12
2025 08 23 03	0.27	0.26	3.8	3.8	4.4	0.41	-9999.9	3	51	-9999.9	48	-9999.9	3	17.8	31.3	75	3	1014.7	-9999.9	2.8	14
2025 08 23 04	0.23	0.22	4.0	3.8	6.1	0.41	-9999.9	3	108	-9999.9	63	-9999.9	3	17.9	37.9	86	3	1014.7	-9999.9	2.9	360
2025 08 23 05	0.2	0.19	3.7	3.6	4.1	0.31	-9999.9	3	135	-9999.9	62	-9999.9	3	17.2	11.6	108	3	1014.8	-9999.9	2.5	349
2025 08 23 06	0.29	0.28	3.8	3.8	5.2	0.43	-9999.9	3	143	-9999.9	60	-9999.9	3	17.3	17.8	169	3	1015.4	-9999.9	3.0	351
2025 08 23 07	0.26	0.25	3.2	3.2	4.8	0.4	-9999.9	3	134	-9999.9	60	-9999.9	3	16.4	22.9	178	3	1015.4	-9999.9	4.3	347
2025 08 23 08	0.31	0.29	3.6	3.7	7.1	0.61	-9999.9	3	148	-9999.9	52	-9999.9	3	16.5	22.6	179	3	1016.0	-9999.9	4.1	348
2025 08 23 09	0.33	0.33	3.8	3.6	5.4	0.57	-9999.9	3	106	-9999.9	50	-9999.9	3	16.9	9.9	165	3	1016.5	-9999.9	3.1	14
2025 08 23 10	0.26	0.24	3.6	3.7	5.0	0.56	-9999.9	3	88	-9999.9	57	-9999.9	3	17.4	12.3	270	3	1016.7	-9999.9	1.9	51
2025 08 23 11	0.26	0.25	3.5	3.5	5.6	0.38	-9999.9	3	90	-9999.9	56	-9999.9	3	18.2	5.2	109	3	1016.5	-9999.9	3.0	34
2025 08 23 12	0.35	0.33	4.0	4.0	8.3	0.56	-9999.9	3	114	-9999.9	51	-9999.9	3	18.6	16.5	82	3	1015.9	-9999.9	2.8	14
2025 08 23 13	0.34	0.32	3.7	3.6	4.0	0.61	-9999.9	3	80	-9999.9	53	-9999.9	3	19.2	9.9	62	3	1015.5	-9999.9	2.1	34
2025 08 23 14	0.26	0.25	4.1	4.1	4.7	0.47	-9999.9	3	98	-9999.9	59	-9999.9	3	20.1	25.8	32	3	1015.2	-9999.9	1.3	14
2025 08 23 15	0.26	0.25	4.2	4.1	5.2	0.44	-9999.9	3	84	-9999.9	66	-9999.9	3	20.3	56.3	63	3	1014.6	-9999.9	1.6	4
2025 08 23 16	0.26	0.24	3.6	3.6	4.2	0.44	-9999.9	3	133	-9999.9	57	-9999.9	3	18.4	9.8	102	3	1014.2	-9999.9	1.7	357
2025 08 23 17	0.31	0.3	3.5	3.5	3.7	0.47	-9999.9	3	158	-9999.9	57	-9999.9	3	17.0	10.6	183	3	1014.1	-9999.9	3.0	38
2025 08 23 18	0.25	0.24	3.6	3.6	6.0	0.38	-9999.9	3	143	-9999.9	57	-9999.9	3	17.9	11.1	87	3	1013.9	-9999.9	3.6	54
2025 08 23 19	0.31	0.3	4.4	4.5	7.5	0.56	-9999.9	3	58	-9999.9	50	-9999.9	3	18.4	23.6	0	3	1014.1	-9999.9	2.6	36
2025 08 23 20	0.24	0.23	4.0	4.0	4.9	0.42	-9999.9	3	80	-9999.9	52	-9999.9	3	19.5	60.1	11	3	1014.3	-9999.9	1.8	15
2025 08 23 21	0.22	0.2	3.9	4.0	4.3	0.33	-9999.9	3	119	-9999.9	52	-9999.9	3	21.6	35.2	55	3	1014.6	-9999.9	2.5	4
2025 08 23 22	0.3	0.29	4.4	4.3	7.8	0.42	-9999.9	3	73	-9999.9	50	-9999.9	3	20.0	11.2	145	3	1014.6	-9999.9	2.9	355
2025 08 23 23	0.25	0.24	3.4	3.3	3.8	0.44	-9999.9	3	119	-9999.9	51	-9999.9	3	19.6	12.9	168	3	1014.6	-9999.9	3.4	352
2025 08 24 00	0.29	0.28	4.0	3.9	7.1	0.5	-9999.9	3	137	-9999.9	46	-9999.9	3	18.2	3.9	93	3	1014.3	-9999.9	2.7	7
2025 08 24 01	0.25	0.23	4.3	4.8	7.5	0.62	-9999.9	3	59	-9999.9	42	-9999.9	3	19.9	33.3	47	3	1013.9	-9999.9	1.9	355
2025 08 24 02	0.2	0.2	3.5	3.5	3.9	0.31	-9999.9	3	105	-9999.9	62	-9999.9	3	19.5	24.5	49	3	1013.7	-9999.9	0.7	82
2025 08 24 03	0.23	0.21	3.6	3.5	3.7	0.31	-9999.9	3	107	-9999.9	55	-9999.9	3	19.8	13.2	66	3	1013.5	-9999.9	3.7	230
2025 08 24 04	0.24	0.23	4.0	3.9	4.7	0.35	-9999.9	3	91	-9999.9	62	-9999.9	3	19.3	34.7	37	3	1013.7	-9999.9	4.6	245
2025 08 24 05	0.23	0.22	3.7	3.8	4.5	0.34	-9999.9	3	106	-9999.9	55	-9999.9	3	19.0	26.8	75	3	1013.8	-9999.9	4.8	245
2025 08 24 06	0.25	0.25	3.2	3.1	3.7	0.42	-9999.9	3	95	-9999.9	64	-9999.9	3	18.2	4.3	127	3	1014.1	-9999.9	3.0	237
2025 08 24 07	0.25	0.24	3.3	3.2	3.7	0.4	-9999.9	3	199	-9999.9	59	-9999.9	3	18.0	8.0	196	3	1014.4	-9999.9	3.8	244
2025 08 24 08	0.32	0.31	3.5	3.4	3.4	0.5	-9999.9	3	201	-9999.9	53	-9999.9	3	17.3	13.8	208	3	1014.7	-9999.9	3.5	243
2025 08 24 09	0.3	0.28	3.2	3.1	4.3	0.47	-9999.9	3	189	-9999.9	64	-9999.9	3	16.2	17.3	200	3	1014.9	-9999.9	4.2	234
2025 08 24 10	0.31	0.28	3.5	3.8	6.8	0.6	-9999.9	3	87	-9999.9	51	-9999.9	3	17.3	3.4	300	3	1014.9	-9999.9	3.9	207
2025 08 24 11	0.27	0.26	3.5	3.5	4.8	0.5	-9999.9	3	109	-9999.9	61	-9999.9	3	18.0	6.4	320	3	1015.0	-9999.9	4.2	233
2025 08 24 12	0.27	0.26	3.8	3.8	5.4	0.44	-9999.9	3	75	-9999.9	59	-9999.9	3	18.1	8.1	331	3	1014.3	-9999.9	2.1	235
2025 08 24 13	0.33	0.3	3.6	3.8	9.7	0.61	-9999.9	3	118	-9999.9	56	-9999.9	3	19.4	7.3	5	3	1013.8	-9999.9	3.6	220
2025 08 24 14	0.24	0.23	3.6	3.4	5.1	0.36	-9999.9	3	93	-9999.9	61	-9999.9	3	18.3	10.8	28	3	1013.4	-9999.9	6.0	236
2025 08 24 15	0.26	0.25	3.7	3.7	5.1	0.52	-9999.9	3	98	-9999.9	58	-9999.9	3	17.5	6.4	58	3	1012.4	-9999.9	4.0	235
2025 08 24 16	0.36	0.34	4.4	4.3	6.8	0.65	-9999.9	3	136	-9999.9	59	-9999.9	3	17.4	11.1	106	3	1012.0	-9999.9	3.7	250
2025 08 24 17	0.26	0.25	3.3	3.3	4.5	0.38	-9999.9	3	163	-9999.9	62	-9999.9	3	17.3	13.8	186	3	1012.7	-9999.9	6.9	199
2025 08 24 18	0.37	0.36	3.0	3.1	2.9	0.63	-9999.9	3	210	-9999.9	56	-9999.9	3	17.2	18.3	203	3	1012.3	-9999.9	3.3	278
2025 08 24 19	0.35	0.33	3.5	3.5	7.1	0.66	-9999.9	3	212	-9999.9	60	-9999.9	3	17.2	13.9	207	3	1012.9	-9999.9	5.5	214
2025 08 24 20	0.35	0.33	3.0	2.9	3.7	0.57	-9999.9	3	183	-9999.9	58	-9999.9	3	17.3	6.7	276	3	1013.4	-9999.9	6.3	230
2025 08 24 21	0.2	0.19	3.4	3.4	6.5	0.34	-9999.9	3	126	-9999.9	63	-9999.9	3	17.3	7.5	340	3	1013.9	-9999.9	5.9	238
2025 08 24 22	0.25	0.23	3.5	3.5	7.0	0.33	-9999.9	3	86	-9999.9	62	-9999.9	3	17.9	9.6	221	3	1015.4	-9999.9	7.2	240
2025 08 24 23	0.26	0.24	3.4	3.2	4.2	0.46	-9999.9	3	118	-9999.9	56	-9999.9	3	18.5	15.4	75	3	1015.3	-9999.9	6.3	256
2025 08 25 00	0.27	0.25	2.8	2.7	2.6	0.42	-9999.9	3	190	-9999.9	53	-9999.9	3	17.5	25.1	214	3	1015.6	-9999.9	3.6	257
2025 08 25 01	0.31	0.29	3.4	3.4	6.1	0.51	-9999.9	3	153	-9999.9	54	-9999.9	3	17.5	3.5	255	3	1015.5	-9999.9	1.9	201
2025 08 25 02	0.17	0.16	3.3	3.4	5.5	0.3	-9999.9	3	93	-9999.9	61	-9999.9	3	17.4	18.9	189	3	1014.9	-9999.9	1.9	18
2025 08 25 03	0.3	0.29	4.1	4.1	5.8	0.64	-9999.9	3	52	-9999.9	51	-9999.9	3	18.0	22.7	174	3	1012.9	-9999.9	4.0	341
2025 08 25 04	0.22	0.21	3.8	3.7	5.7	0.38	-9999.9	3	180	-9999.9	62	-9999.9	3	18.5	20.7	242	3	1013.3	-9999.9	1.8	324
2025 08 25 05	0.24	0.23	3.6	3.4	4.4	0.43	-9999.9	3	103	-9999.9	59	-9999.9	3	18.3	9.7	317	3	1013.7	-9999.9	4.6	238
2025 08 25 06	0.29	0.27	3.8	3.8	5.9	0.46	-9999.9	3	143	-9999.9	59	-9999.9	3	18.1	19.7	21	3	1013.8	-9999.9	5.8	238
2025 08 25 07	0.35	0.33	3.3	3.3	3.6	0.59	-9999.9	3	112	-9999.9	65	-9999.9	3	17.9	2.2	162	3	1013.8	-9999.9	1.6	278
2025 08 25 08	0.38	0.36	3.7	3.6	5.6	0.75	-9999.9	3	143	-9999.9	57	-9999.9	3	18.1	8.9	166	3	1013.4	-9999.9	2.0	179
2025 08 25 09	0.39	0.37	3.0	3.0	2.7	0.64	-9999.9	3	171	-9999.9	53	-9999.9	3	17.5	8.4	187	3	1013.5	-9999.9	6.3	216
2025 08 25 10	0.36	0.34	3.1	3.2	4.8	0.65	-9999.9	3	149	-9999.9	59	-9999.9	3	17.6	1.9	99	3	1013.8	-9999.9	7.5	226
2025 08 25 11	0.43	0.4	2.7	2.7	2.3	0.74	-9999.9	3	186	-9999.9	55	-9999.9	3	17.6	5.8	343	3	1014.2	-9999.9	9.1	237
2025 08 25 12	0.36	0.33	3.1	3.2	5.2	0.61	-9999.9	3	105	-9999.9	53	-9999.9	3	17.7	15.4	33	3	1013.4	-9999.9	9.5	236
2025 08 25 13	0.3	0.28	3.0	3.0	4.7	0.49	-9999.9	3	124	-9999.9	59	-9999.9	3	18.2	16.2	63	3	1013.1	-9999.9	6.9	220
2025 08 25 14	0.31	0.29	3.5	3.5	5.9	0.55	-9999.9	3	134	-9999.9	61	-9999.9	3	18.2	7.7	59	3	1012.9	-9999.9	6.7	229
2025 08 25 15	0.29	0.28	4.2	4.0	5.8	0.49	-9999.9	3	127	-9999.9	58	-9999.9	3	17.7	14.1	29	3	1012.7	-9999.9	5.3	237
2025 08 25 16	0.28	0.27	4.1	4.0	6.0	0.46	-9999.9	3	133	-9999.9	59	-9999.9	3	17.8	13.1	74	3	1012.8	-9999.9	6.3	218
2025 08 25 17	0.34	0.32	3.7	3.7	3.8	0.57	-9999.9	3	141	-9999.9	57	-9999.9	3	17.6	13.4	218	3	1012.4	-9999.9	6.1	223
2025 08 25 18	0.31	0.29	3.7	3.6	5.8	0.43	-9999.9	3	173	-9999.9	60	-9999.9	3	17.4	10.5	222	3	1012.5	-9999.9	4.9	214
2025 08 25 19	0.36	0.33	3.6	3.7	5.7	0.53	-9999.9	3	145	-9999.9	62	-9999.9	3	17.1	13.3	181	3	1012.4	-9999.9	5.1	220
2025 08 25 20	0.42	0.4	3.6	3.7	5.6	0.71	-9999.9	3	174	-9999.9	56	-9999.9	3	17.2	15.5	190	3	1013.1	-9999.9	5.8	226
2025 08 25 21	0.33	0.31	3.3	3.3	5.4	0.53	-9999.9	3	107	-9999.9	56	-9999.9	3	17.1	2.0	11	3	1013.2	-9999.9	6.0	237
2025 08 25 22	0.32	0.3	4.1	4.1	5.8	0.51	-9999.9	3	102	-9999.9	56	-9999.9	3	17.2	11.2	350	3	1013.3	-9999.9	5.2	222
2025 08 25 23	0.33	0.31	4.0	4.0	5.8	0.58	-9999.9	3	97	-9999.9	49	-9999.9	3	17.2	7.8	207	3	1013.3	-9999.9	4.5	217
2025 08 26 00	0.42	0.39	3.5	3.5	6.0	0.68	-9999.9	3	147	-9999.9	49	-9999.9	3	17.6	27.4	218	3	1013.1	-9999.9	4.6	252
2025 08 26 01	0.45	0.42	3.2	3.2	6.0	0.82	-9999.9	3	154	-9999.9	50	-9999.9	3	17.4	13.8	237	3	1012.8	-9999.9	6.6	283
2025 08 26 02	0.35	0.33	3.5	3.4	6.5	0.55	-9999.9	3	132	-9999.9	50	-9999.9	3	17.6	7.3	57	3	1011.8	-9999.9	7.5	246
2025 08 26 03	0.43	0.41	4.0	4.0	6.2	0.71	-9999.9	3	110	-9999.9	47	-9999.9	3	17.7	7.6	177	3	1012.1	-9999.9	6.1	232
2025 08 26 04	0.32	0.31	3.6	3.5	6.3	0.54	-9999.9	3	115	-9999.9	56	-9999.9	3	17.9	10.2	206	3	1012.0	-9999.9	6.4	246
2025 08 26 05	0.27	0.24	3.5	3.4	6.1	0.38	-9999.9	3	127	-9999.9	63	-9999.9	3	17.9	7.5	281	3	1012.4	-9999.9	5.9	257
2025 08 26 06	0.33	0.31	4.2	4.0	6.3	0.54	-9999.9	3	125	-9999.9	54	-9999.9	3	17.8	9.6	53	3	1013.1	-9999.9	4.5	255
2025 08 26 07	0.35	0.34	4.0	3.9	6.1	0.61	-9999.9	3	82	-9999.9	58	-9999.9	3	17.7	6.5	335	3	1012.8	-9999.9	2.0	33
2025 08 26 08	0.39	0.37	4.0	4.1	6.3	0.64	-9999.9	3	152	-9999.9	60	-9999.9	3	17.8	7.8	186	3	1012.6	-9999.9	0.9	177
2025 08 26 09	0.48	0.46	4.0	4.0	5.9	0.82	-9999.9	3	132	-9999.9	51	-9999.9	3	17.9	12.2	190	3	1012.2	-9999.9	5.6	223
2025 08 26 10	0.41	0.38	3.7	3.6	5.8	0.86	-9999.9	3	118	-9999.9	47	-9999.9	3	17.8	6.4	94	3	1012.4	-9999.9	6.8	231
2025 08 26 11	0.4	0.39	4.0	3.8	5.6	0.64	-9999.9	3	118	-9999.9	52	-9999.9	3	18.2	7.5	89	3	1012.1	-9999.9	6.9	243
2025 08 26 12	0.42	0.4	4.3	4.4	6.0	0.67	-9999.9	3	86	-9999.9	42	-9999.9	3	18.5	9.9	64	3	1011.3	-9999.9	5.7	229
2025 08 26 13	0.37	0.35	4.2	4.2	6.0	0.63	-9999.9	3	96	-9999.9	47	-9999.9	3	19.0	7.0	85	3	1011.0	-9999.9	5.5	227
2025 08 26 14	0.37	0.35	4.1	4.1	5.9	0.64	-9999.9	3	110	-9999.9	49	-9999.9	3	18.9	3.7	74	3	1010.5	-9999.9	5.2	229
2025 08 26 15	0.38	0.36	3.9	3.9	6.2	0.61	-9999.9	3	113	-9999.9	52	-9999.9	3	18.8	2.5	90	3	1010.1	-9999.9	6.5	231
2025 08 26 16	0.43	0.4	3.7	3.6	6.1	0.74	-9999.9	3	149	-9999.9	61	-9999.9	3	18.3	14.2	113	3	1009.9	-9999.9	6.3	232
2025 08 26 17	0.43	0.41	3.9	3.8	6.4	0.65	-9999.9	3	112	-9999.9	54	-9999.9	3	18.3	8.9	85	3	1010.0	-9999.9	6.7	210
2025 08 26 18	0.41	0.38	3.6	3.6	6.3	0.67	-9999.9	3	132	-9999.9	51	-9999.9	3	17.4	12.8	211	3	1010.0	-9999.9	6.7	216
2025 08 26 19	0.47	0.45	3.7	3.5	6.2	0.79	-9999.9	3	165	-9999.9	59	-9999.9	3	17.6	10.4	277	3	1010.3	-9999.9	6.3	194
2025 08 26 20	0.51	0.48	3.7	3.6	6.0	0.86	-9999.9	3	152	-9999.9	52	-9999.9	3	17.6	13.4	182	3	1010.9	-9999.9	6.2	221
2025 08 26 21	0.41	0.38	3.7	3.7	5.9	0.62	-9999.9	3	122	-9999.9	52	-9999.9	3	17.5	5.3	122	3	1011.2	-9999.9	6.5	252
2025 08 26 22	0.42	0.41	4.1	4.0	5.9	0.74	-9999.9	3	86	-9999.9	52	-9999.9	3	17.2	42.9	23	3	1011.2	-9999.9	7.4	240
2025 08 26 23	0.41	0.37	3.1	3.1	5.6	0.72	-9999.9	3	143	-9999.9	48	-9999.9	3	17.0	8.9	133	3	1010.8	-9999.9	9.2	233
2025 08 27 00	0.4	0.38	3.4	3.2	5.4	0.58	-9999.9	3	153	-9999.9	49	-9999.9	3	17.4	14.1	189	3	1010.9	-9999.9	8.9	238
2025 08 27 01	0.56	0.53	2.9	2.9	2.7	0.95	-9999.9	3	205	-9999.9	40	-9999.9	3	17.2	19.5	195	3	1010.6	-9999.9	10.2	244
2025 08 27 02	0.46	0.44	2.7	2.7	2.7	0.7	-9999.9	3	212	-9999.9	42	-9999.9	3	17.6	6.1	138	3	1010.5	-9999.9	8.5	241
2025 08 27 03	0.33	0.3	2.9	2.8	4.7	0.62	-9999.9	3	176	-9999.9	57	-9999.9	3	17.5	8.1	175	3	1010.2	-9999.9	7.2	241
2025 08 27 04	0.3	0.28	2.7	2.7	3.8	0.49	-9999.9	3	194	-9999.9	60	-9999.9	3	17.5	7.9	112	3	1010.1	-9999.9	8.0	247
2025 08 27 05	0.29	0.27	3.2	3.2	5.6	0.47	-9999.9	3	168	-9999.9	61	-9999.9	3	17.9	15.8	97	3	1010.4	-9999.9	9.1	270
2025 08 27 06	0.32	0.3	2.9	2.9	3.3	0.6	-9999.9	3	201	-9999.9	60	-9999.9	3	17.6	13.9	87	3	1010.6	-9999.9	8.8	255
2025 08 27 07	0.42	0.39	2.9	3.0	3.0	0.78	-9999.9	3	216	-9999.9	52	-9999.9	3	17.5	10.5	53	3	1011.0	-9999.9	10.2	257
2025 08 27 08	0.64	0.61	3.1	3.2	3.2	1.0	-9999.9	3	219	-9999.9	39	-9999.9	3	17.4	8.2	196	3	1011.1	-9999.9	10.7	249
2025 08 27 09	0.69	0.66	3.1	3.2	3.3	1.06	-9999.9	3	212	-9999.9	41	-9999.9	3	18.1	19.3	182	3	1011.4	-9999.9	11.1	253
2025 08 27 10	0.55	0.53	2.8	2.8	2.9	0.92	-9999.9	3	229	-9999.9	47	-9999.9	3	18.1	7.9	127	3	1011.8	-9999.9	10.6	265
2025 08 27 11	0.53	0.5	2.7	2.7	2.6	0.85	-9999.9	3	234	-9999.9	53	-9999.9	3	17.9	20.5	48	3	1011.6	-9999.9	11.5	258
2025 08 27 12	0.54	0.51	2.8	2.8	2.6	0.9	-9999.9	3	218	-9999.9	45	-9999.9	3	17.7	4.7	136	3	1010.9	-9999.9	12.3	262
2025 08 27 13	0.51	0.48	2.7	2.7	2.6	0.81	-9999.9	3	221	-9999.9	48	-9999.9	3	17.7	8.8	144	3	1010.6	-9999.9	11.5	255
2025 08 27 14	0.47	0.43	2.9	2.9	4.0	0.63	-9999.9	3	205	-9999.9	52	-9999.9	3	17.9	22.4	65	3	1010.5	-9999.9	9.9	245
2025 08 27 15	0.55	0.51	2.9	3.0	2.8	0.77	-9999.9	3	211	-9999.9	53	-9999.9	3	17.8	21.4	68	3	1010.2	-9999.9	10.4	238
2025 08 27 16	0.64	0.6	3.1	3.1	3.0	0.97	-9999.9	3	208	-9999.9	57	-9999.9	3	18.1	23.2	61	3	1010.2	-9999.9	10.2	235
2025 08 27 17	0.52	0.49	3.2	3.1	3.4	0.8	-9999.9	3	206	-9999.9	57	-9999.9	3	17.6	13.2	65	3	1010.3	-9999.9	10.2	234
2025 08 27 18	0.54	0.52	3.1	3.0	3.0	0.83	-9999.9	3	208	-9999.9	46	-9999.9	3	17.4	10.3	68	3	1010.5	-9999.9	8.8	230
2025 08 27 19	0.64	0.61	3.2	3.2	3.3	1.11	-9999.9	3	200	-9999.9	47	-9999.9	3	18.8	10.3	204	3	1010.5	-9999.9	10.7	235
2025 08 27 20	0.52	0.49	3.1	3.1	3.1	0.8	-9999.9	3	214	-9999.9	50	-9999.9	3	18.6	17.0	207	3	1011.9	-9999.9	7.2	227
2025 08 27 21	0.51	0.48	3.1	3.1	2.9	1.17	-9999.9	3	186	-9999.9	55	-9999.9	3	18.3	16.2	226	3	1012.4	-9999.9	8.8	240
2025 08 27 22	0.33	0.31	2.7	2.7	2.4	0.47	-9999.9	3	217	-9999.9	60	-9999.9	3	18.3	5.8	13	3	1012.6	-9999.9	9.1	259
2025 08 27 23	0.4	0.37	2.6	2.6	2.4	0.67	-9999.9	3	199	-9999.9	53	-9999.9	3	17.6	16.4	62	3	1012.3	-9999.9	10.4	240
2025 08 28 00	0.5	0.48	2.8	2.8	2.7	0.69	-9999.9	3	191	-9999.9	44	-9999.9	3	18.2	18.3	178	3	1012.6	-9999.9	11.5	237
2025 08 28 01	0.48	0.47	2.8	2.8	2.7	0.87	-9999.9	3	199	-9999.9	45	-9999.9	3	17.8	12.4	180	3	1012.5	-9999.9	11.6	256
2025 08 28 02	0.48	0.46	2.6	2.6	2.6	0.79	-9999.9	3	201	-9999.9	46	-9999.9	3	17.9	5.9	120	3	1012.1	-9999.9	10.6	247
2025 08 28 03	0.5	0.46	2.8	2.8	2.7	0.73	-9999.9	3	215	-9999.9	61	-9999.9	3	18.1	28.1	54	3	1012.2	-9999.9	12.2	256
2025 08 28 04	0.55	0.52	2.9	2.9	2.9	1.01	-9999.9	3	204	-9999.9	58	-9999.9	3	17.8	13.7	59	3	1013.3	-9999.9	6.8	257
2025 08 28 05	0.67	0.65	3.2	3.2	3.5	1.24	-9999.9	3	207	-9999.9	46	-9999.9	3	17.5	16.7	50	3	1013.3	-9999.9	2.3	200
2025 08 28 06	0.58	0.54	3.2	3.2	3.1	0.9	-9999.9	3	192	-9999.9	50	-9999.9	3	17.5	7.1	121	3	1013.7	-9999.9	5.3	254
2025 08 28 07	0.63	0.59	3.5	3.4	6.1	1.0	-9999.9	3	196	-9999.9	49	-9999.9	3	18.1	9.9	181	3	1014.0	-9999.9	10.4	278
2025 08 28 08	0.58	0.56	3.9	3.9	6.5	0.96	-9999.9	3	194	-9999.9	43	-9999.9	3	17.8	13.5	189	3	1014.9	-9999.9	8.4	283
2025 08 28 09	0.63	0.58	3.3	3.3	3.4	1.04	-9999.9	3	203	-9999.9	56	-9999.9	3	18.0	10.8	184	3	1015.6	-9999.9	9.2	235
2025 08 28 10	0.56	0.53	3.1	3.0	2.9	0.96	-9999.9	3	214	-9999.9	49	-9999.9	3	18.0	9.9	157	3	1015.8	-9999.9	10.0	247
2025 08 28 11	0.53	0.49	2.8	2.8	2.6	0.96	-9999.9	3	229	-9999.9	44	-9999.9	3	18.1	8.1	226	3	1015.7	-9999.9	10.6	228
2025 08 28 12	0.61	0.58	3.1	3.1	3.0	1.05	-9999.9	3	215	-9999.9	45	-9999.9	3	18.2	21.2	182	3	1015.4	-9999.9	11.0	225
2025 08 28 13	0.59	0.56	3.0	3.0	3.3	0.97	-9999.9	3	220	-9999.9	38	-9999.9	3	18.0	15.2	197	3	1015.4	-9999.9	11.4	239
2025 08 28 14	0.7	0.66	3.2	3.2	3.4	1.24	-9999.9	3	222	-9999.9	40	-9999.9	3	17.4	12.6	159	3	1014.9	-9999.9	12.0	232
2025 08 28 15	0.66	0.62	3.1	3.1	3.1	1.09	-9999.9	3	221	-9999.9	53	-9999.9	3	17.1	12.7	93	3	1014.4	-9999.9	12.2	245
2025 08 28 16	0.74	0.69	3.1	3.1	3.3	1.2	-9999.9	3	220	-9999.9	55	-9999.9	3	17.7	21.0	76	3	1014.3	-9999.9	11.7	238
2025 08 28 17	0.63	0.59	3.1	3.1	3.0	0.85	-9999.9	3	203	-9999.9	57	-9999.9	3	17.5	14.9	87	3	1014.5	-9999.9	10.8	253
2025 08 28 18	0.64	0.6	3.2	3.2	3.3	0.94	-9999.9	3	205	-9999.9	48	-9999.9	3	17.5	7.8	86	3	1014.8	-9999.9	10.5	260
2025 08 28 19	0.58	0.54	3.2	3.2	3.6	1.0	-9999.9	3	212	-9999.9	51	-9999.9	3	17.2	11.1	78	3	1015.3	-9999.9	10.1	259
2025 08 28 20	0.54	0.51	3.1	3.1	3.2	0.99	-9999.9	3	209	-9999.9	51	-9999.9	3	16.9	9.6	27	3	1016.0	-9999.9	9.8	265
2025 08 28 21	0.53	0.5	3.0	3.0	2.9	0.82	-9999.9	3	189	-9999.9	57	-9999.9	3	16.5	7.4	266	3	1015.8	-9999.9	10.2	260
2025 08 28 22	0.45	0.43	2.8	2.8	3.0	0.69	-9999.9	3	198	-9999.9	56	-9999.9	3	16.6	5.5	24	3	1016.2	-9999.9	9.8	292
2025 08 28 23	0.34	0.32	3.5	3.6	7.0	0.57	-9999.9	3	90	-9999.9	59	-9999.9	3	17.0	34.6	42	3	1016.2	-9999.9	9.8	246
2025 08 29 00	0.41	0.38	2.8	2.9	4.7	0.67	-9999.9	3	204	-9999.9	55	-9999.9	3	16.7	15.0	61	3	1015.9	-9999.9	9.3	247
2025 08 29 01	0.34	0.32	3.1	3.2	5.7	0.54	-9999.9	3	194	-9999.9	63	-9999.9	3	16.7	20.6	70	3	1015.7	-9999.9	9.2	255
2025 08 29 02	0.37	0.34	3.0	3.0	4.0	0.59	-9999.9	3	184	-9999.9	53	-9999.9	3	16.5	8.6	108	3	1015.5	-9999.9	6.5	243
2025 08 29 03	0.4	0.37	2.9	2.9	2.7	0.53	-9999.9	3	184	-9999.9	51	-9999.9	3	16.4	6.9	92	3	1015.6	-9999.9	6.4	252
2025 08 29 04	0.37	0.34	3.1	3.1	4.1	0.57	-9999.9	3	213	-9999.9	68	-9999.9	3	17.8	31.6	40	3	1015.6	-9999.9	5.6	253
2025 08 29 05	0.35	0.33	3.6	3.6	6.6	0.57	-9999.9	3	197	-9999.9	54	-9999.9	3	17.1	32.0	56	3	1015.6	-9999.9	6.5	239
2025 08 29 06	0.47	0.44	3.4	3.5	5.3	0.71	-9999.9	3	184	-9999.9	52	-9999.9	3	16.5	11.4	107	3	1016.0	-9999.9	6.6	244
2025 08 29 07	0.48	0.44	3.0	3.1	3.2	0.79	-9999.9	3	201	-9999.9	43	-9999.9	3	16.6	13.5	177	3	1016.4	-9999.9	9.4	246
2025 08 29 08	0.6	0.57	3.3	3.3	3.7	1.01	-9999.9	3	196	-9999.9	43	-9999.9	3	16.5	13.9	139	3	1016.7	-9999.9	9.1	261
2025 08 29 09	0.62	0.59	3.0	3.1	2.9	0.93	-9999.9	3	225	-9999.9	49	-9999.9	3	16.4	6.8	83	3	1017.2	-9999.9	9.2	243
2025 08 29 10	0.57	0.53	2.7	2.7	2.6	0.95	-9999.9	3	223	-9999.9	56	-9999.9	3	16.3	6.7	67	3	1017.0	-9999.9	12.5	239
2025 08 29 11	0.51	0.46	2.8	2.8	2.5	0.79	-9999.9	3	231	-9999.9	65	-9999.9	3	16.3	23.0	51	3	1016.7	-9999.9	13.9	243
2025 08 29 12	0.45	0.42	2.8	2.9	2.8	0.79	-9999.9	3	197	-9999.9	63	-9999.9	3	16.3	34.5	83	3	1016.1	-9999.9	12.8	247
2025 08 29 13	0.54	0.51	2.7	2.7	2.7	0.86	-9999.9	3	218	-9999.9	53	-9999.9	3	16.7	25.9	74	3	1015.7	-9999.9	12.2	239
2025 08 29 14	0.52	0.49	2.6	2.7	2.6	0.7	-9999.9	3	211	-9999.9	50	-9999.9	3	16.4	26.5	54	3	1015.1	-9999.9	12.5	238
2025 08 29 16	0.51	0.49	2.6	2.6	2.5	0.73	-9999.9	3	210	-9999.9	61	-9999.9	3	16.1	35.1	40	3	1014.4	-9999.9	12.3	226
2025 08 29 17	0.51	0.48	2.9	2.9	2.6	0.71	-9999.9	3	201	-9999.9	60	-9999.9	3	16.1	30.1	69	3	1013.8	-9999.9	11.9	237
2025 08 29 18	0.54	0.51	2.8	2.9	2.6	0.8	-9999.9	3	199	-9999.9	53	-9999.9	3	16.1	20.2	77	3	1013.9	-9999.9	10.5	234
2025 08 29 19	0.55	0.52	2.9	2.9	2.8	0.99	-9999.9	3	191	-9999.9	50	-9999.9	3	16.3	8.7	115	3	1014.1	-9999.9	9.9	232
2025 08 29 20	0.53	0.49	2.9	3.0	2.7	0.81	-9999.9	3	189	-9999.9	49	-9999.9	3	16.1	26.6	176	3	1015.0	-9999.9	8.4	231
2025 08 29 21	0.52	0.49	3.0	3.0	2.9	0.92	-9999.9	3	188	-9999.9	60	-9999.9	3	16.5	17.1	166	3	1015.3	-9999.9	5.5	238
2025 08 29 22	0.46	0.42	2.7	2.8	2.6	0.81	-9999.9	3	198	-9999.9	55	-9999.9	3	16.4	12.1	181	3	1015.0	-9999.9	7.0	235
2025 08 29 23	0.33	0.3	2.9	2.9	6.5	0.58	-9999.9	3	165	-9999.9	58	-9999.9	3	16.2	4.0	170	3	1014.9	-9999.9	6.2	233
2025 08 30 00	0.28	0.26	2.8	2.8	4.8	0.4	-9999.9	3	166	-9999.9	63	-9999.9	3	15.9	25.6	39	3	1014.2	-9999.9	8.3	233
2025 08 30 01	0.29	0.26	2.9	3.0	7.1	0.48	-9999.9	3	187	-9999.9	62	-9999.9	3	16.7	46.7	55	3	1013.8	-9999.9	7.1	233
2025 08 30 02	0.27	0.25	2.8	2.8	3.9	0.53	-9999.9	3	145	-9999.9	60	-9999.9	3	16.4	17.9	62	3	1013.2	-9999.9	7.6	239
2025 08 30 03	0.26	0.24	2.8	2.9	6.8	0.43	-9999.9	3	165	-9999.9	55	-9999.9	3	16.3	8.6	56	3	1013.2	-9999.9	6.9	234
2025 08 30 04	0.17	0.16	3.3	3.3	5.7	0.24	-9999.9	3	122	-9999.9	63	-9999.9	3	16.4	41.8	46	3	1013.2	-9999.9	7.5	234
2025 08 30 05	0.22	0.2	3.6	3.6	6.1	0.38	-9999.9	3	43	-9999.9	67	-9999.9	3	16.4	45.3	49	3	1013.3	-9999.9	7.1	236
2025 08 30 06	0.24	0.22	3.5	3.5	5.1	0.4	-9999.9	3	89	-9999.9	66	-9999.9	3	16.6	32.4	66	3	1013.8	-9999.9	6.3	240
2025 08 30 07	0.24	0.23	3.3	3.3	5.3	0.4	-9999.9	3	128	-9999.9	62	-9999.9	3	16.4	12.5	116	3	1014.5	-9999.9	5.9	215
2025 08 30 08	0.38	0.35	3.3	3.3	5.5	0.55	-9999.9	3	191	-9999.9	50	-9999.9	3	17.0	29.2	184	3	1014.7	-9999.9	6.9	229
2025 08 30 09	0.44	0.41	3.3	3.3	4.2	0.66	-9999.9	3	181	-9999.9	51	-9999.9	3	16.5	13.7	183	3	1015.3	-9999.9	6.8	227
2025 08 30 10	0.36	0.34	2.8	2.8	2.7	0.67	-9999.9	3	195	-9999.9	60	-9999.9	3	16.5	5.6	176	3	1015.7	-9999.9	7.4	252
2025 08 30 11	0.28	0.26	3.7	3.7	6.7	0.45	-9999.9	3	77	-9999.9	63	-9999.9	3	16.8	21.5	59	3	1015.5	-9999.9	7.2	237
2025 08 30 12	0.31	0.29	3.8	3.7	6.8	0.63	-9999.9	3	103	-9999.9	64	-9999.9	3	16.6	12.4	65	3	1015.2	-9999.9	6.5	227
2025 08 30 13	0.26	0.25	3.8	3.8	6.3	0.45	-9999.9	3	124	-9999.9	63	-9999.9	3	18.8	17.9	77	3	1014.8	-9999.9	6.2	227
2025 08 30 14	0.32	0.3	3.8	3.7	6.1	0.46	-9999.9	3	119	-9999.9	63	-9999.9	3	17.6	12.8	86	3	1014.3	-9999.9	6.2	222
2025 08 30 15	0.28	0.27	3.5	3.5	3.7	0.65	-9999.9	3	129	-9999.9	56	-9999.9	3	17.4	8.0	108	3	1013.8	-9999.9	6.0	228
2025 08 30 16	0.26	0.24	3.9	3.8	5.8	0.44	-9999.9	3	155	-9999.9	60	-9999.9	3	18.0	4.3	98	3	1013.7	-9999.9	5.7	231
2025 08 30 17	0.35	0.34	4.8	4.8	7.3	0.73	-9999.9	3	76	-9999.9	54	-9999.9	3	17.3	23.3	34	3	1013.5	-9999.9	6.7	226
2025 08 30 18	0.27	0.26	4.3	4.2	5.5	0.45	-9999.9	3	132	-9999.9	57	-9999.9	3	17.8	11.6	38	3	1013.3	-9999.9	6.7	233
2025 08 30 19	0.28	0.26	3.8	3.7	5.9	0.41	-9999.9	3	103	-9999.9	60	-9999.9	3	16.8	23.3	59	3	1013.4	-9999.9	6.1	236
2025 08 30 20	0.33	0.31	4.2	4.3	6.8	0.71	-9999.9	3	124	-9999.9	51	-9999.9	3	16.9	11.0	115	3	1014.0	-9999.9	5.2	219
2025 08 30 21	0.3	0.29	3.7	3.7	5.5	0.43	-9999.9	3	157	-9999.9	61	-9999.9	3	16.4	29.2	193	3	1014.3	-9999.9	4.9	225
2025 08 30 22	0.28	0.26	3.2	3.1	4.1	0.44	-9999.9	3	168	-9999.9	63	-9999.9	3	16.1	22.1	179	3	1014.1	-9999.9	4.6	211
2025 08 30 23	0.28	0.26	3.0	3.0	3.7	0.55	-9999.9	3	152	-9999.9	55	-9999.9	3	16.1	12.0	159	3	1013.8	-9999.9	2.8	224
2025 08 31 00	0.26	0.24	3.5	3.7	7.9	0.49	-9999.9	3	120	-9999.9	56	-9999.9	3	16.9	17.6	43	3	1013.6	-9999.9	6.5	228
2025 08 31 01	0.32	0.29	3.7	4.0	7.0	0.92	-9999.9	3	74	-9999.9	50	-9999.9	3	17.6	25.2	44	3	1013.1	-9999.9	6.7	239
2025 08 31 02	0.31	0.3	3.8	3.8	4.0	0.61	-9999.9	3	148	-9999.9	57	-9999.9	3	17.1	23.4	62	3	1012.7	-9999.9	7.6	229
2025 08 31 03	0.25	0.24	3.2	3.2	4.1	0.41	-9999.9	3	143	-9999.9	65	-9999.9	3	17.3	35.0	51	3	1012.7	-9999.9	5.6	239
2025 08 31 04	0.2	0.19	3.3	3.3	5.1	0.37	-9999.9	3	76	-9999.9	62	-9999.9	3	17.1	31.3	56	3	1012.6	-9999.9	6.9	242
2025 08 31 05	0.2	0.19	3.4	3.3	4.7	0.38	-9999.9	3	73	-9999.9	62	-9999.9	3	17.2	33.2	49	3	1012.8	-9999.9	6.8	251
2025 08 31 06	0.24	0.22	3.5	3.6	5.8	0.43	-9999.9	3	56	-9999.9	56	-9999.9	3	16.9	36.2	63	3	1013.1	-9999.9	7.9	250
2025 08 31 07	0.25	0.23	3.5	3.5	4.4	0.62	-9999.9	3	50	-9999.9	60	-9999.9	3	16.5	34.4	55	3	1013.5	-9999.9	8.6	253
2025 08 31 08	0.32	0.29	3.1	3.2	4.9	0.56	-9999.9	3	146	-9999.9	61	-9999.9	3	16.7	22.3	75	3	1013.4	-9999.9	9.1	238
2025 08 31 10	0.52	0.5	3.0	3.0	2.7	0.89	-9999.9	3	195	-9999.9	49	-9999.9	3	16.1	22.1	188	3	1014.2	-9999.9	9.8	241
2025 08 31 11	0.36	0.34	3.0	2.9	2.8	0.61	-9999.9	3	170	-9999.9	66	-9999.9	3	16.2	10.7	79	3	1014.2	-9999.9	10.6	245
2025 08 31 12	0.37	0.34	3.0	3.2	6.3	0.69	-9999.9	3	31	-9999.9	64	-9999.9	3	17.3	44.8	36	3	1013.7	-9999.9	10.3	229
2025 08 31 13	0.44	0.41	2.6	2.6	2.4	0.7	-9999.9	3	205	-9999.9	63	-9999.9	3	16.8	36.9	43	3	1013.1	-9999.9	12.0	246
2025 08 31 14	0.5	0.46	2.6	2.7	2.4	0.8	-9999.9	3	205	-9999.9	60	-9999.9	3	16.8	40.0	65	3	1012.5	-9999.9	11.8	244
2025 08 31 15	0.55	0.52	2.7	2.8	2.7	0.87	-9999.9	3	202	-9999.9	54	-9999.9	3	16.8	38.2	48	3	1012.5	-9999.9	11.2	232
2025 08 31 16	0.53	0.49	2.6	2.7	2.6	0.77	-9999.9	3	206	-9999.9	54	-9999.9	3	16.8	31.8	56	3	1012.4	-9999.9	11.0	230
2025 08 31 17	0.51	0.47	2.9	2.9	3.0	0.94	-9999.9	3	181	-9999.9	62	-9999.9	3	17.0	42.8	53	3	1012.6	-9999.9	10.6	235
2025 08 31 18	0.46	0.43	2.8	2.9	2.9	0.77	-9999.9	3	204	-9999.9	67	-9999.9	3	17.1	26.8	59	3	1012.9	-9999.9	9.9	250
2025 08 31 19	0.42	0.38	2.8	2.9	3.3	0.64	-9999.9	3	187	-9999.9	59	-9999.9	3	17.0	73.3	66	3	1013.2	-9999.9	8.9	248
2025 08 31 20	0.43	0.4	2.8	2.8	2.4	0.64	-9999.9	3	180	-9999.9	63	-9999.9	3	16.7	41.1	65	3	1014.2	-9999.9	7.0	257
2025 08 31 21	0.39	0.36	3.0	3.0	5.0	0.78	-9999.9	3	185	-9999.9	58	-9999.9	3	17.0	19.3	85	3	1014.3	-9999.9	8.0	248
2025 08 31 22	0.33	0.3	3.1	3.1	4.5	0.61	-9999.9	3	186	-9999.9	48	-9999.9	3	16.7	14.7	148	3	1014.5	-9999.9	5.4	261
2025 08 31 23	0.4	0.37	3.0	3.0	2.8	0.55	-9999.9	3	181	-9999.9	47	-9999.9	3	16.2	24.7	205	3	1014.7	-9999.9	5.5	238
2025 09 01 00	0.34	0.32	3.2	3.1	6.9	0.52	-9999.9	3	157	-9999.9	57	-9999.9	3	15.9	13.6	190	3	1014.6	-9999.9	5.2	230
2025 09 01 01	0.25	0.24	3.0	3.0	3.4	0.43	-9999.9	3	174	-9999.9	64	-9999.9	3	16.9	16.7	353	3	1014.4	-9999.9	5.4	234
2025 09 01 02	0.29	0.27	2.9	2.9	3.2	0.47	-9999.9	3	174	-9999.9	59	-9999.9	3	17.1	16.7	35	3	1014.4	-9999.9	3.4	238
2025 09 01 03	0.32	0.3	3.1	3.0	4.6	0.5	-9999.9	3	188	-9999.9	49	-9999.9	3	17.0	16.2	33	3	1014.5	-9999.9	2.3	316
2025 09 01 04	0.3	0.28	3.2	3.1	4.1	0.49	-9999.9	3	194	-9999.9	56	-9999.9	3	16.7	22.0	53	3	1014.4	-9999.9	6.1	295
2025 09 01 05	0.33	0.31	3.4	3.4	5.8	0.52	-9999.9	3	194	-9999.9	62	-9999.9	3	16.8	34.3	53	3	1014.6	-9999.9	8.5	328
2025 09 01 06	0.32	0.3	3.3	3.2	4.6	0.51	-9999.9	3	155	-9999.9	68	-9999.9	3	17.7	29.5	54	3	1015.4	-9999.9	7.0	333
2025 09 01 07	0.34	0.32	3.4	3.5	4.8	0.49	-9999.9	3	97	-9999.9	68	-9999.9	3	17.9	36.6	60	3	1015.8	-9999.9	7.4	326
2025 09 01 08	0.37	0.35	3.9	3.8	6.5	0.54	-9999.9	3	160	-9999.9	61	-9999.9	3	17.6	28.3	52	3	1016.4	-9999.9	4.9	329
2025 09 01 09	0.42	0.39	3.5	3.6	6.0	0.67	-9999.9	3	56	-9999.9	67	-9999.9	3	17.4	26.2	62	3	1017.0	-9999.9	2.1	266
2025 09 01 10	0.34	0.32	3.4	3.3	6.1	0.53	-9999.9	3	182	-9999.9	56	-9999.9	3	17.4	22.2	80	3	1017.3	-9999.9	5.7	348
2025 09 01 11	0.43	0.4	3.7	3.6	6.7	0.65	-9999.9	3	161	-9999.9	54	-9999.9	3	16.8	4.3	169	3	1017.1	-9999.9	4.6	281
2025 09 01 12	0.48	0.43	3.2	3.4	7.8	0.85	-9999.9	3	111	-9999.9	56	-9999.9	3	16.9	25.8	66	3	1016.9	-9999.9	6.5	265
2025 09 01 13	0.47	0.45	2.7	2.7	2.6	0.68	-9999.9	3	200	-9999.9	58	-9999.9	3	16.3	26.0	43	3	1016.4	-9999.9	11.1	242
2025 09 01 14	0.57	0.54	2.8	2.8	2.6	0.9	-9999.9	3	194	-9999.9	54	-9999.9	3	15.9	22.4	53	3	1015.5	-9999.9	11.4	236
2025 09 01 15	0.59	0.54	2.9	2.9	2.6	0.87	-9999.9	3	196	-9999.9	53	-9999.9	3	15.9	26.5	57	3	1015.3	-9999.9	11.3	239
2025 09 01 16	0.59	0.55	3.0	3.0	3.0	0.9	-9999.9	3	198	-9999.9	61	-9999.9	3	16.3	36.1	44	3	1015.1	-9999.9	11.4	239
2025 09 01 17	0.57	0.54	3.0	3.0	2.8	0.98	-9999.9	3	212	-9999.9	61	-9999.9	3	16.6	33.6	33	3	1015.3	-9999.9	10.1	241
2025 09 01 18	0.52	0.49	3.1	3.1	3.0	0.8	-9999.9	3	193	-9999.9	62	-9999.9	3	16.4	29.1	51	3	1016.0	-9999.9	8.2	265
2025 09 01 19	0.49	0.45	3.2	3.2	4.5	0.67	-9999.9	3	190	-9999.9	71	-9999.9	3	16.7	36.2	50	3	1016.7	-9999.9	7.6	280
2025 09 01 20	0.38	0.35	3.2	3.2	3.9	0.54	-9999.9	3	194	-9999.9	65	-9999.9	3	16.6	38.1	54	3	1017.3	-9999.9	7.4	312
2025 09 01 21	0.44	0.41	3.8	3.8	7.2	0.69	-9999.9	3	140	-9999.9	58	-9999.9	3	16.4	30.0	73	3	1018.0	-9999.9	2.9	43
2025 09 01 22	0.41	0.39	2.9	2.9	2.6	0.69	-9999.9	3	187	-9999.9	52	-9999.9	3	16.5	17.6	113	3	1018.1	-9999.9	6.5	212
2025 09 01 23	0.35	0.33	3.0	3.1	3.1	0.57	-9999.9	3	185	-9999.9	45	-9999.9	3	16.7	20.7	198	3	1018.1	-9999.9	6.6	229
2025 09 02 00	0.38	0.35	3.1	3.1	3.5	0.59	-9999.9	3	192	-9999.9	50	-9999.9	3	16.9	25.5	213	3	1018.0	-9999.9	5.0	241
2025 09 02 01	0.34	0.32	3.1	3.1	3.3	0.55	-9999.9	3	192	-9999.9	48	-9999.9	3	16.8	18.3	219	3	1017.7	-9999.9	5.0	243
2025 09 02 02	0.36	0.33	2.9	2.9	2.8	0.57	-9999.9	3	191	-9999.9	51	-9999.9	3	16.8	22.9	223	3	1017.3	-9999.9	6.2	248
2025 09 02 03	0.3	0.28	2.9	2.8	3.1	0.45	-9999.9	3	207	-9999.9	51	-9999.9	3	16.1	14.4	270	3	1017.0	-9999.9	3.7	248
2025 09 02 04	0.28	0.27	3.0	3.0	4.0	0.42	-9999.9	3	205	-9999.9	59	-9999.9	3	16.0	8.4	307	3	1017.1	-9999.9	0.9	20
2025 09 02 05	0.28	0.27	3.2	3.1	5.3	0.6	-9999.9	3	204	-9999.9	55	-9999.9	3	16.0	6.4	318	3	1017.3	-9999.9	2.0	239
2025 09 02 06	0.29	0.26	3.5	3.6	6.1	0.47	-9999.9	3	162	-9999.9	69	-9999.9	3	16.0	4.6	75	3	1017.2	-9999.9	3.2	234
2025 09 02 07	0.28	0.27	3.6	3.5	5.6	0.5	-9999.9	3	193	-9999.9	62	-9999.9	3	15.9	7.9	31	3	1017.4	-9999.9	2.2	242
2025 09 02 08	0.26	0.24	3.4	3.3	5.6	0.5	-9999.9	3	132	-9999.9	68	-9999.9	3	15.8	19.1	67	3	1017.9	-9999.9	4.0	239
2025 09 02 09	0.3	0.28	3.2	3.2	5.2	0.61	-9999.9	3	130	-9999.9	66	-9999.9	3	15.7	24.1	53	3	1018.1	-9999.9	7.3	225
2025 09 02 10	0.4	0.36	3.3	3.3	6.4	0.67	-9999.9	3	105	-9999.9	67	-9999.9	3	16.9	26.9	79	3	1018.1	-9999.9	8.1	238
2025 09 02 11	0.32	0.3	3.4	3.3	5.7	0.45	-9999.9	3	165	-9999.9	64	-9999.9	3	16.5	14.4	75	3	1017.8	-9999.9	6.5	234
2025 09 02 12	0.35	0.32	3.5	3.6	5.0	0.56	-9999.9	3	85	-9999.9	65	-9999.9	3	16.7	27.2	76	3	1017.6	-9999.9	5.0	220
2025 09 02 13	0.25	0.23	3.3	3.2	4.1	0.39	-9999.9	3	124	-9999.9	66	-9999.9	3	16.1	13.1	89	3	1017.0	-9999.9	5.0	232
2025 09 02 14	0.24	0.23	3.6	3.5	4.8	0.41	-9999.9	3	144	-9999.9	61	-9999.9	3	16.1	14.9	58	3	1016.3	-9999.9	5.9	227
2025 09 02 15	0.24	0.23	3.6	3.5	4.2	0.38	-9999.9	3	140	-9999.9	65	-9999.9	3	16.6	17.2	37	3	1016.0	-9999.9	3.9	227
2025 09 02 16	0.27	0.26	3.6	3.5	4.8	0.46	-9999.9	3	166	-9999.9	61	-9999.9	3	16.1	15.1	47	3	1015.8	-9999.9	4.2	233
2025 09 02 17	0.32	0.31	3.9	4.0	6.4	0.61	-9999.9	3	95	-9999.9	57	-9999.9	3	16.6	22.1	55	3	1015.7	-9999.9	3.2	237
2025 09 02 18	0.31	0.29	3.7	3.7	3.9	0.56	-9999.9	3	128	-9999.9	58	-9999.9	3	16.2	16.2	68	3	1016.0	-9999.9	3.2	235
2025 09 02 19	0.31	0.27	3.8	4.2	7.6	0.73	-9999.9	3	55	-9999.9	57	-9999.9	3	16.6	21.3	65	3	1016.3	-9999.9	1.2	224
2025 09 02 20	0.27	0.26	3.6	3.5	5.1	0.47	-9999.9	3	100	-9999.9	63	-9999.9	3	16.7	24.7	64	3	1017.1	-9999.9	1.4	10
2025 09 02 21	0.37	0.34	4.4	4.5	7.0	0.74	-9999.9	3	96	-9999.9	49	-9999.9	3	16.4	24.0	67	3	1017.4	-9999.9	2.8	9
2025 09 02 22	0.29	0.27	3.8	3.9	6.1	0.46	-9999.9	3	76	-9999.9	55	-9999.9	3	16.3	16.4	89	3	1017.5	-9999.9	3.3	15
2025 09 02 23	0.26	0.25	4.3	4.1	5.3	0.52	-9999.9	3	137	-9999.9	51	-9999.9	3	16.2	12.0	156	3	1017.3	-9999.9	4.0	342
2025 09 03 00	0.24	0.22	3.7	3.6	4.4	0.43	-9999.9	3	137	-9999.9	59	-9999.9	3	16.4	29.4	196	3	1016.9	-9999.9	4.4	15
2025 09 03 01	0.26	0.25	4.2	4.0	5.1	0.44	-9999.9	3	164	-9999.9	50	-9999.9	3	15.8	33.9	184	3	1016.4	-9999.9	4.6	357
2025 09 03 02	0.22	0.2	4.0	4.0	5.8	0.32	-9999.9	3	176	-9999.9	58	-9999.9	3	16.0	32.3	183	3	1016.2	-9999.9	3.9	12
2025 09 03 03	0.2	0.19	3.6	3.6	5.5	0.34	-9999.9	3	109	-9999.9	62	-9999.9	3	15.8	23.2	224	3	1015.9	-9999.9	4.5	10
2025 09 03 04	0.2	0.19	3.2	3.2	3.0	0.3	-9999.9	3	153	-9999.9	61	-9999.9	3	15.5	12.7	234	3	1015.7	-9999.9	4.6	1
2025 09 03 05	0.18	0.17	3.4	3.3	4.7	0.23	-9999.9	3	112	-9999.9	56	-9999.9	3	15.8	7.1	347	3	1015.9	-9999.9	3.9	11
2025 09 03 06	0.18	0.17	3.4	3.4	4.3	0.31	-9999.9	3	66	-9999.9	53	-9999.9	3	-9999.9	16.6	19	3	1016.3	-9999.9	3.5	16
2025 09 03 07	0.22	0.21	3.6	3.6	3.7	0.33	-9999.9	3	97	-9999.9	58	-9999.9	3	-9999.9	13.5	51	3	1016.6	-9999.9	3.2	15
2025 09 03 08	0.27	0.24	4.2	4.6	9.4	0.58	-9999.9	3	106	-9999.9	43	-9999.9	3	18.7	20.1	57	3	1016.9	-9999.9	4.1	353
2025 09 03 09	0.27	0.25	3.6	3.7	6.2	0.64	-9999.9	3	58	-9999.9	53	-9999.9	3	18.3	11.2	66	3	1017.3	-9999.9	3.1	18
2025 09 03 10	0.27	0.26	4.1	4.2	8.9	0.51	-9999.9	3	50	-9999.9	46	-9999.9	3	18.6	20.8	58	3	1017.4	-9999.9	2.5	23
2025 09 03 11	0.24	0.22	3.5	3.3	4.7	0.45	-9999.9	3	83	-9999.9	64	-9999.9	3	19.7	24.2	59	3	1017.3	-9999.9	1.5	38
2025 09 03 12	0.35	0.31	3.9	4.1	7.9	0.65	-9999.9	3	94	-9999.9	48	-9999.9	3	20.3	19.6	76	3	1017.0	-9999.9	2.1	11
2025 09 03 13	0.28	0.27	3.5	3.5	4.6	0.53	-9999.9	3	79	-9999.9	58	-9999.9	3	19.6	18.9	94	3	1016.3	-9999.9	2.1	15
2025 09 03 14	0.25	0.24	3.5	3.5	5.0	0.45	-9999.9	3	91	-9999.9	57	-9999.9	3	19.5	10.7	79	3	1015.6	-9999.9	1.5	21
2025 09 03 15	0.27	0.24	3.9	4.2	8.9	0.6	-9999.9	3	89	-9999.9	45	-9999.9	3	19.2	8.7	41	3	1015.3	-9999.9	1.7	17
2025 09 03 16	0.21	0.2	3.7	3.6	4.9	0.34	-9999.9	3	83	-9999.9	61	-9999.9	3	18.8	23.0	15	3	1014.9	-9999.9	2.3	0
2025 09 03 17	0.28	0.26	4.0	3.9	5.1	0.4	-9999.9	3	64	-9999.9	54	-9999.9	3	17.8	17.9	38	3	1014.9	-9999.9	1.8	39
2025 09 03 18	0.31	0.27	3.9	4.2	8.7	0.57	-9999.9	3	93	-9999.9	46	-9999.9	3	18.4	15.8	51	3	1014.9	-9999.9	0.8	3
2025 09 03 19	0.25	0.24	4.1	4.0	6.6	0.39	-9999.9	3	79	-9999.9	58	-9999.9	3	19.4	22.7	65	3	1014.9	-9999.9	1.9	14
2025 09 03 20	0.34	0.32	3.9	3.9	3.8	0.55	-9999.9	3	74	-9999.9	44	-9999.9	3	18.8	28.0	63	3	1015.4	-9999.9	1.0	348
2025 09 03 21	0.23	0.22	4.0	3.9	4.3	0.38	-9999.9	3	70	-9999.9	56	-9999.9	3	20.2	32.6	55	3	1015.6	-9999.9	1.2	5
2025 09 03 22	0.29	0.27	4.0	4.0	6.1	0.5	-9999.9	3	70	-9999.9	53	-9999.9	3	20.5	33.6	60	3	1015.8	-9999.9	2.2	349
2025 09 03 23	0.26	0.26	3.9	4.0	4.4	0.45	-9999.9	3	102	-9999.9	56	-9999.9	3	19.7	17.1	75	3	1015.9	-9999.9	2.8	347
2025 09 04 00	0.26	0.25	3.9	3.8	6.2	0.41	-9999.9	3	130	-9999.9	52	-9999.9	3	19.5	11.1	115	3	1015.5	-9999.9	3.3	1
2025 09 04 01	0.23	0.22	3.7	3.6	4.7	0.39	-9999.9	3	129	-9999.9	50	-9999.9	3	19.6	15.5	184	3	1015.1	-9999.9	3.1	2
2025 09 04 02	0.21	0.2	3.7	3.8	5.0	0.32	-9999.9	3	152	-9999.9	52	-9999.9	3	18.0	14.0	205	3	1015.0	-9999.9	2.5	11
2025 09 04 03	0.24	0.23	3.8	3.6	4.6	0.37	-9999.9	3	154	-9999.9	55	-9999.9	3	16.8	30.9	199	3	1014.8	-9999.9	3.8	350
2025 09 04 04	0.23	0.23	3.5	3.4	3.2	0.47	-9999.9	3	156	-9999.9	55	-9999.9	3	16.5	31.6	194	3	1014.6	-9999.9	3.4	8
2025 09 04 05	0.22	0.21	3.4	3.3	4.0	0.31	-9999.9	3	156	-9999.9	60	-9999.9	3	16.4	27.6	206	3	1014.8	-9999.9	3.8	2
2025 09 04 06	0.23	0.22	3.3	3.3	4.4	0.41	-9999.9	3	117	-9999.9	60	-9999.9	3	16.7	6.5	191	3	1014.9	-9999.9	4.1	341
2025 09 04 07	0.21	0.2	3.4	3.3	3.8	0.32	-9999.9	3	138	-9999.9	66	-9999.9	3	16.7	7.1	39	3	1015.2	-9999.9	2.7	1
2025 09 04 08	0.22	0.2	3.7	3.8	6.6	0.33	-9999.9	3	107	-9999.9	61	-9999.9	3	-9999.9	9.9	20	3	1015.6	-9999.9	1.1	210
2025 09 04 09	0.27	0.25	3.7	3.7	4.9	0.51	-9999.9	3	91	-9999.9	62	-9999.9	3	-9999.9	11.4	36	3	1016.0	-9999.9	2.8	207
2025 09 04 10	0.25	0.24	3.6	3.5	5.3	0.42	-9999.9	3	123	-9999.9	59	-9999.9	3	19.0	19.1	64	3	1016.0	-9999.9	4.7	223
2025 09 04 11	0.26	0.24	3.8	3.7	5.5	0.39	-9999.9	3	118	-9999.9	67	-9999.9	3	18.8	17.6	69	3	1015.5	-9999.9	5.3	229
2025 09 04 12	0.32	0.29	3.9	4.4	8.8	0.72	-9999.9	3	131	-9999.9	53	-9999.9	3	17.4	11.9	80	3	1015.1	-9999.9	6.3	229
2025 09 04 13	0.25	0.24	3.8	3.8	5.1	0.47	-9999.9	3	82	-9999.9	71	-9999.9	3	17.0	13.1	99	3	1014.4	-9999.9	6.7	228
2025 09 04 14	0.23	0.22	3.1	3.1	4.5	0.42	-9999.9	3	172	-9999.9	63	-9999.9	3	17.9	15.7	85	3	1013.9	-9999.9	7.2	217
2025 09 04 15	0.38	0.36	3.2	3.2	3.6	0.66	-9999.9	3	185	-9999.9	44	-9999.9	3	16.8	20.9	200	3	1013.1	-9999.9	7.0	211
2025 09 04 16	0.36	0.34	2.7	2.7	2.5	0.56	-9999.9	3	195	-9999.9	56	-9999.9	3	16.7	16.4	163	3	1012.9	-9999.9	7.6	220
2025 09 04 17	0.26	0.24	3.1	3.1	5.4	0.35	-9999.9	3	150	-9999.9	62	-9999.9	3	17.6	13.4	10	3	1012.9	-9999.9	8.5	228
2025 09 04 18	0.29	0.27	3.0	2.9	4.2	0.56	-9999.9	3	196	-9999.9	67	-9999.9	3	17.5	13.5	19	3	1012.9	-9999.9	6.5	237
2025 09 04 19	0.36	0.33	3.4	3.5	6.1	0.81	-9999.9	3	97	-9999.9	63	-9999.9	3	17.4	12.4	49	3	1013.2	-9999.9	5.5	233
2025 09 04 20	0.27	0.25	3.2	3.2	5.4	0.53	-9999.9	3	79	-9999.9	60	-9999.9	3	17.3	5.9	116	3	1013.5	-9999.9	3.5	234
2025 09 04 21	0.29	0.26	3.4	3.4	5.6	0.59	-9999.9	3	124	-9999.9	58	-9999.9	3	17.2	2.7	90	3	1013.9	-9999.9	2.6	356
2025 09 04 22	0.23	0.22	3.8	4.0	6.9	0.44	-9999.9	3	81	-9999.9	58	-9999.9	3	17.1	7.0	28	3	1014.1	-9999.9	1.8	25
2025 09 04 23	0.26	0.24	4.1	4.3	6.7	0.46	-9999.9	3	96	-9999.9	51	-9999.9	3	18.8	12.1	84	3	1014.0	-9999.9	2.6	21
2025 09 05 00	0.29	0.28	4.2	4.1	5.2	0.44	-9999.9	3	140	-9999.9	50	-9999.9	3	18.4	15.1	106	3	1014.2	-9999.9	3.3	22
2025 09 05 01	0.24	0.23	4.1	3.9	5.7	0.35	-9999.9	3	137	-9999.9	59	-9999.9	3	18.0	13.1	112	3	1014.0	-9999.9	4.0	360
2025 09 05 02	0.25	0.24	4.1	4.1	5.0	0.42	-9999.9	3	127	-9999.9	59	-9999.9	3	17.8	7.6	95	3	1013.6	-9999.9	4.6	355
2025 09 05 03	0.23	0.22	4.1	3.9	5.4	0.35	-9999.9	3	138	-9999.9	52	-9999.9	3	17.3	4.3	94	3	1013.3	-9999.9	4.3	355
2025 09 05 04	0.21	0.2	3.9	3.9	5.4	0.4	-9999.9	3	143	-9999.9	56	-9999.9	3	17.7	6.0	198	3	1013.5	-9999.9	4.6	358
2025 09 05 05	0.24	0.23	3.9	3.9	4.9	0.37	-9999.9	3	160	-9999.9	58	-9999.9	3	17.5	18.0	186	3	1013.9	-9999.9	5.4	352
2025 09 05 06	0.27	0.25	3.8	3.8	4.3	0.5	-9999.9	3	140	-9999.9	63	-9999.9	3	17.2	7.5	216	3	1014.4	-9999.9	5.6	351
2025 09 05 07	0.26	0.25	3.6	3.4	5.0	0.52	-9999.9	3	104	-9999.9	60	-9999.9	3	16.9	4.5	202	3	1014.8	-9999.9	4.9	357
2025 09 05 09	0.26	0.24	3.5	3.5	6.1	0.49	-9999.9	3	56	-9999.9	54	-9999.9	3	17.5	11.6	11	3	1015.7	-9999.9	3.8	25
2025 09 05 10	0.29	0.27	3.3	3.4	5.5	0.58	-9999.9	3	61	-9999.9	49	-9999.9	3	-9999.9	5.2	82	3	1015.9	-9999.9	5.7	52
2025 09 05 11	0.33	0.31	3.3	3.2	4.1	0.61	-9999.9	3	87	-9999.9	52	-9999.9	3	20.1	7.7	65	3	1016.2	-9999.9	5.3	58
2025 09 05 12	0.38	0.36	3.2	3.2	3.5	0.7	-9999.9	3	94	-9999.9	48	-9999.9	3	20.5	8.6	65	3	1016.2	-9999.9	5.7	65
2025 09 05 13	0.44	0.4	3.5	3.5	5.8	0.71	-9999.9	3	98	-9999.9	45	-9999.9	3	19.0	5.1	60	3	1016.1	-9999.9	6.2	56
2025 09 05 14	0.51	0.48	3.3	3.3	4.5	0.72	-9999.9	3	80	-9999.9	51	-9999.9	3	17.5	20.6	81	3	1015.7	-9999.9	6.2	56
2025 09 05 17	0.42	0.4	3.4	3.3	3.9	0.63	-9999.9	3	110	-9999.9	55	-9999.9	3	18.3	16.5	208	3	1015.4	-9999.9	5.7	35
2025 09 05 18	0.37	0.36	3.7	3.7	4.6	0.64	-9999.9	3	94	-9999.9	46	-9999.9	3	18.5	7.4	249	3	1015.5	-9999.9	5.5	32
2025 09 05 19	0.53	0.49	3.5	3.8	5.5	1.04	-9999.9	3	72	-9999.9	43	-9999.9	3	18.6	5.1	190	3	1015.6	-9999.9	6.1	26
2025 09 05 20	0.5	0.48	3.4	3.4	4.6	0.78	-9999.9	3	81	-9999.9	44	-9999.9	3	18.6	5.0	171	3	1016.2	-9999.9	6.4	44
2025 09 05 21	0.55	0.52	3.8	3.7	4.7	0.88	-9999.9	3	97	-9999.9	46	-9999.9	3	18.6	10.7	181	3	1016.7	-9999.9	5.7	49
2025 09 05 22	0.55	0.52	3.6	3.6	4.7	0.91	-9999.9	3	79	-9999.9	44	-9999.9	3	18.3	5.3	166	3	1016.4	-9999.9	6.1	22
2025 09 05 23	0.43	0.4	3.6	3.6	4.8	0.6	-9999.9	3	103	-9999.9	46	-9999.9	3	18.2	14.5	145	3	1017.0	-9999.9	5.3	51
2025 09 06 00	0.47	0.44	3.7	3.7	4.9	0.75	-9999.9	3	104	-9999.9	46	-9999.9	3	-9999.9	13.2	137	3	1016.5	-9999.9	6.0	58
2025 09 06 01	0.47	0.45	3.9	3.9	5.7	0.72	-9999.9	3	86	-9999.9	41	-9999.9	3	20.5	17.1	199	3	1016.3	-9999.9	5.4	39
2025 09 06 03	0.57	0.55	4.4	4.4	6.3	0.93	-9999.9	3	99	-9999.9	35	-9999.9	3	19.1	6.0	344	3	1015.6	-9999.9	5.2	53
2025 09 06 04	0.76	0.74	4.8	4.8	6.2	1.47	-9999.9	3	110	-9999.9	35	-9999.9	3	20.2	16.0	6	3	1015.3	-9999.9	5.4	68
2025 09 06 06	1.04	1.0	4.9	5.0	6.3	1.61	-9999.9	3	107	-9999.9	34	-9999.9	3	18.8	12.5	244	3	1015.6	-9999.9	6.1	55
2025 09 06 07	0.99	0.96	4.8	4.8	6.5	1.76	-9999.9	3	106	-9999.9	36	-9999.9	3	18.7	5.6	248	3	1015.8	-9999.9	5.0	67
2025 09 06 08	1.17	1.13	5.1	4.9	6.9	1.88	-9999.9	3	105	-9999.9	36	-9999.9	3	18.8	3.9	220	3	1016.2	-9999.9	5.1	50
2025 09 10 21	0.5	0.47	2.9	3.0	2.8	0.75	-9999.9	3	193	-9999.9	57	-9999.9	3	15.7	43.3	165	3	1019.6	-9999.9	8.2	235
2025 09 10 22	0.37	0.35	2.6	2.5	2.5	0.58	-9999.9	3	204	-9999.9	63	-9999.9	3	16.2	11.3	179	3	1019.7	-9999.9	7.3	239
2025 09 10 23	0.32	0.31	2.5	2.5	2.3	0.63	-9999.9	3	194	-9999.9	63	-9999.9	3	16.9	12.7	165	3	1019.4	-9999.9	7.9	248
2025 09 11 00	0.29	0.27	2.6	2.6	2.4	0.41	-9999.9	3	190	-9999.9	57	-9999.9	3	16.6	19.9	210	3	1019.2	-9999.9	7.5	231
2025 09 11 01	0.29	0.28	2.5	2.5	2.3	0.48	-9999.9	3	209	-9999.9	56	-9999.9	3	16.4	7.0	281	3	1018.6	-9999.9	8.4	249
2025 09 11 02	0.23	0.22	2.4	2.5	2.2	0.43	-9999.9	3	123	-9999.9	63	-9999.9	3	15.9	20.8	28	3	1018.3	-9999.9	8.1	242
2025 09 11 03	0.25	0.23	2.8	2.9	5.0	0.38	-9999.9	3	70	-9999.9	63	-9999.9	3	16.4	45.9	33	3	1018.1	-9999.9	7.5	236
2025 09 11 04	0.29	0.28	3.1	3.1	5.5	0.49	-9999.9	3	159	-9999.9	57	-9999.9	3	16.1	46.2	32	3	1017.8	-9999.9	7.8	232
2025 09 11 05	0.27	0.25	3.1	3.0	4.2	0.45	-9999.9	3	175	-9999.9	62	-9999.9	3	16.3	25.6	81	3	1018.0	-9999.9	8.9	238
2025 09 11 06	0.24	0.23	3.3	3.2	4.4	0.38	-9999.9	3	162	-9999.9	68	-9999.9	3	16.0	5.6	94	3	1018.3	-9999.9	8.3	223
2025 09 11 07	0.36	0.33	2.9	3.0	3.5	0.56	-9999.9	3	195	-9999.9	58	-9999.9	3	15.6	14.3	143	3	1018.5	-9999.9	9.6	246
2025 09 11 08	0.38	0.35	3.0	3.0	2.6	0.61	-9999.9	3	195	-9999.9	54	-9999.9	3	15.3	10.3	167	3	1019.3	-9999.9	8.3	225
2025 09 11 09	0.47	0.45	3.0	2.9	2.7	0.83	-9999.9	3	215	-9999.9	53	-9999.9	3	15.3	18.2	150	3	1019.6	-9999.9	9.4	230
2025 09 11 10	0.38	0.36	2.7	2.8	2.7	0.74	-9999.9	3	224	-9999.9	54	-9999.9	3	15.2	11.4	147	3	1019.7	-9999.9	9.2	218
2025 09 11 11	0.31	0.28	3.5	3.5	7.4	0.43	-9999.9	3	89	-9999.9	52	-9999.9	3	16.1	10.3	78	3	1019.6	-9999.9	9.1	230
2025 09 11 12	0.43	0.4	2.7	2.8	2.6	0.69	-9999.9	3	214	-9999.9	58	-9999.9	3	16.9	16.5	78	3	1019.3	-9999.9	8.3	229
2025 09 11 13	0.39	0.37	2.6	2.6	2.4	0.75	-9999.9	3	212	-9999.9	57	-9999.9	3	16.7	11.2	127	3	1018.8	-9999.9	7.5	245
2025 09 11 14	0.3	0.27	2.6	2.6	2.5	0.49	-9999.9	3	169	-9999.9	65	-9999.9	3	16.7	11.3	46	3	1018.3	-9999.9	8.0	236
2025 09 11 15	0.31	0.28	2.8	2.8	3.3	0.52	-9999.9	3	156	-9999.9	66	-9999.9	3	16.1	22.6	51	3	1017.6	-9999.9	7.4	235
2025 09 11 16	0.29	0.26	2.8	2.8	2.4	0.56	-9999.9	3	162	-9999.9	69	-9999.9	3	16.3	34.7	31	3	1017.4	-9999.9	7.9	238
2025 09 11 17	0.23	0.21	3.1	3.1	5.4	0.34	-9999.9	3	126	-9999.9	69	-9999.9	3	16.3	26.9	95	3	1017.3	-9999.9	8.8	228
2025 09 11 18	0.25	0.23	3.2	3.1	5.1	0.41	-9999.9	3	144	-9999.9	62	-9999.9	3	16.7	35.6	48	3	1017.3	-9999.9	8.0	239
2025 09 11 19	0.31	0.29	3.5	3.6	5.2	0.44	-9999.9	3	157	-9999.9	61	-9999.9	3	16.1	10.0	64	3	1017.7	-9999.9	7.6	237
2025 09 11 20	0.3	0.28	3.6	3.7	5.9	0.54	-9999.9	3	155	-9999.9	54	-9999.9	3	14.9	22.4	183	3	1018.2	-9999.9	5.7	226
2025 09 11 21	0.36	0.33	3.5	3.5	3.5	0.63	-9999.9	3	166	-9999.9	56	-9999.9	3	14.7	18.7	206	3	1018.4	-9999.9	3.1	249
2025 09 11 22	0.23	0.21	2.8	2.8	2.8	0.31	-9999.9	3	203	-9999.9	66	-9999.9	3	14.8	14.9	193	3	1018.6	-9999.9	2.1	229
2025 09 11 23	0.17	0.17	3.5	3.4	4.3	0.29	-9999.9	3	50	-9999.9	62	-9999.9	3	16.0	24.5	13	3	1018.5	-9999.9	4.2	233
2025 09 12 00	0.18	0.17	3.5	3.5	4.7	0.27	-9999.9	3	76	-9999.9	56	-9999.9	3	16.6	31.2	38	3	1018.2	-9999.9	0.8	265
2025 09 12 01	0.2	0.19	3.4	3.4	3.8	0.39	-9999.9	3	99	-9999.9	57	-9999.9	3	16.7	16.0	55	3	1017.9	-9999.9	3.4	2
2025 09 12 03	0.12	0.12	3.3	3.4	4.6	0.2	-9999.9	3	68	-9999.9	59	-9999.9	3	16.6	22.3	41	3	1017.4	-9999.9	4.2	351
2025 09 12 04	0.18	0.18	4.2	4.2	5.3	0.37	-9999.9	3	138	-9999.9	45	-9999.9	3	15.7	35.2	51	3	1017.3	-9999.9	2.9	19
2025 09 12 05	0.17	0.17	3.9	3.9	5.3	0.33	-9999.9	3	86	-9999.9	62	-9999.9	3	16.3	72.1	78	3	1017.5	-9999.9	3.9	359
2025 09 12 06	0.18	0.17	3.6	3.4	3.2	0.28	-9999.9	3	93	-9999.9	61	-9999.9	3	16.2	14.2	120	3	1017.8	-9999.9	4.0	354
2025 09 12 07	0.31	0.27	3.9	4.1	8.0	0.63	-9999.9	3	83	-9999.9	44	-9999.9	3	15.6	10.6	77	3	1018.0	-9999.9	4.8	356
2025 09 12 08	0.25	0.23	3.9	3.9	6.7	0.35	-9999.9	3	103	-9999.9	53	-9999.9	3	15.7	12.5	178	3	1018.3	-9999.9	3.9	340
2025 09 12 09	0.24	0.23	3.2	3.1	3.2	0.44	-9999.9	3	158	-9999.9	65	-9999.9	3	15.7	11.6	201	3	1018.9	-9999.9	3.6	72
2025 09 12 10	0.28	0.25	3.2	3.5	6.1	0.48	-9999.9	3	72	-9999.9	51	-9999.9	3	15.6	8.5	194	3	1019.5	-9999.9	2.9	56
2025 09 12 11	0.25	0.24	4.3	4.6	7.4	0.41	-9999.9	3	88	-9999.9	41	-9999.9	3	16.8	19.9	43	3	1019.3	-9999.9	3.4	46
2025 09 12 12	0.19	0.18	3.3	3.2	3.9	0.29	-9999.9	3	95	-9999.9	58	-9999.9	3	17.5	14.0	65	3	1018.8	-9999.9	3.6	53
2025 09 12 13	0.31	0.29	3.6	3.5	4.8	0.55	-9999.9	3	83	-9999.9	49	-9999.9	3	18.6	14.2	66	3	1018.5	-9999.9	3.1	62
2025 09 12 14	0.32	0.3	3.5	3.5	4.8	0.53	-9999.9	3	76	-9999.9	48	-9999.9	3	18.8	7.1	0	3	1017.9	-9999.9	2.5	52
2025 09 12 16	0.18	0.17	3.1	3.1	4.1	0.29	-9999.9	3	88	-9999.9	59	-9999.9	3	18.3	8.9	33	3	1017.2	-9999.9	2.8	11
2025 09 12 17	0.21	0.19	3.4	3.4	4.0	0.32	-9999.9	3	99	-9999.9	60	-9999.9	3	18.4	13.3	77	3	1017.1	-9999.9	3.2	5
2025 09 12 19	0.34	0.31	3.7	3.9	9.0	0.59	-9999.9	3	106	-9999.9	46	-9999.9	3	17.1	18.2	85	3	1017.4	-9999.9	3.2	360
2025 09 12 20	0.27	0.24	3.9	4.0	7.8	0.42	-9999.9	3	134	-9999.9	49	-9999.9	3	16.4	12.1	177	3	1017.8	-9999.9	4.1	353
2025 09 12 21	0.24	0.23	3.7	3.7	7.0	0.37	-9999.9	3	148	-9999.9	58	-9999.9	3	15.6	28.5	194	3	1018.1	-9999.9	4.7	352
2025 09 12 22	0.24	0.23	3.2	3.2	3.7	0.4	-9999.9	3	143	-9999.9	55	-9999.9	3	15.5	20.2	223	3	1018.2	-9999.9	4.2	1
2025 09 12 23	0.21	0.2	3.1	3.0	3.5	0.32	-9999.9	3	145	-9999.9	57	-9999.9	3	15.2	14.9	208	3	1017.7	-9999.9	4.1	12
2025 09 13 00	0.18	0.18	3.1	3.1	3.5	0.31	-9999.9	3	98	-9999.9	62	-9999.9	3	15.8	7.8	334	3	1017.4	-9999.9	4.2	344
2025 09 13 01	0.23	0.23	3.4	3.4	4.0	0.41	-9999.9	3	91	-9999.9	46	-9999.9	3	17.4	11.0	139	3	1017.3	-9999.9	3.9	0
2025 09 13 02	0.25	0.24	3.4	3.4	3.8	0.49	-9999.9	3	105	-9999.9	49	-9999.9	3	17.5	23.8	33	3	1017.1	-9999.9	4.0	14
2025 09 13 03	0.2	0.19	3.4	3.4	4.0	0.32	-9999.9	3	97	-9999.9	51	-9999.9	3	17.1	15.4	69	3	1017.0	-9999.9	4.5	5
2025 09 13 04	0.22	0.2	3.6	3.7	5.3	0.47	-9999.9	3	99	-9999.9	52	-9999.9	3	17.0	33.5	46	3	1016.9	-9999.9	4.1	3
2025 09 13 05	0.2	0.19	3.6	3.6	4.9	0.34	-9999.9	3	72	-9999.9	56	-9999.9	3	15.5	34.5	47	3	1017.0	-9999.9	3.4	23
2025 09 13 06	0.25	0.24	3.9	3.8	5.7	0.37	-9999.9	3	42	-9999.9	62	-9999.9	3	16.4	30.1	68	3	1017.5	-9999.9	3.5	14
2025 09 13 11	0.25	0.23	3.4	3.4	9.1	0.52	-9999.9	3	87	-9999.9	55	-9999.9	3	17.1	29.9	18	3	1018.7	-9999.9	2.2	102
2025 09 13 12	0.22	0.21	3.4	3.3	3.3	0.35	-9999.9	3	64	-9999.9	55	-9999.9	3	17.8	26.8	35	3	1018.6	-9999.9	1.1	112
2025 09 13 14	0.29	0.27	3.4	3.3	3.5	0.54	-9999.9	3	110	-9999.9	55	-9999.9	3	19.1	12.0	80	3	1017.3	-9999.9	0.7	77
2025 09 13 15	0.28	0.26	3.3	3.3	4.6	0.45	-9999.9	3	115	-9999.9	50	-9999.9	3	19.1	2.4	7	3	1017.1	-9999.9	0.9	340
2025 09 13 16	0.26	0.22	3.9	4.3	8.7	0.57	-9999.9	3	96	-9999.9	40	-9999.9	3	19.2	6.4	313	3	1016.5	-9999.9	0.9	71
2025 09 13 17	0.24	0.22	3.8	3.9	7.5	0.43	-9999.9	3	86	-9999.9	50	-9999.9	3	18.5	19.0	30	3	1016.7	-9999.9	1.8	218
2025 09 13 18	0.28	0.25	4.1	4.3	9.3	0.57	-9999.9	3	120	-9999.9	49	-9999.9	3	18.9	0.5	112	3	1016.5	-9999.9	6.0	231
2025 09 13 19	0.3	0.29	4.2	3.9	6.0	0.49	-9999.9	3	91	-9999.9	59	-9999.9	3	17.7	6.3	48	3	1016.8	-9999.9	7.0	233
2025 09 13 20	0.27	0.26	3.5	3.6	6.3	0.42	-9999.9	3	132	-9999.9	56	-9999.9	3	17.7	7.4	223	3	1017.5	-9999.9	5.8	226
2025 09 13 21	0.31	0.28	3.3	3.4	9.3	0.48	-9999.9	3	159	-9999.9	54	-9999.9	3	17.4	6.3	243	3	1017.8	-9999.9	6.3	225
2025 09 13 22	0.32	0.31	2.9	3.0	2.7	0.54	-9999.9	3	213	-9999.9	54	-9999.9	3	16.9	19.4	237	3	1017.9	-9999.9	7.3	238
2025 09 13 23	0.37	0.35	3.2	3.1	3.1	0.58	-9999.9	3	211	-9999.9	47	-9999.9	3	16.0	21.1	245	3	1017.6	-9999.9	7.3	234
2025 09 14 00	0.33	0.32	2.8	2.8	2.7	0.59	-9999.9	3	208	-9999.9	58	-9999.9	3	15.7	15.1	223	3	1017.5	-9999.9	7.1	226
2025 09 14 01	0.28	0.27	3.2	3.2	6.0	0.43	-9999.9	3	134	-9999.9	52	-9999.9	3	15.8	5.2	210	3	1017.4	-9999.9	5.7	206
2025 09 14 02	0.15	0.14	3.3	3.3	5.1	0.31	-9999.9	3	130	-9999.9	68	-9999.9	3	17.1	13.0	312	3	1017.1	-9999.9	6.5	234
2025 09 14 03	0.15	0.14	3.7	3.7	7.0	0.26	-9999.9	3	115	-9999.9	58	-9999.9	3	17.5	20.7	53	3	1016.9	-9999.9	7.3	244
2025 09 14 04	0.23	0.22	3.7	3.8	4.1	0.52	-9999.9	3	133	-9999.9	56	-9999.9	3	17.1	6.9	266	3	1016.7	-9999.9	6.7	239
2025 09 14 05	0.2	0.19	3.6	3.7	5.0	0.32	-9999.9	3	116	-9999.9	64	-9999.9	3	17.1	32.4	45	3	1016.9	-9999.9	6.7	241
2025 09 14 06	0.27	0.25	3.7	3.7	4.7	0.37	-9999.9	3	240	-9999.9	59	-9999.9	3	16.1	23.7	73	3	1017.3	-9999.9	7.4	243
2025 09 14 07	0.27	0.25	3.1	3.0	4.8	0.42	-9999.9	3	213	-9999.9	66	-9999.9	3	16.4	30.7	53	3	1017.6	-9999.9	8.9	237
2025 09 14 08	0.32	0.29	2.8	2.8	2.8	0.5	-9999.9	3	200	-9999.9	58	-9999.9	3	16.3	16.6	87	3	1017.9	-9999.9	8.7	237
2025 09 14 09	0.41	0.39	2.8	2.8	2.5	0.7	-9999.9	3	199	-9999.9	51	-9999.9	3	15.5	34.5	158	3	1018.5	-9999.9	9.3	219
2025 09 14 10	0.44	0.41	2.8	2.9	2.6	0.65	-9999.9	3	203	-9999.9	51	-9999.9	3	15.6	25.3	177	3	1018.8	-9999.9	8.6	223
2025 09 14 11	0.4	0.38	3.0	2.9	3.2	0.77	-9999.9	3	214	-9999.9	60	-9999.9	3	15.8	15.5	142	3	1018.7	-9999.9	8.7	247
2025 09 14 12	0.28	0.26	3.4	3.3	4.7	0.4	-9999.9	3	60	-9999.9	69	-9999.9	3	16.5	20.9	50	3	1018.5	-9999.9	8.6	252
2025 09 14 13	0.3	0.28	3.4	3.3	5.4	0.44	-9999.9	3	107	-9999.9	66	-9999.9	3	16.5	18.3	58	3	1018.3	-9999.9	7.6	249
2025 09 14 14	0.41	0.39	3.0	2.9	4.8	0.62	-9999.9	3	168	-9999.9	67	-9999.9	3	17.4	29.8	42	3	1017.8	-9999.9	7.2	215
2025 09 14 15	0.38	0.35	3.3	3.4	6.0	0.7	-9999.9	3	136	-9999.9	55	-9999.9	3	17.2	8.7	85	3	1018.0	-9999.9	6.2	225
2025 09 14 16	0.3	0.27	3.2	3.3	5.4	0.53	-9999.9	3	127	-9999.9	59	-9999.9	3	17.2	8.5	69	3	1018.4	-9999.9	2.9	198
2025 09 14 17	0.24	0.23	3.8	3.8	5.3	0.42	-9999.9	3	80	-9999.9	56	-9999.9	3	17.6	10.1	353	3	1018.6	-9999.9	1.3	99
2025 09 14 18	0.38	0.36	4.3	4.4	5.2	0.71	-9999.9	3	110	-9999.9	51	-9999.9	3	17.4	21.0	67	3	1018.6	-9999.9	1.7	87
2025 09 14 19	0.3	0.29	3.9	3.7	5.2	0.51	-9999.9	3	103	-9999.9	54	-9999.9	3	17.4	9.2	104	3	1019.1	-9999.9	3.6	49
2025 09 14 20	0.31	0.3	3.8	3.8	4.5	0.67	-9999.9	3	103	-9999.9	50	-9999.9	3	16.8	10.4	163	3	1020.0	-9999.9	2.8	336
2025 09 14 21	0.27	0.26	3.5	3.5	4.7	0.51	-9999.9	3	108	-9999.9	57	-9999.9	3	16.6	7.8	217	3	1020.2	-9999.9	4.9	352
2025 09 14 22	0.32	0.29	3.9	4.0	5.4	0.54	-9999.9	3	111	-9999.9	54	-9999.9	3	16.7	8.4	268	3	1020.1	-9999.9	3.3	9
2025 09 14 23	0.26	0.25	3.6	3.7	5.2	0.37	-9999.9	3	131	-9999.9	57	-9999.9	3	16.6	6.5	311	3	1020.1	-9999.9	5.4	71
2025 09 15 00	0.24	0.24	3.7	3.7	5.5	0.41	-9999.9	3	141	-9999.9	57	-9999.9	3	16.5	10.8	329	3	1020.2	-9999.9	4.5	57
2025 09 15 01	0.26	0.26	3.9	3.7	5.6	0.44	-9999.9	3	138	-9999.9	52	-9999.9	3	16.5	10.8	329	3	1020.0	-9999.9	3.9	9
2025 09 15 02	0.26	0.24	3.7	3.6	5.7	0.41	-9999.9	3	102	-9999.9	48	-9999.9	3	16.4	18.2	28	3	1019.9	-9999.9	3.3	15
2025 09 15 03	0.19	0.19	3.8	3.7	5.6	0.31	-9999.9	3	81	-9999.9	52	-9999.9	3	18.1	56.9	3	3	1019.7	-9999.9	4.3	359
2025 09 15 04	0.28	0.26	4.1	4.0	5.6	0.41	-9999.9	3	104	-9999.9	46	-9999.9	3	17.7	21.3	41	3	1019.7	-9999.9	3.8	18
2025 09 15 05	0.27	0.26	3.7	3.6	6.0	0.41	-9999.9	3	90	-9999.9	47	-9999.9	3	18.5	42.9	60	3	1019.8	-9999.9	2.5	62
2025 09 15 06	0.32	0.31	3.4	3.3	3.6	0.53	-9999.9	3	89	-9999.9	48	-9999.9	3	17.7	19.5	71	3	1020.1	-9999.9	3.0	8
2025 09 15 07	0.38	0.36	3.8	3.7	4.2	0.6	-9999.9	3	81	-9999.9	46	-9999.9	3	17.7	37.6	58	3	1020.6	-9999.9	3.0	358
2025 09 15 08	0.36	0.31	3.8	4.1	8.0	0.81	-9999.9	3	94	-9999.9	40	-9999.9	3	17.0	22.9	68	3	1020.7	-9999.9	3.6	3
2025 09 15 09	0.33	0.32	3.8	3.7	4.0	0.58	-9999.9	3	82	-9999.9	53	-9999.9	3	18.8	44.5	32	3	1021.2	-9999.9	3.3	32
2025 09 15 10	0.28	0.26	3.7	3.9	6.2	0.46	-9999.9	3	66	-9999.9	49	-9999.9	3	17.9	13.0	81	3	1021.4	-9999.9	2.7	25
2025 09 15 11	0.27	0.25	3.5	3.6	4.7	0.41	-9999.9	3	122	-9999.9	51	-9999.9	3	17.1	23.7	163	3	1021.3	-9999.9	3.7	50
2025 09 15 12	0.28	0.26	3.9	4.2	6.5	0.64	-9999.9	3	67	-9999.9	47	-9999.9	3	19.3	6.3	6	3	1021.0	-9999.9	3.4	44
2025 09 15 13	0.22	0.21	3.7	3.6	4.0	0.36	-9999.9	3	66	-9999.9	52	-9999.9	3	19.9	24.8	14	3	1020.4	-9999.9	3.9	55
2025 09 15 14	0.25	0.24	3.7	3.6	4.1	0.46	-9999.9	3	81	-9999.9	56	-9999.9	3	18.8	16.4	67	3	1019.8	-9999.9	3.8	64
2025 09 15 15	0.3	0.29	3.6	3.8	5.2	0.49	-9999.9	3	81	-9999.9	46	-9999.9	3	19.4	20.2	78	3	1019.3	-9999.9	3.3	57
2025 09 15 16	0.31	0.28	3.9	4.0	7.4	0.63	-9999.9	3	96	-9999.9	39	-9999.9	3	18.7	11.2	84	3	1019.2	-9999.9	3.6	47
2025 09 15 17	0.26	0.24	3.8	3.8	6.8	0.38	-9999.9	3	97	-9999.9	45	-9999.9	3	18.9	13.2	45	3	1018.9	-9999.9	3.5	47
2025 09 15 18	0.3	0.28	4.1	4.5	9.6	0.52	-9999.9	3	96	-9999.9	39	-9999.9	3	18.6	9.7	67	3	1018.8	-9999.9	3.1	51
2025 09 15 19	0.3	0.28	3.9	4.1	7.3	0.55	-9999.9	3	65	-9999.9	45	-9999.9	3	18.4	14.8	55	3	1019.4	-9999.9	3.8	52
2025 09 15 20	0.28	0.26	4.0	4.0	5.1	0.43	-9999.9	3	112	-9999.9	48	-9999.9	3	18.5	12.1	163	3	1020.0	-9999.9	3.5	7
2025 09 15 21	0.34	0.32	4.0	4.0	8.6	0.54	-9999.9	3	98	-9999.9	53	-9999.9	3	18.3	24.2	199	3	1020.3	-9999.9	3.7	8
2025 09 15 22	0.22	0.21	3.5	3.6	4.5	0.4	-9999.9	3	112	-9999.9	52	-9999.9	3	18.1	17.1	194	3	1020.3	-9999.9	3.7	16
2025 09 15 23	0.2	0.19	3.6	3.5	4.6	0.31	-9999.9	3	122	-9999.9	56	-9999.9	3	18.4	14.7	259	3	1020.1	-9999.9	3.1	12
2025 09 16 00	0.22	0.21	3.3	3.2	2.8	0.64	-9999.9	3	88	-9999.9	54	-9999.9	3	18.8	17.3	248	3	1019.9	-9999.9	3.5	39
2025 09 16 01	0.21	0.19	3.7	3.6	5.4	0.34	-9999.9	3	139	-9999.9	56	-9999.9	3	18.8	20.5	275	3	1019.7	-9999.9	3.5	29
2025 09 16 02	0.24	0.23	3.7	3.7	5.1	0.41	-9999.9	3	127	-9999.9	55	-9999.9	3	19.5	20.4	276	3	1019.6	-9999.9	3.2	51
2025 09 16 03	0.24	0.23	3.3	3.4	4.6	0.39	-9999.9	3	142	-9999.9	55	-9999.9	3	18.8	12.4	296	3	1019.5	-9999.9	3.8	41
2025 09 16 04	0.23	0.22	3.1	3.1	3.6	0.35	-9999.9	3	129	-9999.9	55	-9999.9	3	18.7	7.3	357	3	1019.7	-9999.9	3.8	11
2025 09 16 05	0.19	0.18	3.3	3.3	3.3	0.31	-9999.9	3	108	-9999.9	60	-9999.9	3	18.5	21.4	6	3	1019.9	-9999.9	3.1	9
2025 09 16 06	0.28	0.26	3.8	3.8	6.6	0.43	-9999.9	3	75	-9999.9	45	-9999.9	3	18.4	10.7	48	3	1020.3	-9999.9	3.4	31
2025 09 16 07	0.27	0.25	4.0	4.1	7.3	0.43	-9999.9	3	70	-9999.9	43	-9999.9	3	18.6	18.8	68	3	1020.9	-9999.9	4.1	5
2025 09 16 08	0.27	0.26	3.7	3.7	5.1	0.39	-9999.9	3	86	-9999.9	45	-9999.9	3	18.5	21.1	63	3	1021.6	-9999.9	3.6	22
2025 09 16 09	0.28	0.27	3.4	3.4	4.4	0.44	-9999.9	3	80	-9999.9	49	-9999.9	3	18.1	20.4	64	3	1021.9	-9999.9	3.7	37
2025 09 16 10	0.34	0.31	4.0	4.3	7.4	0.62	-9999.9	3	88	-9999.9	43	-9999.9	3	17.5	20.2	66	3	1022.3	-9999.9	4.7	47
2025 09 16 11	0.38	0.34	3.7	4.1	6.7	0.72	-9999.9	3	85	-9999.9	43	-9999.9	3	18.8	17.7	91	3	1022.3	-9999.9	4.6	56
2025 09 16 12	0.29	0.27	3.7	3.6	3.8	0.48	-9999.9	3	108	-9999.9	52	-9999.9	3	18.6	13.1	197	3	1022.2	-9999.9	4.9	41
2025 09 16 13	0.35	0.31	3.9	4.4	8.4	0.78	-9999.9	3	103	-9999.9	41	-9999.9	3	18.5	17.5	201	3	1021.6	-9999.9	4.9	49
2025 09 16 14	0.31	0.3	3.9	3.7	4.9	0.54	-9999.9	3	83	-9999.9	46	-9999.9	3	19.1	6.3	359	3	1021.2	-9999.9	4.6	57
2025 09 16 15	0.28	0.27	3.5	3.5	3.6	0.43	-9999.9	3	72	-9999.9	53	-9999.9	3	19.2	10.4	40	3	1020.8	-9999.9	3.6	61
2025 09 16 16	0.29	0.26	3.7	3.8	6.1	0.57	-9999.9	3	98	-9999.9	48	-9999.9	3	19.0	10.1	44	3	1020.6	-9999.9	4.0	68
2025 09 16 17	0.3	0.29	3.5	3.4	4.2	0.59	-9999.9	3	99	-9999.9	51	-9999.9	3	19.4	15.7	66	3	1020.6	-9999.9	3.1	68
2025 09 16 18	0.34	0.32	3.7	3.8	5.2	0.69	-9999.9	3	100	-9999.9	47	-9999.9	3	19.0	5.2	43	3	1020.5	-9999.9	3.1	37
2025 09 16 19	0.32	0.31	3.8	3.9	5.6	0.57	-9999.9	3	72	-9999.9	43	-9999.9	3	18.8	10.0	81	3	1020.8	-9999.9	3.7	45
2025 09 17 00	0.25	0.24	3.1	3.1	3.6	0.42	-9999.9	3	117	-9999.9	55	-9999.9	3	18.3	9.5	225	3	1021.6	-9999.9	5.7	66
2025 09 17 01	0.22	0.21	2.9	2.9	3.2	0.34	-9999.9	3	102	-9999.9	55	-9999.9	3	18.3	10.1	199	3	1021.6	-9999.9	5.1	55
2025 09 17 02	0.24	0.23	3.0	2.9	3.3	0.56	-9999.9	3	99	-9999.9	55	-9999.9	3	18.4	10.8	227	3	1021.2	-9999.9	5.4	44
2025 09 17 03	0.21	0.2	2.9	2.9	3.0	0.37	-9999.9	3	106	-9999.9	61	-9999.9	3	18.7	10.1	284	3	1020.9	-9999.9	4.6	54
2025 09 17 04	0.25	0.24	3.0	3.0	3.1	0.38	-9999.9	3	115	-9999.9	60	-9999.9	3	19.0	19.0	280	3	1021.0	-9999.9	4.4	60
2025 09 17 05	0.27	0.26	3.1	3.1	4.5	0.44	-9999.9	3	113	-9999.9	58	-9999.9	3	19.0	6.1	267	3	1021.1	-9999.9	5.0	58
2025 09 17 08	0.34	0.31	3.1	3.0	3.7	0.65	-9999.9	3	91	-9999.9	47	-9999.9	3	18.1	11.3	52	3	1022.2	-9999.9	4.9	67
2025 09 17 09	0.38	0.37	3.7	3.7	6.2	0.74	-9999.9	3	66	-9999.9	42	-9999.9	3	18.5	15.2	54	3	1022.7	-9999.9	4.4	62
2025 09 17 12	0.3	0.29	3.1	3.1	3.4	0.5	-9999.9	3	77	-9999.9	54	-9999.9	3	18.4	7.2	117	3	1022.1	-9999.9	4.7	42
2025 09 17 13	0.38	0.35	3.6	3.6	3.9	0.62	-9999.9	3	114	-9999.9	48	-9999.9	3	19.7	15.2	174	3	1021.5	-9999.9	4.9	54
2025 09 17 14	0.32	0.3	3.6	3.6	5.4	0.65	-9999.9	3	122	-9999.9	53	-9999.9	3	18.5	16.6	171	3	1021.2	-9999.9	4.8	50
2025 09 17 15	0.28	0.28	3.4	3.3	3.3	0.54	-9999.9	3	90	-9999.9	52	-9999.9	3	18.5	13.7	352	3	1020.8	-9999.9	4.8	65
2025 09 17 16	0.24	0.23	3.5	3.4	4.2	0.4	-9999.9	3	91	-9999.9	57	-9999.9	3	18.2	13.8	345	3	1020.5	-9999.9	3.5	49
2025 09 17 17	0.29	0.27	3.9	4.0	5.9	0.49	-9999.9	3	100	-9999.9	47	-9999.9	3	18.0	3.4	73	3	1020.2	-9999.9	4.8	89
2025 09 17 18	0.29	0.27	3.5	3.5	4.3	0.52	-9999.9	3	105	-9999.9	51	-9999.9	3	18.0	5.2	81	3	1020.3	-9999.9	3.7	61
2025 09 17 19	0.29	0.28	3.8	3.8	4.4	0.46	-9999.9	3	76	-9999.9	51	-9999.9	3	18.3	7.4	49	3	1020.7	-9999.9	3.3	36
2025 09 17 20	0.32	0.3	3.8	3.8	5.3	0.59	-9999.9	3	98	-9999.9	52	-9999.9	3	18.0	4.4	225	3	1021.3	-9999.9	3.8	14
2025 09 17 21	0.23	0.22	3.6	3.6	4.7	0.38	-9999.9	3	93	-9999.9	59	-9999.9	3	18.0	5.9	178	3	1021.5	-9999.9	4.1	346
2025 09 17 22	0.22	0.21	3.5	3.5	4.2	0.36	-9999.9	3	100	-9999.9	56	-9999.9	3	18.2	1.0	135	3	1022.0	-9999.9	3.9	331
2025 09 17 23	0.27	0.26	3.4	3.3	3.5	0.5	-9999.9	3	108	-9999.9	63	-9999.9	3	18.7	15.5	197	3	1022.7	-9999.9	3.5	65
2025 09 18 00	0.21	0.2	3.2	3.3	4.1	0.31	-9999.9	3	124	-9999.9	54	-9999.9	3	18.8	14.3	206	3	1022.5	-9999.9	3.9	42
2025 09 18 01	0.21	0.2	3.5	3.5	4.8	0.35	-9999.9	3	92	-9999.9	52	-9999.9	3	18.9	9.0	292	3	1021.6	-9999.9	4.1	358
2025 09 18 02	0.21	0.2	3.7	3.7	4.9	0.33	-9999.9	3	115	-9999.9	53	-9999.9	3	18.6	8.9	346	3	1021.4	-9999.9	2.3	5
2025 09 18 03	0.23	0.22	3.6	3.5	5.0	0.38	-9999.9	3	109	-9999.9	51	-9999.9	3	18.8	5.7	10	3	1021.2	-9999.9	2.5	27
2025 09 18 04	0.3	0.29	3.6	3.7	4.5	0.48	-9999.9	3	112	-9999.9	44	-9999.9	3	18.6	10.5	206	3	1020.9	-9999.9	3.4	10
2025 09 18 05	0.27	0.25	3.4	3.4	4.2	0.4	-9999.9	3	128	-9999.9	53	-9999.9	3	18.7	18.0	204	3	1021.0	-9999.9	3.3	16
2025 09 18 06	0.33	0.32	3.2	3.2	3.2	0.6	-9999.9	3	129	-9999.9	51	-9999.9	3	19.2	2.3	135	3	1021.3	-9999.9	3.1	12
2025 09 18 07	0.3	0.26	3.6	4.1	8.4	0.67	-9999.9	3	102	-9999.9	37	-9999.9	3	18.6	8.4	15	3	1021.7	-9999.9	3.3	50
2025 09 18 08	0.27	0.25	4.0	4.0	6.0	0.55	-9999.9	3	110	-9999.9	41	-9999.9	3	18.6	13.6	39	3	1022.4	-9999.9	3.4	54
2025 09 18 09	0.29	0.27	3.8	3.9	5.5	0.5	-9999.9	3	80	-9999.9	50	-9999.9	3	18.6	8.1	25	3	1022.7	-9999.9	4.3	51
2025 09 18 10	0.3	0.28	4.0	3.9	4.5	0.56	-9999.9	3	82	-9999.9	49	-9999.9	3	18.9	14.7	65	3	1023.1	-9999.9	3.6	55
2025 09 18 11	0.26	0.25	3.7	3.7	5.6	0.45	-9999.9	3	80	-9999.9	49	-9999.9	3	19.0	29.0	67	3	1023.1	-9999.9	3.3	63
2025 09 18 12	0.3	0.28	3.6	3.6	6.0	0.47	-9999.9	3	66	-9999.9	48	-9999.9	3	18.3	24.8	62	3	1022.5	-9999.9	3.7	55
2025 09 18 13	0.3	0.27	3.9	4.1	7.5	0.64	-9999.9	3	95	-9999.9	44	-9999.9	3	17.9	30.8	96	3	1021.9	-9999.9	4.7	59
2025 09 18 14	0.25	0.24	3.6	3.6	5.0	0.43	-9999.9	3	111	-9999.9	51	-9999.9	3	19.5	25.1	189	3	1021.5	-9999.9	4.4	40
2025 09 18 15	0.3	0.29	3.6	3.5	5.6	0.5	-9999.9	3	129	-9999.9	55	-9999.9	3	18.8	32.4	217	3	1021.0	-9999.9	4.0	32
2025 09 18 16	0.3	0.28	3.4	3.2	4.4	0.55	-9999.9	3	95	-9999.9	57	-9999.9	3	19.1	15.8	204	3	1020.7	-9999.9	3.8	73
2025 09 18 17	0.27	0.26	4.0	4.2	6.1	0.47	-9999.9	3	85	-9999.9	46	-9999.9	3	19.1	5.8	345	3	1020.8	-9999.9	2.8	42
2025 09 18 18	0.27	0.25	3.9	3.8	4.9	0.39	-9999.9	3	115	-9999.9	49	-9999.9	3	18.3	4.4	37	3	1021.1	-9999.9	2.7	37
2025 09 18 19	0.31	0.29	3.8	3.8	4.8	0.49	-9999.9	3	99	-9999.9	47	-9999.9	3	18.3	4.7	200	3	1021.3	-9999.9	3.1	54
2025 09 18 20	0.35	0.33	3.9	3.9	5.1	0.51	-9999.9	3	115	-9999.9	46	-9999.9	3	18.2	8.6	216	3	1022.0	-9999.9	2.7	43
2025 09 18 21	0.36	0.34	4.1	4.0	5.8	0.61	-9999.9	3	94	-9999.9	44	-9999.9	3	18.3	4.0	46	3	1022.2	-9999.9	3.4	357
2025 09 18 22	0.28	0.28	4.1	4.0	4.9	0.49	-9999.9	3	94	-9999.9	44	-9999.9	3	18.6	9.3	49	3	1022.2	-9999.9	4.0	347
2025 09 18 23	0.3	0.29	4.2	4.1	5.1	0.53	-9999.9	3	100	-9999.9	45	-9999.9	3	19.5	9.5	52	3	1022.3	-9999.9	3.5	5
2025 09 19 00	0.32	0.31	3.9	4.0	5.2	0.56	-9999.9	3	114	-9999.9	44	-9999.9	3	19.4	10.5	111	3	1022.2	-9999.9	2.7	38
2025 09 19 01	0.28	0.26	3.8	3.8	5.4	0.53	-9999.9	3	112	-9999.9	46	-9999.9	3	19.2	2.6	329	3	1021.9	-9999.9	3.7	40
2025 09 19 02	0.29	0.28	3.9	3.8	5.6	0.49	-9999.9	3	98	-9999.9	50	-9999.9	3	19.0	15.2	11	3	1021.4	-9999.9	3.4	22
2025 09 19 03	0.31	0.3	4.0	4.0	5.6	0.48	-9999.9	3	96	-9999.9	45	-9999.9	3	19.5	22.7	33	3	1020.9	-9999.9	4.5	54
2025 09 19 04	0.32	0.3	3.6	3.6	5.2	0.47	-9999.9	3	113	-9999.9	53	-9999.9	3	19.5	13.8	355	3	1020.8	-9999.9	4.4	69
2025 09 19 05	0.34	0.33	3.7	3.6	5.3	0.65	-9999.9	3	107	-9999.9	47	-9999.9	3	18.8	8.8	292	3	1021.1	-9999.9	5.2	37
2025 09 19 06	0.4	0.38	3.5	3.5	5.1	0.59	-9999.9	3	100	-9999.9	50	-9999.9	3	18.2	8.6	229	3	1021.5	-9999.9	5.2	47
2025 09 19 07	0.48	0.45	3.9	4.0	5.8	1.06	-9999.9	3	103	-9999.9	41	-9999.9	3	18.8	8.1	186	3	1021.9	-9999.9	5.6	57
2025 09 19 08	0.51	0.49	3.9	3.9	5.4	0.76	-9999.9	3	98	-9999.9	40	-9999.9	3	18.3	11.3	42	3	1022.1	-9999.9	4.5	59
2025 09 19 09	0.44	0.41	3.5	3.6	5.3	0.79	-9999.9	3	67	-9999.9	42	-9999.9	3	19.9	28.0	22	3	1022.5	-9999.9	5.6	54
2025 09 19 10	0.41	0.38	3.5	3.7	7.3	0.69	-9999.9	3	92	-9999.9	52	-9999.9	3	19.2	8.7	349	3	1022.7	-9999.9	6.2	48
2025 09 19 11	0.37	0.34	3.1	3.0	3.3	0.61	-9999.9	3	81	-9999.9	54	-9999.9	3	19.2	12.3	19	3	1022.5	-9999.9	5.8	64
2025 09 19 12	0.45	0.42	3.4	3.4	5.4	0.73	-9999.9	3	81	-9999.9	44	-9999.9	3	19.3	12.3	18	3	1022.1	-9999.9	6.5	59
2025 09 19 13	0.49	0.46	3.7	3.7	5.8	0.77	-9999.9	3	81	-9999.9	40	-9999.9	3	19.3	15.1	53	3	1021.7	-9999.9	6.2	58
2025 09 19 14	0.5	0.47	3.7	3.8	5.7	0.93	-9999.9	3	86	-9999.9	43	-9999.9	3	18.7	13.8	120	3	1021.3	-9999.9	6.2	55
2025 09 19 15	0.46	0.44	4.1	4.1	5.8	0.74	-9999.9	3	109	-9999.9	45	-9999.9	3	19.1	20.4	210	3	1021.1	-9999.9	5.2	40
2025 09 19 16	0.47	0.45	4.3	4.2	5.4	0.78	-9999.9	3	97	-9999.9	49	-9999.9	3	19.8	27.6	218	3	1020.9	-9999.9	4.9	48
2025 09 19 17	0.49	0.47	4.0	4.0	5.4	0.78	-9999.9	3	108	-9999.9	46	-9999.9	3	19.4	10.2	235	3	1020.8	-9999.9	5.0	41
2025 09 19 18	0.4	0.39	4.1	4.0	5.3	0.64	-9999.9	3	92	-9999.9	44	-9999.9	3	19.5	12.8	14	3	1020.8	-9999.9	4.6	51
2025 09 19 19	0.45	0.44	4.2	4.1	5.2	0.72	-9999.9	3	86	-9999.9	46	-9999.9	3	18.8	9.7	45	3	1021.2	-9999.9	4.9	40
2025 09 19 20	0.49	0.47	4.1	4.0	5.2	0.73	-9999.9	3	93	-9999.9	48	-9999.9	3	19.0	15.5	157	3	1021.6	-9999.9	4.8	42
2025 09 19 21	0.49	0.46	4.5	4.3	5.4	0.73	-9999.9	3	112	-9999.9	50	-9999.9	3	19.2	29.2	247	3	1021.8	-9999.9	4.9	45
2025 09 19 22	0.49	0.48	4.2	4.2	5.7	0.72	-9999.9	3	94	-9999.9	42	-9999.9	3	18.9	21.6	194	3	1021.7	-9999.9	5.1	58
2025 09 19 23	0.44	0.43	4.3	4.2	5.5	0.73	-9999.9	3	102	-9999.9	44	-9999.9	3	19.2	11.1	184	3	1021.4	-9999.9	5.6	47
2025 09 20 00	0.42	0.4	4.4	4.3	5.5	0.58	-9999.9	3	110	-9999.9	46	-9999.9	3	19.0	32.1	237	3	1021.4	-9999.9	5.5	62
2025 09 20 01	0.48	0.46	4.4	4.3	5.5	0.82	-9999.9	3	116	-9999.9	42	-9999.9	3	19.2	30.8	203	3	1021.1	-9999.9	5.4	43
2025 09 20 02	0.5	0.48	4.2	4.1	5.4	0.74	-9999.9	3	116	-9999.9	41	-9999.9	3	19.2	16.7	199	3	1020.5	-9999.9	5.5	38
2025 09 20 03	0.45	0.43	4.0	3.8	5.6	0.72	-9999.9	3	106	-9999.9	45	-9999.9	3	19.3	4.9	17	3	1020.0	-9999.9	5.1	48
2025 09 20 04	0.54	0.53	4.1	4.0	5.8	0.87	-9999.9	3	94	-9999.9	41	-9999.9	3	19.3	13.3	344	3	1019.9	-9999.9	5.3	48
2025 09 20 05	0.59	0.56	3.8	3.9	5.7	1.03	-9999.9	3	92	-9999.9	42	-9999.9	3	19.2	7.6	162	3	1019.8	-9999.9	5.8	60
2025 09 20 06	0.64	0.61	4.0	4.2	5.6	1.14	-9999.9	3	96	-9999.9	45	-9999.9	3	19.3	17.5	190	3	1020.0	-9999.9	5.3	41
2025 09 20 07	0.64	0.61	4.0	4.0	5.6	1.0	-9999.9	3	103	-9999.9	44	-9999.9	3	19.3	17.6	188	3	1020.3	-9999.9	5.9	46
2025 09 20 08	0.82	0.78	4.3	4.2	5.7	1.65	-9999.9	3	110	-9999.9	43	-9999.9	3	19.1	6.1	192	3	1020.5	-9999.9	5.5	63
2025 09 20 09	0.68	0.66	4.1	4.1	5.6	1.3	-9999.9	3	86	-9999.9	40	-9999.9	3	19.3	16.1	43	3	1020.7	-9999.9	5.6	56
2025 09 20 10	0.61	0.59	4.3	4.3	5.6	0.9	-9999.9	3	87	-9999.9	40	-9999.9	3	19.0	20.3	46	3	1020.8	-9999.9	5.3	61
2025 09 20 11	0.61	0.58	4.3	4.3	5.5	1.03	-9999.9	3	94	-9999.9	41	-9999.9	3	19.3	20.8	31	3	1020.7	-9999.9	5.0	59
2025 09 20 12	0.52	0.5	4.4	4.2	5.7	0.93	-9999.9	3	89	-9999.9	42	-9999.9	3	19.7	19.4	44	3	1020.2	-9999.9	4.4	59
2025 09 20 13	0.46	0.45	4.3	4.3	6.1	0.74	-9999.9	3	88	-9999.9	39	-9999.9	3	20.1	24.0	40	3	1019.4	-9999.9	4.6	57
2025 09 20 14	0.52	0.5	4.3	4.3	5.8	0.91	-9999.9	3	97	-9999.9	39	-9999.9	3	19.4	9.2	92	3	1018.7	-9999.9	4.2	54
2025 09 20 15	0.48	0.47	4.5	4.5	5.9	0.82	-9999.9	3	100	-9999.9	46	-9999.9	3	19.6	14.0	95	3	1018.2	-9999.9	3.8	34
2025 09 20 16	0.45	0.43	4.2	4.4	5.6	0.79	-9999.9	3	109	-9999.9	46	-9999.9	3	19.6	46.3	209	3	1017.6	-9999.9	4.0	47
2025 09 20 17	0.5	0.47	4.4	4.5	5.6	0.9	-9999.9	3	121	-9999.9	43	-9999.9	3	19.6	33.2	208	3	1017.4	-9999.9	2.6	26
2025 09 20 18	0.49	0.45	4.2	4.1	5.5	0.71	-9999.9	3	124	-9999.9	46	-9999.9	3	19.2	10.7	118	3	1017.1	-9999.9	2.5	58
2025 09 20 19	0.39	0.38	4.3	4.3	5.6	0.77	-9999.9	3	83	-9999.9	47	-9999.9	3	19.4	22.9	15	3	1017.3	-9999.9	2.8	48
2025 09 20 20	0.42	0.41	4.2	4.4	5.5	0.73	-9999.9	3	96	-9999.9	44	-9999.9	3	19.0	10.0	93	3	1017.7	-9999.9	2.6	18
2025 09 20 21	0.51	0.49	4.3	4.3	5.5	0.76	-9999.9	3	103	-9999.9	47	-9999.9	3	19.3	13.2	210	3	1017.7	-9999.9	3.3	351
2025 09 20 22	0.44	0.41	4.3	4.2	5.7	0.63	-9999.9	3	110	-9999.9	44	-9999.9	3	19.4	20.4	213	3	1017.3	-9999.9	2.9	354
2025 09 20 23	0.37	0.36	4.6	4.7	5.8	0.67	-9999.9	3	94	-9999.9	43	-9999.9	3	19.6	3.7	284	3	1017.5	-9999.9	2.6	348
2025 09 21 00	0.37	0.35	4.4	4.4	5.6	0.76	-9999.9	3	105	-9999.9	46	-9999.9	3	19.5	19.6	178	3	1016.9	-9999.9	3.2	45
2025 09 21 01	0.38	0.37	4.8	4.6	5.6	0.56	-9999.9	3	117	-9999.9	40	-9999.9	3	19.6	40.4	178	3	1016.6	-9999.9	1.8	4
2025 09 21 02	0.35	0.33	4.3	4.3	5.5	0.6	-9999.9	3	114	-9999.9	44	-9999.9	3	19.5	35.6	185	3	1015.9	-9999.9	2.7	337
2025 09 21 03	0.31	0.29	4.3	4.3	5.4	0.43	-9999.9	3	120	-9999.9	45	-9999.9	3	19.3	11.6	183	3	1015.5	-9999.9	1.2	201
2025 09 21 04	0.37	0.35	3.9	3.9	5.4	0.63	-9999.9	3	105	-9999.9	49	-9999.9	3	19.5	7.6	132	3	1015.2	-9999.9	1.8	4
2025 09 21 05	0.3	0.29	4.1	4.1	5.1	0.5	-9999.9	3	124	-9999.9	47	-9999.9	3	19.4	9.5	247	3	1015.3	-9999.9	1.3	341
2025 09 21 06	0.36	0.34	4.0	4.0	4.9	0.61	-9999.9	3	107	-9999.9	48	-9999.9	3	19.4	13.0	201	3	1015.2	-9999.9	1.8	249
2025 09 21 07	-9999.9	-9999.9	-9999.9	-9999.9	-9999.9	-9999.9	-9999.9	3	-9999.9	-9999.9	-9999.9	-9999.9	3	19.6	16.4	143	3	1015.4	-9999.9	3.8	240
2025 09 21 08	0.3	0.3	4.2	4.0	4.8	0.51	-9999.9	3	90	-9999.9	47	-9999.9	3	19.6	22.2	357	3	1015.6	-9999.9	5.2	237
2025 09 21 09	0.42	0.39	3.0	3.0	4.2	0.7	-9999.9	3	155	-9999.9	50	-9999.9	3	19.7	10.3	1	3	1016.0	-9999.9	8.9	231
2025 09 21 10	0.4	0.37	3.2	3.2	3.9	0.59	-9999.9	3	160	-9999.9	48	-9999.9	3	19.7	5.0	304	3	1016.1	-9999.9	6.6	226
2025 09 21 11	0.45	0.43	2.8	2.8	2.6	0.73	-9999.9	3	192	-9999.9	46	-9999.9	3	19.6	8.7	193	3	1015.6	-9999.9	8.8	219
2025 09 21 12	0.51	0.48	2.8	2.9	2.8	0.81	-9999.9	3	219	-9999.9	47	-9999.9	3	19.4	9.0	119	3	1015.2	-9999.9	10.3	223
2025 09 21 13	0.66	0.62	2.9	2.9	2.7	1.05	-9999.9	3	214	-9999.9	44	-9999.9	3	19.1	17.7	124	3	1014.4	-9999.9	12.5	237
2025 09 21 14	0.65	0.6	3.3	3.3	3.3	1.01	-9999.9	3	212	-9999.9	57	-9999.9	3	19.5	40.1	66	3	1014.4	-9999.9	11.2	241
2025 09 21 15	0.74	0.7	3.7	3.7	4.6	1.02	-9999.9	3	206	-9999.9	51	-9999.9	3	19.2	31.4	53	3	1013.9	-9999.9	10.3	228
2025 09 21 16	0.82	0.78	3.4	3.5	3.7	1.41	-9999.9	3	212	-9999.9	37	-9999.9	3	18.9	15.2	236	3	1013.7	-9999.9	12.6	207
2025 09 21 17	0.68	0.65	3.4	3.3	3.6	1.03	-9999.9	3	211	-9999.9	45	-9999.9	3	19.3	39.2	197	3	1013.9	-9999.9	10.5	218
2025 09 21 18	0.71	0.68	3.2	3.2	3.0	1.03	-9999.9	3	220	-9999.9	46	-9999.9	3	19.3	15.4	181	3	1014.1	-9999.9	10.3	233
2025 09 21 19	0.47	0.45	2.8	2.8	2.7	0.8	-9999.9	3	213	-9999.9	59	-9999.9	3	19.3	17.8	351	3	1014.9	-9999.9	9.5	237
2025 09 21 20	0.43	0.4	2.8	2.8	2.5	0.74	-9999.9	3	187	-9999.9	53	-9999.9	3	19.1	8.3	126	3	1015.6	-9999.9	6.0	237
2025 09 21 21	0.5	0.46	3.1	3.0	3.2	0.83	-9999.9	3	179	-9999.9	49	-9999.9	3	19.2	20.9	161	3	1015.7	-9999.9	6.7	236
2025 09 21 22	0.46	0.44	2.9	2.9	3.0	0.76	-9999.9	3	204	-9999.9	46	-9999.9	3	18.7	22.7	211	3	1015.6	-9999.9	8.4	222
2025 09 21 23	0.51	0.49	3.0	3.0	3.0	0.78	-9999.9	3	212	-9999.9	46	-9999.9	3	19.0	18.4	250	3	1015.0	-9999.9	9.4	239
2025 09 22 00	0.33	0.31	2.8	2.8	2.7	0.58	-9999.9	3	221	-9999.9	58	-9999.9	3	19.0	4.4	14	3	1015.0	-9999.9	8.9	245
2025 09 22 01	0.42	0.39	2.9	2.9	2.8	0.7	-9999.9	3	211	-9999.9	49	-9999.9	3	19.0	3.3	151	3	1014.4	-9999.9	7.2	237
2025 09 22 02	0.48	0.46	3.1	3.0	2.9	0.87	-9999.9	3	202	-9999.9	46	-9999.9	3	18.7	11.8	151	3	1014.2	-9999.9	6.9	241
2025 09 22 03	0.51	0.49	3.1	3.1	3.0	0.81	-9999.9	3	203	-9999.9	51	-9999.9	3	18.5	6.7	116	3	1014.0	-9999.9	6.4	258
2025 09 22 04	0.44	0.41	3.4	3.3	3.6	0.66	-9999.9	3	192	-9999.9	66	-9999.9	3	18.3	18.2	51	3	1014.1	-9999.9	4.4	235
2025 09 22 05	0.41	0.39	3.5	3.6	6.5	0.64	-9999.9	3	187	-9999.9	53	-9999.9	3	18.2	9.2	56	3	1014.2	-9999.9	5.0	235
2025 09 22 06	0.43	0.41	3.9	4.0	5.9	0.67	-9999.9	3	178	-9999.9	56	-9999.9	3	18.5	20.4	194	3	1014.1	-9999.9	5.7	227
2025 09 22 07	0.59	0.56	3.5	3.4	4.7	0.98	-9999.9	3	211	-9999.9	41	-9999.9	3	18.6	25.9	206	3	1014.8	-9999.9	7.8	238
2025 09 22 08	0.37	0.34	3.2	3.2	5.8	0.61	-9999.9	3	197	-9999.9	58	-9999.9	3	18.8	8.2	274	3	1015.3	-9999.9	7.2	255
2025 09 22 09	0.37	0.35	2.8	2.9	3.0	0.56	-9999.9	3	190	-9999.9	60	-9999.9	3	18.9	17.2	265	3	1015.5	-9999.9	7.9	233
2025 09 22 10	0.49	0.44	3.1	3.3	3.7	0.83	-9999.9	3	159	-9999.9	53	-9999.9	3	18.8	15.9	177	3	1015.4	-9999.9	9.0	224
2025 09 22 11	0.54	0.52	3.0	3.0	3.0	0.91	-9999.9	3	212	-9999.9	45	-9999.9	3	18.8	20.0	208	3	1015.2	-9999.9	8.8	235
2025 09 22 12	0.58	0.55	2.9	2.9	3.0	0.96	-9999.9	3	223	-9999.9	46	-9999.9	3	18.5	15.8	223	3	1014.6	-9999.9	10.7	250
2025 09 22 13	0.48	0.45	2.7	2.7	2.7	0.81	-9999.9	3	221	-9999.9	54	-9999.9	3	18.4	20.2	39	3	1014.3	-9999.9	11.3	241
2025 09 22 14	0.65	0.62	2.9	2.9	2.8	0.93	-9999.9	3	214	-9999.9	46	-9999.9	3	18.3	27.7	62	3	1013.8	-9999.9	11.0	235
2025 09 22 15	0.48	0.45	2.8	2.9	2.7	0.77	-9999.9	3	207	-9999.9	47	-9999.9	3	18.4	13.5	159	3	1013.3	-9999.9	11.0	230
2025 09 22 17	0.46	0.43	3.1	3.1	3.0	0.78	-9999.9	3	203	-9999.9	54	-9999.9	3	18.1	13.9	245	3	1013.1	-9999.9	7.9	244
2025 09 22 18	0.44	0.42	3.2	3.2	3.2	0.67	-9999.9	3	212	-9999.9	53	-9999.9	3	17.9	17.4	206	3	1013.3	-9999.9	6.1	230
2025 09 22 19	0.44	0.41	3.4	3.3	3.6	0.72	-9999.9	3	209	-9999.9	55	-9999.9	3	18.2	18.5	196	3	1013.8	-9999.9	3.8	213
2025 09 22 20	0.33	0.31	2.8	2.9	2.7	0.51	-9999.9	3	186	-9999.9	58	-9999.9	3	18.4	11.8	196	3	1014.2	-9999.9	5.9	225
2025 09 22 21	0.29	0.27	3.4	3.2	8.4	0.48	-9999.9	3	153	-9999.9	63	-9999.9	3	18.5	13.7	187	3	1014.5	-9999.9	2.3	258
2025 09 22 22	0.25	0.24	3.0	2.9	2.8	0.47	-9999.9	3	169	-9999.9	54	-9999.9	3	18.5	21.7	199	3	1014.4	-9999.9	6.8	222
2025 09 22 23	0.37	0.37	2.9	2.9	2.8	0.73	-9999.9	3	176	-9999.9	56	-9999.9	3	18.0	26.9	226	3	1014.5	-9999.9	1.7	234
2025 09 23 00	0.27	0.26	2.6	2.6	2.5	0.52	-9999.9	3	254	-9999.9	65	-9999.9	3	17.3	30.0	268	3	1014.3	-9999.9	1.2	281
2025 09 23 01	0.29	0.27	2.7	2.6	2.4	0.48	-9999.9	3	222	-9999.9	60	-9999.9	3	17.3	6.6	307	3	1014.2	-9999.9	4.8	251
2025 09 23 02	0.29	0.27	2.8	2.8	4.4	0.45	-9999.9	3	170	-9999.9	64	-9999.9	3	17.1	12.6	132	3	1013.9	-9999.9	1.2	15
2025 09 23 03	0.25	0.23	3.0	2.9	3.6	0.39	-9999.9	3	189	-9999.9	53	-9999.9	3	17.0	11.0	165	3	1013.7	-9999.9	2.1	6
2025 09 23 04	0.27	0.25	3.2	3.1	4.8	0.41	-9999.9	3	171	-9999.9	54	-9999.9	3	17.1	5.7	176	3	1013.7	-9999.9	1.2	269
2025 09 23 05	0.29	0.28	3.1	3.1	3.8	0.49	-9999.9	3	200	-9999.9	57	-9999.9	3	17.1	10.2	55	3	1013.6	-9999.9	6.0	245
2025 09 23 06	0.35	0.33	3.2	3.2	3.2	0.62	-9999.9	3	216	-9999.9	52	-9999.9	3	17.1	5.7	229	3	1014.3	-9999.9	1.8	318
2025 09 23 07	0.31	0.3	3.4	3.3	4.0	0.49	-9999.9	3	191	-9999.9	54	-9999.9	3	17.2	16.8	196	3	1014.9	-9999.9	1.5	356
2025 09 23 08	0.31	0.28	3.4	3.3	9.2	0.53	-9999.9	3	161	-9999.9	54	-9999.9	3	17.5	21.1	183	3	1015.3	-9999.9	0.7	11
2025 09 23 09	0.27	0.25	3.1	3.2	6.1	0.47	-9999.9	3	41	-9999.9	59	-9999.9	3	17.5	10.2	225	3	1015.7	-9999.9	5.9	234
2025 09 23 10	0.31	0.28	3.7	3.8	8.1	0.48	-9999.9	3	114	-9999.9	48	-9999.9	3	17.4	21.3	199	3	1016.2	-9999.9	6.0	207
2025 09 23 11	0.26	0.24	3.2	3.1	7.4	0.4	-9999.9	3	142	-9999.9	55	-9999.9	3	17.4	21.3	173	3	1016.0	-9999.9	6.0	232
2025 09 23 12	0.34	0.31	2.8	2.8	2.5	0.49	-9999.9	3	198	-9999.9	51	-9999.9	3	17.7	18.7	160	3	1015.7	-9999.9	6.6	229
2025 09 23 13	0.32	0.28	2.9	3.1	8.0	0.59	-9999.9	3	137	-9999.9	52	-9999.9	3	18.7	12.8	50	3	1015.4	-9999.9	8.1	229
2025 09 23 14	0.39	0.36	2.6	2.6	2.4	0.64	-9999.9	3	212	-9999.9	63	-9999.9	3	18.6	6.6	23	3	1015.1	-9999.9	7.6	232
2025 09 23 15	0.32	0.29	3.4	3.3	6.6	0.46	-9999.9	3	141	-9999.9	61	-9999.9	3	18.7	22.0	84	3	1014.6	-9999.9	6.6	228
2025 09 23 17	0.35	0.32	3.5	3.4	6.8	0.57	-9999.9	3	135	-9999.9	60	-9999.9	3	17.9	12.8	239	3	1014.4	-9999.9	5.3	222
2025 09 23 18	0.35	0.33	3.9	3.8	6.4	0.56	-9999.9	3	182	-9999.9	51	-9999.9	3	18.1	25.6	205	3	1014.6	-9999.9	3.8	223
2025 09 23 19	0.38	0.36	3.7	3.7	4.6	0.61	-9999.9	3	198	-9999.9	57	-9999.9	3	18.1	21.3	204	3	1015.3	-9999.9	2.6	149
2025 09 23 20	0.3	0.28	3.5	3.4	6.8	0.49	-9999.9	3	161	-9999.9	56	-9999.9	3	18.2	12.0	177	3	1016.2	-9999.9	0.4	245
2025 09 23 21	0.32	0.3	4.5	4.4	9.1	0.5	-9999.9	3	104	-9999.9	50	-9999.9	3	18.0	9.0	204	3	1016.5	-9999.9	2.1	0
2025 09 23 22	0.22	0.22	4.3	4.0	6.2	0.35	-9999.9	3	111	-9999.9	56	-9999.9	3	17.8	23.5	195	3	1016.9	-9999.9	2.7	349
2025 09 23 23	0.21	0.2	3.8	3.8	5.7	0.3	-9999.9	3	161	-9999.9	62	-9999.9	3	17.6	40.2	220	3	1016.7	-9999.9	4.4	355
2025 09 24 00	0.22	0.21	4.1	4.0	6.8	0.31	-9999.9	3	117	-9999.9	59	-9999.9	3	17.3	28.5	247	3	1016.7	-9999.9	3.6	10
2025 09 24 01	0.17	0.16	4.3	4.3	6.8	0.26	-9999.9	3	103	-9999.9	53	-9999.9	3	17.0	2.3	5	3	1016.6	-9999.9	2.4	29
2025 09 24 02	0.23	0.21	4.2	4.3	6.2	0.37	-9999.9	3	97	-9999.9	50	-9999.9	3	17.2	11.6	92	3	1016.4	-9999.9	3.4	359
2025 09 24 03	0.27	0.26	4.2	4.2	6.5	0.4	-9999.9	3	114	-9999.9	47	-9999.9	3	17.3	10.7	155	3	1016.2	-9999.9	2.7	357
2025 09 24 04	0.32	0.31	4.2	4.2	5.8	0.5	-9999.9	3	112	-9999.9	44	-9999.9	3	17.2	12.2	197	3	1016.3	-9999.9	3.4	38
2025 09 24 05	0.27	0.25	4.0	3.9	6.1	0.45	-9999.9	3	109	-9999.9	50	-9999.9	3	17.1	7.8	346	3	1016.2	-9999.9	3.6	37
2025 09 24 06	0.32	0.3	3.8	3.8	6.3	0.59	-9999.9	3	92	-9999.9	55	-9999.9	3	17.2	6.5	11	3	1016.4	-9999.9	3.6	69
2025 09 24 07	0.37	0.35	3.9	4.1	9.1	0.63	-9999.9	3	101	-9999.9	42	-9999.9	3	17.3	2.7	73	3	1016.7	-9999.9	3.3	33
2025 09 24 08	0.37	0.35	4.2	4.1	6.7	0.61	-9999.9	3	106	-9999.9	45	-9999.9	3	18.6	12.8	29	3	1017.2	-9999.9	2.9	56
2025 09 24 09	0.31	0.3	4.1	4.0	5.4	0.52	-9999.9	3	84	-9999.9	45	-9999.9	3	18.7	17.5	36	3	1017.5	-9999.9	3.9	62
2025 09 24 10	0.47	0.44	4.7	4.6	5.8	0.85	-9999.9	3	89	-9999.9	38	-9999.9	3	18.9	19.6	51	3	1017.6	-9999.9	4.1	60
2025 09 24 11	0.38	0.37	4.1	3.9	5.6	0.6	-9999.9	3	95	-9999.9	42	-9999.9	3	19.4	14.8	60	3	1017.3	-9999.9	5.4	79
2025 09 24 12	0.39	0.36	3.4	3.3	5.9	0.62	-9999.9	3	80	-9999.9	48	-9999.9	3	19.3	8.6	95	3	1016.6	-9999.9	6.7	54
2025 09 24 13	0.38	0.34	3.4	3.4	7.5	0.76	-9999.9	3	76	-9999.9	42	-9999.9	3	18.6	14.7	140	3	1016.2	-9999.9	5.7	54
2025 09 24 14	0.37	0.35	3.8	3.9	6.2	0.61	-9999.9	3	95	-9999.9	40	-9999.9	3	19.8	29.3	61	3	1015.9	-9999.9	5.3	65
2025 09 24 15	0.35	0.33	3.9	3.9	5.8	0.5	-9999.9	3	94	-9999.9	42	-9999.9	3	20.0	22.9	83	3	1015.4	-9999.9	4.7	72
2025 09 24 16	0.42	0.38	3.8	4.0	6.0	0.74	-9999.9	3	112	-9999.9	42	-9999.9	3	19.7	7.5	39	3	1015.5	-9999.9	5.3	50
2025 09 24 17	0.47	0.45	3.8	3.8	5.7	0.83	-9999.9	3	107	-9999.9	44	-9999.9	3	19.2	6.1	203	3	1015.6	-9999.9	5.7	49
2025 09 24 18	0.43	0.42	4.0	3.9	5.4	0.78	-9999.9	3	109	-9999.9	44	-9999.9	3	18.8	8.3	18	3	1015.7	-9999.9	5.3	55
2025 09 24 19	0.51	0.48	4.0	4.0	5.4	0.76	-9999.9	3	98	-9999.9	47	-9999.9	3	18.6	9.6	191	3	1016.2	-9999.9	5.5	40
2025 09 24 20	0.56	0.53	4.0	3.9	5.7	0.87	-9999.9	3	102	-9999.9	43	-9999.9	3	19.2	9.1	11	3	1016.6	-9999.9	5.7	66
2025 09 24 21	0.46	0.43	4.1	4.1	6.0	0.76	-9999.9	3	95	-9999.9	41	-9999.9	3	19.5	22.7	34	3	1017.0	-9999.9	5.4	76
2025 09 24 22	0.57	0.55	4.7	4.6	5.8	0.84	-9999.9	3	96	-9999.9	36	-9999.9	3	18.8	13.4	64	3	1017.1	-9999.9	4.8	67
2025 09 24 23	0.66	0.63	4.4	4.3	5.8	1.13	-9999.9	3	99	-9999.9	38	-9999.9	3	19.6	27.6	80	3	1017.1	-9999.9	5.1	60
2025 09 25 00	0.6	0.57	4.2	4.2	6.1	1.02	-9999.9	3	93	-9999.9	40	-9999.9	3	19.4	8.7	66	3	1016.9	-9999.9	5.2	37
2025 09 25 01	0.54	0.52	4.3	4.1	6.3	0.97	-9999.9	3	91	-9999.9	40	-9999.9	3	18.9	10.6	143	3	1016.7	-9999.9	5.9	57
2025 09 25 02	0.62	0.6	4.7	4.5	6.2	0.99	-9999.9	3	92	-9999.9	39	-9999.9	3	19.5	22.7	42	3	1016.3	-9999.9	6.4	56
2025 09 25 03	0.66	0.65	4.8	4.7	6.0	1.2	-9999.9	3	92	-9999.9	36	-9999.9	3	19.5	15.8	122	3	1016.3	-9999.9	6.3	65
2025 09 25 04	0.65	0.63	4.7	4.7	5.9	0.98	-9999.9	3	111	-9999.9	37	-9999.9	3	19.5	14.3	98	3	1016.4	-9999.9	6.1	63
2025 09 25 05	0.63	0.6	4.4	4.4	5.7	0.94	-9999.9	3	98	-9999.9	40	-9999.9	3	18.5	11.5	223	3	1016.6	-9999.9	6.2	44
2025 09 25 06	0.62	0.6	4.2	4.2	5.8	0.98	-9999.9	3	98	-9999.9	42	-9999.9	3	18.2	6.9	172	3	1017.0	-9999.9	6.1	56
2025 09 25 07	0.68	0.66	4.7	4.7	6.5	1.18	-9999.9	3	95	-9999.9	38	-9999.9	3	18.3	15.4	194	3	1017.4	-9999.9	5.6	45
2025 09 25 08	0.71	0.69	4.6	4.5	6.5	1.18	-9999.9	3	103	-9999.9	42	-9999.9	3	18.4	13.4	226	3	1017.9	-9999.9	5.3	49
2025 09 25 09	0.59	0.57	4.4	4.2	6.4	0.87	-9999.9	3	94	-9999.9	46	-9999.9	3	18.4	8.9	108	3	1018.4	-9999.9	5.0	82
2025 09 25 10	0.82	0.79	5.2	5.1	6.5	1.25	-9999.9	3	96	-9999.9	39	-9999.9	3	19.7	21.5	50	3	1018.4	-9999.9	5.5	53
2025 09 25 11	0.91	0.87	4.7	4.7	6.7	1.42	-9999.9	3	98	-9999.9	37	-9999.9	3	19.7	9.8	92	3	1018.3	-9999.9	5.1	49
2025 09 25 12	0.84	0.81	5.1	4.9	6.8	1.33	-9999.9	3	102	-9999.9	37	-9999.9	3	19.7	3.6	58	3	1018.1	-9999.9	5.2	27
2025 09 25 13	0.67	0.65	5.0	4.9	7.2	1.11	-9999.9	3	95	-9999.9	39	-9999.9	3	19.6	6.2	9	3	1017.5	-9999.9	4.9	49
2025 09 25 14	0.75	0.72	5.0	5.0	7.1	1.15	-9999.9	3	89	-9999.9	37	-9999.9	3	19.7	9.0	120	3	1017.1	-9999.9	5.2	51
2025 09 25 15	0.83	0.8	5.4	5.3	7.1	1.18	-9999.9	3	98	-9999.9	35	-9999.9	3	18.8	23.9	169	3	1017.1	-9999.9	4.6	47
2025 09 25 16	0.81	0.77	5.2	5.2	6.9	1.22	-9999.9	3	108	-9999.9	40	-9999.9	3	18.6	25.4	168	3	1017.1	-9999.9	4.5	68
2025 09 25 17	0.91	0.89	5.4	5.4	7.4	1.57	-9999.9	3	102	-9999.9	37	-9999.9	3	18.7	16.5	182	3	1017.0	-9999.9	3.9	53
2025 09 25 18	0.92	0.88	5.3	5.4	7.5	1.86	-9999.9	3	106	-9999.9	37	-9999.9	3	18.9	11.6	150	3	1017.3	-9999.9	3.6	80
2025 09 25 19	0.9	0.87	5.7	5.7	7.8	1.3	-9999.9	3	99	-9999.9	38	-9999.9	3	18.8	23.7	290	3	1017.6	-9999.9	3.2	44
2025 09 25 20	0.89	0.85	5.8	5.5	7.7	1.42	-9999.9	3	106	-9999.9	36	-9999.9	3	18.9	29.5	212	3	1018.2	-9999.9	3.8	32
2025 09 25 21	0.93	0.9	5.2	5.2	7.2	1.51	-9999.9	3	106	-9999.9	36	-9999.9	3	18.9	12.8	140	3	1018.4	-9999.9	4.0	60
2025 09 25 22	0.67	0.64	5.3	5.1	7.5	1.0	-9999.9	3	88	-9999.9	39	-9999.9	3	19.2	33.0	6	3	1018.5	-9999.9	3.3	19
2025 09 25 23	0.76	0.73	5.2	5.2	7.6	1.26	-9999.9	3	97	-9999.9	34	-9999.9	3	18.8	8.7	55	3	1018.6	-9999.9	3.6	359
2025 09 26 00	0.73	0.69	5.3	5.3	7.4	1.07	-9999.9	3	97	-9999.9	33	-9999.9	3	19.0	11.5	173	3	1018.4	-9999.9	3.4	35
2025 09 26 01	0.62	0.59	4.8	4.7	7.8	0.96	-9999.9	3	92	-9999.9	37	-9999.9	3	18.8	13.7	179	3	1018.2	-9999.9	3.7	27
2025 09 26 02	0.74	0.73	5.9	5.8	7.6	1.08	-9999.9	3	87	-9999.9	33	-9999.9	3	18.4	22.8	162	3	1017.8	-9999.9	4.1	39
2025 09 26 03	0.76	0.73	6.0	5.9	8.1	1.22	-9999.9	3	90	-9999.9	31	-9999.9	3	18.7	19.2	172	3	1017.5	-9999.9	3.5	350
2025 09 26 04	0.74	0.72	6.2	6.0	7.7	1.06	-9999.9	3	92	-9999.9	31	-9999.9	3	18.7	21.0	198	3	1017.6	-9999.9	3.9	16
2025 09 26 05	0.83	0.81	6.2	5.9	7.9	1.23	-9999.9	3	98	-9999.9	30	-9999.9	3	18.7	21.2	192	3	1017.7	-9999.9	3.8	16
2025 09 26 06	0.85	0.83	6.3	5.9	8.0	1.24	-9999.9	3	96	-9999.9	32	-9999.9	3	19.2	14.0	182	3	1017.9	-9999.9	3.8	7
2025 09 26 07	0.69	0.67	5.5	5.4	7.6	1.08	-9999.9	3	102	-9999.9	37	-9999.9	3	19.2	13.4	239	3	1018.5	-9999.9	3.8	12
2025 09 26 08	0.81	0.77	5.4	5.4	7.5	1.37	-9999.9	3	97	-9999.9	30	-9999.9	3	19.5	19.4	194	3	1019.0	-9999.9	3.8	6
2025 09 26 09	0.7	0.67	4.8	4.8	7.5	1.05	-9999.9	3	101	-9999.9	35	-9999.9	3	19.7	12.8	90	3	1019.4	-9999.9	4.3	58
2025 09 26 10	0.67	0.63	4.9	4.9	7.2	1.09	-9999.9	3	84	-9999.9	37	-9999.9	3	19.4	34.3	20	3	1019.7	-9999.9	4.0	53
2025 09 26 11	0.73	0.71	5.0	4.8	7.3	1.17	-9999.9	3	92	-9999.9	40	-9999.9	3	19.6	22.7	77	3	1019.6	-9999.9	3.5	65
2025 09 26 12	0.65	0.62	4.7	4.6	7.1	1.03	-9999.9	3	88	-9999.9	41	-9999.9	3	19.9	8.9	85	3	1019.6	-9999.9	3.2	40
2025 09 26 13	0.63	0.62	5.3	5.2	7.1	1.13	-9999.9	3	80	-9999.9	37	-9999.9	3	19.7	10.0	224	3	1019.0	-9999.9	3.2	42
2025 09 26 14	0.48	0.46	4.9	4.8	6.8	0.71	-9999.9	3	84	-9999.9	46	-9999.9	3	19.6	23.2	216	3	1018.6	-9999.9	2.7	71
2025 09 26 15	0.47	0.45	4.5	4.5	6.6	0.85	-9999.9	3	99	-9999.9	41	-9999.9	3	19.2	26.7	206	3	1018.1	-9999.9	1.2	77
2025 09 26 16	0.5	0.48	4.8	4.7	6.8	0.87	-9999.9	3	104	-9999.9	41	-9999.9	3	19.6	37.7	200	3	1018.0	-9999.9	0.6	290
2025 09 26 17	0.51	0.48	4.4	4.4	6.7	0.93	-9999.9	3	99	-9999.9	41	-9999.9	3	19.0	21.6	203	3	1018.1	-9999.9	2.1	13
2025 09 26 18	0.41	0.38	4.5	4.5	7.0	0.6	-9999.9	3	119	-9999.9	58	-9999.9	3	19.2	5.2	298	3	1018.4	-9999.9	2.0	4
2025 09 26 19	0.47	0.45	4.6	4.7	6.5	0.7	-9999.9	3	100	-9999.9	47	-9999.9	3	19.1	11.9	302	3	1018.6	-9999.9	2.1	356
2025 09 26 20	0.46	0.45	4.5	4.4	6.4	0.73	-9999.9	3	101	-9999.9	43	-9999.9	3	19.1	12.0	257	3	1019.0	-9999.9	3.3	2
2025 09 26 21	0.52	0.48	4.4	4.5	6.1	0.86	-9999.9	3	104	-9999.9	38	-9999.9	3	19.0	16.0	215	3	1019.3	-9999.9	2.8	336
2025 09 26 22	0.48	0.46	4.2	4.1	6.5	0.7	-9999.9	3	118	-9999.9	48	-9999.9	3	18.7	3.1	281	3	1019.2	-9999.9	2.0	35
2025 09 26 23	0.35	0.34	4.7	4.5	6.6	0.6	-9999.9	3	92	-9999.9	43	-9999.9	3	19.2	26.1	353	3	1019.2	-9999.9	3.2	5
2025 09 27 00	0.33	0.31	4.6	4.5	6.2	0.52	-9999.9	3	88	-9999.9	42	-9999.9	3	19.6	10.4	239	3	1019.0	-9999.9	2.8	351
2025 09 27 01	0.37	0.36	5.1	4.9	6.6	0.53	-9999.9	3	102	-9999.9	40	-9999.9	3	20.5	27.7	258	3	1018.9	-9999.9	3.0	11
2025 09 27 02	0.39	0.37	4.7	4.8	6.5	0.76	-9999.9	3	93	-9999.9	39	-9999.9	3	20.2	19.6	248	3	1018.7	-9999.9	3.5	14
2025 09 27 03	0.34	0.33	5.0	5.0	6.1	0.47	-9999.9	3	86	-9999.9	40	-9999.9	3	19.9	7.5	177	3	1018.7	-9999.9	2.3	0
2025 09 27 04	0.32	0.3	4.3	4.4	6.2	0.64	-9999.9	3	110	-9999.9	50	-9999.9	3	19.9	20.7	215	3	1018.6	-9999.9	3.4	359
2025 09 27 05	0.31	0.31	4.5	4.3	6.6	0.57	-9999.9	3	105	-9999.9	47	-9999.9	3	20.0	18.5	223	3	1018.7	-9999.9	3.9	4
2025 09 27 06	0.34	0.34	4.8	4.7	6.4	0.52	-9999.9	3	99	-9999.9	48	-9999.9	3	20.0	5.4	289	3	1019.2	-9999.9	3.8	351
2025 09 27 07	0.4	0.38	4.3	4.4	6.6	0.83	-9999.9	3	99	-9999.9	44	-9999.9	3	19.8	9.2	359	3	1019.6	-9999.9	2.9	12
2025 09 27 08	0.41	0.38	4.5	4.6	6.5	0.65	-9999.9	3	104	-9999.9	43	-9999.9	3	20.0	14.5	36	3	1019.8	-9999.9	2.9	16
2025 09 27 09	0.37	0.36	4.3	4.3	6.1	0.55	-9999.9	3	81	-9999.9	50	-9999.9	3	20.6	29.9	47	3	1020.4	-9999.9	1.8	17
2025 09 27 10	0.39	0.37	4.4	4.6	5.9	0.57	-9999.9	3	90	-9999.9	44	-9999.9	3	20.9	76.7	34	3	1020.3	-9999.9	0.6	29
2025 09 27 11	0.44	0.42	3.8	3.9	5.9	0.71	-9999.9	3	98	-9999.9	45	-9999.9	3	21.4	22.7	32	3	1020.1	-9999.9	1.3	106
2025 09 27 12	0.36	0.35	3.9	3.8	5.7	0.6	-9999.9	3	104	-9999.9	52	-9999.9	3	22.4	11.0	178	3	1019.8	-9999.9	2.1	105
2025 09 27 13	0.37	0.34	3.8	3.9	6.1	0.72	-9999.9	3	104	-9999.9	46	-9999.9	3	22.2	16.1	207	3	1019.3	-9999.9	2.3	100
2025 09 27 14	0.31	0.3	4.1	4.0	5.6	0.52	-9999.9	3	85	-9999.9	46	-9999.9	3	21.3	12.8	204	3	1018.8	-9999.9	2.6	181
2025 09 27 15	0.3	0.29	3.7	3.7	5.6	0.57	-9999.9	3	137	-9999.9	55	-9999.9	3	22.3	20.1	220	3	1018.2	-9999.9	3.7	182
2025 09 27 16	0.3	0.27	3.8	4.0	5.9	0.49	-9999.9	3	120	-9999.9	44	-9999.9	3	22.0	27.9	216	3	1017.7	-9999.9	6.3	211
2025 09 27 17	0.37	0.34	3.0	3.0	4.0	0.65	-9999.9	3	170	-9999.9	49	-9999.9	3	21.2	6.1	196	3	1017.8	-9999.9	7.3	234
2025 09 27 18	0.38	0.35	3.3	3.2	8.5	0.8	-9999.9	3	161	-9999.9	52	-9999.9	3	21.0	15.0	352	3	1018.2	-9999.9	7.0	231
2025 09 27 19	0.33	0.31	3.0	3.0	3.1	0.61	-9999.9	3	194	-9999.9	59	-9999.9	3	21.3	19.1	21	3	1018.5	-9999.9	7.4	230
2025 09 27 20	0.36	0.34	2.9	2.9	2.7	0.58	-9999.9	3	197	-9999.9	54	-9999.9	3	20.9	10.6	22	3	1018.8	-9999.9	6.9	232
2025 09 27 21	0.45	0.41	3.2	3.2	2.9	0.73	-9999.9	3	170	-9999.9	48	-9999.9	3	20.9	6.0	23	3	1018.9	-9999.9	6.7	246
2025 09 27 22	0.32	0.3	2.8	2.8	2.6	0.53	-9999.9	3	176	-9999.9	55	-9999.9	3	20.7	3.2	32	3	1019.2	-9999.9	6.5	234
2025 09 27 23	0.22	0.21	3.1	3.1	4.4	0.39	-9999.9	3	108	-9999.9	64	-9999.9	3	20.7	21.1	22	3	1019.2	-9999.9	5.0	235
2025 09 28 00	0.23	0.22	2.7	2.7	2.5	0.36	-9999.9	3	174	-9999.9	65	-9999.9	3	20.6	13.3	27	3	1019.3	-9999.9	4.7	229
2025 09 28 01	0.24	0.23	2.5	2.5	2.3	0.44	-9999.9	3	181	-9999.9	59	-9999.9	3	20.6	6.9	163	3	1018.6	-9999.9	6.1	239
2025 09 28 02	0.27	0.25	2.7	2.8	3.2	0.4	-9999.9	3	142	-9999.9	54	-9999.9	3	19.8	11.5	188	3	1018.1	-9999.9	7.1	244
2025 09 28 03	0.46	0.45	2.8	2.8	3.0	0.73	-9999.9	3	199	-9999.9	40	-9999.9	3	19.8	6.6	194	3	1017.7	-9999.9	7.8	240
2025 09 28 04	0.54	0.52	2.9	2.9	2.9	0.83	-9999.9	3	209	-9999.9	38	-9999.9	3	19.8	9.6	184	3	1017.2	-9999.9	9.7	234
2025 09 28 05	0.48	0.46	3.0	3.0	3.0	0.8	-9999.9	3	210	-9999.9	50	-9999.9	3	20.4	14.0	234	3	1017.7	-9999.9	7.8	251
2025 09 28 06	0.78	0.74	3.3	3.3	3.6	1.22	-9999.9	3	214	-9999.9	33	-9999.9	3	20.3	14.7	182	3	1017.7	-9999.9	8.7	253
2025 09 28 07	0.8	0.77	3.4	3.4	3.9	1.23	-9999.9	3	226	-9999.9	39	-9999.9	3	20.7	9.5	335	3	1018.1	-9999.9	7.7	271
2025 09 28 08	0.76	0.72	3.3	3.4	3.8	1.21	-9999.9	3	214	-9999.9	44	-9999.9	3	20.4	19.5	9	3	1018.2	-9999.9	6.4	252
2025 09 28 09	0.74	0.7	3.2	3.2	3.4	1.19	-9999.9	3	210	-9999.9	45	-9999.9	3	20.2	12.7	59	3	1018.3	-9999.9	7.9	236
2025 09 28 10	0.64	0.6	3.0	3.0	3.0	1.15	-9999.9	3	211	-9999.9	54	-9999.9	3	20.0	38.5	16	3	1018.3	-9999.9	9.2	239
2025 09 28 11	0.66	0.64	2.8	2.9	3.0	1.0	-9999.9	3	204	-9999.9	46	-9999.9	3	19.4	11.2	92	3	1017.6	-9999.9	9.9	242
2025 09 28 12	0.69	0.65	3.2	3.2	3.2	1.18	-9999.9	3	210	-9999.9	41	-9999.9	3	19.5	7.7	179	3	1017.1	-9999.9	9.7	249
2025 09 28 13	0.67	0.64	3.2	3.3	3.3	1.1	-9999.9	3	189	-9999.9	39	-9999.9	3	19.7	15.0	159	3	1016.0	-9999.9	10.5	237
2025 09 28 14	0.72	0.69	3.4	3.3	3.6	1.19	-9999.9	3	206	-9999.9	43	-9999.9	3	19.2	39.7	192	3	1015.6	-9999.9	12.3	256
2025 09 28 15	0.97	0.93	4.0	3.9	4.2	1.76	-9999.9	3	214	-9999.9	37	-9999.9	3	19.3	38.2	202	3	1015.2	-9999.9	10.9	246
2025 09 28 16	1.06	1.0	3.9	3.9	4.1	1.71	-9999.9	3	220	-9999.9	34	-9999.9	3	19.6	45.0	202	3	1015.0	-9999.9	12.0	242
2025 09 28 17	0.99	0.96	3.7	3.6	3.7	1.68	-9999.9	3	220	-9999.9	38	-9999.9	3	19.8	35.3	180	3	1015.2	-9999.9	11.0	244
2025 09 28 18	0.83	0.79	3.4	3.4	3.6	1.38	-9999.9	3	220	-9999.9	42	-9999.9	3	19.8	21.8	202	3	1015.5	-9999.9	7.1	262
2025 09 28 19	0.79	0.74	3.4	3.4	3.4	1.57	-9999.9	3	223	-9999.9	41	-9999.9	3	19.9	7.6	227	3	1015.7	-9999.9	7.0	257
2025 09 28 20	0.8	0.76	3.7	3.7	3.8	1.33	-9999.9	3	227	-9999.9	44	-9999.9	3	20.1	12.6	333	3	1015.8	-9999.9	7.7	252
2025 09 28 21	0.85	0.81	3.5	3.5	3.7	1.28	-9999.9	3	230	-9999.9	46	-9999.9	3	20.1	5.1	6	3	1016.0	-9999.9	6.5	246
2025 09 28 22	0.73	0.69	3.5	3.5	3.5	1.27	-9999.9	3	210	-9999.9	49	-9999.9	3	20.1	6.2	334	3	1015.7	-9999.9	6.8	274
2025 09 28 23	0.57	0.53	3.2	3.3	3.8	0.85	-9999.9	3	216	-9999.9	59	-9999.9	3	19.9	13.6	12	3	1015.7	-9999.9	6.6	256
2025 09 29 00	0.53	0.5	3.5	3.4	4.0	0.84	-9999.9	3	217	-9999.9	58	-9999.9	3	19.7	39.3	23	3	1015.4	-9999.9	6.9	262
2025 09 29 01	0.49	0.46	3.5	3.4	5.1	0.7	-9999.9	3	199	-9999.9	51	-9999.9	3	19.5	17.8	57	3	1015.2	-9999.9	7.3	258
2025 09 29 02	0.69	0.63	3.5	3.5	5.0	0.94	-9999.9	3	204	-9999.9	37	-9999.9	3	19.4	4.3	172	3	1014.6	-9999.9	7.3	230
2025 09 29 03	0.62	0.58	3.2	3.2	3.3	1.06	-9999.9	3	201	-9999.9	39	-9999.9	3	19.6	5.8	157	3	1014.2	-9999.9	7.7	243
2025 09 29 04	0.54	0.5	3.4	3.3	5.7	0.86	-9999.9	3	206	-9999.9	42	-9999.9	3	19.4	4.5	181	3	1013.9	-9999.9	7.3	230
2025 09 29 05	0.82	0.76	3.8	3.9	6.1	1.39	-9999.9	3	207	-9999.9	33	-9999.9	3	19.3	10.7	183	3	1014.0	-9999.9	7.6	235
2025 09 29 06	0.76	0.71	3.5	3.5	3.7	1.4	-9999.9	3	209	-9999.9	37	-9999.9	3	19.4	12.0	165	3	1014.1	-9999.9	8.6	212
2025 09 29 07	0.91	0.87	3.8	3.7	3.8	1.35	-9999.9	3	210	-9999.9	38	-9999.9	3	19.4	36.3	182	3	1014.5	-9999.9	8.1	227
2025 09 29 08	0.84	0.79	3.6	3.6	3.8	1.32	-9999.9	3	206	-9999.9	42	-9999.9	3	19.6	26.1	176	3	1015.0	-9999.9	6.5	242
2025 09 29 09	0.74	0.7	3.4	3.4	3.5	1.07	-9999.9	3	206	-9999.9	50	-9999.9	3	19.6	11.1	174	3	1015.4	-9999.9	6.1	238
2025 09 29 10	0.55	0.52	3.1	3.2	3.0	0.94	-9999.9	3	199	-9999.9	54	-9999.9	3	19.4	4.7	29	3	1015.7	-9999.9	2.8	276
2025 09 29 11	0.48	0.45	3.2	3.2	2.9	0.81	-9999.9	3	194	-9999.9	56	-9999.9	3	19.4	7.3	337	3	1015.6	-9999.9	3.5	221
2025 09 29 12	0.44	0.41	3.2	3.2	3.6	0.63	-9999.9	3	185	-9999.9	57	-9999.9	3	19.3	5.0	131	3	1015.2	-9999.9	4.8	227
2025 09 29 13	0.53	0.49	3.6	3.6	4.8	0.74	-9999.9	3	147	-9999.9	49	-9999.9	3	19.1	10.1	117	3	1014.6	-9999.9	5.3	208
2025 09 29 14	0.33	0.3	3.4	3.4	6.3	0.54	-9999.9	3	177	-9999.9	54	-9999.9	3	20.3	12.8	199	3	1014.4	-9999.9	5.8	211
2025 09 29 15	0.34	0.32	3.4	3.3	5.7	0.48	-9999.9	3	191	-9999.9	55	-9999.9	3	19.9	16.3	185	3	1014.4	-9999.9	5.4	230
2025 09 29 16	0.37	0.33	3.6	3.6	8.3	0.53	-9999.9	3	182	-9999.9	52	-9999.9	3	19.9	13.0	222	3	1014.5	-9999.9	6.2	240
2025 09 29 17	0.32	0.3	3.3	3.2	4.0	0.45	-9999.9	3	181	-9999.9	51	-9999.9	3	20.1	21.2	205	3	1014.6	-9999.9	5.5	219
2025 09 29 18	0.26	0.24	3.8	3.7	6.6	0.41	-9999.9	3	190	-9999.9	54	-9999.9	3	20.1	22.3	228	3	1015.0	-9999.9	3.8	218
2025 09 29 19	0.38	0.37	4.6	4.5	6.4	0.64	-9999.9	3	181	-9999.9	60	-9999.9	3	20.2	24.9	209	3	1015.4	-9999.9	4.4	224
2025 09 29 20	0.36	0.34	3.9	3.8	6.6	0.54	-9999.9	3	191	-9999.9	55	-9999.9	3	20.1	22.2	193	3	1016.2	-9999.9	3.7	234
2025 09 29 21	0.42	0.39	3.6	3.5	6.2	0.8	-9999.9	3	185	-9999.9	57	-9999.9	3	20.1	12.3	193	3	1016.4	-9999.9	5.8	240
2025 09 29 22	0.37	0.34	3.3	3.3	5.2	0.57	-9999.9	3	185	-9999.9	57	-9999.9	3	20.1	6.4	148	3	1016.3	-9999.9	5.9	239
2025 09 29 23	0.36	0.34	3.3	3.3	3.9	0.53	-9999.9	3	202	-9999.9	49	-9999.9	3	20.0	4.3	173	3	1016.4	-9999.9	2.4	240
2025 09 30 00	0.31	0.3	3.6	3.5	5.7	0.48	-9999.9	3	201	-9999.9	56	-9999.9	3	20.0	3.3	224	3	1016.3	-9999.9	1.6	331
2025 09 30 01	0.23	0.21	3.5	3.5	4.2	0.39	-9999.9	3	201	-9999.9	61	-9999.9	3	20.0	24.2	21	3	1016.1	-9999.9	2.7	244
2025 09 30 02	0.27	0.26	3.3	3.3	4.8	0.45	-9999.9	3	172	-9999.9	63	-9999.9	3	20.1	23.5	337	3	1015.8	-9999.9	1.1	351
2025 09 30 03	0.23	0.22	3.3	3.3	4.1	0.37	-9999.9	3	187	-9999.9	62	-9999.9	3	19.9	14.8	10	3	1015.6	-9999.9	0.6	341
2025 09 30 04	0.19	0.18	3.4	3.5	4.0	0.54	-9999.9	3	135	-9999.9	56	-9999.9	3	19.5	18.1	51	3	1015.7	-9999.9	0.9	300
2025 09 30 05	0.16	0.15	3.2	3.2	5.8	0.24	-9999.9	3	149	-9999.9	65	-9999.9	3	19.6	18.8	54	3	1016.0	-9999.9	1.0	248
2025 09 30 06	0.25	0.24	3.7	3.9	6.4	0.48	-9999.9	3	33	-9999.9	52	-9999.9	3	19.4	19.6	59	3	1016.5	-9999.9	3.2	234
2025 09 30 07	0.28	0.25	4.1	4.3	9.6	0.49	-9999.9	3	113	-9999.9	49	-9999.9	3	19.4	5.9	35	3	1016.8	-9999.9	1.8	5
2025 09 30 08	0.24	0.23	3.8	3.8	6.7	0.37	-9999.9	3	150	-9999.9	55	-9999.9	3	19.5	2.5	225	3	1017.3	-9999.9	1.3	7
2025 09 30 09	0.28	0.26	4.2	4.1	6.9	0.48	-9999.9	3	139	-9999.9	68	-9999.9	3	20.1	25.4	223	3	1017.7	-9999.9	1.1	338
2025 09 30 10	0.4	0.38	4.4	4.4	9.2	0.77	-9999.9	3	129	-9999.9	58	-9999.9	3	20.2	13.1	204	3	1017.9	-9999.9	2.7	121
2025 09 30 11	0.3	0.28	3.4	3.3	4.4	0.47	-9999.9	3	184	-9999.9	59	-9999.9	3	21.1	8.6	177	3	1018.0	-9999.9	1.7	112
2025 09 30 12	0.25	0.23	3.5	3.5	6.4	0.45	-9999.9	3	107	-9999.9	63	-9999.9	3	20.6	6.6	339	3	1017.8	-9999.9	2.4	138
2025 09 30 13	0.29	0.26	3.7	3.9	9.9	0.44	-9999.9	3	144	-9999.9	52	-9999.9	3	21.0	8.0	276	3	1017.4	-9999.9	1.4	109
2025 09 30 14	0.24	0.23	3.8	4.0	7.3	0.42	-9999.9	3	123	-9999.9	54	-9999.9	3	21.0	13.2	201	3	1017.4	-9999.9	1.8	125
2025 09 30 15	0.2	0.18	3.5	3.5	5.5	0.28	-9999.9	3	129	-9999.9	58	-9999.9	3	21.3	9.4	163	3	1017.2	-9999.9	1.9	113
2025 09 30 16	0.27	0.24	3.8	4.2	9.3	0.62	-9999.9	3	106	-9999.9	45	-9999.9	3	20.9	10.4	179	3	1017.5	-9999.9	0.9	169
2025 09 30 17	0.21	0.2	3.4	3.2	3.7	0.32	-9999.9	3	90	-9999.9	63	-9999.9	3	20.6	10.4	216	3	1017.6	-9999.9	0.4	296
2025 09 30 18	0.28	0.25	3.9	4.0	10.2	0.58	-9999.9	3	125	-9999.9	43	-9999.9	3	20.8	19.2	180	3	1018.1	-9999.9	1.2	3
2025 09 30 19	0.27	0.25	3.6	3.8	7.3	0.57	-9999.9	3	78	-9999.9	54	-9999.9	3	20.8	22.3	194	3	1018.6	-9999.9	1.0	18
2025 09 30 20	0.25	0.24	3.7	3.7	5.7	0.39	-9999.9	3	125	-9999.9	47	-9999.9	3	21.5	22.2	217	3	1019.1	-9999.9	2.7	72
2025 09 30 21	0.32	0.29	3.9	4.1	9.4	0.56	-9999.9	3	117	-9999.9	50	-9999.9	3	21.6	13.4	228	3	1019.5	-9999.9	2.4	20
2025 09 30 22	0.22	0.21	3.3	3.4	5.1	0.32	-9999.9	3	153	-9999.9	54	-9999.9	3	20.7	10.1	269	3	1019.7	-9999.9	2.5	28
2025 09 30 23	0.18	0.16	3.7	3.6	5.8	0.27	-9999.9	3	152	-9999.9	58	-9999.9	3	20.7	7.6	248	3	1019.5	-9999.9	3.3	350
2025 10 01 00	0.2	0.19	3.4	3.3	4.5	0.32	-9999.9	3	124	-9999.9	58	-9999.9	3	20.6	3.1	291	3	1019.5	-9999.9	3.5	359
2025 10 01 01	0.16	0.15	3.2	3.1	4.8	0.24	-9999.9	3	112	-9999.9	60	-9999.9	3	20.5	10.7	254	3	1019.4	-9999.9	3.7	355
2025 10 01 02	0.18	0.17	3.0	3.0	6.5	0.28	-9999.9	3	127	-9999.9	60	-9999.9	3	20.5	16.7	300	3	1019.0	-9999.9	4.0	7
2025 10 01 03	0.22	0.21	3.1	3.2	5.7	0.41	-9999.9	3	80	-9999.9	48	-9999.9	3	20.3	20.5	335	3	1018.9	-9999.9	4.0	54
2025 10 01 04	0.18	0.17	3.1	3.1	3.5	0.31	-9999.9	3	110	-9999.9	58	-9999.9	3	19.9	16.6	5	3	1019.0	-9999.9	3.9	56
2025 10 01 05	0.19	0.18	3.0	3.0	4.0	0.34	-9999.9	3	73	-9999.9	53	-9999.9	3	19.9	12.4	104	3	1019.2	-9999.9	3.6	60
2025 10 01 06	0.22	0.21	3.3	3.4	6.1	0.4	-9999.9	3	59	-9999.9	47	-9999.9	3	20.3	20.9	90	3	1019.3	-9999.9	4.5	52
2025 10 01 07	0.36	0.31	3.4	3.8	6.7	0.72	-9999.9	3	115	-9999.9	39	-9999.9	3	20.3	19.9	82	3	1019.7	-9999.9	6.1	60
2025 10 01 08	0.29	0.28	2.9	2.9	2.8	0.5	-9999.9	3	86	-9999.9	54	-9999.9	3	20.1	15.9	54	3	1020.2	-9999.9	5.3	67
2025 10 01 09	0.31	0.28	3.3	3.4	6.3	0.52	-9999.9	3	72	-9999.9	56	-9999.9	3	19.8	19.2	43	3	1020.6	-9999.9	5.2	66
2025 10 01 10	0.31	0.27	3.3	3.7	9.0	0.69	-9999.9	3	113	-9999.9	44	-9999.9	3	20.0	8.4	18	3	1020.7	-9999.9	5.1	85
2025 10 01 11	0.24	0.22	3.0	3.0	3.4	0.42	-9999.9	3	103	-9999.9	61	-9999.9	3	20.3	4.3	34	3	1020.7	-9999.9	5.0	61
2025 10 01 12	0.28	0.26	3.2	3.3	6.0	0.51	-9999.9	3	77	-9999.9	50	-9999.9	3	20.6	4.4	327	3	1020.4	-9999.9	4.6	60
2025 10 01 13	0.35	0.32	3.4	3.7	8.8	0.65	-9999.9	3	88	-9999.9	39	-9999.9	3	20.7	14.0	34	3	1020.0	-9999.9	6.3	53
2025 10 01 14	0.28	0.26	2.9	2.9	3.0	0.42	-9999.9	3	57	-9999.9	51	-9999.9	3	20.3	19.1	39	3	1019.8	-9999.9	4.4	64
2025 10 01 15	0.3	0.29	3.3	3.2	3.5	0.6	-9999.9	3	67	-9999.9	46	-9999.9	3	20.3	23.2	80	3	1019.5	-9999.9	4.1	81
2025 10 01 16	0.31	0.29	3.7	3.8	4.7	0.52	-9999.9	3	92	-9999.9	43	-9999.9	3	20.3	33.6	71	3	1019.2	-9999.9	3.7	77
2025 10 01 17	0.33	0.31	3.4	3.4	4.2	0.57	-9999.9	3	82	-9999.9	50	-9999.9	3	20.4	17.9	87	3	1019.5	-9999.9	2.6	31
2025 10 01 18	0.34	0.31	3.7	3.9	6.8	0.58	-9999.9	3	108	-9999.9	46	-9999.9	3	20.4	10.3	145	3	1019.6	-9999.9	4.1	44
2025 10 01 19	0.32	0.31	3.6	3.7	4.9	0.6	-9999.9	3	74	-9999.9	52	-9999.9	3	20.3	6.2	235	3	1020.2	-9999.9	5.2	53
2025 10 01 20	0.32	0.3	3.9	4.0	4.8	0.6	-9999.9	3	106	-9999.9	41	-9999.9	3	20.3	18.1	206	3	1020.5	-9999.9	4.2	47
2025 10 01 21	0.4	0.36	4.0	4.0	9.3	0.74	-9999.9	3	104	-9999.9	48	-9999.9	3	20.4	28.7	201	3	1020.6	-9999.9	5.1	56
2025 10 01 22	0.33	0.31	3.4	3.4	4.3	0.5	-9999.9	3	118	-9999.9	46	-9999.9	3	20.6	28.7	219	3	1020.6	-9999.9	5.9	59
2025 10 01 23	0.36	0.34	3.5	3.4	4.2	0.52	-9999.9	3	112	-9999.9	46	-9999.9	3	20.8	17.0	202	3	1020.5	-9999.9	5.2	58
2025 10 02 00	0.37	0.35	3.3	3.3	5.5	0.65	-9999.9	3	106	-9999.9	50	-9999.9	3	20.9	11.7	204	3	1020.3	-9999.9	5.6	58
2025 10 02 01	0.41	0.39	3.3	3.3	5.2	0.65	-9999.9	3	99	-9999.9	50	-9999.9	3	21.0	11.2	210	3	1020.3	-9999.9	6.2	67
2025 10 02 02	0.44	0.41	3.2	3.2	5.9	0.69	-9999.9	3	88	-9999.9	46	-9999.9	3	20.9	9.8	260	3	1020.0	-9999.9	6.5	62
2025 10 02 03	0.42	0.4	3.2	3.1	5.5	0.61	-9999.9	3	99	-9999.9	49	-9999.9	3	20.9	7.8	286	3	1019.8	-9999.9	6.5	73
2025 10 02 04	0.37	0.35	3.6	3.4	6.1	0.52	-9999.9	3	87	-9999.9	46	-9999.9	3	20.5	20.4	2	3	1020.0	-9999.9	4.7	70
2025 10 02 05	0.38	0.36	3.6	3.5	5.2	0.54	-9999.9	3	80	-9999.9	41	-9999.9	3	20.1	24.5	36	3	1020.1	-9999.9	6.4	61
2025 10 02 06	0.46	0.44	3.5	3.5	5.5	0.7	-9999.9	3	75	-9999.9	41	-9999.9	3	20.3	28.9	81	3	1020.3	-9999.9	5.7	65
2025 10 02 07	0.51	0.46	3.4	3.5	5.2	0.89	-9999.9	3	77	-9999.9	43	-9999.9	3	20.6	36.4	67	3	1020.7	-9999.9	5.8	63
2025 10 02 08	0.58	0.54	3.5	3.6	5.9	0.82	-9999.9	3	75	-9999.9	39	-9999.9	3	20.6	26.9	60	3	1021.4	-9999.9	6.2	55
2025 10 02 09	0.47	0.44	3.5	3.5	5.9	0.88	-9999.9	3	65	-9999.9	47	-9999.9	3	20.3	38.0	59	3	1021.9	-9999.9	6.2	62
2025 10 02 10	0.53	0.49	3.9	4.0	6.2	0.91	-9999.9	3	75	-9999.9	47	-9999.9	3	20.9	54.7	84	3	1022.1	-9999.9	6.3	64
2025 10 02 11	0.44	0.42	3.5	3.5	5.8	0.63	-9999.9	3	93	-9999.9	48	-9999.9	3	20.6	8.8	210	3	1022.1	-9999.9	6.7	62
2025 10 02 12	0.43	0.4	3.5	3.4	5.6	0.68	-9999.9	3	95	-9999.9	52	-9999.9	3	21.0	31.6	203	3	1021.9	-9999.9	6.3	55
2025 10 02 13	0.44	0.42	3.6	3.5	6.4	0.72	-9999.9	3	85	-9999.9	47	-9999.9	3	20.4	28.1	203	3	1021.3	-9999.9	5.1	63
2025 10 02 14	0.42	0.4	3.3	3.3	5.6	0.68	-9999.9	3	82	-9999.9	49	-9999.9	3	20.5	9.9	165	3	1020.9	-9999.9	4.8	30
2025 10 02 15	0.42	0.4	3.4	3.4	5.4	0.82	-9999.9	3	77	-9999.9	49	-9999.9	3	20.4	22.6	359	3	1020.6	-9999.9	5.4	65
2025 10 02 16	0.47	0.45	3.9	3.9	5.7	0.75	-9999.9	3	88	-9999.9	46	-9999.9	3	20.6	51.2	73	3	1020.4	-9999.9	5.2	81
2025 10 02 17	0.44	0.41	3.9	3.9	5.7	0.71	-9999.9	3	91	-9999.9	48	-9999.9	3	19.3	32.1	74	3	1020.5	-9999.9	5.5	81
2025 10 02 18	0.46	0.43	4.1	4.0	5.4	0.73	-9999.9	3	106	-9999.9	44	-9999.9	3	20.7	15.8	142	3	1020.7	-9999.9	5.0	92
2025 10 02 19	0.45	0.44	4.1	4.1	5.4	0.72	-9999.9	3	103	-9999.9	44	-9999.9	3	20.4	15.5	203	3	1021.2	-9999.9	4.0	60
2025 10 02 20	0.38	0.36	4.0	4.0	5.2	0.61	-9999.9	3	105	-9999.9	44	-9999.9	3	20.3	14.5	215	3	1021.4	-9999.9	4.2	64
2025 10 02 21	0.46	0.43	4.0	4.0	6.3	0.87	-9999.9	3	97	-9999.9	46	-9999.9	3	20.3	4.4	218	3	1021.8	-9999.9	4.5	88
2025 10 02 22	0.4	0.39	3.9	3.9	4.8	0.65	-9999.9	3	112	-9999.9	40	-9999.9	3	20.4	21.7	170	3	1021.9	-9999.9	4.4	54
2025 10 02 23	0.36	0.34	3.6	3.5	4.8	0.68	-9999.9	3	112	-9999.9	46	-9999.9	3	20.6	21.3	192	3	1021.8	-9999.9	4.9	39
2025 10 03 00	0.3	0.29	3.4	3.3	4.1	0.45	-9999.9	3	106	-9999.9	57	-9999.9	3	20.4	20.7	227	3	1021.7	-9999.9	4.4	47
2025 10 03 01	0.27	0.25	3.3	3.2	4.6	0.38	-9999.9	3	104	-9999.9	52	-9999.9	3	20.1	11.3	286	3	1021.4	-9999.9	4.5	58
2025 10 03 03	0.3	0.28	3.3	3.3	4.2	0.52	-9999.9	3	100	-9999.9	53	-9999.9	3	19.8	13.8	221	3	1020.9	-9999.9	4.2	42
2025 10 03 04	0.29	0.28	3.5	3.5	4.6	0.48	-9999.9	3	93	-9999.9	58	-9999.9	3	20.1	30.6	289	3	1020.8	-9999.9	4.5	57
2025 10 03 05	0.28	0.26	3.4	3.4	4.0	0.46	-9999.9	3	88	-9999.9	52	-9999.9	3	20.3	41.1	324	3	1021.1	-9999.9	3.8	13
2025 10 03 06	0.37	0.36	3.7	3.7	4.6	0.65	-9999.9	3	76	-9999.9	44	-9999.9	3	20.1	10.2	33	3	1021.4	-9999.9	4.1	340
2025 10 03 07	0.43	0.4	3.9	4.0	8.9	0.77	-9999.9	3	91	-9999.9	43	-9999.9	3	19.8	23.1	93	3	1021.5	-9999.9	3.9	343
2025 10 03 08	0.39	0.37	4.1	4.2	9.5	0.61	-9999.9	3	97	-9999.9	44	-9999.9	3	20.6	27.4	173	3	1022.0	-9999.9	4.0	357
2025 10 03 09	0.33	0.32	3.7	3.8	5.5	0.53	-9999.9	3	75	-9999.9	46	-9999.9	3	20.1	9.8	135	3	1022.8	-9999.9	3.7	7
2025 10 03 10	0.38	0.35	4.4	4.4	8.5	0.68	-9999.9	3	84	-9999.9	43	-9999.9	3	20.5	12.1	92	3	1023.0	-9999.9	2.5	52
2025 10 03 11	0.3	0.28	3.8	3.8	4.6	0.41	-9999.9	3	108	-9999.9	49	-9999.9	3	21.0	8.6	138	3	1022.7	-9999.9	2.3	33
2025 10 03 12	0.32	0.3	3.8	3.8	5.2	0.52	-9999.9	3	110	-9999.9	52	-9999.9	3	21.2	8.9	189	3	1022.2	-9999.9	2.7	47
2025 10 03 13	0.29	0.28	3.8	3.7	5.2	0.49	-9999.9	3	116	-9999.9	48	-9999.9	3	21.4	25.2	223	3	1021.4	-9999.9	2.5	61
2025 10 03 14	0.37	0.36	3.7	3.6	4.8	0.57	-9999.9	3	86	-9999.9	50	-9999.9	3	21.5	4.5	208	3	1020.9	-9999.9	2.7	39
2025 10 03 16	0.28	0.27	3.8	3.7	5.5	0.49	-9999.9	3	72	-9999.9	51	-9999.9	3	19.2	-9999.9	-9999.9	3	1020.3	-9999.9	0.8	136
2025 10 03 17	0.3	0.28	3.9	3.9	5.3	0.5	-9999.9	3	90	-9999.9	52	-9999.9	3	20.3	38.4	78	3	1020.5	-9999.9	0.5	352
2025 10 03 18	0.31	0.29	4.0	4.1	4.9	0.53	-9999.9	3	100	-9999.9	45	-9999.9	3	19.5	26.7	76	3	1020.8	-9999.9	1.1	349
2025 10 03 19	0.38	0.36	4.1	4.2	4.8	0.59	-9999.9	3	92	-9999.9	46	-9999.9	3	19.9	12.3	160	3	1020.9	-9999.9	2.1	354
2025 10 03 20	0.31	0.29	3.7	3.7	5.8	0.5	-9999.9	3	119	-9999.9	51	-9999.9	3	19.9	32.0	219	3	1021.3	-9999.9	2.6	4
2025 10 03 21	0.28	0.27	4.0	3.9	5.7	0.51	-9999.9	3	81	-9999.9	47	-9999.9	3	19.8	18.2	251	3	1021.3	-9999.9	3.0	13
2025 10 03 22	0.27	0.26	4.2	4.1	5.0	0.4	-9999.9	3	100	-9999.9	44	-9999.9	3	19.8	5.0	197	3	1021.3	-9999.9	3.6	354
2025 10 03 23	0.27	0.25	3.6	3.6	4.8	0.42	-9999.9	3	112	-9999.9	53	-9999.9	3	19.8	24.3	181	3	1020.8	-9999.9	4.9	355
2025 10 04 00	0.24	0.22	3.8	3.8	4.8	0.37	-9999.9	3	108	-9999.9	53	-9999.9	3	20.1	9.5	253	3	1020.6	-9999.9	1.6	10
2025 10 04 01	0.2	0.19	3.4	3.4	4.7	0.32	-9999.9	3	106	-9999.9	53	-9999.9	3	20.1	15.4	2	3	1020.8	-9999.9	1.5	12
2025 10 04 02	0.22	0.21	3.4	3.4	4.6	0.34	-9999.9	3	104	-9999.9	54	-9999.9	3	20.1	13.3	5	3	1020.5	-9999.9	1.3	234
2025 10 04 03	0.25	0.23	3.6	3.6	4.6	0.41	-9999.9	3	120	-9999.9	54	-9999.9	3	20.0	8.8	146	3	1020.1	-9999.9	3.1	224
2025 10 04 04	0.3	0.28	3.3	3.1	4.6	0.52	-9999.9	3	133	-9999.9	55	-9999.9	3	20.0	23.4	188	3	1020.0	-9999.9	5.5	231
2025 10 04 05	0.25	0.23	3.1	3.1	5.2	0.37	-9999.9	3	152	-9999.9	55	-9999.9	3	20.0	23.2	212	3	1020.2	-9999.9	1.2	1
2025 10 04 06	0.24	0.22	3.3	3.5	5.7	0.52	-9999.9	3	49	-9999.9	52	-9999.9	3	19.9	15.4	336	3	1020.4	-9999.9	2.0	359
2025 10 04 07	0.23	0.22	3.4	3.3	5.3	0.38	-9999.9	3	64	-9999.9	59	-9999.9	3	19.7	14.0	9	3	1020.6	-9999.9	1.2	333
2025 10 04 08	0.32	0.28	3.6	4.0	8.8	0.75	-9999.9	3	94	-9999.9	45	-9999.9	3	20.1	23.6	103	3	1021.0	-9999.9	1.1	29
2025 10 04 09	0.39	0.37	2.6	2.7	2.8	0.63	-9999.9	3	121	-9999.9	62	-9999.9	3	20.1	23.4	65	3	1021.3	-9999.9	5.2	244
2025 10 04 10	0.57	0.53	2.8	2.8	2.8	0.84	-9999.9	3	213	-9999.9	45	-9999.9	3	19.7	25.6	72	3	1021.3	-9999.9	9.9	238
2025 10 04 11	0.65	0.62	2.8	2.8	2.7	1.1	-9999.9	3	226	-9999.9	52	-9999.9	3	19.7	64.9	40	3	1021.1	-9999.9	11.0	230
2025 10 04 12	0.56	0.53	2.8	2.8	3.2	0.79	-9999.9	3	205	-9999.9	51	-9999.9	3	19.5	55.4	85	3	1020.3	-9999.9	11.2	233
2025 10 04 13	0.6	0.57	3.2	3.2	3.2	0.86	-9999.9	3	193	-9999.9	37	-9999.9	3	19.9	40.2	196	3	1019.6	-9999.9	11.0	228
2025 10 04 14	0.59	0.56	3.1	3.1	3.2	0.95	-9999.9	3	209	-9999.9	37	-9999.9	3	19.9	38.2	188	3	1019.2	-9999.9	10.7	229
2025 10 04 15	0.64	0.62	3.1	3.0	3.3	1.14	-9999.9	3	213	-9999.9	44	-9999.9	3	19.8	14.8	187	3	1018.7	-9999.9	10.6	224
2025 10 04 16	0.57	0.54	2.9	2.9	3.0	0.88	-9999.9	3	230	-9999.9	45	-9999.9	3	19.6	6.5	205	3	1018.6	-9999.9	10.6	233
2025 10 04 17	0.53	0.5	2.6	2.6	2.5	0.88	-9999.9	3	220	-9999.9	51	-9999.9	3	19.6	16.6	350	3	1018.7	-9999.9	9.8	208
2025 10 04 18	0.41	0.38	2.5	2.5	2.4	0.63	-9999.9	3	195	-9999.9	55	-9999.9	3	19.5	23.9	138	3	1018.7	-9999.9	8.8	239
2025 10 04 20	0.41	0.39	3.1	3.1	2.9	0.69	-9999.9	3	197	-9999.9	50	-9999.9	3	19.3	40.0	205	3	1019.4	-9999.9	6.1	232
2025 10 04 21	0.45	0.42	3.1	3.2	4.3	0.83	-9999.9	3	174	-9999.9	54	-9999.9	3	18.9	38.2	196	3	1019.5	-9999.9	5.1	219
2025 10 04 22	0.43	0.41	2.9	2.8	2.8	0.85	-9999.9	3	200	-9999.9	54	-9999.9	3	19.1	30.8	199	3	1019.4	-9999.9	5.8	221
2025 10 04 23	0.45	0.43	3.0	3.1	3.1	0.75	-9999.9	3	219	-9999.9	44	-9999.9	3	20.3	35.2	223	3	1018.9	-9999.9	7.2	220
2025 10 05 00	0.45	0.43	2.9	2.9	3.1	0.73	-9999.9	3	213	-9999.9	47	-9999.9	3	19.9	30.4	246	3	1018.7	-9999.9	6.5	229
2025 10 05 01	0.44	0.42	2.8	2.8	2.9	0.82	-9999.9	3	218	-9999.9	46	-9999.9	3	19.5	16.7	229	3	1018.3	-9999.9	8.0	245
2025 10 05 02	0.38	0.37	2.7	2.6	2.6	0.66	-9999.9	3	211	-9999.9	54	-9999.9	3	19.6	11.9	68	3	1017.9	-9999.9	8.2	237
2025 10 05 03	0.4	0.38	2.7	2.7	2.9	0.69	-9999.9	3	222	-9999.9	57	-9999.9	3	19.7	11.3	33	3	1017.7	-9999.9	7.4	244
2025 10 05 04	0.48	0.47	2.9	2.9	3.0	0.92	-9999.9	3	222	-9999.9	50	-9999.9	3	19.6	5.7	356	3	1017.5	-9999.9	7.8	222
2025 10 05 05	0.53	0.52	3.0	3.0	3.2	0.82	-9999.9	3	212	-9999.9	44	-9999.9	3	19.5	5.0	189	3	1017.4	-9999.9	7.8	240
2025 10 05 06	0.61	0.59	2.9	2.9	3.1	1.03	-9999.9	3	209	-9999.9	47	-9999.9	3	19.4	6.9	166	3	1017.5	-9999.9	8.0	249
2025 10 05 07	0.52	0.49	2.8	2.8	2.8	0.85	-9999.9	3	213	-9999.9	55	-9999.9	3	19.1	27.5	47	3	1018.1	-9999.9	9.1	247
2025 10 05 08	0.51	0.48	2.7	2.8	2.8	0.85	-9999.9	3	216	-9999.9	52	-9999.9	3	19.1	15.1	31	3	1018.4	-9999.9	9.5	243
2025 10 05 09	0.55	0.53	2.8	2.8	2.9	0.89	-9999.9	3	214	-9999.9	52	-9999.9	3	18.9	49.9	34	3	1018.8	-9999.9	8.9	226
2025 10 05 10	0.64	0.58	3.0	3.1	3.3	1.16	-9999.9	3	213	-9999.9	47	-9999.9	3	19.0	30.6	69	3	1018.6	-9999.9	11.5	232
2025 10 05 11	0.5	0.47	2.7	2.7	2.8	0.79	-9999.9	3	220	-9999.9	58	-9999.9	3	18.8	44.2	70	3	1018.4	-9999.9	11.2	233
2025 10 05 12	0.49	0.46	2.6	2.6	2.6	0.74	-9999.9	3	215	-9999.9	57	-9999.9	3	17.8	55.2	60	3	1018.0	-9999.9	10.4	234
2025 10 05 13	0.33	0.29	2.8	3.0	7.1	0.54	-9999.9	3	132	-9999.9	58	-9999.9	3	17.5	72.8	51	3	1017.1	-9999.9	9.9	229
2025 10 05 14	0.29	0.27	2.8	2.7	2.5	0.43	-9999.9	3	171	-9999.9	66	-9999.9	3	17.2	39.6	89	3	1016.6	-9999.9	9.8	225
2025 10 05 15	0.46	0.43	3.2	3.1	3.0	0.66	-9999.9	3	192	-9999.9	43	-9999.9	3	19.4	32.6	196	3	1016.6	-9999.9	9.1	233
2025 10 05 16	0.49	0.48	3.1	3.1	3.1	1.04	-9999.9	3	204	-9999.9	46	-9999.9	3	19.4	60.8	171	3	1016.4	-9999.9	7.6	228
2025 10 05 17	0.49	0.47	2.8	2.8	2.8	0.79	-9999.9	3	209	-9999.9	54	-9999.9	3	18.7	50.5	155	3	1016.5	-9999.9	8.0	236
2025 10 05 18	0.3	0.27	2.8	2.9	4.5	0.44	-9999.9	3	70	-9999.9	62	-9999.9	3	17.3	33.2	3	3	1017.1	-9999.9	7.3	221
2025 10 05 19	0.23	0.22	2.7	2.7	2.9	0.36	-9999.9	3	127	-9999.9	68	-9999.9	3	17.1	7.1	112	3	1017.5	-9999.9	5.4	195
2025 10 05 20	0.26	0.24	3.4	3.5	7.5	0.51	-9999.9	3	107	-9999.9	51	-9999.9	3	-9999.9	29.7	198	3	1018.2	-9999.9	3.5	237
2025 10 05 21	0.29	0.26	3.9	4.3	9.8	0.5	-9999.9	3	122	-9999.9	41	-9999.9	3	18.8	33.6	214	3	1019.0	-9999.9	6.6	351
2025 10 05 22	0.25	0.23	2.8	2.8	4.0	0.4	-9999.9	3	107	-9999.9	62	-9999.9	3	18.5	28.3	194	3	1019.7	-9999.9	5.8	10
2025 10 05 23	0.24	0.22	3.0	3.1	6.1	0.44	-9999.9	3	77	-9999.9	51	-9999.9	3	18.3	20.2	257	3	1019.8	-9999.9	4.7	44
2025 10 06 00	0.29	0.27	2.6	2.6	2.4	0.51	-9999.9	3	66	-9999.9	55	-9999.9	3	18.1	10.0	234	3	1020.0	-9999.9	7.1	35
2025 10 06 01	0.35	0.34	2.7	2.7	2.8	0.57	-9999.9	3	80	-9999.9	51	-9999.9	3	17.9	6.0	201	3	1020.1	-9999.9	7.6	49
2025 10 06 02	0.36	0.34	2.8	2.8	3.0	0.62	-9999.9	3	85	-9999.9	46	-9999.9	3	18.0	4.6	321	3	1019.7	-9999.9	7.7	37
2025 10 06 03	0.39	0.38	2.8	2.8	3.1	0.65	-9999.9	3	76	-9999.9	52	-9999.9	3	18.3	29.6	348	3	1019.9	-9999.9	7.6	62
2025 10 06 04	0.48	0.47	3.1	3.1	3.8	0.9	-9999.9	3	83	-9999.9	51	-9999.9	3	18.2	20.3	259	3	1019.9	-9999.9	8.0	62
2025 10 06 05	0.47	0.46	2.8	2.8	3.1	0.71	-9999.9	3	69	-9999.9	52	-9999.9	3	18.5	22.2	274	3	1020.3	-9999.9	7.4	59
2025 10 06 06	0.46	0.44	2.8	2.8	2.8	0.77	-9999.9	3	68	-9999.9	60	-9999.9	3	19.0	25.3	282	3	1020.7	-9999.9	6.9	65
2025 10 06 07	0.66	0.64	3.5	3.4	4.6	1.05	-9999.9	3	104	-9999.9	47	-9999.9	3	18.4	19.6	304	3	1021.0	-9999.9	6.8	68
2025 10 06 08	0.61	0.57	3.5	3.4	4.7	0.98	-9999.9	3	86	-9999.9	44	-9999.9	3	18.6	40.1	327	3	1021.7	-9999.9	7.0	66
2025 10 06 09	0.54	0.51	3.3	3.3	4.8	0.89	-9999.9	3	75	-9999.9	56	-9999.9	3	19.3	52.8	284	3	1022.2	-9999.9	8.0	69
2025 10 06 10	0.59	0.55	3.3	3.3	4.8	0.93	-9999.9	3	72	-9999.9	48	-9999.9	3	19.1	36.9	280	3	1022.7	-9999.9	7.8	53
2025 10 06 11	0.66	0.62	3.3	3.3	5.3	0.99	-9999.9	3	79	-9999.9	42	-9999.9	3	19.2	9.9	282	3	1022.7	-9999.9	7.6	48
2025 10 06 12	0.67	0.63	3.6	3.6	5.6	1.14	-9999.9	3	85	-9999.9	42	-9999.9	3	19.1	12.7	356	3	1022.3	-9999.9	7.7	50
2025 10 06 13	0.7	0.66	3.8	3.8	5.5	1.02	-9999.9	3	85	-9999.9	38	-9999.9	3	19.0	29.3	40	3	1021.8	-9999.9	7.5	63
2025 10 06 14	0.62	0.58	3.6	3.5	5.3	0.9	-9999.9	3	72	-9999.9	43	-9999.9	3	19.1	7.9	113	3	1021.6	-9999.9	6.9	167
2025 10 06 15	0.61	0.55	3.5	3.6	6.3	0.9	-9999.9	3	78	-9999.9	46	-9999.9	3	19.3	23.4	177	3	1021.4	-9999.9	8.1	49
2025 10 06 16	0.66	0.61	3.9	3.9	6.1	1.26	-9999.9	3	100	-9999.9	44	-9999.9	3	19.2	35.8	218	3	1021.4	-9999.9	7.7	54
2025 10 06 17	0.64	0.61	4.2	4.0	6.2	0.97	-9999.9	3	92	-9999.9	47	-9999.9	3	19.2	33.7	224	3	1021.4	-9999.9	7.0	52
2025 10 06 18	0.69	0.65	3.8	3.9	5.8	1.06	-9999.9	3	96	-9999.9	43	-9999.9	3	19.3	24.9	208	3	1021.5	-9999.9	6.9	52
2025 10 06 19	0.6	0.56	3.9	3.9	5.3	1.04	-9999.9	3	87	-9999.9	50	-9999.9	3	19.2	20.7	253	3	1021.8	-9999.9	6.5	53
2025 10 06 20	0.54	0.53	3.9	3.8	5.1	0.84	-9999.9	3	87	-9999.9	47	-9999.9	3	18.9	25.2	218	3	1022.1	-9999.9	6.8	62
2025 10 06 21	0.45	0.42	4.2	4.1	5.4	0.74	-9999.9	3	118	-9999.9	58	-9999.9	3	19.3	43.4	226	3	1022.5	-9999.9	6.8	54
2025 10 06 22	0.58	0.54	4.2	4.3	5.8	0.89	-9999.9	3	126	-9999.9	52	-9999.9	3	19.2	55.4	244	3	1022.4	-9999.9	7.1	61
2025 10 06 23	0.69	0.66	4.7	4.5	6.1	0.95	-9999.9	3	95	-9999.9	37	-9999.9	3	19.1	9.5	191	3	1022.4	-9999.9	7.1	61
2025 10 07 00	0.69	0.66	4.6	4.4	6.3	0.98	-9999.9	3	95	-9999.9	38	-9999.9	3	19.1	13.9	284	3	1022.2	-9999.9	7.2	91
2025 10 07 01	0.76	0.72	4.2	4.1	6.6	1.23	-9999.9	3	82	-9999.9	38	-9999.9	3	19.1	17.9	162	3	1022.0	-9999.9	7.3	50
2025 10 07 02	0.8	0.76	4.5	4.4	6.4	1.19	-9999.9	3	99	-9999.9	37	-9999.9	3	19.2	6.4	91	3	1021.7	-9999.9	7.5	77
2025 10 07 03	1.01	0.96	4.7	4.7	7.0	1.65	-9999.9	3	103	-9999.9	35	-9999.9	3	19.3	0.9	354	3	1021.7	-9999.9	7.4	33
2025 10 07 04	1.11	1.06	5.2	5.0	6.4	1.69	-9999.9	3	110	-9999.9	33	-9999.9	3	19.1	8.6	269	3	1021.9	-9999.9	7.4	71
2025 10 07 05	0.99	0.95	4.9	4.7	6.8	1.5	-9999.9	3	94	-9999.9	39	-9999.9	3	19.1	16.7	283	3	1022.0	-9999.9	6.1	70
2025 10 07 06	1.05	1.01	4.8	4.7	6.6	2.15	-9999.9	3	95	-9999.9	37	-9999.9	3	18.9	11.6	240	3	1022.3	-9999.9	6.4	61
2025 10 07 07	1.06	1.0	4.7	4.5	6.7	1.52	-9999.9	3	101	-9999.9	40	-9999.9	3	19.1	40.8	199	3	1022.7	-9999.9	6.2	55
2025 10 07 08	1.09	1.04	4.7	4.7	7.1	1.91	-9999.9	3	95	-9999.9	36	-9999.9	3	18.9	28.1	218	3	1023.3	-9999.9	5.9	59
2025 10 07 09	0.95	0.9	4.8	4.6	7.5	1.5	-9999.9	3	96	-9999.9	39	-9999.9	3	19.1	20.6	254	3	1023.6	-9999.9	5.7	46
2025 10 07 10	0.9	0.86	4.5	4.5	7.5	1.68	-9999.9	3	100	-9999.9	40	-9999.9	3	19.1	21.1	254	3	1023.7	-9999.9	6.5	51
2025 10 07 11	0.92	0.87	5.1	5.0	7.0	1.57	-9999.9	3	100	-9999.9	34	-9999.9	3	19.6	21.9	260	3	1023.5	-9999.9	6.0	66
2025 10 07 12	0.86	0.83	5.0	5.2	7.4	1.51	-9999.9	3	96	-9999.9	35	-9999.9	3	19.5	9.8	308	3	1023.1	-9999.9	5.5	65
2025 10 07 13	0.86	0.82	5.4	5.3	7.4	1.49	-9999.9	3	105	-9999.9	35	-9999.9	3	19.5	6.4	274	3	1022.4	-9999.9	5.1	76
2025 10 07 14	0.76	0.74	5.2	5.0	6.9	1.25	-9999.9	3	100	-9999.9	37	-9999.9	3	19.7	18.2	30	3	1021.8	-9999.9	4.7	88
2025 10 07 15	0.7	0.66	5.2	5.0	7.2	1.11	-9999.9	3	101	-9999.9	39	-9999.9	3	19.2	13.8	75	3	1021.4	-9999.9	3.9	52
2025 10 07 16	0.6	0.59	5.5	5.1	7.3	0.91	-9999.9	3	86	-9999.9	40	-9999.9	3	19.3	14.8	183	3	1021.4	-9999.9	3.6	53
2025 10 07 17	0.57	0.55	5.0	5.0	6.8	0.91	-9999.9	3	95	-9999.9	47	-9999.9	3	19.4	41.1	235	3	1021.6	-9999.9	3.4	45
2025 10 07 18	0.65	0.63	5.3	5.0	6.6	0.97	-9999.9	3	103	-9999.9	43	-9999.9	3	19.1	29.9	257	3	1021.6	-9999.9	3.5	59
2025 10 07 19	0.71	0.68	4.8	4.7	6.6	1.15	-9999.9	3	108	-9999.9	45	-9999.9	3	19.0	19.4	235	3	1021.8	-9999.9	3.2	45
2025 10 07 20	0.58	0.55	4.9	4.8	6.3	0.88	-9999.9	3	95	-9999.9	43	-9999.9	3	19.0	19.0	210	3	1021.9	-9999.9	3.7	348
2025 10 07 21	0.58	0.55	4.6	4.5	6.4	0.96	-9999.9	3	86	-9999.9	42	-9999.9	3	19.1	19.8	183	3	1022.2	-9999.9	3.0	7
2025 10 07 22	0.59	0.57	4.9	4.8	6.4	0.86	-9999.9	3	116	-9999.9	44	-9999.9	3	19.1	31.7	173	3	1022.2	-9999.9	3.1	356
2025 10 07 23	0.46	0.45	4.6	4.6	6.3	0.64	-9999.9	3	125	-9999.9	45	-9999.9	3	19.0	40.6	232	3	1021.9	-9999.9	3.0	3
2025 10 08 00	0.47	0.45	4.6	4.6	6.3	0.73	-9999.9	3	109	-9999.9	41	-9999.9	3	18.6	5.1	0	3	1021.6	-9999.9	2.6	351
2025 10 08 01	0.48	0.46	5.0	5.0	6.7	0.98	-9999.9	3	111	-9999.9	40	-9999.9	3	18.8	21.2	21	3	1021.4	-9999.9	2.8	357
2025 10 08 02	0.53	0.51	5.1	5.0	6.8	0.78	-9999.9	3	122	-9999.9	40	-9999.9	3	18.9	14.8	58	3	1021.1	-9999.9	2.8	5
2025 10 08 03	0.56	0.55	5.5	5.4	6.2	0.95	-9999.9	3	106	-9999.9	34	-9999.9	3	18.6	25.5	53	3	1020.8	-9999.9	2.9	353
2025 10 08 04	0.44	0.42	5.0	4.8	6.7	0.82	-9999.9	3	98	-9999.9	48	-9999.9	3	18.7	13.6	101	3	1020.7	-9999.9	2.9	339
2025 10 08 05	0.43	0.42	5.1	5.0	6.7	0.62	-9999.9	3	101	-9999.9	41	-9999.9	3	18.6	30.7	185	3	1020.8	-9999.9	3.0	343
2025 10 08 06	0.44	0.42	5.0	4.9	6.3	0.65	-9999.9	3	115	-9999.9	46	-9999.9	3	18.7	48.3	207	3	1020.9	-9999.9	3.1	347
2025 10 08 07	0.44	0.42	4.5	4.4	5.9	0.76	-9999.9	3	129	-9999.9	47	-9999.9	3	18.9	49.9	203	3	1021.2	-9999.9	2.2	331
2025 10 08 08	0.44	0.41	4.2	4.2	6.3	0.66	-9999.9	3	120	-9999.9	45	-9999.9	3	19.0	52.9	199	3	1021.6	-9999.9	1.7	217
2025 10 08 09	0.43	0.42	4.3	4.1	6.1	0.72	-9999.9	3	104	-9999.9	50	-9999.9	3	19.2	48.2	162	3	1021.7	-9999.9	1.7	177
2025 10 08 10	0.43	0.4	4.1	4.1	5.8	0.7	-9999.9	3	108	-9999.9	49	-9999.9	3	19.2	43.3	211	3	1021.8	-9999.9	1.5	199
2025 10 08 11	0.39	0.37	3.7	3.8	5.2	0.59	-9999.9	3	149	-9999.9	51	-9999.9	3	18.8	51.4	227	3	1021.3	-9999.9	5.1	229
2025 10 08 12	0.41	0.37	3.2	3.3	3.6	0.65	-9999.9	3	189	-9999.9	50	-9999.9	3	19.1	40.7	253	3	1020.6	-9999.9	6.5	257
2025 10 08 13	0.42	0.39	3.0	2.9	2.8	0.65	-9999.9	3	190	-9999.9	53	-9999.9	3	19.0	6.6	59	3	1019.6	-9999.9	9.4	237
2025 10 08 14	0.53	0.49	3.0	3.0	3.4	0.82	-9999.9	3	194	-9999.9	52	-9999.9	3	18.6	14.2	98	3	1018.9	-9999.9	8.9	241
2025 10 08 15	0.45	0.42	3.4	3.4	5.1	0.67	-9999.9	3	164	-9999.9	59	-9999.9	3	18.6	21.3	61	3	1019.0	-9999.9	9.2	236
2025 10 08 16	0.44	0.41	3.2	3.2	4.7	0.57	-9999.9	3	164	-9999.9	62	-9999.9	3	18.4	43.3	80	3	1018.8	-9999.9	8.6	228
2025 10 08 17	0.38	0.36	3.2	3.2	4.7	0.55	-9999.9	3	175	-9999.9	52	-9999.9	3	18.9	20.7	171	3	1019.0	-9999.9	7.3	229
2025 10 08 18	0.4	0.38	3.5	3.5	4.2	0.66	-9999.9	3	186	-9999.9	52	-9999.9	3	18.6	26.9	233	3	1019.4	-9999.9	4.7	248
2025 10 08 19	0.4	0.38	4.0	3.8	5.4	0.65	-9999.9	3	193	-9999.9	59	-9999.9	3	18.8	45.3	197	3	1019.8	-9999.9	3.6	246
2025 10 08 20	0.37	0.35	3.2	3.1	3.1	0.65	-9999.9	3	192	-9999.9	57	-9999.9	3	19.3	47.3	187	3	1020.3	-9999.9	1.4	243
2025 10 08 21	0.32	0.29	3.6	3.7	10.1	0.52	-9999.9	3	141	-9999.9	49	-9999.9	3	19.5	30.1	197	3	1020.5	-9999.9	3.5	260
2025 10 08 22	0.24	0.22	2.7	2.7	2.6	0.39	-9999.9	3	185	-9999.9	60	-9999.9	3	19.2	27.6	198	3	1020.4	-9999.9	6.5	248
2025 10 08 23	0.22	0.21	3.2	3.2	5.1	0.35	-9999.9	3	168	-9999.9	56	-9999.9	3	18.9	44.7	211	3	1020.1	-9999.9	6.6	255
2025 10 09 00	0.27	0.26	2.9	2.9	2.8	0.44	-9999.9	3	222	-9999.9	49	-9999.9	3	18.5	46.7	226	3	1019.4	-9999.9	7.5	249
2025 10 09 01	0.49	0.48	2.7	2.7	2.7	0.76	-9999.9	3	231	-9999.9	46	-9999.9	3	18.3	14.8	271	3	1019.0	-9999.9	8.3	264
2025 10 09 02	0.44	0.42	2.7	2.7	2.7	0.78	-9999.9	3	224	-9999.9	46	-9999.9	3	18.1	2.2	54	3	1018.6	-9999.9	8.9	260
2025 10 09 03	0.4	0.38	2.9	2.9	2.6	0.65	-9999.9	3	218	-9999.9	49	-9999.9	3	18.3	17.7	128	3	1018.8	-9999.9	6.1	268
2025 10 09 04	0.46	0.43	3.0	2.9	2.7	0.83	-9999.9	3	198	-9999.9	43	-9999.9	3	18.3	8.2	232	3	1018.5	-9999.9	5.7	247
2025 10 09 05	0.49	0.45	3.1	3.1	3.1	0.68	-9999.9	3	196	-9999.9	44	-9999.9	3	18.2	20.4	247	3	1018.1	-9999.9	8.9	252
2025 10 09 06	0.54	0.5	3.0	3.1	3.5	0.98	-9999.9	3	205	-9999.9	47	-9999.9	3	17.8	21.2	260	3	1018.3	-9999.9	8.4	242
2025 10 09 07	0.54	0.52	3.5	3.4	4.1	0.74	-9999.9	3	205	-9999.9	48	-9999.9	3	17.9	15.3	241	3	1018.7	-9999.9	9.4	250
2025 10 09 08	0.52	0.49	3.1	3.1	3.2	0.84	-9999.9	3	207	-9999.9	45	-9999.9	3	18.0	37.0	199	3	1019.2	-9999.9	8.8	245
2025 10 09 09	0.41	0.39	2.7	2.8	2.8	0.74	-9999.9	3	203	-9999.9	56	-9999.9	3	18.0	33.3	193	3	1019.5	-9999.9	9.1	237
2025 10 09 10	0.5	0.47	2.9	2.9	2.8	0.71	-9999.9	3	225	-9999.9	46	-9999.9	3	17.9	38.8	173	3	1019.5	-9999.9	9.1	223
2025 10 09 11	0.45	0.44	3.0	3.0	3.0	0.72	-9999.9	3	217	-9999.9	50	-9999.9	3	18.0	62.7	200	3	1019.2	-9999.9	8.3	230
2025 10 09 12	0.48	0.47	3.0	2.9	3.2	0.84	-9999.9	3	221	-9999.9	49	-9999.9	3	17.9	32.4	218	3	1018.7	-9999.9	8.5	236
2025 10 09 13	0.43	0.41	2.7	2.7	2.7	0.74	-9999.9	3	237	-9999.9	47	-9999.9	3	17.9	4.1	238	3	1018.0	-9999.9	8.2	232
2025 10 09 14	0.41	0.39	2.7	2.7	2.5	0.63	-9999.9	3	229	-9999.9	50	-9999.9	3	17.9	12.1	206	3	1017.6	-9999.9	7.4	227
2025 10 09 15	0.41	0.38	2.9	2.9	3.0	0.68	-9999.9	3	211	-9999.9	52	-9999.9	3	17.8	14.7	179	3	1017.2	-9999.9	7.2	246
2025 10 09 16	0.37	0.34	3.1	3.1	4.3	0.64	-9999.9	3	183	-9999.9	65	-9999.9	3	17.8	32.1	51	3	1017.3	-9999.9	7.9	242
2025 10 09 17	0.35	0.32	3.0	3.0	3.3	0.56	-9999.9	3	216	-9999.9	62	-9999.9	3	17.6	20.6	344	3	1017.5	-9999.9	7.4	232
2025 10 09 18	0.37	0.33	3.4	3.5	10.4	0.54	-9999.9	3	180	-9999.9	51	-9999.9	3	17.5	11.9	180	3	1017.9	-9999.9	6.4	242
2025 10 09 19	0.29	0.27	3.2	3.2	3.9	0.53	-9999.9	3	213	-9999.9	70	-9999.9	3	17.4	17.8	275	3	1018.5	-9999.9	4.4	238
2025 10 09 20	0.37	0.35	3.6	3.5	4.8	0.58	-9999.9	3	189	-9999.9	63	-9999.9	3	17.7	19.6	248	3	1018.9	-9999.9	4.1	253
2025 10 09 21	0.42	0.39	3.9	3.9	8.8	0.76	-9999.9	3	162	-9999.9	54	-9999.9	3	17.7	25.8	227	3	1019.3	-9999.9	3.7	237
2025 10 09 22	0.26	0.25	2.8	2.8	2.8	0.51	-9999.9	3	193	-9999.9	59	-9999.9	3	17.7	29.1	214	3	1019.4	-9999.9	4.4	235
2025 10 09 23	0.2	0.19	3.0	3.1	3.7	0.32	-9999.9	3	150	-9999.9	59	-9999.9	3	17.6	39.3	218	3	1019.5	-9999.9	2.8	254
2025 10 10 00	0.18	0.18	3.1	3.2	4.5	0.36	-9999.9	3	193	-9999.9	59	-9999.9	3	18.3	57.6	238	3	1019.3	-9999.9	1.8	278
2025 10 10 01	0.15	0.15	3.1	3.0	4.1	0.24	-9999.9	3	160	-9999.9	64	-9999.9	3	18.2	36.7	207	3	1019.0	-9999.9	1.8	359
2025 10 10 02	0.16	0.15	3.0	3.0	3.4	0.24	-9999.9	3	177	-9999.9	63	-9999.9	3	18.6	26.8	251	3	1018.9	-9999.9	1.7	351
2025 10 10 03	0.19	0.18	3.2	3.0	2.7	0.37	-9999.9	3	107	-9999.9	67	-9999.9	3	18.6	16.8	279	3	1018.8	-9999.9	4.3	351
2025 10 10 04	0.23	0.22	4.3	4.3	5.5	0.34	-9999.9	3	186	-9999.9	50	-9999.9	3	18.6	0.4	153	3	1018.9	-9999.9	2.6	344
2025 10 10 05	0.2	0.19	3.8	3.8	5.4	0.35	-9999.9	3	165	-9999.9	65	-9999.9	3	18.4	6.4	17	3	1019.0	-9999.9	2.7	14
2025 10 10 06	0.29	0.27	4.0	4.0	6.6	0.47	-9999.9	3	116	-9999.9	61	-9999.9	3	18.0	9.8	28	3	1019.3	-9999.9	3.4	13
2025 10 10 07	0.32	0.28	3.7	4.1	7.9	0.73	-9999.9	3	135	-9999.9	52	-9999.9	3	18.0	11.6	259	3	1019.7	-9999.9	3.6	1
2025 10 10 08	0.32	0.29	3.9	4.0	7.2	0.57	-9999.9	3	131	-9999.9	52	-9999.9	3	18.2	15.6	207	3	1020.0	-9999.9	3.5	356
2025 10 10 09	0.27	0.25	3.0	3.1	5.0	0.56	-9999.9	3	83	-9999.9	62	-9999.9	3	18.2	13.3	240	3	1020.1	-9999.9	5.5	53
2025 10 10 10	0.37	0.34	3.0	3.1	4.4	0.59	-9999.9	3	59	-9999.9	53	-9999.9	3	18.3	14.7	210	3	1020.3	-9999.9	7.5	51
2025 10 10 11	0.33	0.3	2.8	2.8	3.0	0.56	-9999.9	3	84	-9999.9	61	-9999.9	3	18.2	29.8	212	3	1020.2	-9999.9	7.1	44
2025 10 10 12	0.29	0.28	2.9	2.8	2.9	0.49	-9999.9	3	91	-9999.9	62	-9999.9	3	18.4	54.6	215	3	1019.9	-9999.9	6.8	56
2025 10 10 13	0.28	0.27	2.6	2.6	2.5	0.5	-9999.9	3	67	-9999.9	68	-9999.9	3	18.5	41.6	228	3	1019.1	-9999.9	6.6	63
2025 10 10 14	0.39	0.35	3.4	3.5	7.2	0.66	-9999.9	3	71	-9999.9	51	-9999.9	3	18.4	39.0	188	3	1019.1	-9999.9	5.8	53
2025 10 10 15	0.33	0.31	3.2	3.1	5.1	0.58	-9999.9	3	80	-9999.9	56	-9999.9	3	19.0	31.0	202	3	1019.0	-9999.9	6.9	56
2025 10 10 16	0.45	0.43	3.8	3.9	8.0	0.75	-9999.9	3	100	-9999.9	45	-9999.9	3	19.5	25.1	214	3	1019.1	-9999.9	5.3	51
2025 10 10 17	0.6	0.58	4.4	4.2	6.4	0.93	-9999.9	3	95	-9999.9	44	-9999.9	3	19.1	27.2	165	3	1019.3	-9999.9	5.8	53
2025 10 10 18	0.79	0.76	4.5	4.5	6.5	1.14	-9999.9	3	97	-9999.9	36	-9999.9	3	18.6	23.7	63	3	1019.5	-9999.9	6.5	65
2025 10 10 19	0.88	0.83	4.3	4.3	6.8	1.64	-9999.9	3	87	-9999.9	43	-9999.9	3	19.0	27.4	1	3	1019.8	-9999.9	7.0	62
2025 10 10 20	0.89	0.86	4.4	4.3	6.6	1.46	-9999.9	3	98	-9999.9	39	-9999.9	3	19.0	12.1	286	3	1020.0	-9999.9	7.2	67
2025 10 10 21	0.94	0.88	4.4	4.3	6.7	1.49	-9999.9	3	94	-9999.9	37	-9999.9	3	18.8	10.3	214	3	1020.2	-9999.9	7.5	53
2025 10 10 22	0.83	0.77	3.9	3.9	6.3	1.44	-9999.9	3	102	-9999.9	44	-9999.9	3	18.5	21.7	213	3	1020.1	-9999.9	6.6	62
2025 10 10 23	0.86	0.81	4.1	4.1	6.7	1.47	-9999.9	3	102	-9999.9	42	-9999.9	3	18.6	12.2	239	3	1019.8	-9999.9	6.7	54
2025 10 11 00	1.11	1.06	4.7	4.7	7.2	2.09	-9999.9	3	97	-9999.9	34	-9999.9	3	18.5	16.7	322	3	1019.9	-9999.9	6.7	63
2025 10 11 01	1.45	1.41	5.4	5.3	7.6	2.24	-9999.9	3	107	-9999.9	32	-9999.9	3	18.6	6.8	278	3	1019.9	-9999.9	6.5	41
2025 10 11 02	1.5	1.47	6.3	6.3	8.1	2.79	-9999.9	3	98	-9999.9	30	-9999.9	3	18.6	11.1	215	3	1019.5	-9999.9	7.0	55
2025 10 11 03	1.51	1.47	6.4	6.1	8.0	2.1	-9999.9	3	91	-9999.9	30	-9999.9	3	18.6	25.4	264	3	1019.0	-9999.9	6.6	66
2025 10 11 04	1.55	1.52	6.5	6.1	8.3	2.05	-9999.9	3	96	-9999.9	28	-9999.9	3	18.6	10.7	345	3	1018.8	-9999.9	6.5	46
2025 10 11 05	1.45	1.39	6.3	6.2	8.6	2.33	-9999.9	3	91	-9999.9	28	-9999.9	3	18.3	9.9	287	3	1018.5	-9999.9	6.4	67
2025 10 11 06	1.26	1.22	5.9	5.8	8.5	1.77	-9999.9	3	86	-9999.9	33	-9999.9	3	18.5	8.1	224	3	1018.5	-9999.9	6.2	48
2025 10 11 07	1.29	1.23	6.0	5.8	8.3	1.98	-9999.9	3	86	-9999.9	35	-9999.9	3	18.3	17.3	221	3	1018.5	-9999.9	6.9	39
2025 10 11 08	1.3	1.26	6.2	5.9	8.3	1.94	-9999.9	3	95	-9999.9	32	-9999.9	3	18.5	17.3	225	3	1018.8	-9999.9	5.4	52
2025 10 11 09	1.35	1.31	5.6	5.6	8.0	2.37	-9999.9	3	99	-9999.9	32	-9999.9	3	19.4	21.4	229	3	1019.2	-9999.9	5.3	48
2025 10 11 10	1.44	1.37	5.7	5.8	8.1	2.63	-9999.9	3	104	-9999.9	31	-9999.9	3	19.1	5.9	47	3	1018.7	-9999.9	6.2	75
2025 10 11 11	1.41	1.34	5.4	5.4	8.0	2.29	-9999.9	3	100	-9999.9	32	-9999.9	3	19.0	17.1	12	3	1018.6	-9999.9	5.5	68
2025 10 11 12	1.22	1.17	5.4	5.3	7.9	1.81	-9999.9	3	97	-9999.9	34	-9999.9	3	18.9	16.0	233	3	1018.1	-9999.9	5.9	49
2025 10 11 13	1.18	1.14	5.2	5.1	7.7	1.91	-9999.9	3	106	-9999.9	36	-9999.9	3	19.0	28.7	237	3	1017.3	-9999.9	7.5	53
2025 10 11 14	1.23	1.2	5.6	5.4	7.7	1.89	-9999.9	3	101	-9999.9	33	-9999.9	3	19.4	29.0	265	3	1016.6	-9999.9	7.4	60
2025 10 11 15	1.3	1.27	5.8	5.6	7.7	1.97	-9999.9	3	103	-9999.9	32	-9999.9	3	19.6	18.7	286	3	1016.4	-9999.9	7.2	67
2025 10 11 16	1.24	1.19	5.5	5.5	7.0	1.93	-9999.9	3	102	-9999.9	36	-9999.9	3	19.5	20.7	223	3	1016.5	-9999.9	6.3	64
2025 10 11 17	1.27	1.23	5.7	5.7	7.3	2.25	-9999.9	3	105	-9999.9	30	-9999.9	3	19.3	41.2	204	3	1016.3	-9999.9	6.3	54
2025 10 11 18	1.2	1.16	5.7	5.7	8.0	2.1	-9999.9	3	94	-9999.9	30	-9999.9	3	19.2	28.3	192	3	1016.6	-9999.9	6.0	55
2025 10 11 19	1.16	1.15	5.8	5.6	7.7	1.78	-9999.9	3	102	-9999.9	31	-9999.9	3	19.1	9.3	348	3	1016.7	-9999.9	6.8	42
2025 10 11 20	1.07	1.04	5.6	5.4	7.9	1.61	-9999.9	3	95	-9999.9	33	-9999.9	3	19.3	18.9	311	3	1017.2	-9999.9	5.9	64
2025 10 11 21	1.07	1.01	5.4	5.2	7.7	2.03	-9999.9	3	97	-9999.9	36	-9999.9	3	19.3	21.0	288	3	1017.6	-9999.9	5.4	61
2025 10 11 22	1.13	1.07	5.3	5.3	8.0	2.42	-9999.9	3	106	-9999.9	34	-9999.9	3	19.3	20.3	276	3	1017.5	-9999.9	5.4	66
2025 10 11 23	1.23	1.19	5.3	5.2	7.4	2.27	-9999.9	3	111	-9999.9	36	-9999.9	3	19.1	24.1	275	3	1017.5	-9999.9	5.2	57
2025 10 12 00	1.23	1.17	5.3	5.0	7.7	1.94	-9999.9	3	114	-9999.9	38	-9999.9	3	18.8	17.2	332	3	1017.3	-9999.9	5.1	57
2025 10 12 01	1.27	1.22	5.7	5.7	8.1	2.01	-9999.9	3	98	-9999.9	31	-9999.9	3	18.7	29.8	353	3	1016.9	-9999.9	5.2	61
2025 10 12 02	1.5	1.45	5.8	5.5	8.0	2.28	-9999.9	3	98	-9999.9	32	-9999.9	3	18.6	22.0	307	3	1016.4	-9999.9	5.5	53
2025 10 12 03	1.53	1.45	5.5	5.7	8.3	2.58	-9999.9	3	88	-9999.9	30	-9999.9	3	18.8	3.7	216	3	1016.1	-9999.9	4.2	79
2025 10 12 04	1.51	1.44	5.8	5.6	8.6	2.22	-9999.9	3	82	-9999.9	30	-9999.9	3	19.0	9.9	123	3	1015.7	-9999.9	4.1	58
2025 10 12 05	1.33	1.28	5.2	5.3	8.4	1.97	-9999.9	3	90	-9999.9	33	-9999.9	3	19.2	25.0	79	3	1015.6	-9999.9	4.4	71
2025 10 12 06	1.8	1.76	6.3	6.1	8.2	2.84	-9999.9	3	90	-9999.9	30	-9999.9	3	19.1	34.8	63	3	1015.6	-9999.9	5.1	44
2025 10 12 07	1.37	1.3	6.1	5.9	8.3	2.19	-9999.9	3	87	-9999.9	30	-9999.9	3	19.3	25.9	198	3	1016.0	-9999.9	3.2	45
2025 10 12 08	1.35	1.3	5.7	5.8	8.1	2.2	-9999.9	3	99	-9999.9	30	-9999.9	3	19.4	34.4	201	3	1016.2	-9999.9	4.2	35
2025 10 12 09	1.4	1.34	5.3	5.6	7.7	2.44	-9999.9	3	100	-9999.9	32	-9999.9	3	19.4	29.2	201	3	1016.3	-9999.9	4.3	45
2025 10 12 10	1.29	1.23	5.0	5.0	7.8	1.88	-9999.9	3	108	-9999.9	37	-9999.9	3	19.5	8.6	140	3	1016.5	-9999.9	4.7	84
2025 10 12 11	1.54	1.5	6.1	6.1	8.2	2.29	-9999.9	3	97	-9999.9	29	-9999.9	3	18.7	26.8	355	3	1016.4	-9999.9	3.5	63
2025 10 12 12	1.38	1.35	5.9	5.7	8.0	1.97	-9999.9	3	88	-9999.9	33	-9999.9	3	18.9	19.9	111	3	1016.1	-9999.9	3.9	64
2025 10 12 13	1.2	1.15	5.5	5.4	7.4	1.9	-9999.9	3	92	-9999.9	35	-9999.9	3	19.3	28.8	174	3	1015.6	-9999.9	4.6	56
2025 10 12 14	1.03	1.0	5.9	5.6	7.7	1.71	-9999.9	3	99	-9999.9	36	-9999.9	3	19.4	37.8	214	3	1015.2	-9999.9	5.4	65
2025 10 12 15	1.08	1.05	5.8	5.8	7.7	1.58	-9999.9	3	86	-9999.9	35	-9999.9	3	19.1	11.3	174	3	1015.0	-9999.9	5.2	61
2025 10 12 16	1.02	0.97	5.4	5.3	7.0	1.79	-9999.9	3	102	-9999.9	36	-9999.9	3	18.8	25.6	198	3	1015.2	-9999.9	4.3	31
2025 10 12 17	0.92	0.87	5.5	5.4	7.5	1.41	-9999.9	3	111	-9999.9	35	-9999.9	3	19.4	37.8	207	3	1015.1	-9999.9	4.7	43
2025 10 12 18	1.06	1.03	5.6	5.6	8.0	1.6	-9999.9	3	101	-9999.9	33	-9999.9	3	19.3	28.2	227	3	1015.3	-9999.9	5.4	34
2025 10 12 19	1.06	1.01	5.5	5.4	7.8	1.44	-9999.9	3	89	-9999.9	33	-9999.9	3	19.3	16.2	199	3	1015.7	-9999.9	5.8	42
2025 10 12 20	1.06	1.02	5.5	5.3	7.9	1.82	-9999.9	3	99	-9999.9	30	-9999.9	3	19.3	6.5	19	3	1015.8	-9999.9	6.1	40
2025 10 12 21	1.01	0.96	4.9	4.9	7.7	1.51	-9999.9	3	102	-9999.9	36	-9999.9	3	19.2	8.1	4	3	1016.0	-9999.9	6.0	55
2025 10 12 22	1.06	1.01	5.7	5.4	8.3	1.58	-9999.9	3	93	-9999.9	31	-9999.9	3	19.2	4.2	234	3	1016.3	-9999.9	6.1	51
2025 10 12 23	1.06	1.02	6.1	5.8	8.2	1.69	-9999.9	3	102	-9999.9	32	-9999.9	3	20.3	44.3	236	3	1015.7	-9999.9	6.3	50
2025 10 13 00	0.83	0.78	5.1	5.0	8.2	1.23	-9999.9	3	104	-9999.9	42	-9999.9	3	20.5	35.0	254	3	1015.6	-9999.9	5.5	45
2025 10 13 01	1.15	1.09	5.5	5.3	8.4	1.93	-9999.9	3	108	-9999.9	30	-9999.9	3	20.3	26.2	270	3	1015.1	-9999.9	5.7	45
2025 10 13 02	1.01	0.95	5.4	5.2	8.0	1.39	-9999.9	3	103	-9999.9	36	-9999.9	3	20.5	28.9	315	3	1014.8	-9999.9	5.1	54
2025 10 13 03	0.92	0.88	5.3	5.3	8.2	1.37	-9999.9	3	97	-9999.9	32	-9999.9	3	20.2	29.1	261	3	1014.6	-9999.9	4.4	52
2025 10 13 04	0.98	0.93	5.7	5.5	8.3	1.87	-9999.9	3	94	-9999.9	31	-9999.9	3	20.0	5.8	174	3	1014.7	-9999.9	4.3	45
2025 10 13 05	1.26	1.22	6.3	6.1	8.1	2.01	-9999.9	3	100	-9999.9	26	-9999.9	3	20.0	4.5	336	3	1014.6	-9999.9	3.9	42
2025 10 13 06	0.93	0.92	6.2	5.9	8.2	1.53	-9999.9	3	94	-9999.9	35	-9999.9	3	20.1	23.2	318	3	1014.8	-9999.9	3.3	40
2025 10 13 07	1.07	1.05	6.3	6.0	8.5	1.57	-9999.9	3	101	-9999.9	32	-9999.9	3	20.1	8.8	45	3	1015.0	-9999.9	3.0	65
2025 10 13 08	0.95	0.93	6.1	5.9	7.9	1.47	-9999.9	3	101	-9999.9	31	-9999.9	3	20.2	2.6	307	3	1015.6	-9999.9	3.2	35
2025 10 13 09	0.96	0.93	6.0	5.9	8.1	1.42	-9999.9	3	100	-9999.9	34	-9999.9	3	20.2	5.5	315	3	1016.0	-9999.9	3.0	44
2025 10 13 10	1.03	0.99	6.1	6.1	8.4	1.4	-9999.9	3	97	-9999.9	30	-9999.9	3	20.3	24.2	11	3	1016.2	-9999.9	3.3	66
2025 10 13 11	0.91	0.88	6.2	6.0	8.3	1.57	-9999.9	3	88	-9999.9	32	-9999.9	3	20.4	36.5	42	3	1016.2	-9999.9	2.7	57
2025 10 13 12	0.86	0.84	5.2	5.1	6.9	1.44	-9999.9	3	92	-9999.9	36	-9999.9	3	20.5	40.9	43	3	1015.9	-9999.9	2.9	65
2025 10 13 13	0.78	0.75	5.3	5.0	7.5	1.35	-9999.9	3	86	-9999.9	37	-9999.9	3	20.5	10.2	141	3	1015.4	-9999.9	2.9	50
2025 10 13 14	0.71	0.69	5.1	5.0	7.2	1.13	-9999.9	3	87	-9999.9	38	-9999.9	3	20.8	3.4	146	3	1015.4	-9999.9	3.2	58
2025 10 13 15	0.67	0.65	5.3	5.3	7.7	0.94	-9999.9	3	95	-9999.9	38	-9999.9	3	21.0	7.5	251	3	1015.1	-9999.9	3.7	96
2025 10 13 16	0.75	0.73	5.5	5.3	7.4	1.08	-9999.9	3	112	-9999.9	39	-9999.9	3	20.7	22.4	222	3	1015.0	-9999.9	2.8	108
2025 10 13 17	0.71	0.7	5.3	5.1	7.3	1.1	-9999.9	3	113	-9999.9	43	-9999.9	3	21.1	37.1	255	3	1015.1	-9999.9	2.3	85
2025 10 13 18	0.67	0.65	4.9	4.9	7.2	1.07	-9999.9	3	116	-9999.9	39	-9999.9	3	21.2	21.2	254	3	1015.1	-9999.9	2.7	86
2025 10 13 19	0.59	0.56	4.5	4.6	6.8	0.91	-9999.9	3	111	-9999.9	46	-9999.9	3	21.0	17.1	304	3	1015.6	-9999.9	2.1	44
2025 10 13 20	0.52	0.5	4.6	4.7	6.7	0.84	-9999.9	3	99	-9999.9	44	-9999.9	3	21.1	29.0	336	3	1015.9	-9999.9	1.9	17
2025 10 13 21	0.54	0.52	4.8	4.6	7.0	0.8	-9999.9	3	100	-9999.9	44	-9999.9	3	21.5	38.6	326	3	1016.3	-9999.9	2.4	13
2025 10 13 22	0.47	0.45	4.7	4.5	6.8	0.83	-9999.9	3	111	-9999.9	46	-9999.9	3	21.3	20.0	324	3	1016.5	-9999.9	2.3	9
2025 10 13 23	0.55	0.52	4.7	4.7	6.5	0.83	-9999.9	3	116	-9999.9	42	-9999.9	3	21.5	29.0	296	3	1016.4	-9999.9	3.5	357
2025 10 14 00	0.53	0.5	5.1	5.0	6.7	0.88	-9999.9	3	116	-9999.9	37	-9999.9	3	21.6	28.2	259	3	1016.4	-9999.9	4.7	348
2025 10 14 01	0.53	0.5	4.6	4.6	6.4	0.77	-9999.9	3	120	-9999.9	38	-9999.9	3	21.2	24.3	239	3	1016.2	-9999.9	4.0	341
2025 10 14 02	0.54	0.52	4.8	4.6	6.7	0.77	-9999.9	3	115	-9999.9	36	-9999.9	3	21.1	13.2	26	3	1016.0	-9999.9	3.8	341
2025 10 14 03	0.51	0.48	4.8	4.7	7.0	0.81	-9999.9	3	109	-9999.9	38	-9999.9	3	21.1	35.0	5	3	1016.0	-9999.9	3.5	349
2025 10 14 04	0.47	0.46	4.6	4.6	6.7	0.73	-9999.9	3	104	-9999.9	38	-9999.9	3	21.0	34.4	17	3	1015.8	-9999.9	3.2	4
2025 10 14 05	0.48	0.46	5.0	4.9	6.7	0.88	-9999.9	3	95	-9999.9	37	-9999.9	3	21.2	33.7	11	3	1016.0	-9999.9	3.1	0
2025 10 14 06	0.4	0.39	5.0	4.9	6.7	0.6	-9999.9	3	92	-9999.9	42	-9999.9	3	21.1	44.5	5	3	1016.2	-9999.9	3.8	5
2025 10 14 07	0.37	0.34	4.1	4.2	7.3	0.92	-9999.9	3	98	-9999.9	47	-9999.9	3	21.4	27.3	359	3	1016.4	-9999.9	4.3	360
2025 10 14 08	0.38	0.35	3.9	4.0	6.5	0.77	-9999.9	3	105	-9999.9	46	-9999.9	3	21.4	12.0	328	3	1016.9	-9999.9	4.5	358
2025 10 14 09	0.34	0.33	4.3	4.2	6.5	0.54	-9999.9	3	95	-9999.9	53	-9999.9	3	21.3	15.6	315	3	1017.3	-9999.9	3.8	5
2025 10 14 10	0.44	0.42	4.8	4.9	7.1	0.7	-9999.9	3	107	-9999.9	47	-9999.9	3	21.5	19.3	360	3	1017.5	-9999.9	3.3	3
2025 10 14 11	0.47	0.44	3.9	3.9	6.8	0.75	-9999.9	3	131	-9999.9	52	-9999.9	3	22.0	25.1	16	3	1017.7	-9999.9	3.4	69
2025 10 14 12	0.39	0.37	4.2	4.0	5.9	0.63	-9999.9	3	87	-9999.9	48	-9999.9	3	22.1	47.1	16	3	1017.2	-9999.9	2.9	56
2025 10 14 13	0.38	0.36	4.2	4.2	6.6	0.62	-9999.9	3	84	-9999.9	42	-9999.9	3	22.1	36.5	30	3	1016.5	-9999.9	3.1	65
2025 10 14 14	0.39	0.37	4.0	3.8	6.6	0.59	-9999.9	3	102	-9999.9	48	-9999.9	3	22.0	5.5	108	3	1016.4	-9999.9	3.0	75
2025 10 14 15	0.35	0.34	4.2	4.0	6.5	0.52	-9999.9	3	93	-9999.9	42	-9999.9	3	22.6	17.0	73	3	1016.1	-9999.9	3.5	92
2025 10 14 16	0.35	0.33	4.3	4.1	6.7	0.59	-9999.9	3	103	-9999.9	42	-9999.9	3	22.3	13.0	193	3	1016.2	-9999.9	2.6	56
2025 10 14 17	0.32	0.31	4.2	4.2	6.2	0.49	-9999.9	3	113	-9999.9	51	-9999.9	3	22.3	42.3	237	3	1016.2	-9999.9	3.0	52
2025 10 14 18	0.3	0.29	4.1	4.2	6.6	0.49	-9999.9	3	118	-9999.9	51	-9999.9	3	22.7	39.2	248	3	1016.6	-9999.9	3.6	53
2025 10 14 19	0.33	0.31	4.0	4.0	6.8	0.55	-9999.9	3	99	-9999.9	51	-9999.9	3	23.2	25.6	272	3	1016.9	-9999.9	3.5	66
2025 10 14 20	0.29	0.27	3.6	3.7	6.0	0.5	-9999.9	3	103	-9999.9	57	-9999.9	3	22.9	23.7	303	3	1017.3	-9999.9	3.7	69
2025 10 14 21	0.36	0.34	3.6	3.7	6.3	0.59	-9999.9	3	119	-9999.9	47	-9999.9	3	22.8	22.4	320	3	1017.6	-9999.9	4.4	74
2025 10 14 22	0.29	0.27	3.0	3.0	5.1	0.5	-9999.9	3	99	-9999.9	54	-9999.9	3	22.6	16.7	7	3	1017.8	-9999.9	4.3	69
2025 10 14 23	0.31	0.29	3.3	3.2	6.5	0.48	-9999.9	3	113	-9999.9	51	-9999.9	3	22.8	15.7	30	3	1017.7	-9999.9	4.5	75
2025 10 15 00	0.29	0.27	3.1	3.1	6.2	0.44	-9999.9	3	114	-9999.9	58	-9999.9	3	22.6	17.1	321	3	1017.4	-9999.9	4.9	64
2025 10 15 01	0.34	0.31	2.8	2.8	3.4	0.51	-9999.9	3	122	-9999.9	58	-9999.9	3	22.4	13.6	281	3	1017.3	-9999.9	5.3	72
2025 10 15 02	0.43	0.41	2.9	2.9	3.9	0.65	-9999.9	3	118	-9999.9	51	-9999.9	3	22.2	16.7	245	3	1017.1	-9999.9	6.1	65
2025 10 15 03	0.46	0.42	2.8	2.8	2.6	0.65	-9999.9	3	109	-9999.9	52	-9999.9	3	22.2	17.7	232	3	1017.0	-9999.9	6.5	70
2025 10 15 04	0.5	0.46	3.0	3.0	5.4	1.06	-9999.9	3	122	-9999.9	44	-9999.9	3	22.2	16.3	21	3	1017.1	-9999.9	6.2	39
2025 10 15 05	0.44	0.41	2.8	2.8	3.0	0.67	-9999.9	3	90	-9999.9	52	-9999.9	3	22.1	39.6	9	3	1017.1	-9999.9	6.1	78
2025 10 15 06	0.48	0.44	3.0	3.0	4.3	0.69	-9999.9	3	97	-9999.9	53	-9999.9	3	22.1	34.2	14	3	1017.3	-9999.9	5.7	67
2025 10 15 07	0.47	0.43	3.0	3.1	3.2	0.82	-9999.9	3	97	-9999.9	46	-9999.9	3	22.1	38.9	15	3	1017.6	-9999.9	6.3	74
2025 10 15 08	0.49	0.45	3.2	3.3	3.4	0.73	-9999.9	3	87	-9999.9	46	-9999.9	3	22.1	46.6	29	3	1018.3	-9999.9	6.3	70
2025 10 15 09	0.57	0.54	3.2	3.2	4.0	1.18	-9999.9	3	90	-9999.9	48	-9999.9	3	22.3	34.6	46	3	1018.6	-9999.9	6.3	76
2025 10 15 10	0.55	0.49	3.2	3.2	5.1	1.05	-9999.9	3	89	-9999.9	46	-9999.9	3	22.6	17.4	344	3	1018.4	-9999.9	6.7	70
2025 10 15 11	0.47	0.43	3.0	3.0	3.5	0.69	-9999.9	3	108	-9999.9	50	-9999.9	3	22.7	14.5	343	3	1018.4	-9999.9	6.6	67
2025 10 15 12	0.56	0.52	3.2	3.2	3.5	0.97	-9999.9	3	88	-9999.9	41	-9999.9	3	22.8	25.4	18	3	1017.9	-9999.9	6.5	80
2025 10 15 13	0.56	0.52	3.2	3.3	4.0	0.9	-9999.9	3	99	-9999.9	48	-9999.9	3	22.7	30.0	33	3	1017.2	-9999.9	6.9	76
2025 10 15 14	0.49	0.46	3.2	3.2	3.5	0.79	-9999.9	3	85	-9999.9	44	-9999.9	3	22.6	12.4	65	3	1016.8	-9999.9	6.3	90
2025 10 15 15	-9999.9	-9999.9	-9999.9	-9999.9	-9999.9	-9999.9	-9999.9	3	-9999.9	-9999.9	-9999.9	-9999.9	3	22.6	19.6	193	3	1016.6	-9999.9	5.9	73
2025 10 15 16	0.45	0.42	3.2	3.2	3.8	0.64	-9999.9	3	90	-9999.9	51	-9999.9	3	22.6	20.8	190	3	1016.6	-9999.9	5.5	94
2025 10 15 17	0.37	0.34	3.2	3.3	5.4	0.64	-9999.9	3	90	-9999.9	58	-9999.9	3	22.6	47.2	234	3	1016.5	-9999.9	5.4	97
2025 10 15 18	0.35	0.33	3.8	3.8	5.5	0.57	-9999.9	3	132	-9999.9	55	-9999.9	3	22.6	75.7	215	3	1016.5	-9999.9	5.5	86
2025 10 15 19	0.35	0.33	3.8	3.6	5.2	0.58	-9999.9	3	128	-9999.9	58	-9999.9	3	22.7	77.4	212	3	1017.0	-9999.9	5.9	80
2025 10 15 20	0.37	0.34	3.4	3.4	5.6	0.62	-9999.9	3	123	-9999.9	50	-9999.9	3	22.7	54.5	220	3	1017.3	-9999.9	6.0	54
2025 10 15 21	0.45	0.42	3.4	3.4	6.9	0.72	-9999.9	3	115	-9999.9	54	-9999.9	3	22.7	34.7	239	3	1017.3	-9999.9	6.1	69
2025 10 15 22	0.4	0.37	2.8	2.8	2.5	0.59	-9999.9	3	101	-9999.9	55	-9999.9	3	22.7	30.0	283	3	1017.2	-9999.9	6.4	85
2025 10 15 23	0.44	0.42	2.7	2.7	2.5	0.72	-9999.9	3	99	-9999.9	50	-9999.9	3	22.6	23.1	306	3	1017.0	-9999.9	6.1	87
2025 10 16 00	0.44	0.41	2.7	2.7	2.5	0.68	-9999.9	3	101	-9999.9	52	-9999.9	3	22.7	19.8	313	3	1016.6	-9999.9	6.5	75
2025 10 16 01	0.43	0.4	2.7	2.7	2.8	0.65	-9999.9	3	101	-9999.9	55	-9999.9	3	22.7	24.2	280	3	1016.4	-9999.9	6.9	78
2025 10 16 02	0.41	0.39	2.7	2.7	2.5	0.66	-9999.9	3	106	-9999.9	58	-9999.9	3	22.5	26.6	267	3	1016.1	-9999.9	6.8	69
2025 10 16 03	0.44	0.41	2.7	2.7	2.5	0.83	-9999.9	3	96	-9999.9	59	-9999.9	3	22.6	35.6	257	3	1015.8	-9999.9	7.0	59
2025 10 16 04	0.46	0.43	2.8	2.8	2.7	0.71	-9999.9	3	108	-9999.9	56	-9999.9	3	22.5	32.0	250	3	1015.8	-9999.9	7.1	89
2025 10 16 05	0.48	0.46	2.8	2.8	2.7	0.8	-9999.9	3	96	-9999.9	52	-9999.9	3	22.4	20.5	11	3	1016.0	-9999.9	5.6	74
2025 10 16 06	0.52	0.49	2.9	2.9	2.9	0.86	-9999.9	3	88	-9999.9	49	-9999.9	3	22.4	35.9	19	3	1016.0	-9999.9	6.7	77
2025 10 16 07	0.53	0.5	3.0	3.0	3.1	0.87	-9999.9	3	92	-9999.9	46	-9999.9	3	22.4	37.2	23	3	1016.2	-9999.9	6.5	71
2025 10 16 08	0.52	0.49	3.1	3.1	2.9	0.94	-9999.9	3	95	-9999.9	48	-9999.9	3	22.5	42.7	23	3	1016.7	-9999.9	6.5	75
2025 10 16 09	0.54	0.51	3.1	3.0	3.0	0.83	-9999.9	3	82	-9999.9	48	-9999.9	3	22.4	39.4	19	3	1016.6	-9999.9	6.6	78
2025 10 16 10	0.6	0.56	3.2	3.2	3.3	0.82	-9999.9	3	92	-9999.9	45	-9999.9	3	22.4	19.8	29	3	1016.5	-9999.9	6.1	83
2025 10 16 11	0.54	0.5	2.9	3.0	3.6	0.82	-9999.9	3	109	-9999.9	42	-9999.9	3	22.4	14.0	74	3	1016.5	-9999.9	6.0	61
2025 10 16 12	0.59	0.55	3.1	3.1	4.0	0.8	-9999.9	3	101	-9999.9	43	-9999.9	3	22.6	21.3	56	3	1016.1	-9999.9	6.4	66
2025 10 16 13	0.54	0.51	3.1	3.1	3.6	0.91	-9999.9	3	102	-9999.9	47	-9999.9	3	22.6	34.3	16	3	1015.5	-9999.9	6.1	73
2025 10 16 14	0.53	0.49	3.3	3.3	3.5	0.94	-9999.9	3	84	-9999.9	49	-9999.9	3	22.7	50.8	25	3	1015.1	-9999.9	6.4	77
2025 10 16 15	0.58	0.55	3.2	3.3	3.8	0.91	-9999.9	3	72	-9999.9	45	-9999.9	3	22.6	53.2	30	3	1015.0	-9999.9	6.9	96
2025 10 16 16	0.63	0.61	3.3	3.3	3.6	0.97	-9999.9	3	74	-9999.9	43	-9999.9	3	22.6	20.2	56	3	1014.9	-9999.9	6.7	83
2025 10 16 17	0.62	0.59	3.4	3.4	4.7	1.16	-9999.9	3	82	-9999.9	43	-9999.9	3	22.6	16.2	137	3	1015.1	-9999.9	6.2	151
2025 10 16 18	0.49	0.46	3.4	3.4	4.8	0.7	-9999.9	3	94	-9999.9	52	-9999.9	3	22.6	59.5	202	3	1015.6	-9999.9	6.6	68
2025 10 16 19	0.46	0.43	3.6	3.7	4.9	0.78	-9999.9	3	104	-9999.9	55	-9999.9	3	22.5	62.7	213	3	1015.9	-9999.9	6.8	77
2025 10 16 20	0.46	0.43	3.5	3.6	4.9	0.73	-9999.9	3	122	-9999.9	50	-9999.9	3	22.5	62.8	206	3	1016.0	-9999.9	7.6	59
2025 10 16 21	0.61	0.58	3.4	3.5	4.8	1.13	-9999.9	3	101	-9999.9	50	-9999.9	3	22.4	41.5	217	3	1016.3	-9999.9	7.2	65
2025 10 16 22	0.59	0.56	3.1	3.2	4.2	0.99	-9999.9	3	97	-9999.9	44	-9999.9	3	22.4	13.5	234	3	1016.2	-9999.9	6.8	69
2025 10 16 23	0.6	0.56	3.2	3.2	3.9	0.95	-9999.9	3	96	-9999.9	43	-9999.9	3	22.5	9.9	270	3	1015.7	-9999.9	7.0	65
2025 10 17 00	0.63	0.58	3.1	3.2	4.4	1.17	-9999.9	3	101	-9999.9	44	-9999.9	3	22.5	20.9	331	3	1015.3	-9999.9	6.5	77
2025 10 17 01	0.62	0.58	3.2	3.1	4.2	0.83	-9999.9	3	95	-9999.9	43	-9999.9	3	22.5	14.8	340	3	1015.1	-9999.9	6.8	59
2025 10 17 02	0.67	0.64	3.3	3.3	5.2	1.02	-9999.9	3	96	-9999.9	41	-9999.9	3	22.4	8.3	259	3	1014.7	-9999.9	7.4	74
2025 10 17 03	0.64	0.59	3.4	3.4	5.1	0.93	-9999.9	3	93	-9999.9	50	-9999.9	3	22.6	25.2	237	3	1014.5	-9999.9	7.1	57
2025 10 17 04	0.63	0.59	3.7	3.7	5.4	0.98	-9999.9	3	97	-9999.9	50	-9999.9	3	22.5	37.6	215	3	1014.5	-9999.9	6.9	67
2025 10 17 05	0.81	0.78	3.6	3.8	5.3	1.73	-9999.9	3	103	-9999.9	43	-9999.9	3	22.5	25.0	202	3	1014.7	-9999.9	7.1	43
2025 10 17 06	0.79	0.75	3.6	3.5	5.2	1.09	-9999.9	3	95	-9999.9	40	-9999.9	3	22.5	32.8	9	3	1014.7	-9999.9	6.8	74
2025 10 17 07	0.81	0.77	3.5	3.4	5.0	1.36	-9999.9	3	101	-9999.9	42	-9999.9	3	22.5	13.9	330	3	1015.2	-9999.9	6.2	74
2025 10 17 08	0.7	0.65	3.3	3.4	4.8	1.12	-9999.9	3	101	-9999.9	41	-9999.9	3	22.5	11.8	332	3	1015.6	-9999.9	6.6	74
2025 10 17 09	0.64	0.61	3.3	3.3	4.8	1.04	-9999.9	3	86	-9999.9	44	-9999.9	3	22.6	15.5	340	3	1016.2	-9999.9	7.1	65
2025 10 17 10	0.56	0.53	3.2	3.2	5.2	1.0	-9999.9	3	86	-9999.9	48	-9999.9	3	22.7	13.5	297	3	1016.4	-9999.9	6.9	90
2025 10 17 11	0.6	0.56	3.2	3.2	4.8	0.84	-9999.9	3	97	-9999.9	51	-9999.9	3	22.7	20.7	229	3	1016.5	-9999.9	7.2	78
2025 10 17 12	0.59	0.55	3.3	3.3	4.9	1.02	-9999.9	3	104	-9999.9	49	-9999.9	3	22.8	11.1	257	3	1016.2	-9999.9	6.5	77
2025 10 17 13	0.64	0.6	3.3	3.4	5.1	0.88	-9999.9	3	103	-9999.9	45	-9999.9	3	22.8	12.7	348	3	1015.8	-9999.9	6.5	78
2025 10 17 14	0.66	0.61	3.5	3.5	5.4	0.93	-9999.9	3	99	-9999.9	43	-9999.9	3	22.8	22.3	356	3	1015.4	-9999.9	6.4	76
2025 10 17 15	0.69	0.65	3.5	3.5	5.4	1.17	-9999.9	3	94	-9999.9	46	-9999.9	3	22.7	31.9	12	3	1015.4	-9999.9	5.9	76
2025 10 17 16	0.71	0.68	4.0	4.1	5.3	1.08	-9999.9	3	79	-9999.9	45	-9999.9	3	22.6	80.0	25	3	1015.3	-9999.9	5.9	72
2025 10 17 17	0.79	0.77	3.8	3.8	5.1	1.35	-9999.9	3	67	-9999.9	41	-9999.9	3	22.5	52.1	39	3	1015.4	-9999.9	6.9	80
2025 10 17 18	0.68	0.63	3.6	3.7	5.2	1.04	-9999.9	3	82	-9999.9	44	-9999.9	3	22.5	28.4	158	3	1015.9	-9999.9	6.9	54
2025 10 17 19	0.51	0.48	3.9	3.8	5.4	0.78	-9999.9	3	96	-9999.9	49	-9999.9	3	22.6	63.9	210	3	1016.5	-9999.9	7.0	72
2025 10 17 20	0.51	0.48	4.0	4.1	5.4	0.98	-9999.9	3	118	-9999.9	46	-9999.9	3	22.4	68.4	208	3	1016.8	-9999.9	6.5	63
2025 10 17 21	0.52	0.51	4.2	4.2	5.5	0.72	-9999.9	3	121	-9999.9	46	-9999.9	3	22.4	69.2	210	3	1017.4	-9999.9	6.5	63
2025 10 17 22	0.58	0.55	3.5	3.5	5.3	0.95	-9999.9	3	103	-9999.9	50	-9999.9	3	22.4	51.4	195	3	1017.4	-9999.9	7.1	57
2025 10 17 23	0.67	0.64	3.6	3.6	5.5	1.09	-9999.9	3	94	-9999.9	43	-9999.9	3	22.5	24.6	216	3	1017.4	-9999.9	6.9	59
2025 10 18 00	0.65	0.61	3.4	3.4	5.4	0.98	-9999.9	3	95	-9999.9	42	-9999.9	3	22.6	12.0	291	3	1017.2	-9999.9	6.9	55
2025 10 18 01	0.73	0.68	3.5	3.5	5.6	1.09	-9999.9	3	95	-9999.9	40	-9999.9	3	22.6	19.6	350	3	1017.1	-9999.9	7.1	71
2025 10 18 02	0.74	0.71	3.4	3.4	4.9	1.13	-9999.9	3	103	-9999.9	39	-9999.9	3	22.5	11.3	3	3	1016.8	-9999.9	6.9	82
2025 10 18 03	0.79	0.74	3.4	3.4	5.4	1.23	-9999.9	3	103	-9999.9	41	-9999.9	3	22.5	5.3	308	3	1016.4	-9999.9	7.4	67
2025 10 18 04	0.8	0.76	3.5	3.5	5.0	1.28	-9999.9	3	104	-9999.9	44	-9999.9	3	22.5	30.4	198	3	1016.7	-9999.9	7.2	68
2025 10 18 05	0.76	0.71	3.5	3.6	5.4	1.28	-9999.9	3	107	-9999.9	43	-9999.9	3	22.5	43.7	206	3	1017.0	-9999.9	6.8	73
2025 10 18 06	0.74	0.69	3.4	3.4	5.2	1.05	-9999.9	3	94	-9999.9	42	-9999.9	3	22.5	23.2	177	3	1017.3	-9999.9	6.9	64
2025 10 18 07	0.73	0.67	3.5	3.5	5.4	1.12	-9999.9	3	93	-9999.9	41	-9999.9	3	22.5	20.1	328	3	1017.8	-9999.9	6.5	78
2025 10 18 08	0.69	0.65	3.3	3.3	5.3	1.03	-9999.9	3	93	-9999.9	44	-9999.9	3	22.6	18.8	246	3	1018.3	-9999.9	6.9	75
2025 10 18 09	0.6	0.56	3.4	3.4	5.4	0.98	-9999.9	3	86	-9999.9	44	-9999.9	3	22.7	26.5	245	3	1018.9	-9999.9	6.4	67
2025 10 18 10	0.63	0.59	3.3	3.3	4.6	0.94	-9999.9	3	92	-9999.9	43	-9999.9	3	22.8	14.7	289	3	1019.1	-9999.9	6.2	71
2025 10 18 11	0.56	0.53	3.2	3.2	5.1	0.93	-9999.9	3	89	-9999.9	48	-9999.9	3	22.7	19.2	239	3	1019.3	-9999.9	6.4	82
2025 10 18 12	0.58	0.55	3.4	3.4	5.2	0.96	-9999.9	3	106	-9999.9	48	-9999.9	3	22.8	29.1	222	3	1018.9	-9999.9	6.1	68
2025 10 18 13	0.65	0.6	3.6	3.7	5.8	1.0	-9999.9	3	107	-9999.9	41	-9999.9	3	22.9	12.6	218	3	1018.3	-9999.9	6.3	68
2025 10 18 14	0.7	0.66	3.5	3.5	5.5	0.98	-9999.9	3	103	-9999.9	41	-9999.9	3	22.8	12.7	302	3	1017.7	-9999.9	7.0	80
2025 10 18 15	0.73	0.69	3.7	3.6	5.8	1.3	-9999.9	3	103	-9999.9	44	-9999.9	3	22.8	13.1	285	3	1017.7	-9999.9	6.6	90
2025 10 18 16	0.76	0.71	3.6	3.6	5.5	1.32	-9999.9	3	110	-9999.9	44	-9999.9	3	22.8	6.0	5	3	1017.6	-9999.9	6.6	80
2025 10 18 17	0.79	0.76	4.3	4.2	5.5	1.33	-9999.9	3	88	-9999.9	40	-9999.9	3	22.7	-9999.9	-9999.9	3	1017.8	-9999.9	6.0	72
2025 10 18 18	0.8	0.75	3.9	3.9	5.5	1.18	-9999.9	3	81	-9999.9	40	-9999.9	3	22.6	-9999.9	-9999.9	3	1018.1	-9999.9	5.9	73
2025 10 18 19	0.75	0.72	3.7	3.7	5.3	1.37	-9999.9	3	94	-9999.9	45	-9999.9	3	22.6	28.1	185	3	1018.4	-9999.9	6.5	65
2025 10 18 20	0.62	0.57	3.3	3.3	5.3	0.89	-9999.9	3	89	-9999.9	46	-9999.9	3	22.6	21.6	220	3	1018.7	-9999.9	5.9	72
2025 10 18 21	0.51	0.48	3.6	3.5	5.5	0.81	-9999.9	3	96	-9999.9	48	-9999.9	3	22.4	29.2	224	3	1019.0	-9999.9	6.1	66
2025 10 18 22	0.51	0.48	3.5	3.4	5.5	0.84	-9999.9	3	109	-9999.9	50	-9999.9	3	22.4	49.5	211	3	1019.1	-9999.9	7.2	70
2025 10 18 23	0.54	0.5	3.5	3.4	5.5	0.81	-9999.9	3	109	-9999.9	50	-9999.9	3	22.5	36.4	210	3	1019.1	-9999.9	7.1	68
2025 10 19 00	0.71	0.68	3.8	3.7	5.4	1.07	-9999.9	3	98	-9999.9	44	-9999.9	3	22.7	21.9	223	3	1018.6	-9999.9	7.3	75
2025 10 19 01	0.79	0.76	3.9	3.9	5.8	1.28	-9999.9	3	99	-9999.9	35	-9999.9	3	22.6	20.8	5	3	1018.4	-9999.9	6.2	80
2025 10 19 02	0.8	0.77	3.9	3.9	5.7	1.11	-9999.9	3	93	-9999.9	38	-9999.9	3	22.6	34.7	13	3	1018.0	-9999.9	6.6	63
2025 10 19 03	0.81	0.76	3.7	3.6	5.8	1.19	-9999.9	3	105	-9999.9	41	-9999.9	3	22.5	24.1	17	3	1017.7	-9999.9	6.3	51
2025 10 19 04	0.81	0.77	3.6	3.6	5.8	1.38	-9999.9	3	105	-9999.9	42	-9999.9	3	22.5	12.3	13	3	1017.7	-9999.9	6.9	90
2025 10 19 05	0.84	0.78	3.6	3.7	5.4	1.61	-9999.9	3	112	-9999.9	43	-9999.9	3	22.5	5.2	271	3	1017.8	-9999.9	6.4	105
2025 10 19 06	0.85	0.8	3.6	3.5	5.2	1.12	-9999.9	3	105	-9999.9	45	-9999.9	3	22.5	9.3	48	3	1018.1	-9999.9	5.7	114
2025 10 19 07	0.74	0.69	3.9	3.8	5.2	1.17	-9999.9	3	95	-9999.9	43	-9999.9	3	22.4	50.7	19	3	1018.4	-9999.9	5.8	77
2025 10 19 08	0.7	0.66	3.5	3.5	5.4	1.33	-9999.9	3	102	-9999.9	43	-9999.9	3	22.4	21.5	38	3	1018.6	-9999.9	5.1	87
2025 10 19 09	0.64	0.61	3.4	3.4	5.6	0.97	-9999.9	3	99	-9999.9	44	-9999.9	3	22.4	15.5	29	3	1018.9	-9999.9	5.7	100
2025 10 19 10	0.6	0.56	3.5	3.5	5.5	0.86	-9999.9	3	104	-9999.9	46	-9999.9	3	22.5	24.2	53	3	1018.9	-9999.9	5.2	75
2025 10 19 11	0.51	0.48	3.7	3.6	5.4	0.74	-9999.9	3	98	-9999.9	50	-9999.9	3	22.6	19.7	317	3	1018.8	-9999.9	5.3	77
2025 10 19 12	0.57	0.53	3.7	3.7	5.8	0.99	-9999.9	3	97	-9999.9	49	-9999.9	3	22.6	20.6	231	3	1018.4	-9999.9	5.8	63
2025 10 19 13	0.65	0.6	3.8	3.9	6.2	1.24	-9999.9	3	107	-9999.9	48	-9999.9	3	22.6	24.5	152	3	1017.8	-9999.9	6.0	67
2025 10 19 14	0.61	0.57	3.8	3.6	5.8	0.87	-9999.9	3	113	-9999.9	49	-9999.9	3	22.6	9.7	56	3	1017.3	-9999.9	5.5	59
2025 10 19 15	0.65	0.62	3.9	3.8	5.4	0.95	-9999.9	3	104	-9999.9	50	-9999.9	3	22.6	11.3	0	3	1017.1	-9999.9	4.8	92
2025 10 19 16	0.6	0.57	4.0	3.9	5.8	0.92	-9999.9	3	115	-9999.9	49	-9999.9	3	22.6	10.4	344	3	1016.8	-9999.9	4.6	88
2025 10 19 17	0.58	0.55	4.0	3.9	5.5	0.88	-9999.9	3	109	-9999.9	48	-9999.9	3	22.7	21.3	35	3	1016.8	-9999.9	4.1	100
2025 10 19 18	0.38	0.37	4.7	4.5	5.3	0.76	-9999.9	3	74	-9999.9	50	-9999.9	3	22.5	-9999.9	-9999.9	3	1016.8	-9999.9	4.0	103
2025 10 19 19	0.61	0.59	4.2	4.1	5.3	1.01	-9999.9	3	84	-9999.9	43	-9999.9	3	22.4	47.0	39	3	1016.8	-9999.9	3.3	85
2025 10 19 20	0.46	0.44	3.7	3.7	5.3	0.75	-9999.9	3	95	-9999.9	48	-9999.9	3	22.5	25.2	174	3	1016.9	-9999.9	3.4	55
2025 10 19 21	0.44	0.41	4.3	4.4	5.6	0.66	-9999.9	3	120	-9999.9	48	-9999.9	3	22.5	59.4	201	3	1016.8	-9999.9	3.7	43
2025 10 19 22	0.39	0.37	4.5	4.4	5.5	0.59	-9999.9	3	111	-9999.9	50	-9999.9	3	22.4	51.6	199	3	1016.9	-9999.9	3.4	56
2025 10 19 23	0.4	0.38	4.8	4.7	5.3	0.65	-9999.9	3	121	-9999.9	45	-9999.9	3	22.3	51.3	211	3	1016.5	-9999.9	3.1	45
2025 10 20 00	0.47	0.44	4.2	4.4	5.3	0.94	-9999.9	3	123	-9999.9	42	-9999.9	3	22.4	28.8	216	3	1016.1	-9999.9	2.1	16
2025 10 20 01	0.48	0.47	4.4	4.3	5.2	0.79	-9999.9	3	117	-9999.9	43	-9999.9	3	22.4	18.8	163	3	1015.5	-9999.9	2.7	344
2025 10 20 02	0.41	0.39	4.5	4.4	6.2	0.7	-9999.9	3	126	-9999.9	46	-9999.9	3	22.3	7.2	342	3	1015.0	-9999.9	3.6	348
2025 10 20 03	0.48	0.45	4.6	4.7	6.1	0.75	-9999.9	3	129	-9999.9	47	-9999.9	3	22.4	7.0	321	3	1014.6	-9999.9	3.9	355
2025 10 20 04	0.55	0.52	4.7	4.5	5.6	0.77	-9999.9	3	146	-9999.9	50	-9999.9	3	22.4	1.4	180	3	1014.5	-9999.9	1.9	319
2025 10 20 05	0.47	0.45	4.1	4.0	5.4	0.76	-9999.9	3	134	-9999.9	55	-9999.9	3	22.4	12.6	229	3	1014.9	-9999.9	5.1	249
2025 10 20 06	0.41	0.38	3.1	3.1	3.3	0.57	-9999.9	3	159	-9999.9	56	-9999.9	3	22.3	28.5	13	3	1015.2	-9999.9	7.8	247
2025 10 20 07	0.39	0.37	3.0	2.9	2.6	0.6	-9999.9	3	147	-9999.9	55	-9999.9	3	22.3	31.7	338	3	1015.6	-9999.9	4.3	248
2025 10 20 08	0.44	0.41	3.0	3.0	3.2	0.66	-9999.9	3	162	-9999.9	55	-9999.9	3	22.3	8.6	132	3	1016.0	-9999.9	6.0	229
2025 10 20 09	0.41	0.39	2.9	3.0	2.9	0.68	-9999.9	3	215	-9999.9	47	-9999.9	3	22.2	31.4	207	3	1016.3	-9999.9	7.5	243
2025 10 20 10	0.49	0.47	3.0	3.0	2.8	0.81	-9999.9	3	212	-9999.9	46	-9999.9	3	22.3	19.1	207	3	1016.4	-9999.9	6.8	245
2025 10 20 11	0.46	0.43	3.2	3.2	3.9	0.75	-9999.9	3	207	-9999.9	48	-9999.9	3	22.4	6.6	211	3	1016.2	-9999.9	7.7	225
2025 10 20 12	0.42	0.4	3.1	3.2	3.3	0.66	-9999.9	3	213	-9999.9	50	-9999.9	3	22.4	33.1	189	3	1016.0	-9999.9	6.5	244
2025 10 20 13	0.46	0.42	3.2	3.2	3.1	0.67	-9999.9	3	217	-9999.9	50	-9999.9	3	22.4	31.2	200	3	1015.4	-9999.9	6.0	263
2025 10 20 14	0.58	0.54	3.2	3.2	3.4	0.99	-9999.9	3	224	-9999.9	45	-9999.9	3	22.4	13.2	181	3	1015.3	-9999.9	5.1	263
2025 10 20 15	0.62	0.57	3.3	3.3	3.5	0.94	-9999.9	3	222	-9999.9	48	-9999.9	3	22.4	3.4	255	3	1014.9	-9999.9	6.0	234
2025 10 20 16	0.53	0.5	3.1	3.2	3.3	0.95	-9999.9	3	219	-9999.9	45	-9999.9	3	22.4	13.5	195	3	1014.7	-9999.9	7.2	234
2025 10 20 17	0.5	0.46	3.0	3.0	3.4	0.83	-9999.9	3	201	-9999.9	53	-9999.9	3	22.3	11.9	174	3	1014.6	-9999.9	6.3	245
2025 10 20 18	0.32	0.29	3.5	3.5	5.5	0.56	-9999.9	3	151	-9999.9	67	-9999.9	3	22.3	36.2	40	3	1015.2	-9999.9	7.6	233
2025 10 20 19	0.29	0.27	3.3	3.3	5.9	0.53	-9999.9	3	77	-9999.9	65	-9999.9	3	22.0	47.6	36	3	1015.6	-9999.9	7.3	223
2025 10 20 20	0.43	0.4	2.7	2.6	2.5	0.64	-9999.9	3	215	-9999.9	52	-9999.9	3	21.8	10.3	128	3	1015.5	-9999.9	9.8	230
2025 10 20 21	0.5	0.47	3.2	3.3	3.2	0.74	-9999.9	3	191	-9999.9	51	-9999.9	3	21.8	38.1	170	3	1016.1	-9999.9	8.6	214
2025 10 20 22	0.39	0.37	3.0	3.0	3.0	0.61	-9999.9	3	222	-9999.9	52	-9999.9	3	22.1	54.1	215	3	1016.0	-9999.9	9.2	245
2025 10 20 23	0.42	0.41	2.9	2.9	3.2	0.77	-9999.9	3	218	-9999.9	50	-9999.9	3	22.3	28.4	193	3	1016.2	-9999.9	8.8	246
2025 10 21 00	0.47	0.44	3.1	3.1	3.2	0.74	-9999.9	3	215	-9999.9	45	-9999.9	3	22.2	35.3	194	3	1015.9	-9999.9	8.7	238
2025 10 21 01	0.54	0.51	3.0	3.1	3.1	1.03	-9999.9	3	214	-9999.9	42	-9999.9	3	22.2	31.2	181	3	1015.4	-9999.9	9.1	234
2025 10 21 02	0.61	0.58	3.0	3.0	3.1	1.06	-9999.9	3	216	-9999.9	42	-9999.9	3	22.2	24.7	159	3	1015.1	-9999.9	8.5	246
2025 10 21 03	0.63	0.58	3.2	3.2	3.6	1.07	-9999.9	3	223	-9999.9	41	-9999.9	3	22.0	1.2	48	3	1015.0	-9999.9	8.0	241
2025 10 21 04	0.64	0.6	3.4	3.4	3.5	1.17	-9999.9	3	221	-9999.9	38	-9999.9	3	22.0	8.0	272	3	1015.0	-9999.9	8.9	249
2025 10 21 05	0.57	0.55	3.1	3.1	3.2	0.83	-9999.9	3	202	-9999.9	46	-9999.9	3	22.1	38.2	171	3	1015.5	-9999.9	5.7	252
2025 10 21 06	0.49	0.46	2.9	2.9	2.7	0.8	-9999.9	3	207	-9999.9	51	-9999.9	3	22.1	15.4	132	3	1015.6	-9999.9	4.5	276
2025 10 21 07	0.22	0.21	3.4	3.4	3.5	0.44	-9999.9	3	57	-9999.9	64	-9999.9	3	21.5	59.8	30	3	1015.9	-9999.9	6.5	268
2025 10 21 08	0.47	0.44	2.5	2.6	2.3	0.69	-9999.9	3	193	-9999.9	57	-9999.9	3	21.4	18.9	110	3	1016.4	-9999.9	7.7	270
2025 10 21 09	0.38	0.35	2.8	2.8	2.7	0.6	-9999.9	3	199	-9999.9	55	-9999.9	3	21.5	26.5	181	3	1017.2	-9999.9	8.5	238
2025 10 21 10	0.46	0.43	2.9	2.9	3.1	0.79	-9999.9	3	221	-9999.9	52	-9999.9	3	21.5	41.3	210	3	1017.4	-9999.9	7.9	234
2025 10 21 11	0.48	0.46	3.0	3.0	3.1	0.76	-9999.9	3	222	-9999.9	42	-9999.9	3	22.1	21.7	254	3	1017.3	-9999.9	8.4	229
2025 10 21 12	0.45	0.43	2.8	2.8	2.8	0.74	-9999.9	3	217	-9999.9	49	-9999.9	3	22.1	24.7	178	3	1017.0	-9999.9	8.7	233
2025 10 21 13	0.37	0.36	2.9	2.8	2.8	0.71	-9999.9	3	214	-9999.9	48	-9999.9	3	22.1	28.9	186	3	1016.3	-9999.9	8.9	251
2025 10 21 14	0.59	0.55	3.0	3.0	3.0	0.85	-9999.9	3	219	-9999.9	40	-9999.9	3	22.1	20.4	172	3	1016.1	-9999.9	8.4	250
2025 10 21 15	0.57	0.54	3.0	3.0	3.2	0.91	-9999.9	3	213	-9999.9	43	-9999.9	3	21.9	4.5	162	3	1016.4	-9999.9	6.7	246
2025 10 21 16	0.53	0.5	3.0	3.0	2.9	0.93	-9999.9	3	217	-9999.9	42	-9999.9	3	21.8	3.8	227	3	1016.5	-9999.9	7.3	242
2025 10 21 17	0.55	0.51	2.9	2.9	2.7	0.89	-9999.9	3	208	-9999.9	45	-9999.9	3	21.4	12.5	207	3	1016.1	-9999.9	9.1	230
2025 10 21 18	0.54	0.5	2.9	3.0	2.9	0.89	-9999.9	3	195	-9999.9	47	-9999.9	3	21.3	13.3	140	3	1016.5	-9999.9	9.2	250
2025 10 21 19	0.32	0.29	2.9	3.0	6.6	0.72	-9999.9	3	143	-9999.9	59	-9999.9	3	21.3	25.6	19	3	1017.1	-9999.9	9.3	236
2025 10 21 20	0.33	0.31	3.0	2.9	3.1	0.45	-9999.9	3	168	-9999.9	60	-9999.9	3	21.3	11.7	101	3	1017.8	-9999.9	5.9	255
2025 10 21 21	0.42	0.38	3.1	3.2	7.5	0.67	-9999.9	3	155	-9999.9	53	-9999.9	3	21.3	15.7	142	3	1017.9	-9999.9	7.0	230
2025 10 21 22	0.45	0.43	2.9	2.9	3.0	0.7	-9999.9	3	213	-9999.9	45	-9999.9	3	21.5	30.4	213	3	1018.1	-9999.9	6.5	243
2025 10 21 23	0.5	0.49	2.9	2.9	3.0	0.98	-9999.9	3	222	-9999.9	44	-9999.9	3	21.9	18.5	209	3	1017.8	-9999.9	5.4	258
2025 10 22 00	0.47	0.45	2.6	2.7	2.8	0.77	-9999.9	3	220	-9999.9	46	-9999.9	3	21.9	13.7	63	3	1017.3	-9999.9	8.7	242
2025 10 22 01	0.56	0.54	2.8	2.8	2.9	0.92	-9999.9	3	212	-9999.9	43	-9999.9	3	21.7	14.3	137	3	1017.6	-9999.9	6.8	235
2025 10 22 02	0.49	0.47	2.8	2.8	2.8	0.82	-9999.9	3	221	-9999.9	45	-9999.9	3	21.5	14.6	146	3	1017.4	-9999.9	6.2	249
2025 10 22 03	0.37	0.35	2.9	2.9	2.8	0.56	-9999.9	3	205	-9999.9	46	-9999.9	3	21.5	8.9	333	3	1017.7	-9999.9	3.1	264
2025 10 22 04	0.35	0.32	3.0	3.1	2.8	0.59	-9999.9	3	198	-9999.9	63	-9999.9	3	21.4	2.9	61	3	1017.7	-9999.9	4.5	304
2025 10 22 05	0.39	0.37	3.1	3.1	3.2	0.6	-9999.9	3	203	-9999.9	51	-9999.9	3	21.2	20.0	245	3	1017.7	-9999.9	6.5	304
2025 10 22 06	0.46	0.44	3.5	3.5	4.6	0.74	-9999.9	3	208	-9999.9	46	-9999.9	3	21.2	26.0	183	3	1018.1	-9999.9	6.6	296
2025 10 22 07	0.32	0.3	3.2	3.1	3.7	0.58	-9999.9	3	178	-9999.9	59	-9999.9	3	21.3	14.7	158	3	1018.7	-9999.9	4.1	272
2025 10 22 08	0.36	0.34	3.7	3.7	6.4	0.53	-9999.9	3	185	-9999.9	51	-9999.9	3	21.4	20.9	180	3	1019.5	-9999.9	3.9	274
2025 10 22 09	0.26	0.24	3.5	3.6	6.2	0.46	-9999.9	3	130	-9999.9	68	-9999.9	3	21.5	26.9	149	3	1020.0	-9999.9	6.0	295
2025 10 22 10	0.35	0.33	2.8	2.9	2.7	0.57	-9999.9	3	192	-9999.9	59	-9999.9	3	21.6	32.8	179	3	1020.0	-9999.9	7.1	230
2025 10 22 11	0.39	0.37	2.6	2.7	2.6	0.6	-9999.9	3	210	-9999.9	54	-9999.9	3	21.6	25.5	193	3	1019.7	-9999.9	8.0	243
2025 10 22 12	0.42	0.4	2.6	2.6	2.5	0.6	-9999.9	3	229	-9999.9	49	-9999.9	3	21.3	12.6	68	3	1019.2	-9999.9	9.1	250
2025 10 22 13	0.45	0.42	2.6	2.6	2.6	0.7	-9999.9	3	218	-9999.9	48	-9999.9	3	21.0	8.7	73	3	1018.5	-9999.9	10.5	239
2025 10 22 14	0.45	0.42	2.7	2.7	2.7	0.65	-9999.9	3	209	-9999.9	55	-9999.9	3	20.9	28.3	59	3	1018.0	-9999.9	12.0	247
2025 10 22 15	0.6	0.57	2.7	2.8	2.9	0.97	-9999.9	3	209	-9999.9	44	-9999.9	3	20.7	24.3	33	3	1018.0	-9999.9	11.1	240
2025 10 22 16	0.47	0.43	2.8	2.8	2.6	0.65	-9999.9	3	209	-9999.9	53	-9999.9	3	20.6	21.8	47	3	1018.2	-9999.9	11.3	238
2025 10 22 17	0.59	0.56	2.9	2.9	2.8	1.17	-9999.9	3	204	-9999.9	51	-9999.9	3	20.4	2.7	253	3	1018.2	-9999.9	10.3	238
2025 10 22 18	0.48	0.45	3.0	2.9	3.4	0.79	-9999.9	3	208	-9999.9	50	-9999.9	3	20.1	15.7	191	3	1018.7	-9999.9	9.3	224
2025 10 22 19	0.49	0.46	2.9	3.0	2.7	0.75	-9999.9	3	207	-9999.9	51	-9999.9	3	20.1	23.4	168	3	1019.4	-9999.9	8.1	235
2025 10 22 20	0.31	0.3	2.5	2.5	2.4	0.55	-9999.9	3	208	-9999.9	63	-9999.9	3	20.0	10.8	234	3	1020.2	-9999.9	7.4	236
2025 10 22 21	0.38	0.34	3.0	3.1	7.0	0.66	-9999.9	3	174	-9999.9	50	-9999.9	3	20.0	19.6	232	3	1020.8	-9999.9	6.5	237
2025 10 22 22	0.32	0.31	2.5	2.5	2.4	0.55	-9999.9	3	202	-9999.9	53	-9999.9	3	20.7	27.8	139	3	1021.2	-9999.9	6.9	240
2025 10 22 23	0.33	0.31	2.4	2.5	2.4	0.59	-9999.9	3	210	-9999.9	55	-9999.9	3	20.2	21.7	167	3	1021.1	-9999.9	7.3	232
2025 10 23 00	0.31	0.3	2.4	2.4	2.4	0.52	-9999.9	3	216	-9999.9	51	-9999.9	3	20.5	13.9	256	3	1021.0	-9999.9	6.3	261
2025 10 23 01	0.18	0.16	2.7	2.7	3.3	0.3	-9999.9	3	182	-9999.9	62	-9999.9	3	20.2	14.9	32	3	1020.9	-9999.9	5.0	246
2025 10 23 02	0.21	0.19	2.8	2.8	3.8	0.42	-9999.9	3	193	-9999.9	64	-9999.9	3	19.2	17.6	104	3	1020.4	-9999.9	6.4	263
2025 10 23 03	0.21	0.19	3.3	3.3	4.9	0.31	-9999.9	3	159	-9999.9	52	-9999.9	3	19.1	13.9	93	3	1020.0	-9999.9	5.9	231
2025 10 23 04	0.25	0.23	3.8	3.8	8.5	0.41	-9999.9	3	183	-9999.9	41	-9999.9	3	19.9	21.3	195	3	1020.0	-9999.9	3.4	251
2025 10 23 05	0.25	0.23	3.1	3.1	5.0	0.38	-9999.9	3	163	-9999.9	57	-9999.9	3	20.0	24.6	202	3	1019.7	-9999.9	5.1	234
2025 10 23 06	0.3	0.27	3.4	3.4	7.5	0.45	-9999.9	3	201	-9999.9	50	-9999.9	3	19.4	21.5	189	3	1019.7	-9999.9	5.8	228
2025 10 23 07	0.33	0.32	2.6	2.6	2.5	0.54	-9999.9	3	217	-9999.9	64	-9999.9	3	19.1	18.6	166	3	1020.0	-9999.9	4.0	237
2025 10 23 08	-9999.9	-9999.9	-9999.9	-9999.9	-9999.9	-9999.9	-9999.9	3	-9999.9	-9999.9	-9999.9	-9999.9	3	19.6	12.0	257	3	1020.0	-9999.9	4.0	201
2025 10 23 09	0.3	0.28	2.6	2.6	2.4	0.45	-9999.9	3	172	-9999.9	63	-9999.9	3	20.0	31.0	247	3	1019.9	20.2	5.3	233
2025 10 23 10	0.37	0.35	2.5	2.5	2.4	0.68	-9999.9	3	168	-9999.9	52	-9999.9	3	19.7	14.0	164	3	1019.7	20.7	7.0	228
2025 10 23 11	0.39	0.37	2.5	2.5	2.4	0.73	-9999.9	3	195	-9999.9	46	-9999.9	3	20.1	20.0	244	3	1019.1	21.0	7.0	234
2025 10 23 12	0.44	0.42	2.3	2.4	2.3	0.74	-9999.9	3	206	-9999.9	48	-9999.9	3	20.2	11.0	221	3	1018.2	21.1	6.9	230
2025 10 23 13	0.3	0.28	2.2	2.2	1.9	0.52	-9999.9	3	180	-9999.9	59	-9999.9	3	20.2	-9999.9	-9999.9	3	1017.1	21.0	7.8	238
2025 10 23 14	0.38	0.35	2.3	2.3	2.1	0.69	-9999.9	3	190	-9999.9	51	-9999.9	3	19.7	27.0	109	3	1016.1	20.8	8.1	233
2025 10 23 15	0.39	0.37	2.4	2.4	2.3	0.61	-9999.9	3	192	-9999.9	44	-9999.9	3	19.3	17.0	130	3	1016.0	21.9	7.3	231
2025 10 23 16	0.4	0.36	2.5	2.5	2.4	0.68	-9999.9	3	195	-9999.9	44	-9999.9	3	19.2	6.0	179	3	1015.9	21.2	7.4	234
2025 10 23 17	0.4	0.37	2.7	2.7	3.3	0.61	-9999.9	3	177	-9999.9	52	-9999.9	3	19.5	9.0	188	3	1016.0	21.0	7.2	225
2025 10 23 18	0.41	0.37	2.9	2.9	8.6	0.55	-9999.9	3	190	-9999.9	53	-9999.9	3	19.1	15.0	270	3	1016.4	20.5	5.6	230
2025 10 23 19	0.35	0.33	3.0	2.9	3.5	0.51	-9999.9	3	194	-9999.9	62	-9999.9	3	18.7	17.0	223	3	1017.0	20.2	3.4	262
2025 10 23 20	0.4	0.38	2.8	2.8	3.0	0.63	-9999.9	3	193	-9999.9	52	-9999.9	3	20.0	28.0	202	3	1017.3	20.8	4.0	247
2025 10 23 21	0.43	0.39	3.0	2.8	8.4	0.71	-9999.9	3	160	-9999.9	46	-9999.9	3	19.1	19.0	172	3	1017.4	21.1	4.6	239
2025 10 23 22	0.29	0.27	2.4	2.4	2.1	0.56	-9999.9	3	190	-9999.9	59	-9999.9	3	18.8	24.0	287	3	1017.2	20.8	5.8	239
2025 10 23 23	0.29	0.28	2.5	2.5	2.3	0.54	-9999.9	3	173	-9999.9	52	-9999.9	3	18.4	12.0	179	3	1016.8	20.7	5.3	237
2025 10 24 00	0.27	0.25	2.3	2.3	2.2	0.44	-9999.9	3	187	-9999.9	54	-9999.9	3	18.6	11.0	131	3	1016.2	20.5	6.2	239
2025 10 24 01	0.19	0.18	2.3	2.3	1.9	0.37	-9999.9	3	139	-9999.9	67	-9999.9	3	18.5	23.0	81	3	1016.1	20.4	5.0	246
2025 10 24 02	0.17	0.16	2.6	2.7	2.8	0.25	-9999.9	3	86	-9999.9	61	-9999.9	3	17.9	-9999.9	-9999.9	3	1015.8	20.0	4.7	241
2025 10 24 03	0.19	0.17	2.9	2.9	6.1	0.27	-9999.9	3	140	-9999.9	57	-9999.9	3	17.9	-9999.9	-9999.9	3	1015.5	20.3	3.2	257
2025 10 24 04	0.25	0.23	3.7	3.7	7.4	0.46	-9999.9	3	178	-9999.9	43	-9999.9	3	18.7	-9999.9	-9999.9	3	1015.5	20.0	1.6	258
2025 10 24 05	0.31	0.28	3.7	3.5	10.1	0.44	-9999.9	3	175	-9999.9	47	-9999.9	3	18.6	-9999.9	-9999.9	3	1015.8	19.8	1.4	249
2025 10 24 06	0.35	0.33	3.4	3.2	4.4	0.52	-9999.9	3	195	-9999.9	52	-9999.9	3	18.7	-9999.9	-9999.9	3	1015.9	19.7	4.2	230
2025 10 24 07	0.33	0.31	2.7	2.7	2.7	0.74	-9999.9	3	193	-9999.9	54	-9999.9	3	18.6	17.0	196	3	1016.3	19.9	5.2	230
2025 10 24 08	0.4	0.36	2.6	2.6	3.1	0.71	-9999.9	3	209	-9999.9	50	-9999.9	3	18.7	14.0	257	3	1016.6	20.3	6.2	231
2025 10 24 09	0.35	0.32	2.4	2.4	2.0	0.56	-9999.9	3	165	-9999.9	59	-9999.9	3	18.6	-9999.9	-9999.9	3	1016.9	20.4	7.4	236
2025 10 24 10	0.41	0.39	2.2	2.3	2.1	0.67	-9999.9	3	199	-9999.9	55	-9999.9	3	18.7	27.0	91	3	1016.9	20.3	7.9	234
2025 10 24 11	0.48	0.45	2.3	2.4	2.4	0.7	-9999.9	3	200	-9999.9	51	-9999.9	3	18.6	-9999.9	-9999.9	3	1016.7	20.5	9.3	234
2025 10 24 12	0.45	0.43	2.4	2.4	2.5	0.65	-9999.9	3	205	-9999.9	47	-9999.9	3	18.5	-9999.9	-9999.9	3	1016.0	20.5	7.9	235
2025 10 24 13	0.36	0.34	2.1	2.2	2.1	0.58	-9999.9	3	203	-9999.9	56	-9999.9	3	18.5	-9999.9	-9999.9	3	1015.0	20.7	8.9	235
2025 10 24 14	0.51	0.47	2.4	2.4	2.5	0.86	-9999.9	3	200	-9999.9	54	-9999.9	3	18.4	-9999.9	-9999.9	3	1014.4	20.5	8.4	230
2025 10 24 15	0.51	0.46	2.5	2.5	2.5	0.8	-9999.9	3	201	-9999.9	49	-9999.9	3	18.3	-9999.9	-9999.9	3	1014.2	21.3	9.5	234
2025 10 24 16	0.47	0.43	2.6	2.6	2.4	0.72	-9999.9	3	193	-9999.9	50	-9999.9	3	18.4	-9999.9	-9999.9	3	1014.3	21.0	9.0	232
2025 10 24 17	0.45	0.42	3.1	3.0	5.7	0.63	-9999.9	3	180	-9999.9	47	-9999.9	3	18.6	31.0	185	3	1014.6	20.6	7.6	238
2025 10 24 18	0.44	0.41	2.9	2.8	5.8	0.67	-9999.9	3	191	-9999.9	49	-9999.9	3	18.4	21.0	184	3	1015.1	20.1	6.4	235
2025 10 24 19	0.42	0.4	3.0	3.0	3.6	0.71	-9999.9	3	208	-9999.9	55	-9999.9	3	18.2	17.0	203	3	1015.5	20.1	6.0	231
2025 10 24 20	0.38	0.35	3.1	3.2	6.6	0.58	-9999.9	3	186	-9999.9	52	-9999.9	3	19.0	24.0	191	3	1015.6	19.9	5.4	232
2025 10 24 21	0.46	0.42	3.2	3.3	7.9	0.67	-9999.9	3	192	-9999.9	48	-9999.9	3	18.5	23.0	207	3	1015.6	20.3	5.0	234
2025 10 24 22	0.33	0.31	2.7	2.7	2.9	0.51	-9999.9	3	198	-9999.9	54	-9999.9	3	18.6	24.0	202	3	1015.6	20.3	3.8	226
2025 10 24 23	0.34	0.32	2.6	2.6	2.5	0.55	-9999.9	3	182	-9999.9	52	-9999.9	3	18.7	17.0	188	3	1015.3	19.9	4.0	228
2025 10 25 00	0.34	0.31	2.6	2.6	2.5	0.47	-9999.9	3	178	-9999.9	47	-9999.9	3	18.3	13.0	140	3	1014.8	19.9	3.0	235
2025 10 25 01	0.24	0.22	2.7	2.7	3.6	0.4	-9999.9	3	102	-9999.9	61	-9999.9	3	18.1	30.0	76	3	1014.3	20.0	4.5	234
2025 10 25 02	0.21	0.19	2.8	2.7	7.5	0.32	-9999.9	3	80	-9999.9	67	-9999.9	3	18.4	49.0	67	3	1013.7	19.8	4.9	239
2025 10 25 03	0.24	0.22	2.4	2.4	2.7	0.37	-9999.9	3	166	-9999.9	66	-9999.9	3	17.8	-9999.9	-9999.9	3	1013.2	19.9	5.6	248
2025 10 25 04	0.32	0.28	2.5	2.6	3.3	0.48	-9999.9	3	179	-9999.9	61	-9999.9	3	17.8	-9999.9	-9999.9	3	1012.9	19.1	3.9	256
2025 10 25 05	0.28	0.26	3.4	3.3	8.2	0.49	-9999.9	3	186	-9999.9	48	-9999.9	3	18.4	-9999.9	-9999.9	3	1012.6	19.5	4.7	239
2025 10 25 06	0.31	0.28	3.4	3.4	5.9	0.47	-9999.9	3	198	-9999.9	60	-9999.9	3	18.4	-9999.9	-9999.9	3	1012.8	19.0	1.7	346
2025 10 25 07	0.32	0.29	3.0	3.1	7.4	0.48	-9999.9	3	181	-9999.9	58	-9999.9	3	18.2	-9999.9	-9999.9	3	1013.1	19.1	1.3	112
2025 10 25 08	0.4	0.36	2.9	2.8	9.8	0.6	-9999.9	3	173	-9999.9	49	-9999.9	3	18.1	-9999.9	-9999.9	3	1013.7	19.9	2.6	272
2025 10 25 09	0.3	0.29	2.3	2.3	2.0	0.51	-9999.9	3	73	-9999.9	67	-9999.9	3	17.8	-9999.9	-9999.9	3	1014.0	20.1	7.1	241
2025 10 25 10	0.6	0.56	2.3	2.3	2.2	0.87	-9999.9	3	204	-9999.9	47	-9999.9	3	17.7	-9999.9	-9999.9	3	1013.6	20.0	10.4	235
2025 10 25 11	0.5	0.47	2.3	2.3	2.3	0.81	-9999.9	3	207	-9999.9	51	-9999.9	3	18.3	-9999.9	-9999.9	3	1013.0	20.2	9.9	235
2025 10 25 12	0.55	0.52	2.5	2.5	2.5	0.79	-9999.9	3	206	-9999.9	45	-9999.9	3	18.2	38.0	81	3	1012.5	20.3	10.1	236
2025 10 25 13	0.55	0.53	2.4	2.4	2.7	0.98	-9999.9	3	197	-9999.9	44	-9999.9	3	18.1	-9999.9	-9999.9	3	1011.9	20.1	9.7	233
2025 10 25 14	0.45	0.43	2.5	2.5	2.6	0.71	-9999.9	3	195	-9999.9	55	-9999.9	3	18.2	-9999.9	-9999.9	3	1011.3	20.8	10.6	235
2025 10 25 15	0.57	0.54	2.4	2.5	2.6	0.88	-9999.9	3	210	-9999.9	46	-9999.9	3	17.9	38.0	77	3	1011.4	21.5	10.4	236
2025 10 25 16	0.55	0.52	2.6	2.6	2.7	0.9	-9999.9	3	201	-9999.9	45	-9999.9	3	17.8	-9999.9	-9999.9	3	1011.8	20.5	9.4	241
2025 10 25 17	0.65	0.62	2.8	2.8	3.1	1.06	-9999.9	3	209	-9999.9	35	-9999.9	3	17.9	18.0	90	3	1012.6	19.6	9.9	249
2025 10 25 18	0.42	0.38	3.0	3.1	9.4	0.59	-9999.9	3	184	-9999.9	44	-9999.9	3	17.6	32.0	199	3	1013.8	19.4	7.5	248
2025 10 25 19	0.37	0.34	3.1	3.0	4.7	0.76	-9999.9	3	208	-9999.9	57	-9999.9	3	17.9	33.0	205	3	1014.2	20.2	4.3	240
2025 10 25 20	0.36	0.34	3.1	3.1	4.2	0.52	-9999.9	3	187	-9999.9	50	-9999.9	3	17.6	29.0	234	3	1014.5	20.0	4.3	251
2025 10 25 21	0.42	0.39	3.5	3.4	8.0	0.65	-9999.9	3	166	-9999.9	53	-9999.9	3	18.0	33.0	209	3	1015.0	20.0	4.5	248
2025 10 25 22	0.4	0.38	2.5	2.5	2.7	0.65	-9999.9	3	206	-9999.9	52	-9999.9	3	17.6	16.0	167	3	1015.2	20.1	6.3	254
2025 10 25 23	0.4	0.39	2.4	2.4	2.4	0.7	-9999.9	3	222	-9999.9	43	-9999.9	3	17.7	14.0	171	3	1014.9	20.5	7.4	259
2025 10 26 00	0.44	0.41	2.4	2.4	2.5	0.75	-9999.9	3	210	-9999.9	43	-9999.9	3	17.4	8.0	317	3	1014.9	21.0	7.3	269
2025 10 26 01	0.49	0.47	2.6	2.5	2.9	0.77	-9999.9	3	209	-9999.9	51	-9999.9	3	17.9	-9999.9	-9999.9	3	1015.0	20.6	8.0	257
2025 10 26 02	0.62	0.59	2.6	2.6	3.1	1.07	-9999.9	3	204	-9999.9	36	-9999.9	3	17.5	-9999.9	-9999.9	3	1014.9	20.1	8.5	256
2025 10 26 03	0.5	0.46	2.4	2.5	2.6	0.73	-9999.9	3	206	-9999.9	52	-9999.9	3	17.4	-9999.9	-9999.9	3	1014.7	19.4	7.4	248
2025 10 26 04	0.55	0.51	2.5	2.5	2.6	1.07	-9999.9	3	212	-9999.9	52	-9999.9	3	17.9	-9999.9	-9999.9	3	1014.7	20.1	8.8	250
2025 10 26 05	0.51	0.49	2.7	2.7	3.1	0.71	-9999.9	3	204	-9999.9	46	-9999.9	3	17.3	-9999.9	-9999.9	3	1015.0	19.4	8.0	250
2025 10 26 06	0.44	0.42	3.0	3.0	3.4	0.71	-9999.9	3	201	-9999.9	44	-9999.9	3	17.9	44.0	183	3	1015.4	19.1	8.2	253
2025 10 26 07	0.52	0.5	3.2	3.1	3.6	0.77	-9999.9	3	216	-9999.9	46	-9999.9	3	17.9	54.0	183	3	1016.2	19.6	7.8	253
2025 10 26 08	0.54	0.51	3.0	3.0	3.4	0.99	-9999.9	3	196	-9999.9	50	-9999.9	3	17.8	38.0	167	3	1017.1	19.5	6.8	253
2025 10 26 09	0.52	0.49	2.5	2.5	2.6	0.81	-9999.9	3	225	-9999.9	53	-9999.9	3	17.6	-9999.9	-9999.9	3	1018.0	19.5	7.3	255
2025 10 26 10	0.44	0.41	2.4	2.4	2.1	0.73	-9999.9	3	205	-9999.9	55	-9999.9	3	17.4	-9999.9	-9999.9	3	1018.1	19.1	7.2	250
2025 10 26 11	0.5	0.47	2.4	2.4	2.2	0.77	-9999.9	3	208	-9999.9	57	-9999.9	3	18.3	-9999.9	-9999.9	3	1018.2	20.3	6.1	252
2025 10 26 12	0.57	0.54	2.6	2.6	2.7	0.93	-9999.9	3	205	-9999.9	51	-9999.9	3	18.4	-9999.9	-9999.9	3	1017.9	20.5	7.0	249
2025 10 26 13	0.47	0.45	2.6	2.5	2.5	0.8	-9999.9	3	194	-9999.9	56	-9999.9	3	18.2	-9999.9	-9999.9	3	1017.7	20.2	5.7	243
2025 10 26 14	0.47	0.43	2.4	2.4	2.1	0.72	-9999.9	3	202	-9999.9	59	-9999.9	3	18.4	-9999.9	-9999.9	3	1017.3	20.8	8.1	240
2025 10 26 15	0.42	0.4	2.4	2.4	2.3	0.68	-9999.9	3	210	-9999.9	58	-9999.9	3	18.3	-9999.9	-9999.9	3	1017.2	20.4	9.4	250
2025 10 26 16	0.44	0.39	2.7	2.7	8.8	0.61	-9999.9	3	168	-9999.9	54	-9999.9	3	18.0	-9999.9	-9999.9	3	1017.2	21.2	8.9	253
2025 10 26 17	0.36	0.33	2.4	2.5	2.0	0.58	-9999.9	3	201	-9999.9	54	-9999.9	3	18.0	11.0	136	3	1017.5	21.7	8.1	255
2025 10 26 18	0.37	0.34	2.5	2.5	3.3	0.52	-9999.9	3	194	-9999.9	56	-9999.9	3	17.7	54.0	180	3	1018.0	20.7	8.0	257
2025 10 26 19	0.38	0.34	2.6	2.6	4.9	0.58	-9999.9	3	178	-9999.9	57	-9999.9	3	17.7	32.0	178	3	1018.5	21.2	4.6	273
2025 10 26 20	0.31	0.3	2.9	2.9	4.3	0.5	-9999.9	3	198	-9999.9	52	-9999.9	3	17.7	-9999.9	-9999.9	3	1019.1	20.7	2.6	224
2025 10 26 21	0.42	0.38	3.6	3.7	6.5	0.66	-9999.9	3	195	-9999.9	45	-9999.9	3	17.9	-9999.9	-9999.9	3	1019.3	20.2	3.9	255
2025 10 26 22	0.42	0.38	3.0	3.0	6.7	0.68	-9999.9	3	154	-9999.9	51	-9999.9	3	17.8	-9999.9	-9999.9	3	1019.5	19.4	3.4	243
2025 10 26 23	0.29	0.28	2.9	2.9	4.8	0.46	-9999.9	3	174	-9999.9	57	-9999.9	3	17.9	13.0	244	3	1019.6	19.9	1.0	264
2025 10 27 00	0.33	0.3	3.6	3.6	6.8	0.58	-9999.9	3	105	-9999.9	53	-9999.9	3	17.9	-9999.9	-9999.9	3	1019.2	19.9	4.2	243
2025 10 27 01	0.24	0.23	2.9	2.8	3.1	0.42	-9999.9	3	159	-9999.9	64	-9999.9	3	19.0	-9999.9	-9999.9	3	1019.2	19.8	1.5	286
2025 10 27 02	0.22	0.21	3.1	3.1	4.8	0.44	-9999.9	3	125	-9999.9	60	-9999.9	3	18.1	-9999.9	-9999.9	3	1019.1	19.5	0.6	316
2025 10 27 03	0.19	0.18	3.1	3.1	5.0	0.31	-9999.9	3	164	-9999.9	61	-9999.9	3	18.0	-9999.9	-9999.9	3	1018.9	18.9	1.0	346
2025 10 27 04	0.2	0.19	2.8	2.9	4.4	0.29	-9999.9	3	173	-9999.9	64	-9999.9	3	17.8	-9999.9	-9999.9	3	1019.3	18.3	2.0	14
2025 10 27 05	0.21	0.2	2.9	2.9	3.5	0.37	-9999.9	3	115	-9999.9	60	-9999.9	3	17.9	-9999.9	-9999.9	3	1019.5	18.8	2.5	4
2025 10 27 06	0.2	0.19	3.2	3.2	5.0	0.34	-9999.9	3	84	-9999.9	61	-9999.9	3	17.8	-9999.9	-9999.9	3	1019.7	19.0	5.2	357
2025 10 27 07	0.2	0.19	2.8	2.7	4.1	0.35	-9999.9	3	183	-9999.9	63	-9999.9	3	17.8	-9999.9	-9999.9	3	1020.5	19.0	4.1	30
2025 10 27 08	0.32	0.28	2.8	3.0	7.5	0.65	-9999.9	3	92	-9999.9	50	-9999.9	3	17.8	-9999.9	-9999.9	3	1021.2	19.0	3.8	29
2025 10 27 09	0.25	0.23	2.9	2.7	8.0	0.4	-9999.9	3	67	-9999.9	54	-9999.9	3	17.9	12.0	345	3	1021.7	19.2	3.4	358
2025 10 27 10	0.27	0.26	3.2	3.3	3.7	0.5	-9999.9	3	35	-9999.9	46	-9999.9	3	18.2	54.0	50	3	1021.7	19.6	2.9	354
2025 10 27 11	0.27	0.25	3.7	3.6	6.0	0.52	-9999.9	3	74	-9999.9	51	-9999.9	3	18.5	30.0	82	3	1021.4	19.7	2.9	45
2025 10 27 12	0.33	0.31	3.7	3.5	4.9	0.67	-9999.9	3	89	-9999.9	52	-9999.9	3	18.9	32.0	76	3	1021.3	19.4	4.6	55
2025 10 27 13	0.38	0.37	4.0	3.9	4.9	0.58	-9999.9	3	70	-9999.9	42	-9999.9	3	19.0	27.0	57	3	1020.4	19.5	4.1	28
2025 10 27 14	0.33	0.31	3.6	3.7	5.2	0.62	-9999.9	3	86	-9999.9	46	-9999.9	3	18.9	32.0	72	3	1020.2	19.6	3.8	45
2025 10 27 15	0.37	0.34	4.3	4.2	6.2	0.71	-9999.9	3	82	-9999.9	43	-9999.9	3	18.8	38.0	76	3	1019.8	19.8	4.6	44
2025 10 27 16	0.43	0.41	3.8	3.8	4.8	0.66	-9999.9	3	101	-9999.9	43	-9999.9	3	18.6	34.0	76	3	1019.5	19.4	4.9	53
2025 10 27 17	0.47	0.44	3.8	3.8	6.3	0.73	-9999.9	3	97	-9999.9	42	-9999.9	3	18.5	26.0	106	3	1019.6	18.9	4.0	65
2025 10 27 18	0.5	0.48	4.6	4.5	7.7	0.92	-9999.9	3	111	-9999.9	40	-9999.9	3	18.7	2.0	68	3	1020.1	18.9	2.8	40
2025 10 27 19	0.48	0.46	4.3	4.1	5.1	0.7	-9999.9	3	101	-9999.9	45	-9999.9	3	18.6	5.0	284	3	1020.3	18.7	3.0	35
2025 10 27 20	0.55	0.52	4.2	4.2	6.5	1.0	-9999.9	3	103	-9999.9	43	-9999.9	3	18.5	4.0	166	3	1020.4	18.6	2.9	9
2025 10 27 21	0.58	0.56	4.1	4.0	6.0	0.89	-9999.9	3	108	-9999.9	40	-9999.9	3	18.3	10.0	276	3	1020.4	18.7	3.2	8
2025 10 27 22	0.6	0.57	4.1	3.9	7.1	0.88	-9999.9	3	119	-9999.9	44	-9999.9	3	18.0	-9999.9	-9999.9	3	1020.4	18.6	3.5	2
2025 10 27 23	0.39	0.36	3.8	3.6	6.0	0.57	-9999.9	3	104	-9999.9	48	-9999.9	3	18.0	-9999.9	-9999.9	3	1020.2	18.7	3.5	35
2025 10 28 00	0.44	0.42	4.0	4.1	6.0	0.7	-9999.9	3	80	-9999.9	41	-9999.9	3	19.0	17.0	355	3	1019.8	19.0	4.6	40
2025 10 28 01	0.43	0.41	3.7	3.6	6.2	0.74	-9999.9	3	76	-9999.9	37	-9999.9	3	18.9	31.0	66	3	1019.0	19.1	6.1	43
2025 10 28 02	0.38	0.35	3.2	3.2	6.2	0.68	-9999.9	3	83	-9999.9	39	-9999.9	3	19.3	27.0	85	3	1018.6	19.2	5.9	53
2025 10 28 03	0.4	0.37	3.0	3.1	5.6	0.64	-9999.9	3	84	-9999.9	43	-9999.9	3	18.9	28.0	83	3	1018.2	19.0	5.4	46
2025 10 28 04	0.39	0.37	3.2	3.1	5.4	0.66	-9999.9	3	85	-9999.9	47	-9999.9	3	18.7	21.0	81	3	1018.1	19.1	6.0	53
2025 10 28 05	0.46	0.43	3.9	3.9	5.6	0.68	-9999.9	3	91	-9999.9	41	-9999.9	3	20.0	52.0	66	3	1017.9	19.2	6.0	51
2025 10 28 06	0.5	0.47	3.6	3.5	5.5	0.7	-9999.9	3	83	-9999.9	40	-9999.9	3	19.4	40.0	87	3	1017.6	19.2	5.7	53
2025 10 28 07	0.53	0.49	3.5	3.5	5.7	0.8	-9999.9	3	76	-9999.9	42	-9999.9	3	19.1	12.0	74	3	1017.5	19.1	6.2	50
2025 10 28 08	0.5	0.47	3.2	3.1	5.0	0.8	-9999.9	3	77	-9999.9	44	-9999.9	3	18.8	3.0	347	3	1018.1	19.2	6.0	51
2025 10 28 09	0.55	0.52	4.2	4.2	5.3	0.86	-9999.9	3	82	-9999.9	41	-9999.9	3	19.3	40.0	17	3	1018.5	19.2	5.7	51
2025 10 28 10	0.55	0.53	4.2	4.1	5.4	1.01	-9999.9	3	66	-9999.9	43	-9999.9	3	20.2	43.0	60	3	1018.1	19.8	6.4	54
2025 10 28 11	0.5	0.48	3.7	3.7	5.5	0.82	-9999.9	3	70	-9999.9	44	-9999.9	3	19.6	30.0	65	3	1017.5	19.8	6.0	52
2025 10 28 12	0.62	0.58	4.1	4.2	6.4	0.92	-9999.9	3	91	-9999.9	39	-9999.9	3	19.7	42.0	68	3	1016.7	19.5	6.7	55
2025 10 28 13	0.56	0.53	3.9	3.8	5.7	0.86	-9999.9	3	87	-9999.9	40	-9999.9	3	19.8	32.0	65	3	1016.5	19.6	5.4	62
2025 10 28 14	0.62	0.59	3.8	3.7	5.2	0.91	-9999.9	3	85	-9999.9	41	-9999.9	3	19.8	33.0	66	3	1016.1	19.5	6.4	67
2025 10 28 15	0.56	0.53	3.9	3.9	5.3	0.82	-9999.9	3	94	-9999.9	42	-9999.9	3	19.7	36.0	66	3	1015.4	19.4	7.2	60
2025 10 28 16	0.71	0.68	4.1	3.9	5.2	1.08	-9999.9	3	88	-9999.9	40	-9999.9	3	19.6	33.0	66	3	1015.0	19.3	5.9	67
2025 10 28 17	0.78	0.74	4.0	4.0	5.4	1.08	-9999.9	3	95	-9999.9	43	-9999.9	3	19.6	34.0	76	3	1014.4	19.5	5.9	83
2025 10 28 18	0.81	0.77	3.8	3.8	5.2	1.34	-9999.9	3	110	-9999.9	38	-9999.9	3	19.1	11.0	116	3	1014.2	19.8	6.2	92
2025 10 28 19	0.82	0.78	4.0	4.0	5.1	1.33	-9999.9	3	92	-9999.9	40	-9999.9	3	19.9	12.0	34	3	1014.9	19.6	4.1	51
2025 10 28 20	0.74	0.7	4.0	4.1	5.0	1.15	-9999.9	3	95	-9999.9	40	-9999.9	3	20.2	18.0	55	3	1015.3	19.9	4.4	50
2025 10 28 21	0.7	0.66	3.7	3.5	4.6	1.15	-9999.9	3	96	-9999.9	41	-9999.9	3	19.8	11.0	35	3	1013.8	19.3	5.6	76
2025 10 28 22	0.72	0.68	3.7	3.6	4.7	1.21	-9999.9	3	108	-9999.9	42	-9999.9	3	19.9	3.0	336	3	1013.8	19.2	3.8	60
2025 10 28 23	0.6	0.57	3.4	3.4	4.8	0.95	-9999.9	3	107	-9999.9	41	-9999.9	3	19.9	11.0	123	3	1013.6	19.3	3.9	61
2025 10 29 00	0.55	0.53	3.7	3.6	5.3	0.96	-9999.9	3	89	-9999.9	45	-9999.9	3	20.7	23.0	50	3	1013.2	19.4	4.6	59
2025 10 29 01	0.59	0.56	4.2	4.2	5.7	1.02	-9999.9	3	76	-9999.9	42	-9999.9	3	20.7	56.0	49	3	1012.5	19.5	3.9	51
2025 10 29 02	0.5	0.48	4.0	3.9	5.4	0.78	-9999.9	3	79	-9999.9	40	-9999.9	3	20.3	43.0	53	3	1011.7	19.6	3.9	51
2025 10 29 03	0.48	0.46	3.9	3.8	5.3	0.72	-9999.9	3	85	-9999.9	44	-9999.9	3	20.7	47.0	72	3	1011.2	19.8	4.8	90
2025 10 29 04	0.53	0.5	3.6	3.6	5.1	0.8	-9999.9	3	88	-9999.9	40	-9999.9	3	20.2	44.0	68	3	1010.6	19.6	5.3	92
2025 10 29 05	0.53	0.5	4.0	4.0	5.7	0.85	-9999.9	3	73	-9999.9	43	-9999.9	3	20.5	50.0	68	3	1010.6	19.7	5.1	88
2025 10 29 06	0.48	0.45	4.1	4.0	5.1	0.92	-9999.9	3	78	-9999.9	47	-9999.9	3	20.4	44.0	66	3	1010.6	19.7	4.3	98
2025 10 29 07	0.53	0.5	4.0	4.1	5.0	0.9	-9999.9	3	69	-9999.9	51	-9999.9	3	20.9	54.0	74	3	1010.4	20.1	3.0	128
2025 10 29 08	0.5	0.47	3.9	4.0	5.4	0.78	-9999.9	3	93	-9999.9	51	-9999.9	3	20.8	43.0	71	3	1010.4	20.5	5.0	159
2025 10 29 09	0.52	0.5	4.0	4.0	5.4	1.18	-9999.9	3	116	-9999.9	56	-9999.9	3	20.9	26.0	60	3	1010.8	20.8	4.2	152
2025 10 29 10	0.64	0.6	3.2	3.2	5.1	0.96	-9999.9	3	139	-9999.9	55	-9999.9	3	20.6	28.0	46	3	1010.6	21.0	3.7	141
2025 10 29 11	0.78	0.71	3.0	3.1	4.0	1.38	-9999.9	3	148	-9999.9	54	-9999.9	3	20.4	-9999.9	-9999.9	3	1009.2	22.3	8.9	215
2025 10 29 12	0.91	0.83	2.9	3.0	3.2	1.47	-9999.9	3	167	-9999.9	44	-9999.9	3	19.5	37.0	54	3	1009.0	20.5	11.7	228
2025 10 29 13	0.78	0.72	3.1	3.0	5.5	1.24	-9999.9	3	185	-9999.9	54	-9999.9	3	19.6	38.0	59	3	1008.7	19.6	7.9	233
2025 10 29 14	0.87	0.81	3.2	3.2	6.7	1.37	-9999.9	3	194	-9999.9	45	-9999.9	3	19.5	46.0	67	3	1007.8	20.9	11.0	232
2025 10 29 15	0.99	0.93	3.3	3.4	4.2	1.59	-9999.9	3	198	-9999.9	42	-9999.9	3	19.4	45.0	66	3	1007.8	20.9	11.6	234
2025 10 29 16	0.9	0.84	3.1	3.2	3.9	1.34	-9999.9	3	190	-9999.9	46	-9999.9	3	19.6	-9999.9	-9999.9	3	1007.9	19.9	12.2	240
2025 10 29 17	0.69	0.63	3.0	3.1	6.1	1.03	-9999.9	3	185	-9999.9	52	-9999.9	3	19.5	-9999.9	-9999.9	3	1008.5	20.1	9.3	236
2025 10 29 18	0.8	0.72	3.4	3.4	8.1	1.15	-9999.9	3	193	-9999.9	47	-9999.9	3	19.4	-9999.9	-9999.9	3	1009.5	20.7	7.5	253
2025 10 29 19	0.77	0.7	3.2	3.2	6.5	1.23	-9999.9	3	190	-9999.9	52	-9999.9	3	19.3	20.0	96	3	1010.6	20.2	7.1	246
2025 10 29 20	0.68	0.62	3.4	3.3	8.3	1.1	-9999.9	3	195	-9999.9	52	-9999.9	3	19.3	8.0	117	3	1011.6	19.7	7.1	245
2025 10 29 21	0.75	0.67	3.3	3.5	8.4	1.24	-9999.9	3	197	-9999.9	43	-9999.9	3	19.3	-9999.9	-9999.9	3	1011.5	19.5	9.7	219
2025 10 29 22	0.79	0.72	3.5	3.5	7.4	1.32	-9999.9	3	198	-9999.9	46	-9999.9	3	18.8	7.0	74	3	1011.8	19.6	8.9	253
2025 10 29 23	0.72	0.66	3.2	3.3	6.8	1.02	-9999.9	3	198	-9999.9	43	-9999.9	3	18.9	11.0	117	3	1011.9	19.8	7.3	248
2025 10 30 00	0.65	0.6	3.2	3.1	4.5	0.96	-9999.9	3	195	-9999.9	51	-9999.9	3	18.9	10.0	165	3	1012.2	19.7	6.7	250
2025 10 30 01	0.69	0.62	3.0	3.0	3.7	1.01	-9999.9	3	206	-9999.9	48	-9999.9	3	18.8	9.0	173	3	1012.4	19.7	7.7	248
2025 10 30 02	0.58	0.53	2.8	2.8	3.8	0.83	-9999.9	3	204	-9999.9	48	-9999.9	3	18.7	5.0	26	3	1012.3	19.7	8.1	253
2025 10 30 03	0.51	0.45	2.8	2.8	6.0	0.78	-9999.9	3	205	-9999.9	50	-9999.9	3	18.8	13.0	82	3	1012.2	19.6	6.7	250
2025 10 30 04	0.63	0.57	2.8	2.8	3.2	0.87	-9999.9	3	206	-9999.9	50	-9999.9	3	18.6	-9999.9	-9999.9	3	1012.3	19.4	5.6	245
2025 10 30 05	0.61	0.55	2.8	2.9	5.8	0.88	-9999.9	3	192	-9999.9	51	-9999.9	3	18.5	-9999.9	-9999.9	3	1012.6	19.5	6.7	246
2025 10 30 06	0.5	0.45	2.7	2.7	3.4	0.82	-9999.9	3	186	-9999.9	58	-9999.9	3	18.6	-9999.9	-9999.9	3	1013.2	19.4	5.7	258
2025 10 30 07	0.52	0.46	2.8	2.9	7.6	0.77	-9999.9	3	186	-9999.9	52	-9999.9	3	18.5	-9999.9	-9999.9	3	1013.9	19.4	6.0	261
2025 10 30 08	0.51	0.44	2.8	3.0	7.7	0.74	-9999.9	3	197	-9999.9	50	-9999.9	3	18.4	-9999.9	-9999.9	3	1014.7	19.4	6.3	255
2025 10 30 09	0.52	0.48	3.3	3.3	9.8	1.01	-9999.9	3	167	-9999.9	53	-9999.9	3	18.3	11.0	138	3	1015.5	19.4	5.4	241
2025 10 30 10	0.6	0.53	3.6	3.5	7.4	0.9	-9999.9	3	206	-9999.9	44	-9999.9	3	18.6	41.0	212	3	1015.8	19.7	7.4	242
2025 10 30 11	0.51	0.44	3.0	3.1	8.4	0.91	-9999.9	3	193	-9999.9	47	-9999.9	3	18.6	27.0	204	3	1015.7	20.1	7.0	240
2025 10 30 12	0.5	0.46	2.7	2.8	5.7	0.8	-9999.9	3	206	-9999.9	55	-9999.9	3	18.7	10.0	216	3	1015.2	20.5	6.9	241
2025 10 30 13	0.45	0.4	2.8	2.8	7.4	0.62	-9999.9	3	199	-9999.9	62	-9999.9	3	18.4	-9999.9	-9999.9	3	1015.1	20.5	7.6	243
2025 10 30 14	0.46	0.41	3.2	3.2	7.9	0.69	-9999.9	3	200	-9999.9	48	-9999.9	3	18.4	16.0	74	3	1014.6	20.4	7.5	239
2025 10 30 15	0.38	0.33	2.5	2.5	2.7	0.57	-9999.9	3	179	-9999.9	64	-9999.9	3	18.7	25.0	85	3	1014.5	20.4	7.5	237
2025 10 30 16	0.33	0.3	3.0	3.0	7.8	0.49	-9999.9	3	174	-9999.9	59	-9999.9	3	18.7	20.0	104	3	1015.0	20.5	6.0	239
2025 10 30 17	0.37	0.32	3.0	3.2	8.3	0.93	-9999.9	3	154	-9999.9	61	-9999.9	3	18.6	13.0	107	3	1015.5	20.1	4.5	248
2025 10 30 18	0.35	0.31	2.9	2.9	7.6	0.53	-9999.9	3	124	-9999.9	61	-9999.9	3	18.5	12.0	139	3	1015.7	19.5	3.7	247
2025 10 30 19	0.37	0.34	3.6	3.6	9.7	0.6	-9999.9	3	144	-9999.9	56	-9999.9	3	18.5	8.0	186	3	1016.1	19.3	3.6	252
2025 10 30 20	0.34	0.31	3.8	3.7	7.5	0.67	-9999.9	3	139	-9999.9	60	-9999.9	3	18.4	10.0	213	3	1016.3	19.8	1.2	269
2025 10 30 21	0.32	0.3	4.1	4.0	7.7	0.51	-9999.9	3	166	-9999.9	54	-9999.9	3	18.4	12.0	223	3	1016.6	19.0	1.3	243
2025 10 30 22	0.43	0.4	4.0	4.0	8.4	0.69	-9999.9	3	153	-9999.9	52	-9999.9	3	18.4	12.0	245	3	1016.6	19.4	3.1	252
2025 10 30 23	0.33	0.31	3.7	3.7	8.7	0.54	-9999.9	3	195	-9999.9	49	-9999.9	3	18.3	9.0	225	3	1016.4	18.6	0.9	334
2025 10 31 00	0.37	0.35	3.8	3.6	7.1	0.8	-9999.9	3	138	-9999.9	50	-9999.9	3	18.3	10.0	280	3	1016.5	18.7	0.9	110
2025 10 31 01	0.35	0.32	4.5	4.4	7.2	0.65	-9999.9	3	210	-9999.9	34	-9999.9	3	18.4	12.0	263	3	1016.6	17.9	3.0	348
2025 10 31 02	0.28	0.26	4.1	4.1	6.4	0.46	-9999.9	3	201	-9999.9	54	-9999.9	3	18.3	13.0	333	3	1016.8	17.5	3.5	7
2025 10 31 03	0.25	0.23	3.3	3.1	5.4	0.44	-9999.9	3	189	-9999.9	53	-9999.9	3	18.3	9.0	309	3	1016.6	17.0	3.4	354
2025 10 31 04	0.2	0.19	3.3	3.2	5.1	0.27	-9999.9	3	152	-9999.9	57	-9999.9	3	18.4	22.0	27	3	1016.4	16.6	3.7	348
2025 10 31 05	0.23	0.22	3.7	3.6	7.2	0.36	-9999.9	3	128	-9999.9	50	-9999.9	3	18.6	20.0	94	3	1016.6	17.1	3.7	347
2025 10 31 06	0.23	0.22	3.5	3.4	6.9	0.41	-9999.9	3	137	-9999.9	55	-9999.9	3	18.5	35.0	76	3	1016.6	17.0	3.8	346
2025 10 31 07	0.25	0.23	3.3	3.4	6.5	0.41	-9999.9	3	35	-9999.9	71	-9999.9	3	18.3	34.0	74	3	1016.9	16.8	4.0	341
2025 10 31 08	0.22	0.21	3.1	3.1	4.0	0.35	-9999.9	3	100	-9999.9	57	-9999.9	3	18.2	27.0	57	3	1017.5	17.1	3.2	355
2025 10 31 09	0.26	0.24	4.1	3.9	8.5	0.56	-9999.9	3	114	-9999.9	53	-9999.9	3	18.7	31.0	64	3	1018.2	18.1	2.2	15
2025 10 31 10	0.27	0.25	3.5	3.6	6.8	0.46	-9999.9	3	74	-9999.9	67	-9999.9	3	19.6	-9999.9	-9999.9	3	1018.3	18.5	2.1	22
2025 10 31 11	0.34	0.31	3.8	3.9	6.8	0.61	-9999.9	3	182	-9999.9	62	-9999.9	3	18.5	16.0	113	3	1018.0	19.4	0.9	103
2025 10 31 12	0.36	0.33	3.9	3.9	6.8	0.63	-9999.9	3	164	-9999.9	55	-9999.9	3	18.5	15.0	251	3	1017.3	20.2	2.7	212
2025 10 31 13	0.29	0.27	3.6	3.5	6.4	0.46	-9999.9	3	188	-9999.9	67	-9999.9	3	18.6	10.0	176	3	1016.5	20.5	4.1	237
2025 10 31 14	0.27	0.25	3.2	3.2	6.9	0.45	-9999.9	3	150	-9999.9	57	-9999.9	3	18.5	10.0	16	3	1016.1	23.3	4.1	273
2025 10 31 15	0.31	0.28	3.7	3.7	8.0	0.62	-9999.9	3	111	-9999.9	53	-9999.9	3	18.4	16.0	58	3	1016.2	23.1	3.4	245
2025 10 31 16	0.24	0.22	3.0	3.0	4.5	0.37	-9999.9	3	139	-9999.9	61	-9999.9	3	18.3	15.0	90	3	1016.2	20.7	6.6	205
2025 10 31 17	0.35	0.32	2.2	2.3	2.0	0.52	-9999.9	3	176	-9999.9	53	-9999.9	3	18.2	11.0	132	3	1016.7	20.1	5.4	228
2025 10 31 18	0.35	0.32	2.5	2.5	2.3	0.57	-9999.9	3	167	-9999.9	50	-9999.9	3	18.2	7.0	137	3	1017.2	19.9	4.2	242
2025 10 31 19	0.32	0.29	3.0	3.1	8.2	0.7	-9999.9	3	125	-9999.9	56	-9999.9	3	18.3	12.0	142	3	1017.3	19.3	3.3	251
2025 10 31 20	0.22	0.21	3.0	3.0	6.9	0.42	-9999.9	3	67	-9999.9	60	-9999.9	3	18.5	9.0	99	3	1017.5	19.6	3.4	249
2025 10 31 21	0.21	0.2	3.2	3.2	5.5	0.33	-9999.9	3	113	-9999.9	51	-9999.9	3	18.4	15.0	199	3	1017.7	19.3	2.5	258
2025 10 31 22	0.28	0.26	4.1	4.1	9.8	0.55	-9999.9	3	143	-9999.9	50	-9999.9	3	18.3	17.0	229	3	1017.6	18.9	2.4	317
2025 10 31 23	0.24	0.22	3.1	3.0	3.4	0.37	-9999.9	3	160	-9999.9	57	-9999.9	3	18.3	6.0	298	3	1017.5	18.1	2.2	350
2025 11 01 00	0.26	0.25	3.4	3.3	8.3	0.5	-9999.9	3	173	-9999.9	47	-9999.9	3	18.3	6.0	278	3	1017.5	17.7	4.0	353
2025 11 01 01	0.34	0.31	4.1	4.1	10.0	0.51	-9999.9	3	199	-9999.9	39	-9999.9	3	18.3	7.0	282	3	1017.4	17.0	4.9	348
2025 11 01 02	0.4	0.37	5.2	4.9	10.1	0.64	-9999.9	3	197	-9999.9	39	-9999.9	3	18.3	15.0	277	3	1017.4	17.3	4.9	346
2025 11 01 03	0.37	0.34	4.1	4.2	8.8	0.59	-9999.9	3	196	-9999.9	40	-9999.9	3	18.2	10.0	239	3	1017.5	16.7	4.6	350
2025 11 01 04	0.34	0.3	3.2	3.3	6.8	0.49	-9999.9	3	190	-9999.9	47	-9999.9	3	18.2	4.0	260	3	1017.5	16.4	3.9	350
2025 11 01 05	0.22	0.2	3.3	3.3	7.2	0.4	-9999.9	3	173	-9999.9	57	-9999.9	3	18.2	7.0	89	3	1017.8	16.6	3.9	8
2025 11 01 06	0.25	0.23	3.2	3.1	6.6	0.37	-9999.9	3	161	-9999.9	57	-9999.9	3	18.6	6.0	157	3	1018.3	16.5	3.4	2
2025 11 01 07	0.28	0.26	3.4	3.5	6.3	0.43	-9999.9	3	52	-9999.9	57	-9999.9	3	18.7	-9999.9	-9999.9	3	1018.8	16.4	3.1	356
2025 11 01 08	0.3	0.27	3.5	3.5	5.6	0.44	-9999.9	3	116	-9999.9	55	-9999.9	3	18.7	-9999.9	-9999.9	3	1019.6	17.0	2.9	12
2025 11 01 09	0.32	0.29	4.4	4.3	10.5	0.58	-9999.9	3	138	-9999.9	52	-9999.9	3	18.4	-9999.9	-9999.9	3	1020.2	18.0	1.2	24
2025 11 01 10	0.34	0.31	3.9	4.0	8.0	0.58	-9999.9	3	93	-9999.9	58	-9999.9	3	18.5	18.0	94	3	1020.2	20.2	0.6	73
2025 11 01 11	0.36	0.34	4.4	4.3	8.6	0.6	-9999.9	3	165	-9999.9	67	-9999.9	3	18.4	-9999.9	-9999.9	3	1020.2	19.6	1.7	218
2025 11 01 12	0.4	0.37	3.9	3.9	7.1	0.73	-9999.9	3	182	-9999.9	50	-9999.9	3	18.3	19.0	235	3	1019.4	19.9	5.6	218
2025 11 01 13	0.48	0.44	3.3	3.3	6.8	0.73	-9999.9	3	195	-9999.9	50	-9999.9	3	17.9	41.0	172	3	1018.9	19.8	7.0	225
2025 11 01 14	0.47	0.43	2.9	2.9	3.9	0.69	-9999.9	3	212	-9999.9	45	-9999.9	3	17.6	26.0	169	3	1018.6	19.8	8.2	234
2025 11 01 15	0.39	0.36	2.3	2.3	2.0	0.67	-9999.9	3	223	-9999.9	54	-9999.9	3	17.5	16.0	280	3	1018.8	20.0	8.2	232
2025 11 01 16	0.31	0.29	2.5	2.5	3.2	0.46	-9999.9	3	76	-9999.9	68	-9999.9	3	17.9	-9999.9	-9999.9	3	1019.1	20.4	7.4	240
2025 11 01 17	0.39	0.35	2.2	2.3	2.0	0.59	-9999.9	3	168	-9999.9	63	-9999.9	3	18.2	-9999.9	-9999.9	3	1019.3	19.8	7.0	251
2025 11 01 18	0.36	0.33	2.3	2.4	2.2	0.57	-9999.9	3	184	-9999.9	60	-9999.9	3	18.3	-9999.9	-9999.9	3	1020.0	19.8	5.1	260
2025 11 01 19	0.35	0.32	2.9	2.9	9.0	0.49	-9999.9	3	147	-9999.9	55	-9999.9	3	17.9	15.0	169	3	1020.5	20.3	4.7	245
2025 11 01 20	0.25	0.23	3.3	3.3	6.4	0.38	-9999.9	3	119	-9999.9	60	-9999.9	3	17.7	8.0	193	3	1021.0	19.7	3.9	252
2025 11 01 21	0.28	0.26	4.0	4.2	6.7	0.48	-9999.9	3	124	-9999.9	51	-9999.9	3	18.4	-9999.9	-9999.9	3	1021.5	18.9	1.2	359
2025 11 01 22	0.35	0.33	5.0	4.8	9.3	0.59	-9999.9	3	145	-9999.9	49	-9999.9	3	18.4	10.0	163	3	1022.0	19.0	1.5	10
2025 11 01 23	0.35	0.32	4.2	4.2	6.5	0.57	-9999.9	3	179	-9999.9	43	-9999.9	3	18.2	9.0	219	3	1021.8	18.6	1.5	249
2025 11 02 00	0.39	0.36	4.5	4.3	7.4	0.6	-9999.9	3	178	-9999.9	43	-9999.9	3	18.1	12.0	237	3	1021.8	18.5	1.9	272
2025 11 02 01	0.33	0.31	4.2	4.1	8.0	0.57	-9999.9	3	187	-9999.9	49	-9999.9	3	18.2	9.0	211	3	1021.7	18.5	3.0	267
2025 11 02 02	0.36	0.33	4.2	4.2	8.1	0.57	-9999.9	3	189	-9999.9	44	-9999.9	3	18.2	7.0	284	3	1021.9	18.7	2.2	307
2025 11 02 03	0.38	0.35	4.1	4.1	6.3	0.57	-9999.9	3	205	-9999.9	42	-9999.9	3	18.0	13.0	292	3	1021.5	18.5	2.7	259
2025 11 02 04	0.42	0.4	3.5	3.5	5.5	0.64	-9999.9	3	211	-9999.9	45	-9999.9	3	17.8	13.0	289	3	1021.4	18.8	3.1	246
2025 11 02 05	0.39	0.36	3.2	3.2	5.6	0.59	-9999.9	3	209	-9999.9	52	-9999.9	3	17.8	8.0	274	3	1021.6	19.1	3.8	271
2025 11 02 06	0.26	0.23	2.5	2.4	2.8	0.41	-9999.9	3	204	-9999.9	63	-9999.9	3	18.1	11.0	298	3	1021.7	18.9	6.4	250
2025 11 02 07	0.25	0.24	2.6	2.7	3.4	0.46	-9999.9	3	147	-9999.9	66	-9999.9	3	18.4	15.0	131	3	1022.4	19.2	4.9	261
2025 11 02 08	0.28	0.27	2.7	2.7	3.2	0.41	-9999.9	3	146	-9999.9	63	-9999.9	3	18.3	-9999.9	-9999.9	3	1022.6	19.4	6.4	247
2025 11 02 09	0.35	0.33	2.4	2.4	2.3	0.62	-9999.9	3	192	-9999.9	54	-9999.9	3	18.4	-9999.9	-9999.9	3	1023.1	19.8	7.2	245
2025 11 02 10	0.43	0.4	2.3	2.4	2.4	0.63	-9999.9	3	208	-9999.9	58	-9999.9	3	18.2	-9999.9	-9999.9	3	1023.2	19.7	8.5	244
2025 11 02 11	0.5	0.45	2.4	2.4	2.3	0.7	-9999.9	3	211	-9999.9	61	-9999.9	3	17.6	-9999.9	-9999.9	3	1023.0	19.8	9.2	245
2025 11 02 12	0.38	0.35	2.8	2.8	7.2	0.56	-9999.9	3	178	-9999.9	58	-9999.9	3	17.9	-9999.9	-9999.9	3	1022.3	19.9	9.0	245
2025 11 02 13	0.48	0.43	2.6	2.6	2.4	0.71	-9999.9	3	210	-9999.9	45	-9999.9	3	17.8	21.0	135	3	1021.6	19.7	9.1	242
2025 11 02 14	0.52	0.48	3.1	3.1	3.7	0.78	-9999.9	3	204	-9999.9	41	-9999.9	3	17.7	44.0	181	3	1021.1	19.7	9.2	228
2025 11 02 15	0.53	0.5	2.8	2.8	2.9	0.89	-9999.9	3	199	-9999.9	47	-9999.9	3	17.7	41.0	168	3	1021.0	20.0	9.3	235
2025 11 02 16	0.52	0.47	2.4	2.5	2.5	0.79	-9999.9	3	208	-9999.9	49	-9999.9	3	17.2	13.0	126	3	1021.2	20.0	9.3	237
2025 11 02 17	0.33	0.32	2.3	2.3	2.0	0.51	-9999.9	3	216	-9999.9	63	-9999.9	3	17.6	-9999.9	-9999.9	3	1021.7	19.8	6.9	254
2025 11 02 18	0.35	0.31	2.6	2.6	7.1	0.56	-9999.9	3	159	-9999.9	59	-9999.9	3	17.4	20.0	76	3	1021.7	19.6	6.4	237
2025 11 02 19	0.31	0.27	2.9	3.1	10.2	0.71	-9999.9	3	145	-9999.9	59	-9999.9	3	17.5	18.0	221	3	1022.2	20.8	1.8	268
2025 11 02 20	0.33	0.3	3.2	3.2	6.6	0.58	-9999.9	3	192	-9999.9	57	-9999.9	3	17.5	30.0	227	3	1022.2	21.2	3.7	298
2025 11 02 21	0.3	0.27	2.6	2.6	4.3	0.49	-9999.9	3	164	-9999.9	58	-9999.9	3	17.5	13.0	216	3	1022.6	20.3	1.7	209
2025 11 02 22	0.32	0.27	3.4	3.7	8.9	0.7	-9999.9	3	150	-9999.9	52	-9999.9	3	17.2	6.0	170	3	1022.4	19.8	1.8	227
2025 11 02 23	0.33	0.31	3.1	3.1	6.1	0.57	-9999.9	3	122	-9999.9	58	-9999.9	3	18.1	19.0	123	3	1022.2	19.3	1.4	247
2025 11 03 00	0.38	0.34	3.5	3.6	7.6	0.61	-9999.9	3	126	-9999.9	52	-9999.9	3	18.3	-9999.9	-9999.9	3	1021.7	18.7	1.0	248
2025 11 03 01	0.33	0.31	3.3	3.3	6.0	0.52	-9999.9	3	174	-9999.9	51	-9999.9	3	18.0	6.0	160	3	1021.1	18.6	1.6	271
2025 11 03 02	0.33	0.29	3.4	3.3	6.6	0.49	-9999.9	3	195	-9999.9	46	-9999.9	3	17.7	4.0	215	3	1020.9	18.6	2.7	241
2025 11 03 03	0.35	0.31	3.3	3.3	6.8	0.5	-9999.9	3	208	-9999.9	40	-9999.9	3	17.8	5.0	180	3	1020.7	18.5	3.0	255
2025 11 03 04	0.33	0.31	3.3	3.3	6.3	0.49	-9999.9	3	205	-9999.9	46	-9999.9	3	17.4	27.0	238	3	1020.9	18.3	3.0	245
2025 11 03 05	0.31	0.29	3.2	3.2	5.0	0.6	-9999.9	3	210	-9999.9	44	-9999.9	3	17.5	28.0	219	3	1021.2	17.9	1.4	289
2025 11 03 06	0.18	0.17	2.5	2.5	2.2	0.26	-9999.9	3	201	-9999.9	61	-9999.9	3	17.5	19.0	213	3	1021.5	16.7	2.3	5
2025 11 03 07	0.21	0.19	3.1	3.1	6.5	0.4	-9999.9	3	59	-9999.9	58	-9999.9	3	17.7	13.0	314	3	1021.7	16.3	3.4	359
2025 11 03 08	0.2	0.19	3.0	2.8	4.2	0.31	-9999.9	3	78	-9999.9	58	-9999.9	3	17.6	9.0	33	3	1022.4	16.9	3.4	0
2025 11 03 09	0.28	0.26	3.6	3.6	10.4	0.41	-9999.9	3	120	-9999.9	48	-9999.9	3	17.6	8.0	246	3	1022.7	17.8	2.6	1
2025 11 03 10	0.2	0.18	2.9	3.0	6.9	0.35	-9999.9	3	48	-9999.9	64	-9999.9	3	17.9	13.0	35	3	1022.8	18.2	3.1	46
2025 11 03 11	0.22	0.2	3.8	4.0	8.1	0.44	-9999.9	3	57	-9999.9	57	-9999.9	3	18.4	18.0	89	3	1022.8	18.8	1.5	17
2025 11 03 12	0.28	0.25	3.6	3.5	8.0	0.45	-9999.9	3	110	-9999.9	59	-9999.9	3	18.3	22.0	78	3	1022.0	19.7	3.8	62
2025 11 03 13	0.27	0.25	3.6	3.7	6.1	0.4	-9999.9	3	71	-9999.9	60	-9999.9	3	18.8	-9999.9	-9999.9	3	1021.4	19.3	3.5	54
2025 11 03 14	0.28	0.26	3.3	3.1	6.6	0.42	-9999.9	3	145	-9999.9	56	-9999.9	3	18.1	-9999.9	-9999.9	3	1021.1	19.1	4.3	53
2025 11 03 15	0.26	0.24	3.3	3.4	6.6	0.51	-9999.9	3	168	-9999.9	56	-9999.9	3	17.9	10.0	256	3	1020.9	19.1	4.4	45
2025 11 03 16	0.32	0.3	3.0	3.1	5.2	0.51	-9999.9	3	146	-9999.9	58	-9999.9	3	17.9	16.0	234	3	1021.1	19.1	5.0	54
2025 11 03 17	0.33	0.31	2.4	2.4	2.1	0.54	-9999.9	3	83	-9999.9	64	-9999.9	3	17.8	11.0	243	3	1021.1	18.9	5.7	55
2025 11 03 18	0.29	0.27	2.7	2.7	2.8	0.42	-9999.9	3	55	-9999.9	47	-9999.9	3	18.3	19.0	25	3	1021.5	18.8	6.3	54
2025 11 03 19	0.36	0.32	3.2	3.3	5.9	0.56	-9999.9	3	75	-9999.9	41	-9999.9	3	18.9	31.0	45	3	1022.1	18.7	5.5	58
2025 11 03 20	0.38	0.35	3.0	3.0	3.8	0.59	-9999.9	3	85	-9999.9	43	-9999.9	3	19.3	35.0	80	3	1022.0	19.0	5.9	58
2025 11 03 21	0.37	0.35	2.8	2.7	4.0	0.6	-9999.9	3	94	-9999.9	43	-9999.9	3	18.6	7.0	138	3	1022.1	19.0	6.4	54
2025 11 03 22	0.4	0.37	3.1	3.0	7.5	0.64	-9999.9	3	90	-9999.9	42	-9999.9	3	18.3	8.0	62	3	1021.9	18.9	7.4	56
2025 11 03 23	0.42	0.4	3.2	3.1	4.4	0.71	-9999.9	3	90	-9999.9	43	-9999.9	3	19.0	24.0	49	3	1021.7	19.0	7.5	56
2025 11 04 00	0.46	0.44	2.9	2.9	4.4	0.67	-9999.9	3	93	-9999.9	41	-9999.9	3	18.5	17.0	133	3	1021.1	19.0	7.9	58
2025 11 04 01	0.53	0.49	2.8	2.9	4.0	0.92	-9999.9	3	81	-9999.9	42	-9999.9	3	18.5	12.0	60	3	1020.6	19.0	8.2	53
2025 11 04 02	0.55	0.51	2.6	2.6	3.0	0.82	-9999.9	3	70	-9999.9	47	-9999.9	3	18.6	23.0	326	3	1020.5	19.0	8.1	58
2025 11 04 03	0.52	0.49	2.6	2.7	3.1	0.79	-9999.9	3	71	-9999.9	48	-9999.9	3	18.5	24.0	320	3	1020.3	18.9	7.7	58
2025 11 04 04	0.54	0.51	2.8	2.8	5.0	0.82	-9999.9	3	88	-9999.9	47	-9999.9	3	17.9	20.0	306	3	1020.1	18.7	8.1	59
2025 11 04 05	0.67	0.63	3.1	3.1	5.2	1.11	-9999.9	3	97	-9999.9	44	-9999.9	3	17.5	25.0	269	3	1020.1	18.4	7.9	62
2025 11 04 06	0.67	0.63	3.0	3.0	4.8	1.09	-9999.9	3	86	-9999.9	46	-9999.9	3	17.4	15.0	251	3	1020.1	18.3	7.8	60
2025 11 04 07	0.69	0.66	3.3	3.3	4.8	0.99	-9999.9	3	75	-9999.9	43	-9999.9	3	18.1	21.0	326	3	1020.4	18.8	8.8	59
2025 11 04 08	0.66	0.62	3.1	3.1	4.5	1.11	-9999.9	3	80	-9999.9	41	-9999.9	3	18.2	8.0	332	3	1021.1	18.6	7.6	61
2025 11 04 09	0.62	0.58	3.1	3.1	4.8	0.98	-9999.9	3	84	-9999.9	45	-9999.9	3	18.0	-9999.9	-9999.9	3	1021.4	18.4	7.5	56
2025 11 04 10	0.59	0.55	3.3	3.2	4.8	0.98	-9999.9	3	84	-9999.9	45	-9999.9	3	18.4	19.0	283	3	1021.3	18.4	7.2	66
2025 11 04 11	0.75	0.7	3.5	3.7	5.5	1.1	-9999.9	3	89	-9999.9	39	-9999.9	3	18.1	24.0	347	3	1021.1	18.4	6.5	63
2025 11 04 12	0.7	0.66	3.7	3.7	5.3	1.16	-9999.9	3	84	-9999.9	39	-9999.9	3	18.0	15.0	356	3	1020.4	18.7	6.5	61
2025 11 04 13	0.75	0.71	3.9	3.8	5.7	1.08	-9999.9	3	84	-9999.9	41	-9999.9	3	19.1	26.0	61	3	1019.6	18.8	6.4	58
2025 11 04 14	0.76	0.73	3.9	3.9	5.7	1.15	-9999.9	3	78	-9999.9	44	-9999.9	3	18.9	60.0	92	3	1019.4	18.9	6.0	55
2025 11 04 15	0.61	0.57	3.3	3.2	5.2	0.95	-9999.9	3	91	-9999.9	49	-9999.9	3	18.5	-9999.9	-9999.9	3	1019.3	19.1	6.6	53
2025 11 04 16	0.63	0.58	3.3	3.3	5.2	1.05	-9999.9	3	98	-9999.9	48	-9999.9	3	18.1	-9999.9	-9999.9	3	1019.3	18.8	6.5	52
2025 11 04 17	0.64	0.62	3.7	3.7	5.2	0.98	-9999.9	3	105	-9999.9	45	-9999.9	3	17.9	-9999.9	-9999.9	3	1019.2	18.5	5.4	57
2025 11 04 18	0.63	0.59	3.4	3.6	5.2	1.08	-9999.9	3	105	-9999.9	47	-9999.9	3	18.2	8.0	313	3	1019.6	18.3	4.9	54
2025 11 04 19	0.65	0.61	3.5	3.4	5.2	0.93	-9999.9	3	94	-9999.9	45	-9999.9	3	18.0	7.0	279	3	1019.8	18.4	6.1	57
2025 11 04 20	0.62	0.61	3.9	3.8	5.0	1.08	-9999.9	3	90	-9999.9	41	-9999.9	3	18.0	7.0	358	3	1019.7	18.5	6.3	52
2025 11 04 21	0.71	0.68	3.4	3.4	4.9	1.11	-9999.9	3	95	-9999.9	45	-9999.9	3	18.0	12.0	279	3	1019.8	18.5	7.0	50
2025 11 04 22	0.77	0.72	3.5	3.5	5.3	1.34	-9999.9	3	101	-9999.9	44	-9999.9	3	18.0	-9999.9	-9999.9	3	1019.7	18.3	7.5	51
2025 11 04 23	0.68	0.66	3.5	3.5	5.3	1.16	-9999.9	3	93	-9999.9	38	-9999.9	3	17.9	2.0	56	3	1019.3	18.2	7.1	56
2025 11 05 00	0.68	0.64	3.6	3.5	5.2	1.1	-9999.9	3	93	-9999.9	39	-9999.9	3	18.7	28.0	63	3	1019.0	18.4	6.9	56
2025 11 05 01	0.71	0.68	3.6	3.5	5.1	0.97	-9999.9	3	92	-9999.9	40	-9999.9	3	18.5	44.0	85	3	1018.6	18.6	7.4	55
2025 11 05 02	0.64	0.61	3.3	3.2	5.0	0.98	-9999.9	3	90	-9999.9	42	-9999.9	3	18.2	-9999.9	-9999.9	3	1018.0	18.4	7.2	48
2025 11 05 03	0.64	0.6	3.0	3.0	5.1	1.15	-9999.9	3	97	-9999.9	42	-9999.9	3	18.1	-9999.9	-9999.9	3	1017.4	18.5	7.8	50
2025 11 05 04	0.59	0.56	3.2	3.2	5.1	0.94	-9999.9	3	93	-9999.9	47	-9999.9	3	17.8	-9999.9	-9999.9	3	1017.0	18.5	7.3	51
2025 11 05 05	0.71	0.67	3.4	3.4	5.0	1.14	-9999.9	3	109	-9999.9	44	-9999.9	3	17.8	25.0	243	3	1016.8	18.3	7.2	51
2025 11 05 06	0.83	0.78	3.6	3.7	5.1	1.15	-9999.9	3	114	-9999.9	42	-9999.9	3	17.6	-9999.9	-9999.9	3	1016.9	18.1	6.7	48
2025 11 05 07	0.81	0.77	3.6	3.6	4.9	1.28	-9999.9	3	107	-9999.9	41	-9999.9	3	17.5	-9999.9	-9999.9	3	1017.2	18.3	6.8	52
2025 11 05 08	0.85	0.81	3.7	3.7	5.0	1.28	-9999.9	3	104	-9999.9	40	-9999.9	3	17.8	-9999.9	-9999.9	3	1017.3	18.6	7.6	50
2025 11 05 09	0.73	0.67	3.4	3.3	5.3	1.18	-9999.9	3	98	-9999.9	46	-9999.9	3	18.7	20.0	304	3	1017.1	18.8	7.7	58
2025 11 05 10	0.68	0.63	3.5	3.5	5.2	1.29	-9999.9	3	102	-9999.9	48	-9999.9	3	18.7	-9999.9	-9999.9	3	1017.2	18.6	6.9	56
2025 11 05 11	0.79	0.76	4.1	3.9	5.6	1.36	-9999.9	3	102	-9999.9	38	-9999.9	3	18.7	4.0	300	3	1016.9	18.7	5.5	55
2025 11 05 12	0.89	0.88	4.8	4.7	5.9	1.37	-9999.9	3	91	-9999.9	33	-9999.9	3	18.5	7.0	56	3	1016.2	19.1	4.3	55
2025 11 05 13	0.74	0.7	4.4	4.3	5.7	1.3	-9999.9	3	93	-9999.9	38	-9999.9	3	18.4	18.0	46	3	1014.8	19.0	4.5	53
2025 11 05 14	0.88	0.85	4.7	4.6	5.9	1.47	-9999.9	3	95	-9999.9	38	-9999.9	3	18.9	45.0	77	3	1014.8	19.2	2.5	26
2025 11 05 15	0.77	0.75	4.5	4.5	5.8	1.2	-9999.9	3	95	-9999.9	40	-9999.9	3	18.6	12.0	224	3	1014.7	19.2	2.3	343
2025 11 05 16	0.65	0.64	4.3	4.4	5.7	1.03	-9999.9	3	105	-9999.9	37	-9999.9	3	17.9	28.0	226	3	1014.0	18.8	1.2	354
2025 11 05 17	0.67	0.65	4.6	4.4	5.9	1.08	-9999.9	3	103	-9999.9	47	-9999.9	3	17.7	-9999.9	-9999.9	3	1014.4	17.9	6.5	328
2025 11 05 18	0.73	0.69	4.5	4.6	5.7	1.16	-9999.9	3	135	-9999.9	53	-9999.9	3	17.9	29.0	231	3	1014.9	18.0	2.2	342
2025 11 05 19	0.85	0.82	4.2	4.2	5.5	1.29	-9999.9	3	136	-9999.9	44	-9999.9	3	17.9	32.0	216	3	1015.1	18.1	1.8	36
2025 11 05 20	0.77	0.73	4.0	4.0	5.6	1.31	-9999.9	3	127	-9999.9	44	-9999.9	3	17.9	13.0	228	3	1015.5	18.0	1.6	56
2025 11 05 21	0.8	0.77	4.4	4.4	5.5	1.26	-9999.9	3	100	-9999.9	36	-9999.9	3	18.5	-9999.9	-9999.9	3	1015.6	19.1	3.1	294
2025 11 05 22	0.66	0.64	4.2	4.2	5.6	0.96	-9999.9	3	113	-9999.9	43	-9999.9	3	18.3	5.0	333	3	1016.0	20.0	4.1	290
2025 11 05 23	0.64	0.61	3.5	3.5	5.8	1.02	-9999.9	3	129	-9999.9	45	-9999.9	3	18.2	2.0	135	3	1016.0	20.0	5.8	282
2025 11 06 00	0.52	0.48	3.4	3.5	5.7	0.94	-9999.9	3	113	-9999.9	51	-9999.9	3	18.0	-9999.9	-9999.9	3	1016.0	19.7	5.7	305
2025 11 06 01	0.51	0.48	3.7	3.7	5.8	0.89	-9999.9	3	155	-9999.9	55	-9999.9	3	17.7	15.0	95	3	1016.2	18.6	3.2	304
2025 11 06 02	0.59	0.57	4.6	4.4	5.9	0.98	-9999.9	3	146	-9999.9	54	-9999.9	3	18.3	-9999.9	-9999.9	3	1016.3	18.1	8.3	322
2025 11 06 03	0.64	0.61	4.4	4.3	6.3	0.94	-9999.9	3	184	-9999.9	45	-9999.9	3	17.6	21.0	165	3	1015.9	17.9	6.8	301
2025 11 06 04	0.57	0.54	4.8	4.7	7.0	0.88	-9999.9	3	191	-9999.9	43	-9999.9	3	17.8	28.0	220	3	1016.3	17.8	5.7	298
2025 11 06 05	0.67	0.64	4.8	4.8	6.9	1.02	-9999.9	3	198	-9999.9	43	-9999.9	3	17.7	25.0	210	3	1016.8	17.3	4.6	278
2025 11 06 06	0.69	0.65	4.4	4.3	5.0	0.98	-9999.9	3	206	-9999.9	43	-9999.9	3	17.7	23.0	254	3	1017.1	16.5	5.1	309
2025 11 06 07	0.51	0.48	3.2	3.4	6.0	0.85	-9999.9	3	199	-9999.9	57	-9999.9	3	17.6	16.0	220	3	1017.5	16.4	7.4	319
2025 11 06 08	0.43	0.39	2.8	2.8	4.7	0.72	-9999.9	3	205	-9999.9	60	-9999.9	3	17.5	20.0	209	3	1018.2	16.6	7.4	315
2025 11 06 09	0.43	0.39	3.2	3.1	8.5	0.58	-9999.9	3	152	-9999.9	56	-9999.9	3	17.5	22.0	231	3	1019.0	17.2	5.2	311
2025 11 06 10	0.37	0.34	3.4	3.4	6.9	0.69	-9999.9	3	176	-9999.9	63	-9999.9	3	17.6	31.0	237	3	1018.6	18.5	8.0	306
2025 11 06 11	0.41	0.37	3.3	3.4	8.0	0.69	-9999.9	3	195	-9999.9	55	-9999.9	3	17.6	31.0	231	3	1018.6	18.9	7.4	307
2025 11 06 12	0.38	0.34	3.0	2.9	8.8	0.6	-9999.9	3	185	-9999.9	59	-9999.9	3	17.6	-9999.9	-9999.9	3	1018.4	19.3	4.6	306
2025 11 06 13	0.48	0.44	3.5	3.4	7.8	0.8	-9999.9	3	221	-9999.9	57	-9999.9	3	17.5	11.0	50	3	1018.1	19.2	5.0	261
2025 11 06 14	0.59	0.53	3.5	3.4	7.7	0.81	-9999.9	3	218	-9999.9	45	-9999.9	3	17.5	8.0	97	3	1017.7	19.3	5.6	285
2025 11 06 15	0.54	0.48	3.7	3.5	9.5	0.88	-9999.9	3	200	-9999.9	42	-9999.9	3	17.4	7.0	263	3	1017.5	20.2	4.3	287
2025 11 06 16	0.55	0.5	3.7	3.7	8.0	0.93	-9999.9	3	185	-9999.9	51	-9999.9	3	17.5	16.0	164	3	1017.7	19.2	4.8	259
2025 11 06 17	0.69	0.64	4.3	4.2	7.3	0.93	-9999.9	3	199	-9999.9	40	-9999.9	3	17.3	21.0	178	3	1018.1	18.2	3.9	270
2025 11 06 18	0.53	0.49	4.1	4.0	6.7	0.84	-9999.9	3	192	-9999.9	49	-9999.9	3	17.4	17.0	236	3	1018.3	17.8	4.9	276
2025 11 06 19	0.54	0.51	4.7	4.5	7.1	0.88	-9999.9	3	195	-9999.9	50	-9999.9	3	17.2	-9999.9	-9999.9	3	1018.6	17.6	3.9	296
2025 11 06 20	0.47	0.43	3.7	3.8	8.4	0.69	-9999.9	3	204	-9999.9	57	-9999.9	3	17.4	-9999.9	-9999.9	3	1019.0	17.2	2.8	339
2025 11 06 21	0.31	0.29	3.4	3.2	6.0	0.47	-9999.9	3	176	-9999.9	55	-9999.9	3	17.4	19.0	196	3	1019.4	16.6	2.1	352
2025 11 06 22	0.37	0.34	4.2	4.1	8.5	0.56	-9999.9	3	121	-9999.9	46	-9999.9	3	17.4	6.0	117	3	1019.4	16.5	2.2	8
2025 11 06 23	0.26	0.24	2.8	2.8	3.6	0.41	-9999.9	3	125	-9999.9	59	-9999.9	3	17.6	4.0	237	3	1019.2	16.1	2.8	347
2025 11 07 00	0.23	0.21	3.3	3.2	9.2	0.32	-9999.9	3	156	-9999.9	54	-9999.9	3	17.5	16.0	250	3	1018.7	16.1	1.5	9
2025 11 07 01	0.27	0.24	4.3	4.1	8.4	0.36	-9999.9	3	175	-9999.9	56	-9999.9	3	17.6	48.0	41	3	1018.1	15.3	3.4	337
2025 11 07 02	0.37	0.35	4.8	4.7	7.6	0.57	-9999.9	3	187	-9999.9	44	-9999.9	3	17.4	46.0	53	3	1017.7	15.2	3.2	8
2025 11 07 03	0.43	0.4	4.8	5.0	7.7	0.6	-9999.9	3	179	-9999.9	51	-9999.9	3	17.4	66.0	71	3	1017.2	14.6	3.5	349
2025 11 07 04	0.44	0.41	5.0	4.8	8.3	0.65	-9999.9	3	191	-9999.9	37	-9999.9	3	17.2	-9999.9	-9999.9	3	1017.0	14.2	3.4	348
2025 11 07 05	0.5	0.47	4.7	4.5	6.7	0.74	-9999.9	3	199	-9999.9	43	-9999.9	3	17.1	-9999.9	-9999.9	3	1017.5	13.9	4.1	354
2025 11 07 06	0.43	0.39	4.0	3.9	6.5	0.58	-9999.9	3	190	-9999.9	48	-9999.9	3	17.1	-9999.9	-9999.9	3	1017.8	14.2	3.8	347
2025 11 07 07	0.37	0.34	3.5	3.4	4.6	0.62	-9999.9	3	189	-9999.9	53	-9999.9	3	17.1	-9999.9	-9999.9	3	1018.3	14.3	3.7	351
2025 11 07 08	0.25	0.23	2.9	2.9	6.5	0.36	-9999.9	3	178	-9999.9	62	-9999.9	3	17.1	10.0	290	3	1018.7	14.6	3.8	355
2025 11 07 09	0.28	0.25	3.7	3.8	8.2	0.5	-9999.9	3	96	-9999.9	52	-9999.9	3	17.9	14.0	333	3	1018.9	15.4	3.0	3
2025 11 07 10	0.31	0.29	3.1	3.1	6.1	0.66	-9999.9	3	144	-9999.9	61	-9999.9	3	18.0	14.0	267	3	1018.7	18.0	3.8	226
2025 11 07 11	0.3	0.27	2.7	2.7	2.9	0.53	-9999.9	3	205	-9999.9	59	-9999.9	3	17.1	41.0	242	3	1018.3	18.5	6.1	228
2025 11 07 12	0.35	0.33	2.5	2.6	2.6	0.64	-9999.9	3	200	-9999.9	52	-9999.9	3	17.1	18.0	253	3	1017.4	18.5	7.0	235
2025 11 07 13	0.46	0.42	2.6	2.6	2.6	0.7	-9999.9	3	222	-9999.9	50	-9999.9	3	17.0	-9999.9	-9999.9	3	1016.5	18.7	7.8	242
2025 11 07 14	0.51	0.47	2.5	2.5	2.4	0.7	-9999.9	3	220	-9999.9	49	-9999.9	3	17.2	-9999.9	-9999.9	3	1016.2	18.7	9.2	244
2025 11 07 15	0.58	0.51	3.0	3.0	6.6	0.88	-9999.9	3	173	-9999.9	58	-9999.9	3	17.8	-9999.9	-9999.9	3	1016.2	19.1	9.4	244
2025 11 07 16	0.54	0.49	2.8	2.9	5.9	0.74	-9999.9	3	198	-9999.9	49	-9999.9	3	17.6	20.0	106	3	1016.2	19.2	8.0	253
2025 11 07 17	0.56	0.51	3.1	3.1	4.0	0.85	-9999.9	3	188	-9999.9	45	-9999.9	3	17.5	11.0	138	3	1016.6	20.3	3.5	291
2025 11 07 18	0.5	0.46	3.6	3.5	7.6	0.7	-9999.9	3	151	-9999.9	56	-9999.9	3	17.3	9.0	177	3	1016.6	18.7	2.0	234
2025 11 07 19	0.44	0.41	3.6	3.5	5.6	0.63	-9999.9	3	202	-9999.9	49	-9999.9	3	17.1	18.0	216	3	1017.9	18.8	4.5	290
2025 11 07 20	0.52	0.5	4.4	4.3	6.7	0.92	-9999.9	3	207	-9999.9	50	-9999.9	3	16.9	-9999.9	-9999.9	3	1018.4	18.0	5.1	256
2025 11 07 21	0.42	0.39	3.2	3.1	3.1	0.76	-9999.9	3	203	-9999.9	52	-9999.9	3	16.9	-9999.9	-9999.9	3	1018.5	17.9	4.3	253
2025 11 07 22	0.32	0.29	3.3	3.3	7.7	0.52	-9999.9	3	157	-9999.9	49	-9999.9	3	16.9	25.0	189	3	1018.3	17.5	4.9	229
2025 11 07 23	0.25	0.24	3.0	3.1	4.7	0.55	-9999.9	3	130	-9999.9	47	-9999.9	3	17.1	18.0	121	3	1017.8	17.9	6.8	247
2025 11 08 00	0.24	0.23	2.6	2.6	3.0	0.43	-9999.9	3	136	-9999.9	64	-9999.9	3	17.4	-9999.9	-9999.9	3	1017.6	18.3	6.9	252
2025 11 08 01	0.4	0.38	2.2	2.3	2.2	0.69	-9999.9	3	197	-9999.9	55	-9999.9	3	17.3	17.0	100	3	1017.0	18.5	6.0	224
2025 11 08 02	0.42	0.39	2.3	2.3	2.1	0.71	-9999.9	3	216	-9999.9	58	-9999.9	3	17.4	-9999.9	-9999.9	3	1017.0	18.9	1.9	142
2025 11 08 03	0.57	0.53	2.3	2.4	2.4	0.94	-9999.9	3	201	-9999.9	51	-9999.9	3	17.3	-9999.9	-9999.9	3	1016.4	18.0	9.6	248
2025 11 08 04	0.56	0.53	2.7	2.7	2.7	1.19	-9999.9	3	196	-9999.9	50	-9999.9	3	17.3	-9999.9	-9999.9	3	1016.2	16.9	10.5	253
2025 11 08 05	0.62	0.59	2.8	2.8	3.0	1.02	-9999.9	3	197	-9999.9	41	-9999.9	3	17.3	19.0	114	3	1016.6	17.4	7.5	283
2025 11 08 06	0.55	0.52	3.1	3.2	3.4	0.8	-9999.9	3	209	-9999.9	41	-9999.9	3	17.0	38.0	179	3	1016.4	19.2	9.6	301
2025 11 08 07	0.46	0.42	3.4	3.4	3.3	0.81	-9999.9	3	196	-9999.9	55	-9999.9	3	17.4	-9999.9	-9999.9	3	1017.1	17.8	7.9	316
2025 11 08 08	0.43	0.41	2.8	2.7	3.1	0.75	-9999.9	3	204	-9999.9	59	-9999.9	3	17.3	13.0	235	3	1018.5	18.5	3.7	303
2025 11 08 09	0.42	0.39	2.4	2.3	2.1	0.68	-9999.9	3	182	-9999.9	68	-9999.9	3	17.2	12.0	282	3	1019.2	19.3	5.7	310
2025 11 08 10	0.35	0.33	2.4	2.3	5.3	0.83	-9999.9	3	214	-9999.9	65	-9999.9	3	17.1	22.0	225	3	1019.1	19.1	8.9	317
2025 11 08 11	0.35	0.32	2.3	2.4	2.4	0.68	-9999.9	3	40	-9999.9	64	-9999.9	3	17.1	30.0	232	3	1019.3	19.3	7.8	321
2025 11 08 12	0.31	0.28	2.4	2.5	2.2	0.46	-9999.9	3	110	-9999.9	64	-9999.9	3	17.2	29.0	238	3	1019.0	20.1	5.1	303
2025 11 08 13	0.38	0.36	2.5	2.5	2.7	0.66	-9999.9	3	196	-9999.9	69	-9999.9	3	17.0	19.0	261	3	1018.5	20.6	6.5	275
2025 11 08 14	0.48	0.45	2.4	2.5	2.5	0.89	-9999.9	3	226	-9999.9	56	-9999.9	3	16.9	27.0	321	3	1018.5	20.8	6.4	276
2025 11 08 15	0.63	0.58	2.6	2.6	2.8	1.01	-9999.9	3	221	-9999.9	52	-9999.9	3	17.6	33.0	50	3	1018.2	18.7	8.7	249
2025 11 08 16	0.57	0.52	2.9	3.0	3.1	0.79	-9999.9	3	189	-9999.9	65	-9999.9	3	17.8	-9999.9	-9999.9	3	1018.5	19.4	5.5	247
2025 11 08 17	0.51	0.48	2.7	2.7	2.6	0.8	-9999.9	3	190	-9999.9	59	-9999.9	3	17.4	16.0	110	3	1018.8	19.6	5.2	293
2025 11 08 18	0.49	0.44	3.1	3.2	7.1	0.73	-9999.9	3	192	-9999.9	58	-9999.9	3	17.5	17.0	100	3	1019.3	19.0	3.4	270
2025 11 08 19	0.44	0.39	3.4	3.4	8.0	0.71	-9999.9	3	180	-9999.9	55	-9999.9	3	17.3	-9999.9	-9999.9	3	1019.4	18.9	5.0	303
2025 11 08 20	0.34	0.32	3.4	3.4	5.2	0.67	-9999.9	3	156	-9999.9	64	-9999.9	3	16.9	19.0	203	3	1019.8	19.1	4.1	308
2025 11 08 21	0.36	0.34	3.5	3.5	4.9	0.68	-9999.9	3	190	-9999.9	53	-9999.9	3	16.6	-9999.9	-9999.9	3	1020.3	19.1	3.6	313
2025 11 08 22	0.45	0.43	3.6	3.6	4.9	0.82	-9999.9	3	193	-9999.9	54	-9999.9	3	16.7	-9999.9	-9999.9	3	1020.4	17.3	3.3	232
2025 11 08 23	0.32	0.3	3.0	3.0	5.3	0.52	-9999.9	3	165	-9999.9	60	-9999.9	3	16.9	-9999.9	-9999.9	3	1020.1	16.8	1.6	13
2025 11 09 00	0.25	0.23	2.8	2.9	3.2	0.37	-9999.9	3	176	-9999.9	57	-9999.9	3	16.9	24.0	231	3	1019.9	16.3	0.9	349
2025 11 09 01	0.2	0.19	2.7	2.7	3.6	0.33	-9999.9	3	134	-9999.9	65	-9999.9	3	16.9	13.0	224	3	1019.5	15.8	1.3	313
2025 11 09 02	0.24	0.23	3.3	3.3	4.7	0.4	-9999.9	3	98	-9999.9	58	-9999.9	3	17.6	-9999.9	-9999.9	3	1019.3	15.3	2.1	1
2025 11 09 03	0.23	0.21	3.4	3.4	6.3	0.35	-9999.9	3	134	-9999.9	57	-9999.9	3	17.5	-9999.9	-9999.9	3	1019.0	14.6	3.4	10
2025 11 09 04	0.27	0.25	3.3	3.3	4.9	0.48	-9999.9	3	178	-9999.9	57	-9999.9	3	16.9	-9999.9	-9999.9	3	1018.9	15.2	3.3	1
2025 11 09 05	0.29	0.26	3.6	3.4	5.8	0.5	-9999.9	3	181	-9999.9	56	-9999.9	3	16.5	-9999.9	-9999.9	3	1018.9	13.6	4.0	358
2025 11 09 06	0.31	0.29	3.6	3.6	5.7	0.47	-9999.9	3	149	-9999.9	57	-9999.9	3	17.0	-9999.9	-9999.9	3	1019.2	14.2	4.9	345
2025 11 09 07	0.28	0.27	3.6	3.5	6.3	0.58	-9999.9	3	184	-9999.9	55	-9999.9	3	16.9	-9999.9	-9999.9	3	1019.5	13.7	5.0	355
2025 11 09 08	0.33	0.31	3.5	3.5	5.1	0.55	-9999.9	3	179	-9999.9	54	-9999.9	3	16.8	-9999.9	-9999.9	3	1020.1	15.7	4.1	356
2025 11 09 09	0.26	0.24	3.0	2.9	4.6	0.39	-9999.9	3	163	-9999.9	64	-9999.9	3	16.8	10.0	219	3	1020.6	17.3	4.2	343
2025 11 09 10	0.27	0.25	3.2	3.2	7.0	0.49	-9999.9	3	50	-9999.9	54	-9999.9	3	17.0	21.0	328	3	1020.8	17.6	3.5	346
2025 11 09 11	0.22	0.21	3.2	3.1	5.9	0.39	-9999.9	3	73	-9999.9	53	-9999.9	3	17.3	19.0	35	3	1020.7	18.1	4.2	46
2025 11 09 12	0.26	0.24	2.8	2.7	3.5	0.4	-9999.9	3	66	-9999.9	47	-9999.9	3	17.9	27.0	70	3	1019.8	18.1	5.3	48
2025 11 09 13	0.34	0.32	3.1	3.1	6.0	0.51	-9999.9	3	76	-9999.9	52	-9999.9	3	18.0	8.0	54	3	1019.0	18.0	5.2	54
2025 11 09 14	0.29	0.27	3.2	3.1	4.1	0.41	-9999.9	3	89	-9999.9	46	-9999.9	3	17.7	22.0	61	3	1018.6	18.1	4.8	52
2025 11 09 15	0.34	0.32	3.7	3.6	4.4	0.48	-9999.9	3	82	-9999.9	45	-9999.9	3	17.7	41.0	44	3	1018.3	18.1	4.9	28
2025 11 09 16	0.48	0.45	4.0	4.0	4.5	0.72	-9999.9	3	99	-9999.9	46	-9999.9	3	17.5	27.0	74	3	1018.2	18.1	3.2	23
2025 11 09 17	0.58	0.55	4.0	4.1	5.2	0.95	-9999.9	3	103	-9999.9	43	-9999.9	3	17.6	22.0	96	3	1018.4	17.6	4.2	2
2025 11 09 18	0.59	0.58	4.1	4.0	5.1	0.92	-9999.9	3	103	-9999.9	49	-9999.9	3	17.5	-9999.9	-9999.9	3	1018.6	17.4	4.4	4
2025 11 09 19	0.53	0.5	4.2	3.9	5.7	0.77	-9999.9	3	90	-9999.9	46	-9999.9	3	17.4	7.0	315	3	1018.9	17.1	4.2	353
2025 11 09 20	0.45	0.43	4.1	4.0	5.3	0.68	-9999.9	3	102	-9999.9	51	-9999.9	3	17.1	7.0	304	3	1018.9	17.2	3.7	341
2025 11 09 21	0.47	0.43	3.9	3.8	5.0	0.76	-9999.9	3	120	-9999.9	52	-9999.9	3	16.8	17.0	227	3	1019.2	17.0	4.0	336
2025 11 09 22	0.5	0.47	4.0	3.9	5.0	0.7	-9999.9	3	119	-9999.9	48	-9999.9	3	16.6	-9999.9	-9999.9	3	1019.0	16.7	4.3	336
2025 11 09 23	0.48	0.46	4.0	3.9	4.7	0.72	-9999.9	3	128	-9999.9	51	-9999.9	3	16.7	-9999.9	-9999.9	3	1018.9	16.6	4.5	337
2025 11 10 00	0.4	0.38	3.7	3.7	5.9	0.71	-9999.9	3	123	-9999.9	52	-9999.9	3	16.8	20.0	262	3	1018.9	16.5	4.5	341
2025 11 10 01	0.35	0.33	3.9	3.9	6.1	0.62	-9999.9	3	96	-9999.9	49	-9999.9	3	17.5	17.0	9	3	1018.6	16.6	3.9	342
2025 11 10 02	0.33	0.31	3.6	3.6	4.7	0.52	-9999.9	3	93	-9999.9	45	-9999.9	3	18.7	33.0	70	3	1018.5	15.0	4.5	351
2025 11 10 03	0.3	0.29	4.0	4.0	5.1	0.62	-9999.9	3	95	-9999.9	41	-9999.9	3	18.5	53.0	81	3	1018.2	14.8	4.6	353
2025 11 10 04	0.31	0.29	4.0	4.0	6.2	0.49	-9999.9	3	91	-9999.9	51	-9999.9	3	18.2	62.0	73	3	1018.4	14.4	4.6	351
2025 11 10 05	0.3	0.28	3.8	3.8	5.1	0.52	-9999.9	3	100	-9999.9	57	-9999.9	3	18.1	62.0	74	3	1018.7	14.1	4.0	359
2025 11 10 06	0.34	0.31	3.8	3.7	6.5	0.58	-9999.9	3	134	-9999.9	57	-9999.9	3	17.7	-9999.9	-9999.9	3	1018.9	13.8	3.7	356
2025 11 10 07	0.33	0.31	4.0	4.1	6.7	0.45	-9999.9	3	129	-9999.9	53	-9999.9	3	17.6	-9999.9	-9999.9	3	1019.4	13.8	3.0	358
2025 11 10 08	0.29	0.26	3.8	3.8	6.8	0.51	-9999.9	3	160	-9999.9	55	-9999.9	3	16.7	-9999.9	-9999.9	3	1019.7	14.8	1.9	357
2025 11 10 09	0.36	0.32	3.1	3.1	7.8	0.63	-9999.9	3	170	-9999.9	57	-9999.9	3	16.7	-9999.9	-9999.9	3	1019.7	17.3	5.7	228
2025 11 10 10	0.4	0.36	2.4	2.5	2.3	0.71	-9999.9	3	201	-9999.9	54	-9999.9	3	16.9	9.0	182	3	1019.7	17.6	6.2	241
2025 11 10 11	0.36	0.32	2.3	2.5	3.2	0.55	-9999.9	3	113	-9999.9	63	-9999.9	3	17.4	-9999.9	-9999.9	3	1019.5	17.8	7.8	240
2025 11 10 12	0.4	0.36	2.3	2.4	2.2	0.66	-9999.9	3	113	-9999.9	64	-9999.9	3	18.3	-9999.9	-9999.9	3	1018.7	18.3	9.0	236
2025 11 10 13	0.49	0.46	2.3	2.3	2.2	0.72	-9999.9	3	210	-9999.9	51	-9999.9	3	18.3	-9999.9	-9999.9	3	1017.7	18.5	9.1	237
2025 11 10 14	0.46	0.43	2.2	2.3	2.2	0.66	-9999.9	3	203	-9999.9	51	-9999.9	3	18.1	-9999.9	-9999.9	3	1017.4	18.9	8.4	240
2025 11 10 15	0.49	0.44	2.3	2.4	2.4	0.69	-9999.9	3	203	-9999.9	53	-9999.9	3	18.0	-9999.9	-9999.9	3	1017.3	18.9	8.7	244
2025 11 10 16	0.51	0.47	2.6	2.5	2.4	0.73	-9999.9	3	202	-9999.9	51	-9999.9	3	18.1	-9999.9	-9999.9	3	1017.3	18.9	7.8	241
2025 11 10 17	0.47	0.43	2.7	2.7	4.2	0.69	-9999.9	3	187	-9999.9	56	-9999.9	3	18.0	-9999.9	-9999.9	3	1017.1	18.5	7.1	243
2025 11 10 18	0.4	0.36	2.9	2.9	7.6	0.6	-9999.9	3	174	-9999.9	59	-9999.9	3	17.9	15.0	127	3	1017.5	17.8	5.4	244
2025 11 10 19	0.42	0.38	3.0	2.9	7.2	0.61	-9999.9	3	162	-9999.9	58	-9999.9	3	18.0	13.0	126	3	1017.7	17.6	2.8	256
2025 11 10 20	0.41	0.36	3.1	3.1	8.2	0.72	-9999.9	3	160	-9999.9	58	-9999.9	3	17.7	1.0	138	3	1017.8	17.4	3.4	232
2025 11 10 21	0.39	0.35	3.3	3.4	8.0	0.61	-9999.9	3	150	-9999.9	56	-9999.9	3	17.7	9.0	46	3	1017.7	16.3	3.8	245
2025 11 10 22	0.44	0.4	4.0	3.9	8.0	0.74	-9999.9	3	134	-9999.9	53	-9999.9	3	17.7	10.0	141	3	1017.9	17.0	3.5	245
2025 11 10 23	0.39	0.36	3.5	3.4	7.3	0.6	-9999.9	3	162	-9999.9	56	-9999.9	3	17.3	12.0	235	3	1017.7	16.2	2.5	353
2025 11 11 00	0.34	0.31	3.3	3.4	5.9	0.62	-9999.9	3	167	-9999.9	54	-9999.9	3	16.9	16.0	219	3	1017.6	14.7	1.7	24
2025 11 11 01	0.32	0.29	3.0	3.0	7.2	0.46	-9999.9	3	166	-9999.9	59	-9999.9	3	16.9	9.0	296	3	1016.9	14.4	3.2	355
2025 11 11 02	0.2	0.18	3.2	3.1	7.4	0.32	-9999.9	3	99	-9999.9	64	-9999.9	3	17.0	38.0	349	3	1016.7	14.0	3.8	351
2025 11 11 03	0.2	0.18	3.7	3.5	7.9	0.29	-9999.9	3	107	-9999.9	61	-9999.9	3	17.4	39.0	33	3	1016.6	14.3	3.2	3
2025 11 11 04	0.27	0.25	3.7	3.6	8.6	0.4	-9999.9	3	114	-9999.9	51	-9999.9	3	17.5	42.0	77	3	1016.1	13.9	5.0	349
2025 11 11 05	0.29	0.27	4.2	4.2	8.5	0.52	-9999.9	3	120	-9999.9	52	-9999.9	3	17.8	54.0	75	3	1015.9	15.2	5.7	346
2025 11 11 06	0.31	0.28	4.2	4.2	8.2	0.52	-9999.9	3	98	-9999.9	51	-9999.9	3	17.6	-9999.9	-9999.9	3	1016.1	15.6	6.0	347
2025 11 11 07	0.4	0.38	4.6	4.3	6.8	0.77	-9999.9	3	65	-9999.9	47	-9999.9	3	17.3	-9999.9	-9999.9	3	1016.2	15.6	5.7	349
2025 11 11 08	0.33	0.31	4.7	4.8	7.7	0.51	-9999.9	3	96	-9999.9	48	-9999.9	3	17.2	-9999.9	-9999.9	3	1016.8	16.0	5.5	344
2025 11 11 09	0.34	0.32	4.0	4.0	8.0	0.56	-9999.9	3	119	-9999.9	48	-9999.9	3	17.1	13.0	196	3	1016.7	16.4	5.2	348
2025 11 11 10	0.32	0.3	3.7	3.6	6.4	0.52	-9999.9	3	115	-9999.9	56	-9999.9	3	16.7	-9999.9	-9999.9	3	1016.9	16.9	4.2	352
2025 11 11 11	0.28	0.26	3.4	3.7	7.7	0.66	-9999.9	3	65	-9999.9	47	-9999.9	3	17.5	26.0	33	3	1016.6	17.6	4.9	46
2025 11 11 12	0.32	0.3	3.3	3.3	5.4	0.52	-9999.9	3	76	-9999.9	53	-9999.9	3	17.9	45.0	54	3	1015.8	17.7	4.8	58
2025 11 11 13	0.34	0.32	3.5	3.5	4.7	0.52	-9999.9	3	97	-9999.9	49	-9999.9	3	18.1	25.0	92	3	1015.1	17.9	4.7	62
2025 11 11 14	0.39	0.37	3.5	3.4	4.4	0.64	-9999.9	3	90	-9999.9	43	-9999.9	3	18.6	32.0	81	3	1014.6	17.9	4.9	59
2025 11 11 15	0.49	0.47	3.7	3.6	4.6	0.75	-9999.9	3	84	-9999.9	46	-9999.9	3	18.8	39.0	62	3	1014.3	18.1	4.3	47
2025 11 11 16	0.4	0.37	3.5	3.5	4.4	0.62	-9999.9	3	94	-9999.9	42	-9999.9	3	18.8	32.0	65	3	1014.3	18.3	3.9	47
2025 11 11 17	0.36	0.35	3.6	3.5	4.2	0.69	-9999.9	3	93	-9999.9	46	-9999.9	3	18.6	43.0	64	3	1014.2	18.4	4.6	68
2025 11 11 18	0.38	0.35	3.1	3.1	3.9	0.54	-9999.9	3	100	-9999.9	48	-9999.9	3	18.3	13.0	68	3	1014.2	18.4	5.6	81
2025 11 11 19	0.43	0.4	3.0	3.1	4.7	0.69	-9999.9	3	123	-9999.9	42	-9999.9	3	18.2	10.0	131	3	1014.3	18.2	5.6	75
2025 11 11 20	0.38	0.35	2.9	2.9	3.8	0.66	-9999.9	3	106	-9999.9	46	-9999.9	3	18.1	7.0	103	3	1014.2	18.0	5.4	71
2025 11 11 21	0.4	0.37	3.0	3.0	4.8	0.66	-9999.9	3	99	-9999.9	44	-9999.9	3	18.0	11.0	93	3	1014.1	17.7	5.1	55
2025 11 11 22	0.51	0.47	3.4	3.4	7.6	0.78	-9999.9	3	105	-9999.9	41	-9999.9	3	18.0	13.0	116	3	1014.2	17.5	5.3	55
2025 11 11 23	0.41	0.38	2.6	2.5	2.9	0.63	-9999.9	3	91	-9999.9	49	-9999.9	3	17.8	15.0	114	3	1014.0	17.5	6.2	46
2025 11 12 00	0.43	0.4	2.5	2.5	3.2	0.75	-9999.9	3	75	-9999.9	51	-9999.9	3	17.5	11.0	266	3	1013.6	17.3	6.4	49
2025 11 12 01	0.5	0.47	2.6	2.6	3.6	0.76	-9999.9	3	84	-9999.9	45	-9999.9	3	17.4	16.0	297	3	1013.2	17.2	6.2	52
2025 11 12 02	0.48	0.45	2.6	2.6	3.8	0.84	-9999.9	3	89	-9999.9	48	-9999.9	3	17.3	18.0	330	3	1013.0	17.3	6.0	54
2025 11 12 03	0.48	0.46	2.7	2.7	3.5	0.87	-9999.9	3	95	-9999.9	47	-9999.9	3	17.1	14.0	332	3	1012.8	17.4	5.2	54
2025 11 12 04	0.46	0.44	2.8	2.9	4.1	0.85	-9999.9	3	96	-9999.9	48	-9999.9	3	17.2	10.0	33	3	1013.2	17.2	4.6	47
2025 11 12 05	0.35	0.34	3.4	3.4	4.4	0.57	-9999.9	3	75	-9999.9	44	-9999.9	3	19.0	58.0	34	3	1013.4	17.4	4.1	46
2025 11 12 06	0.39	0.37	3.4	3.4	4.4	0.63	-9999.9	3	86	-9999.9	41	-9999.9	3	18.4	34.0	44	3	1013.5	17.6	3.9	45
2025 11 12 07	0.42	0.4	3.7	3.6	4.5	0.64	-9999.9	3	86	-9999.9	43	-9999.9	3	18.8	32.0	68	3	1013.4	17.8	3.7	28
2025 11 12 08	0.42	0.39	3.3	3.3	4.5	0.66	-9999.9	3	90	-9999.9	44	-9999.9	3	18.3	-9999.9	-9999.9	3	1013.8	17.2	4.8	346
2025 11 12 09	0.41	0.39	3.5	3.4	4.6	0.67	-9999.9	3	81	-9999.9	47	-9999.9	3	18.2	25.0	28	3	1014.2	17.7	3.7	1
2025 11 12 10	0.45	0.43	3.4	3.4	4.4	0.73	-9999.9	3	68	-9999.9	49	-9999.9	3	17.7	33.0	55	3	1014.2	18.1	4.6	42
2025 11 12 11	0.46	0.44	3.2	3.1	4.6	0.84	-9999.9	3	98	-9999.9	53	-9999.9	3	17.9	-9999.9	-9999.9	3	1013.9	18.4	5.1	48
2025 11 12 12	0.46	0.44	3.6	3.7	4.6	0.92	-9999.9	3	77	-9999.9	49	-9999.9	3	18.4	32.0	63	3	1013.2	18.7	4.8	44
2025 11 12 13	0.47	0.46	4.0	3.8	4.5	0.67	-9999.9	3	70	-9999.9	48	-9999.9	3	18.2	43.0	50	3	1012.6	18.8	5.1	52
2025 11 12 14	0.47	0.45	3.7	3.6	4.9	0.75	-9999.9	3	84	-9999.9	43	-9999.9	3	18.2	20.0	84	3	1012.4	19.0	4.7	55
2025 11 12 15	0.49	0.47	4.0	4.0	5.3	0.7	-9999.9	3	88	-9999.9	40	-9999.9	3	18.1	22.0	67	3	1012.5	18.8	4.1	51
2025 11 12 16	0.67	0.65	4.6	4.6	5.7	0.93	-9999.9	3	94	-9999.9	36	-9999.9	3	18.5	31.0	59	3	1012.4	18.8	3.7	51
2025 11 12 17	0.56	0.55	4.5	4.4	5.9	0.96	-9999.9	3	87	-9999.9	41	-9999.9	3	18.4	9.0	53	3	1012.9	18.8	2.7	96
2025 11 12 18	0.62	0.61	4.8	4.7	5.9	1.04	-9999.9	3	87	-9999.9	41	-9999.9	3	18.7	33.0	67	3	1013.1	18.3	2.6	67
2025 11 12 19	0.59	0.56	4.4	4.4	6.0	0.87	-9999.9	3	105	-9999.9	49	-9999.9	3	18.5	17.0	74	3	1013.4	18.4	3.0	45
2025 11 12 20	0.57	0.55	4.4	4.4	6.0	1.0	-9999.9	3	103	-9999.9	49	-9999.9	3	18.3	8.0	82	3	1013.1	18.5	3.8	52
2025 11 12 21	0.63	0.61	4.3	4.2	5.9	1.05	-9999.9	3	124	-9999.9	47	-9999.9	3	18.2	12.0	127	3	1013.3	18.4	3.5	60
2025 11 12 22	0.66	0.64	4.8	4.6	5.9	1.18	-9999.9	3	129	-9999.9	46	-9999.9	3	18.6	14.0	96	3	1013.6	18.5	3.3	47
2025 11 12 23	0.73	0.69	4.8	4.8	6.2	1.29	-9999.9	3	120	-9999.9	49	-9999.9	3	18.5	11.0	76	3	1013.5	18.4	2.8	32
2025 11 13 00	0.76	0.72	4.7	4.6	6.0	1.11	-9999.9	3	142	-9999.9	46	-9999.9	3	19.0	12.0	97	3	1013.0	18.0	3.0	351
2025 11 13 01	0.67	0.63	4.5	4.6	6.4	1.05	-9999.9	3	128	-9999.9	49	-9999.9	3	18.3	17.0	256	3	1012.0	17.8	3.0	11
2025 11 13 02	0.68	0.65	4.7	4.6	6.1	1.05	-9999.9	3	126	-9999.9	46	-9999.9	3	17.7	19.0	282	3	1011.7	18.1	3.5	348
2025 11 13 03	0.69	0.65	4.6	4.4	6.0	1.11	-9999.9	3	118	-9999.9	49	-9999.9	3	17.4	18.0	296	3	1011.2	17.6	4.3	344
2025 11 13 04	0.61	0.57	4.0	4.0	5.8	0.85	-9999.9	3	113	-9999.9	46	-9999.9	3	17.4	6.0	286	3	1011.5	18.4	4.0	338
2025 11 13 05	0.52	0.5	4.2	4.1	5.7	0.82	-9999.9	3	103	-9999.9	41	-9999.9	3	17.4	-9999.9	-9999.9	3	1011.2	18.4	4.3	341
2025 11 13 06	0.52	0.49	4.3	4.2	6.0	0.76	-9999.9	3	97	-9999.9	44	-9999.9	3	17.7	-9999.9	-9999.9	3	1010.9	18.3	3.4	344
2025 11 13 07	0.59	0.56	4.9	4.6	6.1	0.88	-9999.9	3	110	-9999.9	51	-9999.9	3	17.9	-9999.9	-9999.9	3	1010.9	18.6	3.1	357
2025 11 13 08	0.62	0.6	4.9	4.9	6.0	1.16	-9999.9	3	117	-9999.9	44	-9999.9	3	18.0	-9999.9	-9999.9	3	1011.5	18.3	2.7	358
2025 11 13 09	0.6	0.56	5.2	5.2	8.0	0.91	-9999.9	3	131	-9999.9	44	-9999.9	3	18.1	-9999.9	-9999.9	3	1012.7	18.1	2.2	18
2025 11 13 10	0.64	0.61	4.9	5.0	6.8	1.1	-9999.9	3	138	-9999.9	51	-9999.9	3	18.1	-9999.9	-9999.9	3	1011.9	17.7	3.4	39
2025 11 13 11	0.72	0.68	5.0	5.0	5.9	1.16	-9999.9	3	125	-9999.9	52	-9999.9	3	18.2	-9999.9	-9999.9	3	1012.8	18.5	2.1	298
2025 11 13 12	0.66	0.61	4.4	4.4	6.0	1.17	-9999.9	3	162	-9999.9	52	-9999.9	3	17.8	7.0	36	3	1010.7	18.1	2.6	47
2025 11 13 13	0.58	0.55	4.4	4.3	5.6	0.88	-9999.9	3	149	-9999.9	58	-9999.9	3	17.1	-9999.9	-9999.9	3	1009.6	18.3	1.9	0
2025 11 13 14	0.5	0.48	4.5	4.5	5.8	0.72	-9999.9	3	97	-9999.9	53	-9999.9	3	18.2	-9999.9	-9999.9	3	1009.6	18.3	1.0	198
2025 11 13 15	0.65	0.63	4.9	4.8	6.6	1.03	-9999.9	3	94	-9999.9	49	-9999.9	3	18.3	-9999.9	-9999.9	3	1009.6	18.4	1.1	137
2025 11 13 16	0.71	0.68	4.9	4.7	6.1	1.2	-9999.9	3	91	-9999.9	44	-9999.9	3	18.5	-9999.9	-9999.9	3	1009.5	18.8	4.0	171
2025 11 13 17	0.66	0.63	5.0	4.9	6.5	1.0	-9999.9	3	105	-9999.9	44	-9999.9	3	18.5	20.0	67	3	1009.5	18.8	4.3	159
2025 11 13 18	0.77	0.74	4.4	4.5	6.4	1.33	-9999.9	3	123	-9999.9	42	-9999.9	3	18.7	-9999.9	-9999.9	3	1009.8	19.2	8.8	210
2025 11 13 19	0.98	0.9	3.2	3.2	5.8	1.71	-9999.9	3	169	-9999.9	44	-9999.9	3	18.5	45.0	49	3	1009.1	19.3	13.9	216
2025 11 13 20	1.29	1.23	3.9	3.7	4.9	1.74	-9999.9	3	184	-9999.9	40	-9999.9	3	18.3	39.0	53	3	1009.5	18.4	12.2	221
2025 11 13 21	1.29	1.22	4.0	3.9	5.7	1.95	-9999.9	3	190	-9999.9	43	-9999.9	3	18.1	18.0	72	3	1009.4	18.2	10.9	220
2025 11 13 22	1.2	1.16	3.8	3.7	5.0	2.07	-9999.9	3	194	-9999.9	45	-9999.9	3	18.2	32.0	71	3	1009.8	18.1	11.4	229
2025 11 13 23	1.31	1.22	3.9	3.9	6.3	2.0	-9999.9	3	193	-9999.9	43	-9999.9	3	18.3	28.0	58	3	1009.8	17.6	12.3	217
2025 11 14 00	1.29	1.2	3.9	3.9	5.6	2.19	-9999.9	3	199	-9999.9	45	-9999.9	3	18.2	26.0	54	3	1009.4	17.6	9.7	197
2025 11 14 01	1.19	1.11	4.0	4.1	6.3	1.98	-9999.9	3	191	-9999.9	45	-9999.9	3	18.1	18.0	78	3	1009.3	17.3	7.7	215
2025 11 14 02	1.18	1.12	4.2	4.1	6.1	1.75	-9999.9	3	190	-9999.9	46	-9999.9	3	17.9	7.0	153	3	1008.8	17.3	6.7	225
2025 11 14 03	0.81	0.74	3.2	3.3	4.3	1.27	-9999.9	3	180	-9999.9	46	-9999.9	3	17.6	4.0	102	3	1009.3	17.8	7.2	225
2025 11 14 04	0.66	0.6	3.0	3.0	4.7	0.92	-9999.9	3	173	-9999.9	60	-9999.9	3	18.0	-9999.9	-9999.9	3	1009.4	17.8	8.0	215
2025 11 14 05	0.72	0.65	3.5	3.5	7.7	1.15	-9999.9	3	193	-9999.9	53	-9999.9	3	18.3	-9999.9	-9999.9	3	1009.6	17.9	8.6	219
2025 11 14 06	1.09	1.03	3.5	3.5	3.9	1.78	-9999.9	3	202	-9999.9	39	-9999.9	3	18.2	30.0	80	3	1009.6	18.0	11.5	230
2025 11 14 07	0.89	0.82	3.4	3.3	3.8	1.32	-9999.9	3	199	-9999.9	41	-9999.9	3	18.0	38.0	66	3	1010.3	17.3	11.6	218
2025 11 14 08	0.98	0.9	3.3	3.4	3.7	1.51	-9999.9	3	205	-9999.9	40	-9999.9	3	18.0	33.0	65	3	1011.4	17.3	10.7	226
2025 11 14 09	0.96	0.89	3.4	3.4	4.0	1.4	-9999.9	3	200	-9999.9	41	-9999.9	3	17.7	37.0	77	3	1012.2	17.9	10.1	221
2025 11 14 10	1.05	0.97	3.4	3.3	3.4	1.5	-9999.9	3	207	-9999.9	39	-9999.9	3	17.3	41.0	92	3	1011.6	18.9	10.2	206
2025 11 14 11	1.1	1.02	3.6	3.6	4.3	1.58	-9999.9	3	204	-9999.9	43	-9999.9	3	17.6	45.0	80	3	1011.6	19.1	10.7	226
2025 11 14 12	0.98	0.93	3.3	3.4	3.7	1.67	-9999.9	3	201	-9999.9	36	-9999.9	3	17.4	14.0	54	3	1010.9	19.4	11.0	225
2025 11 14 13	0.89	0.81	3.1	3.2	4.5	1.41	-9999.9	3	193	-9999.9	42	-9999.9	3	17.4	22.0	42	3	1010.5	19.9	10.2	224
2025 11 14 14	0.8	0.74	3.0	3.0	3.3	1.52	-9999.9	3	190	-9999.9	52	-9999.9	3	17.8	-9999.9	-9999.9	3	1009.8	20.3	11.4	229
2025 11 14 15	0.93	0.86	3.1	3.1	3.3	1.6	-9999.9	3	205	-9999.9	48	-9999.9	3	18.1	42.0	50	3	1010.0	20.3	11.5	231
2025 11 14 16	1.15	1.07	3.3	3.3	3.5	1.88	-9999.9	3	211	-9999.9	41	-9999.9	3	18.6	53.0	59	3	1010.7	19.5	12.2	239
2025 11 14 17	1.13	1.07	3.3	3.4	4.1	1.94	-9999.9	3	205	-9999.9	38	-9999.9	3	18.8	40.0	64	3	1011.5	18.3	11.7	236
2025 11 14 18	1.06	0.98	3.2	3.2	3.4	1.58	-9999.9	3	203	-9999.9	40	-9999.9	3	18.8	31.0	55	3	1011.0	19.3	14.1	230
2025 11 14 19	1.1	1.02	3.2	3.3	3.7	1.59	-9999.9	3	209	-9999.9	39	-9999.9	3	18.7	41.0	53	3	1012.2	18.1	13.3	237
2025 11 14 20	0.87	0.79	3.3	3.3	8.5	1.25	-9999.9	3	212	-9999.9	44	-9999.9	3	18.8	-9999.9	-9999.9	3	1013.6	17.1	9.9	261
2025 11 14 21	1.02	0.94	3.4	3.4	4.0	1.49	-9999.9	3	206	-9999.9	40	-9999.9	3	18.6	38.0	67	3	1013.4	17.4	11.5	219
2025 11 14 22	0.83	0.75	3.4	3.4	8.9	1.31	-9999.9	3	216	-9999.9	40	-9999.9	3	18.4	28.0	88	3	1014.5	17.5	6.0	241
2025 11 14 23	0.73	0.66	3.4	3.4	8.6	1.06	-9999.9	3	200	-9999.9	48	-9999.9	3	18.8	-9999.9	-9999.9	3	1014.2	18.5	8.6	217
2025 11 15 00	0.93	0.85	3.4	3.4	7.2	1.3	-9999.9	3	203	-9999.9	38	-9999.9	3	18.6	29.0	59	3	1014.5	18.4	9.0	229
2025 11 15 01	0.94	0.87	3.6	3.5	5.7	1.35	-9999.9	3	210	-9999.9	39	-9999.9	3	18.3	15.0	108	3	1013.9	18.6	6.9	204
2025 11 15 02	1.08	1.0	3.5	3.5	3.6	1.85	-9999.9	3	207	-9999.9	32	-9999.9	3	17.7	8.0	50	3	1013.1	17.9	11.3	209
2025 11 15 03	0.79	0.74	3.1	3.0	3.4	1.12	-9999.9	3	197	-9999.9	43	-9999.9	3	17.7	8.0	42	3	1013.5	18.8	9.6	222
2025 11 15 04	0.74	0.68	2.8	2.9	3.1	1.07	-9999.9	3	189	-9999.9	53	-9999.9	3	18.6	-9999.9	-9999.9	3	1012.9	18.9	12.4	218
2025 11 15 05	0.87	0.82	3.0	2.9	3.2	1.31	-9999.9	3	197	-9999.9	40	-9999.9	3	18.4	23.0	66	3	1013.1	19.3	9.0	213
2025 11 15 06	0.74	0.69	2.9	2.9	3.1	1.42	-9999.9	3	193	-9999.9	44	-9999.9	3	18.4	33.0	78	3	1013.1	19.2	10.1	216
2025 11 15 07	0.86	0.81	3.0	3.0	3.6	1.29	-9999.9	3	196	-9999.9	39	-9999.9	3	18.4	28.0	81	3	1013.7	19.4	9.8	216
2025 11 15 08	0.89	0.83	3.0	3.0	3.5	1.34	-9999.9	3	201	-9999.9	39	-9999.9	3	18.4	32.0	52	3	1014.2	18.8	8.8	205
2025 11 15 09	0.68	0.62	3.0	2.9	7.1	0.98	-9999.9	3	183	-9999.9	50	-9999.9	3	18.7	-9999.9	-9999.9	3	1014.2	19.7	7.3	224
2025 11 15 10	0.72	0.65	2.8	2.9	3.7	1.14	-9999.9	3	182	-9999.9	51	-9999.9	3	18.7	-9999.9	-9999.9	3	1014.1	19.9	10.9	227
2025 11 15 11	0.9	0.83	3.2	3.2	3.9	1.34	-9999.9	3	194	-9999.9	50	-9999.9	3	18.8	-9999.9	-9999.9	3	1014.0	20.3	10.8	227
2025 11 15 12	1.06	0.99	3.3	3.3	4.1	1.64	-9999.9	3	208	-9999.9	39	-9999.9	3	18.2	41.0	61	3	1013.7	20.3	11.0	226
2025 11 15 13	0.97	0.9	3.5	3.5	4.5	1.62	-9999.9	3	199	-9999.9	43	-9999.9	3	18.5	-9999.9	-9999.9	3	1013.0	20.3	9.8	234
2025 11 15 14	0.95	0.88	3.2	3.3	3.6	1.33	-9999.9	3	195	-9999.9	39	-9999.9	3	18.5	27.0	62	3	1012.1	20.6	10.4	227
2025 11 15 15	0.75	0.68	2.8	2.9	3.5	1.16	-9999.9	3	185	-9999.9	50	-9999.9	3	18.5	37.0	40	3	1012.4	20.7	11.0	234
2025 11 15 16	0.94	0.87	2.9	3.0	3.2	1.32	-9999.9	3	197	-9999.9	43	-9999.9	3	18.4	36.0	47	3	1011.7	20.7	12.2	224
2025 11 15 17	0.91	0.85	3.0	3.0	3.3	1.29	-9999.9	3	207	-9999.9	45	-9999.9	3	18.6	36.0	60	3	1011.9	20.3	10.6	227
2025 11 15 18	0.94	0.87	3.0	3.0	3.2	1.73	-9999.9	3	201	-9999.9	40	-9999.9	3	18.7	35.0	60	3	1011.7	20.5	11.3	224
2025 11 15 19	0.94	0.87	3.0	3.0	3.3	1.4	-9999.9	3	198	-9999.9	42	-9999.9	3	18.9	37.0	54	3	1011.6	19.8	11.7	217
2025 11 15 20	0.97	0.9	2.9	3.0	3.4	1.57	-9999.9	3	202	-9999.9	42	-9999.9	3	18.8	54.0	55	3	1011.4	19.1	12.2	223
2025 11 15 21	0.9	0.84	3.1	3.1	3.6	1.36	-9999.9	3	206	-9999.9	47	-9999.9	3	19.0	46.0	57	3	1012.0	19.2	12.2	233
2025 11 15 22	0.78	0.71	3.3	3.3	7.7	1.07	-9999.9	3	196	-9999.9	43	-9999.9	3	18.9	-9999.9	-9999.9	3	1012.9	17.8	8.0	266
2025 11 15 23	0.58	0.53	3.8	3.6	8.5	0.93	-9999.9	3	192	-9999.9	48	-9999.9	3	19.1	-9999.9	-9999.9	3	1012.6	18.3	4.4	300
2025 11 16 00	0.7	0.65	4.3	4.1	8.8	1.08	-9999.9	3	197	-9999.9	42	-9999.9	3	19.1	-9999.9	-9999.9	3	1012.9	18.4	5.7	253
2025 11 16 01	0.76	0.71	3.8	3.5	7.6	1.24	-9999.9	3	203	-9999.9	36	-9999.9	3	19.0	12.0	111	3	1012.3	18.3	6.1	262
2025 11 16 02	0.78	0.71	3.9	3.7	7.4	1.13	-9999.9	3	199	-9999.9	35	-9999.9	3	19.0	4.0	107	3	1012.3	17.6	5.5	273
2025 11 16 03	0.57	0.53	3.0	3.0	3.7	0.81	-9999.9	3	187	-9999.9	44	-9999.9	3	18.1	11.0	245	3	1012.7	17.1	4.6	254
2025 11 16 04	0.38	0.35	3.3	3.2	6.8	0.57	-9999.9	3	162	-9999.9	61	-9999.9	3	18.8	28.0	47	3	1012.6	17.6	2.6	307
2025 11 16 05	0.37	0.33	3.0	2.9	5.0	0.51	-9999.9	3	171	-9999.9	59	-9999.9	3	18.2	-9999.9	-9999.9	3	1012.8	17.5	2.7	310
2025 11 16 06	0.35	0.32	3.0	2.9	4.7	0.49	-9999.9	3	179	-9999.9	59	-9999.9	3	18.3	8.0	122	3	1013.6	17.5	3.5	313
2025 11 16 07	0.36	0.32	3.2	3.4	7.5	0.6	-9999.9	3	135	-9999.9	58	-9999.9	3	19.0	-9999.9	-9999.9	3	1014.0	17.4	3.9	321
2025 11 16 08	0.36	0.33	3.1	3.0	4.6	0.58	-9999.9	3	168	-9999.9	55	-9999.9	3	18.9	21.0	95	3	1014.8	17.7	2.5	323
2025 11 16 09	0.35	0.31	3.5	3.6	8.6	0.6	-9999.9	3	181	-9999.9	56	-9999.9	3	19.0	-9999.9	-9999.9	3	1015.4	17.8	3.5	348
2025 11 16 10	0.47	0.42	3.4	3.5	8.4	0.71	-9999.9	3	192	-9999.9	63	-9999.9	3	19.0	-9999.9	-9999.9	3	1015.4	19.1	6.5	243
2025 11 16 11	0.66	0.61	3.1	3.1	6.5	1.02	-9999.9	3	199	-9999.9	52	-9999.9	3	18.9	-9999.9	-9999.9	3	1015.1	19.9	7.7	259
2025 11 16 12	0.66	0.59	3.0	3.0	4.4	0.98	-9999.9	3	205	-9999.9	45	-9999.9	3	19.0	-9999.9	-9999.9	3	1014.6	20.0	8.3	258
2025 11 16 13	0.69	0.64	3.5	3.4	7.3	1.03	-9999.9	3	205	-9999.9	48	-9999.9	3	19.0	-9999.9	-9999.9	3	1014.1	20.1	7.9	271
2025 11 16 14	0.73	0.67	3.6	3.6	6.8	1.16	-9999.9	3	202	-9999.9	38	-9999.9	3	18.8	12.0	175	3	1013.7	20.1	7.6	263
2025 11 16 15	0.64	0.59	3.2	3.1	4.0	0.92	-9999.9	3	190	-9999.9	43	-9999.9	3	17.9	13.0	189	3	1013.7	19.9	6.6	263
2025 11 16 16	0.4	0.37	3.3	3.2	8.3	0.68	-9999.9	3	132	-9999.9	65	-9999.9	3	18.6	-9999.9	-9999.9	3	1014.1	19.4	6.3	269
2025 11 16 17	0.39	0.37	3.1	3.0	5.9	0.57	-9999.9	3	175	-9999.9	62	-9999.9	3	18.2	-9999.9	-9999.9	3	1014.3	19.0	5.3	278
2025 11 16 18	0.6	0.55	2.6	2.6	2.4	0.88	-9999.9	3	204	-9999.9	51	-9999.9	3	18.1	19.0	95	3	1014.5	18.6	5.6	262
2025 11 16 19	0.48	0.44	2.6	2.7	4.0	0.67	-9999.9	3	182	-9999.9	55	-9999.9	3	18.8	-9999.9	-9999.9	3	1014.6	18.5	5.5	246
2025 11 16 20	0.52	0.48	2.5	2.5	2.3	0.73	-9999.9	3	190	-9999.9	57	-9999.9	3	18.8	-9999.9	-9999.9	3	1014.5	18.3	5.5	256
2025 11 16 21	0.51	0.46	2.5	2.5	2.4	0.81	-9999.9	3	203	-9999.9	54	-9999.9	3	18.7	-9999.9	-9999.9	3	1015.0	17.1	5.6	282
2025 11 16 22	0.51	0.48	3.1	2.8	4.0	0.84	-9999.9	3	175	-9999.9	64	-9999.9	3	18.9	-9999.9	-9999.9	3	1014.8	17.4	5.9	255
2025 11 16 23	0.49	0.44	3.1	3.1	5.7	0.76	-9999.9	3	193	-9999.9	54	-9999.9	3	18.8	-9999.9	-9999.9	3	1014.5	17.3	5.0	287
2025 11 17 00	0.55	0.5	3.3	3.2	6.2	0.85	-9999.9	3	191	-9999.9	51	-9999.9	3	18.9	20.0	116	3	1014.5	17.4	1.9	308
2025 11 17 01	0.43	0.39	3.1	3.1	5.6	0.64	-9999.9	3	196	-9999.9	51	-9999.9	3	18.8	11.0	108	3	1014.2	17.3	3.1	317
2025 11 17 02	0.44	0.42	3.3	3.3	5.1	0.76	-9999.9	3	191	-9999.9	49	-9999.9	3	18.8	3.0	147	3	1014.2	16.8	2.6	323
2025 11 17 03	0.55	0.52	3.8	3.6	5.4	0.92	-9999.9	3	199	-9999.9	46	-9999.9	3	18.6	9.0	187	3	1014.0	16.6	3.5	278
2025 11 17 04	0.52	0.49	3.1	3.1	4.4	0.82	-9999.9	3	174	-9999.9	56	-9999.9	3	17.5	11.0	244	3	1013.5	16.7	3.9	292
2025 11 17 05	0.29	0.27	3.5	3.4	5.4	0.44	-9999.9	3	140	-9999.9	69	-9999.9	3	18.3	-9999.9	-9999.9	3	1013.6	16.7	4.7	290
2025 11 17 06	0.3	0.28	3.3	3.3	4.8	0.49	-9999.9	3	138	-9999.9	63	-9999.9	3	18.2	-9999.9	-9999.9	3	1013.8	17.2	6.1	291
2025 11 17 07	0.34	0.32	3.1	3.0	5.0	0.64	-9999.9	3	180	-9999.9	62	-9999.9	3	18.1	-9999.9	-9999.9	3	1013.8	17.9	6.4	273
2025 11 17 08	0.45	0.43	2.5	2.5	2.7	0.82	-9999.9	3	187	-9999.9	57	-9999.9	3	18.8	-9999.9	-9999.9	3	1013.7	18.2	7.1	265
2025 11 17 09	0.66	0.62	2.6	2.6	2.6	0.97	-9999.9	3	199	-9999.9	48	-9999.9	3	18.4	28.0	67	3	1013.5	17.6	9.6	226
2025 11 17 10	0.75	0.69	2.8	2.8	3.0	1.16	-9999.9	3	193	-9999.9	54	-9999.9	3	18.6	-9999.9	-9999.9	3	1014.0	16.5	8.8	233
2025 11 17 11	0.95	0.9	3.1	3.1	3.4	1.49	-9999.9	3	213	-9999.9	43	-9999.9	3	18.6	59.0	55	3	1012.9	16.8	9.6	235
2025 11 17 12	0.89	0.83	3.3	3.4	4.0	1.27	-9999.9	3	206	-9999.9	45	-9999.9	3	18.7	-9999.9	-9999.9	3	1012.8	18.0	9.0	251
2025 11 17 13	0.82	0.77	3.4	3.4	5.2	1.41	-9999.9	3	201	-9999.9	45	-9999.9	3	18.5	-9999.9	-9999.9	3	1012.0	19.1	6.4	269
2025 11 17 14	0.91	0.86	3.8	3.8	6.2	1.4	-9999.9	3	199	-9999.9	37	-9999.9	3	18.4	7.0	125	3	1011.7	19.0	7.0	265
2025 11 17 15	0.81	0.77	3.8	3.7	6.1	1.18	-9999.9	3	196	-9999.9	53	-9999.9	3	18.1	9.0	143	3	1011.8	18.5	7.4	259
2025 11 17 16	0.77	0.73	3.7	3.6	6.2	1.24	-9999.9	3	190	-9999.9	53	-9999.9	3	17.2	18.0	203	3	1012.0	18.3	7.9	282
2025 11 17 17	0.49	0.46	2.9	2.9	5.1	0.7	-9999.9	3	172	-9999.9	64	-9999.9	3	16.9	4.0	236	3	1013.4	16.9	5.0	286
2025 11 17 18	0.41	0.38	3.6	3.5	6.7	0.77	-9999.9	3	106	-9999.9	62	-9999.9	3	17.8	-9999.9	-9999.9	3	1014.4	16.8	2.6	258
2025 11 17 19	0.43	0.4	3.6	3.5	7.0	0.61	-9999.9	3	200	-9999.9	59	-9999.9	3	17.8	10.0	106	3	1014.7	16.2	2.8	260
2025 11 17 20	0.34	0.31	3.4	3.4	7.6	0.54	-9999.9	3	120	-9999.9	65	-9999.9	3	18.5	-9999.9	-9999.9	3	1014.8	16.0	5.0	286
2025 11 17 21	0.32	0.29	3.8	4.1	7.8	0.65	-9999.9	3	124	-9999.9	58	-9999.9	3	18.3	-9999.9	-9999.9	3	1014.5	16.9	3.7	309
2025 11 17 22	0.29	0.28	4.6	4.5	7.8	0.43	-9999.9	3	99	-9999.9	55	-9999.9	3	18.2	-9999.9	-9999.9	3	1014.7	16.4	4.5	270
2025 11 17 23	0.27	0.26	4.0	4.0	7.0	0.43	-9999.9	3	131	-9999.9	55	-9999.9	3	18.5	-9999.9	-9999.9	3	1014.7	16.5	2.4	291
2025 11 18 00	0.29	0.27	4.4	4.6	7.3	0.48	-9999.9	3	158	-9999.9	53	-9999.9	3	18.8	-9999.9	-9999.9	3	1014.5	16.1	1.5	9
2025 11 18 01	0.35	0.33	4.0	4.0	6.0	0.64	-9999.9	3	162	-9999.9	50	-9999.9	3	18.6	-9999.9	-9999.9	3	1014.4	15.9	1.6	344
2025 11 18 02	0.34	0.31	3.5	3.4	7.6	0.46	-9999.9	3	185	-9999.9	50	-9999.9	3	18.3	16.0	164	3	1014.0	16.4	3.5	259
2025 11 18 03	0.38	0.36	3.9	3.8	6.7	0.63	-9999.9	3	185	-9999.9	50	-9999.9	3	17.9	10.0	181	3	1014.2	16.1	2.2	339
2025 11 18 04	0.44	0.42	3.9	3.8	6.2	0.77	-9999.9	3	192	-9999.9	39	-9999.9	3	17.6	11.0	294	3	1014.4	15.4	0.9	303
2025 11 18 05	0.35	0.33	2.7	2.6	3.1	0.58	-9999.9	3	181	-9999.9	54	-9999.9	3	16.8	9.0	251	3	1014.5	15.2	0.7	301
2025 11 18 06	0.21	0.2	3.2	3.1	6.6	0.36	-9999.9	3	121	-9999.9	68	-9999.9	3	18.0	-9999.9	-9999.9	3	1014.9	15.6	1.6	311
2025 11 18 07	0.22	0.21	3.2	3.3	5.1	0.35	-9999.9	3	131	-9999.9	66	-9999.9	3	17.7	-9999.9	-9999.9	3	1015.5	16.4	1.9	317
2025 11 18 08	0.24	0.23	2.9	2.9	4.5	0.36	-9999.9	3	81	-9999.9	60	-9999.9	3	18.8	-9999.9	-9999.9	3	1016.2	16.5	2.2	281
2025 11 18 09	0.38	0.34	2.5	2.4	2.1	0.64	-9999.9	3	111	-9999.9	60	-9999.9	3	18.8	-9999.9	-9999.9	3	1016.7	16.6	4.1	283
2025 11 18 10	0.32	0.3	2.4	2.4	2.5	0.49	-9999.9	3	116	-9999.9	65	-9999.9	3	18.6	18.0	121	3	1016.8	16.6	3.5	278
2025 11 18 11	0.33	0.3	2.6	2.6	4.8	0.53	-9999.9	3	118	-9999.9	65	-9999.9	3	-9999.9	-9999.9	-9999.9	3	-9999.9	-9999.9	-9999.9	-9999.9
2025 11 18 12	0.4	0.36	2.7	2.8	6.2	0.7	-9999.9	3	162	-9999.9	59	-9999.9	3	18.6	-9999.9	-9999.9	3	1015.7	17.4	7.5	240
2025 11 18 13	0.41	0.38	2.7	2.7	3.9	0.58	-9999.9	3	176	-9999.9	59	-9999.9	3	18.8	-9999.9	-9999.9	3	1014.9	17.4	9.2	232
2025 11 18 14	0.47	0.44	2.7	2.7	2.7	0.74	-9999.9	3	185	-9999.9	48	-9999.9	3	18.3	24.0	94	3	1014.5	17.8	9.3	235
2025 11 18 15	0.48	0.44	2.8	2.8	3.1	0.74	-9999.9	3	186	-9999.9	44	-9999.9	3	17.3	17.0	176	3	1014.8	17.9	8.7	237
2025 11 18 16	0.51	0.47	2.9	2.9	5.6	0.95	-9999.9	3	189	-9999.9	49	-9999.9	3	16.9	13.0	214	3	1015.1	17.9	8.1	238
2025 11 18 17	0.51	0.47	3.2	3.2	5.7	0.84	-9999.9	3	173	-9999.9	50	-9999.9	3	16.6	16.0	187	3	1015.6	17.6	7.8	246
2025 11 18 18	0.54	0.49	2.9	2.9	5.8	0.96	-9999.9	3	159	-9999.9	49	-9999.9	3	16.7	24.0	196	3	1016.2	17.2	5.8	240
2025 11 18 19	0.5	0.45	2.9	2.9	6.1	0.86	-9999.9	3	120	-9999.9	59	-9999.9	3	18.1	-9999.9	-9999.9	3	1016.5	18.1	6.4	238
2025 11 18 20	0.46	0.42	2.9	2.8	5.9	0.73	-9999.9	3	120	-9999.9	54	-9999.9	3	18.0	-9999.9	-9999.9	3	1017.0	17.4	2.2	301
2025 11 18 21	0.41	0.38	3.8	3.8	6.2	0.66	-9999.9	3	98	-9999.9	48	-9999.9	3	18.5	15.0	144	3	1017.3	17.2	1.2	265
2025 11 18 22	0.48	0.43	3.0	3.1	7.0	0.74	-9999.9	3	135	-9999.9	49	-9999.9	3	18.5	14.0	124	3	1017.2	17.1	1.6	308
2025 11 18 23	0.33	0.31	3.2	3.2	6.1	0.56	-9999.9	3	99	-9999.9	57	-9999.9	3	18.8	-9999.9	-9999.9	3	1017.1	15.5	3.3	357
2025 11 19 00	0.35	0.33	3.6	3.5	6.2	0.59	-9999.9	3	93	-9999.9	54	-9999.9	3	18.2	18.0	135	3	1016.7	15.1	3.1	2
2025 11 19 01	0.32	0.31	4.3	4.2	5.9	0.54	-9999.9	3	90	-9999.9	57	-9999.9	3	18.6	-9999.9	-9999.9	3	1016.3	14.1	3.5	360
2025 11 19 02	0.37	0.35	3.9	3.8	6.0	0.54	-9999.9	3	118	-9999.9	60	-9999.9	3	18.4	-9999.9	-9999.9	3	1016.1	13.6	4.1	359
2025 11 19 03	0.31	0.31	4.0	3.8	5.5	0.54	-9999.9	3	141	-9999.9	50	-9999.9	3	17.3	15.0	267	3	1015.8	13.4	4.6	346
2025 11 19 04	0.35	0.34	4.1	4.0	5.6	0.56	-9999.9	3	147	-9999.9	54	-9999.9	3	16.6	-9999.9	-9999.9	3	1015.5	13.2	4.7	351
2025 11 19 05	0.34	0.32	3.4	3.4	5.1	0.57	-9999.9	3	153	-9999.9	53	-9999.9	3	16.8	-9999.9	-9999.9	3	1015.6	12.9	4.4	354
2025 11 19 06	0.28	0.26	2.9	2.8	5.2	0.44	-9999.9	3	100	-9999.9	61	-9999.9	3	17.1	10.0	345	3	1015.9	13.0	4.5	349
2025 11 19 07	0.23	0.22	3.0	2.9	5.7	0.37	-9999.9	3	58	-9999.9	57	-9999.9	3	17.9	39.0	40	3	1016.0	12.7	4.2	351
2025 11 19 08	0.26	0.24	3.3	3.2	5.2	0.38	-9999.9	3	71	-9999.9	52	-9999.9	3	17.8	23.0	81	3	1016.4	13.3	3.6	1
2025 11 19 09	0.27	0.25	3.5	3.3	5.4	0.45	-9999.9	3	94	-9999.9	51	-9999.9	3	18.8	30.0	80	3	1016.6	14.2	3.1	1
2025 11 19 10	0.29	0.28	2.7	2.8	5.0	0.43	-9999.9	3	99	-9999.9	58	-9999.9	3	18.6	15.0	60	3	1016.8	15.9	2.6	358
2025 11 19 11	0.25	0.23	2.6	2.8	5.7	0.41	-9999.9	3	77	-9999.9	55	-9999.9	3	18.6	38.0	76	3	1016.2	17.6	4.6	237
2025 11 19 12	0.31	0.29	3.4	3.3	5.9	0.6	-9999.9	3	100	-9999.9	55	-9999.9	3	18.7	-9999.9	-9999.9	3	1015.6	18.8	4.3	283
2025 11 19 13	0.36	0.35	3.4	3.3	5.0	0.56	-9999.9	3	69	-9999.9	58	-9999.9	3	18.6	-9999.9	-9999.9	3	1014.8	18.9	5.2	282
2025 11 19 14	0.27	0.26	3.3	3.3	4.9	0.42	-9999.9	3	93	-9999.9	60	-9999.9	3	18.4	-9999.9	-9999.9	3	1014.1	18.7	4.7	234
2025 11 19 15	0.25	0.23	3.1	3.2	3.6	0.47	-9999.9	3	110	-9999.9	58	-9999.9	3	18.1	13.0	157	3	1014.0	19.7	5.3	290
2025 11 19 16	0.26	0.25	2.8	2.8	4.9	0.39	-9999.9	3	120	-9999.9	60	-9999.9	3	17.7	19.0	192	3	1014.0	18.8	4.9	259
2025 11 19 17	0.24	0.22	3.0	3.0	5.9	0.36	-9999.9	3	172	-9999.9	57	-9999.9	3	16.9	21.0	225	3	1014.3	18.5	4.6	285
2025 11 19 18	0.31	0.3	3.0	2.9	4.4	0.48	-9999.9	3	158	-9999.9	51	-9999.9	3	16.7	24.0	215	3	1015.1	17.5	4.9	275
2025 11 19 19	0.22	0.21	2.4	2.4	2.2	0.35	-9999.9	3	152	-9999.9	67	-9999.9	3	16.9	16.0	232	3	1015.3	17.3	3.9	293
2025 11 19 20	0.28	0.27	2.8	2.9	4.7	0.54	-9999.9	3	186	-9999.9	60	-9999.9	3	17.8	25.0	42	3	1015.6	16.3	4.5	330
2025 11 19 21	0.21	0.19	3.0	3.0	7.7	0.32	-9999.9	3	92	-9999.9	56	-9999.9	3	17.4	14.0	350	3	1015.8	16.2	6.6	316
2025 11 19 22	0.29	0.28	4.0	4.1	7.5	0.5	-9999.9	3	66	-9999.9	44	-9999.9	3	18.5	-9999.9	-9999.9	3	1016.1	16.0	5.7	325
2025 11 19 23	0.16	0.15	2.8	2.9	4.6	0.26	-9999.9	3	94	-9999.9	64	-9999.9	3	18.4	18.0	111	3	1016.4	15.0	2.0	317
2025 11 20 01	0.13	0.13	3.2	3.1	4.5	0.23	-9999.9	3	97	-9999.9	63	-9999.9	3	18.6	-9999.9	-9999.9	3	1015.8	15.6	4.3	317
2025 11 20 02	0.15	0.14	3.2	3.1	4.3	0.25	-9999.9	3	106	-9999.9	64	-9999.9	3	18.1	-9999.9	-9999.9	3	1015.6	15.4	4.6	327
2025 11 20 03	0.16	0.15	2.8	2.8	4.0	0.26	-9999.9	3	102	-9999.9	61	-9999.9	3	17.8	-9999.9	-9999.9	3	1015.5	14.6	5.2	329
2025 11 20 04	0.26	0.25	3.6	3.7	4.4	0.54	-9999.9	3	116	-9999.9	51	-9999.9	3	16.5	-9999.9	-9999.9	3	1015.3	15.1	5.7	320
2025 11 20 05	0.19	0.18	2.8	2.8	3.1	0.31	-9999.9	3	173	-9999.9	54	-9999.9	3	16.5	-9999.9	-9999.9	3	1015.4	15.0	3.8	312
2025 11 20 06	0.17	0.16	2.3	2.5	2.8	0.28	-9999.9	3	124	-9999.9	66	-9999.9	3	16.6	14.0	270	3	1015.7	14.9	4.7	314
2025 11 20 07	0.18	0.17	2.7	2.7	4.6	0.29	-9999.9	3	8	-9999.9	58	-9999.9	3	17.7	-9999.9	-9999.9	3	1016.0	15.0	3.9	300
2025 11 20 08	0.19	0.18	2.7	2.6	3.9	0.32	-9999.9	3	84	-9999.9	62	-9999.9	3	17.5	-9999.9	-9999.9	3	1016.7	15.2	5.5	319
2025 11 20 09	0.23	0.21	2.8	3.0	8.5	0.43	-9999.9	3	74	-9999.9	51	-9999.9	3	18.5	-9999.9	-9999.9	3	1017.7	16.1	4.7	328
2025 11 20 10	0.23	0.22	2.5	2.5	5.3	0.38	-9999.9	3	43	-9999.9	60	-9999.9	3	18.1	-9999.9	-9999.9	3	1017.8	16.4	7.7	323
2025 11 20 11	0.28	0.26	2.3	2.4	2.2	0.45	-9999.9	3	29	-9999.9	66	-9999.9	3	18.1	-9999.9	-9999.9	3	1017.7	17.2	7.2	293
2025 11 20 12	0.33	0.3	2.4	2.4	2.6	0.51	-9999.9	3	192	-9999.9	70	-9999.9	3	18.3	-9999.9	-9999.9	3	1017.2	17.3	6.6	301
2025 11 20 13	0.37	0.34	2.6	2.5	5.0	0.56	-9999.9	3	9	-9999.9	63	-9999.9	3	18.2	-9999.9	-9999.9	3	1016.6	17.6	6.6	297
2025 11 20 14	0.34	0.32	2.8	2.8	3.9	0.62	-9999.9	3	115	-9999.9	66	-9999.9	3	18.0	-9999.9	-9999.9	3	1016.5	17.5	7.2	320
2025 11 20 15	0.33	0.31	2.5	2.5	2.5	0.51	-9999.9	3	178	-9999.9	64	-9999.9	3	18.1	14.0	109	3	1016.7	17.5	6.5	303
2025 11 20 16	0.39	0.37	2.9	3.0	4.9	0.7	-9999.9	3	178	-9999.9	50	-9999.9	3	16.6	32.0	192	3	1016.9	17.1	6.5	276
2025 11 20 17	0.31	0.3	2.7	2.8	3.1	0.55	-9999.9	3	199	-9999.9	57	-9999.9	3	17.1	23.0	229	3	1017.8	16.0	4.6	279
2025 11 20 18	0.42	0.39	3.1	3.1	4.0	0.7	-9999.9	3	190	-9999.9	49	-9999.9	3	16.6	-9999.9	-9999.9	3	1018.5	15.2	5.4	258
2025 11 20 19	0.41	0.39	2.6	2.6	2.8	0.6	-9999.9	3	194	-9999.9	51	-9999.9	3	16.4	21.0	267	3	1019.2	14.6	5.2	260
2025 11 20 20	0.38	0.35	2.5	2.6	4.6	0.67	-9999.9	3	168	-9999.9	55	-9999.9	3	16.4	15.0	201	3	1019.7	14.7	5.1	276
2025 11 20 21	0.2	0.19	2.6	2.7	4.4	0.29	-9999.9	3	82	-9999.9	66	-9999.9	3	17.1	-9999.9	-9999.9	3	1020.1	14.9	5.7	283
2025 11 20 22	0.24	0.22	3.2	3.1	6.4	0.37	-9999.9	3	111	-9999.9	63	-9999.9	3	18.0	-9999.9	-9999.9	3	1020.3	14.9	4.5	280
2025 11 20 23	0.18	0.17	2.3	2.3	2.1	0.33	-9999.9	3	67	-9999.9	65	-9999.9	3	18.0	-9999.9	-9999.9	3	1020.3	14.7	4.5	292
2025 11 21 00	0.19	0.18	2.4	2.4	2.4	0.38	-9999.9	3	104	-9999.9	64	-9999.9	3	17.5	-9999.9	-9999.9	3	1020.1	14.9	5.6	279
2025 11 21 01	0.19	0.18	3.0	3.0	3.1	0.31	-9999.9	3	115	-9999.9	69	-9999.9	3	17.4	-9999.9	-9999.9	3	1020.1	14.9	6.0	286
2025 11 21 02	0.16	0.15	3.4	3.2	5.9	0.24	-9999.9	3	84	-9999.9	65	-9999.9	3	17.6	-9999.9	-9999.9	3	1020.2	15.2	5.6	287
2025 11 21 03	0.15	0.15	3.1	3.1	3.9	0.26	-9999.9	3	69	-9999.9	67	-9999.9	3	17.3	-9999.9	-9999.9	3	1019.7	14.8	5.2	282
2025 11 21 04	0.19	0.17	3.2	3.2	4.4	0.3	-9999.9	3	161	-9999.9	49	-9999.9	3	17.0	15.0	191	3	1019.7	15.3	3.9	296
2025 11 21 05	0.22	0.21	3.2	3.2	4.4	0.31	-9999.9	3	174	-9999.9	54	-9999.9	3	16.2	-9999.9	-9999.9	3	1019.8	15.0	4.4	285
2025 11 21 06	0.24	0.23	2.8	2.8	3.5	0.41	-9999.9	3	164	-9999.9	52	-9999.9	3	16.3	-9999.9	-9999.9	3	1020.3	14.7	4.1	267
2025 11 21 07	0.22	0.2	3.1	3.3	5.9	0.44	-9999.9	3	44	-9999.9	53	-9999.9	3	17.5	2.0	302	3	1021.2	14.7	3.3	285
2025 11 21 08	0.17	0.16	2.8	2.8	3.9	0.3	-9999.9	3	35	-9999.9	57	-9999.9	3	17.2	-9999.9	-9999.9	3	1021.8	15.5	3.5	276
2025 11 21 09	0.21	0.2	3.5	3.3	7.2	0.35	-9999.9	3	52	-9999.9	54	-9999.9	3	18.2	-9999.9	-9999.9	3	1022.5	16.0	3.0	299
2025 11 21 10	0.2	0.19	2.9	2.8	4.1	0.33	-9999.9	3	84	-9999.9	62	-9999.9	3	18.2	-9999.9	-9999.9	3	1022.9	16.0	4.5	328
2025 11 21 11	0.28	0.26	2.9	3.0	4.9	0.47	-9999.9	3	62	-9999.9	55	-9999.9	3	18.1	-9999.9	-9999.9	3	1022.7	16.5	2.9	352
2025 11 21 12	0.37	0.34	2.3	2.3	2.2	0.59	-9999.9	3	167	-9999.9	61	-9999.9	3	18.1	-9999.9	-9999.9	3	1021.9	16.3	7.8	244
2025 11 21 13	0.42	0.38	2.2	2.3	2.0	0.6	-9999.9	3	187	-9999.9	63	-9999.9	3	18.1	-9999.9	-9999.9	3	1021.6	16.1	8.7	243
2025 11 21 14	0.39	0.36	2.4	2.4	2.3	0.64	-9999.9	3	168	-9999.9	56	-9999.9	3	17.8	-9999.9	-9999.9	3	1021.0	16.4	8.1	243
2025 11 21 15	0.41	0.37	2.4	2.4	2.7	0.86	-9999.9	3	177	-9999.9	53	-9999.9	3	17.7	12.0	120	3	1021.3	16.4	7.8	232
2025 11 21 16	0.36	0.33	2.4	2.4	2.0	0.6	-9999.9	3	166	-9999.9	56	-9999.9	3	17.8	4.0	165	3	1021.8	16.3	6.6	242
2025 11 21 17	0.32	0.29	3.1	3.2	6.7	0.52	-9999.9	3	96	-9999.9	50	-9999.9	3	17.6	11.0	173	3	1022.5	16.2	5.2	233
2025 11 21 18	0.37	0.35	3.5	3.4	6.6	0.59	-9999.9	3	126	-9999.9	61	-9999.9	3	17.4	10.0	271	3	1023.2	15.3	3.1	258
2025 11 21 19	0.34	0.32	3.2	3.2	3.8	0.48	-9999.9	3	181	-9999.9	58	-9999.9	3	16.4	28.0	243	3	1024.0	15.4	2.0	267
2025 11 21 20	0.31	0.29	2.9	2.9	4.1	0.48	-9999.9	3	186	-9999.9	63	-9999.9	3	16.3	24.0	240	3	1024.5	14.2	5.1	346
2025 11 21 21	0.3	0.29	3.2	3.3	5.1	0.48	-9999.9	3	111	-9999.9	53	-9999.9	3	16.4	6.0	343	3	1024.9	13.8	5.7	338
2025 11 21 22	0.27	0.24	3.0	3.0	6.9	0.39	-9999.9	3	60	-9999.9	45	-9999.9	3	17.8	22.0	46	3	1025.2	13.7	5.4	336
2025 11 21 23	0.26	0.24	2.7	2.7	3.3	0.38	-9999.9	3	56	-9999.9	47	-9999.9	3	17.8	34.0	79	3	1025.3	13.5	6.0	340
2025 11 22 00	0.24	0.22	2.5	2.6	2.3	0.4	-9999.9	3	61	-9999.9	43	-9999.9	3	18.0	36.0	78	3	1025.3	13.5	6.9	340
2025 11 22 01	0.24	0.22	2.8	2.9	5.4	0.44	-9999.9	3	56	-9999.9	43	-9999.9	3	17.8	35.0	82	3	1025.2	13.5	6.3	334
2025 11 22 02	0.28	0.26	3.2	3.2	4.6	0.49	-9999.9	3	77	-9999.9	42	-9999.9	3	17.9	44.0	86	3	1025.2	13.3	6.2	342
2025 11 22 03	0.43	0.41	3.8	3.8	4.6	0.8	-9999.9	3	79	-9999.9	36	-9999.9	3	17.9	46.0	83	3	1025.1	13.7	5.4	349
2025 11 22 04	0.73	0.7	3.9	3.8	4.8	1.02	-9999.9	3	65	-9999.9	34	-9999.9	3	17.3	-9999.9	-9999.9	3	1025.3	13.9	6.1	340
2025 11 22 05	0.62	0.59	3.6	3.6	5.5	0.99	-9999.9	3	80	-9999.9	43	-9999.9	3	17.1	-9999.9	-9999.9	3	1025.4	13.2	6.5	335
2025 11 22 06	0.62	0.6	3.9	3.8	5.1	0.96	-9999.9	3	98	-9999.9	44	-9999.9	3	16.2	-9999.9	-9999.9	3	1025.5	13.3	6.3	336
2025 11 22 07	0.59	0.56	3.5	3.5	5.0	0.89	-9999.9	3	86	-9999.9	43	-9999.9	3	16.4	15.0	256	3	1025.8	13.4	6.6	340
2025 11 22 08	0.52	0.5	3.8	4.0	5.3	0.96	-9999.9	3	70	-9999.9	44	-9999.9	3	18.0	-9999.9	-9999.9	3	1025.9	14.3	6.2	331
2025 11 22 09	0.61	0.58	4.1	4.0	5.5	0.88	-9999.9	3	70	-9999.9	46	-9999.9	3	17.7	33.0	49	3	1026.7	16.7	5.3	35
2025 11 22 10	0.6	0.57	3.9	3.8	5.5	1.04	-9999.9	3	85	-9999.9	45	-9999.9	3	18.8	22.0	63	3	1027.2	17.5	6.2	90
2025 11 22 11	0.62	0.58	3.5	3.5	5.5	1.08	-9999.9	3	95	-9999.9	46	-9999.9	3	18.6	15.0	58	3	1026.9	17.2	6.1	89
2025 11 22 12	0.69	0.65	3.7	3.7	6.0	1.32	-9999.9	3	90	-9999.9	41	-9999.9	3	18.2	9.0	70	3	1026.3	17.1	6.0	93
2025 11 22 13	0.9	0.87	4.9	4.8	6.4	1.4	-9999.9	3	96	-9999.9	40	-9999.9	3	18.7	37.0	60	3	1026.0	17.1	5.9	77
2025 11 22 14	1.07	1.05	5.2	5.1	6.3	1.69	-9999.9	3	103	-9999.9	37	-9999.9	3	18.9	21.0	69	3	1025.2	17.1	6.0	67
2025 11 22 15	1.12	1.08	5.3	5.1	6.6	1.63	-9999.9	3	107	-9999.9	37	-9999.9	3	18.7	34.0	78	3	1025.2	17.0	5.3	73
2025 11 22 16	1.05	1.02	5.0	4.9	7.8	1.71	-9999.9	3	103	-9999.9	34	-9999.9	3	18.5	17.0	109	3	1025.3	17.0	5.2	72
2025 11 22 17	1.01	0.96	5.1	5.0	6.7	1.78	-9999.9	3	97	-9999.9	34	-9999.9	3	18.2	7.0	50	3	1025.3	16.7	4.8	57
2025 11 22 18	0.78	0.74	4.8	4.7	6.6	1.13	-9999.9	3	96	-9999.9	38	-9999.9	3	18.4	26.0	52	3	1025.6	16.7	4.7	61
2025 11 22 19	0.77	0.73	4.5	4.5	6.4	1.16	-9999.9	3	96	-9999.9	38	-9999.9	3	17.8	4.0	26	3	1026.1	15.9	4.5	341
2025 11 22 20	0.81	0.79	4.9	4.7	6.4	1.13	-9999.9	3	101	-9999.9	37	-9999.9	3	17.7	16.0	235	3	1026.1	15.2	4.6	335
2025 11 22 21	0.77	0.75	4.4	4.4	6.0	1.21	-9999.9	3	100	-9999.9	37	-9999.9	3	17.2	7.0	254	3	1026.5	14.7	5.6	334
2025 11 22 22	0.68	0.63	4.5	4.5	6.1	1.13	-9999.9	3	85	-9999.9	35	-9999.9	3	17.0	13.0	337	3	1026.6	13.9	5.5	348
2025 11 22 23	0.59	0.57	5.0	5.0	7.1	1.06	-9999.9	3	91	-9999.9	37	-9999.9	3	19.0	38.0	71	3	1026.4	13.2	5.3	350
2025 11 23 00	0.59	0.55	4.8	4.9	7.3	0.96	-9999.9	3	94	-9999.9	43	-9999.9	3	19.5	39.0	80	3	1026.0	12.7	6.3	346
2025 11 23 01	0.59	0.58	4.9	4.8	7.4	0.96	-9999.9	3	104	-9999.9	35	-9999.9	3	19.4	34.0	98	3	1025.6	12.8	5.7	349
2025 11 23 02	0.55	0.54	5.0	4.9	6.9	0.81	-9999.9	3	100	-9999.9	37	-9999.9	3	19.2	41.0	82	3	1025.4	12.1	6.0	351
2025 11 23 03	0.5	0.48	4.6	4.5	6.9	0.86	-9999.9	3	97	-9999.9	40	-9999.9	3	18.9	31.0	83	3	1025.2	11.9	6.2	351
2025 11 23 04	0.53	0.5	4.2	4.4	6.9	0.84	-9999.9	3	100	-9999.9	41	-9999.9	3	17.6	14.0	355	3	1025.3	11.6	5.5	351
2025 11 23 05	0.49	0.47	4.9	4.9	7.3	0.87	-9999.9	3	85	-9999.9	40	-9999.9	3	17.5	13.0	352	3	1024.9	11.6	5.8	353
2025 11 23 06	0.47	0.44	4.2	4.3	7.5	0.74	-9999.9	3	91	-9999.9	41	-9999.9	3	17.3	17.0	293	3	1025.1	11.1	6.8	341
2025 11 23 07	0.47	0.46	4.7	4.5	6.8	0.7	-9999.9	3	84	-9999.9	41	-9999.9	3	17.4	8.0	333	3	1025.6	11.8	5.0	353
2025 11 23 08	0.41	0.39	4.4	4.5	7.2	0.69	-9999.9	3	75	-9999.9	40	-9999.9	3	18.0	39.0	57	3	1025.9	11.9	5.1	353
2025 11 23 10	0.41	0.38	4.3	4.3	7.1	0.79	-9999.9	3	102	-9999.9	46	-9999.9	3	17.8	21.0	109	3	1026.3	14.0	2.8	11
2025 11 23 11	0.42	0.39	4.1	4.1	6.9	0.67	-9999.9	3	91	-9999.9	44	-9999.9	3	18.9	37.0	78	3	1026.0	15.4	1.3	348
2025 11 23 12	0.48	0.43	2.7	2.7	6.2	0.88	-9999.9	3	137	-9999.9	47	-9999.9	3	18.0	-9999.9	-9999.9	3	1024.7	17.4	7.1	237
2025 11 23 13	0.54	0.49	2.5	2.5	2.3	0.83	-9999.9	3	178	-9999.9	48	-9999.9	3	17.6	15.0	108	3	1023.6	17.5	8.7	231
2025 11 23 14	0.55	0.49	2.5	2.6	2.7	0.82	-9999.9	3	181	-9999.9	49	-9999.9	3	18.4	-9999.9	-9999.9	3	1022.6	17.7	8.9	240
2025 11 23 15	0.53	0.49	2.4	2.5	2.3	0.77	-9999.9	3	208	-9999.9	47	-9999.9	3	18.2	13.0	91	3	1022.6	18.3	9.1	240
2025 11 23 16	0.5	0.46	2.5	2.6	2.4	0.69	-9999.9	3	189	-9999.9	46	-9999.9	3	18.0	12.0	106	3	1022.7	18.4	8.8	245
2025 11 23 17	0.38	0.34	2.7	2.7	5.7	0.62	-9999.9	3	150	-9999.9	56	-9999.9	3	17.8	15.0	82	3	1023.2	17.8	6.3	245
2025 11 23 18	0.39	0.36	3.0	3.0	8.1	0.6	-9999.9	3	113	-9999.9	50	-9999.9	3	17.9	16.0	141	3	1023.3	17.7	3.8	235
2025 11 23 19	0.4	0.38	2.9	2.8	4.8	0.68	-9999.9	3	162	-9999.9	54	-9999.9	3	17.7	7.0	197	3	1023.4	17.4	4.2	237
2025 11 23 20	0.42	0.38	3.0	3.0	5.7	0.59	-9999.9	3	151	-9999.9	54	-9999.9	3	17.8	5.0	288	3	1023.6	16.0	2.7	330
2025 11 23 21	0.4	0.36	2.8	2.9	7.8	0.61	-9999.9	3	168	-9999.9	48	-9999.9	3	17.3	6.0	224	3	1023.4	17.6	5.1	235
2025 11 23 22	0.39	0.35	2.6	2.7	4.3	0.65	-9999.9	3	158	-9999.9	53	-9999.9	3	17.0	5.0	300	3	1023.5	15.3	2.4	359
2025 11 23 23	0.33	0.3	2.7	2.7	4.5	0.61	-9999.9	3	112	-9999.9	57	-9999.9	3	16.9	6.0	173	3	1023.5	15.4	2.5	356
2025 11 24 00	0.3	0.27	2.6	2.6	4.4	0.46	-9999.9	3	111	-9999.9	62	-9999.9	3	18.4	-9999.9	-9999.9	3	1022.9	16.6	1.0	88
2025 11 24 01	0.39	0.37	2.4	2.4	2.4	0.68	-9999.9	3	202	-9999.9	59	-9999.9	3	18.5	-9999.9	-9999.9	3	1022.6	16.2	2.5	236
2025 11 24 02	0.38	0.36	2.3	2.4	2.5	0.67	-9999.9	3	200	-9999.9	61	-9999.9	3	18.3	-9999.9	-9999.9	3	1022.4	15.2	3.7	272
2025 11 24 03	0.39	0.37	2.5	2.6	2.5	0.61	-9999.9	3	173	-9999.9	63	-9999.9	3	18.4	-9999.9	-9999.9	3	1021.8	15.4	6.0	255
2025 11 24 04	0.34	0.31	2.4	2.5	2.6	0.54	-9999.9	3	185	-9999.9	61	-9999.9	3	18.4	-9999.9	-9999.9	3	1021.8	15.8	2.6	248
2025 11 24 05	0.35	0.32	2.6	2.6	2.9	0.56	-9999.9	3	178	-9999.9	61	-9999.9	3	17.4	16.0	152	3	1021.8	15.5	2.0	318
2025 11 24 06	0.25	0.23	2.7	2.7	7.2	0.43	-9999.9	3	148	-9999.9	61	-9999.9	3	17.6	8.0	256	3	1021.9	15.6	3.6	324
2025 11 24 07	0.27	0.25	2.3	2.4	4.8	0.64	-9999.9	3	215	-9999.9	55	-9999.9	3	17.1	16.0	219	3	1022.3	15.8	6.9	306
2025 11 24 08	0.32	0.3	2.1	2.1	2.1	0.63	-9999.9	3	239	-9999.9	64	-9999.9	3	16.8	6.0	278	3	1022.5	15.7	8.7	304
2025 11 24 09	0.26	0.23	3.0	3.2	8.1	0.47	-9999.9	3	45	-9999.9	50	-9999.9	3	17.4	31.0	13	3	1022.8	16.4	6.6	303
2025 11 24 10	0.31	0.29	2.2	2.3	3.0	0.5	-9999.9	3	338	-9999.9	60	-9999.9	3	17.4	-9999.9	-9999.9	3	1023.3	16.8	7.0	279
2025 11 24 11	0.32	0.3	2.1	2.2	2.0	0.55	-9999.9	3	204	-9999.9	53	-9999.9	3	17.2	20.0	172	3	1022.3	17.3	7.8	260
2025 11 24 12	0.39	0.36	2.4	2.4	2.6	0.69	-9999.9	3	205	-9999.9	49	-9999.9	3	16.9	17.0	197	3	1021.4	17.3	7.5	270
2025 11 24 13	0.56	0.53	2.6	2.6	2.9	0.98	-9999.9	3	211	-9999.9	40	-9999.9	3	16.6	17.0	198	3	1020.4	17.8	9.6	268
2025 11 24 14	0.63	0.6	2.7	2.7	3.2	1.08	-9999.9	3	226	-9999.9	36	-9999.9	3	16.6	6.0	291	3	1019.5	17.9	10.5	267
2025 11 24 15	0.78	0.73	2.9	2.9	3.6	1.38	-9999.9	3	222	-9999.9	42	-9999.9	3	17.5	14.0	104	3	1019.3	18.3	10.7	264
2025 11 24 16	0.84	0.8	3.1	3.1	3.9	1.33	-9999.9	3	216	-9999.9	45	-9999.9	3	17.6	-9999.9	-9999.9	3	1019.0	18.1	11.3	263
2025 11 24 17	0.76	0.73	3.0	3.0	3.9	1.3	-9999.9	3	216	-9999.9	45	-9999.9	3	17.6	-9999.9	-9999.9	3	1019.4	18.2	10.0	266
2025 11 24 18	0.67	0.64	3.2	3.2	4.1	1.4	-9999.9	3	211	-9999.9	53	-9999.9	3	17.9	-9999.9	-9999.9	3	1019.7	18.1	10.0	279
2025 11 24 19	0.8	0.75	3.3	3.3	4.3	1.39	-9999.9	3	214	-9999.9	45	-9999.9	3	17.7	-9999.9	-9999.9	3	1019.3	18.1	10.8	270
2025 11 24 20	0.65	0.63	3.3	3.2	4.2	1.04	-9999.9	3	210	-9999.9	39	-9999.9	3	17.5	13.0	119	3	1019.4	18.1	9.1	262
2025 11 24 21	0.8	0.76	3.3	3.2	4.4	1.29	-9999.9	3	230	-9999.9	33	-9999.9	3	17.0	16.0	154	3	1019.0	17.4	11.2	260
2025 11 24 22	0.81	0.77	3.2	3.3	4.0	1.15	-9999.9	3	209	-9999.9	40	-9999.9	3	16.5	21.0	163	3	1018.3	17.6	10.3	259
2025 11 24 23	0.64	0.61	2.9	2.9	3.2	0.99	-9999.9	3	201	-9999.9	57	-9999.9	3	16.7	-9999.9	-9999.9	3	1019.1	16.9	8.2	268
2025 11 25 00	0.47	0.45	2.8	2.8	3.9	0.75	-9999.9	3	214	-9999.9	63	-9999.9	3	17.8	-9999.9	-9999.9	3	1018.2	18.0	9.4	264
2025 11 25 01	0.65	0.62	2.8	2.9	3.6	1.06	-9999.9	3	218	-9999.9	43	-9999.9	3	17.7	-9999.9	-9999.9	3	1017.6	17.9	11.1	263
2025 11 25 02	0.79	0.76	3.3	3.3	3.6	1.38	-9999.9	3	216	-9999.9	37	-9999.9	3	17.6	-9999.9	-9999.9	3	1017.3	17.8	9.3	255
2025 11 25 03	0.91	0.85	3.3	3.3	4.2	1.55	-9999.9	3	221	-9999.9	36	-9999.9	3	17.4	-9999.9	-9999.9	3	1016.7	18.0	10.3	258
2025 11 25 04	1.11	1.07	3.5	3.5	4.1	1.68	-9999.9	3	219	-9999.9	36	-9999.9	3	17.3	27.0	57	3	1016.3	17.4	10.8	249
2025 11 25 05	1.16	1.11	3.5	3.4	4.0	1.81	-9999.9	3	214	-9999.9	34	-9999.9	3	17.1	31.0	63	3	1015.6	16.1	13.2	233
2025 11 25 06	1.09	1.01	3.5	3.5	4.6	1.5	-9999.9	3	207	-9999.9	37	-9999.9	3	17.0	36.0	84	3	1016.3	15.9	11.3	244
2025 11 25 07	0.91	0.86	3.5	3.5	3.8	1.44	-9999.9	3	196	-9999.9	41	-9999.9	3	16.8	8.0	204	3	1016.9	16.6	5.9	300
2025 11 25 08	0.58	0.54	3.2	3.2	4.0	0.91	-9999.9	3	189	-9999.9	58	-9999.9	3	16.5	13.0	232	3	1016.6	16.7	9.8	310
2025 11 25 09	0.45	0.4	2.9	2.9	6.0	0.64	-9999.9	3	103	-9999.9	58	-9999.9	3	16.6	15.0	6	3	1017.5	16.3	8.2	320
2025 11 25 10	0.56	0.51	2.8	2.8	5.6	0.75	-9999.9	3	195	-9999.9	64	-9999.9	3	17.0	-9999.9	-9999.9	3	1017.9	17.4	4.9	301
2025 11 25 11	0.6	0.56	2.5	2.6	2.4	0.96	-9999.9	3	206	-9999.9	60	-9999.9	3	17.7	-9999.9	-9999.9	3	1017.6	17.1	7.3	255
2025 11 25 12	0.54	0.51	2.5	2.5	2.5	0.87	-9999.9	3	202	-9999.9	55	-9999.9	3	17.6	-9999.9	-9999.9	3	1017.2	16.7	8.5	255
2025 11 25 13	0.58	0.54	2.6	2.7	3.5	0.9	-9999.9	3	190	-9999.9	58	-9999.9	3	17.6	-9999.9	-9999.9	3	1017.2	16.7	7.8	249
2025 11 25 14	0.58	0.54	2.6	2.6	2.8	1.02	-9999.9	3	220	-9999.9	54	-9999.9	3	17.8	-9999.9	-9999.9	3	1017.2	17.5	4.6	297
2025 11 25 15	0.59	0.56	2.6	2.7	3.0	0.95	-9999.9	3	221	-9999.9	57	-9999.9	3	18.0	-9999.9	-9999.9	3	1016.9	17.4	6.6	316
2025 11 25 16	0.61	0.58	2.8	2.8	3.1	1.01	-9999.9	3	207	-9999.9	57	-9999.9	3	17.8	12.0	210	3	1017.4	16.6	6.8	291
2025 11 25 17	0.58	0.55	3.0	3.0	4.0	0.84	-9999.9	3	209	-9999.9	58	-9999.9	3	17.7	9.0	155	3	1018.0	15.9	6.0	290
2025 11 25 18	0.49	0.46	2.9	2.9	3.7	0.76	-9999.9	3	202	-9999.9	62	-9999.9	3	17.5	4.0	136	3	1018.5	15.9	6.0	295
2025 11 25 19	0.5	0.47	3.1	3.1	5.9	0.86	-9999.9	3	193	-9999.9	61	-9999.9	3	17.6	7.0	127	3	1019.2	16.0	4.9	298
2025 11 25 20	0.5	0.46	3.0	3.0	5.7	0.75	-9999.9	3	202	-9999.9	58	-9999.9	3	17.5	-9999.9	-9999.9	3	1019.4	16.1	7.4	311
2025 11 25 21	0.44	0.41	3.1	3.1	6.1	0.68	-9999.9	3	175	-9999.9	56	-9999.9	3	17.1	6.0	193	3	1019.4	16.2	8.5	317
2025 11 25 22	0.42	0.39	3.2	3.2	7.6	0.82	-9999.9	3	166	-9999.9	58	-9999.9	3	17.0	8.0	24	3	1019.8	15.9	7.3	318
2025 11 25 23	0.39	0.36	2.7	2.7	4.2	0.57	-9999.9	3	107	-9999.9	62	-9999.9	3	16.9	5.0	97	3	1020.2	15.7	7.5	327
2025 11 26 00	0.34	0.32	2.9	2.9	5.0	0.58	-9999.9	3	93	-9999.9	52	-9999.9	3	16.8	-9999.9	-9999.9	3	1020.1	15.5	7.9	331
2025 11 26 01	0.31	0.28	2.9	2.9	3.9	0.52	-9999.9	3	76	-9999.9	59	-9999.9	3	17.2	-9999.9	-9999.9	3	1019.9	15.3	6.5	332
2025 11 26 02	0.31	0.29	3.6	3.7	6.0	0.61	-9999.9	3	127	-9999.9	58	-9999.9	3	17.5	-9999.9	-9999.9	3	1019.7	15.5	5.8	341
2025 11 26 03	0.35	0.33	3.6	3.5	5.0	0.56	-9999.9	3	121	-9999.9	64	-9999.9	3	17.4	-9999.9	-9999.9	3	1019.8	15.2	2.6	306
2025 11 26 04	0.36	0.34	3.5	3.5	4.6	0.54	-9999.9	3	111	-9999.9	62	-9999.9	3	17.2	14.0	170	3	1019.8	15.0	2.6	262
2025 11 26 05	0.33	0.3	3.2	3.1	5.4	0.48	-9999.9	3	124	-9999.9	56	-9999.9	3	17.0	11.0	172	3	1019.9	14.5	3.4	266
2025 11 26 06	0.4	0.38	3.2	3.2	4.3	0.65	-9999.9	3	139	-9999.9	58	-9999.9	3	17.1	-9999.9	-9999.9	3	1020.2	14.5	3.1	264
2025 11 26 07	0.43	0.4	3.7	3.9	6.1	0.78	-9999.9	3	153	-9999.9	55	-9999.9	3	16.8	19.0	211	3	1020.8	13.7	3.0	331
2025 11 26 08	0.39	0.36	3.3	3.3	4.3	0.57	-9999.9	3	188	-9999.9	51	-9999.9	3	16.4	15.0	284	3	1021.3	13.2	2.4	359
2025 11 26 09	0.38	0.34	2.9	2.9	8.5	0.57	-9999.9	3	140	-9999.9	57	-9999.9	3	16.5	12.0	314	3	1021.9	13.7	3.2	350
2025 11 26 10	0.27	0.25	3.4	3.3	5.5	0.45	-9999.9	3	73	-9999.9	64	-9999.9	3	17.1	33.0	57	3	1022.6	15.1	2.4	2
2025 11 26 11	0.27	0.26	3.5	3.4	5.8	0.41	-9999.9	3	96	-9999.9	59	-9999.9	3	16.9	33.0	66	3	1022.4	15.7	1.5	8
2025 11 26 12	0.28	0.26	3.2	3.2	7.9	0.46	-9999.9	3	128	-9999.9	54	-9999.9	3	17.6	20.0	74	3	1021.5	16.6	0.9	170
2025 11 26 13	0.34	0.33	3.8	3.8	5.6	0.55	-9999.9	3	80	-9999.9	52	-9999.9	3	17.7	27.0	75	3	1020.9	17.0	0.6	200
2025 11 26 14	0.25	0.24	3.5	3.4	5.2	0.4	-9999.9	3	92	-9999.9	58	-9999.9	3	17.7	21.0	74	3	1020.5	16.9	0.9	73
2025 11 26 15	0.23	0.21	3.9	3.7	6.2	0.31	-9999.9	3	81	-9999.9	54	-9999.9	3	17.6	23.0	78	3	1020.2	17.3	1.6	110
2025 11 26 16	0.35	0.33	4.1	4.1	5.7	0.66	-9999.9	3	80	-9999.9	48	-9999.9	3	17.5	32.0	74	3	1020.4	18.2	0.8	287
2025 11 26 17	0.31	0.29	3.6	3.5	5.0	0.53	-9999.9	3	114	-9999.9	50	-9999.9	3	17.5	20.0	114	3	1020.5	16.5	1.2	278
2025 11 26 18	0.31	0.28	3.6	3.6	6.8	0.52	-9999.9	3	124	-9999.9	51	-9999.9	3	17.4	21.0	140	3	1020.6	16.0	1.4	357
2025 11 26 19	0.33	0.31	4.3	4.2	8.6	0.6	-9999.9	3	117	-9999.9	47	-9999.9	3	17.0	9.0	276	3	1021.0	15.2	3.1	344
2025 11 26 20	0.33	0.32	3.9	3.7	5.2	0.53	-9999.9	3	103	-9999.9	53	-9999.9	3	16.6	11.0	268	3	1021.2	15.2	5.2	332
2025 11 26 21	0.38	0.36	4.1	4.1	6.4	0.63	-9999.9	3	109	-9999.9	48	-9999.9	3	16.5	13.0	279	3	1021.3	14.9	5.5	339
2025 11 26 22	0.48	0.46	4.4	4.0	7.6	0.88	-9999.9	3	108	-9999.9	47	-9999.9	3	16.4	10.0	283	3	1021.5	14.6	5.3	340
2025 11 26 23	0.46	0.44	4.6	4.5	6.1	0.72	-9999.9	3	109	-9999.9	42	-9999.9	3	16.6	13.0	296	3	1021.4	14.4	5.7	335
2025 11 27 00	0.47	0.44	4.0	4.0	5.6	0.73	-9999.9	3	107	-9999.9	40	-9999.9	3	16.6	8.0	353	3	1021.3	13.8	5.7	345
2025 11 27 01	0.42	0.4	4.2	4.1	5.8	0.68	-9999.9	3	82	-9999.9	42	-9999.9	3	16.6	31.0	27	3	1021.1	13.3	5.6	337
2025 11 27 02	0.39	0.37	4.4	4.2	6.0	0.53	-9999.9	3	91	-9999.9	40	-9999.9	3	17.4	31.0	62	3	1020.8	13.0	6.5	339
2025 11 27 03	0.42	0.39	4.3	4.3	6.1	0.65	-9999.9	3	94	-9999.9	43	-9999.9	3	17.8	37.0	81	3	1020.5	12.9	6.4	342
2025 11 27 04	0.44	0.42	4.1	4.0	5.8	0.67	-9999.9	3	82	-9999.9	36	-9999.9	3	17.5	39.0	85	3	1020.2	12.9	6.1	342
2025 11 27 05	0.51	0.49	4.3	4.0	5.4	0.79	-9999.9	3	85	-9999.9	37	-9999.9	3	17.3	43.0	87	3	1020.1	12.5	6.2	345
2025 11 27 06	0.53	0.51	4.2	4.0	5.6	0.77	-9999.9	3	90	-9999.9	36	-9999.9	3	16.9	40.0	80	3	1020.3	12.8	6.4	337
2025 11 27 07	0.56	0.54	4.5	4.5	7.6	0.95	-9999.9	3	90	-9999.9	40	-9999.9	3	17.1	-9999.9	-9999.9	3	1020.6	12.5	6.9	341
2025 11 27 08	0.62	0.58	4.6	4.5	5.8	1.01	-9999.9	3	92	-9999.9	44	-9999.9	3	17.2	-9999.9	-9999.9	3	1020.8	12.8	6.7	345
2025 11 27 09	0.59	0.57	4.5	4.4	6.7	0.94	-9999.9	3	102	-9999.9	41	-9999.9	3	16.4	-9999.9	-9999.9	3	1021.0	13.4	6.2	341
2025 11 27 10	0.53	0.5	4.2	4.2	5.4	0.93	-9999.9	3	91	-9999.9	38	-9999.9	3	17.2	-9999.9	-9999.9	3	1021.5	14.6	4.4	3
2025 11 27 11	0.52	0.49	4.5	4.6	5.5	0.88	-9999.9	3	82	-9999.9	38	-9999.9	3	17.2	-9999.9	-9999.9	3	1021.2	16.2	4.9	58
2025 11 27 13	0.59	0.57	4.2	4.2	5.6	0.85	-9999.9	3	86	-9999.9	39	-9999.9	3	17.4	15.0	93	3	1019.9	16.6	6.0	80
2025 11 27 14	0.64	0.6	4.0	3.9	6.3	0.92	-9999.9	3	92	-9999.9	41	-9999.9	3	17.6	15.0	90	3	1019.6	16.6	6.0	72
2025 11 27 15	0.59	0.55	3.9	3.9	5.6	0.87	-9999.9	3	91	-9999.9	41	-9999.9	3	17.6	22.0	71	3	1019.6	16.7	5.2	81
2025 11 27 16	0.64	0.61	4.7	4.5	6.0	0.94	-9999.9	3	93	-9999.9	37	-9999.9	3	17.6	22.0	72	3	1019.7	16.7	4.8	65
2025 11 27 17	0.58	0.55	4.4	4.4	5.9	1.01	-9999.9	3	94	-9999.9	43	-9999.9	3	17.6	24.0	72	3	1020.3	16.4	4.1	61
2025 11 27 18	0.63	0.6	4.4	4.4	5.4	1.08	-9999.9	3	98	-9999.9	39	-9999.9	3	17.5	19.0	96	3	1020.4	16.4	3.6	64
2025 11 27 19	0.57	0.54	4.4	4.4	5.4	1.05	-9999.9	3	111	-9999.9	39	-9999.9	3	17.4	19.0	114	3	1020.7	15.7	3.4	358
2025 11 27 20	0.54	0.51	4.2	4.2	5.4	0.88	-9999.9	3	103	-9999.9	45	-9999.9	3	17.3	9.0	241	3	1021.0	15.0	4.0	339
2025 11 27 21	0.46	0.45	4.3	4.1	5.3	0.75	-9999.9	3	96	-9999.9	40	-9999.9	3	17.3	13.0	53	3	1021.2	14.8	4.2	345
2025 11 27 22	0.53	0.49	4.4	4.6	7.5	0.81	-9999.9	3	106	-9999.9	36	-9999.9	3	17.3	5.0	74	3	1021.2	14.1	5.5	337
2025 11 27 23	0.42	0.39	4.0	4.0	5.8	0.65	-9999.9	3	103	-9999.9	38	-9999.9	3	17.2	3.0	2	3	1021.3	13.4	5.8	335
2025 11 28 00	0.4	0.37	3.5	3.4	5.4	0.64	-9999.9	3	107	-9999.9	45	-9999.9	3	17.0	15.0	257	3	1020.9	13.7	5.6	340
2025 11 28 01	0.37	0.35	3.4	3.4	5.6	0.54	-9999.9	3	100	-9999.9	50	-9999.9	3	16.6	9.0	300	3	1020.9	13.5	5.7	347
2025 11 28 02	0.36	0.33	3.2	3.1	6.1	0.59	-9999.9	3	83	-9999.9	46	-9999.9	3	16.6	17.0	43	3	1021.0	13.5	5.9	338
2025 11 28 03	0.4	0.38	3.6	3.5	5.8	0.64	-9999.9	3	82	-9999.9	46	-9999.9	3	18.0	50.0	52	3	1021.0	13.9	5.4	345
2025 11 28 04	0.53	0.48	3.5	3.6	3.9	0.92	-9999.9	3	88	-9999.9	39	-9999.9	3	18.3	-9999.9	-9999.9	3	1020.9	14.2	5.4	353
2025 11 28 05	0.58	0.53	3.7	3.7	4.2	1.11	-9999.9	3	88	-9999.9	39	-9999.9	3	18.2	-9999.9	-9999.9	3	1020.9	14.2	5.1	355
2025 11 28 06	0.58	0.53	3.7	3.6	4.2	0.79	-9999.9	3	81	-9999.9	40	-9999.9	3	17.9	-9999.9	-9999.9	3	1021.0	14.5	5.2	357
2025 11 28 07	0.57	0.52	3.5	3.5	4.4	0.75	-9999.9	3	85	-9999.9	43	-9999.9	3	17.7	-9999.9	-9999.9	3	1021.3	14.5	4.9	354
2025 11 28 08	0.51	0.48	3.9	3.9	7.2	0.77	-9999.9	3	85	-9999.9	44	-9999.9	3	17.5	-9999.9	-9999.9	3	1021.6	13.9	5.2	348
2025 11 28 09	0.58	0.53	4.3	4.4	6.5	0.81	-9999.9	3	93	-9999.9	41	-9999.9	3	17.7	-9999.9	-9999.9	3	1021.8	14.5	4.9	355
2025 11 28 10	0.67	0.63	4.1	3.9	4.5	1.04	-9999.9	3	84	-9999.9	42	-9999.9	3	17.8	-9999.9	-9999.9	3	1022.1	16.3	4.9	59
2025 11 28 11	0.6	0.55	4.0	3.9	5.6	0.99	-9999.9	3	86	-9999.9	42	-9999.9	3	17.7	12.0	17	3	1022.0	16.7	5.5	66
2025 11 28 12	0.57	0.53	4.4	4.4	5.2	0.88	-9999.9	3	78	-9999.9	39	-9999.9	3	17.9	41.0	36	3	1021.5	16.5	5.4	60
2025 11 28 13	0.54	0.51	4.5	4.5	6.3	0.96	-9999.9	3	69	-9999.9	44	-9999.9	3	17.8	40.0	51	3	1020.9	16.5	4.4	69
2025 11 28 14	0.53	0.5	4.4	4.3	5.9	0.83	-9999.9	3	98	-9999.9	43	-9999.9	3	17.5	23.0	109	3	1020.2	16.6	4.2	70
2025 11 28 15	0.58	0.55	4.6	4.5	8.7	0.96	-9999.9	3	98	-9999.9	36	-9999.9	3	17.7	30.0	72	3	1020.1	16.5	3.9	78
2025 11 28 16	0.52	0.47	4.5	4.4	9.3	0.79	-9999.9	3	102	-9999.9	41	-9999.9	3	17.7	18.0	98	3	1020.0	16.6	3.3	94
2025 11 28 17	0.51	0.48	4.7	4.5	7.3	0.84	-9999.9	3	99	-9999.9	41	-9999.9	3	17.7	20.0	73	3	1020.1	16.5	2.6	100
2025 11 28 18	0.55	0.52	4.8	4.9	9.0	0.9	-9999.9	3	105	-9999.9	39	-9999.9	3	17.6	21.0	66	3	1020.2	16.5	2.7	90
2025 11 28 19	0.54	0.5	4.6	4.6	6.4	0.87	-9999.9	3	107	-9999.9	39	-9999.9	3	17.6	17.0	92	3	1020.5	16.0	1.9	15
2025 11 28 20	0.59	0.54	4.5	4.4	7.7	1.0	-9999.9	3	107	-9999.9	41	-9999.9	3	17.5	10.0	96	3	1020.5	15.3	3.1	353
2025 11 28 21	0.56	0.52	4.6	4.5	7.7	0.85	-9999.9	3	102	-9999.9	38	-9999.9	3	17.5	4.0	208	3	1020.5	14.4	3.6	348
2025 11 28 22	0.56	0.52	4.5	4.6	8.1	0.97	-9999.9	3	99	-9999.9	36	-9999.9	3	17.4	9.0	74	3	1020.3	13.5	5.0	345
2025 11 28 23	0.46	0.43	4.2	4.3	6.9	0.72	-9999.9	3	102	-9999.9	39	-9999.9	3	17.4	13.0	81	3	1020.3	13.8	4.3	3
2025 11 29 00	0.43	0.4	4.4	4.4	8.0	0.7	-9999.9	3	105	-9999.9	43	-9999.9	3	17.4	11.0	70	3	1020.0	13.0	4.6	348
2025 11 29 01	0.41	0.39	4.4	4.3	8.1	0.66	-9999.9	3	103	-9999.9	42	-9999.9	3	17.2	4.0	289	3	1019.6	12.3	5.6	346
2025 11 29 02	0.44	0.41	4.0	3.9	6.8	0.62	-9999.9	3	98	-9999.9	40	-9999.9	3	16.9	2.0	325	3	1019.5	11.9	5.6	350
2025 11 29 03	0.41	0.39	4.3	4.3	6.8	0.74	-9999.9	3	89	-9999.9	45	-9999.9	3	16.7	21.0	50	3	1019.2	12.4	5.7	343
2025 11 29 04	0.35	0.34	4.1	4.1	7.7	0.76	-9999.9	3	87	-9999.9	41	-9999.9	3	17.9	33.0	74	3	1019.2	12.9	5.1	348
2025 11 29 05	0.37	0.35	4.5	4.3	8.2	0.6	-9999.9	3	79	-9999.9	38	-9999.9	3	17.9	26.0	94	3	1018.8	11.9	5.0	352
2025 11 29 06	0.37	0.33	3.7	3.8	7.6	0.54	-9999.9	3	96	-9999.9	40	-9999.9	3	17.7	36.0	111	3	1019.0	11.7	5.1	357
2025 11 29 07	0.36	0.33	3.5	3.4	8.4	0.72	-9999.9	3	73	-9999.9	44	-9999.9	3	17.5	29.0	83	3	1019.0	11.5	5.3	348
2025 11 29 08	0.37	0.35	3.6	3.6	6.1	0.79	-9999.9	3	73	-9999.9	48	-9999.9	3	17.5	35.0	82	3	1019.2	12.0	4.6	0
2025 11 29 09	0.39	0.37	4.4	4.3	8.5	0.58	-9999.9	3	92	-9999.9	42	-9999.9	3	17.4	31.0	98	3	1019.6	12.3	4.4	358
2025 11 29 10	0.4	0.37	4.2	4.3	7.6	0.57	-9999.9	3	73	-9999.9	50	-9999.9	3	17.7	34.0	106	3	1019.6	14.1	1.8	15
2025 11 29 11	0.45	0.4	2.9	3.0	8.5	0.74	-9999.9	3	128	-9999.9	50	-9999.9	3	17.3	23.0	89	3	1018.8	16.2	7.6	235
2025 11 29 12	0.47	0.42	2.6	2.6	4.9	0.77	-9999.9	3	174	-9999.9	47	-9999.9	3	17.2	16.0	58	3	1017.9	16.6	8.8	237
2025 11 29 13	0.42	0.38	2.4	2.4	2.3	0.57	-9999.9	3	167	-9999.9	58	-9999.9	3	17.4	-9999.9	-9999.9	3	1017.1	16.9	9.9	242
2025 11 29 14	0.44	0.39	2.5	2.5	3.5	0.63	-9999.9	3	139	-9999.9	56	-9999.9	3	17.3	-9999.9	-9999.9	3	1016.6	17.3	9.2	248
2025 11 29 15	0.47	0.42	2.5	2.5	3.1	0.74	-9999.9	3	179	-9999.9	49	-9999.9	3	17.2	19.0	102	3	1016.4	17.4	7.8	249
2025 11 29 16	0.41	0.37	2.8	2.7	6.9	0.64	-9999.9	3	136	-9999.9	55	-9999.9	3	17.4	-9999.9	-9999.9	3	1016.6	17.4	6.9	280
2025 11 29 17	0.42	0.38	2.7	2.7	5.3	0.71	-9999.9	3	154	-9999.9	56	-9999.9	3	17.6	15.0	131	3	1016.8	16.2	3.8	279
2025 11 29 18	0.39	0.35	2.6	2.6	5.8	0.61	-9999.9	3	164	-9999.9	55	-9999.9	3	17.6	13.0	147	3	1017.0	16.1	4.6	288
2025 11 29 19	0.34	0.31	3.5	3.6	8.5	0.52	-9999.9	3	94	-9999.9	45	-9999.9	3	17.4	11.0	119	3	1017.2	15.4	1.7	333
2025 11 29 20	0.4	0.37	2.9	2.9	7.1	0.61	-9999.9	3	96	-9999.9	61	-9999.9	3	17.4	-9999.9	-9999.9	3	1017.2	14.9	4.2	328
2025 11 29 21	0.42	0.38	2.8	2.8	5.6	0.82	-9999.9	3	124	-9999.9	57	-9999.9	3	17.3	10.0	142	3	1017.1	14.8	4.7	320
2025 11 29 22	0.39	0.35	2.9	2.9	7.8	0.59	-9999.9	3	158	-9999.9	55	-9999.9	3	17.1	-9999.9	-9999.9	3	1017.1	15.4	7.3	305
2025 11 29 23	0.31	0.29	3.3	3.2	8.3	0.46	-9999.9	3	129	-9999.9	60	-9999.9	3	17.3	-9999.9	-9999.9	3	1017.3	15.4	6.9	305
2025 11 30 00	0.34	0.32	3.5	3.3	6.8	0.59	-9999.9	3	113	-9999.9	59	-9999.9	3	17.2	-9999.9	-9999.9	3	1017.2	15.6	6.4	301
2025 11 30 01	0.36	0.33	3.1	3.1	4.4	0.53	-9999.9	3	189	-9999.9	49	-9999.9	3	17.1	9.0	188	3	1016.3	15.5	6.1	276
2025 11 30 02	0.38	0.36	2.7	2.8	3.5	0.61	-9999.9	3	199	-9999.9	45	-9999.9	3	17.0	10.0	230	3	1015.8	15.8	6.2	279
2025 11 30 03	0.23	0.21	2.7	2.7	4.9	0.32	-9999.9	3	170	-9999.9	62	-9999.9	3	17.0	-9999.9	-9999.9	3	1015.4	16.1	4.9	292
2025 11 30 04	0.28	0.26	3.0	3.0	5.9	0.46	-9999.9	3	164	-9999.9	62	-9999.9	3	17.5	-9999.9	-9999.9	3	1015.0	16.3	5.6	280
2025 11 30 05	0.35	0.33	2.5	2.5	2.6	0.75	-9999.9	3	198	-9999.9	56	-9999.9	3	17.4	14.0	129	3	1014.9	16.0	2.3	296
2025 11 30 06	0.52	0.5	2.6	2.6	2.9	0.79	-9999.9	3	203	-9999.9	41	-9999.9	3	17.3	8.0	131	3	1014.7	15.8	6.8	269
2025 11 30 07	0.59	0.56	2.7	2.7	3.1	0.88	-9999.9	3	206	-9999.9	43	-9999.9	3	17.2	-9999.9	-9999.9	3	1014.9	15.0	5.3	297
2025 11 30 08	0.62	0.58	2.6	2.6	2.9	0.98	-9999.9	3	195	-9999.9	47	-9999.9	3	17.1	-9999.9	-9999.9	3	1015.0	15.2	9.2	234
2025 11 30 09	0.59	0.55	2.6	2.7	2.8	1.0	-9999.9	3	201	-9999.9	49	-9999.9	3	17.1	-9999.9	-9999.9	3	1015.6	14.3	5.1	240
2025 11 30 10	0.51	0.48	2.7	2.7	3.3	0.77	-9999.9	3	182	-9999.9	63	-9999.9	3	17.1	-9999.9	-9999.9	3	1015.5	14.8	6.2	260
2025 11 30 11	0.41	0.38	2.9	2.9	3.9	0.67	-9999.9	3	168	-9999.9	54	-9999.9	3	16.9	12.0	172	3	1014.4	15.2	6.3	250
2025 11 30 12	0.32	0.3	2.6	2.7	4.9	0.5	-9999.9	3	191	-9999.9	48	-9999.9	3	16.7	26.0	190	3	1013.6	15.6	4.9	246
2025 11 30 13	0.4	0.36	2.7	2.7	2.8	0.74	-9999.9	3	191	-9999.9	52	-9999.9	3	16.8	13.0	233	3	1012.8	15.6	5.1	234
2025 11 30 14	0.32	0.3	2.4	2.3	2.0	0.53	-9999.9	3	184	-9999.9	65	-9999.9	3	16.8	7.0	158	3	1012.6	14.5	2.6	308
2025 11 30 15	0.26	0.24	2.8	2.9	3.7	0.55	-9999.9	3	62	-9999.9	57	-9999.9	3	17.0	12.0	87	3	1011.9	14.8	1.2	168
2025 11 30 16	0.28	0.25	3.2	3.2	7.9	0.47	-9999.9	3	101	-9999.9	55	-9999.9	3	16.9	8.0	115	3	1011.9	15.1	4.2	251
2025 11 30 17	0.3	0.26	2.5	2.5	8.0	0.5	-9999.9	3	170	-9999.9	53	-9999.9	3	16.8	12.0	159	3	1012.2	14.5	6.0	254
2025 11 30 18	0.29	0.28	3.1	3.1	5.5	0.44	-9999.9	3	119	-9999.9	57	-9999.9	3	16.8	9.0	148	3	1012.5	14.4	3.0	254
2025 11 30 19	0.21	0.19	3.0	3.0	4.5	0.37	-9999.9	3	74	-9999.9	54	-9999.9	3	16.9	7.0	159	3	1013.5	14.8	2.0	243
2025 11 30 20	0.3	0.28	3.6	3.6	7.0	0.57	-9999.9	3	69	-9999.9	52	-9999.9	3	17.2	13.0	126	3	1014.1	14.6	0.8	232
2025 11 30 21	0.27	0.26	4.1	4.0	7.4	0.49	-9999.9	3	100	-9999.9	50	-9999.9	3	17.2	8.0	128	3	1015.0	13.8	3.2	341
2025 11 30 22	0.29	0.26	3.5	3.6	5.5	0.51	-9999.9	3	145	-9999.9	50	-9999.9	3	17.1	-9999.9	-9999.9	3	1015.4	13.8	5.3	350
2025 11 30 23	0.25	0.23	2.8	2.8	4.8	0.39	-9999.9	3	87	-9999.9	60	-9999.9	3	17.1	-9999.9	-9999.9	3	1015.7	13.7	5.8	334
2025 12 01 00	0.31	0.28	3.1	3.1	6.1	0.47	-9999.9	3	105	-9999.9	50	-9999.9	3	17.1	-9999.9	-9999.9	3	1015.8	14.4	5.2	338
2025 12 01 01	0.61	0.58	3.2	3.2	3.9	1.06	-9999.9	3	70	-9999.9	38	-9999.9	3	16.9	-9999.9	-9999.9	3	1015.8	14.4	5.0	339
2025 12 01 02	0.72	0.68	3.2	3.1	4.0	1.11	-9999.9	3	94	-9999.9	47	-9999.9	3	16.8	25.0	268	3	1015.9	14.4	5.0	0
2025 12 01 03	0.71	0.66	3.1	3.1	4.3	1.24	-9999.9	3	88	-9999.9	54	-9999.9	3	16.9	-9999.9	-9999.9	3	1016.1	16.2	6.9	64
2025 12 01 04	0.72	0.69	3.2	3.2	4.3	1.2	-9999.9	3	81	-9999.9	47	-9999.9	3	16.9	23.0	312	3	1016.3	14.3	5.8	342
2025 12 01 05	0.6	0.57	3.2	3.2	4.6	1.0	-9999.9	3	59	-9999.9	41	-9999.9	3	16.8	19.0	337	3	1017.0	14.2	5.6	336
2025 12 01 06	0.53	0.5	3.1	3.1	4.5	0.84	-9999.9	3	70	-9999.9	43	-9999.9	3	17.2	5.0	301	3	1017.3	13.9	4.9	345
2025 12 01 07	0.57	0.54	3.1	3.1	4.3	0.88	-9999.9	3	73	-9999.9	46	-9999.9	3	17.0	-9999.9	-9999.9	3	1018.2	14.0	5.6	5
2025 12 01 08	0.67	0.63	3.1	3.1	4.9	1.07	-9999.9	3	76	-9999.9	40	-9999.9	3	16.9	12.0	237	3	1018.7	15.4	6.7	57
2025 12 01 09	0.72	0.67	3.4	3.4	4.6	1.11	-9999.9	3	77	-9999.9	36	-9999.9	3	16.9	10.0	331	3	1019.0	15.9	8.2	61
2025 12 01 10	0.7	0.67	3.6	3.6	5.0	1.21	-9999.9	3	76	-9999.9	42	-9999.9	3	17.1	10.0	339	3	1019.5	15.9	7.6	55
2025 12 01 11	0.78	0.73	3.6	3.7	5.1	1.28	-9999.9	3	81	-9999.9	37	-9999.9	3	17.1	25.0	86	3	1019.5	16.0	6.6	65
2025 12 01 12	0.77	0.72	3.7	3.8	5.6	1.09	-9999.9	3	75	-9999.9	38	-9999.9	3	17.1	32.0	78	3	1019.3	15.6	6.6	53
2025 12 01 13	0.7	0.67	4.1	4.0	5.9	1.19	-9999.9	3	82	-9999.9	43	-9999.9	3	17.6	22.0	90	3	1019.2	15.6	3.1	22
2025 12 01 14	0.63	0.6	4.2	4.1	6.6	1.09	-9999.9	3	89	-9999.9	44	-9999.9	3	17.3	5.0	115	3	1019.0	15.4	2.3	57
2025 12 01 15	0.62	0.59	4.3	4.1	6.2	0.9	-9999.9	3	106	-9999.9	45	-9999.9	3	17.0	2.0	216	3	1018.7	15.7	2.8	25
2025 12 01 16	0.51	0.48	4.0	4.0	6.3	1.02	-9999.9	3	78	-9999.9	40	-9999.9	3	17.1	23.0	50	3	1018.9	15.8	2.0	349
2025 12 01 17	0.57	0.55	4.5	4.4	5.7	0.84	-9999.9	3	83	-9999.9	40	-9999.9	3	17.2	31.0	52	3	1019.1	16.0	1.2	47
2025 12 01 18	0.62	0.6	4.6	4.4	5.7	0.95	-9999.9	3	99	-9999.9	39	-9999.9	3	17.0	6.0	259	3	1019.5	15.7	3.0	326
2025 12 01 19	0.54	0.51	4.2	4.2	5.9	0.89	-9999.9	3	98	-9999.9	41	-9999.9	3	17.0	7.0	242	3	1019.8	15.7	1.9	317
2025 12 01 20	0.5	0.47	4.2	4.3	6.3	0.85	-9999.9	3	90	-9999.9	42	-9999.9	3	16.9	1.0	283	3	1019.6	15.6	2.1	326
2025 12 01 21	0.54	0.52	4.4	4.4	6.0	0.77	-9999.9	3	93	-9999.9	37	-9999.9	3	16.9	5.0	191	3	1019.6	15.4	1.6	345
2025 12 01 22	0.61	0.59	4.9	4.8	6.0	0.93	-9999.9	3	104	-9999.9	38	-9999.9	3	16.9	7.0	239	3	1019.8	14.8	2.6	338
2025 12 01 23	0.64	0.62	5.0	5.0	6.3	0.98	-9999.9	3	96	-9999.9	39	-9999.9	3	17.4	8.0	93	3	1019.8	14.0	3.1	11
2025 12 02 00	0.66	0.64	5.4	5.1	6.6	0.95	-9999.9	3	96	-9999.9	42	-9999.9	3	17.7	-9999.9	-9999.9	3	1019.1	13.8	1.8	7
2025 12 02 01	0.58	0.58	5.0	4.8	6.5	1.04	-9999.9	3	103	-9999.9	42	-9999.9	3	17.6	10.0	109	3	1018.6	14.4	1.0	25
2025 12 02 02	0.58	0.56	4.6	4.6	6.7	1.01	-9999.9	3	107	-9999.9	43	-9999.9	3	17.5	5.0	182	3	1018.4	14.3	1.9	355
2025 12 02 03	0.57	0.55	4.6	4.6	6.6	1.01	-9999.9	3	115	-9999.9	42	-9999.9	3	17.3	23.0	266	3	1018.1	15.2	2.6	263
2025 12 02 04	0.51	0.48	4.0	3.9	6.3	1.08	-9999.9	3	127	-9999.9	47	-9999.9	3	17.1	16.0	269	3	1017.6	13.8	3.1	359
2025 12 02 05	0.44	0.42	3.7	3.7	6.5	0.65	-9999.9	3	106	-9999.9	46	-9999.9	3	17.0	7.0	282	3	1017.7	15.2	2.7	254
2025 12 02 06	0.45	0.41	3.1	3.1	5.8	0.73	-9999.9	3	115	-9999.9	51	-9999.9	3	17.1	10.0	69	3	1018.1	15.5	4.2	265
2025 12 02 07	0.48	0.44	3.0	2.9	6.3	0.82	-9999.9	3	132	-9999.9	50	-9999.9	3	16.9	-9999.9	-9999.9	3	1018.2	15.8	5.5	254
2025 12 02 08	0.63	0.6	2.9	2.9	3.2	1.21	-9999.9	3	189	-9999.9	38	-9999.9	3	16.9	16.0	130	3	1018.1	15.9	7.9	243
2025 12 02 09	0.73	0.68	2.8	2.9	3.3	1.09	-9999.9	3	207	-9999.9	38	-9999.9	3	16.9	17.0	97	3	1018.4	15.6	8.7	259
2025 12 02 10	0.63	0.58	2.8	2.8	3.3	0.95	-9999.9	3	198	-9999.9	49	-9999.9	3	17.0	-9999.9	-9999.9	3	1018.4	15.9	9.8	255
2025 12 02 11	0.89	0.84	2.9	3.0	3.4	1.37	-9999.9	3	217	-9999.9	44	-9999.9	3	16.9	-9999.9	-9999.9	3	1017.9	16.3	11.8	251
2025 12 02 12	0.79	0.74	2.8	2.9	3.2	1.26	-9999.9	3	202	-9999.9	46	-9999.9	3	16.9	52.0	67	3	1016.6	16.1	12.6	247
2025 12 02 13	0.96	0.91	3.1	3.2	3.6	1.44	-9999.9	3	208	-9999.9	32	-9999.9	3	16.8	23.0	108	3	1016.0	15.8	13.0	236
2025 12 02 14	0.68	0.65	3.0	3.0	3.6	1.31	-9999.9	3	206	-9999.9	35	-9999.9	3	16.7	16.0	178	3	1016.1	15.3	11.1	237
2025 12 02 15	1.05	1.02	3.8	3.7	4.4	1.72	-9999.9	3	207	-9999.9	31	-9999.9	3	16.8	23.0	185	3	1016.5	15.0	10.5	256
2025 12 02 16	0.86	0.82	3.5	3.5	4.2	1.24	-9999.9	3	205	-9999.9	40	-9999.9	3	16.7	14.0	167	3	1017.1	15.5	5.0	264
2025 12 02 17	0.57	0.55	3.0	3.0	3.5	0.87	-9999.9	3	205	-9999.9	51	-9999.9	3	16.7	20.0	165	3	1017.4	15.0	6.2	281
2025 12 02 18	0.44	0.41	2.9	2.8	4.2	0.87	-9999.9	3	209	-9999.9	60	-9999.9	3	16.6	4.0	7	3	1018.0	14.4	7.0	283
2025 12 02 19	0.33	0.3	2.9	3.1	6.1	0.76	-9999.9	3	189	-9999.9	52	-9999.9	3	16.7	10.0	254	3	1019.2	14.3	4.2	259
2025 12 02 20	0.32	0.31	3.2	3.1	4.4	0.52	-9999.9	3	170	-9999.9	59	-9999.9	3	16.7	13.0	133	3	1019.1	14.2	3.5	278
2025 12 02 21	0.32	0.29	3.2	3.2	5.8	0.51	-9999.9	3	196	-9999.9	49	-9999.9	3	16.6	6.0	90	3	1019.1	14.2	4.7	281
2025 12 02 22	0.3	0.28	4.0	4.1	8.0	0.5	-9999.9	3	136	-9999.9	49	-9999.9	3	16.6	10.0	88	3	1018.4	14.8	6.5	266
2025 12 02 23	0.45	0.45	3.3	3.2	4.8	0.86	-9999.9	3	214	-9999.9	47	-9999.9	3	16.8	6.0	103	3	1018.3	14.4	3.8	282
2025 12 03 03	0.7	0.66	3.5	3.4	4.5	0.99	-9999.9	3	212	-9999.9	42	-9999.9	3	16.5	19.0	229	3	1016.8	13.1	7.4	294
2025 12 03 04	0.82	0.77	3.3	3.3	4.8	1.4	-9999.9	3	214	-9999.9	45	-9999.9	3	16.5	30.0	234	3	1017.1	12.4	6.4	297
2025 12 03 05	0.62	0.58	3.0	2.9	3.9	1.11	-9999.9	3	251	-9999.9	56	-9999.9	3	16.5	23.0	219	3	1017.4	12.3	10.2	303
2025 12 03 06	0.56	0.52	2.8	2.9	5.1	0.99	-9999.9	3	236	-9999.9	50	-9999.9	3	16.4	23.0	211	3	1018.1	12.4	10.9	303
2025 12 03 07	0.5	0.46	2.9	2.9	5.6	0.78	-9999.9	3	218	-9999.9	58	-9999.9	3	16.4	30.0	191	3	1019.2	12.1	9.9	306
2025 12 03 08	0.48	0.45	3.1	2.9	6.4	0.78	-9999.9	3	242	-9999.9	58	-9999.9	3	16.4	27.0	215	3	1020.1	12.4	8.4	299
2025 12 03 09	0.47	0.43	2.9	2.9	6.9	0.65	-9999.9	3	211	-9999.9	63	-9999.9	3	16.4	16.0	201	3	1021.2	12.5	6.8	295
2025 12 03 10	0.49	0.45	2.7	2.7	3.7	0.81	-9999.9	3	202	-9999.9	60	-9999.9	3	16.4	6.0	122	3	1022.5	13.1	4.3	275
2025 12 03 11	0.51	0.46	2.9	3.0	6.8	0.96	-9999.9	3	224	-9999.9	63	-9999.9	3	16.7	14.0	44	3	1022.8	13.8	5.1	295
2025 12 03 12	0.49	0.45	3.1	3.0	6.5	0.75	-9999.9	3	201	-9999.9	58	-9999.9	3	16.7	-9999.9	-9999.9	3	1022.1	14.3	9.4	293
2025 12 03 13	0.67	0.61	3.7	3.9	6.8	1.04	-9999.9	3	196	-9999.9	48	-9999.9	3	16.8	-9999.9	-9999.9	3	1022.0	14.9	6.4	283
2025 12 03 14	0.58	0.55	3.8	3.6	6.2	0.88	-9999.9	3	191	-9999.9	47	-9999.9	3	16.7	-9999.9	-9999.9	3	1021.7	15.0	9.1	298
2025 12 03 15	0.52	0.48	3.3	3.3	6.6	0.76	-9999.9	3	200	-9999.9	50	-9999.9	3	16.7	16.0	161	3	1021.6	15.2	9.3	280
2025 12 03 16	0.68	0.64	3.9	3.9	6.2	1.08	-9999.9	3	206	-9999.9	43	-9999.9	3	16.5	19.0	249	3	1022.1	15.2	6.5	297
2025 12 03 17	0.66	0.62	3.6	3.6	5.3	0.99	-9999.9	3	202	-9999.9	48	-9999.9	3	16.4	20.0	265	3	1023.0	14.2	2.3	242
2025 12 03 18	0.63	0.59	3.3	3.3	3.8	1.07	-9999.9	3	203	-9999.9	54	-9999.9	3	16.3	-9999.9	-9999.9	3	1023.6	14.2	1.6	263
2025 12 03 20	0.36	0.34	2.9	2.9	5.8	0.64	-9999.9	3	190	-9999.9	63	-9999.9	3	16.4	27.0	244	3	1024.1	14.3	6.8	280
2025 12 03 21	0.33	0.31	3.1	3.0	4.0	0.51	-9999.9	3	164	-9999.9	58	-9999.9	3	16.4	-9999.9	-9999.9	3	1024.7	14.0	3.6	266
2025 12 03 22	0.38	0.35	3.6	3.5	7.0	0.64	-9999.9	3	162	-9999.9	50	-9999.9	3	16.4	18.0	249	3	1024.8	13.5	4.2	268
2025 12 03 23	0.23	0.21	3.4	3.3	8.9	0.33	-9999.9	3	148	-9999.9	60	-9999.9	3	16.4	10.0	118	3	1025.1	14.1	3.8	308
2025 12 04 00	0.28	0.27	4.2	4.1	7.7	0.44	-9999.9	3	169	-9999.9	55	-9999.9	3	16.5	-9999.9	-9999.9	3	1024.5	14.3	4.6	289
2025 12 04 01	0.33	0.31	4.6	4.7	7.4	0.61	-9999.9	3	168	-9999.9	52	-9999.9	3	16.5	-9999.9	-9999.9	3	1023.9	14.1	4.0	290
2025 12 04 02	0.33	0.32	4.3	4.2	8.1	0.58	-9999.9	3	185	-9999.9	45	-9999.9	3	16.4	13.0	160	3	1023.9	14.3	4.4	300
2025 12 04 03	0.35	0.33	4.5	4.4	6.8	0.54	-9999.9	3	191	-9999.9	43	-9999.9	3	16.3	17.0	245	3	1023.9	13.9	2.8	222
2025 12 04 04	0.36	0.34	3.9	3.8	6.6	0.66	-9999.9	3	192	-9999.9	49	-9999.9	3	16.3	20.0	224	3	1023.8	14.3	3.5	299
2025 12 04 05	0.42	0.4	3.9	3.8	6.7	0.62	-9999.9	3	207	-9999.9	44	-9999.9	3	16.4	13.0	259	3	1024.3	14.0	2.6	317
2025 12 04 06	0.36	0.33	2.6	2.7	2.6	0.58	-9999.9	3	215	-9999.9	49	-9999.9	3	16.4	9.0	316	3	1024.5	13.7	3.5	267
2025 12 04 07	0.4	0.37	2.5	2.5	2.2	0.64	-9999.9	3	210	-9999.9	46	-9999.9	3	16.4	11.0	211	3	1024.5	14.3	6.9	261
2025 12 04 08	0.36	0.34	2.7	2.7	2.9	0.59	-9999.9	3	201	-9999.9	47	-9999.9	3	16.4	17.0	249	3	1024.5	14.4	6.0	246
2025 12 04 09	0.46	0.43	3.1	3.2	3.6	0.71	-9999.9	3	194	-9999.9	45	-9999.9	3	16.4	31.0	204	3	1025.0	15.0	6.7	262
2025 12 04 10	0.73	0.71	3.3	3.2	3.6	1.3	-9999.9	3	218	-9999.9	36	-9999.9	3	16.4	21.0	219	3	1025.1	15.1	9.0	253
2025 12 04 11	0.76	0.72	3.0	3.0	3.6	1.23	-9999.9	3	219	-9999.9	36	-9999.9	3	16.4	23.0	145	3	1023.8	15.4	9.8	249
2025 12 04 12	0.76	0.72	3.1	3.1	3.5	1.21	-9999.9	3	215	-9999.9	37	-9999.9	3	16.4	10.0	160	3	1023.5	15.9	7.7	259
2025 12 04 13	0.8	0.74	2.9	2.9	3.4	1.21	-9999.9	3	213	-9999.9	47	-9999.9	3	16.3	36.0	62	3	1022.4	16.1	10.8	260
2025 12 04 14	0.86	0.81	3.1	3.1	3.4	1.47	-9999.9	3	201	-9999.9	39	-9999.9	3	16.3	20.0	87	3	1021.3	16.3	11.5	255
2025 12 04 15	0.78	0.73	3.0	3.1	3.4	1.51	-9999.9	3	202	-9999.9	34	-9999.9	3	16.3	21.0	83	3	1021.4	16.3	11.1	249
2025 12 04 16	0.6	0.56	3.1	3.1	3.6	0.93	-9999.9	3	202	-9999.9	47	-9999.9	3	16.3	12.0	111	3	1021.4	16.6	8.5	261
2025 12 04 17	0.59	0.56	3.5	3.5	3.7	1.02	-9999.9	3	216	-9999.9	46	-9999.9	3	16.2	36.0	195	3	1022.0	16.9	7.9	264
2025 12 04 18	0.71	0.67	3.7	3.8	4.1	1.23	-9999.9	3	215	-9999.9	45	-9999.9	3	16.2	46.0	192	3	1022.2	16.1	8.4	269
2025 12 04 19	0.64	0.61	3.3	3.3	3.7	1.07	-9999.9	3	213	-9999.9	48	-9999.9	3	16.1	42.0	189	3	1022.2	15.9	9.4	259
2025 12 04 20	0.59	0.57	3.0	3.0	3.3	0.93	-9999.9	3	215	-9999.9	47	-9999.9	3	16.1	24.0	179	3	1022.2	16.6	7.8	265
2025 12 04 21	0.47	0.44	2.6	2.7	2.8	0.83	-9999.9	3	201	-9999.9	52	-9999.9	3	16.1	21.0	160	3	1022.1	16.6	6.5	278
2025 12 04 22	0.56	0.5	2.9	2.9	5.0	0.91	-9999.9	3	191	-9999.9	54	-9999.9	3	16.0	13.0	130	3	1022.3	16.2	5.0	284
2025 12 04 23	0.41	0.39	2.7	2.7	3.0	0.71	-9999.9	3	209	-9999.9	65	-9999.9	3	16.3	-9999.9	-9999.9	3	1022.2	15.9	5.4	274
2025 12 05 00	0.37	0.34	2.6	2.6	3.0	0.69	-9999.9	3	218	-9999.9	63	-9999.9	3	16.2	-9999.9	-9999.9	3	1022.0	16.3	5.7	278
2025 12 05 01	0.36	0.34	2.9	2.8	3.8	0.55	-9999.9	3	199	-9999.9	63	-9999.9	3	16.2	-9999.9	-9999.9	3	1021.8	16.2	4.5	301
2025 12 05 02	0.39	0.37	2.9	2.9	4.0	0.61	-9999.9	3	188	-9999.9	59	-9999.9	3	16.1	-9999.9	-9999.9	3	1022.0	15.6	6.3	322
2025 12 05 03	0.43	0.4	3.3	3.3	5.3	0.67	-9999.9	3	182	-9999.9	47	-9999.9	3	16.1	-9999.9	-9999.9	3	1021.9	16.2	5.6	309
2025 12 05 04	0.46	0.43	3.3	3.2	5.0	0.73	-9999.9	3	200	-9999.9	43	-9999.9	3	16.0	-9999.9	-9999.9	3	1021.6	16.4	5.5	285
2025 12 05 05	0.48	0.45	3.4	3.3	4.0	0.75	-9999.9	3	199	-9999.9	46	-9999.9	3	16.0	24.0	217	3	1021.7	16.3	6.5	267
2025 12 05 06	0.39	0.37	2.8	2.8	3.0	0.72	-9999.9	3	221	-9999.9	54	-9999.9	3	16.0	26.0	192	3	1022.0	16.3	7.1	266
2025 12 05 07	0.43	0.41	2.4	2.4	2.2	0.76	-9999.9	3	211	-9999.9	52	-9999.9	3	16.0	-9999.9	-9999.9	3	1022.7	15.0	7.1	261
2025 12 05 08	0.46	0.44	2.4	2.4	2.3	0.72	-9999.9	3	215	-9999.9	41	-9999.9	3	16.0	10.0	217	3	1022.6	14.9	9.7	251
2025 12 05 09	0.5	0.45	3.0	3.0	3.7	0.72	-9999.9	3	186	-9999.9	40	-9999.9	3	16.0	23.0	203	3	1023.8	15.1	8.5	259
2025 12 05 10	0.56	0.54	2.9	3.0	3.2	0.9	-9999.9	3	220	-9999.9	44	-9999.9	3	16.0	37.0	209	3	1024.0	15.7	8.9	255
2025 12 05 11	0.73	0.69	2.9	2.9	3.2	1.19	-9999.9	3	219	-9999.9	37	-9999.9	3	16.0	23.0	168	3	1023.0	16.1	11.8	257
2025 12 05 12	0.76	0.71	2.6	2.7	3.1	1.18	-9999.9	3	215	-9999.9	42	-9999.9	3	16.0	-9999.9	-9999.9	3	1022.8	17.0	10.9	253
2025 12 05 13	0.82	0.77	2.9	2.9	3.3	1.2	-9999.9	3	223	-9999.9	49	-9999.9	3	16.5	-9999.9	-9999.9	3	1022.1	17.2	11.8	248
2025 12 05 14	0.75	0.69	3.0	3.0	3.4	1.18	-9999.9	3	207	-9999.9	48	-9999.9	3	16.3	-9999.9	-9999.9	3	1021.9	17.5	10.4	247
2025 12 05 15	0.76	0.72	3.0	2.9	3.0	1.06	-9999.9	3	166	-9999.9	46	-9999.9	3	16.4	-9999.9	-9999.9	3	1021.8	17.1	10.8	249
2025 12 05 16	0.68	0.64	3.0	2.9	3.7	1.07	-9999.9	3	207	-9999.9	45	-9999.9	3	16.2	32.0	76	3	1022.6	17.4	8.8	246
2025 12 05 17	0.61	0.57	2.9	3.0	3.3	0.94	-9999.9	3	196	-9999.9	50	-9999.9	3	16.4	-9999.9	-9999.9	3	1022.8	16.9	8.2	239
2025 12 05 18	0.49	0.46	3.1	3.1	7.2	0.8	-9999.9	3	183	-9999.9	53	-9999.9	3	15.9	13.0	108	3	1023.2	17.2	6.9	271
2025 12 05 19	0.5	0.47	3.1	3.1	3.7	0.92	-9999.9	3	198	-9999.9	49	-9999.9	3	15.7	-9999.9	-9999.9	3	1023.4	17.3	7.5	241
2025 12 05 20	0.54	0.5	3.3	3.4	6.8	0.97	-9999.9	3	190	-9999.9	55	-9999.9	3	15.7	-9999.9	-9999.9	3	1023.9	17.5	2.6	288
2025 12 05 21	0.42	0.38	3.1	3.1	6.1	0.72	-9999.9	3	174	-9999.9	50	-9999.9	3	15.7	24.0	190	3	1024.0	17.3	6.0	237
2025 12 05 22	0.37	0.34	2.7	2.8	4.2	0.64	-9999.9	3	164	-9999.9	57	-9999.9	3	15.8	32.0	196	3	1024.1	17.1	5.8	248
2025 12 05 23	0.4	0.38	2.7	2.7	2.5	0.67	-9999.9	3	173	-9999.9	50	-9999.9	3	15.8	19.0	217	3	1024.4	17.1	2.7	265
2025 12 06 00	0.39	0.36	2.5	2.5	2.3	0.6	-9999.9	3	187	-9999.9	55	-9999.9	3	16.1	10.0	140	3	1024.1	17.1	2.8	265
2025 12 06 01	0.28	0.26	2.2	2.2	2.0	0.56	-9999.9	3	166	-9999.9	67	-9999.9	3	16.2	-9999.9	-9999.9	3	1023.5	16.9	3.5	228
2025 12 06 02	0.31	0.29	2.5	2.5	2.8	0.55	-9999.9	3	178	-9999.9	60	-9999.9	3	16.3	-9999.9	-9999.9	3	1023.6	16.8	4.2	245
2025 12 06 03	0.32	0.3	2.4	2.4	2.1	0.5	-9999.9	3	212	-9999.9	54	-9999.9	3	16.3	19.0	111	3	1023.5	16.4	4.2	252
2025 12 06 04	0.35	0.32	2.8	2.8	6.1	0.64	-9999.9	3	184	-9999.9	53	-9999.9	3	16.0	-9999.9	-9999.9	3	1023.4	16.3	3.2	243
2025 12 06 05	0.28	0.26	3.3	3.3	6.5	0.43	-9999.9	3	182	-9999.9	48	-9999.9	3	15.8	9.0	204	3	1023.4	16.2	1.7	240
2025 12 06 06	0.3	0.29	3.4	3.3	4.2	0.48	-9999.9	3	195	-9999.9	52	-9999.9	3	15.7	-9999.9	-9999.9	3	1023.8	15.9	0.7	286
2025 12 06 07	0.31	0.29	3.0	3.0	5.4	0.66	-9999.9	3	161	-9999.9	57	-9999.9	3	15.7	24.0	216	3	1024.3	16.6	2.0	278
2025 12 06 08	0.22	0.2	2.7	2.7	3.4	0.3	-9999.9	3	40	-9999.9	64	-9999.9	3	16.0	10.0	322	3	1024.5	16.3	3.6	231
2025 12 06 09	0.27	0.24	3.9	3.6	10.0	0.43	-9999.9	3	118	-9999.9	47	-9999.9	3	16.0	-9999.9	-9999.9	3	1024.7	16.5	6.0	239
2025 12 06 10	0.28	0.26	2.8	2.8	5.8	0.48	-9999.9	3	97	-9999.9	53	-9999.9	3	16.0	4.0	78	3	1025.0	16.7	6.6	240
2025 12 06 11	0.33	0.31	2.7	2.8	3.3	0.63	-9999.9	3	152	-9999.9	47	-9999.9	3	15.9	28.0	222	3	1024.6	16.9	7.3	242
2025 12 06 12	0.46	0.43	2.4	2.4	2.4	0.96	-9999.9	3	204	-9999.9	50	-9999.9	3	15.8	7.0	197	3	1023.8	16.8	7.3	246
2025 12 06 13	0.41	0.37	2.9	2.9	6.6	0.62	-9999.9	3	136	-9999.9	55	-9999.9	3	16.3	-9999.9	-9999.9	3	1023.2	19.3	4.5	299
2025 12 06 14	0.52	0.47	2.5	2.6	2.4	0.77	-9999.9	3	195	-9999.9	54	-9999.9	3	16.4	-9999.9	-9999.9	3	1022.3	17.1	7.0	240
2025 12 06 15	0.45	0.42	2.7	2.7	3.1	0.68	-9999.9	3	185	-9999.9	64	-9999.9	3	16.5	-9999.9	-9999.9	3	1022.0	17.8	5.8	236
2025 12 06 16	0.49	0.46	2.6	2.6	2.6	0.8	-9999.9	3	187	-9999.9	59	-9999.9	3	16.5	-9999.9	-9999.9	3	1022.0	17.5	5.9	239
2025 12 06 17	-9999.9	-9999.9	-9999.9	-9999.9	-9999.9	-9999.9	-9999.9	3	-9999.9	-9999.9	-9999.9	-9999.9	3	16.5	14.0	73	3	1022.2	18.1	1.9	284
2025 12 06 18	0.34	0.31	3.1	3.0	7.0	0.57	-9999.9	3	165	-9999.9	59	-9999.9	3	16.4	11.0	173	3	1022.4	17.8	1.6	354
2025 12 06 19	0.32	0.28	3.4	3.5	10.2	0.48	-9999.9	3	166	-9999.9	49	-9999.9	3	16.3	15.0	261	3	1022.8	17.3	1.0	164
2025 12 06 20	0.27	0.26	3.4	3.3	6.2	0.43	-9999.9	3	190	-9999.9	54	-9999.9	3	16.1	15.0	264	3	1022.9	16.5	1.4	233
2025 12 06 21	0.35	0.32	3.1	3.1	4.7	0.46	-9999.9	3	184	-9999.9	52	-9999.9	3	15.9	17.0	251	3	1022.9	15.9	2.4	251
2025 12 06 22	0.31	0.28	3.1	3.0	7.8	0.53	-9999.9	3	132	-9999.9	54	-9999.9	3	15.6	15.0	258	3	1023.2	15.2	1.5	347
2025 12 06 23	0.25	0.23	2.7	2.7	3.1	0.36	-9999.9	3	143	-9999.9	67	-9999.9	3	15.9	13.0	297	3	1023.1	14.4	1.7	1
2025 12 07 00	0.3	0.28	2.6	2.7	3.6	0.47	-9999.9	3	165	-9999.9	53	-9999.9	3	16.0	7.0	355	3	1022.9	14.2	1.6	354
2025 12 07 01	0.31	0.28	2.8	2.9	4.9	0.62	-9999.9	3	158	-9999.9	55	-9999.9	3	16.8	-9999.9	-9999.9	3	1022.5	14.0	1.9	11
2025 12 07 02	0.28	0.26	2.5	2.5	4.5	0.4	-9999.9	3	144	-9999.9	63	-9999.9	3	16.5	-9999.9	-9999.9	3	1022.5	13.8	2.4	6
2025 12 07 03	0.22	0.21	2.8	2.7	4.5	0.32	-9999.9	3	168	-9999.9	68	-9999.9	3	15.9	-9999.9	-9999.9	3	1022.1	13.7	2.1	12
2025 12 07 04	0.3	0.28	3.3	3.2	5.7	0.56	-9999.9	3	164	-9999.9	64	-9999.9	3	16.0	21.0	128	3	1022.1	13.7	0.9	247
2025 12 07 05	0.29	0.28	3.3	3.2	5.1	0.43	-9999.9	3	171	-9999.9	57	-9999.9	3	16.0	16.0	139	3	1022.0	13.9	1.3	274
2025 12 07 06	0.3	0.28	3.3	3.2	6.3	0.56	-9999.9	3	187	-9999.9	52	-9999.9	3	15.6	-9999.9	-9999.9	3	1022.3	15.0	4.7	237
2025 12 07 07	0.34	0.31	3.0	3.1	4.1	0.57	-9999.9	3	191	-9999.9	59	-9999.9	3	15.6	-9999.9	-9999.9	3	1022.9	14.8	2.7	249
2025 12 07 08	0.28	0.27	2.4	2.4	2.2	0.45	-9999.9	3	175	-9999.9	67	-9999.9	3	15.6	-9999.9	-9999.9	3	1023.3	14.7	3.0	266
2025 12 07 09	0.26	0.24	2.4	2.4	5.8	0.42	-9999.9	3	341	-9999.9	66	-9999.9	3	15.9	-9999.9	-9999.9	3	1023.6	15.9	6.2	251
2025 12 07 10	0.24	0.23	2.3	2.3	2.1	0.39	-9999.9	3	129	-9999.9	66	-9999.9	3	16.0	-9999.9	-9999.9	3	1023.9	15.4	7.3	256
2025 12 07 11	0.37	0.34	2.4	2.4	2.2	0.63	-9999.9	3	190	-9999.9	44	-9999.9	3	15.9	10.0	154	3	1023.4	15.6	7.4	242
2025 12 07 12	0.39	0.36	2.5	2.5	2.4	0.57	-9999.9	3	197	-9999.9	42	-9999.9	3	15.9	15.0	174	3	1022.7	15.9	7.1	242
2025 12 07 13	0.47	0.44	2.4	2.4	2.3	0.76	-9999.9	3	216	-9999.9	40	-9999.9	3	15.9	3.0	238	3	1021.7	16.4	8.4	244
2025 12 07 14	0.38	0.35	2.5	2.6	3.5	0.7	-9999.9	3	180	-9999.9	58	-9999.9	3	16.5	-9999.9	-9999.9	3	1021.4	16.8	8.2	239
2025 12 07 15	0.46	0.42	2.6	2.7	3.7	0.7	-9999.9	3	180	-9999.9	55	-9999.9	3	16.4	-9999.9	-9999.9	3	1021.3	17.2	7.1	236
2025 12 07 16	0.46	0.42	3.0	3.0	3.5	0.7	-9999.9	3	149	-9999.9	57	-9999.9	3	16.3	-9999.9	-9999.9	3	1021.2	17.2	6.9	239
2025 12 07 17	0.35	0.33	2.6	2.6	4.6	0.6	-9999.9	3	185	-9999.9	53	-9999.9	3	16.2	24.0	125	3	1021.4	16.6	3.9	247
2025 12 07 18	0.36	0.31	3.0	3.1	6.8	0.57	-9999.9	3	140	-9999.9	59	-9999.9	3	16.1	17.0	94	3	1021.6	17.0	2.6	257
2025 12 07 19	0.36	0.32	3.4	3.4	8.8	0.74	-9999.9	3	170	-9999.9	59	-9999.9	3	15.9	13.0	149	3	1021.8	16.6	2.5	248
2025 12 07 20	0.3	0.27	3.6	3.6	6.9	0.51	-9999.9	3	177	-9999.9	61	-9999.9	3	15.9	14.0	253	3	1022.1	15.6	0.6	240
2025 12 07 21	0.34	0.32	3.5	3.6	7.5	0.5	-9999.9	3	173	-9999.9	52	-9999.9	3	15.6	-9999.9	-9999.9	3	1022.1	15.4	1.6	48
2025 12 07 22	0.37	0.34	3.9	3.8	8.6	0.6	-9999.9	3	159	-9999.9	48	-9999.9	3	15.6	-9999.9	-9999.9	3	1022.3	14.2	1.1	16
2025 12 07 23	0.27	0.25	3.0	3.0	4.9	0.47	-9999.9	3	186	-9999.9	54	-9999.9	3	15.6	18.0	252	3	1022.5	14.3	1.5	347
2025 12 08 00	0.24	0.23	2.6	2.6	2.7	0.5	-9999.9	3	204	-9999.9	53	-9999.9	3	15.5	14.0	256	3	1022.3	13.9	1.7	358
2025 12 08 01	0.23	0.22	2.6	2.6	3.2	0.34	-9999.9	3	203	-9999.9	55	-9999.9	3	15.6	11.0	291	3	1021.7	14.0	1.5	349
2025 12 08 02	0.19	0.18	2.5	2.5	2.5	0.32	-9999.9	3	154	-9999.9	65	-9999.9	3	15.8	6.0	100	3	1021.5	12.7	2.7	9
2025 12 08 03	0.22	0.2	2.9	2.9	4.8	0.4	-9999.9	3	103	-9999.9	62	-9999.9	3	16.2	-9999.9	-9999.9	3	1021.3	13.2	1.0	355
2025 12 08 04	0.4	0.39	4.3	4.4	6.0	0.74	-9999.9	3	132	-9999.9	48	-9999.9	3	16.0	-9999.9	-9999.9	3	1020.7	12.7	3.2	3
2025 12 08 05	0.29	0.27	4.0	3.8	8.8	0.46	-9999.9	3	149	-9999.9	60	-9999.9	3	15.7	-9999.9	-9999.9	3	1020.9	12.8	3.4	356
2025 12 08 06	0.3	0.27	3.4	3.4	5.7	0.45	-9999.9	3	113	-9999.9	61	-9999.9	3	15.9	-9999.9	-9999.9	3	1021.6	12.7	3.6	349
2025 12 08 07	0.25	0.24	3.1	3.1	5.3	0.44	-9999.9	3	161	-9999.9	62	-9999.9	3	15.6	14.0	251	3	1022.1	12.5	3.5	360
2025 12 08 08	0.26	0.24	3.2	3.1	6.0	0.38	-9999.9	3	176	-9999.9	61	-9999.9	3	15.6	-9999.9	-9999.9	3	1022.6	12.6	3.6	359
2025 12 08 09	0.23	0.22	2.8	2.8	4.0	0.39	-9999.9	3	121	-9999.9	62	-9999.9	3	15.7	20.0	169	3	1023.3	12.9	4.1	349
2025 12 08 10	0.21	0.19	3.1	3.1	6.1	0.37	-9999.9	3	69	-9999.9	64	-9999.9	3	15.7	5.0	291	3	1023.5	14.1	2.7	348
2025 12 08 11	0.2	0.18	3.1	3.2	6.6	0.36	-9999.9	3	52	-9999.9	56	-9999.9	3	15.9	4.0	101	3	1023.2	15.2	0.8	108
2025 12 08 12	0.22	0.21	3.1	3.1	4.3	0.46	-9999.9	3	111	-9999.9	60	-9999.9	3	15.8	13.0	284	3	1022.0	15.7	0.9	192
2025 12 08 13	0.33	0.32	3.9	3.9	5.4	0.65	-9999.9	3	67	-9999.9	56	-9999.9	3	16.1	19.0	283	3	1021.2	15.9	0.9	125
2025 12 08 14	0.21	0.19	2.6	2.6	3.8	0.38	-9999.9	3	202	-9999.9	67	-9999.9	3	15.9	11.0	265	3	1020.8	16.1	1.1	114
2025 12 08 15	0.23	0.21	3.4	3.4	7.9	0.43	-9999.9	3	108	-9999.9	57	-9999.9	3	15.8	10.0	28	3	1020.9	16.4	1.5	88
2025 12 08 16	0.25	0.23	3.7	3.7	8.9	0.46	-9999.9	3	145	-9999.9	56	-9999.9	3	15.9	8.0	294	3	1020.9	16.3	0.9	113
2025 12 08 17	0.29	0.26	3.3	3.2	6.8	0.48	-9999.9	3	103	-9999.9	63	-9999.9	3	15.8	6.0	326	3	1021.3	15.6	0.8	311
2025 12 08 18	0.35	0.32	3.5	3.4	8.2	0.67	-9999.9	3	119	-9999.9	58	-9999.9	3	16.1	7.0	116	3	1021.3	15.3	1.6	354
2025 12 08 19	0.33	0.29	3.2	3.2	8.4	0.52	-9999.9	3	143	-9999.9	55	-9999.9	3	16.1	17.0	105	3	1021.7	15.9	1.8	360
2025 12 08 20	0.35	0.33	3.4	3.2	5.6	0.66	-9999.9	3	109	-9999.9	58	-9999.9	3	16.0	7.0	72	3	1022.2	14.6	3.4	350
2025 12 08 21	0.35	0.33	3.3	3.2	3.5	0.81	-9999.9	3	123	-9999.9	55	-9999.9	3	16.1	6.0	80	3	1022.3	14.7	4.5	345
2025 12 08 22	0.34	0.31	3.5	3.6	5.9	0.77	-9999.9	3	110	-9999.9	58	-9999.9	3	16.0	4.0	223	3	1022.3	14.9	4.5	340
2025 12 08 23	0.26	0.24	3.2	3.3	5.7	0.5	-9999.9	3	123	-9999.9	62	-9999.9	3	16.0	2.0	49	3	1022.4	14.9	5.4	339
2025 12 09 00	0.22	0.2	3.1	3.2	6.8	0.49	-9999.9	3	143	-9999.9	56	-9999.9	3	15.9	10.0	78	3	1022.3	14.8	4.6	346
2025 12 09 01	0.22	0.21	3.0	3.0	5.8	0.46	-9999.9	3	46	-9999.9	56	-9999.9	3	15.8	33.0	43	3	1022.0	13.4	4.6	354
2025 12 09 02	0.17	0.16	2.7	2.7	5.7	0.29	-9999.9	3	55	-9999.9	60	-9999.9	3	16.1	47.0	28	3	1021.9	13.9	5.0	351
2025 12 09 03	0.19	0.18	2.6	2.7	4.6	0.35	-9999.9	3	61	-9999.9	50	-9999.9	3	16.1	25.0	34	3	1021.9	13.9	5.2	347
2025 12 09 04	0.25	0.24	2.9	2.9	5.8	0.41	-9999.9	3	206	-9999.9	56	-9999.9	3	16.0	16.0	20	3	1021.6	12.5	4.9	352
2025 12 09 05	0.26	0.23	3.1	3.0	7.2	0.39	-9999.9	3	130	-9999.9	55	-9999.9	3	16.0	21.0	44	3	1021.5	12.8	5.1	346
2025 12 09 06	0.26	0.24	3.4	3.5	9.2	0.42	-9999.9	3	135	-9999.9	52	-9999.9	3	16.1	-9999.9	-9999.9	3	1021.6	14.1	4.4	351
2025 12 09 07	0.3	0.28	4.0	4.0	6.6	0.72	-9999.9	3	137	-9999.9	55	-9999.9	3	15.9	-9999.9	-9999.9	3	1022.0	13.3	5.4	350
2025 12 09 08	0.24	0.23	3.5	3.4	7.5	0.35	-9999.9	3	186	-9999.9	52	-9999.9	3	15.9	15.0	263	3	1022.3	14.3	5.7	340
2025 12 09 09	0.29	0.26	3.1	3.2	6.3	0.51	-9999.9	3	126	-9999.9	60	-9999.9	3	15.9	18.0	284	3	1022.8	14.5	5.1	351
2025 12 09 10	0.28	0.26	3.2	3.2	5.5	0.42	-9999.9	3	96	-9999.9	60	-9999.9	3	16.0	2.0	180	3	1023.1	15.1	4.6	353
2025 12 09 11	0.18	0.17	2.6	2.6	3.6	0.32	-9999.9	3	54	-9999.9	61	-9999.9	3	16.1	17.0	58	3	1023.0	15.7	3.8	349
2025 12 09 12	0.23	0.21	3.6	3.4	8.3	0.35	-9999.9	3	120	-9999.9	52	-9999.9	3	16.1	10.0	102	3	1022.5	16.3	2.0	351
2025 12 09 13	0.23	0.23	3.3	3.2	4.0	0.36	-9999.9	3	132	-9999.9	54	-9999.9	3	16.2	12.0	253	3	1021.7	16.5	1.8	49
2025 12 09 14	0.29	0.28	3.0	3.0	4.2	0.45	-9999.9	3	128	-9999.9	52	-9999.9	3	16.2	7.0	202	3	1021.1	16.3	2.2	75
2025 12 09 15	0.24	0.22	3.4	3.4	8.1	0.38	-9999.9	3	106	-9999.9	51	-9999.9	3	16.1	8.0	163	3	1021.3	16.3	1.4	49
2025 12 09 16	0.23	0.21	3.7	3.6	9.0	0.33	-9999.9	3	113	-9999.9	52	-9999.9	3	16.5	14.0	97	3	1021.3	16.1	1.2	84
2025 12 09 17	0.28	0.26	3.9	3.8	9.8	0.41	-9999.9	3	157	-9999.9	45	-9999.9	3	16.4	8.0	84	3	1021.6	16.1	0.5	287
2025 12 09 18	0.38	0.35	4.0	3.9	8.6	0.67	-9999.9	3	146	-9999.9	48	-9999.9	3	16.3	14.0	139	3	1021.5	16.0	0.7	300
2025 12 09 19	0.35	0.31	3.7	3.7	7.9	0.59	-9999.9	3	170	-9999.9	47	-9999.9	3	16.3	9.0	134	3	1021.7	15.9	1.4	358
2025 12 09 20	0.36	0.33	3.9	3.8	9.0	0.63	-9999.9	3	103	-9999.9	50	-9999.9	3	16.3	9.0	113	3	1021.5	15.5	3.0	353
2025 12 09 21	0.34	0.31	4.1	4.4	6.6	0.62	-9999.9	3	144	-9999.9	47	-9999.9	3	16.4	10.0	77	3	1021.2	15.5	2.3	359
2025 12 09 22	0.32	0.3	4.0	3.8	8.8	0.46	-9999.9	3	157	-9999.9	54	-9999.9	3	16.3	4.0	305	3	1021.0	15.0	3.6	351
2025 12 09 23	0.38	0.35	4.4	4.4	8.8	0.74	-9999.9	3	154	-9999.9	51	-9999.9	3	16.2	12.0	242	3	1020.8	15.3	3.6	345
2025 12 10 00	0.37	0.34	4.3	4.3	8.7	0.51	-9999.9	3	192	-9999.9	44	-9999.9	3	16.1	12.0	249	3	1020.4	15.1	3.5	348
2025 12 10 01	0.35	0.31	4.2	4.1	9.3	0.54	-9999.9	3	189	-9999.9	53	-9999.9	3	16.0	11.0	274	3	1019.9	15.0	4.5	358
2025 12 10 02	0.24	0.21	3.1	3.1	7.4	0.34	-9999.9	3	176	-9999.9	58	-9999.9	3	16.0	3.0	301	3	1019.9	14.9	5.2	339
2025 12 10 03	0.28	0.25	3.5	3.6	9.0	0.43	-9999.9	3	109	-9999.9	51	-9999.9	3	16.1	31.0	32	3	1019.5	14.6	4.1	352
2025 12 10 04	0.35	0.31	4.1	4.1	9.1	0.56	-9999.9	3	193	-9999.9	43	-9999.9	3	16.2	28.0	12	3	1019.4	14.4	2.8	4
2025 12 10 05	0.38	0.36	4.9	4.7	8.6	0.6	-9999.9	3	208	-9999.9	39	-9999.9	3	16.0	25.0	30	3	1019.4	14.6	2.0	338
2025 12 10 06	0.34	0.31	4.7	4.6	8.3	0.49	-9999.9	3	187	-9999.9	41	-9999.9	3	16.5	-9999.9	-9999.9	3	1020.7	15.3	6.6	284
2025 12 10 07	0.43	0.4	5.1	5.0	7.5	0.74	-9999.9	3	201	-9999.9	39	-9999.9	3	16.6	-9999.9	-9999.9	3	1020.6	15.8	2.9	357
2025 12 10 08	0.59	0.57	4.8	4.7	7.5	0.91	-9999.9	3	205	-9999.9	41	-9999.9	3	16.5	-9999.9	-9999.9	3	1020.7	14.7	3.7	350
2025 12 10 09	0.55	0.5	4.1	4.4	7.5	1.0	-9999.9	3	190	-9999.9	40	-9999.9	3	16.2	13.0	216	3	1021.2	14.7	3.3	332
2025 12 10 11	0.36	0.33	3.0	3.0	5.6	0.6	-9999.9	3	197	-9999.9	64	-9999.9	3	16.2	10.0	176	3	1021.7	15.4	6.5	239
2025 12 10 12	0.42	0.38	2.5	2.5	2.3	0.64	-9999.9	3	184	-9999.9	59	-9999.9	3	16.2	-9999.9	-9999.9	3	1020.9	15.0	7.0	207
2025 12 10 13	0.49	0.45	2.6	2.6	2.4	0.75	-9999.9	3	184	-9999.9	47	-9999.9	3	16.1	9.0	54	3	1020.4	14.3	5.0	207
2025 12 10 14	0.31	0.27	3.1	3.1	6.2	0.45	-9999.9	3	190	-9999.9	51	-9999.9	3	16.1	8.0	296	3	1020.0	14.4	3.2	235
2025 12 10 15	0.43	0.41	2.3	2.3	2.2	0.65	-9999.9	3	204	-9999.9	44	-9999.9	3	16.1	9.0	284	3	1019.8	14.9	7.9	228
2025 12 10 16	0.34	0.3	2.8	2.8	5.3	0.46	-9999.9	3	190	-9999.9	55	-9999.9	3	16.1	11.0	70	3	1020.0	14.9	5.0	204
2025 12 10 17	0.38	0.35	3.6	3.5	7.8	0.59	-9999.9	3	199	-9999.9	50	-9999.9	3	16.4	-9999.9	-9999.9	3	1020.3	14.9	3.1	242
2025 12 10 18	0.48	0.44	4.3	4.3	7.2	0.72	-9999.9	3	191	-9999.9	52	-9999.9	3	16.3	16.0	111	3	1020.7	14.7	3.0	230
2025 12 10 19	0.55	0.52	4.4	4.3	7.5	0.88	-9999.9	3	188	-9999.9	48	-9999.9	3	16.3	18.0	114	3	1021.0	14.7	3.2	219
2025 12 10 20	0.54	0.51	4.3	4.3	6.3	0.95	-9999.9	3	192	-9999.9	54	-9999.9	3	16.3	13.0	99	3	1021.3	14.7	2.0	176
2025 12 10 21	0.51	0.46	4.1	4.1	7.1	1.01	-9999.9	3	189	-9999.9	49	-9999.9	3	16.4	15.0	95	3	1021.3	14.7	3.0	149
2025 12 10 22	0.55	0.49	4.1	4.1	8.3	0.85	-9999.9	3	177	-9999.9	54	-9999.9	3	16.3	10.0	95	3	1021.5	15.1	1.8	120
2025 12 10 23	0.45	0.43	4.1	4.0	6.8	0.68	-9999.9	3	200	-9999.9	43	-9999.9	3	16.3	10.0	213	3	1021.3	14.7	2.1	5
2025 12 11 00	0.42	0.4	4.1	3.9	5.5	0.64	-9999.9	3	203	-9999.9	47	-9999.9	3	16.0	17.0	228	3	1020.9	13.6	4.4	345
2025 12 11 01	0.37	0.34	3.8	3.7	5.5	0.55	-9999.9	3	207	-9999.9	49	-9999.9	3	16.0	16.0	218	3	1020.5	13.4	5.1	338
2025 12 11 02	0.3	0.28	3.1	3.0	4.7	0.42	-9999.9	3	178	-9999.9	55	-9999.9	3	15.9	19.0	192	3	1020.5	13.4	5.2	331
2025 12 11 03	0.22	0.2	2.9	2.8	4.7	0.37	-9999.9	3	132	-9999.9	58	-9999.9	3	15.9	25.0	25	3	1020.3	13.7	4.3	334
2025 12 11 04	0.26	0.24	3.4	3.2	7.6	0.42	-9999.9	3	131	-9999.9	56	-9999.9	3	16.4	27.0	57	3	1020.0	14.0	4.4	336
2025 12 11 05	0.27	0.24	3.7	3.7	7.4	0.39	-9999.9	3	135	-9999.9	58	-9999.9	3	16.8	36.0	88	3	1020.3	14.3	4.5	330
2025 12 11 06	0.27	0.25	3.4	3.5	6.5	0.45	-9999.9	3	161	-9999.9	48	-9999.9	3	16.6	38.0	89	3	1020.7	14.3	4.4	348
2025 12 11 07	0.34	0.31	3.7	3.6	5.4	0.6	-9999.9	3	130	-9999.9	50	-9999.9	3	16.5	44.0	89	3	1021.4	13.8	5.0	355
2025 12 11 08	0.36	0.33	3.6	3.5	5.3	0.57	-9999.9	3	131	-9999.9	49	-9999.9	3	16.4	31.0	98	3	1021.7	13.5	4.9	345
2025 12 11 09	0.4	0.36	3.9	4.1	8.6	0.62	-9999.9	3	126	-9999.9	52	-9999.9	3	16.2	38.0	96	3	1022.2	13.5	4.7	342
2025 12 11 10	0.36	0.33	3.8	3.8	7.9	0.52	-9999.9	3	169	-9999.9	54	-9999.9	3	16.2	7.0	173	3	1022.4	14.1	4.1	343
2025 12 11 11	0.33	0.3	3.8	3.8	7.7	0.61	-9999.9	3	127	-9999.9	63	-9999.9	3	16.0	14.0	194	3	1021.9	14.6	3.8	340
2025 12 11 12	0.24	0.22	3.5	3.5	4.3	0.38	-9999.9	3	69	-9999.9	57	-9999.9	3	16.6	42.0	57	3	1021.4	15.2	3.7	353
2025 12 11 13	0.24	0.22	3.2	3.1	5.2	0.4	-9999.9	3	41	-9999.9	59	-9999.9	3	16.2	32.0	59	3	1020.6	15.6	2.7	351
2025 12 11 14	0.27	0.26	3.5	3.4	6.4	0.4	-9999.9	3	103	-9999.9	49	-9999.9	3	16.5	10.0	165	3	1019.8	15.6	4.1	39
2025 12 11 15	0.27	0.25	3.0	3.0	5.8	0.57	-9999.9	3	84	-9999.9	55	-9999.9	3	16.5	11.0	110	3	1019.9	15.6	3.0	353
2025 12 11 16	0.26	0.24	3.3	3.2	4.4	0.42	-9999.9	3	78	-9999.9	45	-9999.9	3	16.9	16.0	105	3	1019.6	16.6	2.8	45
2025 12 11 17	0.32	0.31	3.4	3.5	4.6	0.52	-9999.9	3	100	-9999.9	41	-9999.9	3	16.8	13.0	96	3	1019.8	16.0	3.9	63
2025 12 11 18	0.34	0.32	3.8	3.8	7.3	0.49	-9999.9	3	104	-9999.9	50	-9999.9	3	16.8	13.0	88	3	1020.0	16.3	3.9	94
2025 12 11 19	0.37	0.33	3.3	3.2	7.7	0.55	-9999.9	3	126	-9999.9	45	-9999.9	3	16.7	14.0	123	3	1020.1	16.4	4.4	116
2025 12 11 20	0.46	0.42	3.1	3.2	4.8	0.82	-9999.9	3	107	-9999.9	51	-9999.9	3	16.7	15.0	87	3	1020.3	16.3	4.3	135
2025 12 11 21	0.43	0.39	3.4	3.3	6.0	0.68	-9999.9	3	134	-9999.9	53	-9999.9	3	16.6	4.0	70	3	1020.3	16.2	2.9	144
2025 12 11 22	0.43	0.39	3.8	3.8	7.0	0.77	-9999.9	3	114	-9999.9	49	-9999.9	3	16.7	8.0	63	3	1020.2	16.1	2.1	147
2025 12 11 23	0.48	0.44	3.9	3.9	6.6	0.93	-9999.9	3	149	-9999.9	47	-9999.9	3	16.6	7.0	118	3	1019.8	15.3	2.0	11
2025 12 12 00	0.44	0.41	3.8	3.8	4.8	0.66	-9999.9	3	129	-9999.9	49	-9999.9	3	16.6	6.0	228	3	1019.0	14.2	3.8	348
2025 12 12 01	0.55	0.52	4.3	4.2	4.7	0.87	-9999.9	3	142	-9999.9	44	-9999.9	3	16.4	14.0	245	3	1017.8	14.0	3.0	18
2025 12 12 02	0.46	0.43	3.5	3.5	4.8	0.63	-9999.9	3	124	-9999.9	48	-9999.9	3	16.2	6.0	215	3	1017.5	14.4	3.0	354
2025 12 12 03	0.35	0.34	3.6	3.5	5.0	0.6	-9999.9	3	94	-9999.9	50	-9999.9	3	16.2	20.0	15	3	1017.2	14.5	3.9	347
2025 12 12 04	0.41	0.39	4.0	3.9	4.8	0.72	-9999.9	3	97	-9999.9	44	-9999.9	3	17.0	28.0	66	3	1016.6	15.0	3.0	344
2025 12 12 05	0.4	0.38	4.1	4.0	5.0	0.59	-9999.9	3	105	-9999.9	44	-9999.9	3	17.0	20.0	96	3	1016.1	14.7	1.7	25
2025 12 12 06	0.42	0.4	4.1	4.0	5.1	0.65	-9999.9	3	104	-9999.9	41	-9999.9	3	16.9	20.0	115	3	1015.8	15.0	1.7	57
2025 12 12 07	0.49	0.48	4.1	3.9	6.1	0.72	-9999.9	3	98	-9999.9	48	-9999.9	3	16.8	29.0	76	3	1015.6	16.0	3.3	115
2025 12 12 08	0.59	0.56	4.4	4.2	6.2	0.86	-9999.9	3	107	-9999.9	42	-9999.9	3	16.8	32.0	73	3	1015.3	16.1	3.7	125
2025 12 12 09	0.67	0.64	4.3	4.3	5.8	1.12	-9999.9	3	109	-9999.9	42	-9999.9	3	16.6	19.0	83	3	1015.3	16.1	3.3	127
2025 12 12 10	0.59	0.57	4.1	4.1	5.8	0.9	-9999.9	3	92	-9999.9	40	-9999.9	3	16.6	24.0	105	3	1015.8	16.2	2.9	168
2025 12 12 11	0.68	0.67	4.0	3.9	5.8	1.06	-9999.9	3	105	-9999.9	42	-9999.9	3	16.5	4.0	293	3	1015.0	16.8	6.0	131
2025 12 12 12	0.73	0.69	3.6	3.6	5.8	1.08	-9999.9	3	111	-9999.9	41	-9999.9	3	16.5	1.0	242	3	1014.0	17.1	7.1	135
2025 12 12 13	0.8	0.76	4.0	4.0	5.8	1.31	-9999.9	3	86	-9999.9	41	-9999.9	3	16.7	30.0	43	3	1013.1	16.9	7.8	120
2025 12 12 14	1.09	1.04	4.7	4.5	6.0	1.66	-9999.9	3	85	-9999.9	43	-9999.9	3	16.7	-9999.9	-9999.9	3	1012.5	16.9	8.2	132
2025 12 12 15	1.06	1.02	4.2	4.0	6.3	1.75	-9999.9	3	107	-9999.9	40	-9999.9	3	16.7	29.0	62	3	1012.0	16.9	9.6	134
2025 12 12 16	1.19	1.12	4.2	4.2	6.6	2.47	-9999.9	3	110	-9999.9	36	-9999.9	3	17.0	33.0	63	3	1012.1	16.9	9.7	126
2025 12 12 17	1.19	1.15	4.6	4.4	6.7	2.01	-9999.9	3	104	-9999.9	39	-9999.9	3	17.1	33.0	49	3	1012.3	17.0	8.7	117
2025 12 12 18	1.46	1.41	4.9	5.0	6.7	2.68	-9999.9	3	99	-9999.9	36	-9999.9	3	17.1	44.0	60	3	1012.6	17.0	8.9	119
2025 12 12 19	1.29	1.23	4.6	4.5	6.6	2.16	-9999.9	3	111	-9999.9	40	-9999.9	3	17.1	23.0	64	3	1012.9	17.0	9.5	114
2025 12 12 20	1.54	1.48	5.0	4.9	6.8	2.68	-9999.9	3	109	-9999.9	33	-9999.9	3	17.0	24.0	79	3	1013.2	17.0	9.9	110
2025 12 12 21	1.83	1.77	5.1	4.9	7.3	2.75	-9999.9	3	111	-9999.9	32	-9999.9	3	16.9	16.0	64	3	1013.2	17.0	10.7	111
2025 12 12 22	1.87	1.77	4.9	5.1	7.3	3.12	-9999.9	3	100	-9999.9	35	-9999.9	3	16.9	7.0	348	3	1013.0	16.9	11.3	107
2025 12 12 23	1.85	1.74	4.8	4.9	7.4	2.9	-9999.9	3	106	-9999.9	37	-9999.9	3	16.8	18.0	335	3	1013.1	17.0	11.0	108
2025 12 13 00	2.1	2.03	4.9	5.0	7.5	3.46	-9999.9	3	107	-9999.9	36	-9999.9	3	17.0	22.0	14	3	1013.1	16.9	10.8	103
2025 12 13 01	2.3	2.21	5.5	5.5	8.0	3.32	-9999.9	3	111	-9999.9	32	-9999.9	3	16.9	7.0	261	3	1013.0	16.9	11.1	101
2025 12 13 02	2.47	2.36	5.4	5.6	7.6	4.45	-9999.9	3	111	-9999.9	33	-9999.9	3	16.7	13.0	245	3	1012.7	16.9	11.1	98
2025 12 13 03	2.45	2.3	5.5	5.2	7.5	4.36	-9999.9	3	109	-9999.9	31	-9999.9	3	16.7	13.0	224	3	1013.1	16.9	11.1	100
2025 12 13 04	2.17	2.09	5.5	5.5	8.8	3.4	-9999.9	3	95	-9999.9	27	-9999.9	3	16.6	24.0	347	3	1012.6	16.9	11.7	102
2025 12 13 05	2.26	2.14	5.5	5.4	7.8	3.36	-9999.9	3	97	-9999.9	31	-9999.9	3	16.8	31.0	343	3	1013.3	17.1	12.3	106
2025 12 13 06	2.27	2.15	5.4	5.3	9.1	3.06	-9999.9	3	99	-9999.9	32	-9999.9	3	17.2	32.0	5	3	1013.5	17.2	13.0	104
2025 12 13 07	2.81	2.66	6.0	6.0	9.4	4.64	-9999.9	3	103	-9999.9	30	-9999.9	3	17.0	8.0	295	3	1014.9	17.1	12.0	109
2025 12 13 08	2.89	2.71	6.2	6.4	9.6	4.23	-9999.9	3	100	-9999.9	28	-9999.9	3	16.9	10.0	6	3	1015.8	17.1	11.5	109
2025 12 13 09	3.48	3.29	6.8	6.8	9.8	4.75	-9999.9	3	96	-9999.9	25	-9999.9	3	17.0	13.0	39	3	1015.9	17.1	13.3	103
2025 12 13 10	3.73	3.6	7.0	7.0	9.8	5.21	-9999.9	3	97	-9999.9	26	-9999.9	3	17.2	9.0	81	3	1016.8	17.2	12.6	94
2025 12 13 11	3.68	3.46	6.8	6.7	9.1	5.93	-9999.9	3	103	-9999.9	28	-9999.9	3	17.2	8.0	201	3	1016.8	17.4	13.4	94
2025 12 13 12	4.14	4.01	7.4	7.2	9.9	6.04	-9999.9	3	102	-9999.9	27	-9999.9	3	16.9	15.0	232	3	1016.4	17.4	13.4	96
2025 12 13 13	3.61	3.41	6.5	6.6	9.5	5.15	-9999.9	3	101	-9999.9	29	-9999.9	3	16.5	17.0	217	3	1015.7	17.4	13.9	100
2025 12 13 14	3.72	3.55	7.0	6.6	10.2	5.23	-9999.9	3	98	-9999.9	28	-9999.9	3	16.7	17.0	293	3	1014.8	17.5	13.5	100
2025 12 13 15	3.45	3.31	7.1	6.8	10.0	4.83	-9999.9	3	94	-9999.9	26	-9999.9	3	16.7	26.0	341	3	1014.9	17.4	12.9	105
2025 12 13 16	3.53	3.33	6.8	6.8	9.7	6.38	-9999.9	3	96	-9999.9	28	-9999.9	3	17.7	47.0	21	3	1015.0	17.5	12.7	100
2025 12 13 17	3.28	3.17	6.4	6.3	9.9	4.98	-9999.9	3	97	-9999.9	28	-9999.9	3	17.5	15.0	33	3	1015.4	17.5	12.6	106
2025 12 13 18	3.14	2.96	6.7	6.4	9.9	4.31	-9999.9	3	95	-9999.9	29	-9999.9	3	17.5	16.0	3	3	1015.9	17.5	11.1	100
2025 12 13 19	2.92	2.72	6.0	6.2	9.3	4.36	-9999.9	3	101	-9999.9	29	-9999.9	3	17.5	6.0	34	3	1016.6	17.6	11.6	101
2025 12 13 20	3.33	3.16	6.7	6.6	9.3	4.74	-9999.9	3	103	-9999.9	29	-9999.9	3	17.5	13.0	292	3	1017.0	17.5	12.2	103
2025 12 13 21	3.56	3.42	6.8	6.7	10.0	5.38	-9999.9	3	107	-9999.9	29	-9999.9	3	17.3	13.0	232	3	1017.0	17.4	12.4	87
2025 12 13 22	3.56	3.49	7.3	7.0	10.2	5.02	-9999.9	3	110	-9999.9	28	-9999.9	3	17.1	18.0	256	3	1017.2	17.1	11.5	83
2025 12 13 23	3.88	3.77	7.3	7.1	10.0	5.98	-9999.9	3	106	-9999.9	26	-9999.9	3	16.8	18.0	305	3	1016.4	17.1	13.0	77
2025 12 14 00	4.07	3.88	7.5	7.3	10.1	5.04	-9999.9	3	104	-9999.9	26	-9999.9	3	16.9	24.0	329	3	1016.6	16.5	11.4	89
2025 12 14 01	3.71	3.59	7.0	6.8	9.4	6.07	-9999.9	3	104	-9999.9	28	-9999.9	3	16.9	24.0	334	3	1015.9	16.8	12.6	81
2025 12 14 02	3.41	3.35	6.6	6.6	9.5	5.31	-9999.9	3	104	-9999.9	28	-9999.9	3	16.9	21.0	342	3	1016.4	16.5	10.9	65
2025 12 14 03	3.5	3.42	6.6	6.5	9.4	5.07	-9999.9	3	110	-9999.9	28	-9999.9	3	16.9	6.0	304	3	1015.4	16.6	11.8	70
2025 12 14 04	3.62	3.49	6.8	6.6	9.4	5.79	-9999.9	3	110	-9999.9	27	-9999.9	3	16.8	6.0	175	3	1014.6	16.5	12.1	67
2025 12 14 05	3.59	3.48	6.7	6.6	9.8	5.3	-9999.9	3	107	-9999.9	28	-9999.9	3	16.8	7.0	240	3	1014.3	16.4	11.8	67
2025 12 14 06	3.84	3.71	7.2	6.9	9.8	5.05	-9999.9	3	125	-9999.9	27	-9999.9	3	16.8	30.0	28	3	1014.3	16.8	13.8	84
2025 12 14 07	3.91	3.76	7.3	7.1	9.4	5.14	-9999.9	3	104	-9999.9	25	-9999.9	3	16.7	50.0	27	3	1015.0	14.9	10.4	122
2025 12 14 08	3.61	3.31	6.7	6.8	10.3	5.66	-9999.9	3	105	-9999.9	26	-9999.9	3	16.6	43.0	23	3	1014.8	16.2	9.2	82
2025 12 14 09	3.19	3.11	6.8	7.0	9.9	4.38	-9999.9	3	89	-9999.9	27	-9999.9	3	16.7	47.0	25	3	1014.9	17.0	10.2	87
2025 12 14 10	3.14	2.99	7.0	6.8	9.7	4.87	-9999.9	3	102	-9999.9	27	-9999.9	3	16.8	55.0	37	3	1015.4	17.3	11.2	91
2025 12 14 11	3.39	3.26	7.0	7.1	10.0	5.38	-9999.9	3	104	-9999.9	25	-9999.9	3	17.0	46.0	39	3	1015.2	17.1	10.3	90
2025 12 14 12	3.22	3.11	6.9	6.8	9.9	4.41	-9999.9	3	103	-9999.9	26	-9999.9	3	17.0	40.0	31	3	1014.2	17.2	11.4	96
2025 12 14 13	2.91	2.77	6.2	6.4	9.4	5.67	-9999.9	3	103	-9999.9	29	-9999.9	3	17.0	17.0	100	3	1013.4	17.2	9.6	89
2025 12 14 14	2.89	2.77	6.6	6.3	9.3	4.25	-9999.9	3	100	-9999.9	28	-9999.9	3	17.0	10.0	145	3	1013.2	17.1	9.1	83
2025 12 14 15	2.77	2.61	6.1	6.0	8.9	5.48	-9999.9	3	105	-9999.9	29	-9999.9	3	17.0	4.0	223	3	1013.2	17.2	9.4	92
2025 12 14 16	2.47	2.38	5.8	5.8	8.7	3.57	-9999.9	3	105	-9999.9	28	-9999.9	3	16.9	9.0	165	3	1013.1	17.0	8.0	79
2025 12 14 17	2.56	2.45	6.2	6.0	8.7	3.45	-9999.9	3	98	-9999.9	28	-9999.9	3	17.0	20.0	8	3	1013.2	16.9	7.3	59
2025 12 14 18	2.27	2.23	6.1	5.9	8.7	3.34	-9999.9	3	95	-9999.9	28	-9999.9	3	17.0	40.0	20	3	1013.3	17.0	7.8	69
2025 12 14 19	2.22	2.12	6.0	5.9	8.7	3.26	-9999.9	3	90	-9999.9	28	-9999.9	3	17.1	53.0	25	3	1013.8	17.0	7.0	68
2025 12 14 20	2.0	1.94	6.0	5.7	8.2	4.41	-9999.9	3	92	-9999.9	31	-9999.9	3	17.3	33.0	52	3	1013.7	17.0	7.2	69
2025 12 14 21	1.82	1.76	5.9	5.6	8.5	2.34	-9999.9	3	99	-9999.9	31	-9999.9	3	17.4	17.0	80	3	1014.0	17.1	6.7	91
2025 12 14 22	2.18	2.11	5.9	6.0	8.3	3.27	-9999.9	3	98	-9999.9	28	-9999.9	3	17.4	20.0	58	3	1014.2	17.0	5.4	109
2025 12 14 23	1.85	1.78	6.1	5.8	7.7	3.22	-9999.9	3	105	-9999.9	33	-9999.9	3	17.3	11.0	75	3	1014.2	16.9	3.1	79
2025 12 15 00	1.69	1.66	6.2	5.8	7.9	2.51	-9999.9	3	97	-9999.9	32	-9999.9	3	17.3	9.0	87	3	1013.7	16.8	1.1	53
2025 12 15 01	1.51	1.52	6.0	5.6	7.8	3.14	-9999.9	3	97	-9999.9	35	-9999.9	3	17.2	4.0	43	3	1013.7	16.1	6.6	24
2025 12 15 02	1.32	1.26	5.1	5.0	7.3	2.06	-9999.9	3	86	-9999.9	37	-9999.9	3	17.0	11.0	166	3	1014.2	15.7	6.4	10
2025 12 15 03	1.38	1.32	4.8	4.7	7.1	1.98	-9999.9	3	89	-9999.9	32	-9999.9	3	16.6	16.0	194	3	1014.4	15.2	5.8	13
2025 12 15 04	1.24	1.2	4.8	4.9	7.1	2.19	-9999.9	3	93	-9999.9	31	-9999.9	3	16.5	24.0	207	3	1014.1	14.5	1.8	326
2025 12 15 05	1.02	0.99	4.8	4.8	6.9	1.61	-9999.9	3	99	-9999.9	32	-9999.9	3	16.9	15.0	63	3	1013.4	14.7	3.4	342
2025 12 15 06	1.09	1.06	5.3	5.3	7.0	1.54	-9999.9	3	92	-9999.9	26	-9999.9	3	16.7	23.0	62	3	1013.4	14.7	2.2	341
2025 12 15 07	0.93	0.89	4.8	4.8	7.0	1.21	-9999.9	3	89	-9999.9	33	-9999.9	3	16.8	9.0	103	3	1013.7	14.9	1.4	251
2025 12 15 08	0.95	0.93	4.9	5.1	6.7	1.44	-9999.9	3	79	-9999.9	33	-9999.9	3	16.9	13.0	84	3	1013.9	15.1	2.2	269
2025 12 15 09	0.83	0.79	5.2	5.2	6.8	1.64	-9999.9	3	82	-9999.9	37	-9999.9	3	17.2	-9999.9	-9999.9	3	1014.3	15.9	5.5	265
2025 12 15 10	0.84	0.8	4.6	4.5	6.8	1.48	-9999.9	3	80	-9999.9	37	-9999.9	3	17.3	-9999.9	-9999.9	3	1014.4	16.0	6.4	254
2025 12 15 11	0.72	0.67	3.8	4.0	6.7	1.13	-9999.9	3	88	-9999.9	40	-9999.9	3	17.3	23.0	82	3	1013.9	16.0	7.9	245
2025 12 15 12	0.66	0.63	4.1	4.0	6.7	1.08	-9999.9	3	95	-9999.9	37	-9999.9	3	17.3	-9999.9	-9999.9	3	1013.5	16.5	8.1	249
2025 12 15 13	0.64	0.59	3.4	3.4	6.6	1.31	-9999.9	3	116	-9999.9	47	-9999.9	3	17.3	28.0	60	3	1012.9	16.7	8.6	257
2025 12 15 14	0.64	0.58	3.2	3.2	6.5	0.97	-9999.9	3	157	-9999.9	43	-9999.9	3	17.2	16.0	64	3	1011.9	17.1	9.5	249
2025 12 15 15	0.69	0.64	3.2	3.2	6.3	1.07	-9999.9	3	183	-9999.9	38	-9999.9	3	17.2	12.0	98	3	1012.0	17.1	9.1	247
2025 12 15 16	0.77	0.73	3.2	3.2	4.9	1.11	-9999.9	3	189	-9999.9	43	-9999.9	3	17.1	12.0	89	3	1012.1	16.9	7.4	251
2025 12 15 17	0.62	0.57	3.1	3.1	5.3	0.87	-9999.9	3	172	-9999.9	49	-9999.9	3	17.0	28.0	52	3	1011.8	17.0	8.5	232
2025 12 15 18	0.55	0.51	3.1	3.0	4.3	0.9	-9999.9	3	160	-9999.9	53	-9999.9	3	17.2	33.0	41	3	1011.5	17.0	8.3	222
2025 12 15 19	0.82	0.76	3.1	3.1	3.5	1.38	-9999.9	3	202	-9999.9	39	-9999.9	3	17.2	19.0	45	3	1009.9	16.8	11.9	222
2025 12 15 20	0.71	0.66	3.0	3.0	3.4	1.17	-9999.9	3	201	-9999.9	47	-9999.9	3	17.1	13.0	74	3	1009.8	16.9	9.1	224
2025 12 15 21	0.76	0.72	3.0	3.0	3.5	1.28	-9999.9	3	209	-9999.9	45	-9999.9	3	17.0	13.0	53	3	1008.8	15.8	8.7	195
2025 12 15 22	0.68	0.64	3.0	3.0	3.5	1.1	-9999.9	3	196	-9999.9	53	-9999.9	3	16.9	11.0	90	3	1007.5	16.0	7.0	195
2025 12 15 23	0.8	0.74	2.9	3.0	3.3	1.43	-9999.9	3	207	-9999.9	40	-9999.9	3	16.8	12.0	111	3	1006.3	16.8	10.4	215
2025 12 16 00	0.8	0.75	3.0	3.0	3.6	1.18	-9999.9	3	219	-9999.9	43	-9999.9	3	16.8	14.0	45	3	1007.0	13.8	11.9	255
2025 12 16 01	0.85	0.8	3.4	3.4	4.3	1.19	-9999.9	3	240	-9999.9	56	-9999.9	3	17.1	35.0	53	3	1005.8	12.4	7.4	350
2025 12 16 02	0.65	0.61	3.2	3.1	4.1	0.92	-9999.9	3	216	-9999.9	59	-9999.9	3	17.1	11.0	62	3	1005.9	13.4	6.2	277
2025 12 16 03	0.59	0.55	3.2	3.2	4.8	1.04	-9999.9	3	205	-9999.9	45	-9999.9	3	17.0	14.0	92	3	1006.1	13.4	5.9	244
2025 12 16 04	0.33	0.32	4.1	4.0	6.0	0.48	-9999.9	3	185	-9999.9	61	-9999.9	3	17.2	-9999.9	-9999.9	3	1005.8	13.5	3.7	301
2025 12 16 05	0.4	0.37	3.6	3.5	6.3	0.72	-9999.9	3	191	-9999.9	60	-9999.9	3	17.1	27.0	81	3	1005.5	12.8	4.2	347
2025 12 16 06	0.55	0.52	4.0	4.0	7.6	0.85	-9999.9	3	201	-9999.9	37	-9999.9	3	17.0	27.0	166	3	1005.8	12.9	3.5	269
2025 12 16 07	0.51	0.48	4.1	4.0	7.3	0.84	-9999.9	3	197	-9999.9	45	-9999.9	3	16.8	-9999.9	-9999.9	3	1006.5	12.7	5.3	269
2025 12 16 08	0.54	0.49	3.8	3.8	7.3	0.91	-9999.9	3	191	-9999.9	47	-9999.9	3	16.7	35.0	213	3	1007.1	12.5	5.5	247
2025 12 16 09	0.52	0.47	3.7	3.6	8.1	0.97	-9999.9	3	200	-9999.9	48	-9999.9	3	16.6	38.0	204	3	1007.6	12.4	7.0	268
2025 12 16 10	0.56	0.53	3.5	3.6	5.6	0.87	-9999.9	3	194	-9999.9	50	-9999.9	3	16.6	22.0	225	3	1008.5	12.8	2.7	270
2025 12 16 11	0.64	0.6	3.8	3.6	6.7	1.12	-9999.9	3	208	-9999.9	55	-9999.9	3	16.6	21.0	201	3	1008.4	13.9	3.8	249
2025 12 16 12	0.64	0.6	4.1	4.0	6.0	1.02	-9999.9	3	194	-9999.9	53	-9999.9	3	17.2	-9999.9	-9999.9	3	1007.5	14.1	3.7	312
2025 12 16 13	0.57	0.53	3.9	3.9	6.9	0.93	-9999.9	3	171	-9999.9	63	-9999.9	3	17.4	-9999.9	-9999.9	3	1007.1	13.4	4.0	305
2025 12 16 14	0.8	0.75	4.3	4.3	6.1	1.2	-9999.9	3	214	-9999.9	45	-9999.9	3	17.3	-9999.9	-9999.9	3	1007.0	13.6	6.9	326
2025 12 16 15	0.78	0.74	4.2	4.2	7.2	1.27	-9999.9	3	203	-9999.9	44	-9999.9	3	17.3	4.0	109	3	1007.4	13.6	3.9	297
2025 12 16 16	0.82	0.76	4.2	4.1	6.0	1.17	-9999.9	3	201	-9999.9	44	-9999.9	3	17.2	5.0	263	3	1008.0	13.3	5.1	300
2025 12 16 17	0.53	0.49	3.6	3.7	7.3	0.97	-9999.9	3	185	-9999.9	55	-9999.9	3	17.1	-9999.9	-9999.9	3	1008.5	12.9	3.9	286
2025 12 16 18	0.49	0.45	4.2	4.2	7.7	0.75	-9999.9	3	163	-9999.9	58	-9999.9	3	16.9	8.0	126	3	1008.8	13.0	2.5	265
2025 12 16 19	0.47	0.43	4.2	4.2	8.0	0.7	-9999.9	3	140	-9999.9	54	-9999.9	3	17.5	-9999.9	-9999.9	3	1009.4	13.1	4.5	312
2025 12 16 20	0.42	0.39	4.1	4.2	10.6	0.8	-9999.9	3	177	-9999.9	47	-9999.9	3	17.2	14.0	237	3	1009.8	12.5	4.5	317
2025 12 16 21	0.44	0.4	3.9	3.9	10.7	0.67	-9999.9	3	171	-9999.9	47	-9999.9	3	16.9	17.0	228	3	1010.1	11.9	3.7	315
2025 12 16 22	0.46	0.42	4.5	4.4	9.1	0.71	-9999.9	3	159	-9999.9	50	-9999.9	3	17.0	10.0	213	3	1010.6	12.0	3.1	324
2025 12 16 23	0.53	0.47	3.9	3.8	9.5	0.75	-9999.9	3	192	-9999.9	38	-9999.9	3	16.9	3.0	288	3	1011.0	11.5	6.0	330
2025 12 17 00	0.55	0.51	4.4	4.1	9.2	0.79	-9999.9	3	180	-9999.9	40	-9999.9	3	16.9	10.0	309	3	1011.5	11.9	5.6	328
2025 12 17 01	0.61	0.57	5.0	5.1	9.6	1.13	-9999.9	3	198	-9999.9	42	-9999.9	3	17.1	22.0	34	3	1011.9	12.4	5.4	336
2025 12 17 02	0.72	0.68	4.9	4.7	8.1	1.09	-9999.9	3	209	-9999.9	43	-9999.9	3	17.2	34.0	54	3	1012.9	12.4	5.0	333
2025 12 17 03	0.71	0.68	4.4	4.4	6.6	1.07	-9999.9	3	210	-9999.9	39	-9999.9	3	17.2	-9999.9	-9999.9	3	1013.7	12.8	5.6	332
2025 12 17 04	0.58	0.53	3.8	3.8	7.0	0.98	-9999.9	3	194	-9999.9	50	-9999.9	3	17.0	5.0	22	3	1014.0	12.2	4.7	340
2025 12 17 05	0.44	0.41	3.9	3.8	8.3	0.64	-9999.9	3	145	-9999.9	51	-9999.9	3	17.0	24.0	27	3	1014.7	12.0	4.6	340
2025 12 17 06	0.43	0.4	3.6	3.5	5.9	0.62	-9999.9	3	84	-9999.9	55	-9999.9	3	17.4	50.0	49	3	1015.7	12.1	5.7	342
2025 12 17 07	0.37	0.33	3.0	3.0	5.6	0.56	-9999.9	3	104	-9999.9	56	-9999.9	3	17.3	-9999.9	-9999.9	3	1016.6	12.1	4.8	353
2025 12 17 08	0.35	0.32	3.2	3.4	7.1	0.51	-9999.9	3	121	-9999.9	53	-9999.9	3	17.1	-9999.9	-9999.9	3	1017.4	12.1	5.4	344
2025 12 17 09	0.4	0.36	3.7	3.7	9.8	0.54	-9999.9	3	121	-9999.9	54	-9999.9	3	16.8	24.0	225	3	1018.6	13.0	5.7	340
2025 12 17 10	0.41	0.37	3.7	3.7	7.2	0.64	-9999.9	3	140	-9999.9	57	-9999.9	3	16.7	23.0	243	3	1019.2	14.0	3.8	349
2025 12 17 11	0.47	0.44	4.2	4.1	6.9	0.75	-9999.9	3	130	-9999.9	56	-9999.9	3	16.7	20.0	215	3	1019.4	14.9	2.9	349
2025 12 17 12	0.51	0.47	4.0	3.9	8.0	0.67	-9999.9	3	156	-9999.9	46	-9999.9	3	16.5	20.0	190	3	1019.1	15.2	2.4	341
2025 12 17 13	0.51	0.47	4.2	4.2	7.8	0.99	-9999.9	3	168	-9999.9	52	-9999.9	3	16.7	6.0	239	3	1018.9	15.7	2.1	47
2025 12 17 14	0.46	0.41	4.0	4.1	8.6	0.62	-9999.9	3	161	-9999.9	48	-9999.9	3	17.2	16.0	36	3	1018.8	15.7	1.2	84
2025 12 17 15	0.51	0.47	4.2	4.2	6.8	0.81	-9999.9	3	169	-9999.9	48	-9999.9	3	17.6	21.0	83	3	1019.3	15.8	2.0	103
2025 12 17 16	0.54	0.5	4.1	4.1	8.6	0.89	-9999.9	3	173	-9999.9	51	-9999.9	3	17.4	18.0	98	3	1019.7	15.5	2.2	100
2025 12 17 17	0.53	0.49	4.0	3.9	6.8	0.85	-9999.9	3	183	-9999.9	49	-9999.9	3	17.2	2.0	194	3	1020.2	15.5	1.0	75
2025 12 17 20	0.34	0.33	3.6	3.6	6.6	0.56	-9999.9	3	92	-9999.9	66	-9999.9	3	16.8	11.0	356	3	1021.7	15.1	1.4	356
2025 12 17 21	0.35	0.32	3.7	3.7	7.2	0.53	-9999.9	3	158	-9999.9	60	-9999.9	3	16.7	9.0	271	3	1022.4	13.4	3.5	352
2025 12 17 22	0.39	0.35	3.9	3.9	7.4	0.7	-9999.9	3	153	-9999.9	56	-9999.9	3	16.6	8.0	196	3	1023.2	13.7	4.5	338
2025 12 17 23	0.3	0.28	3.9	3.8	7.0	0.44	-9999.9	3	179	-9999.9	55	-9999.9	3	16.6	11.0	64	3	1023.6	12.7	4.6	343
2025 12 18 00	0.33	0.29	3.5	3.6	7.6	0.52	-9999.9	3	181	-9999.9	55	-9999.9	3	16.6	18.0	54	3	1023.5	12.9	4.4	353
2025 12 18 01	0.37	0.35	3.9	3.9	5.8	0.56	-9999.9	3	171	-9999.9	51	-9999.9	3	16.6	19.0	61	3	1023.3	12.0	5.6	347
2025 12 18 02	0.35	0.33	4.3	4.0	7.4	0.56	-9999.9	3	191	-9999.9	48	-9999.9	3	16.7	23.0	76	3	1023.2	12.0	4.5	349
2025 12 18 03	0.34	0.32	4.2	4.0	7.0	0.59	-9999.9	3	176	-9999.9	54	-9999.9	3	16.9	36.0	98	3	1023.1	12.0	5.0	350
2025 12 18 04	0.38	0.36	3.8	4.0	6.2	0.69	-9999.9	3	159	-9999.9	59	-9999.9	3	16.9	29.0	85	3	1022.7	11.5	6.0	348
2025 12 18 05	0.39	0.37	3.9	3.8	7.1	0.69	-9999.9	3	134	-9999.9	60	-9999.9	3	16.8	16.0	63	3	1022.9	12.8	5.2	345
2025 12 18 06	0.29	0.27	3.8	3.7	6.2	0.48	-9999.9	3	101	-9999.9	56	-9999.9	3	16.8	22.0	56	3	1023.0	12.9	4.4	359
2025 12 18 07	0.26	0.24	3.2	3.3	6.2	0.49	-9999.9	3	61	-9999.9	53	-9999.9	3	17.2	25.0	54	3	1023.4	13.1	5.1	345
2025 12 18 08	0.27	0.25	3.2	3.2	6.2	0.51	-9999.9	3	78	-9999.9	55	-9999.9	3	17.1	27.0	52	3	1023.7	11.9	5.1	356
2025 12 18 09	0.33	0.3	3.4	3.4	9.7	0.49	-9999.9	3	102	-9999.9	53	-9999.9	3	17.0	6.0	106	3	1024.0	13.4	5.8	346
2025 12 18 10	0.29	0.28	3.3	3.3	6.2	0.53	-9999.9	3	65	-9999.9	56	-9999.9	3	16.9	7.0	304	3	1024.1	13.8	4.7	354
2025 12 18 11	0.38	0.36	4.0	3.9	8.0	0.61	-9999.9	3	105	-9999.9	52	-9999.9	3	16.8	19.0	211	3	1023.3	15.2	3.5	352
2025 12 18 12	0.29	0.27	3.7	3.6	7.8	0.49	-9999.9	3	110	-9999.9	56	-9999.9	3	16.8	8.0	245	3	1022.9	15.5	3.0	1
2025 12 18 13	0.37	0.34	4.0	3.9	6.3	0.61	-9999.9	3	147	-9999.9	51	-9999.9	3	16.6	14.0	224	3	1022.5	15.6	1.9	23
2025 12 18 14	0.37	0.34	3.8	3.7	6.2	0.6	-9999.9	3	136	-9999.9	50	-9999.9	3	16.5	7.0	194	3	1022.3	15.6	2.2	63
2025 12 18 15	0.37	0.34	3.7	3.7	5.4	0.59	-9999.9	3	157	-9999.9	58	-9999.9	3	16.5	6.0	348	3	1022.2	15.7	2.2	79
2025 12 18 16	0.39	0.36	3.8	3.7	4.7	0.6	-9999.9	3	119	-9999.9	55	-9999.9	3	17.4	20.0	80	3	1022.0	16.0	3.7	82
2025 12 18 17	0.37	0.36	3.5	3.4	5.3	0.54	-9999.9	3	116	-9999.9	52	-9999.9	3	17.2	24.0	74	3	1022.3	15.9	2.6	31
2025 12 18 18	0.48	0.45	3.6	3.6	5.5	0.88	-9999.9	3	97	-9999.9	51	-9999.9	3	17.1	3.0	141	3	1022.7	15.3	2.0	354
2025 12 18 19	0.45	0.42	4.0	4.1	8.4	0.87	-9999.9	3	111	-9999.9	50	-9999.9	3	17.0	11.0	220	3	1022.6	15.4	2.1	351
2025 12 18 20	0.46	0.44	4.0	3.9	6.2	0.75	-9999.9	3	87	-9999.9	53	-9999.9	3	16.9	13.0	305	3	1022.6	14.6	2.7	0
2025 12 18 21	0.42	0.39	3.9	3.6	5.0	0.68	-9999.9	3	95	-9999.9	47	-9999.9	3	16.9	10.0	10	3	1022.8	15.3	2.6	355
2025 12 18 22	0.47	0.44	4.1	4.0	6.0	0.65	-9999.9	3	107	-9999.9	48	-9999.9	3	16.7	9.0	9	3	1022.4	14.0	3.8	345
2025 12 18 23	0.45	0.42	3.6	3.5	6.0	0.7	-9999.9	3	99	-9999.9	53	-9999.9	3	16.6	8.0	342	3	1022.2	13.8	5.0	342
2025 12 19 00	0.38	0.36	3.7	3.5	5.6	0.56	-9999.9	3	98	-9999.9	48	-9999.9	3	16.5	6.0	12	3	1021.5	14.2	4.3	333
2025 12 19 01	0.42	0.4	4.1	4.1	5.9	0.77	-9999.9	3	111	-9999.9	51	-9999.9	3	16.6	10.0	81	3	1020.9	14.2	3.7	358
2025 12 19 02	0.46	0.43	4.1	4.1	5.8	0.74	-9999.9	3	85	-9999.9	51	-9999.9	3	17.0	12.0	78	3	1020.4	14.4	3.8	355
2025 12 19 03	0.44	0.42	4.4	4.4	6.1	0.72	-9999.9	3	100	-9999.9	54	-9999.9	3	17.1	12.0	115	3	1020.1	14.1	3.9	353
2025 12 19 04	0.44	0.42	4.3	4.3	6.5	0.65	-9999.9	3	101	-9999.9	48	-9999.9	3	16.7	6.0	128	3	1019.9	14.4	4.2	336
2025 12 19 05	0.42	0.4	4.3	4.4	6.3	0.62	-9999.9	3	108	-9999.9	48	-9999.9	3	16.5	17.0	231	3	1019.9	14.2	3.4	347
2025 12 19 06	0.46	0.44	4.1	4.0	6.3	0.63	-9999.9	3	104	-9999.9	48	-9999.9	3	16.5	11.0	250	3	1020.2	14.2	4.2	341
2025 12 19 07	0.47	0.45	4.1	4.0	6.0	0.92	-9999.9	3	84	-9999.9	43	-9999.9	3	16.6	5.0	324	3	1020.2	14.4	4.3	336
2025 12 19 08	0.48	0.46	4.5	4.3	5.8	0.78	-9999.9	3	89	-9999.9	38	-9999.9	3	16.9	16.0	45	3	1020.1	14.4	3.3	354
2025 12 19 09	0.51	0.49	4.5	4.5	6.2	0.82	-9999.9	3	100	-9999.9	43	-9999.9	3	17.0	6.0	260	3	1020.7	14.7	4.4	338
2025 12 19 10	0.49	0.48	4.4	4.2	5.9	0.79	-9999.9	3	100	-9999.9	42	-9999.9	3	17.7	7.0	108	3	1020.8	15.1	3.3	355
2025 12 19 11	0.45	0.44	4.4	4.5	6.4	0.8	-9999.9	3	98	-9999.9	45	-9999.9	3	17.7	9.0	115	3	1020.1	15.9	0.8	321
2025 12 19 12	0.45	0.43	3.9	3.9	5.7	0.71	-9999.9	3	111	-9999.9	46	-9999.9	3	17.7	3.0	177	3	1019.1	16.1	1.1	106
2025 12 19 13	0.47	0.46	4.2	4.0	5.9	0.81	-9999.9	3	111	-9999.9	51	-9999.9	3	17.5	11.0	149	3	1018.2	16.3	2.9	143
2025 12 19 14	0.43	0.4	3.6	3.6	5.6	0.81	-9999.9	3	140	-9999.9	51	-9999.9	3	16.8	8.0	181	3	1017.7	16.2	2.9	148
2025 12 19 15	0.47	0.43	3.7	3.7	5.9	0.81	-9999.9	3	108	-9999.9	51	-9999.9	3	17.4	15.0	92	3	1017.4	16.3	3.7	129
2025 12 19 16	0.5	0.47	4.0	3.9	6.4	0.72	-9999.9	3	103	-9999.9	53	-9999.9	3	17.4	17.0	99	3	1017.8	16.4	3.6	154
2025 12 19 17	0.48	0.45	3.1	3.1	5.5	0.75	-9999.9	3	131	-9999.9	51	-9999.9	3	17.3	9.0	121	3	1017.7	16.6	6.3	227
2025 12 19 18	0.57	0.53	3.3	3.3	5.8	0.86	-9999.9	3	136	-9999.9	49	-9999.9	3	17.2	2.0	207	3	1017.6	16.2	5.5	226
2025 12 19 19	0.6	0.56	3.4	3.4	5.1	0.95	-9999.9	3	149	-9999.9	49	-9999.9	3	17.2	6.0	289	3	1017.5	16.3	5.9	211
2025 12 19 20	0.61	0.57	3.1	3.1	4.8	0.94	-9999.9	3	131	-9999.9	51	-9999.9	3	17.0	6.0	163	3	1017.7	16.0	5.8	225
2025 12 19 21	0.43	0.4	3.1	3.1	5.7	0.65	-9999.9	3	105	-9999.9	55	-9999.9	3	17.3	-9999.9	-9999.9	3	1017.3	15.3	7.1	200
2025 12 19 22	0.57	0.53	3.2	3.1	4.3	1.13	-9999.9	3	156	-9999.9	47	-9999.9	3	17.3	-9999.9	-9999.9	3	1017.6	15.0	1.9	311
2025 12 19 23	0.53	0.5	3.1	3.0	4.7	0.73	-9999.9	3	179	-9999.9	54	-9999.9	3	17.1	-9999.9	-9999.9	3	1017.7	14.4	6.7	309
2025 12 20 00	0.5	0.46	3.1	3.0	5.7	0.82	-9999.9	3	177	-9999.9	56	-9999.9	3	16.9	3.0	110	3	1017.6	13.7	7.4	316
2025 12 20 01	0.44	0.42	3.8	3.6	5.7	0.76	-9999.9	3	161	-9999.9	62	-9999.9	3	17.3	-9999.9	-9999.9	3	1017.7	13.4	5.9	306
2025 12 20 02	0.49	0.46	3.5	3.5	5.4	0.78	-9999.9	3	175	-9999.9	58	-9999.9	3	17.1	-9999.9	-9999.9	3	1017.6	13.4	9.9	307
2025 12 20 03	0.46	0.43	3.3	3.3	5.3	0.67	-9999.9	3	181	-9999.9	55	-9999.9	3	17.1	5.0	193	3	1017.6	13.1	7.3	305
2025 12 20 04	0.49	0.46	3.5	3.5	5.4	0.75	-9999.9	3	193	-9999.9	47	-9999.9	3	16.5	26.0	211	3	1017.6	12.7	7.6	305
2025 12 20 05	0.61	0.57	3.7	3.7	4.9	0.81	-9999.9	3	203	-9999.9	44	-9999.9	3	16.5	16.0	246	3	1018.0	12.2	5.2	302
2025 12 20 06	0.64	0.6	3.5	3.6	5.8	1.03	-9999.9	3	219	-9999.9	49	-9999.9	3	16.5	8.0	269	3	1018.4	11.9	6.5	306
2025 12 20 07	0.44	0.41	2.8	2.8	6.0	0.67	-9999.9	3	220	-9999.9	62	-9999.9	3	16.6	8.0	19	3	1018.7	11.8	7.7	309
2025 12 20 08	0.35	0.33	3.1	3.1	6.4	0.51	-9999.9	3	167	-9999.9	62	-9999.9	3	16.5	10.0	182	3	1019.0	11.9	6.7	298
2025 12 20 09	0.29	0.27	3.3	3.3	7.9	0.46	-9999.9	3	162	-9999.9	57	-9999.9	3	16.5	24.0	221	3	1019.5	12.0	6.3	296
2025 12 20 10	0.35	0.32	3.1	3.1	8.0	0.51	-9999.9	3	176	-9999.9	58	-9999.9	3	16.3	-9999.9	-9999.9	3	1019.7	13.2	7.3	276
2025 12 20 11	0.43	0.38	3.1	3.1	6.1	0.76	-9999.9	3	197	-9999.9	55	-9999.9	3	16.3	-9999.9	-9999.9	3	1019.8	13.5	6.4	270
2025 12 20 12	0.38	0.35	2.8	2.8	7.6	0.6	-9999.9	3	207	-9999.9	56	-9999.9	3	16.5	38.0	196	3	1019.1	14.3	7.7	266
2025 12 20 13	0.51	0.46	2.9	3.0	3.5	0.78	-9999.9	3	217	-9999.9	50	-9999.9	3	16.7	26.0	193	3	1018.6	14.3	7.0	305
2025 12 20 14	0.62	0.57	3.0	3.0	2.9	0.91	-9999.9	3	217	-9999.9	46	-9999.9	3	16.5	19.0	172	3	1018.2	14.8	6.9	275
2025 12 20 15	0.6	0.55	2.9	3.0	4.0	0.94	-9999.9	3	212	-9999.9	58	-9999.9	3	16.7	-9999.9	-9999.9	3	1018.4	14.8	7.7	281
2025 12 20 16	0.54	0.5	3.0	3.0	4.9	0.87	-9999.9	3	201	-9999.9	58	-9999.9	3	16.8	-9999.9	-9999.9	3	1018.3	15.3	6.2	275
2025 12 20 17	0.48	0.44	3.2	3.2	5.2	0.7	-9999.9	3	202	-9999.9	57	-9999.9	3	16.8	14.0	83	3	1018.0	14.6	6.1	267
2025 12 20 18	0.51	0.48	3.5	3.5	5.9	0.86	-9999.9	3	193	-9999.9	54	-9999.9	3	16.8	6.0	226	3	1017.8	14.3	4.4	285
2025 12 20 19	0.55	0.52	3.1	3.1	3.4	0.88	-9999.9	3	199	-9999.9	45	-9999.9	3	16.7	8.0	196	3	1017.8	14.7	5.0	269
2025 12 20 20	0.5	0.47	3.0	3.1	5.7	0.73	-9999.9	3	158	-9999.9	56	-9999.9	3	16.7	-9999.9	-9999.9	3	1017.4	14.9	6.4	255
2025 12 20 21	0.55	0.52	2.6	2.6	2.8	0.83	-9999.9	3	202	-9999.9	52	-9999.9	3	17.0	-9999.9	-9999.9	3	1017.0	14.4	10.5	235
2025 12 20 22	0.73	0.7	3.0	3.0	3.5	1.23	-9999.9	3	206	-9999.9	37	-9999.9	3	16.8	15.0	57	3	1016.4	14.2	9.7	234
2025 12 20 23	0.8	0.77	3.1	3.2	3.7	1.38	-9999.9	3	205	-9999.9	31	-9999.9	3	16.8	21.0	160	3	1015.8	14.6	10.5	229
2025 12 21 00	0.9	0.87	3.1	3.1	3.6	1.49	-9999.9	3	213	-9999.9	32	-9999.9	3	16.7	19.0	133	3	1014.2	14.9	13.1	235
2025 12 21 01	1.08	1.03	3.1	3.1	3.6	1.66	-9999.9	3	211	-9999.9	33	-9999.9	3	16.5	24.0	58	3	1012.8	15.0	15.6	234
2025 12 21 02	1.0	0.96	3.0	3.1	3.6	1.48	-9999.9	3	211	-9999.9	39	-9999.9	3	16.6	27.0	64	3	1013.1	15.0	12.5	221
2025 12 21 03	1.02	0.97	3.2	3.3	3.9	1.43	-9999.9	3	214	-9999.9	34	-9999.9	3	16.6	31.0	73	3	1012.2	15.0	13.3	220
2025 12 21 04	1.21	1.15	3.8	3.6	4.1	1.89	-9999.9	3	203	-9999.9	28	-9999.9	3	16.4	12.0	179	3	1011.3	15.1	13.2	217
2025 12 21 05	1.03	0.98	3.4	3.4	4.1	1.53	-9999.9	3	200	-9999.9	32	-9999.9	3	16.2	21.0	174	3	1011.5	13.7	13.5	241
2025 12 21 06	0.99	0.94	3.2	3.2	3.5	1.74	-9999.9	3	214	-9999.9	44	-9999.9	3	16.2	8.0	8	3	1011.1	13.1	14.0	228
2025 12 21 07	1.04	0.98	3.0	3.1	3.5	1.65	-9999.9	3	194	-9999.9	38	-9999.9	3	16.4	15.0	14	3	1010.0	13.7	14.9	220
2025 12 21 08	0.99	0.93	3.0	3.0	3.4	1.62	-9999.9	3	187	-9999.9	41	-9999.9	3	16.5	45.0	36	3	1010.1	14.0	13.4	218
2025 12 21 09	1.07	1.0	3.0	3.0	3.4	1.84	-9999.9	3	204	-9999.9	42	-9999.9	3	16.6	35.0	57	3	1010.5	13.7	12.9	222
2025 12 21 10	0.99	0.94	3.0	3.1	3.7	1.75	-9999.9	3	204	-9999.9	42	-9999.9	3	16.6	30.0	48	3	1010.7	14.2	11.2	234
2025 12 21 11	0.77	0.71	3.0	3.0	3.5	1.11	-9999.9	3	190	-9999.9	50	-9999.9	3	16.8	-9999.9	-9999.9	3	1010.2	14.1	6.6	293
2025 12 21 12	0.66	0.61	2.9	3.0	3.8	1.07	-9999.9	3	201	-9999.9	49	-9999.9	3	16.8	-9999.9	-9999.9	3	1008.6	15.3	8.1	263
2025 12 21 13	0.59	0.54	3.0	3.0	3.6	0.97	-9999.9	3	208	-9999.9	55	-9999.9	3	16.8	-9999.9	-9999.9	3	1007.4	14.2	9.3	276
2025 12 21 14	0.76	0.71	3.2	3.2	3.6	1.04	-9999.9	3	215	-9999.9	48	-9999.9	3	16.7	-9999.9	-9999.9	3	1007.5	11.9	8.5	344
2025 12 21 15	0.64	0.6	3.3	3.2	6.2	1.29	-9999.9	3	220	-9999.9	52	-9999.9	3	16.6	-9999.9	-9999.9	3	1007.4	11.3	10.5	339
2025 12 21 16	0.56	0.53	3.4	3.4	6.8	0.89	-9999.9	3	166	-9999.9	51	-9999.9	3	16.6	12.0	77	3	1007.5	11.2	5.8	359
2025 12 21 17	0.64	0.59	4.0	3.9	6.6	0.96	-9999.9	3	185	-9999.9	45	-9999.9	3	16.5	1.0	42	3	1008.2	11.0	2.4	266
2025 12 21 18	0.7	0.67	4.6	4.7	5.8	1.26	-9999.9	3	201	-9999.9	36	-9999.9	3	16.4	14.0	230	3	1008.9	10.9	3.0	286
2025 12 21 19	0.66	0.64	4.5	4.3	6.8	1.16	-9999.9	3	205	-9999.9	44	-9999.9	3	16.1	24.0	230	3	1009.2	10.2	4.7	330
2025 12 21 20	0.62	0.59	3.9	3.8	6.2	0.94	-9999.9	3	207	-9999.9	48	-9999.9	3	16.1	20.0	236	3	1009.1	11.3	2.5	289
2025 12 21 21	0.42	0.39	3.4	3.4	7.3	0.66	-9999.9	3	182	-9999.9	61	-9999.9	3	16.3	9.0	304	3	1009.3	11.3	4.1	257
2025 12 21 22	0.36	0.32	3.8	3.9	8.1	0.56	-9999.9	3	137	-9999.9	60	-9999.9	3	16.7	20.0	337	3	1009.6	11.5	1.6	259
2025 12 21 23	0.28	0.26	3.5	3.5	5.9	0.45	-9999.9	3	173	-9999.9	62	-9999.9	3	16.5	19.0	243	3	1009.9	11.2	2.3	295
2025 12 22 00	0.33	0.31	3.7	3.6	6.5	0.6	-9999.9	3	168	-9999.9	53	-9999.9	3	16.5	10.0	253	3	1010.4	10.6	2.3	326
2025 12 22 01	0.27	0.25	3.1	3.0	6.0	0.44	-9999.9	3	165	-9999.9	65	-9999.9	3	16.4	10.0	8	3	1010.2	10.2	2.7	319
2025 12 22 02	0.26	0.24	3.6	3.4	6.4	0.38	-9999.9	3	206	-9999.9	63	-9999.9	3	16.4	32.0	53	3	1010.6	9.8	2.2	295
2025 12 22 03	0.45	0.43	3.8	3.9	5.9	0.7	-9999.9	3	219	-9999.9	46	-9999.9	3	16.3	21.0	83	3	1011.2	9.8	3.0	315
2025 12 22 04	0.45	0.43	4.7	4.5	6.8	0.83	-9999.9	3	205	-9999.9	36	-9999.9	3	16.3	-9999.9	-9999.9	3	1011.5	9.7	5.1	312
2025 12 22 05	0.54	0.51	4.3	4.1	5.7	1.0	-9999.9	3	197	-9999.9	36	-9999.9	3	16.2	12.0	186	3	1011.8	9.9	4.7	289
2025 12 22 06	0.48	0.45	3.4	3.3	4.5	0.76	-9999.9	3	198	-9999.9	49	-9999.9	3	16.2	18.0	243	3	1012.0	10.1	6.4	278
2025 12 22 07	0.38	0.35	2.6	2.6	2.9	0.63	-9999.9	3	231	-9999.9	58	-9999.9	3	16.2	11.0	338	3	1012.5	10.1	7.4	297
2025 12 22 08	0.28	0.25	3.1	3.1	4.7	0.41	-9999.9	3	72	-9999.9	61	-9999.9	3	16.2	-9999.9	-9999.9	3	1013.7	10.6	7.2	306
2025 12 22 09	0.32	0.28	3.5	3.6	9.4	0.53	-9999.9	3	126	-9999.9	53	-9999.9	3	16.2	15.0	153	3	1014.3	11.2	6.8	304
2025 12 22 10	0.29	0.27	2.8	2.8	5.5	0.42	-9999.9	3	185	-9999.9	62	-9999.9	3	16.1	17.0	196	3	1014.5	11.9	7.2	297
2025 12 22 11	0.29	0.27	2.7	2.7	6.3	0.52	-9999.9	3	184	-9999.9	61	-9999.9	3	16.2	24.0	196	3	1014.4	12.3	6.0	300
2025 12 22 12	0.36	0.32	2.4	2.5	2.4	0.65	-9999.9	3	197	-9999.9	55	-9999.9	3	16.2	31.0	177	3	1013.8	13.0	6.5	257
2025 12 22 13	0.3	0.28	2.5	2.5	3.0	0.45	-9999.9	3	182	-9999.9	62	-9999.9	3	16.2	17.0	135	3	1013.3	13.1	6.5	268
2025 12 22 14	0.46	0.41	2.8	2.8	8.0	0.69	-9999.9	3	183	-9999.9	55	-9999.9	3	16.4	11.0	113	3	1013.3	13.1	3.5	322
2025 12 22 15	0.5	0.47	2.9	2.8	2.9	0.8	-9999.9	3	212	-9999.9	51	-9999.9	3	16.3	7.0	164	3	1013.4	13.6	4.6	314
2025 12 22 16	0.52	0.46	2.7	2.7	2.6	0.76	-9999.9	3	198	-9999.9	59	-9999.9	3	16.4	11.0	101	3	1013.8	14.2	7.3	288
2025 12 22 17	0.49	0.45	3.1	3.2	5.9	0.82	-9999.9	3	147	-9999.9	64	-9999.9	3	16.5	-9999.9	-9999.9	3	1014.4	13.4	5.5	272
2025 12 22 18	0.42	0.39	3.4	3.4	6.7	0.64	-9999.9	3	164	-9999.9	60	-9999.9	3	16.4	-9999.9	-9999.9	3	1015.4	13.0	6.0	288
2025 12 22 19	0.45	0.41	3.7	3.7	8.7	0.68	-9999.9	3	188	-9999.9	54	-9999.9	3	16.5	4.0	140	3	1015.8	13.0	3.3	278
2025 12 22 20	0.49	0.46	3.4	3.4	7.2	0.72	-9999.9	3	212	-9999.9	62	-9999.9	3	16.3	4.0	187	3	1016.0	12.9	4.4	287
2025 12 22 21	0.5	0.47	3.1	3.0	4.8	0.94	-9999.9	3	194	-9999.9	50	-9999.9	3	16.2	4.0	195	3	1016.3	12.8	3.4	284
2025 12 22 22	0.42	0.39	3.9	3.9	7.3	0.63	-9999.9	3	148	-9999.9	59	-9999.9	3	16.2	3.0	352	3	1016.2	13.3	3.4	312
2025 12 22 23	0.3	0.29	3.4	3.3	4.8	0.44	-9999.9	3	143	-9999.9	64	-9999.9	3	16.4	11.0	47	3	1016.1	13.1	4.1	333
2025 12 23 00	0.28	0.27	3.2	3.3	3.9	0.43	-9999.9	3	129	-9999.9	66	-9999.9	3	16.3	-9999.9	-9999.9	3	1016.1	12.4	5.3	320
2025 12 23 01	0.28	0.25	3.3	3.2	5.8	0.56	-9999.9	3	185	-9999.9	51	-9999.9	3	16.3	14.0	159	3	1015.8	11.9	5.4	320
2025 12 23 02	0.31	0.29	2.9	3.0	3.9	0.67	-9999.9	3	198	-9999.9	57	-9999.9	3	16.1	-9999.9	-9999.9	3	1015.1	11.3	5.0	328
2025 12 23 03	0.31	0.29	3.4	3.4	6.3	0.46	-9999.9	3	177	-9999.9	53	-9999.9	3	16.5	17.0	101	3	1015.0	12.3	1.7	33
2025 12 23 04	0.44	0.41	3.6	3.6	5.2	0.67	-9999.9	3	200	-9999.9	51	-9999.9	3	16.3	11.0	104	3	1014.7	11.7	3.9	22
2025 12 23 05	0.43	0.4	3.5	3.5	6.2	0.64	-9999.9	3	195	-9999.9	43	-9999.9	3	16.2	15.0	90	3	1014.4	11.9	2.8	24
2025 12 23 06	0.52	0.49	3.4	3.3	5.1	0.76	-9999.9	3	201	-9999.9	44	-9999.9	3	16.2	16.0	250	3	1014.3	12.5	2.3	256
2025 12 23 07	0.43	0.41	3.0	2.9	3.7	0.67	-9999.9	3	203	-9999.9	50	-9999.9	3	16.2	12.0	287	3	1014.5	12.7	5.3	265
2025 12 23 08	0.39	0.36	2.6	2.6	2.5	0.77	-9999.9	3	223	-9999.9	58	-9999.9	3	16.2	14.0	343	3	1014.4	13.2	7.3	261
2025 12 23 09	0.33	0.29	2.9	3.1	9.4	0.71	-9999.9	3	157	-9999.9	54	-9999.9	3	16.1	-9999.9	-9999.9	3	1014.7	13.9	6.0	257
2025 12 23 10	0.47	0.45	2.3	2.3	2.2	0.93	-9999.9	3	203	-9999.9	53	-9999.9	3	16.3	26.0	89	3	1014.3	14.7	9.8	244
2025 12 23 11	0.54	0.51	2.5	2.6	2.9	0.85	-9999.9	3	186	-9999.9	46	-9999.9	3	16.4	-9999.9	-9999.9	3	1013.9	14.8	8.0	249
2025 12 23 12	0.56	0.53	2.5	2.6	2.9	1.01	-9999.9	3	199	-9999.9	52	-9999.9	3	16.5	-9999.9	-9999.9	3	1012.7	14.5	8.4	254
2025 12 23 13	0.65	0.62	2.5	2.6	2.8	0.99	-9999.9	3	215	-9999.9	50	-9999.9	3	16.5	-9999.9	-9999.9	3	1010.8	15.4	12.4	235
2025 12 23 14	0.89	0.86	3.1	3.1	3.5	1.46	-9999.9	3	209	-9999.9	42	-9999.9	3	16.5	42.0	33	3	1010.2	14.2	12.4	234
2025 12 23 15	0.73	0.68	2.9	2.9	3.4	1.09	-9999.9	3	205	-9999.9	46	-9999.9	3	16.4	24.0	90	3	1009.6	14.7	10.7	229
2025 12 23 16	0.91	0.86	3.2	3.2	3.9	1.7	-9999.9	3	207	-9999.9	33	-9999.9	3	16.4	37.0	75	3	1008.9	14.6	11.2	235
2025 12 23 17	0.71	0.67	3.0	3.0	3.4	1.1	-9999.9	3	192	-9999.9	46	-9999.9	3	16.3	8.0	132	3	1009.5	14.6	7.2	244
2025 12 23 18	0.57	0.55	3.6	3.4	5.4	0.85	-9999.9	3	192	-9999.9	53	-9999.9	3	16.3	6.0	69	3	1009.3	15.0	4.2	317
2025 12 23 19	0.46	0.42	3.8	3.8	6.0	0.9	-9999.9	3	191	-9999.9	55	-9999.9	3	16.3	3.0	132	3	1008.6	15.0	7.4	318
2025 12 23 20	0.74	0.7	4.1	4.1	5.5	1.16	-9999.9	3	203	-9999.9	43	-9999.9	3	15.9	21.0	248	3	1009.0	14.4	2.0	247
2025 12 23 21	0.75	0.72	4.1	4.1	5.5	1.28	-9999.9	3	203	-9999.9	51	-9999.9	3	15.8	19.0	250	3	1008.7	14.7	2.3	290
2025 12 23 22	0.78	0.75	3.9	3.8	6.1	1.34	-9999.9	3	207	-9999.9	45	-9999.9	3	15.8	9.0	250	3	1008.5	14.7	3.1	63
2025 12 23 23	0.42	0.39	3.4	3.4	5.3	0.68	-9999.9	3	214	-9999.9	61	-9999.9	3	15.8	7.0	186	3	1008.2	14.4	1.4	326
2025 12 24 00	0.38	0.36	3.7	3.7	5.3	0.74	-9999.9	3	199	-9999.9	49	-9999.9	3	15.8	11.0	270	3	1007.8	14.3	1.8	332
2025 12 24 01	0.31	0.29	3.5	3.5	5.9	0.53	-9999.9	3	160	-9999.9	59	-9999.9	3	15.9	14.0	213	3	1007.1	13.8	2.3	352
2025 12 24 02	0.32	0.29	2.9	2.9	5.8	0.51	-9999.9	3	170	-9999.9	64	-9999.9	3	16.2	17.0	68	3	1007.0	14.4	2.3	340
2025 12 24 03	0.26	0.24	2.9	2.8	5.3	0.4	-9999.9	3	179	-9999.9	66	-9999.9	3	16.2	-9999.9	-9999.9	3	1006.5	14.9	3.8	319
2025 12 24 04	0.31	0.3	3.5	3.5	4.3	0.53	-9999.9	3	166	-9999.9	61	-9999.9	3	16.1	-9999.9	-9999.9	3	1006.3	13.6	3.7	346
2025 12 24 05	0.31	0.29	3.9	3.8	5.3	0.51	-9999.9	3	161	-9999.9	54	-9999.9	3	16.2	-9999.9	-9999.9	3	1005.6	13.6	1.1	211
2025 12 24 06	0.41	0.39	3.8	3.7	5.7	0.68	-9999.9	3	186	-9999.9	48	-9999.9	3	16.0	13.0	135	3	1005.8	13.6	1.9	261
2025 12 24 07	0.4	0.37	3.6	3.5	5.9	0.66	-9999.9	3	193	-9999.9	50	-9999.9	3	15.6	17.0	245	3	1006.5	12.7	3.4	334
2025 12 24 08	0.32	0.29	2.8	2.8	4.2	0.46	-9999.9	3	176	-9999.9	56	-9999.9	3	15.7	24.0	207	3	1006.9	12.4	3.9	331
2025 12 24 09	0.31	0.28	2.7	2.7	6.8	0.48	-9999.9	3	158	-9999.9	62	-9999.9	3	15.7	6.0	210	3	1007.3	13.7	2.4	335
2025 12 24 10	0.23	0.21	3.0	3.2	6.3	0.34	-9999.9	3	168	-9999.9	68	-9999.9	3	16.0	-9999.9	-9999.9	3	1007.7	13.9	7.5	248
2025 12 24 11	0.33	0.3	2.4	2.4	2.5	0.54	-9999.9	3	176	-9999.9	64	-9999.9	3	16.3	-9999.9	-9999.9	3	1007.6	13.8	7.7	247
2025 12 24 12	0.42	0.39	2.2	2.3	2.1	0.64	-9999.9	3	205	-9999.9	54	-9999.9	3	16.3	-9999.9	-9999.9	3	1007.1	13.8	8.0	248
2025 12 24 13	0.4	0.38	2.2	2.2	2.1	0.59	-9999.9	3	223	-9999.9	53	-9999.9	3	16.3	-9999.9	-9999.9	3	1006.4	13.8	8.3	246
2025 12 24 14	0.41	0.37	2.2	2.2	2.1	0.6	-9999.9	3	198	-9999.9	58	-9999.9	3	16.3	-9999.9	-9999.9	3	1006.2	14.0	8.0	241
2025 12 24 15	0.41	0.37	2.8	2.7	5.1	0.71	-9999.9	3	190	-9999.9	58	-9999.9	3	16.3	-9999.9	-9999.9	3	1006.1	14.2	6.6	268
2025 12 24 16	0.36	0.33	2.6	2.6	5.0	0.56	-9999.9	3	196	-9999.9	56	-9999.9	3	16.2	-9999.9	-9999.9	3	1006.1	14.0	7.0	258
2025 12 24 17	0.41	0.37	2.8	2.9	5.6	0.63	-9999.9	3	203	-9999.9	47	-9999.9	3	16.2	15.0	131	3	1006.2	13.0	5.6	238
2025 12 24 18	0.45	0.4	3.0	3.0	6.5	0.72	-9999.9	3	193	-9999.9	46	-9999.9	3	15.9	16.0	131	3	1006.5	12.3	4.8	265
2025 12 24 19	0.36	0.32	3.3	3.4	7.0	0.62	-9999.9	3	182	-9999.9	56	-9999.9	3	15.8	10.0	184	3	1006.8	12.3	3.6	287
2025 12 24 20	0.39	0.35	2.9	2.8	4.9	0.63	-9999.9	3	212	-9999.9	46	-9999.9	3	15.7	16.0	178	3	1007.1	12.6	5.3	299
2025 12 24 21	0.38	0.35	3.7	3.6	5.6	0.59	-9999.9	3	207	-9999.9	46	-9999.9	3	15.7	23.0	234	3	1007.2	11.6	3.8	329
2025 12 24 22	0.44	0.41	4.0	4.0	6.0	0.69	-9999.9	3	211	-9999.9	37	-9999.9	3	15.7	23.0	230	3	1006.9	12.3	4.6	329
2025 12 24 23	0.41	0.38	3.3	3.3	6.7	0.7	-9999.9	3	207	-9999.9	43	-9999.9	3	15.7	23.0	226	3	1007.6	11.4	1.2	41
2025 12 25 00	0.31	0.29	2.9	2.9	4.6	0.44	-9999.9	3	195	-9999.9	59	-9999.9	3	15.7	9.0	275	3	1007.4	11.6	1.8	347
2025 12 25 01	0.23	0.21	2.9	2.8	4.2	0.39	-9999.9	3	142	-9999.9	67	-9999.9	3	15.9	6.0	335	3	1007.3	10.7	4.0	342
2025 12 25 02	0.21	0.2	3.0	2.9	5.3	0.39	-9999.9	3	89	-9999.9	58	-9999.9	3	15.8	6.0	70	3	1007.3	12.2	0.9	326
2025 12 25 03	0.23	0.21	3.5	3.4	5.3	0.32	-9999.9	3	111	-9999.9	67	-9999.9	3	15.8	7.0	55	3	1007.2	10.9	2.9	351
2025 12 25 04	0.22	0.21	3.6	3.7	5.1	0.36	-9999.9	3	81	-9999.9	57	-9999.9	3	16.0	43.0	75	3	1007.0	11.2	1.9	356
2025 12 25 05	0.25	0.24	4.2	4.2	4.8	0.45	-9999.9	3	85	-9999.9	54	-9999.9	3	15.9	50.0	78	3	1007.2	11.1	2.6	355
2025 12 25 06	0.35	0.33	3.2	3.1	4.4	0.6	-9999.9	3	164	-9999.9	53	-9999.9	3	15.7	34.0	94	3	1007.7	11.8	3.4	317
2025 12 25 07	0.36	0.33	3.1	3.2	5.9	0.64	-9999.9	3	160	-9999.9	54	-9999.9	3	15.8	12.0	95	3	1008.4	12.0	5.4	244
2025 12 25 08	0.35	0.33	3.1	3.0	5.6	0.62	-9999.9	3	181	-9999.9	50	-9999.9	3	15.7	24.0	235	3	1008.7	11.8	1.3	111
2025 12 25 09	0.46	0.43	3.1	3.0	3.2	0.71	-9999.9	3	203	-9999.9	47	-9999.9	3	15.6	15.0	229	3	1009.5	12.3	2.6	334
2025 12 25 10	0.3	0.28	2.7	2.5	2.4	0.52	-9999.9	3	196	-9999.9	59	-9999.9	3	15.8	5.0	105	3	1009.7	13.5	4.8	245
2025 12 25 11	0.33	0.29	2.6	2.7	6.4	0.56	-9999.9	3	128	-9999.9	57	-9999.9	3	15.8	-9999.9	-9999.9	3	1009.2	13.7	7.0	247
2025 12 25 12	0.44	0.4	2.3	2.3	2.0	0.65	-9999.9	3	200	-9999.9	50	-9999.9	3	15.8	24.0	108	3	1008.5	13.7	7.9	241
2025 12 25 13	0.32	0.29	2.5	2.6	7.4	0.46	-9999.9	3	160	-9999.9	59	-9999.9	3	16.2	-9999.9	-9999.9	3	1008.4	14.7	8.0	253
2025 12 25 14	0.47	0.45	2.4	2.4	2.3	0.71	-9999.9	3	203	-9999.9	50	-9999.9	3	16.2	-9999.9	-9999.9	3	1008.4	15.1	7.9	247
2025 12 25 15	0.48	0.45	2.4	2.4	2.2	0.87	-9999.9	3	208	-9999.9	59	-9999.9	3	16.2	-9999.9	-9999.9	3	1009.0	15.2	7.1	263
2025 12 25 16	0.55	0.51	2.9	2.8	3.0	0.9	-9999.9	3	202	-9999.9	59	-9999.9	3	16.2	-9999.9	-9999.9	3	1009.9	15.1	5.1	278
2025 12 25 17	0.4	0.37	2.6	2.6	2.7	0.66	-9999.9	3	197	-9999.9	66	-9999.9	3	16.1	16.0	158	3	1010.3	13.8	3.9	283
2025 12 25 18	0.38	0.35	3.0	3.0	6.1	0.61	-9999.9	3	177	-9999.9	60	-9999.9	3	16.0	22.0	151	3	1010.9	13.1	3.4	283
2025 12 25 19	0.36	0.32	3.6	3.5	8.9	0.5	-9999.9	3	170	-9999.9	55	-9999.9	3	15.6	25.0	200	3	1011.5	13.2	4.0	313
2025 12 25 20	0.34	0.32	3.3	3.2	5.5	0.53	-9999.9	3	143	-9999.9	59	-9999.9	3	15.5	22.0	216	3	1011.8	13.5	4.4	298
2025 12 25 21	0.33	0.31	3.6	3.5	5.1	0.52	-9999.9	3	193	-9999.9	50	-9999.9	3	15.4	19.0	221	3	1012.1	13.5	3.8	318
2025 12 25 22	0.42	0.39	3.7	3.5	7.2	0.79	-9999.9	3	172	-9999.9	57	-9999.9	3	15.4	19.0	237	3	1012.2	13.0	2.7	332
2025 12 25 23	0.45	0.42	3.3	3.3	3.4	0.74	-9999.9	3	207	-9999.9	47	-9999.9	3	15.5	19.0	222	3	1012.1	11.3	5.9	340
2025 12 26 00	0.48	0.45	3.1	3.2	5.3	0.83	-9999.9	3	195	-9999.9	45	-9999.9	3	15.5	15.0	232	3	1011.7	11.6	5.1	347
2025 12 26 01	0.36	0.33	2.6	2.5	2.4	0.53	-9999.9	3	190	-9999.9	59	-9999.9	3	15.4	4.0	133	3	1012.1	11.8	2.7	8
2025 12 26 02	0.42	0.4	2.6	2.6	3.0	0.74	-9999.9	3	199	-9999.9	57	-9999.9	3	15.4	9.0	23	3	1012.0	12.1	2.4	8
2025 12 26 03	0.62	0.59	2.7	2.8	3.3	0.98	-9999.9	3	226	-9999.9	42	-9999.9	3	15.7	-9999.9	-9999.9	3	1011.7	13.6	7.8	226
2025 12 26 04	0.66	0.62	2.7	2.8	3.5	1.04	-9999.9	3	221	-9999.9	44	-9999.9	3	15.8	15.0	59	3	1011.4	13.4	6.9	226
2025 12 26 05	0.48	0.45	2.5	2.6	2.8	0.9	-9999.9	3	201	-9999.9	57	-9999.9	3	16.2	-9999.9	-9999.9	3	1011.3	13.6	6.1	241
2025 12 26 06	0.45	0.42	2.8	2.8	3.1	0.65	-9999.9	3	174	-9999.9	60	-9999.9	3	16.3	-9999.9	-9999.9	3	1011.8	13.3	5.0	235
2025 12 26 07	0.42	0.4	2.7	2.7	2.8	0.66	-9999.9	3	197	-9999.9	58	-9999.9	3	16.2	-9999.9	-9999.9	3	1012.0	13.8	5.3	249
2025 12 26 08	0.39	0.37	2.8	2.8	2.9	0.66	-9999.9	3	191	-9999.9	55	-9999.9	3	16.3	22.0	104	3	1012.4	13.9	3.6	277
2025 12 26 09	0.47	0.43	3.2	3.2	8.6	0.66	-9999.9	3	173	-9999.9	49	-9999.9	3	16.1	9.0	100	3	1013.3	14.0	5.2	281
2025 12 26 10	0.37	0.35	2.8	2.8	2.9	0.67	-9999.9	3	207	-9999.9	56	-9999.9	3	15.6	8.0	182	3	1013.4	14.0	2.4	7
2025 12 26 11	0.36	0.32	2.6	2.8	6.6	0.65	-9999.9	3	35	-9999.9	60	-9999.9	3	15.7	-9999.9	-9999.9	3	1013.2	14.4	6.2	258
2025 12 26 12	0.36	0.33	3.5	3.5	7.6	0.59	-9999.9	3	117	-9999.9	53	-9999.9	3	15.9	-9999.9	-9999.9	3	1012.6	14.2	5.9	240
2025 12 26 13	0.39	0.36	2.4	2.5	2.1	0.65	-9999.9	3	205	-9999.9	50	-9999.9	3	15.8	10.0	103	3	1011.7	14.6	6.3	243
2025 12 26 14	0.35	0.33	2.5	2.4	2.2	0.57	-9999.9	3	210	-9999.9	47	-9999.9	3	15.9	13.0	167	3	1011.9	14.2	6.6	237
2025 12 26 15	0.45	0.43	2.5	2.5	2.4	0.76	-9999.9	3	207	-9999.9	42	-9999.9	3	15.8	10.0	180	3	1012.2	14.6	6.9	247
2025 12 26 16	0.42	0.37	2.7	2.9	7.5	0.81	-9999.9	3	176	-9999.9	46	-9999.9	3	15.7	15.0	116	3	1012.7	13.8	5.7	266
2025 12 26 17	0.26	0.24	2.6	2.6	2.7	0.43	-9999.9	3	192	-9999.9	61	-9999.9	3	15.6	23.0	183	3	1013.2	13.2	4.7	261
2025 12 26 18	0.37	0.34	3.6	3.7	6.9	0.83	-9999.9	3	155	-9999.9	56	-9999.9	3	15.5	20.0	203	3	1013.6	12.8	2.9	289
2025 12 26 19	0.37	0.34	3.8	3.9	7.3	0.57	-9999.9	3	173	-9999.9	50	-9999.9	3	15.5	16.0	219	3	1014.1	12.4	2.7	320
2025 12 26 20	0.34	0.33	3.6	3.5	5.7	0.52	-9999.9	3	123	-9999.9	67	-9999.9	3	15.9	14.0	143	3	1014.4	12.3	4.3	325
2025 12 26 21	0.31	0.29	3.7	3.6	4.6	0.49	-9999.9	3	74	-9999.9	61	-9999.9	3	16.1	-9999.9	-9999.9	3	1014.3	12.4	4.1	314
2025 12 26 22	0.41	0.38	3.6	3.6	8.5	0.66	-9999.9	3	136	-9999.9	51	-9999.9	3	16.0	-9999.9	-9999.9	3	1014.4	12.0	3.5	317
2025 12 26 23	0.34	0.32	3.4	3.4	4.7	0.56	-9999.9	3	179	-9999.9	58	-9999.9	3	15.9	13.0	185	3	1014.4	12.4	3.3	317
2025 12 27 00	0.34	0.32	3.3	3.2	4.8	0.53	-9999.9	3	195	-9999.9	52	-9999.9	3	15.7	13.0	223	3	1014.0	10.7	4.2	356
2025 12 27 01	0.35	0.34	3.0	2.9	3.4	0.59	-9999.9	3	170	-9999.9	58	-9999.9	3	15.6	1.0	207	3	1013.6	10.3	3.9	352
2025 12 27 02	0.26	0.24	2.9	2.9	5.0	0.43	-9999.9	3	143	-9999.9	68	-9999.9	3	15.6	15.0	69	3	1013.3	10.4	4.7	350
2025 12 27 03	0.26	0.24	3.0	3.0	7.0	0.43	-9999.9	3	91	-9999.9	52	-9999.9	3	15.6	21.0	44	3	1013.0	9.4	6.0	339
2025 12 27 04	0.27	0.25	2.7	2.7	3.0	0.5	-9999.9	3	93	-9999.9	56	-9999.9	3	15.6	9.0	85	3	1012.6	9.6	5.7	345
2025 12 27 05	0.27	0.24	3.1	3.2	7.0	0.4	-9999.9	3	136	-9999.9	63	-9999.9	3	15.6	10.0	125	3	1012.1	9.4	6.1	338
2025 12 27 06	0.31	0.29	3.2	3.2	4.8	0.56	-9999.9	3	113	-9999.9	53	-9999.9	3	16.1	-9999.9	-9999.9	3	1011.4	9.7	6.2	345
2025 12 27 07	0.25	0.23	3.2	3.2	5.8	0.42	-9999.9	3	82	-9999.9	57	-9999.9	3	16.3	-9999.9	-9999.9	3	1011.4	11.1	5.2	6
2025 12 27 08	0.23	0.22	3.2	3.1	6.1	0.45	-9999.9	3	84	-9999.9	57	-9999.9	3	16.1	-9999.9	-9999.9	3	1011.4	11.5	4.3	16
2025 12 27 09	0.83	0.79	3.4	3.4	4.2	1.54	-9999.9	3	118	-9999.9	34	-9999.9	3	16.0	18.0	26	3	1011.0	14.4	10.2	112
2025 12 27 10	1.1	1.07	3.7	3.6	4.7	1.86	-9999.9	3	115	-9999.9	37	-9999.9	3	15.9	7.0	301	3	1011.5	13.7	8.4	118
2025 12 27 11	1.05	0.99	3.9	3.9	5.2	1.62	-9999.9	3	106	-9999.9	36	-9999.9	3	15.9	-9999.9	-9999.9	3	1011.3	13.7	6.6	145
2025 12 27 12	1.21	1.18	4.9	5.0	5.8	2.02	-9999.9	3	91	-9999.9	35	-9999.9	3	16.5	-9999.9	-9999.9	3	1010.5	13.6	1.9	98
2025 12 27 13	1.22	1.2	5.1	5.0	6.3	1.76	-9999.9	3	77	-9999.9	39	-9999.9	3	16.6	-9999.9	-9999.9	3	1009.7	13.9	3.5	108
2025 12 27 14	1.06	1.03	4.9	4.7	6.1	2.11	-9999.9	3	90	-9999.9	38	-9999.9	3	16.6	11.0	105	3	1008.9	14.0	3.4	102
2025 12 27 15	1.34	1.29	5.2	5.1	6.4	1.94	-9999.9	3	98	-9999.9	31	-9999.9	3	16.6	11.0	118	3	1008.7	14.8	2.1	131
2025 12 27 16	1.2	1.2	5.6	5.3	6.6	1.8	-9999.9	3	94	-9999.9	33	-9999.9	3	16.5	14.0	99	3	1008.5	15.5	3.8	145
2025 12 27 17	1.18	1.16	5.5	5.3	7.0	1.74	-9999.9	3	100	-9999.9	37	-9999.9	3	16.4	16.0	92	3	1008.4	15.9	5.4	169
2025 12 27 18	1.34	1.28	5.1	5.0	7.1	1.89	-9999.9	3	102	-9999.9	39	-9999.9	3	16.5	14.0	52	3	1008.5	15.9	7.5	190
2025 12 27 19	1.44	1.39	4.9	4.7	7.3	2.44	-9999.9	3	110	-9999.9	39	-9999.9	3	16.2	17.0	110	3	1009.1	15.6	8.1	191
2025 12 27 20	1.36	1.29	4.4	4.3	7.3	2.19	-9999.9	3	119	-9999.9	43	-9999.9	3	16.1	8.0	82	3	1009.8	15.1	7.5	199
2025 12 27 21	1.43	1.37	5.0	4.9	7.1	2.19	-9999.9	3	112	-9999.9	40	-9999.9	3	16.2	-9999.9	-9999.9	3	1009.7	15.0	7.2	204
2025 12 27 22	1.34	1.3	4.9	4.8	7.3	2.27	-9999.9	3	114	-9999.9	45	-9999.9	3	16.3	-9999.9	-9999.9	3	1010.8	15.2	8.0	203
2025 12 27 23	1.47	1.36	4.3	4.3	7.1	2.2	-9999.9	3	137	-9999.9	39	-9999.9	3	16.2	17.0	50	3	1011.1	13.4	11.3	232
2025 12 28 00	1.28	1.21	4.3	4.4	7.2	1.92	-9999.9	3	125	-9999.9	47	-9999.9	3	16.1	13.0	115	3	1010.8	13.6	6.0	207
2025 12 28 01	1.25	1.19	4.4	4.5	6.8	2.19	-9999.9	3	116	-9999.9	42	-9999.9	3	16.0	5.0	148	3	1010.5	13.4	2.2	212
2025 12 28 02	0.96	0.91	4.8	5.0	7.2	1.91	-9999.9	3	98	-9999.9	40	-9999.9	3	15.9	7.0	23	3	1010.6	13.4	2.7	255
2025 12 28 03	0.87	0.81	3.6	3.6	6.5	1.53	-9999.9	3	123	-9999.9	47	-9999.9	3	16.2	-9999.9	-9999.9	3	1010.4	14.3	5.7	212
2025 12 28 04	0.92	0.84	3.5	3.6	6.7	1.64	-9999.9	3	139	-9999.9	49	-9999.9	3	16.4	-9999.9	-9999.9	3	1010.5	12.7	11.1	246
2025 12 28 05	0.94	0.9	4.5	4.4	7.0	1.51	-9999.9	3	125	-9999.9	40	-9999.9	3	16.3	13.0	116	3	1010.7	10.9	3.6	229
2025 12 28 06	0.84	0.8	4.6	4.6	6.9	1.32	-9999.9	3	119	-9999.9	43	-9999.9	3	16.2	10.0	120	3	1010.1	11.2	2.2	254
2025 12 28 07	0.82	0.78	5.1	4.9	7.1	1.23	-9999.9	3	111	-9999.9	49	-9999.9	3	16.1	9.0	98	3	1010.9	12.2	4.3	260
2025 12 28 08	0.85	0.8	4.3	4.1	6.9	1.46	-9999.9	3	111	-9999.9	48	-9999.9	3	16.1	6.0	101	3	1011.2	12.9	5.5	243
2025 12 28 09	0.94	0.9	4.4	4.5	7.0	1.55	-9999.9	3	113	-9999.9	46	-9999.9	3	16.0	7.0	131	3	1012.0	12.9	3.0	228
2025 12 28 10	0.85	0.8	4.3	4.3	6.9	1.31	-9999.9	3	130	-9999.9	57	-9999.9	3	16.1	11.0	108	3	1012.7	13.5	1.1	57
2025 12 28 11	0.9	0.85	4.4	4.4	7.2	1.59	-9999.9	3	158	-9999.9	54	-9999.9	3	16.1	7.0	84	3	1012.8	13.0	1.5	34
2025 12 28 12	0.77	0.72	4.0	3.8	6.3	1.17	-9999.9	3	128	-9999.9	54	-9999.9	3	16.0	7.0	90	3	1011.9	13.4	1.9	5
2025 12 28 13	0.69	0.66	4.5	4.5	6.5	1.0	-9999.9	3	96	-9999.9	51	-9999.9	3	16.0	13.0	52	3	1011.1	13.8	2.5	49
2025 12 28 14	0.73	0.7	4.6	4.5	6.3	1.22	-9999.9	3	90	-9999.9	48	-9999.9	3	16.3	-9999.9	-9999.9	3	1010.8	13.8	6.7	80
2025 12 28 15	0.71	0.66	3.9	3.8	6.1	1.36	-9999.9	3	102	-9999.9	50	-9999.9	3	16.3	8.0	78	3	1010.8	13.6	7.1	89
2025 12 28 16	0.72	0.67	4.0	3.9	6.3	1.04	-9999.9	3	110	-9999.9	45	-9999.9	3	16.3	10.0	88	3	1011.1	13.9	6.9	68
2025 12 28 17	0.7	0.64	4.0	3.9	6.3	1.29	-9999.9	3	112	-9999.9	42	-9999.9	3	16.3	10.0	93	3	1011.1	14.3	7.3	68
2025 12 28 18	0.78	0.73	3.8	3.7	6.0	1.17	-9999.9	3	97	-9999.9	44	-9999.9	3	16.5	31.0	84	3	1011.4	14.5	7.2	64
2025 12 28 19	0.81	0.73	3.5	3.5	6.2	1.19	-9999.9	3	108	-9999.9	45	-9999.9	3	16.0	-9999.9	-9999.9	3	1011.6	14.8	8.6	71
2025 12 28 20	0.83	0.78	3.6	3.5	6.2	1.58	-9999.9	3	100	-9999.9	48	-9999.9	3	16.1	10.0	303	3	1011.6	14.9	8.4	68
2025 12 28 21	0.91	0.85	4.1	4.0	5.8	1.5	-9999.9	3	100	-9999.9	41	-9999.9	3	16.4	20.0	30	3	1012.6	14.8	7.7	84
2025 12 28 22	0.87	0.82	3.9	3.9	5.8	1.2	-9999.9	3	116	-9999.9	47	-9999.9	3	16.4	21.0	69	3	1013.1	12.1	6.2	137
2025 12 28 23	0.77	0.74	3.9	3.7	4.1	1.2	-9999.9	3	100	-9999.9	45	-9999.9	3	16.2	9.0	95	3	1013.6	11.9	2.6	10
2025 12 29 00	0.68	0.65	4.0	3.9	4.8	1.18	-9999.9	3	112	-9999.9	46	-9999.9	3	16.2	11.0	84	3	1014.2	11.4	3.6	19
2025 12 29 01	0.67	0.63	3.9	3.9	5.4	0.99	-9999.9	3	114	-9999.9	44	-9999.9	3	16.1	11.0	254	3	1014.1	11.7	1.6	340
2025 12 29 02	0.53	0.5	3.7	3.8	4.7	1.01	-9999.9	3	100	-9999.9	44	-9999.9	3	16.1	2.0	301	3	1014.0	11.4	4.5	342
2025 12 29 03	0.63	0.6	3.9	3.9	5.2	1.18	-9999.9	3	103	-9999.9	40	-9999.9	3	16.0	7.0	295	3	1014.4	12.3	4.6	332
2025 12 29 04	0.5	0.48	3.6	3.5	4.9	0.76	-9999.9	3	100	-9999.9	49	-9999.9	3	16.0	16.0	277	3	1014.6	12.9	6.0	341
2025 12 29 05	0.54	0.51	3.5	3.5	4.9	0.82	-9999.9	3	88	-9999.9	44	-9999.9	3	16.1	16.0	313	3	1015.0	12.5	5.2	352
2025 12 29 06	0.6	0.56	3.5	3.5	4.1	0.99	-9999.9	3	84	-9999.9	45	-9999.9	3	16.1	9.0	328	3	1015.8	12.3	4.7	344
2025 12 29 07	0.59	0.54	3.5	3.5	4.8	0.87	-9999.9	3	89	-9999.9	42	-9999.9	3	16.0	7.0	240	3	1016.6	11.7	5.0	359
2025 12 29 08	0.61	0.58	3.6	3.6	5.0	1.04	-9999.9	3	78	-9999.9	39	-9999.9	3	16.1	10.0	301	3	1017.6	11.5	5.1	356
2025 12 29 09	0.62	0.58	3.8	3.8	5.7	0.9	-9999.9	3	85	-9999.9	41	-9999.9	3	16.1	6.0	258	3	1018.6	11.6	4.7	359
2025 12 29 10	0.59	0.57	4.3	4.2	5.9	1.01	-9999.9	3	86	-9999.9	44	-9999.9	3	16.1	7.0	3	3	1019.3	12.5	3.3	357
2025 12 29 11	0.55	0.52	4.4	4.4	5.8	0.97	-9999.9	3	79	-9999.9	47	-9999.9	3	16.5	18.0	51	3	1019.3	13.6	2.1	11
2025 12 29 12	0.62	0.59	4.5	4.4	5.5	0.95	-9999.9	3	113	-9999.9	47	-9999.9	3	16.6	7.0	99	3	1018.8	15.1	2.7	212
2025 12 29 13	0.61	0.57	3.6	3.6	7.0	1.08	-9999.9	3	140	-9999.9	54	-9999.9	3	16.4	12.0	133	3	1018.2	15.5	5.4	228
2025 12 29 14	0.51	0.46	3.0	3.1	5.6	0.94	-9999.9	3	131	-9999.9	56	-9999.9	3	16.4	-9999.9	-9999.9	3	1017.8	15.6	7.5	235
2025 12 29 15	0.51	0.47	3.3	3.2	7.4	0.8	-9999.9	3	118	-9999.9	56	-9999.9	3	16.5	-9999.9	-9999.9	3	1018.3	15.9	6.1	241
2025 12 29 16	0.48	0.43	3.1	3.1	8.0	0.84	-9999.9	3	148	-9999.9	51	-9999.9	3	16.4	12.0	147	3	1018.8	16.0	5.2	245
2025 12 29 17	0.41	0.37	3.4	3.4	6.1	0.68	-9999.9	3	112	-9999.9	51	-9999.9	3	16.5	8.0	104	3	1019.3	14.7	2.9	273
2025 12 29 18	0.43	0.4	4.0	4.0	6.6	0.72	-9999.9	3	129	-9999.9	52	-9999.9	3	16.3	5.0	120	3	1019.8	14.0	2.8	272
2025 12 29 19	0.38	0.35	4.4	4.4	9.1	0.67	-9999.9	3	139	-9999.9	42	-9999.9	3	16.3	18.0	269	3	1020.2	14.1	3.0	271
2025 12 29 20	0.42	0.39	3.7	3.6	7.0	0.93	-9999.9	3	112	-9999.9	57	-9999.9	3	16.2	21.0	245	3	1020.5	13.8	1.7	306
2025 12 29 21	0.35	0.32	3.2	3.2	8.1	0.63	-9999.9	3	119	-9999.9	61	-9999.9	3	16.2	12.0	245	3	1020.9	13.1	2.2	356
2025 12 29 22	0.4	0.36	3.8	3.8	8.1	0.63	-9999.9	3	110	-9999.9	52	-9999.9	3	16.2	8.0	30	3	1021.2	12.5	2.4	347
2025 12 29 23	0.31	0.29	3.9	3.7	8.1	0.48	-9999.9	3	100	-9999.9	59	-9999.9	3	16.2	14.0	54	3	1021.3	12.3	2.3	350
2025 12 30 00	0.3	0.29	4.3	4.2	7.4	0.44	-9999.9	3	142	-9999.9	59	-9999.9	3	16.3	21.0	97	3	1021.1	12.0	3.5	353
2025 12 30 01	0.38	0.36	4.4	4.3	6.6	0.67	-9999.9	3	179	-9999.9	51	-9999.9	3	16.3	9.0	120	3	1020.9	11.4	4.0	349
2025 12 30 02	0.29	0.27	3.5	3.5	6.6	0.47	-9999.9	3	175	-9999.9	63	-9999.9	3	16.3	5.0	235	3	1020.9	11.6	4.5	341
2025 12 30 03	0.31	0.29	3.2	3.1	5.8	0.49	-9999.9	3	145	-9999.9	60	-9999.9	3	16.2	9.0	148	3	1021.1	11.7	4.7	348
2025 12 30 04	0.25	0.24	3.4	3.3	7.7	0.43	-9999.9	3	129	-9999.9	60	-9999.9	3	16.1	4.0	48	3	1020.7	11.5	4.1	348
2025 12 30 05	0.24	0.21	3.1	3.1	6.7	0.38	-9999.9	3	140	-9999.9	60	-9999.9	3	16.1	9.0	252	3	1020.7	11.8	3.2	347
2025 12 30 06	0.34	0.31	3.4	3.3	6.4	0.66	-9999.9	3	133	-9999.9	53	-9999.9	3	16.1	8.0	250	3	1020.6	11.1	4.4	350
2025 12 30 07	0.25	0.23	3.0	3.0	7.6	0.36	-9999.9	3	68	-9999.9	60	-9999.9	3	16.2	4.0	283	3	1020.9	11.0	4.0	346
2025 12 30 08	0.33	0.31	3.3	3.2	5.7	0.66	-9999.9	3	59	-9999.9	54	-9999.9	3	16.2	7.0	261	3	1021.5	11.0	4.1	353
2025 12 30 09	0.39	0.37	3.6	3.8	7.3	0.85	-9999.9	3	131	-9999.9	51	-9999.9	3	16.2	6.0	260	3	1022.0	11.3	3.8	5
2025 12 30 10	0.32	0.29	3.4	3.4	6.6	0.57	-9999.9	3	81	-9999.9	62	-9999.9	3	16.3	3.0	319	3	1022.4	11.5	3.6	355
2025 12 30 11	0.3	0.29	3.5	3.5	6.4	0.63	-9999.9	3	76	-9999.9	62	-9999.9	3	16.3	9.0	63	3	1022.0	12.9	3.0	8
2025 12 30 12	0.36	0.34	4.3	4.2	7.3	0.64	-9999.9	3	120	-9999.9	55	-9999.9	3	16.4	19.0	42	3	1020.9	14.2	1.2	13
2025 12 30 13	0.29	0.28	3.8	3.6	6.4	0.55	-9999.9	3	190	-9999.9	60	-9999.9	3	16.4	10.0	97	3	1019.9	14.9	1.4	1
2025 12 30 14	0.31	0.29	3.5	3.5	5.7	0.45	-9999.9	3	177	-9999.9	57	-9999.9	3	16.5	6.0	232	3	1019.6	15.4	0.7	95
2025 12 30 15	0.37	0.34	2.8	2.9	4.9	0.62	-9999.9	3	170	-9999.9	57	-9999.9	3	16.2	14.0	151	3	1019.6	15.8	2.5	270
2025 12 30 16	0.28	0.26	3.5	3.5	7.5	0.49	-9999.9	3	105	-9999.9	59	-9999.9	3	16.2	-9999.9	-9999.9	3	1019.8	15.9	4.0	274
2025 12 30 17	0.29	0.27	3.6	3.4	7.3	0.49	-9999.9	3	86	-9999.9	57	-9999.9	3	16.3	4.0	23	3	1020.1	15.5	3.4	293
2025 12 30 18	0.34	0.32	3.4	3.2	6.3	0.59	-9999.9	3	105	-9999.9	60	-9999.9	3	16.5	9.0	109	3	1020.2	14.9	2.6	299
2025 12 30 19	0.38	0.36	4.0	4.0	7.1	0.61	-9999.9	3	117	-9999.9	52	-9999.9	3	16.4	6.0	44	3	1020.3	14.9	2.6	312
2025 12 30 20	0.27	0.25	3.7	3.6	6.8	0.42	-9999.9	3	98	-9999.9	63	-9999.9	3	16.4	5.0	27	3	1020.4	14.8	2.4	309
2025 12 30 21	0.32	0.31	3.5	3.4	4.2	0.51	-9999.9	3	74	-9999.9	52	-9999.9	3	16.4	11.0	98	3	1020.5	14.5	2.2	302
2025 12 30 22	0.33	0.31	4.5	4.3	7.5	0.55	-9999.9	3	99	-9999.9	44	-9999.9	3	16.4	6.0	114	3	1020.4	14.7	2.6	276
2025 12 30 23	0.24	0.22	3.5	3.6	6.8	0.43	-9999.9	3	137	-9999.9	57	-9999.9	3	16.3	11.0	106	3	1020.2	13.5	3.4	5
2025 12 31 00	0.26	0.24	3.3	3.4	5.3	0.42	-9999.9	3	102	-9999.9	65	-9999.9	3	16.7	14.0	75	3	1020.1	12.5	4.3	6
2025 12 31 01	0.38	0.35	2.6	2.7	5.1	0.54	-9999.9	3	191	-9999.9	49	-9999.9	3	16.4	14.0	104	3	1019.3	15.0	6.5	246
2025 12 31 02	0.45	0.43	2.8	2.7	3.0	0.83	-9999.9	3	206	-9999.9	39	-9999.9	3	16.3	12.0	149	3	1019.0	14.3	7.5	247
2025 12 31 03	0.46	0.44	2.6	2.6	3.2	0.97	-9999.9	3	188	-9999.9	47	-9999.9	3	16.1	3.0	178	3	1018.7	14.4	5.4	234
2025 12 31 04	0.34	0.32	2.5	2.5	2.4	0.61	-9999.9	3	178	-9999.9	57	-9999.9	3	16.3	-9999.9	-9999.9	3	1018.4	14.3	3.3	290
2025 12 31 05	0.31	0.3	2.5	2.5	2.7	0.55	-9999.9	3	172	-9999.9	62	-9999.9	3	16.4	18.0	61	3	1018.2	12.5	3.8	358
2025 12 31 06	0.22	0.21	2.8	2.8	3.4	0.37	-9999.9	3	163	-9999.9	58	-9999.9	3	16.4	13.0	236	3	1017.9	12.6	4.5	350
2025 12 31 07	0.23	0.21	2.9	2.8	5.5	0.34	-9999.9	3	152	-9999.9	59	-9999.9	3	16.1	22.0	219	3	1018.1	12.2	5.5	349
2025 12 31 08	0.26	0.24	3.1	3.1	4.3	0.51	-9999.9	3	115	-9999.9	59	-9999.9	3	16.1	11.0	234	3	1018.3	12.4	4.8	344
2025 12 31 09	0.3	0.27	4.0	4.2	7.6	0.52	-9999.9	3	120	-9999.9	41	-9999.9	3	16.1	13.0	258	3	1018.9	13.0	4.0	341
2025 12 31 10	0.24	0.23	3.1	3.1	5.9	0.44	-9999.9	3	103	-9999.9	56	-9999.9	3	16.1	13.0	222	3	1019.1	13.2	3.0	355
2025 12 31 11	0.29	0.27	3.6	3.7	6.8	0.52	-9999.9	3	108	-9999.9	61	-9999.9	3	15.9	5.0	139	3	1018.7	13.4	3.0	351
2025 12 31 12	0.25	0.24	3.8	3.6	6.3	0.4	-9999.9	3	107	-9999.9	62	-9999.9	3	16.5	22.0	65	3	1018.0	14.2	1.0	8
2025 12 31 13	0.31	0.3	3.7	3.8	5.9	0.63	-9999.9	3	44	-9999.9	45	-9999.9	3	16.6	13.0	81	3	1017.2	13.9	1.1	209
2025 12 31 14	0.27	0.26	3.3	3.2	3.9	0.67	-9999.9	3	162	-9999.9	58	-9999.9	3	16.5	6.0	93	3	1016.9	13.3	1.9	28
2025 12 31 15	0.29	0.26	3.1	3.2	6.1	0.63	-9999.9	3	187	-9999.9	59	-9999.9	3	16.3	12.0	252	3	1016.8	13.2	1.9	61
2025 12 31 16	0.38	0.35	2.7	2.7	2.7	0.63	-9999.9	3	174	-9999.9	56	-9999.9	3	16.1	6.0	223	3	1017.1	13.3	2.8	155
2025 12 31 17	0.26	0.25	2.7	2.7	3.2	0.42	-9999.9	3	119	-9999.9	60	-9999.9	3	16.2	13.0	58	3	1017.1	13.5	2.9	140
2025 12 31 18	0.32	0.29	3.1	3.0	6.1	0.58	-9999.9	3	122	-9999.9	58	-9999.9	3	16.8	21.0	48	3	1017.3	13.8	4.8	153
2025 12 31 19	0.41	0.38	3.0	3.0	6.4	0.64	-9999.9	3	168	-9999.9	46	-9999.9	3	16.6	7.0	247	3	1017.6	13.6	5.1	145
2025 12 31 20	0.4	0.37	2.9	2.9	5.1	0.62	-9999.9	3	153	-9999.9	45	-9999.9	3	16.5	3.0	329	3	1017.9	13.5	4.1	129
2025 12 31 21	0.34	0.31	2.6	2.7	3.3	0.48	-9999.9	3	136	-9999.9	50	-9999.9	3	16.4	9.0	337	3	1018.2	13.7	4.2	108
2025 12 31 22	0.37	0.34	2.7	2.6	2.8	0.57	-9999.9	3	133	-9999.9	47	-9999.9	3	16.4	5.0	187	3	1018.4	13.6	5.0	127
2025 12 31 23	0.35	0.32	2.8	2.8	4.9	0.53	-9999.9	3	146	-9999.9	44	-9999.9	3	16.3	3.0	165	3	1018.2	13.6	3.8	113
2026 01 01 00	0.37	0.34	3.2	3.2	4.1	0.66	-9999.9	3	129	-9999.9	45	-9999.9	3	16.8	32.0	76	3	1017.5	13.8	5.6	84
2026 01 01 01	0.43	0.41	3.1	3.1	3.6	0.68	-9999.9	3	120	-9999.9	43	-9999.9	3	16.7	13.0	32	3	1017.1	13.8	5.9	111
2026 01 01 02	0.52	0.5	3.2	3.2	3.9	0.87	-9999.9	3	112	-9999.9	41	-9999.9	3	16.7	10.0	98	3	1016.8	14.1	5.4	96
2026 01 01 03	0.61	0.59	3.3	3.1	4.1	0.9	-9999.9	3	122	-9999.9	42	-9999.9	3	16.6	-9999.9	-9999.9	3	1017.0	14.0	6.3	93
2026 01 01 04	0.59	0.56	2.9	2.9	4.1	0.98	-9999.9	3	108	-9999.9	44	-9999.9	3	16.4	-9999.9	-9999.9	3	1016.3	13.8	7.0	82
2026 01 01 05	0.53	0.51	3.6	3.6	4.7	0.85	-9999.9	3	82	-9999.9	43	-9999.9	3	16.8	-9999.9	-9999.9	3	1016.3	13.9	6.4	79
2026 01 01 06	0.68	0.64	3.3	3.3	4.6	1.19	-9999.9	3	79	-9999.9	41	-9999.9	3	16.7	18.0	79	3	1016.2	14.1	7.4	76
2026 01 01 07	0.71	0.67	3.2	3.2	4.4	1.09	-9999.9	3	99	-9999.9	39	-9999.9	3	16.5	-9999.9	-9999.9	3	1016.4	14.8	8.1	85
2026 01 01 08	0.71	0.67	3.1	3.1	5.0	1.09	-9999.9	3	108	-9999.9	41	-9999.9	3	16.4	-9999.9	-9999.9	3	1016.5	14.9	8.5	80
2026 01 01 09	0.77	0.73	3.3	3.2	5.0	1.15	-9999.9	3	103	-9999.9	41	-9999.9	3	16.3	-9999.9	-9999.9	3	1016.8	15.1	8.5	85
2026 01 01 10	0.86	0.82	3.5	3.5	5.1	1.37	-9999.9	3	111	-9999.9	37	-9999.9	3	16.1	-9999.9	-9999.9	3	1017.3	14.9	8.5	75
2026 01 01 11	0.95	0.88	3.6	3.6	5.0	1.66	-9999.9	3	110	-9999.9	41	-9999.9	3	16.0	-9999.9	-9999.9	3	1016.9	15.1	7.6	77
2026 01 01 12	0.88	0.84	3.5	3.4	5.0	1.3	-9999.9	3	108	-9999.9	42	-9999.9	3	16.0	-9999.9	-9999.9	3	1015.9	15.4	7.2	98
2026 01 01 13	0.82	0.79	3.5	3.4	5.0	1.3	-9999.9	3	93	-9999.9	42	-9999.9	3	16.1	11.0	32	3	1014.9	15.5	7.6	96
2026 01 01 14	0.88	0.84	3.6	3.6	5.0	1.3	-9999.9	3	91	-9999.9	36	-9999.9	3	16.7	39.0	40	3	1014.5	15.6	8.0	102
2026 01 01 15	-9999.9	-9999.9	-9999.9	-9999.9	-9999.9	-9999.9	-9999.9	3	-9999.9	-9999.9	-9999.9	-9999.9	3	16.6	16.0	30	3	1014.7	15.8	7.3	105
2026 01 01 16	0.86	0.82	3.5	3.5	5.1	1.31	-9999.9	3	107	-9999.9	45	-9999.9	3	16.5	3.0	337	3	1014.3	15.9	7.3	97
2026 01 01 17	0.9	0.85	3.5	3.5	5.0	1.52	-9999.9	3	118	-9999.9	46	-9999.9	3	16.5	13.0	239	3	1014.2	15.8	7.9	106
2026 01 01 18	0.91	0.86	3.5	3.5	5.0	1.38	-9999.9	3	113	-9999.9	42	-9999.9	3	16.3	-9999.9	-9999.9	3	1014.5	15.8	7.8	101
2026 01 01 19	0.93	0.88	3.5	3.5	4.9	1.48	-9999.9	3	113	-9999.9	39	-9999.9	3	16.1	-9999.9	-9999.9	3	1014.7	15.8	7.4	97
2026 01 01 20	0.89	0.85	3.3	3.3	4.9	1.28	-9999.9	3	98	-9999.9	42	-9999.9	3	16.1	-9999.9	-9999.9	3	1014.3	15.8	7.4	93
2026 01 01 21	0.84	0.8	3.3	3.3	4.9	1.37	-9999.9	3	94	-9999.9	40	-9999.9	3	16.1	-9999.9	-9999.9	3	1014.5	15.8	7.9	89
2026 01 01 22	0.91	0.86	3.4	3.4	4.8	1.4	-9999.9	3	96	-9999.9	40	-9999.9	3	16.2	13.0	303	3	1014.4	15.7	8.1	89
2026 01 01 23	0.79	0.74	3.2	3.2	4.1	1.2	-9999.9	3	93	-9999.9	38	-9999.9	3	16.2	5.0	350	3	1014.1	15.7	8.4	84
